Toss,Heads,Tails,HeadProbability,TailProbability
1,0,1,0.0,1.0
2,0,2,0.0,1.0
3,0,3,0.0,1.0
4,1,3,0.25,0.75
5,1,4,0.2,0.8
6,2,4,0.3333333333333333,0.6666666666666666
7,3,4,0.42857142857142855,0.5714285714285714
8,4,4,0.5,0.5
9,4,5,0.4444444444444444,0.5555555555555556
10,5,5,0.5,0.5
11,6,5,0.5454545454545454,0.45454545454545453
12,6,6,0.5,0.5
13,6,7,0.46153846153846156,0.5384615384615384
14,6,8,0.42857142857142855,0.5714285714285714
15,7,8,0.4666666666666667,0.5333333333333333
16,8,8,0.5,0.5
17,8,9,0.47058823529411764,0.5294117647058824
18,9,9,0.5,0.5
19,10,9,0.5263157894736842,0.47368421052631576
20,11,9,0.55,0.45
21,12,9,0.5714285714285714,0.42857142857142855
22,12,10,0.5454545454545454,0.45454545454545453
23,13,10,0.5652173913043478,0.43478260869565216
24,14,10,0.5833333333333334,0.4166666666666667
25,14,11,0.56,0.44
26,14,12,0.5384615384615384,0.46153846153846156
27,14,13,0.5185185185185185,0.48148148148148145
28,14,14,0.5,0.5
29,14,15,0.4827586206896552,0.5172413793103449
30,14,16,0.4666666666666667,0.5333333333333333
31,15,16,0.4838709677419355,0.5161290322580645
32,16,16,0.5,0.5
33,16,17,0.48484848484848486,0.5151515151515151
34,16,18,0.47058823529411764,0.5294117647058824
35,17,18,0.4857142857142857,0.5142857142857142
36,18,18,0.5,0.5
37,18,19,0.4864864864864865,0.5135135135135135
38,19,19,0.5,0.5
39,20,19,0.5128205128205128,0.48717948717948717
40,21,19,0.525,0.475
41,21,20,0.5121951219512195,0.4878048780487805
42,21,21,0.5,0.5
43,21,22,0.4883720930232558,0.5116279069767442
44,22,22,0.5,0.5
45,22,23,0.4888888888888889,0.5111111111111111
46,23,23,0.5,0.5
47,23,24,0.48936170212765956,0.5106382978723404
48,23,25,0.4791666666666667,0.5208333333333334
49,23,26,0.46938775510204084,0.5306122448979592
50,23,27,0.46,0.54
51,24,27,0.47058823529411764,0.5294117647058824
52,24,28,0.46153846153846156,0.5384615384615384
53,25,28,0.4716981132075472,0.5283018867924528
54,25,29,0.46296296296296297,0.5370370370370371
55,25,30,0.45454545454545453,0.5454545454545454
56,26,30,0.4642857142857143,0.5357142857142857
57,27,30,0.47368421052631576,0.5263157894736842
58,27,31,0.46551724137931033,0.5344827586206896
59,28,31,0.4745762711864407,0.5254237288135594
60,28,32,0.4666666666666667,0.5333333333333333
61,28,33,0.45901639344262296,0.5409836065573771
62,28,34,0.45161290322580644,0.5483870967741935
63,28,35,0.4444444444444444,0.5555555555555556
64,29,35,0.453125,0.546875
65,29,36,0.4461538461538462,0.5538461538461539
66,30,36,0.45454545454545453,0.5454545454545454
67,30,37,0.44776119402985076,0.5522388059701493
68,30,38,0.4411764705882353,0.5588235294117647
69,31,38,0.4492753623188406,0.5507246376811594
70,31,39,0.44285714285714284,0.5571428571428572
71,31,40,0.43661971830985913,0.5633802816901409
72,32,40,0.4444444444444444,0.5555555555555556
73,33,40,0.4520547945205479,0.547945205479452
74,34,40,0.4594594594594595,0.5405405405405406
75,35,40,0.4666666666666667,0.5333333333333333
76,36,40,0.47368421052631576,0.5263157894736842
77,37,40,0.4805194805194805,0.5194805194805194
78,37,41,0.47435897435897434,0.5256410256410257
79,37,42,0.46835443037974683,0.5316455696202531
80,37,43,0.4625,0.5375
81,38,43,0.4691358024691358,0.5308641975308642
82,38,44,0.4634146341463415,0.5365853658536586
83,39,44,0.46987951807228917,0.5301204819277109
84,39,45,0.4642857142857143,0.5357142857142857
85,40,45,0.47058823529411764,0.5294117647058824
86,41,45,0.47674418604651164,0.5232558139534884
87,41,46,0.47126436781609193,0.5287356321839081
88,41,47,0.4659090909090909,0.5340909090909091
89,42,47,0.47191011235955055,0.5280898876404494
90,42,48,0.4666666666666667,0.5333333333333333
91,42,49,0.46153846153846156,0.5384615384615384
92,43,49,0.4673913043478261,0.532608695652174
93,44,49,0.4731182795698925,0.5268817204301075
94,45,49,0.4787234042553192,0.5212765957446809
95,45,50,0.47368421052631576,0.5263157894736842
96,46,50,0.4791666666666667,0.5208333333333334
97,47,50,0.4845360824742268,0.5154639175257731
98,47,51,0.47959183673469385,0.5204081632653061
99,48,51,0.48484848484848486,0.5151515151515151
100,49,51,0.49,0.51
101,50,51,0.49504950495049505,0.504950495049505
102,51,51,0.5,0.5
103,52,51,0.5048543689320388,0.49514563106796117
104,53,51,0.5096153846153846,0.49038461538461536
105,53,52,0.5047619047619047,0.49523809523809526
106,53,53,0.5,0.5
107,54,53,0.5046728971962616,0.4953271028037383
108,55,53,0.5092592592592593,0.49074074074074076
109,56,53,0.5137614678899083,0.48623853211009177
110,57,53,0.5181818181818182,0.4818181818181818
111,57,54,0.5135135135135135,0.4864864864864865
112,57,55,0.5089285714285714,0.49107142857142855
113,57,56,0.504424778761062,0.49557522123893805
114,58,56,0.5087719298245614,0.49122807017543857
115,58,57,0.5043478260869565,0.4956521739130435
116,59,57,0.5086206896551724,0.49137931034482757
117,60,57,0.5128205128205128,0.48717948717948717
118,60,58,0.5084745762711864,0.4915254237288136
119,61,58,0.5126050420168067,0.48739495798319327
120,61,59,0.5083333333333333,0.49166666666666664
121,61,60,0.5041322314049587,0.49586776859504134
122,62,60,0.5081967213114754,0.4918032786885246
123,63,60,0.5121951219512195,0.4878048780487805
124,63,61,0.5080645161290323,0.49193548387096775
125,63,62,0.504,0.496
126,64,62,0.5079365079365079,0.49206349206349204
127,65,62,0.5118110236220472,0.4881889763779528
128,66,62,0.515625,0.484375
129,67,62,0.5193798449612403,0.4806201550387597
130,67,63,0.5153846153846153,0.4846153846153846
131,67,64,0.5114503816793893,0.48854961832061067
132,67,65,0.5075757575757576,0.49242424242424243
133,68,65,0.5112781954887218,0.48872180451127817
134,68,66,0.5074626865671642,0.4925373134328358
135,69,66,0.5111111111111111,0.4888888888888889
136,70,66,0.5147058823529411,0.4852941176470588
137,70,67,0.5109489051094891,0.48905109489051096
138,71,67,0.5144927536231884,0.4855072463768116
139,71,68,0.5107913669064749,0.4892086330935252
140,72,68,0.5142857142857142,0.4857142857142857
141,72,69,0.5106382978723404,0.48936170212765956
142,73,69,0.5140845070422535,0.4859154929577465
143,73,70,0.5104895104895105,0.48951048951048953
144,73,71,0.5069444444444444,0.4930555555555556
145,74,71,0.5103448275862069,0.4896551724137931
146,75,71,0.5136986301369864,0.4863013698630137
147,75,72,0.5102040816326531,0.4897959183673469
148,76,72,0.5135135135135135,0.4864864864864865
149,77,72,0.5167785234899329,0.48322147651006714
150,78,72,0.52,0.48
151,79,72,0.5231788079470199,0.4768211920529801
152,79,73,0.5197368421052632,0.48026315789473684
153,80,73,0.5228758169934641,0.477124183006536
154,81,73,0.525974025974026,0.474025974025974
155,82,73,0.5290322580645161,0.47096774193548385
156,83,73,0.532051282051282,0.46794871794871795
157,83,74,0.5286624203821656,0.4713375796178344
158,84,74,0.5316455696202531,0.46835443037974683
159,84,75,0.5283018867924528,0.4716981132075472
160,84,76,0.525,0.475
161,85,76,0.5279503105590062,0.4720496894409938
162,85,77,0.5246913580246914,0.47530864197530864
163,85,78,0.5214723926380368,0.4785276073619632
164,86,78,0.524390243902439,0.47560975609756095
165,87,78,0.5272727272727272,0.4727272727272727
166,88,78,0.5301204819277109,0.46987951807228917
167,88,79,0.5269461077844312,0.47305389221556887
168,89,79,0.5297619047619048,0.47023809523809523
169,90,79,0.5325443786982249,0.46745562130177515
170,90,80,0.5294117647058824,0.47058823529411764
171,90,81,0.5263157894736842,0.47368421052631576
172,91,81,0.5290697674418605,0.47093023255813954
173,92,81,0.5317919075144508,0.4682080924855491
174,93,81,0.5344827586206896,0.46551724137931033
175,93,82,0.5314285714285715,0.4685714285714286
176,93,83,0.5284090909090909,0.4715909090909091
177,94,83,0.5310734463276836,0.4689265536723164
178,95,83,0.5337078651685393,0.46629213483146065
179,96,83,0.5363128491620112,0.46368715083798884
180,96,84,0.5333333333333333,0.4666666666666667
181,96,85,0.5303867403314917,0.4696132596685083
182,96,86,0.5274725274725275,0.4725274725274725
183,97,86,0.5300546448087432,0.46994535519125685
184,97,87,0.5271739130434783,0.47282608695652173
185,97,88,0.5243243243243243,0.4756756756756757
186,97,89,0.521505376344086,0.478494623655914
187,98,89,0.5240641711229946,0.47593582887700536
188,98,90,0.5212765957446809,0.4787234042553192
189,98,91,0.5185185185185185,0.48148148148148145
190,99,91,0.5210526315789473,0.4789473684210526
191,100,91,0.5235602094240838,0.47643979057591623
192,101,91,0.5260416666666666,0.4739583333333333
193,102,91,0.5284974093264249,0.47150259067357514
194,102,92,0.5257731958762887,0.4742268041237113
195,103,92,0.5282051282051282,0.4717948717948718
196,104,92,0.5306122448979592,0.46938775510204084
197,105,92,0.5329949238578681,0.467005076142132
198,105,93,0.5303030303030303,0.4696969696969697
199,106,93,0.5326633165829145,0.46733668341708545
200,107,93,0.535,0.465
201,107,94,0.5323383084577115,0.46766169154228854
202,108,94,0.5346534653465347,0.46534653465346537
203,108,95,0.5320197044334976,0.46798029556650245
204,109,95,0.5343137254901961,0.46568627450980393
205,110,95,0.5365853658536586,0.4634146341463415
206,111,95,0.5388349514563107,0.46116504854368934
207,111,96,0.5362318840579711,0.463768115942029
208,112,96,0.5384615384615384,0.46153846153846156
209,112,97,0.5358851674641149,0.46411483253588515
210,112,98,0.5333333333333333,0.4666666666666667
211,113,98,0.5355450236966824,0.46445497630331756
212,114,98,0.5377358490566038,0.46226415094339623
213,114,99,0.5352112676056338,0.4647887323943662
214,114,100,0.5327102803738317,0.4672897196261682
215,115,100,0.5348837209302325,0.46511627906976744
216,116,100,0.5370370370370371,0.46296296296296297
217,117,100,0.5391705069124424,0.4608294930875576
218,117,101,0.536697247706422,0.463302752293578
219,118,101,0.5388127853881278,0.4611872146118721
220,118,102,0.5363636363636364,0.4636363636363636
221,118,103,0.5339366515837104,0.4660633484162896
222,118,104,0.5315315315315315,0.46846846846846846
223,118,105,0.5291479820627802,0.47085201793721976
224,118,106,0.5267857142857143,0.4732142857142857
225,119,106,0.5288888888888889,0.4711111111111111
226,120,106,0.5309734513274337,0.4690265486725664
227,120,107,0.5286343612334802,0.4713656387665198
228,121,107,0.5307017543859649,0.4692982456140351
229,121,108,0.5283842794759825,0.47161572052401746
230,121,109,0.5260869565217391,0.47391304347826085
231,121,110,0.5238095238095238,0.47619047619047616
232,122,110,0.5258620689655172,0.47413793103448276
233,122,111,0.5236051502145923,0.47639484978540775
234,123,111,0.5256410256410257,0.47435897435897434
235,123,112,0.5234042553191489,0.4765957446808511
236,124,112,0.5254237288135594,0.4745762711864407
237,124,113,0.5232067510548524,0.4767932489451477
238,124,114,0.5210084033613446,0.4789915966386555
239,125,114,0.5230125523012552,0.4769874476987448
240,126,114,0.525,0.475
241,127,114,0.5269709543568465,0.4730290456431535
242,128,114,0.5289256198347108,0.47107438016528924
243,129,114,0.5308641975308642,0.4691358024691358
244,130,114,0.5327868852459017,0.4672131147540984
245,130,115,0.5306122448979592,0.46938775510204084
246,130,116,0.5284552845528455,0.4715447154471545
247,130,117,0.5263157894736842,0.47368421052631576
248,130,118,0.5241935483870968,0.47580645161290325
249,131,118,0.5261044176706827,0.4738955823293173
250,132,118,0.528,0.472
251,132,119,0.5258964143426295,0.47410358565737054
252,132,120,0.5238095238095238,0.47619047619047616
253,133,120,0.525691699604743,0.4743083003952569
254,134,120,0.5275590551181102,0.47244094488188976
255,135,120,0.5294117647058824,0.47058823529411764
256,135,121,0.52734375,0.47265625
257,135,122,0.5252918287937743,0.47470817120622566
258,136,122,0.5271317829457365,0.4728682170542636
259,137,122,0.528957528957529,0.47104247104247104
260,138,122,0.5307692307692308,0.46923076923076923
261,139,122,0.5325670498084292,0.4674329501915709
262,139,123,0.5305343511450382,0.46946564885496184
263,140,123,0.532319391634981,0.467680608365019
264,140,124,0.5303030303030303,0.4696969696969697
265,141,124,0.5320754716981132,0.4679245283018868
266,141,125,0.5300751879699248,0.4699248120300752
267,142,125,0.5318352059925093,0.4681647940074906
268,143,125,0.5335820895522388,0.4664179104477612
269,143,126,0.5315985130111525,0.4684014869888476
270,144,126,0.5333333333333333,0.4666666666666667
271,145,126,0.5350553505535055,0.46494464944649444
272,146,126,0.5367647058823529,0.4632352941176471
273,146,127,0.5347985347985348,0.4652014652014652
274,147,127,0.5364963503649635,0.4635036496350365
275,148,127,0.5381818181818182,0.4618181818181818
276,148,128,0.5362318840579711,0.463768115942029
277,149,128,0.5379061371841155,0.4620938628158845
278,149,129,0.5359712230215827,0.46402877697841727
279,150,129,0.5376344086021505,0.46236559139784944
280,151,129,0.5392857142857143,0.4607142857142857
281,151,130,0.5373665480427047,0.4626334519572954
282,151,131,0.5354609929078015,0.4645390070921986
283,151,132,0.5335689045936396,0.4664310954063604
284,152,132,0.5352112676056338,0.4647887323943662
285,152,133,0.5333333333333333,0.4666666666666667
286,153,133,0.534965034965035,0.46503496503496505
287,153,134,0.5331010452961672,0.46689895470383275
288,153,135,0.53125,0.46875
289,153,136,0.5294117647058824,0.47058823529411764
290,154,136,0.5310344827586206,0.4689655172413793
291,155,136,0.5326460481099656,0.46735395189003437
292,155,137,0.5308219178082192,0.4691780821917808
293,156,137,0.5324232081911263,0.46757679180887374
294,157,137,0.5340136054421769,0.46598639455782315
295,158,137,0.535593220338983,0.46440677966101696
296,158,138,0.5337837837837838,0.46621621621621623
297,159,138,0.5353535353535354,0.46464646464646464
298,159,139,0.5335570469798657,0.4664429530201342
299,160,139,0.5351170568561873,0.46488294314381273
300,160,140,0.5333333333333333,0.4666666666666667
301,160,141,0.53156146179402,0.4684385382059801
302,161,141,0.5331125827814569,0.46688741721854304
303,161,142,0.5313531353135313,0.46864686468646866
304,162,142,0.5328947368421053,0.46710526315789475
305,162,143,0.5311475409836065,0.46885245901639344
306,162,144,0.5294117647058824,0.47058823529411764
307,162,145,0.5276872964169381,0.4723127035830619
308,162,146,0.525974025974026,0.474025974025974
309,163,146,0.5275080906148867,0.47249190938511326
310,163,147,0.5258064516129032,0.47419354838709676
311,163,148,0.5241157556270096,0.4758842443729904
312,163,149,0.5224358974358975,0.4775641025641026
313,164,149,0.5239616613418531,0.476038338658147
314,165,149,0.5254777070063694,0.4745222929936306
315,166,149,0.526984126984127,0.473015873015873
316,166,150,0.5253164556962026,0.47468354430379744
317,167,150,0.526813880126183,0.47318611987381703
318,168,150,0.5283018867924528,0.4716981132075472
319,168,151,0.5266457680250783,0.47335423197492166
320,169,151,0.528125,0.471875
321,169,152,0.5264797507788161,0.4735202492211838
322,170,152,0.5279503105590062,0.4720496894409938
323,171,152,0.5294117647058824,0.47058823529411764
324,171,153,0.5277777777777778,0.4722222222222222
325,172,153,0.5292307692307693,0.4707692307692308
326,172,154,0.5276073619631901,0.4723926380368098
327,172,155,0.5259938837920489,0.4740061162079511
328,172,156,0.524390243902439,0.47560975609756095
329,172,157,0.5227963525835866,0.47720364741641336
330,172,158,0.5212121212121212,0.47878787878787876
331,172,159,0.5196374622356495,0.48036253776435045
332,173,159,0.5210843373493976,0.4789156626506024
333,174,159,0.5225225225225225,0.4774774774774775
334,175,159,0.5239520958083832,0.47604790419161674
335,175,160,0.5223880597014925,0.47761194029850745
336,176,160,0.5238095238095238,0.47619047619047616
337,176,161,0.5222551928783383,0.47774480712166173
338,176,162,0.5207100591715976,0.47928994082840237
339,177,162,0.5221238938053098,0.4778761061946903
340,178,162,0.5235294117647059,0.4764705882352941
341,178,163,0.5219941348973607,0.4780058651026393
342,178,164,0.52046783625731,0.47953216374269003
343,179,164,0.521865889212828,0.478134110787172
344,180,164,0.5232558139534884,0.47674418604651164
345,180,165,0.5217391304347826,0.4782608695652174
346,180,166,0.5202312138728323,0.4797687861271676
347,181,166,0.521613832853026,0.4783861671469741
348,181,167,0.5201149425287356,0.47988505747126436
349,182,167,0.5214899713467048,0.4785100286532951
350,183,167,0.5228571428571429,0.47714285714285715
351,184,167,0.5242165242165242,0.4757834757834758
352,185,167,0.5255681818181818,0.4744318181818182
353,186,167,0.5269121813031161,0.4730878186968839
354,186,168,0.5254237288135594,0.4745762711864407
355,186,169,0.523943661971831,0.476056338028169
356,186,170,0.5224719101123596,0.47752808988764045
357,187,170,0.5238095238095238,0.47619047619047616
358,188,170,0.5251396648044693,0.4748603351955307
359,189,170,0.5264623955431755,0.4735376044568245
360,189,171,0.525,0.475
361,190,171,0.5263157894736842,0.47368421052631576
362,191,171,0.5276243093922652,0.4723756906077348
363,192,171,0.5289256198347108,0.47107438016528924
364,193,171,0.5302197802197802,0.4697802197802198
365,193,172,0.5287671232876713,0.4712328767123288
366,194,172,0.5300546448087432,0.46994535519125685
367,195,172,0.5313351498637602,0.46866485013623976
368,195,173,0.529891304347826,0.4701086956521739
369,195,174,0.5284552845528455,0.4715447154471545
370,196,174,0.5297297297297298,0.4702702702702703
371,197,174,0.5309973045822103,0.46900269541778977
372,197,175,0.5295698924731183,0.47043010752688175
373,198,175,0.5308310991957105,0.4691689008042895
374,198,176,0.5294117647058824,0.47058823529411764
375,198,177,0.528,0.472
376,199,177,0.5292553191489362,0.47074468085106386
377,200,177,0.5305039787798409,0.46949602122015915
378,201,177,0.5317460317460317,0.46825396825396826
379,201,178,0.5303430079155673,0.46965699208443273
380,201,179,0.5289473684210526,0.4710526315789474
381,201,180,0.5275590551181102,0.47244094488188976
382,202,180,0.5287958115183246,0.4712041884816754
383,202,181,0.5274151436031331,0.4725848563968668
384,203,181,0.5286458333333334,0.4713541666666667
385,203,182,0.5272727272727272,0.4727272727272727
386,203,183,0.5259067357512953,0.4740932642487047
387,204,183,0.5271317829457365,0.4728682170542636
388,204,184,0.5257731958762887,0.4742268041237113
389,204,185,0.5244215938303342,0.4755784061696658
390,205,185,0.5256410256410257,0.47435897435897434
391,205,186,0.5242966751918159,0.47570332480818417
392,206,186,0.5255102040816326,0.4744897959183674
393,207,186,0.5267175572519084,0.4732824427480916
394,208,186,0.5279187817258884,0.4720812182741117
395,209,186,0.529113924050633,0.4708860759493671
396,209,187,0.5277777777777778,0.4722222222222222
397,210,187,0.5289672544080605,0.47103274559193953
398,210,188,0.5276381909547738,0.4723618090452261
399,211,188,0.5288220551378446,0.47117794486215536
400,212,188,0.53,0.47
401,212,189,0.5286783042394015,0.4713216957605985
402,212,190,0.527363184079602,0.472636815920398
403,212,191,0.5260545905707196,0.4739454094292804
404,213,191,0.5272277227722773,0.47277227722772275
405,213,192,0.5259259259259259,0.4740740740740741
406,214,192,0.5270935960591133,0.4729064039408867
407,215,192,0.5282555282555282,0.47174447174447176
408,215,193,0.5269607843137255,0.4730392156862745
409,215,194,0.5256723716381418,0.4743276283618582
410,216,194,0.526829268292683,0.47317073170731705
411,217,194,0.5279805352798054,0.4720194647201946
412,218,194,0.529126213592233,0.470873786407767
413,218,195,0.5278450363196125,0.4721549636803874
414,218,196,0.5265700483091788,0.47342995169082125
415,219,196,0.5277108433734939,0.472289156626506
416,220,196,0.5288461538461539,0.47115384615384615
417,220,197,0.5275779376498801,0.4724220623501199
418,221,197,0.5287081339712919,0.47129186602870815
419,222,197,0.5298329355608592,0.4701670644391408
420,222,198,0.5285714285714286,0.4714285714285714
421,223,198,0.5296912114014252,0.47030878859857483
422,223,199,0.5284360189573459,0.471563981042654
423,223,200,0.5271867612293144,0.4728132387706856
424,223,201,0.5259433962264151,0.4740566037735849
425,223,202,0.5247058823529411,0.4752941176470588
426,224,202,0.5258215962441315,0.47417840375586856
427,225,202,0.5269320843091335,0.47306791569086654
428,226,202,0.5280373831775701,0.4719626168224299
429,227,202,0.5291375291375291,0.47086247086247085
430,227,203,0.5279069767441861,0.4720930232558139
431,228,203,0.5290023201856149,0.4709976798143852
432,229,203,0.5300925925925926,0.4699074074074074
433,230,203,0.5311778290993071,0.46882217090069284
434,230,204,0.5299539170506913,0.4700460829493088
435,230,205,0.5287356321839081,0.47126436781609193
436,230,206,0.5275229357798165,0.4724770642201835
437,231,206,0.528604118993135,0.47139588100686497
438,231,207,0.5273972602739726,0.4726027397260274
439,232,207,0.5284738041002278,0.4715261958997722
440,233,207,0.5295454545454545,0.47045454545454546
441,234,207,0.5306122448979592,0.46938775510204084
442,235,207,0.5316742081447964,0.4683257918552036
443,235,208,0.5304740406320542,0.46952595936794583
444,235,209,0.5292792792792793,0.47072072072072074
445,236,209,0.5303370786516854,0.4696629213483146
446,237,209,0.531390134529148,0.46860986547085204
447,237,210,0.5302013422818792,0.4697986577181208
448,238,210,0.53125,0.46875
449,238,211,0.5300668151447662,0.46993318485523383
450,239,211,0.5311111111111111,0.4688888888888889
451,239,212,0.5299334811529933,0.4700665188470067
452,240,212,0.5309734513274337,0.4690265486725664
453,241,212,0.5320088300220751,0.46799116997792495
454,241,213,0.5308370044052864,0.46916299559471364
455,241,214,0.5296703296703297,0.4703296703296703
456,241,215,0.5285087719298246,0.47149122807017546
457,242,215,0.5295404814004376,0.47045951859956237
458,243,215,0.5305676855895196,0.46943231441048033
459,243,216,0.5294117647058824,0.47058823529411764
460,244,216,0.5304347826086957,0.46956521739130436
461,245,216,0.5314533622559653,0.4685466377440347
462,245,217,0.5303030303030303,0.4696969696969697
463,246,217,0.531317494600432,0.468682505399568
464,247,217,0.5323275862068966,0.4676724137931034
465,247,218,0.5311827956989247,0.46881720430107526
466,247,219,0.5300429184549357,0.4699570815450644
467,248,219,0.5310492505353319,0.4689507494646681
468,249,219,0.532051282051282,0.46794871794871795
469,250,219,0.5330490405117271,0.4669509594882729
470,250,220,0.5319148936170213,0.46808510638297873
471,251,220,0.5329087048832272,0.46709129511677283
472,252,220,0.5338983050847458,0.4661016949152542
473,252,221,0.53276955602537,0.46723044397463004
474,252,222,0.5316455696202531,0.46835443037974683
475,253,222,0.5326315789473685,0.4673684210526316
476,254,222,0.5336134453781513,0.46638655462184875
477,254,223,0.5324947589098532,0.46750524109014674
478,255,223,0.5334728033472803,0.4665271966527197
479,256,223,0.534446764091858,0.46555323590814196
480,257,223,0.5354166666666667,0.46458333333333335
481,257,224,0.5343035343035343,0.4656964656964657
482,257,225,0.533195020746888,0.46680497925311204
483,257,226,0.5320910973084886,0.46790890269151136
484,257,227,0.53099173553719,0.4690082644628099
485,258,227,0.5319587628865979,0.46804123711340206
486,258,228,0.5308641975308642,0.4691358024691358
487,258,229,0.5297741273100616,0.4702258726899384
488,259,229,0.5307377049180327,0.4692622950819672
489,260,229,0.5316973415132924,0.46830265848670755
490,261,229,0.5326530612244897,0.4673469387755102
491,261,230,0.5315682281059063,0.4684317718940937
492,262,230,0.532520325203252,0.46747967479674796
493,262,231,0.5314401622718052,0.4685598377281947
494,262,232,0.5303643724696356,0.46963562753036436
495,263,232,0.5313131313131313,0.4686868686868687
496,264,232,0.532258064516129,0.46774193548387094
497,265,232,0.5331991951710262,0.46680080482897385
498,266,232,0.5341365461847389,0.46586345381526106
499,267,232,0.5350701402805611,0.4649298597194389
500,268,232,0.536,0.464
501,269,232,0.5369261477045908,0.4630738522954092
502,269,233,0.5358565737051793,0.4641434262948207
503,270,233,0.536779324055666,0.46322067594433397
504,270,234,0.5357142857142857,0.4642857142857143
505,270,235,0.5346534653465347,0.46534653465346537
506,270,236,0.5335968379446641,0.466403162055336
507,271,236,0.534516765285996,0.46548323471400394
508,271,237,0.5334645669291339,0.46653543307086615
509,272,237,0.5343811394891945,0.4656188605108055
510,273,237,0.5352941176470588,0.4647058823529412
511,273,238,0.5342465753424658,0.4657534246575342
512,273,239,0.533203125,0.466796875
513,274,239,0.5341130604288499,0.46588693957115007
514,274,240,0.5330739299610895,0.4669260700389105
515,274,241,0.5320388349514563,0.4679611650485437
516,275,241,0.5329457364341085,0.46705426356589147
517,276,241,0.5338491295938105,0.4661508704061896
518,276,242,0.5328185328185329,0.4671814671814672
519,277,242,0.5337186897880539,0.4662813102119461
520,277,243,0.5326923076923077,0.4673076923076923
521,278,243,0.5335892514395394,0.46641074856046066
522,278,244,0.5325670498084292,0.4674329501915709
523,279,244,0.5334608030592735,0.4665391969407266
524,279,245,0.5324427480916031,0.4675572519083969
525,279,246,0.5314285714285715,0.4685714285714286
526,280,246,0.532319391634981,0.467680608365019
527,280,247,0.5313092979127134,0.4686907020872865
528,281,247,0.5321969696969697,0.4678030303030303
529,281,248,0.5311909262759924,0.46880907372400754
530,281,249,0.530188679245283,0.469811320754717
531,281,250,0.5291902071563088,0.4708097928436911
532,282,250,0.5300751879699248,0.4699248120300752
533,282,251,0.5290806754221389,0.4709193245778612
534,283,251,0.5299625468164794,0.4700374531835206
535,283,252,0.5289719626168224,0.47102803738317756
536,284,252,0.5298507462686567,0.4701492537313433
537,284,253,0.5288640595903166,0.47113594040968343
538,285,253,0.5297397769516728,0.47026022304832715
539,286,253,0.5306122448979592,0.46938775510204084
540,287,253,0.5314814814814814,0.4685185185185185
541,287,254,0.5304990757855823,0.46950092421441775
542,288,254,0.5313653136531366,0.46863468634686345
543,288,255,0.5303867403314917,0.4696132596685083
544,288,256,0.5294117647058824,0.47058823529411764
545,288,257,0.5284403669724771,0.47155963302752296
546,289,257,0.5293040293040293,0.4706959706959707
547,289,258,0.5283363802559415,0.4716636197440585
548,290,258,0.5291970802919708,0.4708029197080292
549,291,258,0.5300546448087432,0.46994535519125685
550,292,258,0.5309090909090909,0.4690909090909091
551,292,259,0.52994555353902,0.47005444646098005
552,292,260,0.5289855072463768,0.47101449275362317
553,292,261,0.5280289330922242,0.4719710669077758
554,293,261,0.5288808664259927,0.4711191335740072
555,293,262,0.527927927927928,0.4720720720720721
556,294,262,0.5287769784172662,0.4712230215827338
557,294,263,0.5278276481149012,0.47217235188509876
558,294,264,0.5268817204301075,0.4731182795698925
559,294,265,0.5259391771019678,0.4740608228980322
560,295,265,0.5267857142857143,0.4732142857142857
561,296,265,0.5276292335115864,0.47237076648841353
562,297,265,0.5284697508896797,0.47153024911032027
563,297,266,0.5275310834813499,0.4724689165186501
564,297,267,0.526595744680851,0.4734042553191489
565,298,267,0.5274336283185841,0.4725663716814159
566,298,268,0.5265017667844523,0.4734982332155477
567,299,268,0.527336860670194,0.47266313932980597
568,300,268,0.528169014084507,0.47183098591549294
569,300,269,0.5272407732864675,0.4727592267135325
570,301,269,0.5280701754385965,0.47192982456140353
571,301,270,0.5271453590192644,0.47285464098073554
572,301,271,0.5262237762237763,0.4737762237762238
573,301,272,0.525305410122164,0.47469458987783597
574,302,272,0.5261324041811847,0.4738675958188153
575,302,273,0.5252173913043479,0.4747826086956522
576,302,274,0.5243055555555556,0.4756944444444444
577,303,274,0.5251299826689775,0.4748700173310225
578,303,275,0.5242214532871973,0.4757785467128028
579,304,275,0.5250431778929189,0.4749568221070812
580,305,275,0.5258620689655172,0.47413793103448276
581,306,275,0.5266781411359724,0.47332185886402756
582,307,275,0.5274914089347079,0.4725085910652921
583,307,276,0.5265866209262435,0.4734133790737564
584,307,277,0.5256849315068494,0.4743150684931507
585,308,277,0.5264957264957265,0.4735042735042735
586,309,277,0.5273037542662116,0.4726962457337884
587,309,278,0.5264054514480409,0.4735945485519591
588,309,279,0.5255102040816326,0.4744897959183674
589,310,279,0.5263157894736842,0.47368421052631576
590,311,279,0.5271186440677966,0.4728813559322034
591,312,279,0.5279187817258884,0.4720812182741117
592,313,279,0.5287162162162162,0.47128378378378377
593,313,280,0.5278246205733558,0.47217537942664417
594,313,281,0.5269360269360269,0.4730639730639731
595,313,282,0.5260504201680672,0.47394957983193275
596,314,282,0.5268456375838926,0.47315436241610737
597,315,282,0.5276381909547738,0.4723618090452261
598,316,282,0.5284280936454849,0.47157190635451507
599,317,282,0.5292153589315526,0.4707846410684474
600,317,283,0.5283333333333333,0.4716666666666667
601,317,284,0.5274542429284526,0.47254575707154745
602,318,284,0.5282392026578073,0.4717607973421927
603,319,284,0.5290215588723052,0.4709784411276949
604,320,284,0.5298013245033113,0.47019867549668876
605,320,285,0.5289256198347108,0.47107438016528924
606,321,285,0.5297029702970297,0.47029702970297027
607,321,286,0.528830313014827,0.471169686985173
608,321,287,0.5279605263157895,0.4720394736842105
609,321,288,0.5270935960591133,0.4729064039408867
610,321,289,0.5262295081967213,0.4737704918032787
611,321,290,0.5253682487725041,0.4746317512274959
612,321,291,0.5245098039215687,0.47549019607843135
613,321,292,0.5236541598694943,0.4763458401305057
614,321,293,0.5228013029315961,0.4771986970684039
615,322,293,0.5235772357723577,0.4764227642276423
616,323,293,0.5243506493506493,0.47564935064935066
617,323,294,0.5235008103727715,0.47649918962722854
618,323,295,0.5226537216828478,0.4773462783171521
619,323,296,0.5218093699515347,0.4781906300484653
620,323,297,0.5209677419354839,0.4790322580645161
621,324,297,0.5217391304347826,0.4782608695652174
622,325,297,0.522508038585209,0.477491961414791
623,326,297,0.5232744783306581,0.4767255216693419
624,326,298,0.5224358974358975,0.4775641025641026
625,326,299,0.5216,0.4784
626,327,299,0.5223642172523961,0.4776357827476038
627,328,299,0.5231259968102073,0.4768740031897927
628,329,299,0.5238853503184714,0.47611464968152867
629,330,299,0.5246422893481717,0.4753577106518283
630,331,299,0.5253968253968254,0.4746031746031746
631,331,300,0.5245641838351822,0.4754358161648177
632,331,301,0.5237341772151899,0.4762658227848101
633,331,302,0.5229067930489731,0.47709320695102686
634,331,303,0.5220820189274448,0.47791798107255523
635,332,303,0.5228346456692914,0.47716535433070867
636,333,303,0.5235849056603774,0.47641509433962265
637,334,303,0.5243328100470958,0.47566718995290425
638,335,303,0.5250783699059561,0.47492163009404387
639,336,303,0.5258215962441315,0.47417840375586856
640,336,304,0.525,0.475
641,337,304,0.5257410296411856,0.47425897035881437
642,338,304,0.5264797507788161,0.4735202492211838
643,339,304,0.5272161741835147,0.4727838258164852
644,339,305,0.5263975155279503,0.47360248447204967
645,339,306,0.5255813953488372,0.4744186046511628
646,339,307,0.5247678018575851,0.47523219814241485
647,339,308,0.5239567233384853,0.4760432766615147
648,339,309,0.5231481481481481,0.47685185185185186
649,340,309,0.5238828967642527,0.4761171032357473
650,340,310,0.5230769230769231,0.47692307692307695
651,340,311,0.522273425499232,0.47772657450076805
652,340,312,0.5214723926380368,0.4785276073619632
653,340,313,0.5206738131699847,0.4793261868300153
654,340,314,0.5198776758409785,0.4801223241590214
655,341,314,0.5206106870229008,0.47938931297709925
656,342,314,0.5213414634146342,0.47865853658536583
657,343,314,0.5220700152207002,0.4779299847792998
658,343,315,0.5212765957446809,0.4787234042553192
659,343,316,0.5204855842185129,0.4795144157814871
660,343,317,0.5196969696969697,0.4803030303030303
661,344,317,0.5204236006051437,0.4795763993948563
662,345,317,0.5211480362537765,0.4788519637462236
663,346,317,0.521870286576169,0.4781297134238311
664,347,317,0.5225903614457831,0.47740963855421686
665,348,317,0.5233082706766917,0.4766917293233083
666,349,317,0.524024024024024,0.47597597597597596
667,349,318,0.5232383808095952,0.4767616191904048
668,350,318,0.5239520958083832,0.47604790419161674
669,350,319,0.523168908819133,0.476831091180867
670,351,319,0.5238805970149254,0.4761194029850746
671,352,319,0.5245901639344263,0.47540983606557374
672,352,320,0.5238095238095238,0.47619047619047616
673,352,321,0.5230312035661219,0.4769687964338782
674,353,321,0.5237388724035609,0.4762611275964392
675,354,321,0.5244444444444445,0.47555555555555556
676,355,321,0.5251479289940828,0.47485207100591714
677,356,321,0.5258493353028065,0.4741506646971935
678,357,321,0.5265486725663717,0.47345132743362833
679,358,321,0.5272459499263623,0.4727540500736377
680,358,322,0.5264705882352941,0.47352941176470587
681,359,322,0.527165932452276,0.47283406754772395
682,360,322,0.5278592375366569,0.47214076246334313
683,360,323,0.527086383601757,0.47291361639824303
684,360,324,0.5263157894736842,0.47368421052631576
685,360,325,0.5255474452554745,0.4744525547445255
686,360,326,0.5247813411078717,0.4752186588921283
687,361,326,0.5254730713245997,0.4745269286754003
688,361,327,0.5247093023255814,0.4752906976744186
689,362,327,0.525399129172714,0.4746008708272859
690,363,327,0.5260869565217391,0.47391304347826085
691,363,328,0.5253256150506512,0.47467438494934877
692,364,328,0.5260115606936416,0.47398843930635837
693,364,329,0.5252525252525253,0.47474747474747475
694,365,329,0.5259365994236311,0.47406340057636887
695,365,330,0.5251798561151079,0.4748201438848921
696,365,331,0.5244252873563219,0.4755747126436782
697,365,332,0.5236728837876614,0.4763271162123386
698,365,333,0.5229226361031518,0.47707736389684813
699,365,334,0.5221745350500715,0.47782546494992845
700,365,335,0.5214285714285715,0.4785714285714286
701,366,335,0.5221112696148359,0.47788873038516405
702,366,336,0.5213675213675214,0.47863247863247865
703,367,336,0.5220483641536273,0.4779516358463727
704,368,336,0.5227272727272727,0.4772727272727273
705,369,336,0.5234042553191489,0.4765957446808511
706,370,336,0.5240793201133145,0.47592067988668557
707,371,336,0.5247524752475248,0.4752475247524752
708,371,337,0.5240112994350282,0.4759887005649718
709,371,338,0.5232722143864598,0.4767277856135402
710,372,338,0.523943661971831,0.476056338028169
711,373,338,0.5246132208157525,0.47538677918424754
712,373,339,0.523876404494382,0.476123595505618
713,373,340,0.5231416549789621,0.47685834502103785
714,373,341,0.5224089635854342,0.47759103641456585
715,373,342,0.5216783216783217,0.4783216783216783
716,373,343,0.520949720670391,0.4790502793296089
717,374,343,0.5216178521617852,0.4783821478382148
718,374,344,0.520891364902507,0.479108635097493
719,375,344,0.521557719054242,0.47844228094575797
720,375,345,0.5208333333333334,0.4791666666666667
721,376,345,0.521497919556172,0.478502080443828
722,376,346,0.5207756232686981,0.4792243767313019
723,376,347,0.5200553250345782,0.47994467496542187
724,376,348,0.5193370165745856,0.48066298342541436
725,376,349,0.5186206896551724,0.48137931034482756
726,377,349,0.5192837465564738,0.4807162534435262
727,378,349,0.5199449793672627,0.48005502063273725
728,379,349,0.5206043956043956,0.4793956043956044
729,379,350,0.5198902606310014,0.48010973936899864
730,380,350,0.5205479452054794,0.4794520547945205
731,381,350,0.521203830369357,0.478796169630643
732,381,351,0.5204918032786885,0.47950819672131145
733,382,351,0.5211459754433834,0.47885402455661663
734,383,351,0.5217983651226158,0.4782016348773842
735,383,352,0.5210884353741496,0.47891156462585033
736,384,352,0.5217391304347826,0.4782608695652174
737,384,353,0.5210312075983717,0.4789687924016282
738,384,354,0.5203252032520326,0.4796747967479675
739,385,354,0.5209742895805142,0.4790257104194858
740,385,355,0.5202702702702703,0.4797297297297297
741,386,355,0.5209176788124157,0.47908232118758437
742,387,355,0.5215633423180593,0.4784366576819407
743,387,356,0.5208613728129206,0.4791386271870794
744,387,357,0.5201612903225806,0.4798387096774194
745,388,357,0.5208053691275167,0.4791946308724832
746,389,357,0.5214477211796247,0.4785522788203753
747,390,357,0.5220883534136547,0.4779116465863454
748,391,357,0.5227272727272727,0.4772727272727273
749,391,358,0.5220293724966623,0.4779706275033378
750,391,359,0.5213333333333333,0.4786666666666667
751,392,359,0.521970705725699,0.4780292942743009
752,393,359,0.5226063829787234,0.4773936170212766
753,393,360,0.5219123505976095,0.47808764940239046
754,393,361,0.5212201591511937,0.47877984084880637
755,394,361,0.5218543046357615,0.4781456953642384
756,395,361,0.5224867724867724,0.4775132275132275
757,396,361,0.523117569352708,0.47688243064729197
758,396,362,0.5224274406332454,0.47757255936675463
759,397,362,0.5230566534914362,0.4769433465085639
760,397,363,0.5223684210526316,0.4776315789473684
761,397,364,0.5216819973718791,0.4783180026281209
762,397,365,0.520997375328084,0.479002624671916
763,397,366,0.5203145478374837,0.4796854521625164
764,398,366,0.5209424083769634,0.4790575916230366
765,398,367,0.5202614379084968,0.4797385620915033
766,398,368,0.5195822454308094,0.4804177545691906
767,398,369,0.5189048239895697,0.4810951760104302
768,399,369,0.51953125,0.48046875
769,399,370,0.5188556566970091,0.4811443433029909
770,399,371,0.5181818181818182,0.4818181818181818
771,400,371,0.5188067444876784,0.48119325551232167
772,401,371,0.5194300518134715,0.4805699481865285
773,402,371,0.5200517464424321,0.4799482535575679
774,403,371,0.520671834625323,0.479328165374677
775,404,371,0.5212903225806451,0.47870967741935483
776,405,371,0.5219072164948454,0.47809278350515466
777,406,371,0.5225225225225225,0.4774774774774775
778,406,372,0.5218508997429306,0.4781491002570694
779,406,373,0.521181001283697,0.47881899871630296
780,406,374,0.5205128205128206,0.4794871794871795
781,406,375,0.5198463508322664,0.4801536491677337
782,407,375,0.520460358056266,0.479539641943734
783,408,375,0.5210727969348659,0.4789272030651341
784,408,376,0.5204081632653061,0.47959183673469385
785,409,376,0.5210191082802548,0.4789808917197452
786,409,377,0.5203562340966921,0.4796437659033079
787,409,378,0.5196950444726811,0.48030495552731894
788,409,379,0.5190355329949239,0.48096446700507617
789,409,380,0.5183776932826363,0.4816223067173637
790,409,381,0.5177215189873418,0.48227848101265824
791,410,381,0.5183312262958281,0.48166877370417194
792,410,382,0.5176767676767676,0.4823232323232323
793,410,383,0.5170239596469105,0.48297604035308955
794,410,384,0.5163727959697733,0.4836272040302267
795,411,384,0.5169811320754717,0.4830188679245283
796,412,384,0.5175879396984925,0.4824120603015075
797,412,385,0.5169385194479298,0.48306148055207027
798,412,386,0.5162907268170426,0.48370927318295737
799,413,386,0.5168961201501877,0.4831038798498123
800,414,386,0.5175,0.4825
801,415,386,0.5181023720349563,0.4818976279650437
802,416,386,0.5187032418952618,0.48129675810473815
803,417,386,0.5193026151930261,0.4806973848069738
804,417,387,0.5186567164179104,0.48134328358208955
805,418,387,0.5192546583850932,0.48074534161490684
806,418,388,0.5186104218362283,0.4813895781637717
807,419,388,0.5192069392812887,0.48079306071871125
808,420,388,0.5198019801980198,0.4801980198019802
809,420,389,0.519159456118665,0.48084054388133496
810,420,390,0.5185185185185185,0.48148148148148145
811,420,391,0.5178791615289766,0.48212083847102344
812,420,392,0.5172413793103449,0.4827586206896552
813,421,392,0.5178351783517835,0.4821648216482165
814,421,393,0.5171990171990172,0.4828009828009828
815,421,394,0.5165644171779141,0.4834355828220859
816,422,394,0.5171568627450981,0.48284313725490197
817,422,395,0.5165238678090576,0.4834761321909425
818,422,396,0.5158924205378973,0.4841075794621027
819,423,396,0.5164835164835165,0.4835164835164835
820,424,396,0.5170731707317073,0.48292682926829267
821,424,397,0.5164433617539586,0.4835566382460414
822,424,398,0.5158150851581509,0.48418491484184917
823,424,399,0.5151883353584447,0.4848116646415553
824,424,400,0.5145631067961165,0.4854368932038835
825,424,401,0.5139393939393939,0.4860606060606061
826,425,401,0.5145278450363197,0.4854721549636804
827,426,401,0.5151148730350665,0.4848851269649335
828,427,401,0.5157004830917874,0.48429951690821255
829,428,401,0.5162846803377563,0.4837153196622437
830,428,402,0.5156626506024097,0.4843373493975904
831,428,403,0.5150421179302046,0.48495788206979545
832,429,403,0.515625,0.484375
833,429,404,0.5150060024009604,0.4849939975990396
834,430,404,0.5155875299760192,0.4844124700239808
835,430,405,0.5149700598802395,0.48502994011976047
836,430,406,0.5143540669856459,0.48564593301435405
837,431,406,0.5149342891278376,0.4850657108721625
838,432,406,0.5155131264916468,0.48448687350835323
839,432,407,0.5148986889153755,0.48510131108462456
840,433,407,0.5154761904761904,0.4845238095238095
841,433,408,0.5148632580261593,0.48513674197384066
842,433,409,0.5142517814726841,0.4857482185273159
843,434,409,0.5148279952550415,0.4851720047449585
844,434,410,0.514218009478673,0.48578199052132703
845,435,410,0.514792899408284,0.48520710059171596
846,436,410,0.5153664302600472,0.4846335697399527
847,437,410,0.5159386068476978,0.48406139315230223
848,437,411,0.5153301886792453,0.4846698113207547
849,437,412,0.5147232037691402,0.48527679623085984
850,437,413,0.5141176470588236,0.4858823529411765
851,438,413,0.5146886016451234,0.48531139835487663
852,439,413,0.5152582159624414,0.4847417840375587
853,440,413,0.5158264947245017,0.48417350527549824
854,441,413,0.5163934426229508,0.48360655737704916
855,442,413,0.5169590643274854,0.4830409356725146
856,443,413,0.5175233644859814,0.4824766355140187
857,444,413,0.5180863477246208,0.48191365227537925
858,444,414,0.5174825174825175,0.4825174825174825
859,445,414,0.5180442374854481,0.4819557625145518
860,446,414,0.5186046511627908,0.4813953488372093
861,447,414,0.519163763066202,0.4808362369337979
862,447,415,0.5185614849187935,0.4814385150812065
863,447,416,0.5179606025492468,0.4820393974507532
864,447,417,0.5173611111111112,0.4826388888888889
865,448,417,0.5179190751445086,0.4820809248554913
866,448,418,0.5173210161662818,0.48267898383371827
867,448,419,0.5167243367935409,0.48327566320645904
868,448,420,0.5161290322580645,0.4838709677419355
869,448,421,0.5155350978135789,0.4844649021864212
870,449,421,0.5160919540229885,0.4839080459770115
871,450,421,0.5166475315729047,0.4833524684270953
872,451,421,0.5172018348623854,0.4827981651376147
873,451,422,0.5166093928980527,0.4833906071019473
874,451,423,0.5160183066361556,0.4839816933638444
875,452,423,0.5165714285714286,0.48342857142857143
876,453,423,0.5171232876712328,0.4828767123287671
877,453,424,0.5165336374002281,0.48346636259977194
878,453,425,0.5159453302961275,0.48405466970387245
879,454,425,0.5164960182025028,0.48350398179749715
880,455,425,0.5170454545454546,0.48295454545454547
881,455,426,0.5164585698070374,0.48354143019296253
882,456,426,0.5170068027210885,0.48299319727891155
883,457,426,0.5175537938844847,0.4824462061155153
884,457,427,0.5169683257918553,0.4830316742081448
885,457,428,0.5163841807909605,0.48361581920903957
886,458,428,0.5169300225733634,0.48306997742663654
887,458,429,0.5163472378804961,0.4836527621195039
888,459,429,0.5168918918918919,0.4831081081081081
889,460,429,0.5174353205849269,0.48256467941507314
890,461,429,0.5179775280898876,0.4820224719101124
891,461,430,0.5173961840628507,0.4826038159371493
892,462,430,0.5179372197309418,0.4820627802690583
893,463,430,0.5184770436730123,0.48152295632698766
894,464,430,0.5190156599552572,0.4809843400447427
895,465,430,0.5195530726256983,0.48044692737430167
896,466,430,0.5200892857142857,0.4799107142857143
897,466,431,0.5195094760312151,0.48049052396878483
898,467,431,0.5200445434298441,0.4799554565701559
899,467,432,0.5194660734149055,0.48053392658509453
900,467,433,0.5188888888888888,0.4811111111111111
901,468,433,0.5194228634850167,0.48057713651498335
902,469,433,0.5199556541019955,0.48004434589800443
903,470,433,0.5204872646733112,0.4795127353266888
904,470,434,0.5199115044247787,0.48008849557522126
905,471,434,0.5204419889502763,0.47955801104972373
906,471,435,0.5198675496688742,0.48013245033112584
907,472,435,0.5203969128996693,0.4796030871003308
908,473,435,0.5209251101321586,0.4790748898678414
909,473,436,0.5203520352035204,0.47964796479647964
910,473,437,0.5197802197802198,0.48021978021978023
911,473,438,0.5192096597145993,0.4807903402854007
912,474,438,0.5197368421052632,0.48026315789473684
913,474,439,0.5191675794085433,0.48083242059145676
914,474,440,0.5185995623632386,0.4814004376367615
915,474,441,0.5180327868852459,0.4819672131147541
916,474,442,0.517467248908297,0.48253275109170307
917,474,443,0.5169029443838604,0.4830970556161396
918,475,443,0.5174291938997821,0.48257080610021785
919,476,443,0.5179542981501633,0.4820457018498368
920,477,443,0.5184782608695652,0.4815217391304348
921,477,444,0.5179153094462541,0.4820846905537459
922,477,445,0.517353579175705,0.482646420824295
923,477,446,0.5167930660888408,0.48320693391115926
924,477,447,0.5162337662337663,0.4837662337662338
925,478,447,0.5167567567567568,0.48324324324324325
926,479,447,0.5172786177105831,0.48272138228941686
927,480,447,0.517799352750809,0.48220064724919093
928,480,448,0.5172413793103449,0.4827586206896552
929,480,449,0.5166846071044133,0.48331539289558667
930,481,449,0.5172043010752688,0.4827956989247312
931,481,450,0.5166487647690655,0.4833512352309345
932,481,451,0.5160944206008584,0.48390557939914164
933,481,452,0.5155412647374062,0.4844587352625938
934,481,453,0.5149892933618844,0.48501070663811563
935,481,454,0.5144385026737968,0.4855614973262032
936,482,454,0.5149572649572649,0.48504273504273504
937,483,454,0.5154749199573105,0.48452508004268946
938,483,455,0.5149253731343284,0.48507462686567165
939,484,455,0.5154419595314164,0.4845580404685836
940,484,456,0.5148936170212766,0.4851063829787234
941,485,456,0.5154091392136025,0.48459086078639746
942,485,457,0.5148619957537155,0.4851380042462845
943,486,457,0.5153764581124072,0.48462354188759277
944,487,457,0.5158898305084746,0.4841101694915254
945,488,457,0.5164021164021164,0.4835978835978836
946,489,457,0.5169133192389006,0.48308668076109934
947,490,457,0.5174234424498416,0.4825765575501584
948,490,458,0.5168776371308017,0.4831223628691983
949,490,459,0.5163329820864068,0.48366701791359323
950,491,459,0.5168421052631579,0.4831578947368421
951,491,460,0.5162986330178759,0.48370136698212407
952,491,461,0.5157563025210085,0.4842436974789916
953,491,462,0.5152151101783841,0.48478488982161594
954,492,462,0.5157232704402516,0.48427672955974843
955,492,463,0.5151832460732985,0.4848167539267016
956,492,464,0.5146443514644351,0.48535564853556484
957,493,464,0.5151515151515151,0.48484848484848486
958,493,465,0.5146137787056367,0.48538622129436326
959,493,466,0.5140771637122002,0.4859228362877998
960,494,466,0.5145833333333333,0.48541666666666666
961,495,466,0.5150884495317378,0.48491155046826223
962,495,467,0.5145530145530145,0.48544698544698545
963,495,468,0.514018691588785,0.48598130841121495
964,495,469,0.5134854771784232,0.48651452282157676
965,496,469,0.5139896373056995,0.48601036269430054
966,497,469,0.5144927536231884,0.4855072463768116
967,498,469,0.5149948293691831,0.48500517063081694
968,498,470,0.5144628099173554,0.4855371900826446
969,499,470,0.5149638802889577,0.4850361197110423
970,499,471,0.5144329896907216,0.48556701030927835
971,500,471,0.5149330587023687,0.4850669412976313
972,500,472,0.51440329218107,0.48559670781893005
973,500,473,0.513874614594039,0.48612538540596095
974,500,474,0.5133470225872689,0.486652977412731
975,500,475,0.5128205128205128,0.48717948717948717
976,500,476,0.5122950819672131,0.48770491803278687
977,501,476,0.5127942681678608,0.4872057318321392
978,501,477,0.5122699386503068,0.48773006134969327
979,501,478,0.5117466802860061,0.4882533197139939
980,502,478,0.5122448979591837,0.48775510204081635
981,502,479,0.5117227319062182,0.48827726809378186
982,503,479,0.5122199592668024,0.48778004073319753
983,504,479,0.5127161749745677,0.4872838250254323
984,505,479,0.5132113821138211,0.4867886178861789
985,506,479,0.5137055837563452,0.4862944162436548
986,507,479,0.5141987829614605,0.48580121703853957
987,508,479,0.5146909827760892,0.48530901722391084
988,508,480,0.5141700404858299,0.48582995951417
989,508,481,0.5136501516683518,0.4863498483316481
990,508,482,0.5131313131313131,0.4868686868686869
991,509,482,0.513622603430878,0.4863773965691221
992,510,482,0.5141129032258065,0.48588709677419356
993,511,482,0.5146022155085599,0.48539778449144005
994,512,482,0.5150905432595574,0.48490945674044267
995,513,482,0.5155778894472361,0.4844221105527638
996,514,482,0.5160642570281124,0.4839357429718876
997,514,483,0.5155466399197592,0.4844533600802407
998,515,483,0.5160320641282565,0.48396793587174347
999,515,484,0.5155155155155156,0.4844844844844845
1000,516,484,0.516,0.484
1001,517,484,0.5164835164835165,0.4835164835164835
1002,517,485,0.5159680638722555,0.48403193612774453
1003,517,486,0.5154536390827518,0.48454636091724823
1004,517,487,0.5149402390438247,0.4850597609561753
1005,517,488,0.5144278606965174,0.4855721393034826
1006,518,488,0.5149105367793241,0.4850894632206759
1007,519,488,0.5153922542204568,0.4846077457795432
1008,519,489,0.5148809523809523,0.4851190476190476
1009,519,490,0.514370664023786,0.48562933597621405
1010,519,491,0.5138613861386139,0.4861386138613861
1011,519,492,0.5133531157270029,0.486646884272997
1012,520,492,0.5138339920948617,0.48616600790513836
1013,520,493,0.5133267522211253,0.4866732477788746
1014,520,494,0.5128205128205128,0.48717948717948717
1015,520,495,0.5123152709359606,0.4876847290640394
1016,520,496,0.5118110236220472,0.4881889763779528
1017,521,496,0.512291052114061,0.48770894788593905
1018,522,496,0.5127701375245579,0.48722986247544203
1019,523,496,0.5132482826300294,0.4867517173699706
1020,523,497,0.5127450980392156,0.4872549019607843
1021,524,497,0.5132223310479922,0.48677766895200786
1022,525,497,0.5136986301369864,0.4863013698630137
1023,525,498,0.5131964809384164,0.4868035190615836
1024,525,499,0.5126953125,0.4873046875
1025,525,500,0.5121951219512195,0.4878048780487805
1026,525,501,0.5116959064327485,0.48830409356725146
1027,526,501,0.5121713729308666,0.4878286270691334
1028,526,502,0.5116731517509727,0.4883268482490272
1029,527,502,0.5121477162293488,0.4878522837706511
1030,528,502,0.512621359223301,0.487378640776699
1031,529,502,0.513094083414161,0.486905916585839
1032,530,502,0.5135658914728682,0.48643410852713176
1033,530,503,0.5130687318489835,0.48693126815101645
1034,531,503,0.5135396518375241,0.4864603481624758
1035,532,503,0.5140096618357488,0.4859903381642512
1036,532,504,0.5135135135135135,0.4864864864864865
1037,532,505,0.5130183220829315,0.4869816779170685
1038,532,506,0.51252408477842,0.48747591522157996
1039,533,506,0.5129932627526468,0.4870067372473532
1040,533,507,0.5125,0.4875
1041,534,507,0.5129682997118156,0.48703170028818443
1042,534,508,0.5124760076775432,0.4875239923224568
1043,535,508,0.5129434324065196,0.48705656759348037
1044,535,509,0.5124521072796935,0.4875478927203065
1045,535,510,0.5119617224880383,0.4880382775119617
1046,536,510,0.5124282982791587,0.4875717017208413
1047,537,510,0.5128939828080229,0.4871060171919771
1048,538,510,0.5133587786259542,0.4866412213740458
1049,538,511,0.5128693994280267,0.4871306005719733
1050,538,512,0.5123809523809524,0.4876190476190476
1051,538,513,0.5118934348239772,0.48810656517602286
1052,538,514,0.5114068441064639,0.48859315589353614
1053,538,515,0.5109211775878443,0.4890788224121557
1054,538,516,0.5104364326375711,0.48956356736242884
1055,538,517,0.5099526066350711,0.4900473933649289
1056,538,518,0.509469696969697,0.49053030303030304
1057,538,519,0.5089877010406811,0.4910122989593188
1058,539,519,0.5094517958412098,0.4905482041587902
1059,540,519,0.509915014164306,0.49008498583569404
1060,541,519,0.5103773584905661,0.48962264150943396
1061,541,520,0.5098963242224317,0.49010367577756836
1062,542,520,0.5103578154425612,0.4896421845574388
1063,542,521,0.5098777046095955,0.4901222953904045
1064,542,522,0.5093984962406015,0.4906015037593985
1065,543,522,0.5098591549295775,0.49014084507042255
1066,544,522,0.5103189493433395,0.4896810506566604
1067,544,523,0.5098406747891284,0.4901593252108716
1068,545,523,0.5102996254681648,0.4897003745318352
1069,545,524,0.509822263797942,0.490177736202058
1070,546,524,0.5102803738317757,0.4897196261682243
1071,547,524,0.5107376283846872,0.4892623716153128
1072,547,525,0.5102611940298507,0.48973880597014924
1073,547,526,0.5097856477166822,0.4902143522833178
1074,548,526,0.5102420856610801,0.4897579143389199
1075,549,526,0.5106976744186047,0.48930232558139536
1076,550,526,0.5111524163568774,0.4888475836431227
1077,551,526,0.5116063138347261,0.4883936861652739
1078,552,526,0.5120593692022264,0.48794063079777367
1079,553,526,0.5125115848007414,0.48748841519925856
1080,553,527,0.5120370370370371,0.487962962962963
1081,554,527,0.5124884366327475,0.48751156336725254
1082,554,528,0.512014787430684,0.4879852125693161
1083,555,528,0.5124653739612188,0.48753462603878117
1084,555,529,0.5119926199261993,0.48800738007380073
1085,556,529,0.5124423963133641,0.4875576036866359
1086,557,529,0.5128913443830571,0.4871086556169429
1087,558,529,0.5133394664213431,0.48666053357865685
1088,558,530,0.5128676470588235,0.48713235294117646
1089,559,530,0.5133149678604224,0.4866850321395776
1090,560,530,0.5137614678899083,0.48623853211009177
1091,561,530,0.5142071494042163,0.4857928505957837
1092,562,530,0.5146520146520146,0.48534798534798534
1093,562,531,0.5141811527904849,0.48581884720951507
1094,562,532,0.5137111517367459,0.48628884826325414
1095,562,533,0.5132420091324201,0.4867579908675799
1096,563,533,0.5136861313868614,0.4863138686131387
1097,564,533,0.5141294439380127,0.48587055606198726
1098,564,534,0.5136612021857924,0.48633879781420764
1099,564,535,0.5131938125568699,0.48680618744313015
1100,564,536,0.5127272727272727,0.48727272727272725
1101,565,536,0.5131698455949137,0.4868301544050863
1102,566,536,0.5136116152450091,0.4863883847549909
1103,566,537,0.5131459655485041,0.48685403445149594
1104,566,538,0.5126811594202898,0.48731884057971014
1105,566,539,0.5122171945701357,0.48778280542986424
1106,566,540,0.5117540687160941,0.488245931283906
1107,567,540,0.5121951219512195,0.4878048780487805
1108,568,540,0.5126353790613718,0.48736462093862815
1109,568,541,0.5121731289449954,0.4878268710550045
1110,568,542,0.5117117117117117,0.4882882882882883
1111,568,543,0.5112511251125113,0.48874887488748875
1112,568,544,0.5107913669064749,0.4892086330935252
1113,569,544,0.5112309074573226,0.4887690925426775
1114,569,545,0.5107719928186715,0.48922800718132853
1115,570,545,0.5112107623318386,0.48878923766816146
1116,570,546,0.510752688172043,0.489247311827957
1117,570,547,0.5102954341987467,0.4897045658012534
1118,571,547,0.5107334525939177,0.4892665474060823
1119,571,548,0.5102770330652369,0.4897229669347632
1120,571,549,0.5098214285714285,0.4901785714285714
1121,571,550,0.5093666369313113,0.49063336306868865
1122,572,550,0.5098039215686274,0.49019607843137253
1123,573,550,0.5102404274265361,0.4897595725734639
1124,574,550,0.5106761565836299,0.4893238434163701
1125,575,550,0.5111111111111111,0.4888888888888889
1126,576,550,0.5115452930728241,0.48845470692717585
1127,576,551,0.5110913930789707,0.4889086069210293
1128,576,552,0.5106382978723404,0.48936170212765956
1129,576,553,0.5101860053144376,0.48981399468556247
1130,577,553,0.5106194690265486,0.4893805309734513
1131,577,554,0.5101679929266136,0.48983200707338637
1132,577,555,0.5097173144876325,0.4902826855123675
1133,578,555,0.5101500441306267,0.48984995586937335
1134,578,556,0.5097001763668431,0.49029982363315694
1135,579,556,0.5101321585903084,0.48986784140969164
1136,579,557,0.5096830985915493,0.4903169014084507
1137,579,558,0.5092348284960422,0.49076517150395776
1138,580,558,0.5096660808435852,0.4903339191564148
1139,580,559,0.5092186128182616,0.49078138718173836
1140,581,559,0.5096491228070176,0.4903508771929825
1141,581,560,0.50920245398773,0.49079754601226994
1142,581,561,0.5087565674255692,0.4912434325744308
1143,582,561,0.5091863517060368,0.49081364829396323
1144,583,561,0.5096153846153846,0.49038461538461536
1145,584,561,0.5100436681222708,0.48995633187772925
1146,585,561,0.5104712041884817,0.4895287958115183
1147,585,562,0.5100261551874455,0.4899738448125545
1148,586,562,0.5104529616724739,0.4895470383275261
1149,586,563,0.5100087032201914,0.4899912967798085
1150,587,563,0.5104347826086957,0.4895652173913044
1151,587,564,0.5099913119026933,0.4900086880973067
1152,587,565,0.5095486111111112,0.4904513888888889
1153,588,565,0.5099739809193409,0.4900260190806591
1154,588,566,0.5095320623916811,0.4904679376083189
1155,588,567,0.509090909090909,0.4909090909090909
1156,589,567,0.509515570934256,0.49048442906574397
1157,590,567,0.5099394987035436,0.49006050129645634
1158,590,568,0.5094991364421416,0.4905008635578584
1159,591,568,0.5099223468507333,0.4900776531492666
1160,591,569,0.5094827586206897,0.49051724137931035
1161,592,569,0.5099052540913006,0.4900947459086994
1162,593,569,0.5103270223752151,0.48967297762478484
1163,594,569,0.5107480653482374,0.4892519346517627
1164,594,570,0.5103092783505154,0.4896907216494845
1165,595,570,0.5107296137339056,0.4892703862660944
1166,595,571,0.5102915951972555,0.4897084048027444
1167,595,572,0.5098543273350471,0.49014567266495285
1168,596,572,0.5102739726027398,0.4897260273972603
1169,596,573,0.5098374679213002,0.49016253207869975
1170,597,573,0.5102564102564102,0.4897435897435897
1171,598,573,0.5106746370623398,0.4893253629376601
1172,599,573,0.5110921501706485,0.48890784982935154
1173,600,573,0.5115089514066496,0.4884910485933504
1174,600,574,0.5110732538330494,0.4889267461669506
1175,600,575,0.5106382978723404,0.48936170212765956
1176,600,576,0.5102040816326531,0.4897959183673469
1177,600,577,0.5097706032285472,0.49022939677145283
1178,601,577,0.5101867572156197,0.4898132427843803
1179,602,577,0.5106022052586938,0.4893977947413062
1180,602,578,0.5101694915254237,0.48983050847457626
1181,603,578,0.5105842506350551,0.489415749364945
1182,603,579,0.5101522842639594,0.48984771573604063
1183,604,579,0.5105663567202029,0.4894336432797971
1184,604,580,0.5101351351351351,0.48986486486486486
1185,604,581,0.509704641350211,0.490295358649789
1186,604,582,0.5092748735244519,0.49072512647554806
1187,605,582,0.5096882898062342,0.4903117101937658
1188,605,583,0.5092592592592593,0.49074074074074076
1189,606,583,0.5096719932716569,0.49032800672834315
1190,606,584,0.5092436974789916,0.4907563025210084
1191,606,585,0.5088161209068011,0.491183879093199
1192,607,585,0.5092281879194631,0.49077181208053694
1193,608,585,0.509639564124057,0.490360435875943
1194,608,586,0.509212730318258,0.490787269681742
1195,608,587,0.5087866108786611,0.49121338912133894
1196,609,587,0.5091973244147158,0.4908026755852843
1197,609,588,0.5087719298245614,0.49122807017543857
1198,609,589,0.508347245409015,0.49165275459098495
1199,609,590,0.5079232693911593,0.4920767306088407
1200,609,591,0.5075,0.4925
1201,610,591,0.507910074937552,0.492089925062448
1202,610,592,0.5074875207986689,0.4925124792013311
1203,611,592,0.5078969243557773,0.4921030756442228
1204,611,593,0.5074750830564784,0.4925249169435216
1205,611,594,0.5070539419087137,0.49294605809128633
1206,612,594,0.5074626865671642,0.4925373134328358
1207,612,595,0.5070422535211268,0.49295774647887325
1208,613,595,0.5074503311258278,0.4925496688741722
1209,613,596,0.5070306038047974,0.49296939619520264
1210,614,596,0.5074380165289256,0.4925619834710744
1211,615,596,0.5078447563996696,0.4921552436003303
1212,615,597,0.5074257425742574,0.49257425742574257
1213,616,597,0.5078318219291014,0.4921681780708986
1214,617,597,0.5082372322899505,0.4917627677100494
1215,617,598,0.5078189300411523,0.49218106995884775
1216,618,598,0.5082236842105263,0.4917763157894737
1217,618,599,0.5078060805258833,0.49219391947411667
1218,619,599,0.5082101806239737,0.4917898193760263
1219,619,600,0.5077932731747334,0.4922067268252666
1220,620,600,0.5081967213114754,0.4918032786885246
1221,620,601,0.5077805077805078,0.49221949221949224
1222,620,602,0.5073649754500819,0.49263502454991814
1223,621,602,0.5077677841373671,0.4922322158626329
1224,621,603,0.5073529411764706,0.49264705882352944
1225,622,603,0.5077551020408163,0.4922448979591837
1226,622,604,0.5073409461663948,0.4926590538336052
1227,622,605,0.5069274653626732,0.4930725346373268
1228,623,605,0.507328990228013,0.49267100977198697
1229,623,606,0.5069161920260374,0.49308380797396256
1230,623,607,0.5065040650406504,0.49349593495934957
1231,624,607,0.5069049553208773,0.4930950446791227
1232,625,607,0.5073051948051948,0.4926948051948052
1233,626,607,0.5077047850770479,0.49229521492295214
1234,626,608,0.5072933549432739,0.49270664505672607
1235,626,609,0.5068825910931174,0.4931174089068826
1236,626,610,0.5064724919093851,0.4935275080906149
1237,627,610,0.5068714632174616,0.4931285367825384
1238,628,610,0.5072697899838449,0.4927302100161551
1239,628,611,0.5068603712671509,0.49313962873284906
1240,629,611,0.507258064516129,0.49274193548387096
1241,630,611,0.5076551168412571,0.492344883158743
1242,631,611,0.5080515297906603,0.4919484702093398
1243,631,612,0.5076427996781979,0.4923572003218021
1244,632,612,0.5080385852090032,0.4919614147909968
1245,633,612,0.5084337349397591,0.491566265060241
1246,633,613,0.5080256821829856,0.49197431781701445
1247,634,613,0.5084202085004009,0.491579791499599
1248,634,614,0.5080128205128205,0.49198717948717946
1249,635,614,0.5084067253803043,0.49159327461969576
1250,636,614,0.5088,0.4912
1251,637,614,0.5091926458832934,0.4908073541167066
1252,637,615,0.5087859424920128,0.49121405750798725
1253,637,616,0.5083798882681564,0.49162011173184356
1254,637,617,0.5079744816586922,0.4920255183413078
1255,637,618,0.5075697211155379,0.49243027888446217
1256,637,619,0.5071656050955414,0.4928343949044586
1257,638,619,0.507557677008751,0.492442322991249
1258,638,620,0.5071542130365659,0.492845786963434
1259,639,620,0.5075456711675933,0.4924543288324067
1260,640,620,0.5079365079365079,0.49206349206349204
1261,640,621,0.507533703409992,0.49246629659000796
1262,640,622,0.5071315372424723,0.4928684627575277
1263,641,622,0.5075217735550277,0.4924782264449723
1264,642,622,0.5079113924050633,0.4920886075949367
1265,643,622,0.508300395256917,0.491699604743083
1266,644,622,0.5086887835703001,0.4913112164296998
1267,644,623,0.5082872928176796,0.49171270718232046
1268,644,624,0.5078864353312302,0.4921135646687697
1269,644,625,0.5074862096138691,0.4925137903861308
1270,644,626,0.5070866141732283,0.49291338582677163
1271,645,626,0.5074744295830055,0.4925255704169945
1272,646,626,0.5078616352201258,0.4921383647798742
1273,646,627,0.5074626865671642,0.4925373134328358
1274,646,628,0.5070643642072213,0.49293563579277866
1275,646,629,0.5066666666666667,0.49333333333333335
1276,646,630,0.5062695924764891,0.493730407523511
1277,646,631,0.5058731401722788,0.4941268598277212
1278,647,631,0.5062597809076682,0.4937402190923318
1279,647,632,0.5058639562157936,0.4941360437842064
1280,647,633,0.50546875,0.49453125
1281,648,633,0.5058548009367682,0.49414519906323184
1282,649,633,0.5062402496099844,0.49375975039001563
1283,649,634,0.5058456742010912,0.49415432579890883
1284,649,635,0.5054517133956387,0.4945482866043614
1285,650,635,0.5058365758754864,0.49416342412451364
1286,651,635,0.5062208398133748,0.4937791601866252
1287,651,636,0.5058275058275058,0.49417249417249415
1288,652,636,0.5062111801242236,0.4937888198757764
1289,653,636,0.5065942591155935,0.49340574088440653
1290,653,637,0.506201550387597,0.4937984496124031
1291,654,637,0.506584043377227,0.49341595662277304
1292,654,638,0.5061919504643962,0.4938080495356037
1293,655,638,0.5065738592420727,0.4934261407579273
1294,656,638,0.5069551777434312,0.49304482225656876
1295,657,638,0.5073359073359074,0.49266409266409267
1296,657,639,0.5069444444444444,0.4930555555555556
1297,658,639,0.5073245952197378,0.4926754047802621
1298,659,639,0.5077041602465331,0.49229583975346686
1299,659,640,0.5073133179368745,0.4926866820631255
1300,659,641,0.5069230769230769,0.4930769230769231
1301,660,641,0.5073020753266718,0.49269792467332824
1302,661,641,0.5076804915514593,0.4923195084485407
1303,662,641,0.5080583269378358,0.49194167306216424
1304,663,641,0.5084355828220859,0.4915644171779141
1305,664,641,0.5088122605363985,0.49118773946360156
1306,665,641,0.5091883614088821,0.4908116385911179
1307,666,641,0.5095638867635807,0.4904361132364193
1308,667,641,0.5099388379204893,0.4900611620795107
1309,667,642,0.5095492742551566,0.4904507257448434
1310,668,642,0.5099236641221374,0.4900763358778626
1311,668,643,0.509534706331045,0.49046529366895497
1312,669,643,0.5099085365853658,0.49009146341463417
1313,670,643,0.5102817974105103,0.4897182025894897
1314,670,644,0.5098934550989346,0.4901065449010654
1315,670,645,0.5095057034220533,0.49049429657794674
1316,671,645,0.5098784194528876,0.49012158054711247
1317,671,646,0.5094912680334093,0.4905087319665907
1318,672,646,0.5098634294385432,0.49013657056145676
1319,673,646,0.510235026535254,0.489764973464746
1320,674,646,0.5106060606060606,0.4893939393939394
1321,674,647,0.5102195306585919,0.489780469341408
1322,675,647,0.510590015128593,0.48940998487140697
1323,675,648,0.5102040816326531,0.4897959183673469
1324,676,648,0.5105740181268882,0.48942598187311176
1325,677,648,0.510943396226415,0.4890566037735849
1326,678,648,0.5113122171945701,0.48868778280542985
1327,678,649,0.5109269027882442,0.48907309721175585
1328,679,649,0.5112951807228916,0.48870481927710846
1329,679,650,0.510910458991723,0.4890895410082769
1330,679,651,0.5105263157894737,0.48947368421052634
1331,680,651,0.5108940646130729,0.48910593538692715
1332,681,651,0.5112612612612613,0.48873873873873874
1333,681,652,0.5108777194298575,0.4891222805701425
1334,682,652,0.5112443778110944,0.48875562218890556
1335,683,652,0.5116104868913858,0.4883895131086142
1336,683,653,0.5112275449101796,0.48877245508982037
1337,683,654,0.5108451757666418,0.48915482423335827
1338,684,654,0.5112107623318386,0.48878923766816146
1339,685,654,0.5115758028379388,0.48842419716206126
1340,686,654,0.5119402985074627,0.4880597014925373
1341,687,654,0.5123042505592841,0.48769574944071586
1342,688,654,0.5126676602086438,0.4873323397913562
1343,689,654,0.513030528667163,0.4869694713328369
1344,689,655,0.5126488095238095,0.48735119047619047
1345,689,656,0.512267657992565,0.4877323420074349
1346,690,656,0.512630014858841,0.487369985141159
1347,691,656,0.5129918337045286,0.48700816629547145
1348,692,656,0.5133531157270029,0.486646884272997
1349,692,657,0.5129725722757599,0.4870274277242402
1350,692,658,0.5125925925925926,0.4874074074074074
1351,692,659,0.5122131754256106,0.4877868245743893
1352,692,660,0.5118343195266272,0.4881656804733728
1353,692,661,0.5114560236511456,0.4885439763488544
1354,693,661,0.5118168389955687,0.4881831610044313
1355,694,661,0.5121771217712177,0.4878228782287823
1356,695,661,0.5125368731563422,0.48746312684365783
1357,696,661,0.5128960943257185,0.4871039056742815
1358,696,662,0.5125184094256259,0.48748159057437407
1359,696,663,0.5121412803532008,0.4878587196467991
1360,696,664,0.5117647058823529,0.48823529411764705
1361,697,664,0.5121234386480529,0.4878765613519471
1362,697,665,0.5117474302496329,0.4882525697503671
1363,698,665,0.5121056493030081,0.48789435069699194
1364,698,666,0.5117302052785924,0.48826979472140764
1365,699,666,0.512087912087912,0.4879120879120879
1366,700,666,0.5124450951683748,0.48755490483162517
1367,701,666,0.5128017556693489,0.48719824433065106
1368,701,667,0.5124269005847953,0.48757309941520466
1369,701,668,0.5120525931336742,0.48794740686632576
1370,702,668,0.5124087591240876,0.48759124087591244
1371,703,668,0.512764405543399,0.48723559445660103
1372,703,669,0.5123906705539358,0.48760932944606417
1373,703,670,0.5120174799708667,0.4879825200291333
1374,704,670,0.512372634643377,0.487627365356623
1375,705,670,0.5127272727272727,0.48727272727272725
1376,705,671,0.5123546511627907,0.4876453488372093
1377,705,672,0.5119825708061002,0.4880174291938998
1378,705,673,0.511611030478955,0.488388969521045
1379,705,674,0.5112400290065264,0.4887599709934735
1380,705,675,0.5108695652173914,0.4891304347826087
1381,706,675,0.5112237509051412,0.4887762490948588
1382,706,676,0.5108538350217077,0.48914616497829233
1383,706,677,0.5104844540853217,0.4895155459146782
1384,706,678,0.5101156069364162,0.48988439306358383
1385,706,679,0.5097472924187726,0.4902527075812274
1386,706,680,0.5093795093795094,0.4906204906204906
1387,706,681,0.5090122566690699,0.49098774333093004
1388,706,682,0.5086455331412104,0.49135446685878964
1389,706,683,0.5082793376529877,0.4917206623470122
1390,706,684,0.5079136690647482,0.4920863309352518
1391,706,685,0.507548526240115,0.49245147375988496
1392,707,685,0.5079022988505747,0.4920977011494253
1393,707,686,0.507537688442211,0.49246231155778897
1394,708,686,0.5078909612625538,0.4921090387374462
1395,708,687,0.5075268817204301,0.4924731182795699
1396,709,687,0.5078796561604585,0.49212034383954156
1397,710,687,0.5082319255547602,0.4917680744452398
1398,710,688,0.5078683834048641,0.49213161659513593
1399,710,689,0.507505360972123,0.49249463902787705
1400,711,689,0.5078571428571429,0.49214285714285716
1401,712,689,0.5082084225553176,0.4917915774446824
1402,713,689,0.5085592011412268,0.4914407988587732
1403,714,689,0.5089094796863863,0.49109052031361367
1404,715,689,0.5092592592592593,0.49074074074074076
1405,715,690,0.5088967971530249,0.49110320284697506
1406,715,691,0.5085348506401138,0.4914651493598862
1407,715,692,0.5081734186211798,0.4918265813788202
1408,716,692,0.5085227272727273,0.4914772727272727
1409,716,693,0.5081618168914124,0.4918381831085876
1410,717,693,0.5085106382978724,0.49148936170212765
1411,718,693,0.5088589652728561,0.4911410347271439
1412,718,694,0.5084985835694051,0.4915014164305949
1413,718,695,0.508138711960368,0.49186128803963197
1414,718,696,0.5077793493635078,0.49222065063649223
1415,718,697,0.5074204946996467,0.4925795053003534
1416,719,697,0.507768361581921,0.4922316384180791
1417,719,698,0.507410021171489,0.49258997882851097
1418,719,699,0.5070521861777151,0.4929478138222849
1419,719,700,0.5066948555320648,0.49330514446793516
1420,720,700,0.5070422535211268,0.49295774647887325
1421,721,700,0.5073891625615764,0.49261083743842365
1422,722,700,0.5077355836849508,0.49226441631504925
1423,722,701,0.5073787772312017,0.49262122276879833
1424,723,701,0.5077247191011236,0.4922752808988764
1425,723,702,0.5073684210526316,0.4926315789473684
1426,724,702,0.5077138849929874,0.49228611500701264
1427,725,702,0.5080588647512263,0.49194113524877364
1428,726,702,0.5084033613445378,0.49159663865546216
1429,726,703,0.5080475857242828,0.4919524142757173
1430,727,703,0.5083916083916084,0.4916083916083916
1431,727,704,0.5080363382250175,0.4919636617749825
1432,728,704,0.5083798882681564,0.49162011173184356
1433,728,705,0.5080251221214236,0.4919748778785764
1434,729,705,0.5083682008368201,0.4916317991631799
1435,730,705,0.5087108013937283,0.4912891986062718
1436,731,705,0.5090529247910863,0.4909470752089137
1437,732,705,0.5093945720250522,0.4906054279749478
1438,732,706,0.5090403337969402,0.4909596662030598
1439,733,706,0.5093815149409312,0.4906184850590688
1440,733,707,0.5090277777777777,0.4909722222222222
1441,734,707,0.5093684941013186,0.4906315058986815
1442,734,708,0.5090152565880721,0.4909847434119279
1443,734,709,0.5086625086625086,0.49133749133749133
1444,734,710,0.5083102493074793,0.4916897506925208
1445,734,711,0.5079584775086505,0.49204152249134947
1446,734,712,0.5076071922544951,0.49239280774550487
1447,734,713,0.507256392536282,0.49274360746371804
1448,734,714,0.5069060773480663,0.4930939226519337
1449,734,715,0.5065562456866805,0.49344375431331955
1450,735,715,0.506896551724138,0.49310344827586206
1451,736,715,0.50723638869745,0.49276361130255
1452,737,715,0.5075757575757576,0.49242424242424243
1453,737,716,0.5072264280798349,0.4927735719201652
1454,738,716,0.5075653370013755,0.4924346629986245
1455,738,717,0.5072164948453608,0.4927835051546392
1456,738,718,0.5068681318681318,0.49313186813186816
1457,739,718,0.5072065888812629,0.49279341111873715
1458,739,719,0.5068587105624143,0.49314128943758573
1459,740,719,0.5071967100753941,0.49280328992460587
1460,740,720,0.5068493150684932,0.4931506849315068
1461,741,720,0.5071868583162218,0.4928131416837782
1462,741,721,0.5068399452804377,0.49316005471956226
1463,741,722,0.5064935064935064,0.4935064935064935
1464,742,722,0.5068306010928961,0.4931693989071038
1465,743,722,0.5071672354948805,0.4928327645051195
1466,743,723,0.5068212824010914,0.4931787175989086
1467,744,723,0.5071574642126789,0.49284253578732107
1468,744,724,0.5068119891008175,0.49318801089918257
1469,744,725,0.5064669843430906,0.49353301565690944
1470,744,726,0.5061224489795918,0.49387755102040815
1471,745,726,0.5064581917063222,0.4935418082936778
1472,745,727,0.5061141304347826,0.4938858695652174
1473,745,728,0.5057705363204344,0.4942294636795655
1474,745,729,0.505427408412483,0.494572591587517
1475,745,730,0.5050847457627119,0.49491525423728816
1476,746,730,0.505420054200542,0.494579945799458
1477,747,730,0.5057549085985105,0.4942450914014895
1478,748,730,0.5060893098782138,0.4939106901217862
1479,749,730,0.506423258958756,0.4935767410412441
1480,749,731,0.5060810810810811,0.4939189189189189
1481,750,731,0.5064145847400405,0.49358541525995947
1482,750,732,0.5060728744939271,0.4939271255060729
1483,750,733,0.5057316250842886,0.4942683749157114
1484,751,733,0.5060646900269542,0.4939353099730458
1485,752,733,0.5063973063973064,0.4936026936026936
1486,752,734,0.506056527590848,0.4939434724091521
1487,752,735,0.5057162071284466,0.49428379287155344
1488,753,735,0.5060483870967742,0.4939516129032258
1489,754,735,0.506380120886501,0.49361987911349897
1490,755,735,0.5067114093959731,0.49328859060402686
1491,755,736,0.5063715627095908,0.4936284372904091
1492,756,736,0.5067024128686327,0.4932975871313673
1493,756,737,0.506363027461487,0.4936369725385131
1494,756,738,0.5060240963855421,0.4939759036144578
1495,757,738,0.5063545150501673,0.4936454849498328
1496,758,738,0.5066844919786097,0.49331550802139035
1497,759,738,0.5070140280561122,0.49298597194388777
1498,759,739,0.5066755674232309,0.493324432576769
1499,759,740,0.5063375583722481,0.49366244162775186
1500,759,741,0.506,0.494
1501,759,742,0.5056628914057295,0.4943371085942705
1502,760,742,0.5059920106524634,0.4940079893475366
1503,761,742,0.5063206919494344,0.49367930805056554
1504,762,742,0.5066489361702128,0.4933510638297872
1505,762,743,0.506312292358804,0.493687707641196
1506,763,743,0.5066401062416999,0.49335989375830014
1507,763,744,0.5063039150630392,0.4936960849369608
1508,763,745,0.5059681697612732,0.49403183023872677
1509,763,746,0.5056328694499669,0.4943671305500331
1510,763,747,0.5052980132450331,0.4947019867549669
1511,764,747,0.5056254136333554,0.4943745863666446
1512,765,747,0.5059523809523809,0.49404761904761907
1513,765,748,0.5056179775280899,0.4943820224719101
1514,766,748,0.5059445178335535,0.4940554821664465
1515,766,749,0.5056105610561056,0.49438943894389437
1516,766,750,0.5052770448548812,0.4947229551451187
1517,766,751,0.5049439683586026,0.4950560316413975
1518,766,752,0.5046113306982872,0.49538866930171277
1519,767,752,0.5049374588545096,0.4950625411454905
1520,768,752,0.5052631578947369,0.49473684210526314
1521,768,753,0.504930966469428,0.49506903353057197
1522,768,754,0.5045992115637319,0.49540078843626806
1523,769,754,0.504924491135916,0.495075508864084
1524,770,754,0.505249343832021,0.494750656167979
1525,770,755,0.5049180327868853,0.49508196721311476
1526,771,755,0.5052424639580603,0.4947575360419397
1527,772,755,0.5055664702030125,0.49443352979698757
1528,772,756,0.5052356020942408,0.49476439790575916
1529,773,756,0.5055591890124265,0.4944408109875736
1530,774,756,0.5058823529411764,0.49411764705882355
1531,775,756,0.5062050947093403,0.4937949052906597
1532,776,756,0.5065274151436031,0.4934725848563969
1533,776,757,0.5061969993476843,0.4938030006523157
1534,776,758,0.5058670143415906,0.4941329856584094
1535,776,759,0.5055374592833877,0.4944625407166124
1536,776,760,0.5052083333333334,0.4947916666666667
1537,777,760,0.505530253741054,0.494469746258946
1538,777,761,0.5052015604681405,0.49479843953185954
1539,778,761,0.5055230669265757,0.4944769330734243
1540,778,762,0.5051948051948052,0.4948051948051948
1541,779,762,0.5055158987670344,0.4944841012329656
1542,779,763,0.5051880674448768,0.49481193255512324
1543,780,763,0.5055087491898899,0.4944912508101102
1544,781,763,0.5058290155440415,0.49417098445595853
1545,782,763,0.5061488673139158,0.49385113268608416
1546,782,764,0.5058214747736093,0.49417852522639066
1547,783,764,0.5061409179056238,0.49385908209437623
1548,784,764,0.5064599483204134,0.4935400516795866
1549,784,765,0.5061329890251776,0.49386701097482244
1550,785,765,0.5064516129032258,0.4935483870967742
1551,785,766,0.5061250805931657,0.4938749194068343
1552,786,766,0.5064432989690721,0.49355670103092786
1553,787,766,0.5067611075338055,0.49323889246619446
1554,787,767,0.5064350064350064,0.49356499356499356
1555,787,768,0.5061093247588424,0.49389067524115754
1556,788,768,0.506426735218509,0.493573264781491
1557,789,768,0.5067437379576107,0.4932562620423892
1558,790,768,0.5070603337612324,0.49293966623876767
1559,791,768,0.5073765234124439,0.4926234765875561
1560,791,769,0.507051282051282,0.492948717948718
1561,792,769,0.507367072389494,0.4926329276105061
1562,792,770,0.5070422535211268,0.49295774647887325
1563,793,770,0.5073576455534229,0.4926423544465771
1564,793,771,0.5070332480818415,0.4929667519181586
1565,794,771,0.5073482428115016,0.4926517571884984
1566,794,772,0.5070242656449553,0.4929757343550447
1567,794,773,0.5067007019783025,0.49329929802169753
1568,795,773,0.5070153061224489,0.492984693877551
1569,795,774,0.5066921606118547,0.4933078393881453
1570,795,775,0.5063694267515924,0.49363057324840764
1571,796,775,0.5066836409929981,0.49331635900700194
1572,796,776,0.5063613231552163,0.49363867684478374
1573,797,776,0.5066751430387794,0.4933248569612206
1574,798,776,0.5069885641677255,0.49301143583227447
1575,798,777,0.5066666666666667,0.49333333333333335
1576,798,778,0.5063451776649747,0.4936548223350254
1577,799,778,0.5066582117945466,0.4933417882054534
1578,799,779,0.5063371356147022,0.49366286438529783
1579,799,780,0.506016466117796,0.49398353388220395
1580,800,780,0.5063291139240507,0.4936708860759494
1581,801,780,0.5066413662239089,0.49335863377609107
1582,801,781,0.5063211125158028,0.4936788874841972
1583,802,781,0.5066329753632344,0.4933670246367656
1584,803,781,0.5069444444444444,0.4930555555555556
1585,803,782,0.5066246056782334,0.4933753943217666
1586,803,783,0.5063051702395964,0.4936948297604035
1587,803,784,0.5059861373660995,0.49401386263390046
1588,804,784,0.5062972292191436,0.49370277078085645
1589,804,785,0.5059786028949025,0.49402139710509757
1590,804,786,0.5056603773584906,0.49433962264150944
1591,805,786,0.5059710873664363,0.4940289126335638
1592,806,786,0.5062814070351759,0.4937185929648241
1593,806,787,0.5059635907093534,0.49403640929064657
1594,806,788,0.5056461731493099,0.49435382685069007
1595,807,788,0.5059561128526646,0.49404388714733544
1596,807,789,0.5056390977443609,0.4943609022556391
1597,808,789,0.5059486537257357,0.4940513462742642
1598,808,790,0.5056320400500626,0.49436795994993743
1599,809,790,0.5059412132582864,0.49405878674171355
1600,810,790,0.50625,0.49375
1601,810,791,0.5059337913803873,0.49406620861961276
1602,811,791,0.5062421972534332,0.4937578027465668
1603,811,792,0.5059263880224579,0.4940736119775421
1604,812,792,0.5062344139650873,0.4937655860349127
1605,813,792,0.5065420560747663,0.4934579439252336
1606,814,792,0.5068493150684932,0.4931506849315068
1607,815,792,0.5071561916614811,0.492843808338519
1608,815,793,0.5068407960199005,0.4931592039800995
1609,815,794,0.5065257924176507,0.4934742075823493
1610,816,794,0.506832298136646,0.493167701863354
1611,816,795,0.5065176908752328,0.4934823091247672
1612,817,795,0.5068238213399504,0.49317617866004965
1613,817,796,0.5065096094234346,0.4934903905765654
1614,817,797,0.5061957868649318,0.49380421313506817
1615,817,798,0.5058823529411764,0.49411764705882355
1616,818,798,0.5061881188118812,0.4938118811881188
1617,819,798,0.5064935064935064,0.4935064935064935
1618,819,799,0.5061804697156984,0.4938195302843016
1619,820,799,0.506485484867202,0.49351451513279804
1620,820,800,0.5061728395061729,0.49382716049382713
1621,820,801,0.5058605798889574,0.49413942011104256
1622,821,801,0.5061652281134402,0.4938347718865598
1623,821,802,0.5058533579790512,0.4941466420209489
1624,821,803,0.5055418719211823,0.4944581280788177
1625,822,803,0.5058461538461538,0.49415384615384617
1626,823,803,0.506150061500615,0.49384993849938497
1627,824,803,0.5064535955746773,0.49354640442532266
1628,825,803,0.5067567567567568,0.49324324324324326
1629,826,803,0.5070595457335789,0.49294045426642114
1630,827,803,0.507361963190184,0.49263803680981594
1631,827,804,0.507050889025138,0.49294911097486205
1632,827,805,0.5067401960784313,0.49325980392156865
1633,827,806,0.5064298836497244,0.4935701163502756
1634,828,806,0.5067319461444308,0.49326805385556916
1635,828,807,0.5064220183486239,0.4935779816513762
1636,829,807,0.5067237163814181,0.4932762836185819
1637,829,808,0.5064141722663409,0.4935858277336591
1638,830,808,0.5067155067155067,0.4932844932844933
1639,831,808,0.5070164734594265,0.49298352654057354
1640,831,809,0.5067073170731707,0.49329268292682926
1641,831,810,0.506398537477148,0.4936014625228519
1642,831,811,0.5060901339829477,0.4939098660170524
1643,831,812,0.5057821059038344,0.49421789409616557
1644,831,813,0.5054744525547445,0.49452554744525545
1645,831,814,0.5051671732522797,0.4948328267477204
1646,832,814,0.5054678007290401,0.4945321992709599
1647,833,814,0.5057680631451124,0.4942319368548877
1648,833,815,0.5054611650485437,0.4945388349514563
1649,833,816,0.5051546391752577,0.4948453608247423
1650,834,816,0.5054545454545455,0.49454545454545457
1651,835,816,0.5057540884312538,0.4942459115687462
1652,835,817,0.5054479418886199,0.49455205811138014
1653,836,817,0.5057471264367817,0.4942528735632184
1654,836,818,0.5054413542926239,0.49455864570737607
1655,836,819,0.5051359516616314,0.49486404833836856
1656,836,820,0.5048309178743962,0.49516908212560384
1657,836,821,0.5045262522631261,0.49547374773687386
1658,836,822,0.5042219541616405,0.4957780458383595
1659,836,823,0.5039180229053647,0.4960819770946353
1660,836,824,0.5036144578313253,0.4963855421686747
1661,836,825,0.5033112582781457,0.4966887417218543
1662,837,825,0.5036101083032491,0.4963898916967509
1663,838,825,0.5039085989176187,0.49609140108238126
1664,839,825,0.5042067307692307,0.4957932692307692
1665,840,825,0.5045045045045045,0.4954954954954955
1666,840,826,0.5042016806722689,0.4957983193277311
1667,841,826,0.504499100179964,0.495500899820036
1668,842,826,0.5047961630695443,0.4952038369304556
1669,842,827,0.5044937088076693,0.49550629119233075
1670,843,827,0.5047904191616767,0.49520958083832334
1671,844,827,0.5050867743865949,0.49491322561340517
1672,845,827,0.5053827751196173,0.4946172248803828
1673,845,828,0.5050806933652122,0.4949193066347878
1674,845,829,0.504778972520908,0.49522102747909197
1675,845,830,0.5044776119402985,0.4955223880597015
1676,846,830,0.5047732696897375,0.49522673031026254
1677,846,831,0.5044722719141324,0.49552772808586765
1678,847,831,0.5047675804529201,0.49523241954707986
1679,848,831,0.5050625372245384,0.4949374627754616
1680,848,832,0.5047619047619047,0.49523809523809526
1681,848,833,0.5044616299821535,0.4955383700178465
1682,848,834,0.5041617122473246,0.4958382877526754
1683,848,835,0.5038621509209744,0.49613784907902553
1684,848,836,0.503562945368171,0.49643705463182897
1685,849,836,0.5038575667655787,0.49614243323442137
1686,850,836,0.5041518386714117,0.4958481613285884
1687,850,837,0.5038529934795495,0.4961470065204505
1688,850,838,0.5035545023696683,0.49644549763033174
1689,851,838,0.5038484310242747,0.49615156897572527
1690,852,838,0.5041420118343195,0.4958579881656805
1691,852,839,0.5038438793613247,0.4961561206386753
1692,853,839,0.5041371158392435,0.4958628841607565
1693,854,839,0.5044300059066745,0.49556999409332547
1694,855,839,0.5047225501770957,0.4952774498229044
1695,855,840,0.504424778761062,0.49557522123893805
1696,855,841,0.504127358490566,0.49587264150943394
1697,855,842,0.5038302887448438,0.49616971125515613
1698,856,842,0.5041224970553593,0.4958775029446408
1699,856,843,0.503825779870512,0.4961742201294879
1700,856,844,0.5035294117647059,0.4964705882352941
1701,857,844,0.5038212815990594,0.49617871840094063
1702,857,845,0.5035252643948296,0.4964747356051704
1703,858,845,0.5038167938931297,0.4961832061068702
1704,859,845,0.5041079812206573,0.49589201877934275
1705,860,845,0.5043988269794721,0.49560117302052786
1706,861,845,0.5046893317702228,0.49531066822977726
1707,862,845,0.50497949619215,0.49502050380785
1708,863,845,0.5052693208430913,0.49473067915690866
1709,863,846,0.5049736688121709,0.4950263311878291
1710,864,846,0.5052631578947369,0.49473684210526314
1711,865,846,0.5055523085914669,0.494447691408533
1712,865,847,0.5052570093457944,0.4947429906542056
1713,865,848,0.5049620548744892,0.4950379451255108
1714,865,849,0.5046674445740957,0.4953325554259043
1715,866,849,0.5049562682215744,0.49504373177842564
1716,866,850,0.5046620046620046,0.49533799533799533
1717,867,850,0.504950495049505,0.49504950495049505
1718,868,850,0.5052386495925495,0.4947613504074505
1719,868,851,0.5049447353112274,0.49505526468877253
1720,869,851,0.5052325581395349,0.4947674418604651
1721,869,852,0.5049389889599071,0.495061011040093
1722,869,853,0.5046457607433217,0.49535423925667826
1723,870,853,0.5049332559489262,0.4950667440510737
1724,870,854,0.5046403712296984,0.4953596287703016
1725,871,854,0.504927536231884,0.4950724637681159
1726,871,855,0.5046349942062572,0.49536500579374276
1727,871,856,0.5043427909669947,0.4956572090330052
1728,872,856,0.5046296296296297,0.49537037037037035
1729,872,857,0.5043377674956623,0.4956622325043378
1730,873,857,0.5046242774566474,0.4953757225433526
1731,873,858,0.5043327556325823,0.49566724436741766
1732,874,858,0.5046189376443418,0.4953810623556582
1733,875,858,0.5049047893825735,0.49509521061742645
1734,876,858,0.5051903114186851,0.49480968858131485
1735,876,859,0.5048991354466859,0.49510086455331415
1736,877,859,0.505184331797235,0.49481566820276496
1737,878,859,0.5054691997697179,0.4945308002302821
1738,878,860,0.5051783659378596,0.4948216340621404
1739,879,860,0.5054629097182288,0.4945370902817711
1740,879,861,0.5051724137931034,0.49482758620689654
1741,880,861,0.5054566341183228,0.4945433658816772
1742,881,861,0.5057405281285878,0.49425947187141217
1743,882,861,0.5060240963855421,0.4939759036144578
1744,882,862,0.5057339449541285,0.49426605504587157
1745,882,863,0.5054441260744985,0.49455587392550143
1746,883,863,0.5057273768613975,0.49427262313860254
1747,883,864,0.5054378935317687,0.49456210646823123
1748,884,864,0.505720823798627,0.494279176201373
1749,885,864,0.5060034305317325,0.4939965694682676
1750,886,864,0.5062857142857143,0.4937142857142857
1751,886,865,0.5059965733866362,0.49400342661336377
1752,887,865,0.5062785388127854,0.4937214611872146
1753,888,865,0.50656018254421,0.4934398174557901
1754,888,866,0.5062713797035348,0.49372862029646525
1755,889,866,0.5065527065527066,0.49344729344729343
1756,890,866,0.5068337129840547,0.49316628701594534
1757,891,866,0.5071143995446784,0.4928856004553216
1758,892,866,0.5073947667804323,0.4926052332195677
1759,892,867,0.5071063104036384,0.4928936895963616
1760,892,868,0.5068181818181818,0.49318181818181817
1761,893,868,0.5070982396365701,0.49290176036342986
1762,894,868,0.5073779795686719,0.492622020431328
1763,894,869,0.5070901871809416,0.49290981281905843
1764,894,870,0.5068027210884354,0.4931972789115646
1765,895,870,0.5070821529745042,0.49291784702549574
1766,895,871,0.5067950169875425,0.4932049830124575
1767,896,871,0.5070741369552915,0.49292586304470853
1768,897,871,0.5073529411764706,0.49264705882352944
1769,897,872,0.5070661390616167,0.49293386093838326
1770,897,873,0.5067796610169492,0.49322033898305084
1771,897,874,0.5064935064935064,0.4935064935064935
1772,897,875,0.5062076749435666,0.4937923250564334
1773,897,876,0.505922165820643,0.494077834179357
1774,897,877,0.5056369785794814,0.4943630214205186
1775,898,877,0.5059154929577465,0.49408450704225354
1776,898,878,0.5056306306306306,0.49436936936936937
1777,898,879,0.5053460889138999,0.4946539110861002
1778,898,880,0.5050618672665916,0.4949381327334083
1779,899,880,0.5053400786958966,0.4946599213041034
1780,899,881,0.505056179775281,0.4949438202247191
1781,900,881,0.5053340819764177,0.49466591802358223
1782,901,881,0.5056116722783389,0.4943883277216611
1783,901,882,0.5053280987100393,0.49467190128996075
1784,902,882,0.5056053811659192,0.4943946188340807
1785,903,882,0.5058823529411764,0.49411764705882355
1786,904,882,0.5061590145576708,0.49384098544232924
1787,904,883,0.5058757694459989,0.4941242305540011
1788,905,883,0.506152125279642,0.49384787472035796
1789,906,883,0.5064281721632197,0.49357182783678033
1790,906,884,0.506145251396648,0.49385474860335193
1791,907,884,0.5064209938581797,0.4935790061418202
1792,907,885,0.5061383928571429,0.49386160714285715
1793,908,885,0.5064138315672058,0.4935861684327942
1794,909,885,0.5066889632107023,0.49331103678929766
1795,909,886,0.5064066852367688,0.4935933147632312
1796,909,887,0.5061247216035635,0.4938752783964365
1797,910,887,0.5063995548135782,0.4936004451864218
1798,910,888,0.5061179087875417,0.4938820912124583
1799,910,889,0.5058365758754864,0.49416342412451364
1800,911,889,0.5061111111111111,0.4938888888888889
1801,912,889,0.5063853414769572,0.49361465852304276
1802,912,890,0.5061043285238623,0.4938956714761376
1803,912,891,0.5058236272878536,0.49417637271214643
1804,913,891,0.5060975609756098,0.49390243902439024
1805,914,891,0.506371191135734,0.4936288088642659
1806,915,891,0.5066445182724253,0.49335548172757476
1807,915,892,0.5063641394576647,0.4936358605423354
1808,915,893,0.5060840707964602,0.4939159292035398
1809,915,894,0.5058043117744611,0.494195688225539
1810,915,895,0.505524861878453,0.494475138121547
1811,916,895,0.5057979017117614,0.4942020982882385
1812,916,896,0.5055187637969095,0.49448123620309054
1813,917,896,0.5057915057915058,0.4942084942084942
1814,917,897,0.5055126791620728,0.49448732083792724
1815,917,898,0.5052341597796143,0.49476584022038567
1816,918,898,0.5055066079295154,0.4944933920704846
1817,919,898,0.5057787561915245,0.4942212438084755
1818,920,898,0.506050605060506,0.49394939493949397
1819,921,898,0.5063221550302364,0.4936778449697636
1820,921,899,0.506043956043956,0.493956043956044
1821,921,900,0.5057660626029654,0.4942339373970346
1822,921,901,0.5054884742041712,0.49451152579582874
1823,922,901,0.505759736697751,0.494240263302249
1824,922,902,0.5054824561403509,0.49451754385964913
1825,922,903,0.5052054794520547,0.4947945205479452
1826,922,904,0.5049288061336255,0.4950711938663746
1827,922,905,0.5046524356869184,0.4953475643130816
1828,923,905,0.5049234135667396,0.4950765864332604
1829,923,906,0.5046473482777474,0.4953526517222526
1830,923,907,0.5043715846994535,0.49562841530054647
1831,923,908,0.5040961223375204,0.4959038776624795
1832,923,909,0.50382096069869,0.49617903930131
1833,924,909,0.5040916530278232,0.4959083469721768
1834,924,910,0.5038167938931297,0.4961832061068702
1835,924,911,0.5035422343324251,0.49645776566757494
1836,925,911,0.5038126361655774,0.49618736383442263
1837,926,911,0.5040827436037016,0.4959172563962983
1838,926,912,0.5038084874863983,0.4961915125136017
1839,927,912,0.5040783034257749,0.49592169657422513
1840,927,913,0.503804347826087,0.49619565217391304
1841,928,913,0.5040738728951657,0.4959261271048343
1842,929,913,0.504343105320304,0.495656894679696
1843,930,913,0.5046120455778622,0.49538795442213784
1844,931,913,0.504880694143167,0.49511930585683295
1845,931,914,0.5046070460704607,0.4953929539295393
1846,932,914,0.504875406283857,0.49512459371614304
1847,933,914,0.505143475906876,0.494856524093124
1848,933,915,0.5048701298701299,0.49512987012987014
1849,933,916,0.5045970795024337,0.49540292049756623
1850,933,917,0.5043243243243243,0.49567567567567566
1851,934,917,0.504592112371691,0.495407887628309
1852,935,917,0.5048596112311015,0.4951403887688985
1853,935,918,0.5045871559633027,0.4954128440366973
1854,935,919,0.5043149946062567,0.49568500539374327
1855,935,920,0.5040431266846361,0.49595687331536387
1856,936,920,0.5043103448275862,0.4956896551724138
1857,937,920,0.5045772751750135,0.49542272482498656
1858,937,921,0.5043057050592035,0.49569429494079653
1859,938,921,0.5045723507261969,0.4954276492738031
1860,938,922,0.5043010752688172,0.4956989247311828
1861,938,923,0.5040300913487372,0.4959699086512628
1862,938,924,0.5037593984962406,0.49624060150375937
1863,939,924,0.5040257648953301,0.49597423510466987
1864,939,925,0.503755364806867,0.49624463519313305
1865,939,926,0.503485254691689,0.49651474530831097
1866,939,927,0.5032154340836013,0.4967845659163987
1867,940,927,0.5034815211569362,0.4965184788430637
1868,940,928,0.5032119914346895,0.49678800856531047
1869,940,929,0.5029427501337613,0.4970572498662386
1870,941,929,0.5032085561497326,0.49679144385026736
1871,942,929,0.5034740780331374,0.4965259219668626
1872,942,930,0.5032051282051282,0.4967948717948718
1873,943,930,0.5034703683929524,0.4965296316070475
1874,943,931,0.5032017075773746,0.4967982924226254
1875,943,932,0.5029333333333333,0.49706666666666666
1876,944,932,0.5031982942430704,0.4968017057569296
1877,944,933,0.5029302077783697,0.4970697922216303
1878,944,934,0.5026624068157615,0.49733759318423854
1879,944,935,0.5023948908994146,0.4976051091005854
1880,945,935,0.5026595744680851,0.4973404255319149
1881,945,936,0.5023923444976076,0.49760765550239233
1882,945,937,0.502125398512221,0.49787460148777896
1883,945,938,0.5018587360594795,0.49814126394052044
1884,945,939,0.5015923566878981,0.4984076433121019
1885,946,939,0.5018567639257294,0.4981432360742706
1886,947,939,0.5021208907741251,0.49787910922587486
1887,947,940,0.501854795972443,0.49814520402755696
1888,947,941,0.5015889830508474,0.4984110169491525
1889,947,942,0.5013234515616728,0.49867654843832715
1890,948,942,0.5015873015873016,0.4984126984126984
1891,949,942,0.5018508725542041,0.49814912744579587
1892,950,942,0.5021141649048626,0.4978858350951374
1893,951,942,0.5023771790808241,0.4976228209191759
1894,952,942,0.5026399155227033,0.49736008447729674
1895,952,943,0.5023746701846966,0.49762532981530344
1896,953,943,0.5026371308016878,0.49736286919831224
1897,953,944,0.5023721665788087,0.4976278334211914
1898,954,944,0.5026343519494204,0.49736564805057953
1899,954,945,0.5023696682464455,0.4976303317535545
1900,954,946,0.5021052631578947,0.4978947368421053
1901,954,947,0.5018411362440821,0.49815886375591795
1902,955,947,0.5021030494216614,0.4978969505783386
1903,955,948,0.5018392012611665,0.4981607987388334
1904,955,949,0.5015756302521008,0.49842436974789917
1905,955,950,0.5013123359580053,0.49868766404199477
1906,955,951,0.5010493179433368,0.49895068205666315
1907,955,952,0.5007865757734662,0.4992134242265338
1908,955,953,0.500524109014675,0.49947589098532497
1909,956,953,0.500785751702462,0.49921424829753797
1910,957,953,0.5010471204188481,0.4989528795811518
1911,957,954,0.5007849293563579,0.49921507064364207
1912,957,955,0.5005230125523012,0.49947698744769875
1913,958,955,0.5007841087297439,0.4992158912702561
1914,959,955,0.5010449320794148,0.49895506792058514
1915,959,956,0.5007832898172324,0.49921671018276764
1916,960,956,0.5010438413361169,0.4989561586638831
1917,960,957,0.5007824726134585,0.49921752738654146
1918,960,958,0.5005213764337852,0.4994786235662148
1919,960,959,0.5002605523710266,0.49973944762897343
1920,961,959,0.5005208333333333,0.49947916666666664
1921,961,960,0.5002602811035919,0.4997397188964081
1922,961,961,0.5,0.5
1923,961,962,0.499739989599584,0.500260010400416
1924,961,963,0.4994802494802495,0.5005197505197505
1925,962,963,0.49974025974025976,0.5002597402597403
1926,962,964,0.4994807892004154,0.5005192107995846
1927,962,965,0.49922158796056043,0.5007784120394395
1928,963,965,0.4994813278008299,0.5005186721991701
1929,964,965,0.4997407983411094,0.5002592016588906
1930,964,966,0.49948186528497407,0.5005181347150259
1931,965,966,0.4997410668047644,0.5002589331952356
1932,965,967,0.4994824016563147,0.5005175983436853
1933,966,967,0.4997413347128815,0.5002586652871185
1934,967,967,0.5,0.5
1935,967,968,0.4997416020671835,0.5002583979328166
1936,967,969,0.4994834710743802,0.5005165289256198
1937,967,970,0.49922560660815696,0.500774393391843
1938,968,970,0.49948400412796695,0.500515995872033
1939,969,970,0.4997421351211965,0.5002578648788035
1940,969,971,0.49948453608247423,0.5005154639175258
1941,970,971,0.49974240082431737,0.5002575991756827
1942,971,971,0.5,0.5
1943,971,972,0.4997426659804426,0.5002573340195574
1944,971,973,0.49948559670781895,0.5005144032921811
1945,971,974,0.49922879177377893,0.5007712082262211
1946,972,974,0.499486125385406,0.5005138746145941
1947,972,975,0.49922958397534667,0.5007704160246533
1948,973,975,0.49948665297741274,0.5005133470225873
1949,973,976,0.49923037455105185,0.5007696254489482
1950,974,976,0.49948717948717947,0.5005128205128205
1951,975,976,0.49974372116863147,0.5002562788313686
1952,976,976,0.5,0.5
1953,976,977,0.49974398361495137,0.5002560163850487
1954,977,977,0.5,0.5
1955,977,978,0.4997442455242967,0.5002557544757034
1956,978,978,0.5,0.5
1957,978,979,0.49974450689831373,0.5002554931016863
1958,979,979,0.5,0.5
1959,979,980,0.4997447677386422,0.5002552322613578
1960,979,981,0.49948979591836734,0.5005102040816326
1961,980,981,0.49974502804691484,0.5002549719530852
1962,981,981,0.5,0.5
1963,981,982,0.499745287824758,0.500254712175242
1964,981,983,0.4994908350305499,0.5005091649694501
1965,981,984,0.49923664122137407,0.500763358778626
1966,982,984,0.49949135300101727,0.5005086469989827
1967,983,984,0.4997458057956279,0.5002541942043721
1968,984,984,0.5,0.5
1969,985,984,0.500253936008126,0.49974606399187405
1970,986,984,0.500507614213198,0.49949238578680205
1971,987,984,0.5007610350076104,0.4992389649923896
1972,987,985,0.5005070993914807,0.49949290060851925
1973,987,986,0.5002534211860111,0.4997465788139889
1974,987,987,0.5,0.5
1975,987,988,0.499746835443038,0.500253164556962
1976,987,989,0.49949392712550605,0.5005060728744939
1977,988,989,0.49974709155285785,0.5002529084471421
1978,988,990,0.4994944388270981,0.5005055611729019
1979,988,991,0.49924204143506823,0.5007579585649318
1980,988,992,0.498989898989899,0.501010101010101
1981,988,993,0.49873801110550225,0.5012619888944977
1982,989,993,0.4989909182643794,0.5010090817356205
1983,989,994,0.4987392839132627,0.5012607160867373
1984,989,995,0.49848790322580644,0.5015120967741935
1985,990,995,0.4987405541561713,0.5012594458438288
1986,990,996,0.4984894259818731,0.5015105740181269
1987,991,996,0.4987418218419728,0.5012581781580272
1988,992,996,0.49899396378269617,0.5010060362173038
1989,993,996,0.49924585218702866,0.5007541478129713
1990,993,997,0.49899497487437183,0.5010050251256282
1991,994,997,0.4992466097438473,0.5007533902561527
1992,995,997,0.4994979919678715,0.5005020080321285
1993,996,997,0.4997491219267436,0.5002508780732564
1994,997,997,0.5,0.5
1995,998,997,0.5002506265664161,0.49974937343358394
1996,998,998,0.5,0.5
1997,998,999,0.499749624436655,0.5002503755633451
1998,999,999,0.5,0.5
1999,1000,999,0.5002501250625313,0.49974987493746875
2000,1001,999,0.5005,0.4995
2001,1002,999,0.5007496251874063,0.4992503748125937
2002,1002,1000,0.5004995004995005,0.4995004995004995
2003,1002,1001,0.5002496255616575,0.49975037443834247
2004,1003,1001,0.5004990019960079,0.499500998003992
2005,1004,1001,0.5007481296758105,0.49925187032418955
2006,1004,1002,0.5004985044865404,0.4995014955134596
2007,1005,1002,0.5007473841554559,0.4992526158445441
2008,1005,1003,0.5004980079681275,0.4995019920318725
2009,1005,1004,0.5002488800398208,0.4997511199601792
2010,1005,1005,0.5,0.5
2011,1006,1005,0.5002486325211337,0.4997513674788662
2012,1007,1005,0.5004970178926441,0.4995029821073559
2013,1007,1006,0.5002483854942872,0.49975161450571287
2014,1007,1007,0.5,0.5
2015,1007,1008,0.4997518610421836,0.5002481389578164
2016,1007,1009,0.49950396825396826,0.5004960317460317
2017,1007,1010,0.4992563212692117,0.5007436787307883
2018,1007,1011,0.4990089197224975,0.5009910802775025
2019,1007,1012,0.49876176324913324,0.5012382367508668
2020,1007,1013,0.4985148514851485,0.5014851485148515
2021,1007,1014,0.4982681840672934,0.5017318159327065
2022,1007,1015,0.4980217606330366,0.5019782393669634
2023,1008,1015,0.4982698961937716,0.5017301038062284
2024,1009,1015,0.49851778656126483,0.5014822134387352
2025,1010,1015,0.49876543209876545,0.5012345679012346
2026,1011,1015,0.4990128331688055,0.5009871668311945
2027,1011,1016,0.49876665022200295,0.501233349777997
2028,1012,1016,0.4990138067061144,0.5009861932938856
2029,1012,1017,0.49876786594381467,0.5012321340561853
2030,1013,1017,0.49901477832512314,0.5009852216748768
2031,1013,1018,0.49876907927129494,0.5012309207287051
2032,1014,1018,0.49901574803149606,0.5009842519685039
2033,1015,1018,0.49926217412690604,0.5007378258730939
2034,1015,1019,0.49901671583087515,0.5009832841691249
2035,1015,1020,0.4987714987714988,0.5012285012285013
2036,1015,1021,0.49852652259332025,0.5014734774066798
2037,1015,1022,0.49828178694158076,0.5017182130584192
2038,1016,1022,0.4985279685966634,0.5014720314033366
2039,1016,1023,0.4982834722903384,0.5017165277096616
2040,1016,1024,0.4980392156862745,0.5019607843137255
2041,1016,1025,0.4977951984321411,0.5022048015678588
2042,1016,1026,0.4975514201762977,0.5024485798237023
2043,1016,1027,0.49730788056779246,0.5026921194322075
2044,1017,1027,0.49755381604696675,0.5024461839530333
2045,1017,1028,0.49731051344743277,0.5026894865525673
2046,1017,1029,0.4970674486803519,0.5029325513196481
2047,1017,1030,0.4968246213971666,0.5031753786028335
2048,1018,1030,0.4970703125,0.5029296875
2049,1019,1030,0.49731576378721326,0.5026842362127867
2050,1019,1031,0.4970731707317073,0.5029268292682927
2051,1020,1031,0.49731838127742567,0.5026816187225743
2052,1020,1032,0.49707602339181284,0.5029239766081871
2053,1020,1033,0.4968339016074038,0.5031660983925962
2054,1021,1033,0.497078870496592,0.502921129503408
2055,1022,1033,0.497323600973236,0.502676399026764
2056,1022,1034,0.4970817120622568,0.5029182879377432
2057,1023,1034,0.49732620320855614,0.5026737967914439
2058,1023,1035,0.4970845481049563,0.5029154518950437
2059,1024,1035,0.4973288003885381,0.5026711996114619
2060,1025,1035,0.4975728155339806,0.5024271844660194
2061,1025,1036,0.4973313925278991,0.502668607472101
2062,1025,1037,0.49709020368574197,0.502909796314258
2063,1026,1037,0.4973339796412991,0.5026660203587009
2064,1026,1038,0.49709302325581395,0.502906976744186
2065,1027,1038,0.4973365617433414,0.5026634382566586
2066,1027,1039,0.49709583736689256,0.5029041626331074
2067,1027,1040,0.4968553459119497,0.5031446540880503
2068,1027,1041,0.49661508704061896,0.503384912959381
2069,1028,1041,0.49685838569357177,0.5031416143064282
2070,1028,1042,0.4966183574879227,0.5033816425120773
2071,1029,1042,0.496861419604056,0.503138580395944
2072,1029,1043,0.4966216216216216,0.5033783783783784
2073,1030,1043,0.49686444766039556,0.5031355523396044
2074,1031,1043,0.4971070395371263,0.5028929604628737
2075,1031,1044,0.4968674698795181,0.503132530120482
2076,1032,1044,0.49710982658959535,0.5028901734104047
2077,1033,1044,0.4973519499277805,0.5026480500722196
2078,1034,1044,0.49759384023099135,0.5024061597690087
2079,1034,1045,0.4973544973544973,0.5026455026455027
2080,1035,1045,0.49759615384615385,0.5024038461538461
2081,1035,1046,0.49735703988467084,0.5026429601153292
2082,1036,1046,0.49759846301633043,0.5024015369836695
2083,1037,1046,0.4978396543446951,0.5021603456553049
2084,1038,1046,0.4980806142034549,0.5019193857965452
2085,1038,1047,0.497841726618705,0.5021582733812949
2086,1038,1048,0.49760306807286675,0.5023969319271333
2087,1038,1049,0.4973646382367034,0.5026353617632966
2088,1038,1050,0.49712643678160917,0.5028735632183908
2089,1038,1051,0.49688846337960746,0.5031115366203925
2090,1039,1051,0.4971291866028708,0.5028708133971291
2091,1040,1051,0.49736967957914874,0.5026303204208513
2092,1041,1051,0.49760994263862335,0.5023900573613767
2093,1042,1051,0.4978499761108457,0.5021500238891543
2094,1042,1052,0.4976122254059217,0.5023877745940784
2095,1042,1053,0.4973747016706444,0.5026252983293557
2096,1043,1053,0.4976145038167939,0.5023854961832062
2097,1043,1054,0.497377205531712,0.5026227944682881
2098,1043,1055,0.4971401334604385,0.5028598665395615
2099,1044,1055,0.4973797046212482,0.5026202953787517
2100,1045,1055,0.4976190476190476,0.5023809523809524
2101,1045,1056,0.4973821989528796,0.5026178010471204
2102,1045,1057,0.4971455756422455,0.5028544243577545
2103,1046,1057,0.4973846885401807,0.5026153114598193
2104,1047,1057,0.4976235741444867,0.5023764258555133
2105,1047,1058,0.4973871733966746,0.5026128266033254
2106,1047,1059,0.49715099715099714,0.5028490028490028
2107,1047,1060,0.49691504508780254,0.5030849549121974
2108,1048,1060,0.4971537001897533,0.5028462998102466
2109,1048,1061,0.4969179706021811,0.5030820293978189
2110,1049,1061,0.49715639810426543,0.5028436018957346
2111,1049,1062,0.49692089057318806,0.5030791094268119
2112,1050,1062,0.4971590909090909,0.5028409090909091
2113,1051,1062,0.49739706578324655,0.5026029342167534
2114,1051,1063,0.4971617786187323,0.5028382213812678
2115,1051,1064,0.49692671394799054,0.5030732860520094
2116,1051,1065,0.4966918714555766,0.5033081285444234
2117,1051,1066,0.4964572508266415,0.5035427491733585
2118,1051,1067,0.4962228517469311,0.503777148253069
2119,1052,1067,0.49646059462010383,0.5035394053798962
2120,1052,1068,0.4962264150943396,0.5037735849056604
2121,1053,1068,0.49646393210749645,0.5035360678925035
2122,1054,1068,0.49670122525918947,0.5032987747408105
2123,1055,1068,0.496938294865756,0.503061705134244
2124,1056,1068,0.4971751412429379,0.5028248587570622
2125,1057,1068,0.49741176470588233,0.5025882352941177
2126,1058,1068,0.49764816556914393,0.5023518344308561
2127,1059,1068,0.4978843441466855,0.5021156558533145
2128,1059,1069,0.4976503759398496,0.5023496240601504
2129,1060,1069,0.49788633161108503,0.502113668388915
2130,1060,1070,0.49765258215962443,0.5023474178403756
2131,1060,1071,0.4974190520882215,0.5025809479117785
2132,1060,1072,0.4971857410881801,0.5028142589118199
2133,1061,1072,0.4974214721050164,0.5025785278949836
2134,1061,1073,0.4971883786316776,0.5028116213683224
2135,1061,1074,0.49695550351288054,0.5030444964871195
2136,1061,1075,0.4967228464419476,0.5032771535580525
2137,1062,1075,0.4969583528310716,0.5030416471689284
2138,1062,1076,0.49672591206735267,0.5032740879326474
2139,1063,1076,0.49696119682094436,0.5030388031790556
2140,1064,1076,0.497196261682243,0.502803738317757
2141,1064,1077,0.4969640354974311,0.5030359645025689
2142,1064,1078,0.49673202614379086,0.5032679738562091
2143,1064,1079,0.4965002333177788,0.5034997666822212
2144,1065,1079,0.49673507462686567,0.5032649253731343
2145,1066,1079,0.49696969696969695,0.503030303030303
2146,1067,1079,0.4972041006523765,0.5027958993476235
2147,1068,1079,0.4974382859804378,0.5025617140195622
2148,1069,1079,0.49767225325884545,0.5023277467411545
2149,1070,1079,0.49790600279199626,0.5020939972080037
2150,1071,1079,0.4981395348837209,0.501860465116279
2151,1071,1080,0.497907949790795,0.502092050209205
2152,1072,1080,0.49814126394052044,0.5018587360594795
2153,1072,1081,0.4979098931723177,0.5020901068276823
2154,1073,1081,0.49814298978644383,0.5018570102135562
2155,1074,1081,0.49837587006960554,0.5016241299303944
2156,1075,1081,0.49860853432282004,0.50139146567718
2157,1076,1081,0.49884098284654615,0.5011590171534539
2158,1077,1081,0.4990732159406858,0.5009267840593142
2159,1078,1081,0.4993052339045855,0.5006947660954145
2160,1079,1081,0.49953703703703706,0.500462962962963
2161,1080,1081,0.4997686256362795,0.5002313743637204
2162,1081,1081,0.5,0.5
2163,1081,1082,0.49976883957466484,0.5002311604253352
2164,1081,1083,0.49953789279112754,0.5004621072088724
2165,1082,1083,0.4997690531177829,0.5002309468822171
2166,1082,1084,0.4995383194829178,0.5004616805170822
2167,1082,1085,0.4993077988001846,0.5006922011998154
2168,1083,1085,0.49953874538745385,0.5004612546125461
2169,1084,1085,0.49976947902259106,0.5002305209774089
2170,1085,1085,0.5,0.5
2171,1086,1085,0.5002303086135421,0.4997696913864578
2172,1086,1086,0.5,0.5
2173,1087,1086,0.500230096640589,0.49976990335941096
2174,1088,1086,0.500459981600736,0.49954001839926404
2175,1088,1087,0.5002298850574712,0.4997701149425287
2176,1089,1087,0.5004595588235294,0.49954044117647056
2177,1090,1087,0.5006890215893431,0.49931097841065686
2178,1091,1087,0.5009182736455464,0.49908172635445364
2179,1092,1087,0.5011473152822395,0.49885268471776045
2180,1093,1087,0.5013761467889908,0.49862385321100916
2181,1093,1088,0.5011462631820266,0.4988537368179734
2182,1094,1088,0.5013748854262144,0.4986251145737855
2183,1095,1088,0.5016032982134677,0.4983967017865323
2184,1096,1088,0.5018315018315018,0.4981684981684982
2185,1096,1089,0.5016018306636155,0.4983981693363844
2186,1097,1089,0.5018298261665142,0.49817017383348583
2187,1097,1090,0.5016003657978967,0.4983996342021033
2188,1098,1090,0.5018281535648994,0.49817184643510054
2189,1098,1091,0.5015989036089539,0.49840109639104613
2190,1098,1092,0.5013698630136987,0.4986301369863014
2191,1098,1093,0.5011410314924692,0.4988589685075308
2192,1098,1094,0.5009124087591241,0.4990875912408759
2193,1098,1095,0.5006839945280438,0.4993160054719562
2194,1099,1095,0.5009115770282588,0.4990884229717411
2195,1099,1096,0.5006833712984055,0.49931662870159454
2196,1099,1097,0.5004553734061931,0.49954462659380694
2197,1100,1097,0.5006827492034592,0.4993172507965407
2198,1100,1098,0.5004549590536852,0.49954504094631486
2199,1101,1098,0.5006821282401092,0.49931787175989084
2200,1101,1099,0.5004545454545455,0.49954545454545457
2201,1102,1099,0.5006815084052704,0.4993184915947297
2202,1102,1100,0.5004541326067211,0.49954586739327883
2203,1102,1101,0.5002269632319565,0.4997730367680436
2204,1103,1101,0.5004537205081669,0.49954627949183306
2205,1103,1102,0.5002267573696145,0.4997732426303855
2206,1103,1103,0.5,0.5
2207,1103,1104,0.4997734481196194,0.5002265518803806
2208,1103,1105,0.4995471014492754,0.5004528985507246
2209,1103,1106,0.4993209597102761,0.5006790402897239
2210,1103,1107,0.4990950226244344,0.5009049773755656
2211,1104,1107,0.4993215739484396,0.5006784260515604
2212,1104,1108,0.49909584086799275,0.5009041591320073
2213,1105,1108,0.49932218707636694,0.5006778129236331
2214,1106,1108,0.4995483288166215,0.5004516711833785
2215,1106,1109,0.49932279909706545,0.5006772009029345
2216,1107,1109,0.49954873646209386,0.5004512635379061
2217,1108,1109,0.4997744700045106,0.5002255299954894
2218,1109,1109,0.5,0.5
2219,1110,1109,0.5002253267237494,0.4997746732762506
2220,1111,1109,0.5004504504504504,0.49954954954954955
2221,1111,1110,0.5002251238180999,0.49977487618190003
2222,1112,1110,0.5004500450045004,0.49954995499549953
2223,1112,1111,0.5002249212775528,0.49977507872244714
2224,1112,1112,0.5,0.5
2225,1112,1113,0.4997752808988764,0.5002247191011236
2226,1112,1114,0.4995507637017071,0.5004492362982929
2227,1112,1115,0.4993264481365065,0.5006735518634935
2228,1113,1115,0.4995511669658887,0.5004488330341114
2229,1114,1115,0.4997756841633019,0.500224315836698
2230,1115,1115,0.5,0.5
2231,1116,1115,0.5002241147467503,0.4997758852532497
2232,1117,1115,0.5004480286738351,0.49955197132616486
2233,1117,1116,0.5002239140170175,0.4997760859829825
2234,1117,1117,0.5,0.5
2235,1117,1118,0.49977628635346755,0.5002237136465324
2236,1118,1118,0.5,0.5
2237,1119,1118,0.5002235136343317,0.4997764863656683
2238,1120,1118,0.5004468275245755,0.49955317247542447
2239,1120,1119,0.5002233139794551,0.49977668602054487
2240,1121,1119,0.5004464285714286,0.49955357142857143
2241,1122,1119,0.500669344042838,0.499330655957162
2242,1123,1119,0.5008920606601249,0.49910793933987513
2243,1124,1119,0.5011145786892555,0.49888542131074454
2244,1125,1119,0.5013368983957219,0.49866310160427807
2245,1125,1120,0.5011135857461024,0.49888641425389757
2246,1125,1121,0.5008904719501336,0.4991095280498664
2247,1126,1121,0.5011125945705385,0.49888740542946153
2248,1127,1121,0.5013345195729537,0.4986654804270463
2249,1127,1122,0.5011116051578479,0.4988883948421521
2250,1128,1122,0.5013333333333333,0.49866666666666665
2251,1128,1123,0.5011106175033319,0.49888938249666814
2252,1128,1124,0.5008880994671403,0.4991119005328597
2253,1128,1125,0.5006657789613849,0.4993342210386152
2254,1128,1126,0.5004436557231589,0.49955634427684115
2255,1129,1126,0.5006651884700665,0.4993348115299335
2256,1130,1126,0.500886524822695,0.499113475177305
2257,1130,1127,0.5006645990252547,0.4993354009747452
2258,1131,1127,0.5008857395925598,0.4991142604074402
2259,1132,1127,0.5011066843736166,0.49889331562638334
2260,1132,1128,0.5008849557522124,0.49911504424778763
2261,1132,1129,0.5006634232640425,0.49933657673595755
2262,1133,1129,0.5008841732979664,0.4991158267020336
2263,1134,1129,0.5011047282368537,0.49889527176314624
2264,1134,1130,0.5008833922261484,0.4991166077738516
2265,1134,1131,0.5006622516556292,0.49933774834437084
2266,1134,1132,0.500441306266549,0.499558693733451
2267,1135,1132,0.5006616674018527,0.4993383325981473
2268,1135,1133,0.5004409171075838,0.49955908289241624
2269,1135,1134,0.500220361392684,0.499779638607316
2270,1135,1135,0.5,0.5
2271,1135,1136,0.4997798326728313,0.5002201673271687
2272,1136,1136,0.5,0.5
2273,1136,1137,0.4997800263968324,0.5002199736031676
2274,1136,1138,0.4995602462620932,0.5004397537379067
2275,1136,1139,0.49934065934065935,0.5006593406593407
2276,1137,1139,0.4995606326889279,0.5004393673110721
2277,1138,1139,0.4997804128238911,0.5002195871761089
2278,1138,1140,0.4995610184372256,0.5004389815627743
2279,1138,1141,0.499341816586222,0.500658183413778
2280,1138,1142,0.49912280701754386,0.5008771929824561
2281,1139,1142,0.4993423936869794,0.5006576063130206
2282,1140,1142,0.49956178790534617,0.5004382120946538
2283,1141,1142,0.4997809899255366,0.5002190100744635
2284,1141,1143,0.4995621716287215,0.5004378283712785
2285,1142,1143,0.499781181619256,0.500218818380744
2286,1142,1144,0.4995625546806649,0.5004374453193351
2287,1143,1144,0.49978137297770003,0.5002186270222999
2288,1144,1144,0.5,0.5
2289,1144,1145,0.4997815640017475,0.5002184359982526
2290,1145,1145,0.5,0.5
2291,1146,1145,0.5002182453077259,0.4997817546922741
2292,1147,1145,0.5004363001745201,0.49956369982547993
2293,1148,1145,0.5006541648495421,0.49934583515045794
2294,1148,1146,0.5004359197907585,0.4995640802092415
2295,1149,1146,0.5006535947712418,0.4993464052287582
2296,1149,1147,0.5004355400696864,0.49956445993031356
2297,1149,1148,0.500217675228559,0.499782324771441
2298,1149,1149,0.5,0.5
2299,1150,1149,0.5002174858634189,0.49978251413658115
2300,1151,1149,0.5004347826086957,0.49956521739130433
2301,1151,1150,0.5002172968274663,0.4997827031725337
2302,1151,1151,0.5,0.5
2303,1151,1152,0.49978289188015634,0.5002171081198437
2304,1152,1152,0.5,0.5
2305,1153,1152,0.5002169197396963,0.4997830802603037
2306,1154,1152,0.5004336513443192,0.49956634865568084
2307,1154,1153,0.5002167316861725,0.49978326831382747
2308,1154,1154,0.5,0.5
2309,1155,1154,0.5002165439584235,0.4997834560415764
2310,1156,1154,0.5004329004329005,0.49956709956709955
2311,1156,1155,0.5002163565556036,0.49978364344439635
2312,1156,1156,0.5,0.5
2313,1157,1156,0.5002161694768699,0.49978383052313013
2314,1158,1156,0.5004321521175453,0.4995678478824546
2315,1159,1156,0.5006479481641468,0.49935205183585313
2316,1160,1156,0.5008635578583766,0.4991364421416235
2317,1160,1157,0.5006473888649116,0.4993526111350885
2318,1160,1158,0.5004314063848145,0.4995685936151855
2319,1161,1158,0.500646830530401,0.49935316946959896
2320,1162,1158,0.5008620689655172,0.4991379310344828
2321,1162,1159,0.5006462731581215,0.4993537268418785
2322,1163,1159,0.5008613264427217,0.4991386735572782
2323,1163,1160,0.5006457167455876,0.4993542832544124
2324,1164,1160,0.5008605851979346,0.4991394148020654
2325,1165,1160,0.5010752688172043,0.4989247311827957
2326,1166,1160,0.5012897678417885,0.49871023215821153
2327,1167,1160,0.501504082509669,0.4984959174903309
2328,1168,1160,0.5017182130584192,0.49828178694158076
2329,1168,1161,0.5015027908973808,0.49849720910261913
2330,1168,1162,0.5012875536480687,0.49871244635193135
2331,1168,1163,0.5010725010725011,0.49892749892749894
2332,1168,1164,0.5008576329331046,0.49914236706689535
2333,1169,1164,0.501071581654522,0.4989284183454779
2334,1170,1164,0.5012853470437018,0.4987146529562982
2335,1171,1164,0.5014989293361884,0.49850107066381155
2336,1172,1164,0.5017123287671232,0.4982876712328767
2337,1173,1164,0.5019255455712451,0.4980744544287548
2338,1173,1165,0.501710863986313,0.4982891360136869
2339,1174,1165,0.5019238991021804,0.49807610089781956
2340,1175,1165,0.5021367521367521,0.49786324786324787
2341,1176,1165,0.5023494233233661,0.4976505766766339
2342,1176,1166,0.502134927412468,0.49786507258753204
2343,1177,1166,0.5023474178403756,0.49765258215962443
2344,1177,1167,0.5021331058020477,0.4978668941979522
2345,1177,1168,0.5019189765458422,0.4980810234541578
2346,1177,1169,0.5017050298380221,0.4982949701619778
2347,1178,1169,0.501917341286749,0.49808265871325097
2348,1179,1169,0.502129471890971,0.497870528109029
2349,1179,1170,0.5019157088122606,0.49808429118773945
2350,1180,1170,0.502127659574468,0.4978723404255319
2351,1181,1170,0.5023394300297745,0.49766056997022545
2352,1181,1171,0.502125850340136,0.49787414965986393
2353,1181,1172,0.5019124521886953,0.4980875478113047
2354,1182,1172,0.5021240441801189,0.49787595581988103
2355,1182,1173,0.5019108280254777,0.4980891719745223
2356,1183,1173,0.5021222410865874,0.49787775891341257
2357,1183,1174,0.501909206618583,0.49809079338141704
2358,1183,1175,0.501696352841391,0.498303647158609
2359,1184,1175,0.5019075879610004,0.49809241203899957
2360,1184,1176,0.5016949152542373,0.49830508474576274
2361,1184,1177,0.5014824227022449,0.4985175772977552
2362,1184,1178,0.5012701100762066,0.4987298899237934
2363,1185,1178,0.501481168006771,0.49851883199322894
2364,1185,1179,0.501269035532995,0.4987309644670051
2365,1186,1179,0.5014799154334038,0.4985200845665962
2366,1187,1179,0.5016906170752324,0.49830938292476756
2367,1188,1179,0.5019011406844106,0.49809885931558934
2368,1189,1179,0.5021114864864865,0.4978885135135135
2369,1190,1179,0.5023216547066273,0.49767834529337274
2370,1190,1180,0.5021097046413502,0.4978902953586498
2371,1191,1180,0.5023196963306622,0.49768030366933785
2372,1191,1181,0.5021079258010118,0.4978920741989882
2373,1192,1181,0.5023177412557943,0.49768225874420563
2374,1193,1181,0.5025273799494524,0.4974726200505476
2375,1193,1182,0.5023157894736842,0.4976842105263158
2376,1193,1183,0.502104377104377,0.4978956228956229
2377,1194,1183,0.5023138409760202,0.4976861590239798
2378,1194,1184,0.5021026072329688,0.4978973927670311
2379,1194,1185,0.501891551071879,0.49810844892812106
2380,1195,1185,0.5021008403361344,0.49789915966386555
2381,1196,1185,0.502309953800924,0.49769004619907603
2382,1197,1185,0.5025188916876574,0.49748110831234255
2383,1197,1186,0.502308015107008,0.49769198489299205
2384,1197,1187,0.5020973154362416,0.4979026845637584
2385,1198,1187,0.5023060796645702,0.49769392033542975
2386,1199,1187,0.5025146689019279,0.4974853310980721
2387,1199,1188,0.5023041474654378,0.4976958525345622
2388,1199,1189,0.5020938023450586,0.4979061976549414
2389,1199,1190,0.5018836333193805,0.4981163666806195
2390,1199,1191,0.501673640167364,0.49832635983263596
2391,1200,1191,0.5018820577164367,0.4981179422835634
2392,1201,1191,0.5020903010033445,0.4979096989966555
2393,1201,1192,0.5018804847471793,0.4981195152528207
2394,1202,1192,0.5020885547201337,0.4979114452798663
2395,1202,1193,0.5018789144050104,0.4981210855949896
2396,1202,1194,0.501669449081803,0.498330550918197
2397,1203,1194,0.5018773466833542,0.4981226533166458
2398,1204,1194,0.5020850708924104,0.49791492910758967
2399,1205,1194,0.5022926219258024,0.49770737807419757
2400,1205,1195,0.5020833333333333,0.4979166666666667
2401,1205,1196,0.5018742190753852,0.49812578092461474
2402,1205,1197,0.5016652789342215,0.49833472106577853
2403,1205,1198,0.5014565126924677,0.49854348730753223
2404,1205,1199,0.5012479201331115,0.4987520798668885
2405,1205,1200,0.501039501039501,0.498960498960499
2406,1206,1200,0.5012468827930174,0.49875311720698257
2407,1206,1201,0.5010386373078521,0.4989613626921479
2408,1206,1202,0.5008305647840532,0.49916943521594687
2409,1206,1203,0.5006226650062267,0.49937733499377335
2410,1207,1203,0.5008298755186722,0.4991701244813278
2411,1207,1204,0.5006221484861053,0.49937785151389463
2412,1208,1204,0.5008291873963516,0.49917081260364843
2413,1208,1205,0.5006216328222131,0.499378367177787
2414,1208,1206,0.5004142502071252,0.4995857497928749
2415,1209,1206,0.5006211180124224,0.4993788819875776
2416,1210,1206,0.5008278145695364,0.4991721854304636
2417,1211,1206,0.5010343400910219,0.49896565990897807
2418,1212,1206,0.5012406947890818,0.4987593052109181
2419,1213,1206,0.5014468788755684,0.49855312112443156
2420,1214,1206,0.5016528925619834,0.4983471074380165
2421,1215,1206,0.5018587360594795,0.49814126394052044
2422,1215,1207,0.5016515276630884,0.49834847233691165
2423,1216,1207,0.5018572018159306,0.4981427981840693
2424,1217,1207,0.5020627062706271,0.49793729372937295
2425,1218,1207,0.5022680412371134,0.4977319587628866
2426,1218,1208,0.5020610057708161,0.49793899422918386
2427,1218,1209,0.5018541409147095,0.49814585908529047
2428,1218,1210,0.5016474464579901,0.49835255354200986
2429,1219,1210,0.5018526142445451,0.4981473857554549
2430,1219,1211,0.5016460905349794,0.49835390946502056
2431,1220,1211,0.5018510900863842,0.4981489099136158
2432,1221,1211,0.5020559210526315,0.4979440789473684
2433,1222,1211,0.5022605836415948,0.49773941635840524
2434,1223,1211,0.5024650780608052,0.49753492193919474
2435,1224,1211,0.5026694045174538,0.4973305954825462
2436,1225,1211,0.5028735632183908,0.49712643678160917
2437,1226,1211,0.5030775543701272,0.4969224456298728
2438,1227,1211,0.5032813781788351,0.4967186218211649
2439,1227,1212,0.5030750307503075,0.4969249692496925
2440,1227,1213,0.5028688524590164,0.4971311475409836
2441,1228,1213,0.5030725112658746,0.49692748873412534
2442,1228,1214,0.5028665028665029,0.49713349713349714
2443,1229,1214,0.5030699959066721,0.4969300040933279
2444,1229,1215,0.5028641571194763,0.4971358428805237
2445,1230,1215,0.5030674846625767,0.49693251533742333
2446,1230,1216,0.5028618152085037,0.4971381847914963
2447,1231,1216,0.5030649775234982,0.49693502247650184
2448,1231,1217,0.502859477124183,0.497140522875817
2449,1232,1217,0.5030624744793794,0.49693752552062065
2450,1233,1217,0.503265306122449,0.49673469387755104
2451,1234,1217,0.503467972256222,0.496532027743778
2452,1234,1218,0.5032626427406199,0.4967373572593801
2453,1235,1218,0.5034651447207501,0.4965348552792499
2454,1235,1219,0.5032599837000815,0.4967400162999185
2455,1236,1219,0.5034623217922607,0.4965376782077393
2456,1237,1219,0.5036644951140065,0.4963355048859935
2457,1238,1219,0.5038665038665039,0.4961334961334961
2458,1239,1219,0.5040683482506102,0.49593165174938975
2459,1239,1220,0.5038633590890605,0.4961366409109394
2460,1239,1221,0.5036585365853659,0.49634146341463414
2461,1240,1221,0.5038602194229987,0.4961397805770012
2462,1241,1221,0.5040617384240454,0.4959382615759545
2463,1241,1222,0.5038570848558668,0.49614291514413317
2464,1241,1223,0.5036525974025974,0.4963474025974026
2465,1242,1223,0.5038539553752536,0.49614604462474643
2466,1243,1223,0.5040551500405515,0.4959448499594485
2467,1243,1224,0.503850830968788,0.496149169031212
2468,1244,1224,0.5040518638573744,0.4959481361426256
2469,1244,1225,0.5038477116241393,0.4961522883758607
2470,1245,1225,0.5040485829959515,0.4959514170040486
2471,1245,1226,0.5038445973290165,0.4961554026709834
2472,1245,1227,0.5036407766990292,0.4963592233009709
2473,1246,1227,0.5038414880711686,0.49615851192883137
2474,1247,1227,0.5040420371867421,0.4959579628132579
2475,1247,1228,0.5038383838383839,0.49616161616161614
2476,1247,1229,0.5036348949919225,0.49636510500807757
2477,1247,1230,0.5034315704481227,0.49656842955187724
2478,1248,1230,0.5036319612590799,0.4963680387409201
2479,1248,1231,0.5034288019362646,0.4965711980637354
2480,1248,1232,0.5032258064516129,0.4967741935483871
2481,1249,1232,0.5034260378879484,0.49657396211205157
2482,1250,1232,0.5036261079774376,0.49637389202256244
2483,1250,1233,0.5034232782923882,0.49657672170761175
2484,1251,1233,0.5036231884057971,0.4963768115942029
2485,1252,1233,0.5038229376257545,0.49617706237424547
2486,1252,1234,0.503620273531778,0.49637972646822204
2487,1252,1235,0.5034177724165662,0.49658222758343384
2488,1252,1236,0.5032154340836013,0.4967845659163987
2489,1252,1237,0.5030132583366814,0.4969867416633186
2490,1252,1238,0.5028112449799197,0.4971887550200803
2491,1253,1238,0.5030108390204737,0.4969891609795263
2492,1253,1239,0.5028089887640449,0.49719101123595505
2493,1254,1239,0.5030084235860409,0.4969915764139591
2494,1255,1239,0.5032076984763433,0.4967923015236568
2495,1255,1240,0.503006012024048,0.4969939879759519
2496,1256,1240,0.5032051282051282,0.4967948717948718
2497,1257,1240,0.5034040849018823,0.49659591509811774
2498,1258,1240,0.5036028823058447,0.49639711769415534
2499,1258,1241,0.5034013605442177,0.4965986394557823
2500,1259,1241,0.5036,0.4964
2501,1259,1242,0.5033986405437825,0.49660135945621753
2502,1260,1242,0.5035971223021583,0.49640287769784175
2503,1260,1243,0.5033959248901319,0.49660407510986815
2504,1261,1243,0.5035942492012779,0.49640575079872207
2505,1262,1243,0.5037924151696607,0.49620758483033933
2506,1262,1244,0.5035913806863528,0.49640861931364727
2507,1263,1244,0.5037893897088154,0.4962106102911847
2508,1264,1244,0.5039872408293461,0.4960127591706539
2509,1265,1244,0.5041849342367477,0.4958150657632523
2510,1265,1245,0.5039840637450199,0.4960159362549801
2511,1266,1245,0.5041816009557945,0.4958183990442055
2512,1266,1246,0.5039808917197452,0.49601910828025475
2513,1266,1247,0.5037803422204536,0.49621965777954635
2514,1266,1248,0.5035799522673031,0.4964200477326969
2515,1267,1248,0.5037773359840955,0.4962226640159046
2516,1268,1248,0.5039745627980922,0.4960254372019078
2517,1269,1248,0.5041716328963052,0.4958283671036949
2518,1270,1248,0.5043685464654488,0.49563145353455124
2519,1270,1249,0.5041683207622072,0.49583167923779276
2520,1271,1249,0.5043650793650793,0.49563492063492065
2521,1271,1250,0.5041650138833796,0.4958349861166204
2522,1272,1250,0.5043616177636796,0.4956383822363204
2523,1273,1250,0.5045580657946889,0.49544193420531113
2524,1273,1251,0.5043581616481775,0.4956418383518225
2525,1274,1251,0.5045544554455446,0.49544554455445544
2526,1275,1251,0.504750593824228,0.49524940617577196
2527,1275,1252,0.5045508508112386,0.4954491491887614
2528,1276,1252,0.504746835443038,0.495253164556962
2529,1276,1253,0.5045472518782127,0.49545274812178725
2530,1276,1254,0.5043478260869565,0.4956521739130435
2531,1277,1254,0.5045436586329514,0.4954563413670486
2532,1277,1255,0.5043443917851501,0.49565560821484994
2533,1277,1256,0.5041452822739834,0.4958547177260166
2534,1278,1256,0.5043409629044988,0.4956590370955012
2535,1278,1257,0.5041420118343195,0.4958579881656805
2536,1279,1257,0.5043375394321766,0.49566246056782337
2537,1280,1257,0.5045329128892393,0.49546708711076076
2538,1280,1258,0.5043341213553979,0.49566587864460204
2539,1281,1258,0.5045293422607325,0.4954706577392674
2540,1282,1258,0.5047244094488189,0.4952755905511811
2541,1282,1259,0.50452577725305,0.49547422274695
2542,1282,1260,0.5043273013375295,0.4956726986624705
2543,1283,1260,0.5045222178529296,0.4954777821470704
2544,1284,1260,0.5047169811320755,0.49528301886792453
2545,1285,1260,0.5049115913555993,0.4950884086444008
2546,1286,1260,0.5051060487038491,0.4948939512961508
2547,1286,1261,0.5049077345897134,0.4950922654102866
2548,1286,1262,0.5047095761381476,0.49529042386185246
2549,1286,1263,0.5045115731659474,0.4954884268340526
2550,1287,1263,0.5047058823529412,0.49529411764705883
2551,1288,1263,0.5049000392003136,0.4950999607996864
2552,1289,1263,0.5050940438871473,0.49490595611285265
2553,1289,1264,0.5048962005483745,0.4951037994516255
2554,1290,1264,0.5050900548159749,0.49490994518402504
2555,1290,1265,0.5048923679060665,0.49510763209393344
2556,1291,1265,0.5050860719874805,0.49491392801251954
2557,1292,1265,0.5052796245600313,0.4947203754399687
2558,1292,1266,0.5050820953870211,0.4949179046129789
2559,1293,1266,0.5052754982415005,0.4947245017584994
2560,1294,1266,0.50546875,0.49453125
2561,1294,1267,0.5052713783678251,0.49472862163217496
2562,1295,1267,0.505464480874317,0.49453551912568305
2563,1295,1268,0.5052672649239173,0.49473273507608273
2564,1296,1268,0.5054602184087363,0.49453978159126366
2565,1297,1268,0.5056530214424951,0.49434697855750487
2566,1297,1269,0.5054559625876851,0.4945440374123149
2567,1298,1269,0.5056486170627191,0.49435138293728087
2568,1299,1269,0.5058411214953271,0.4941588785046729
2569,1299,1270,0.5056442195406773,0.4943557804593227
2570,1300,1270,0.5058365758754864,0.49416342412451364
2571,1301,1270,0.5060287825748736,0.4939712174251264
2572,1301,1271,0.5058320373250389,0.4941679626749611
2573,1301,1272,0.5056354450058298,0.4943645549941702
2574,1301,1273,0.5054390054390054,0.49456099456099456
2575,1302,1273,0.5056310679611651,0.494368932038835
2576,1302,1274,0.5054347826086957,0.4945652173913043
2577,1302,1275,0.5052386495925495,0.4947613504074505
2578,1302,1276,0.5050426687354539,0.49495733126454616
2579,1302,1277,0.504846839860411,0.495153160139589
2580,1302,1278,0.5046511627906977,0.49534883720930234
2581,1302,1279,0.5044556373498644,0.49554436265013563
2582,1302,1280,0.5042602633617351,0.4957397366382649
2583,1302,1281,0.5040650406504065,0.4959349593495935
2584,1302,1282,0.5038699690402477,0.49613003095975233
2585,1302,1283,0.5036750483558994,0.49632495164410056
2586,1303,1283,0.5038669760247486,0.49613302397525133
2587,1303,1284,0.5036722071897951,0.4963277928102049
2588,1303,1285,0.5034775888717156,0.4965224111282844
2589,1304,1285,0.503669370413287,0.49633062958671303
2590,1304,1286,0.5034749034749034,0.4965250965250965
2591,1305,1286,0.50366653801621,0.49633346198379
2592,1305,1287,0.5034722222222222,0.4965277777777778
2593,1305,1288,0.5032780563054378,0.4967219436945623
2594,1305,1289,0.5030840400925212,0.4969159599074788
2595,1305,1290,0.5028901734104047,0.49710982658959535
2596,1306,1290,0.5030816640986132,0.49691833590138673
2597,1307,1290,0.503273007316134,0.496726992683866
2598,1308,1290,0.5034642032332564,0.49653579676674364
2599,1309,1290,0.5036552520200077,0.4963447479799923
2600,1309,1291,0.5034615384615385,0.49653846153846154
2601,1310,1291,0.5036524413687044,0.49634755863129565
2602,1310,1292,0.5034588777863183,0.4965411222136818
2603,1311,1292,0.5036496350364964,0.49635036496350365
2604,1312,1292,0.5038402457757296,0.49615975422427033
2605,1312,1293,0.5036468330134357,0.4963531669865643
2606,1312,1294,0.5034535686876439,0.4965464313123561
2607,1312,1295,0.5032604526275413,0.4967395473724588
2608,1312,1296,0.5030674846625767,0.49693251533742333
2609,1313,1296,0.5032579532387889,0.4967420467612112
2610,1313,1297,0.5030651340996168,0.49693486590038316
2611,1313,1298,0.5028724626579855,0.49712753734201454
2612,1314,1298,0.503062787136294,0.49693721286370596
2613,1314,1299,0.5028702640642939,0.4971297359357061
2614,1314,1300,0.5026778882938026,0.4973221117061974
2615,1314,1301,0.5024856596558317,0.49751434034416825
2616,1314,1302,0.5022935779816514,0.49770642201834864
2617,1314,1303,0.5021016431027895,0.49789835689721057
2618,1315,1303,0.5022918258212375,0.4977081741787624
2619,1316,1303,0.5024818633066056,0.49751813669339445
2620,1316,1304,0.5022900763358779,0.49770992366412214
2621,1316,1305,0.5020984357115604,0.4979015642884395
2622,1316,1306,0.501906941266209,0.498093058733791
2623,1317,1306,0.5020968356843309,0.49790316431566906
2624,1317,1307,0.5019054878048781,0.49809451219512196
2625,1317,1308,0.5017142857142857,0.4982857142857143
2626,1317,1309,0.5015232292460016,0.4984767707539985
2627,1317,1310,0.5013323182337267,0.4986676817662733
2628,1318,1310,0.5015220700152208,0.4984779299847793
2629,1319,1310,0.501711677443895,0.498288322556105
2630,1320,1310,0.5019011406844106,0.49809885931558934
2631,1321,1310,0.5020904599011783,0.49790954009882177
2632,1322,1310,0.5022796352583586,0.49772036474164133
2633,1323,1310,0.5024686669198632,0.49753133308013675
2634,1323,1311,0.5022779043280182,0.4977220956719818
2635,1324,1311,0.5024667931688804,0.49753320683111957
2636,1325,1311,0.5026555386949925,0.4973444613050076
2637,1325,1312,0.502464922260144,0.4975350777398559
2638,1326,1312,0.5026535253980288,0.4973464746019712
2639,1327,1312,0.5028419856006063,0.4971580143993937
2640,1327,1313,0.5026515151515152,0.4973484848484849
2641,1328,1313,0.5028398333964408,0.4971601666035593
2642,1329,1313,0.5030280090840272,0.49697199091597277
2643,1330,1313,0.5032160423760877,0.4967839576239122
2644,1330,1314,0.5030257186081695,0.4969742813918306
2645,1331,1314,0.5032136105860113,0.49678638941398867
2646,1332,1314,0.5034013605442177,0.4965986394557823
2647,1332,1315,0.5032111824707216,0.49678881752927845
2648,1333,1315,0.5033987915407855,0.4966012084592145
2649,1334,1315,0.5035862589656475,0.4964137410343526
2650,1335,1315,0.5037735849056604,0.4962264150943396
2651,1336,1315,0.5039607695209355,0.4960392304790645
2652,1337,1315,0.5041478129713424,0.49585218702865763
2653,1338,1315,0.5043347154165096,0.4956652845834904
2654,1339,1315,0.5045214770158252,0.49547852298417483
2655,1340,1315,0.504708097928437,0.4952919020715631
2656,1341,1315,0.504894578313253,0.495105421686747
2657,1342,1315,0.5050809183289424,0.4949190816710576
2658,1342,1316,0.5048908954100828,0.49510910458991725
2659,1343,1316,0.505077096652877,0.49492290334712297
2660,1344,1316,0.5052631578947369,0.49473684210526314
2661,1345,1316,0.5054490792934987,0.4945509207065013
2662,1346,1316,0.5056348610067618,0.49436513899323814
2663,1346,1317,0.5054449868569283,0.4945550131430717
2664,1347,1317,0.5056306306306306,0.49436936936936937
2665,1348,1317,0.5058161350844278,0.49418386491557226
2666,1349,1317,0.5060015003750937,0.4939984996249062
2667,1349,1318,0.505811773528309,0.49418822647169103
2668,1350,1318,0.5059970014992504,0.49400299850074963
2669,1351,1318,0.5061820906706632,0.49381790932933683
2670,1352,1318,0.5063670411985018,0.4936329588014981
2671,1352,1319,0.5061774616248595,0.4938225383751404
2672,1352,1320,0.5059880239520959,0.4940119760479042
2673,1352,1321,0.5057987280209503,0.4942012719790498
2674,1353,1321,0.505983545250561,0.49401645474943906
2675,1353,1322,0.5057943925233644,0.4942056074766355
2676,1353,1323,0.5056053811659192,0.4943946188340807
2677,1353,1324,0.5054165110197982,0.4945834889802017
2678,1354,1324,0.5056011949215833,0.4943988050784167
2679,1354,1325,0.5054124673385592,0.49458753266144084
2680,1354,1326,0.505223880597015,0.49477611940298505
2681,1355,1326,0.505408429690414,0.49459157030958595
2682,1355,1327,0.5052199850857569,0.4947800149142431
2683,1355,1328,0.5050316809541558,0.4949683190458442
2684,1355,1329,0.5048435171385991,0.4951564828614009
2685,1356,1329,0.5050279329608939,0.4949720670391061
2686,1356,1330,0.5048399106478034,0.4951600893521966
2687,1356,1331,0.504652028284332,0.495347971715668
2688,1357,1331,0.5048363095238095,0.49516369047619047
2689,1358,1331,0.5050204537002603,0.49497954629973967
2690,1359,1331,0.5052044609665427,0.49479553903345724
2691,1360,1331,0.5053883314752879,0.494611668524712
2692,1361,1331,0.5055720653789004,0.4944279346210996
2693,1361,1332,0.5053843297437802,0.49461567025621983
2694,1362,1332,0.5055679287305123,0.49443207126948774
2695,1363,1332,0.5057513914656772,0.49424860853432284
2696,1364,1332,0.5059347181008902,0.4940652818991098
2697,1365,1332,0.5061179087875417,0.4938820912124583
2698,1365,1333,0.505930318754633,0.49406968124536693
2699,1365,1334,0.5057428677287884,0.49425713227121154
2700,1366,1334,0.5059259259259259,0.49407407407407405
2701,1366,1335,0.5057386153276564,0.4942613846723436
2702,1367,1335,0.5059215396002961,0.49407846039970393
2703,1367,1336,0.5057343692193859,0.49426563078061414
2704,1368,1336,0.5059171597633136,0.4940828402366864
2705,1368,1337,0.5057301293900185,0.4942698706099815
2706,1369,1337,0.5059127864005912,0.4940872135994087
2707,1369,1338,0.5057258958256372,0.49427410417436274
2708,1369,1339,0.5055391432791728,0.4944608567208272
2709,1369,1340,0.5053525286083426,0.49464747139165743
2710,1369,1341,0.5051660516605166,0.4948339483394834
2711,1369,1342,0.5049797122832903,0.4950202877167097
2712,1370,1342,0.5051622418879056,0.4948377581120944
2713,1371,1342,0.5053446369332842,0.4946553630667158
2714,1371,1343,0.5051584377302873,0.4948415622697126
2715,1371,1344,0.5049723756906077,0.4950276243093923
2716,1372,1344,0.5051546391752577,0.4948453608247423
2717,1373,1344,0.5053367684946632,0.49466323150533675
2718,1374,1344,0.5055187637969095,0.49448123620309054
2719,1375,1344,0.5057006252298639,0.4942993747701361
2720,1375,1345,0.5055147058823529,0.4944852941176471
2721,1376,1345,0.5056964351341419,0.49430356486585814
2722,1376,1346,0.5055106539309331,0.49448934606906686
2723,1376,1347,0.5053250091810503,0.49467499081894967
2724,1376,1348,0.5051395007342144,0.4948604992657856
2725,1377,1348,0.5053211009174312,0.4946788990825688
2726,1378,1348,0.5055025678650037,0.4944974321349963
2727,1379,1348,0.5056839017235056,0.4943160982764943
2728,1379,1349,0.5054985337243402,0.49450146627565983
2729,1379,1350,0.5053133015756688,0.4946866984243313
2730,1379,1351,0.5051282051282051,0.4948717948717949
2731,1380,1351,0.5053094104723544,0.49469058952764555
2732,1381,1351,0.5054904831625183,0.4945095168374817
2733,1382,1351,0.5056714233443103,0.49432857665568974
2734,1383,1351,0.5058522311631309,0.49414776883686906
2735,1384,1351,0.5060329067641682,0.4939670932358318
2736,1385,1351,0.5062134502923976,0.49378654970760233
2737,1386,1351,0.5063938618925832,0.4936061381074169
2738,1387,1351,0.5065741417092768,0.49342585829072316
2739,1388,1351,0.50675428988682,0.49324571011317997
2740,1389,1351,0.506934306569343,0.4930656934306569
2741,1390,1351,0.5071141919007661,0.4928858080992339
2742,1391,1351,0.5072939460247994,0.49270605397520056
2743,1391,1352,0.5071090047393365,0.4928909952606635
2744,1392,1352,0.5072886297376094,0.49271137026239065
2745,1393,1352,0.5074681238615665,0.4925318761384335
2746,1394,1352,0.507647487254188,0.4923525127458121
2747,1395,1352,0.5078267200582454,0.49217327994175464
2748,1395,1353,0.50764192139738,0.4923580786026201
2749,1396,1353,0.5078210258275737,0.49217897417242634
2750,1397,1353,0.508,0.492
2751,1397,1354,0.5078153398764086,0.4921846601235914
2752,1398,1354,0.5079941860465116,0.49200581395348836
2753,1398,1355,0.5078096621867054,0.4921903378132946
2754,1399,1355,0.5079883805374001,0.49201161946259986
2755,1400,1355,0.5081669691470054,0.49183303085299457
2756,1400,1356,0.5079825834542816,0.49201741654571846
2757,1401,1356,0.5081610446137106,0.49183895538628947
2758,1401,1357,0.5079767947788252,0.49202320522117476
2759,1402,1357,0.5081551286698079,0.4918448713301921
2760,1402,1358,0.5079710144927536,0.4920289855072464
2761,1403,1358,0.5081492212966316,0.49185077870336835
2762,1404,1358,0.5083272990586531,0.49167270094134685
2763,1404,1359,0.50814332247557,0.49185667752442996
2764,1405,1359,0.5083212735166426,0.4916787264833575
2765,1406,1359,0.5084990958408679,0.491500904159132
2766,1407,1359,0.5086767895878525,0.4913232104121475
2767,1407,1360,0.5084929526563065,0.49150704734369355
2768,1407,1361,0.5083092485549133,0.4916907514450867
2769,1408,1361,0.5084868183459733,0.49151318165402674
2770,1409,1361,0.5086642599277978,0.49133574007220215
2771,1409,1362,0.5084806928906532,0.4915193071093468
2772,1409,1363,0.5082972582972582,0.4917027417027417
2773,1409,1364,0.5081139560043274,0.49188604399567254
2774,1409,1365,0.5079307858687816,0.49206921413121846
2775,1410,1365,0.5081081081081081,0.4918918918918919
2776,1410,1366,0.5079250720461095,0.4920749279538905
2777,1410,1367,0.507742167806986,0.49225783219301406
2778,1411,1367,0.5079193664506839,0.4920806335493161
2779,1412,1367,0.5080964375674704,0.4919035624325297
2780,1412,1368,0.5079136690647482,0.4920863309352518
2781,1413,1368,0.5080906148867314,0.4919093851132686
2782,1413,1369,0.5079079798705967,0.4920920201294033
2783,1414,1369,0.5080848005749191,0.49191519942508083
2784,1414,1370,0.5079022988505747,0.4920977011494253
2785,1415,1370,0.5080789946140036,0.4919210053859964
2786,1415,1371,0.5078966259870783,0.49210337401292176
2787,1416,1371,0.5080731969860065,0.49192680301399355
2788,1416,1372,0.5078909612625538,0.4921090387374462
2789,1417,1372,0.5080674076730011,0.49193259232699893
2790,1418,1372,0.5082437275985663,0.4917562724014337
2791,1418,1373,0.5080616266571122,0.49193837334288787
2792,1419,1373,0.5082378223495702,0.4917621776504298
2793,1420,1373,0.5084138918725385,0.4915861081274615
2794,1420,1374,0.5082319255547602,0.4917680744452398
2795,1420,1375,0.5080500894454383,0.4919499105545617
2796,1421,1375,0.5082260371959942,0.4917739628040057
2797,1421,1376,0.508044333214158,0.49195566678584196
2798,1422,1376,0.5082201572551823,0.49177984274481773
2799,1423,1376,0.5083958556627367,0.4916041443372633
2800,1424,1376,0.5085714285714286,0.49142857142857144
2801,1424,1377,0.5083898607640128,0.4916101392359871
2802,1424,1378,0.5082084225553176,0.4917915774446824
2803,1424,1379,0.5080271138066358,0.49197288619336427
2804,1425,1379,0.5082025677603423,0.4917974322396576
2805,1425,1380,0.5080213903743316,0.4919786096256685
2806,1426,1380,0.5081967213114754,0.4918032786885246
2807,1427,1380,0.5083719273245457,0.4916280726754542
2808,1427,1381,0.5081908831908832,0.4918091168091168
2809,1428,1381,0.5083659665361339,0.49163403346386614
2810,1429,1381,0.5085409252669039,0.4914590747330961
2811,1429,1382,0.5083600142298115,0.4916399857701885
2812,1429,1383,0.5081792318634424,0.4918207681365576
2813,1429,1384,0.5079985780305724,0.49200142196942764
2814,1429,1385,0.507818052594172,0.492181947405828
2815,1430,1385,0.5079928952042628,0.4920071047957371
2816,1431,1385,0.5081676136363636,0.49183238636363635
2817,1432,1385,0.5083422080227192,0.4916577919772808
2818,1432,1386,0.5081618168914124,0.4918381831085876
2819,1432,1387,0.5079815537424619,0.49201844625753816
2820,1432,1388,0.5078014184397163,0.4921985815602837
2821,1432,1389,0.5076214108472173,0.4923785891527827
2822,1432,1390,0.5074415308291992,0.49255846917080087
2823,1433,1390,0.5076160113354587,0.49238398866454125
2824,1434,1390,0.5077903682719547,0.4922096317280453
2825,1435,1390,0.5079646017699115,0.4920353982300885
2826,1435,1391,0.5077848549186129,0.49221514508138714
2827,1436,1391,0.507958967102936,0.492041032897064
2828,1437,1391,0.5081329561527581,0.4918670438472419
2829,1437,1392,0.5079533404029692,0.49204665959703076
2830,1437,1393,0.507773851590106,0.492226148409894
2831,1438,1393,0.5079477216531261,0.4920522783468739
2832,1439,1393,0.5081214689265536,0.4918785310734463
2833,1439,1394,0.507942110836569,0.492057889163431
2834,1439,1395,0.5077628793225123,0.49223712067748765
2835,1440,1395,0.5079365079365079,0.49206349206349204
2836,1440,1396,0.5077574047954866,0.4922425952045134
2837,1441,1396,0.5079309129362002,0.4920690870637998
2838,1442,1396,0.5081042988019733,0.4918957011980268
2839,1442,1397,0.5079253258189503,0.49207467418104966
2840,1442,1398,0.5077464788732394,0.4922535211267606
2841,1443,1398,0.5079197465681098,0.49208025343189016
2842,1443,1399,0.5077410274454609,0.49225897255453904
2843,1443,1400,0.5075624340485403,0.4924375659514597
2844,1443,1401,0.5073839662447257,0.49261603375527424
2845,1443,1402,0.5072056239015817,0.49279437609841825
2846,1443,1403,0.5070274068868588,0.49297259311314123
2847,1443,1404,0.5068493150684932,0.4931506849315068
2848,1443,1405,0.5066713483146067,0.49332865168539325
2849,1444,1405,0.5068445068445069,0.4931554931554932
2850,1444,1406,0.5066666666666667,0.49333333333333335
2851,1444,1407,0.5064889512451771,0.4935110487548229
2852,1445,1407,0.5066619915848527,0.49333800841514724
2853,1445,1408,0.506484402383456,0.493515597616544
2854,1446,1408,0.5066573230553609,0.4933426769446391
2855,1446,1409,0.5064798598949212,0.49352014010507883
2856,1446,1410,0.5063025210084033,0.49369747899159666
2857,1447,1410,0.5064753237661883,0.4935246762338117
2858,1447,1411,0.5062981105668299,0.49370188943317006
2859,1448,1411,0.5064707939839105,0.4935292060160895
2860,1449,1411,0.5066433566433567,0.49335664335664337
2861,1450,1411,0.506815798671793,0.4931842013282069
2862,1451,1411,0.5069881201956674,0.49301187980433264
2863,1452,1411,0.5071603213412504,0.49283967865874956
2864,1452,1412,0.5069832402234636,0.4930167597765363
2865,1452,1413,0.506806282722513,0.4931937172774869
2866,1452,1414,0.5066294487090021,0.4933705512909979
2867,1452,1415,0.5064527380537147,0.49354726194628534
2868,1452,1416,0.5062761506276151,0.49372384937238495
2869,1452,1417,0.5060996863018473,0.4939003136981527
2870,1453,1417,0.5062717770034844,0.4937282229965157
2871,1453,1418,0.5060954371299199,0.4939045628700801
2872,1453,1419,0.5059192200557103,0.49408077994428967
2873,1453,1420,0.5057431256526279,0.4942568743473721
2874,1453,1421,0.5055671537926235,0.4944328462073765
2875,1454,1421,0.5057391304347826,0.49426086956521736
2876,1454,1422,0.5055632823365785,0.4944367176634214
2877,1455,1422,0.5057351407716372,0.4942648592283629
2878,1455,1423,0.5055594162612925,0.4944405837387074
2879,1455,1424,0.5053838138242446,0.4946161861757555
2880,1456,1424,0.5055555555555555,0.49444444444444446
2881,1457,1424,0.5057271780631725,0.4942728219368275
2882,1457,1425,0.5055517002081887,0.49444829979181126
2883,1458,1425,0.5057232049947971,0.49427679500520294
2884,1458,1426,0.5055478502080444,0.4944521497919556
2885,1459,1426,0.5057192374350087,0.4942807625649913
2886,1459,1427,0.5055440055440056,0.4944559944559945
2887,1459,1428,0.5053688950467613,0.49463110495323864
2888,1460,1428,0.5055401662049861,0.49445983379501385
2889,1461,1428,0.505711318795431,0.49428868120456904
2890,1462,1428,0.5058823529411764,0.49411764705882355
2891,1462,1429,0.5057073676928399,0.49429263230716014
2892,1462,1430,0.5055325034578146,0.49446749654218536
2893,1462,1431,0.5053577601106118,0.49464223988938816
2894,1463,1431,0.5055286800276434,0.4944713199723566
2895,1464,1431,0.505699481865285,0.49430051813471504
2896,1464,1432,0.505524861878453,0.494475138121547
2897,1465,1432,0.5056955471177079,0.494304452882292
2898,1465,1433,0.5055210489993098,0.4944789510006901
2899,1466,1433,0.5056916177992411,0.4943083822007589
2900,1466,1434,0.5055172413793103,0.49448275862068963
2901,1467,1434,0.5056876938986556,0.49431230610134436
2902,1468,1434,0.5058580289455548,0.4941419710544452
2903,1468,1435,0.5056837754047537,0.4943162245952463
2904,1469,1435,0.5058539944903582,0.4941460055096419
2905,1470,1435,0.5060240963855421,0.4939759036144578
2906,1471,1435,0.506194081211287,0.493805918788713
2907,1471,1436,0.5060199518403853,0.4939800481596147
2908,1471,1437,0.5058459422283357,0.4941540577716644
2909,1471,1438,0.5056720522516328,0.49432794774836714
2910,1471,1439,0.5054982817869416,0.49450171821305844
2911,1472,1439,0.505668155273102,0.49433184472689795
2912,1473,1439,0.5058379120879121,0.49416208791208793
2913,1473,1440,0.505664263645726,0.49433573635427397
2914,1474,1440,0.5058339052848319,0.49416609471516815
2915,1474,1441,0.5056603773584906,0.49433962264150944
2916,1474,1442,0.5054869684499315,0.4945130315500686
2917,1474,1443,0.5053136784367501,0.49468632156324993
2918,1475,1443,0.5054832076764908,0.49451679232350926
2919,1476,1443,0.5056526207605344,0.4943473792394656
2920,1476,1444,0.5054794520547945,0.4945205479452055
2921,1476,1445,0.5053064019171517,0.49469359808284835
2922,1477,1445,0.5054757015742642,0.4945242984257358
2923,1477,1446,0.5053027711255559,0.49469722887444406
2924,1478,1446,0.5054719562243503,0.4945280437756498
2925,1479,1446,0.5056410256410256,0.49435897435897436
2926,1479,1447,0.5054682159945317,0.4945317840054682
2927,1480,1447,0.5056371711650154,0.4943628288349846
2928,1480,1448,0.505464480874317,0.49453551912568305
2929,1481,1448,0.5056333219528849,0.49436667804711504
2930,1481,1449,0.5054607508532423,0.4945392491467577
2931,1482,1449,0.5056294779938587,0.49437052200614123
2932,1483,1449,0.5057980900409277,0.4942019099590723
2933,1484,1449,0.5059665871121718,0.49403341288782815
2934,1485,1449,0.5061349693251533,0.4938650306748466
2935,1485,1450,0.5059625212947189,0.4940374787052811
2936,1486,1450,0.5061307901907357,0.4938692098092643
2937,1486,1451,0.5059584610146408,0.4940415389853592
2938,1487,1451,0.5061266167460857,0.4938733832539142
2939,1487,1452,0.5059544062606328,0.49404559373936713
2940,1487,1453,0.5057823129251701,0.49421768707482994
2941,1488,1453,0.5059503570214213,0.49404964297857873
2942,1489,1453,0.5061182868796736,0.4938817131203263
2943,1489,1454,0.5059463132857628,0.49405368671423716
2944,1489,1455,0.5057744565217391,0.49422554347826086
2945,1490,1455,0.5059422750424448,0.4940577249575552
2946,1491,1455,0.5061099796334012,0.4938900203665988
2947,1491,1456,0.505938242280285,0.49406175771971494
2948,1492,1456,0.5061058344640434,0.49389416553595655
2949,1493,1456,0.5062733129874534,0.49372668701254663
2950,1494,1456,0.5064406779661017,0.4935593220338983
2951,1494,1457,0.5062690613351406,0.49373093866485934
2952,1495,1457,0.5064363143631436,0.4935636856368564
2953,1495,1458,0.5062648154419235,0.4937351845580765
2954,1496,1458,0.5064319566689235,0.4935680433310765
2955,1496,1459,0.5062605752961082,0.4937394247038917
2956,1497,1459,0.5064276048714479,0.4935723951285521
2957,1497,1460,0.5062563408860331,0.49374365911396684
2958,1497,1461,0.5060851926977687,0.49391480730223125
2959,1497,1462,0.5059141601892532,0.4940858398107469
2960,1498,1462,0.5060810810810811,0.4939189189189189
2961,1499,1462,0.5062478892266127,0.4937521107733874
2962,1500,1462,0.5064145847400405,0.49358541525995947
2963,1501,1462,0.5065811677354033,0.4934188322645967
2964,1501,1463,0.5064102564102564,0.4935897435897436
2965,1502,1463,0.5065767284991568,0.4934232715008432
2966,1502,1464,0.5064059339177344,0.4935940660822657
2967,1503,1464,0.506572295247725,0.49342770475227504
2968,1503,1465,0.5064016172506739,0.49359838274932616
2969,1503,1466,0.5062310542270124,0.4937689457729875
2970,1503,1467,0.5060606060606061,0.49393939393939396
2971,1503,1468,0.5058902726354763,0.49410972736452374
2972,1504,1468,0.506056527590848,0.4939434724091521
2973,1504,1469,0.5058863101244534,0.4941136898755466
2974,1504,1470,0.5057162071284466,0.49428379287155344
2975,1505,1470,0.5058823529411764,0.49411764705882355
2976,1506,1470,0.5060483870967742,0.4939516129032258
2977,1507,1470,0.5062143097077595,0.4937856902922405
2978,1507,1471,0.5060443250503693,0.4939556749496306
2979,1508,1471,0.5062101376300772,0.4937898623699228
2980,1508,1472,0.5060402684563758,0.49395973154362416
2981,1509,1472,0.5062059711506206,0.4937940288493794
2982,1509,1473,0.506036217303823,0.4939637826961771
2983,1509,1474,0.5058665772712034,0.4941334227287965
2984,1510,1474,0.5060321715817694,0.49396782841823056
2985,1511,1474,0.5061976549413736,0.49380234505862647
2986,1512,1474,0.506363027461487,0.4936369725385131
2987,1513,1474,0.5065282892534315,0.4934717107465685
2988,1513,1475,0.5063587684069611,0.4936412315930388
2989,1513,1476,0.5061893609902978,0.49381063900970223
2990,1514,1476,0.5063545150501673,0.4936454849498328
2991,1514,1477,0.5061852223336677,0.4938147776663323
2992,1515,1477,0.5063502673796791,0.49364973262032086
2993,1516,1477,0.5065152021383228,0.49348479786167726
2994,1517,1477,0.5066800267201069,0.49331997327989313
2995,1518,1477,0.5068447412353924,0.4931552587646077
2996,1519,1477,0.5070093457943925,0.4929906542056075
2997,1519,1478,0.5068401735068402,0.4931598264931598
2998,1519,1479,0.5066711140760507,0.4933288859239493
2999,1520,1479,0.5068356118706235,0.49316438812937646
3000,1520,1480,0.5066666666666667,0.49333333333333335
3001,1521,1480,0.5068310563145618,0.4931689436854382
3002,1522,1480,0.5069953364423717,0.49300466355762823
3003,1523,1480,0.5071595071595072,0.49284049284049286
3004,1524,1480,0.507323568575233,0.49267643142476697
3005,1525,1480,0.5074875207986689,0.4925124792013311
3006,1526,1480,0.5076513639387891,0.49234863606121093
3007,1526,1481,0.5074825407382774,0.49251745926172263
3008,1526,1482,0.507313829787234,0.49268617021276595
3009,1527,1482,0.5074775672981057,0.49252243270189433
3010,1527,1483,0.5073089700996678,0.4926910299003322
3011,1528,1483,0.5074726004649618,0.4925273995350382
3012,1529,1483,0.5076361221779548,0.49236387782204516
3013,1529,1484,0.5074676402256887,0.4925323597743113
3014,1529,1485,0.5072992700729927,0.4927007299270073
3015,1530,1485,0.5074626865671642,0.4925373134328358
3016,1530,1486,0.5072944297082228,0.4927055702917772
3017,1531,1486,0.5074577394763009,0.49254226052369904
3018,1531,1487,0.5072895957587806,0.49271040424121937
3019,1532,1487,0.5074527989400464,0.49254720105995364
3020,1533,1487,0.5076158940397351,0.4923841059602649
3021,1534,1487,0.5077788811651771,0.4922211188348229
3022,1534,1488,0.5076108537392455,0.4923891462607545
3023,1535,1488,0.5077737347006285,0.49222626529937147
3024,1536,1488,0.5079365079365079,0.49206349206349204
3025,1536,1489,0.5077685950413223,0.4922314049586777
3026,1536,1490,0.5076007931262393,0.49239920687376076
3027,1536,1491,0.5074331020812686,0.49256689791873143
3028,1536,1492,0.5072655217965654,0.49273447820343463
3029,1536,1493,0.5070980521624299,0.49290194783757013
3030,1536,1494,0.5069306930693069,0.49306930693069306
3031,1537,1494,0.5070933685252392,0.4929066314747608
3032,1538,1494,0.5072559366754618,0.49274406332453824
3033,1538,1495,0.5070886910649522,0.4929113089350478
3034,1538,1496,0.5069215557020436,0.4930784442979565
3035,1539,1496,0.5070840197693575,0.4929159802306425
3036,1539,1497,0.5069169960474308,0.49308300395256915
3037,1540,1497,0.507079354626276,0.49292064537372404
3038,1540,1498,0.5069124423963134,0.4930875576036866
3039,1540,1499,0.5067456400131622,0.49325435998683775
3040,1541,1499,0.5069078947368421,0.4930921052631579
3041,1542,1499,0.5070700427490957,0.4929299572509043
3042,1543,1499,0.5072320841551611,0.4927679158448389
3043,1543,1500,0.5070653959907986,0.49293460400920147
3044,1544,1500,0.507227332457293,0.492772667542707
3045,1545,1500,0.5073891625615764,0.49261083743842365
3046,1546,1500,0.5075508864084045,0.49244911359159554
3047,1546,1501,0.507384312438464,0.49261568756153595
3048,1547,1501,0.5075459317585301,0.4924540682414698
3049,1547,1502,0.5073794686782551,0.4926205313217448
3050,1548,1502,0.5075409836065574,0.49245901639344264
3051,1549,1502,0.5077023926581449,0.4922976073418551
3052,1549,1503,0.5075360419397117,0.4924639580602883
3053,1550,1503,0.5076973468719292,0.49230265312807076
3054,1550,1504,0.5075311067452521,0.49246889325474785
3055,1551,1504,0.5076923076923077,0.49230769230769234
3056,1551,1505,0.5075261780104712,0.49247382198952877
3057,1551,1506,0.507360157016683,0.492639842983317
3058,1551,1507,0.5071942446043165,0.49280575539568344
3059,1551,1508,0.5070284406668846,0.49297155933311537
3060,1551,1509,0.5068627450980392,0.4931372549019608
3061,1552,1509,0.5070238484155505,0.4929761515844495
3062,1552,1510,0.5068582625734814,0.4931417374265186
3063,1553,1510,0.5070192621612798,0.4929807378387202
3064,1554,1510,0.5071801566579635,0.49281984334203655
3065,1554,1511,0.5070146818923328,0.4929853181076672
3066,1555,1511,0.5071754729288976,0.4928245270711024
3067,1556,1511,0.5073361591131399,0.4926638408868601
3068,1557,1511,0.507496740547588,0.49250325945241197
3069,1558,1511,0.5076572173346366,0.4923427826653633
3070,1559,1511,0.5078175895765472,0.4921824104234528
3071,1559,1512,0.5076522305437968,0.4923477694562032
3072,1560,1512,0.5078125,0.4921875
3073,1560,1513,0.5076472502440612,0.49235274975593885
3074,1560,1514,0.5074821080026025,0.49251789199739754
3075,1561,1514,0.5076422764227643,0.4923577235772358
3076,1562,1514,0.5078023407022106,0.49219765929778936
3077,1563,1514,0.5079623009424764,0.49203769905752354
3078,1564,1514,0.5081221572449642,0.4918778427550357
3079,1564,1515,0.5079571289379669,0.49204287106203315
3080,1564,1516,0.5077922077922078,0.4922077922077922
3081,1564,1517,0.5076273937033431,0.4923726062966569
3082,1565,1517,0.5077871512005191,0.49221284879948085
3083,1566,1517,0.5079468050600064,0.4920531949399935
3084,1567,1517,0.50810635538262,0.49189364461738
3085,1567,1518,0.5079416531604538,0.4920583468395462
3086,1567,1519,0.5077770576798445,0.49222294232015557
3087,1567,1520,0.5076125688370586,0.49238743116294137
3088,1567,1521,0.5074481865284974,0.49255181347150256
3089,1567,1522,0.507283910650696,0.492716089349304
3090,1567,1523,0.5071197411003237,0.49288025889967635
3091,1567,1524,0.5069556777741832,0.4930443222258169
3092,1567,1525,0.5067917205692108,0.49320827943078915
3093,1568,1525,0.5069511800840608,0.49304881991593924
3094,1569,1525,0.5071105365223012,0.4928894634776988
3095,1570,1525,0.5072697899838449,0.4927302100161551
3096,1570,1526,0.5071059431524548,0.4928940568475452
3097,1570,1527,0.5069422021310946,0.4930577978689054
3098,1571,1527,0.5071013557133635,0.49289864428663654
3099,1571,1528,0.5069377218457567,0.4930622781542433
3100,1572,1528,0.5070967741935484,0.49290322580645163
3101,1572,1529,0.5069332473395679,0.4930667526604321
3102,1573,1529,0.5070921985815603,0.4929078014184397
3103,1574,1529,0.5072510473735095,0.4927489526264905
3104,1574,1530,0.5070876288659794,0.49291237113402064
3105,1574,1531,0.5069243156199678,0.4930756843800322
3106,1574,1532,0.5067611075338055,0.49323889246619446
3107,1574,1533,0.5065980045059543,0.49340199549404573
3108,1575,1533,0.5067567567567568,0.49324324324324326
3109,1575,1534,0.5065937600514635,0.4934062399485365
3110,1575,1535,0.5064308681672026,0.49356913183279744
3111,1575,1536,0.506268081002893,0.49373191899710706
3112,1575,1537,0.5061053984575835,0.49389460154241643
3113,1575,1538,0.5059428204304529,0.49405717956954703
3114,1575,1539,0.5057803468208093,0.49421965317919075
3115,1575,1540,0.5056179775280899,0.4943820224719101
3116,1575,1541,0.5054557124518614,0.4945442875481386
3117,1576,1541,0.5056143727943535,0.49438562720564644
3118,1576,1542,0.5054522129570237,0.49454778704297625
3119,1577,1542,0.5056107726835524,0.4943892273164476
3120,1578,1542,0.5057692307692307,0.49423076923076925
3121,1578,1543,0.5056071771867992,0.4943928228132009
3122,1579,1543,0.505765534913517,0.494234465086483
3123,1579,1544,0.505603586295229,0.49439641370477105
3124,1580,1544,0.5057618437900128,0.4942381562099872
3125,1581,1544,0.50592,0.49408
3126,1581,1545,0.5057581573896354,0.4942418426103647
3127,1581,1546,0.505596418292293,0.49440358170770704
3128,1581,1547,0.5054347826086957,0.4945652173913043
3129,1581,1548,0.5052732502396932,0.4947267497603068
3130,1582,1548,0.5054313099041533,0.49456869009584664
3131,1582,1549,0.5052698818268924,0.49473011817310764
3132,1582,1550,0.5051085568326947,0.4948914431673052
3133,1583,1550,0.5052665177146505,0.4947334822853495
3134,1583,1551,0.5051052967453733,0.4948947032546267
3135,1584,1551,0.5052631578947369,0.49473684210526314
3136,1584,1552,0.5051020408163265,0.49489795918367346
3137,1585,1552,0.5052598023589416,0.4947401976410583
3138,1585,1553,0.5050987890376035,0.4949012109623964
3139,1585,1554,0.5049378783051928,0.4950621216948073
3140,1586,1554,0.5050955414012739,0.4949044585987261
3141,1586,1555,0.5049347341610952,0.4950652658389048
3142,1587,1555,0.5050922978994271,0.4949077021005729
3143,1588,1555,0.505249761374483,0.49475023862551704
3144,1588,1556,0.5050890585241731,0.494910941475827
3145,1588,1557,0.5049284578696344,0.49507154213036564
3146,1589,1557,0.5050858232676414,0.49491417673235855
3147,1590,1557,0.5052430886558628,0.4947569113441373
3148,1590,1558,0.5050825921219823,0.4949174078780178
3149,1591,1558,0.5052397586535408,0.4947602413464592
3150,1592,1558,0.5053968253968254,0.4946031746031746
3151,1593,1558,0.5055537924468423,0.4944462075531577
3152,1593,1559,0.5053934010152284,0.49460659898477155
3153,1593,1560,0.50523311132255,0.49476688867745006
3154,1594,1560,0.5053899809765378,0.49461001902346224
3155,1594,1561,0.505229793977813,0.494770206022187
3156,1594,1562,0.5050697084917617,0.49493029150823825
3157,1594,1563,0.5049097244219195,0.49509027557808044
3158,1594,1564,0.5047498416719443,0.49525015832805575
3159,1595,1564,0.5049066160177271,0.49509338398227287
3160,1596,1564,0.5050632911392405,0.49493670886075947
3161,1596,1565,0.5049035115469788,0.4950964884530212
3162,1596,1566,0.5047438330170778,0.4952561669829222
3163,1596,1567,0.5045842554536832,0.49541574454631676
3164,1596,1568,0.504424778761062,0.49557522123893805
3165,1596,1569,0.5042654028436019,0.4957345971563981
3166,1597,1569,0.5044219835754896,0.49557801642451044
3167,1598,1569,0.5045784654246921,0.49542153457530785
3168,1598,1570,0.5044191919191919,0.49558080808080807
3169,1599,1570,0.5045755758914484,0.4954244241085516
3170,1600,1570,0.5047318611987381,0.4952681388012618
3171,1601,1570,0.5048880479344056,0.49511195206559444
3172,1602,1570,0.5050441361916772,0.49495586380832285
3173,1603,1570,0.5052001260636622,0.49479987393633784
3174,1604,1570,0.5053560176433523,0.49464398235664775
3175,1605,1570,0.5055118110236221,0.494488188976378
3176,1605,1571,0.5053526448362721,0.494647355163728
3177,1606,1571,0.5055083412023922,0.4944916587976078
3178,1606,1572,0.5053492762743864,0.4946507237256136
3179,1607,1572,0.5055048757470902,0.4944951242529097
3180,1608,1572,0.5056603773584906,0.49433962264150944
3181,1608,1573,0.5055014146494813,0.4944985853505187
3182,1608,1574,0.5053425518541798,0.49465744814582024
3183,1608,1575,0.5051837888784166,0.4948162111215834
3184,1609,1575,0.5053391959798995,0.4946608040201005
3185,1610,1575,0.5054945054945055,0.4945054945054945
3186,1610,1576,0.5053358443188951,0.49466415568110483
3187,1611,1576,0.5054910574207719,0.4945089425792281
3188,1611,1577,0.5053324968632371,0.4946675031367629
3189,1611,1578,0.5051740357478833,0.49482596425211667
3190,1611,1579,0.5050156739811912,0.49498432601880876
3191,1611,1580,0.5048574114697587,0.4951425885302413
3192,1611,1581,0.5046992481203008,0.49530075187969924
3193,1612,1581,0.5048543689320388,0.49514563106796117
3194,1613,1581,0.5050093926111459,0.4949906073888541
3195,1613,1582,0.5048513302034429,0.49514866979655714
3196,1613,1583,0.5046933667083855,0.4953066332916145
3197,1613,1584,0.5045355020331561,0.49546449796684394
3198,1614,1584,0.5046904315196998,0.49530956848030017
3199,1615,1584,0.5048452641450454,0.4951547358549547
3200,1615,1585,0.5046875,0.4953125
3201,1616,1585,0.5048422368009997,0.4951577631990003
3202,1616,1586,0.504684572142411,0.49531542785758903
3203,1617,1586,0.5048392132375897,0.49516078676241027
3204,1618,1586,0.5049937578027466,0.4950062421972534
3205,1619,1586,0.5051482059282372,0.4948517940717629
3206,1619,1587,0.5049906425452277,0.4950093574547723
3207,1619,1588,0.5048331774243842,0.49516682257561584
3208,1620,1588,0.5049875311720698,0.49501246882793015
3209,1621,1588,0.5051417887192272,0.49485821128077284
3210,1622,1588,0.5052959501557632,0.49470404984423677
3211,1623,1588,0.5054500155714731,0.49454998442852693
3212,1624,1588,0.5056039850560399,0.4943960149439601
3213,1625,1588,0.5057578586990352,0.49424214130096483
3214,1626,1588,0.5059116365899191,0.4940883634100809
3215,1627,1588,0.5060653188180404,0.49393468118195955
3216,1628,1588,0.5062189054726368,0.4937810945273632
3217,1629,1588,0.506372396642835,0.49362760335716505
3218,1629,1589,0.5062150403977626,0.4937849596022374
3219,1630,1589,0.5063684374029201,0.49363156259707985
3220,1630,1590,0.5062111801242236,0.4937888198757764
3221,1630,1591,0.5060540204905309,0.4939459795094691
3222,1630,1592,0.5058969584109249,0.4941030415890751
3223,1630,1593,0.5057399937946013,0.49426000620539867
3224,1631,1593,0.5058933002481389,0.49410669975186106
3225,1632,1593,0.5060465116279069,0.493953488372093
3226,1633,1593,0.5061996280223187,0.49380037197768134
3227,1633,1594,0.5060427641772545,0.4939572358227456
3228,1634,1594,0.5061957868649318,0.49380421313506817
3229,1634,1595,0.5060390213688448,0.4939609786311552
3230,1635,1595,0.5061919504643962,0.4938080495356037
3231,1635,1596,0.5060352831940576,0.49396471680594245
3232,1636,1596,0.5061881188118812,0.4938118811881188
3233,1637,1596,0.5063408598824621,0.49365914011753786
3234,1637,1597,0.5061842918985776,0.4938157081014224
3235,1637,1598,0.5060278207109737,0.49397217928902626
3236,1637,1599,0.5058714462299134,0.4941285537700865
3237,1638,1599,0.5060240963855421,0.4939759036144578
3238,1639,1599,0.506176652254478,0.49382334774552195
3239,1640,1599,0.5063291139240507,0.4936708860759494
3240,1641,1599,0.5064814814814815,0.4935185185185185
3241,1641,1600,0.5063252082690528,0.49367479173094725
3242,1642,1600,0.5064774830351635,0.4935225169648365
3243,1643,1600,0.5066296638914586,0.4933703361085415
3244,1643,1601,0.5064734895191122,0.4935265104808878
3245,1644,1601,0.5066255778120184,0.4933744221879815
3246,1645,1601,0.5067775723967961,0.49322242760320395
3247,1645,1602,0.5066214967662458,0.49337850323375426
3248,1646,1602,0.5067733990147784,0.4932266009852217
3249,1646,1603,0.5066174207448446,0.49338257925515544
3250,1647,1603,0.5067692307692307,0.49323076923076925
3251,1647,1604,0.506613349738542,0.493386650261458
3252,1648,1604,0.5067650676506765,0.4932349323493235
3253,1649,1604,0.5069166922840455,0.4930833077159545
3254,1650,1604,0.5070682237246465,0.4929317762753534
3255,1650,1605,0.5069124423963134,0.4930875576036866
3256,1651,1605,0.5070638820638821,0.4929361179361179
3257,1651,1606,0.5069081977279706,0.4930918022720295
3258,1652,1606,0.5070595457335789,0.49294045426642114
3259,1653,1606,0.5072108008591593,0.49278919914084074
3260,1653,1607,0.5070552147239263,0.4929447852760736
3261,1653,1608,0.5068997240110396,0.49310027598896045
3262,1654,1608,0.507050889025138,0.49294911097486205
3263,1655,1608,0.5072019613852283,0.49279803861477167
3264,1656,1608,0.5073529411764706,0.49264705882352944
3265,1656,1609,0.507197549770291,0.49280245022970903
3266,1656,1610,0.5070422535211268,0.49295774647887325
3267,1656,1611,0.5068870523415978,0.4931129476584022
3268,1657,1611,0.5070379436964504,0.49296205630354956
3269,1657,1612,0.5068828387886204,0.4931171612113796
3270,1657,1613,0.5067278287461774,0.4932721712538226
3271,1658,1613,0.5068786303882604,0.4931213696117395
3272,1659,1613,0.5070293398533008,0.49297066014669927
3273,1659,1614,0.5068744271310724,0.4931255728689276
3274,1660,1614,0.5070250458155162,0.49297495418448384
3275,1660,1615,0.5068702290076336,0.49312977099236643
3276,1661,1615,0.507020757020757,0.492979242979243
3277,1661,1616,0.5068660360085444,0.4931339639914556
3278,1661,1617,0.5067114093959731,0.49328859060402686
3279,1661,1618,0.5065568770966759,0.4934431229033242
3280,1661,1619,0.5064024390243902,0.49359756097560975
3281,1662,1619,0.5065528802194453,0.4934471197805547
3282,1662,1620,0.506398537477148,0.4936014625228519
3283,1663,1620,0.5065488882120012,0.4934511117879988
3284,1664,1620,0.5066991473812423,0.4933008526187576
3285,1665,1620,0.5068493150684932,0.4931506849315068
3286,1666,1620,0.5069993913572732,0.4930006086427267
3287,1667,1620,0.5071493763310009,0.49285062366899907
3288,1668,1620,0.5072992700729927,0.4927007299270073
3289,1668,1621,0.5071450288841594,0.4928549711158407
3290,1669,1621,0.5072948328267477,0.4927051671732523
3291,1669,1622,0.5071406867213613,0.4928593132786387
3292,1669,1623,0.5069866342648846,0.49301336573511545
3293,1669,1624,0.5068326753720012,0.4931673246279988
3294,1670,1624,0.5069823922282939,0.4930176077717061
3295,1671,1624,0.5071320182094082,0.4928679817905918
3296,1672,1624,0.5072815533980582,0.49271844660194175
3297,1673,1624,0.5074309978768577,0.49256900212314225
3298,1674,1624,0.5075803517283202,0.49241964827167983
3299,1675,1624,0.507729615034859,0.492270384965141
3300,1676,1624,0.5078787878787879,0.4921212121212121
3301,1677,1624,0.5080278703423206,0.4919721296576795
3302,1677,1625,0.5078740157480315,0.4921259842519685
3303,1677,1626,0.5077202543142597,0.49227974568574023
3304,1677,1627,0.5075665859564165,0.49243341404358354
3305,1677,1628,0.5074130105900151,0.49258698940998485
3306,1677,1629,0.5072595281306715,0.4927404718693285
3307,1678,1629,0.5074085273661929,0.4925914726338071
3308,1679,1629,0.5075574365175333,0.49244256348246673
3309,1680,1629,0.5077062556663645,0.49229374433363554
3310,1680,1630,0.5075528700906344,0.49244712990936557
3311,1681,1630,0.5077016007248566,0.49229839927514346
3312,1682,1630,0.5078502415458938,0.4921497584541063
3313,1683,1630,0.507998792635074,0.49200120736492603
3314,1683,1631,0.507845503922752,0.49215449607724804
3315,1684,1631,0.5079939668174962,0.49200603318250374
3316,1684,1632,0.5078407720144753,0.49215922798552475
3317,1685,1632,0.5079891468194151,0.49201085318058485
3318,1686,1632,0.5081374321880651,0.4918625678119349
3319,1687,1632,0.5082856282012654,0.49171437179873456
3320,1688,1632,0.5084337349397591,0.491566265060241
3321,1689,1632,0.5085817524841915,0.4914182475158085
3322,1689,1633,0.50842865743528,0.49157134256472007
3323,1690,1633,0.5085765874210051,0.4914234125789949
3324,1691,1633,0.5087244283995187,0.49127557160048135
3325,1691,1634,0.5085714285714286,0.49142857142857144
3326,1692,1634,0.5087191822008419,0.49128081779915816
3327,1692,1635,0.5085662759242561,0.4914337240757439
3328,1693,1635,0.5087139423076923,0.4912860576923077
3329,1694,1635,0.5088615199759687,0.49113848002403127
3330,1695,1635,0.509009009009009,0.49099099099099097
3331,1696,1635,0.5091564094866406,0.49084359051335935
3332,1696,1636,0.5090036014405762,0.4909963985594238
3333,1696,1637,0.5088508850885088,0.49114911491149116
3334,1696,1638,0.5086982603479304,0.4913017396520696
3335,1696,1639,0.5085457271364318,0.49145427286356824
3336,1697,1639,0.5086930455635491,0.49130695443645084
3337,1697,1640,0.5085406053341325,0.4914593946658675
3338,1697,1641,0.5083882564409826,0.4916117435590174
3339,1697,1642,0.5082359988020365,0.4917640011979635
3340,1697,1643,0.5080838323353294,0.49191616766467067
3341,1698,1643,0.5082310685423526,0.4917689314576474
3342,1698,1644,0.5080789946140036,0.4919210053859964
3343,1698,1645,0.5079270116661682,0.4920729883338319
3344,1698,1646,0.5077751196172249,0.4922248803827751
3345,1698,1647,0.5076233183856502,0.4923766816143498
3346,1699,1647,0.5077704722056187,0.49222952779438134
3347,1699,1648,0.5076187630714072,0.49238123692859276
3348,1700,1648,0.5077658303464755,0.4922341696535245
3349,1701,1648,0.5079128097939684,0.49208719020603164
3350,1702,1648,0.5080597014925373,0.4919402985074627
3351,1703,1648,0.5082065055207401,0.4917934944792599
3352,1703,1649,0.508054892601432,0.491945107398568
3353,1703,1650,0.5079033701163137,0.49209662988368624
3354,1703,1651,0.5077519379844961,0.49224806201550386
3355,1704,1651,0.5078986587183308,0.49210134128166916
3356,1704,1652,0.5077473182359953,0.4922526817640048
3357,1704,1653,0.5075960679177838,0.4924039320822163
3358,1704,1654,0.5074449076831448,0.4925550923168553
3359,1705,1654,0.5075915451027091,0.49240845489729085
3360,1706,1654,0.5077380952380952,0.4922619047619048
3361,1707,1654,0.5078845581672121,0.4921154418327879
3362,1708,1654,0.5080309339678762,0.49196906603212376
3363,1708,1655,0.5078798691644365,0.4921201308355635
3364,1708,1656,0.5077288941736029,0.49227110582639716
3365,1709,1656,0.5078751857355126,0.49212481426448734
3366,1710,1656,0.5080213903743316,0.4919786096256685
3367,1711,1656,0.5081675081675082,0.49183249183249184
3368,1711,1657,0.5080166270783848,0.4919833729216152
3369,1711,1658,0.5078658355595133,0.4921341644404868
3370,1711,1659,0.5077151335311573,0.49228486646884273
3371,1712,1659,0.5078611687926431,0.49213883120735685
3372,1712,1660,0.5077105575326216,0.49228944246737844
3373,1713,1660,0.5078565075600355,0.4921434924399644
3374,1713,1661,0.507705986959099,0.49229401304090104
3375,1713,1662,0.5075555555555555,0.49244444444444446
3376,1714,1662,0.5077014218009479,0.49229857819905215
3377,1715,1662,0.5078472016582766,0.49215279834172343
3378,1715,1663,0.5076968620485495,0.4923031379514506
3379,1715,1664,0.5075466114234981,0.49245338857650195
3380,1716,1664,0.5076923076923077,0.49230769230769234
3381,1717,1664,0.507837917775806,0.49216208222419405
3382,1717,1665,0.5076877587226494,0.4923122412773507
3383,1718,1665,0.5078332840673958,0.4921667159326042
3384,1719,1665,0.5079787234042553,0.4920212765957447
3385,1720,1665,0.5081240768094535,0.4918759231905465
3386,1720,1666,0.5079740106320142,0.4920259893679858
3387,1720,1667,0.5078240330676115,0.4921759669323885
3388,1721,1667,0.5079693034238488,0.4920306965761511
3389,1722,1667,0.5081144880495722,0.49188551195042785
3390,1722,1668,0.5079646017699115,0.4920353982300885
3391,1722,1669,0.507814803892657,0.49218519610734296
3392,1722,1670,0.5076650943396226,0.49233490566037735
3393,1723,1670,0.5078101974653699,0.4921898025346301
3394,1724,1670,0.5079552150854449,0.4920447849145551
3395,1725,1670,0.508100147275405,0.49189985272459497
3396,1725,1671,0.5079505300353356,0.4920494699646643
3397,1726,1671,0.5080953782749484,0.4919046217250515
3398,1727,1671,0.5082401412595644,0.49175985874043554
3399,1727,1672,0.5080906148867314,0.4919093851132686
3400,1728,1672,0.508235294117647,0.49176470588235294
3401,1729,1672,0.5083798882681564,0.49162011173184356
3402,1730,1672,0.5085243974132863,0.4914756025867137
3403,1731,1672,0.5086688216279753,0.49133117837202467
3404,1731,1673,0.5085193889541716,0.49148061104582846
3405,1731,1674,0.5083700440528635,0.49162995594713654
3406,1731,1675,0.508220786846741,0.49177921315325895
3407,1732,1675,0.5083651306134429,0.4916348693865571
3408,1733,1675,0.5085093896713615,0.4914906103286385
3409,1734,1675,0.5086535640950426,0.49134643590495747
3410,1734,1676,0.5085043988269795,0.49149560117302055
3411,1734,1677,0.5083553210202286,0.4916446789797713
3412,1734,1678,0.5082063305978898,0.4917936694021102
3413,1734,1679,0.5080574274831526,0.49194257251684737
3414,1734,1680,0.507908611599297,0.492091388400703
3415,1735,1680,0.5080527086383602,0.49194729136163984
3416,1735,1681,0.507903981264637,0.492096018735363
3417,1736,1681,0.50804799531753,0.49195200468247
3418,1737,1681,0.5081919251023991,0.4918080748976009
3419,1737,1682,0.5080432875109682,0.4919567124890319
3420,1737,1683,0.5078947368421053,0.4921052631578947
3421,1737,1684,0.507746273019585,0.4922537269804151
3422,1738,1684,0.5078901227352426,0.49210987726475747
3423,1739,1684,0.5080338884019866,0.49196611159801346
3424,1740,1684,0.508177570093458,0.49182242990654207
3425,1740,1685,0.5080291970802919,0.491970802919708
3426,1741,1685,0.5081727962638646,0.4918272037361354
3427,1742,1685,0.5083163116428363,0.4916836883571637
3428,1742,1686,0.5081680280046674,0.4918319719953326
3429,1743,1686,0.5083114610673666,0.4916885389326334
3430,1743,1687,0.5081632653061224,0.49183673469387756
3431,1744,1687,0.508306616146896,0.49169338385310407
3432,1745,1687,0.5084498834498834,0.49155011655011654
3433,1745,1688,0.5083017768715409,0.49169822312845907
3434,1745,1689,0.5081537565521258,0.4918462434478742
3435,1746,1689,0.508296943231441,0.49170305676855897
3436,1747,1689,0.5084400465657741,0.49155995343422587
3437,1747,1690,0.5082921152167588,0.4917078847832412
3438,1748,1690,0.508435136707388,0.491564863292612
3439,1749,1690,0.5085780750218086,0.4914219249781913
3440,1749,1691,0.5084302325581396,0.4915697674418605
3441,1750,1691,0.5085730892182505,0.4914269107817495
3442,1750,1692,0.5084253341080767,0.4915746658919233
3443,1750,1693,0.5082776648271856,0.4917223351728144
3444,1751,1693,0.5084204413472706,0.4915795586527294
3445,1751,1694,0.5082728592162554,0.4917271407837446
3446,1751,1695,0.508125362739408,0.491874637260592
3447,1751,1696,0.5079779518421816,0.4920220481578184
3448,1752,1696,0.5081206496519721,0.4918793503480278
3449,1752,1697,0.5079733256016237,0.49202667439837633
3450,1752,1698,0.5078260869565218,0.49217391304347824
3451,1753,1698,0.5079687047232686,0.4920312952767314
3452,1754,1698,0.5081112398609502,0.4918887601390498
3453,1755,1698,0.5082536924413553,0.4917463075586447
3454,1755,1699,0.5081065431383903,0.49189345686160973
3455,1755,1700,0.507959479015919,0.492040520984081
3456,1756,1700,0.5081018518518519,0.49189814814814814
3457,1757,1700,0.5082441423199305,0.4917558576800694
3458,1757,1701,0.5080971659919028,0.49190283400809715
3459,1757,1702,0.5079502746458514,0.4920497253541486
3460,1758,1702,0.508092485549133,0.49190751445086706
3461,1758,1703,0.5079456804391794,0.4920543195608206
3462,1758,1704,0.5077989601386482,0.49220103986135183
3463,1758,1705,0.5076523245740687,0.4923476754259313
3464,1759,1705,0.5077944572748267,0.4922055427251732
3465,1759,1706,0.5076479076479077,0.4923520923520924
3466,1759,1707,0.5075014425851125,0.49249855741488746
3467,1759,1708,0.507355062013268,0.49264493798673203
3468,1759,1709,0.5072087658592849,0.49279123414071513
3469,1759,1710,0.5070625540501585,0.49293744594984146
3470,1760,1710,0.5072046109510087,0.49279538904899134
3471,1761,1710,0.5073465859982714,0.49265341400172863
3472,1762,1710,0.5074884792626728,0.4925115207373272
3473,1762,1711,0.50734235531241,0.49265764468759
3474,1762,1712,0.5071963154864709,0.49280368451352907
3475,1762,1713,0.5070503597122302,0.4929496402877698
3476,1762,1714,0.5069044879171462,0.49309551208285385
3477,1763,1714,0.5070463042853034,0.4929536957146966
3478,1763,1715,0.5069005175388154,0.49309948246118457
3479,1763,1716,0.5067548146018971,0.4932451853981029
3480,1764,1716,0.506896551724138,0.49310344827586206
3481,1765,1716,0.5070382074116633,0.49296179258833667
3482,1765,1717,0.5068925904652498,0.49310740953475013
3483,1765,1718,0.5067470571346541,0.493252942865346
3484,1766,1718,0.5068886337543054,0.4931113662456946
3485,1766,1719,0.5067431850789096,0.4932568149210904
3486,1767,1719,0.5068846815834768,0.49311531841652323
3487,1768,1719,0.5070260969314597,0.4929739030685403
3488,1769,1719,0.5071674311926605,0.49283256880733944
3489,1770,1719,0.5073086844368013,0.4926913155631986
3490,1770,1720,0.5071633237822349,0.49283667621776506
3491,1771,1720,0.5073044972787167,0.4926955027212833
3492,1771,1721,0.5071592210767468,0.4928407789232532
3493,1772,1721,0.5073003149155454,0.4926996850844546
3494,1773,1721,0.5074413279908414,0.49255867200915854
3495,1773,1722,0.5072961373390558,0.4927038626609442
3496,1773,1723,0.5071510297482837,0.49284897025171626
3497,1774,1723,0.5072919645410352,0.4927080354589648
3498,1775,1723,0.5074328187535735,0.4925671812464265
3499,1775,1724,0.5072877965132895,0.49271220348671046
3500,1776,1724,0.5074285714285715,0.49257142857142855
3501,1776,1725,0.5072836332476436,0.49271636675235647
3502,1776,1726,0.5071387778412336,0.49286122215876643
3503,1776,1727,0.5069940051384527,0.4930059948615472
3504,1776,1728,0.5068493150684932,0.4931506849315068
3505,1776,1729,0.5067047075606277,0.4932952924393723
3506,1777,1729,0.5068454078722191,0.49315459212778096
3507,1778,1729,0.5069860279441117,0.4930139720558882
3508,1778,1730,0.5068415051311288,0.49315849486887114
3509,1778,1731,0.5066970646907951,0.4933029353092049
3510,1779,1731,0.5068376068376068,0.4931623931623932
3511,1779,1732,0.5066932497863856,0.49330675021361436
3512,1780,1732,0.5068337129840547,0.49316628701594534
3513,1780,1733,0.506689439225733,0.493310560774267
3514,1781,1733,0.5068298235628913,0.4931701764371087
3515,1782,1733,0.5069701280227596,0.4930298719772404
3516,1783,1733,0.5071103526734926,0.4928896473265074
3517,1783,1734,0.5069661643446118,0.4930338356553881
3518,1783,1735,0.5068220579874929,0.4931779420125071
3519,1784,1735,0.5069622051719238,0.49303779482807614
3520,1784,1736,0.5068181818181818,0.49318181818181817
3521,1785,1736,0.5069582504970179,0.49304174950298213
3522,1785,1737,0.5068143100511073,0.49318568994889267
3523,1785,1738,0.5066704513198979,0.4933295486801022
3524,1786,1738,0.5068104426787742,0.4931895573212259
3525,1787,1738,0.5069503546099291,0.4930496453900709
3526,1787,1739,0.5068065796937039,0.4931934203062961
3527,1788,1739,0.506946413382478,0.49305358661752197
3528,1789,1739,0.5070861678004536,0.4929138321995465
3529,1790,1739,0.5072258430150184,0.49277415698498156
3530,1790,1740,0.5070821529745042,0.49291784702549574
3531,1790,1741,0.5069385443217219,0.4930614556782781
3532,1791,1741,0.5070781426953568,0.4929218573046433
3533,1791,1742,0.5069346164732522,0.4930653835267478
3534,1792,1742,0.5070741369552915,0.49292586304470853
3535,1793,1742,0.5072135785007073,0.4927864214992928
3536,1793,1743,0.5070701357466063,0.4929298642533937
3537,1793,1744,0.5069267741023467,0.4930732258976534
3538,1794,1744,0.5070661390616167,0.49293386093838326
3539,1795,1744,0.5072054252613732,0.49279457473862676
3540,1796,1744,0.5073446327683616,0.49265536723163844
3541,1796,1745,0.5072013555492799,0.49279864445072014
3542,1797,1745,0.5073404856013551,0.49265951439864486
3543,1797,1746,0.5071972904318375,0.4928027095681626
3544,1798,1746,0.5073363431151241,0.49266365688487584
3545,1799,1746,0.507475317348378,0.492524682651622
3546,1800,1746,0.5076142131979695,0.49238578680203043
3547,1800,1747,0.5074711023400056,0.49252889765999436
3548,1801,1747,0.5076099210822999,0.4923900789177001
3549,1801,1748,0.5074668920822767,0.4925331079177233
3550,1802,1748,0.5076056338028169,0.4923943661971831
3551,1803,1748,0.5077442973810194,0.49225570261898055
3552,1804,1748,0.5078828828828829,0.49211711711711714
3553,1804,1749,0.5077399380804953,0.49226006191950467
3554,1804,1750,0.5075970737197524,0.4924029262802476
3555,1805,1750,0.5077355836849508,0.49226441631504925
3556,1806,1750,0.5078740157480315,0.4921259842519685
3557,1806,1751,0.5077312341861119,0.4922687658138881
3558,1807,1751,0.5078695896571107,0.4921304103428893
3559,1807,1752,0.5077268895757235,0.49227311042427646
3560,1808,1752,0.5078651685393258,0.49213483146067416
3561,1808,1753,0.507722549845549,0.492277450154451
3562,1809,1753,0.5078607523862998,0.49213924761370015
3563,1810,1753,0.5079988773505473,0.4920011226494527
3564,1810,1754,0.5078563411896745,0.49214365881032546
3565,1810,1755,0.5077138849929874,0.49228611500701264
3566,1811,1755,0.5078519349411105,0.49214806505888953
3567,1811,1756,0.5077095598542193,0.49229044014578077
3568,1812,1756,0.507847533632287,0.492152466367713
3569,1813,1756,0.5079854300924629,0.4920145699075371
3570,1813,1757,0.5078431372549019,0.492156862745098
3571,1814,1757,0.5079809577149258,0.4920190422850742
3572,1814,1758,0.5078387458006719,0.4921612541993281
3573,1815,1758,0.5079764903442485,0.4920235096557515
3574,1816,1758,0.5081141578063794,0.4918858421936206
3575,1817,1758,0.5082517482517482,0.49174825174825176
3576,1818,1758,0.5083892617449665,0.49161073825503354
3577,1818,1759,0.5082471344702264,0.49175286552977354
3578,1819,1759,0.5083845723868082,0.4916154276131917
3579,1820,1759,0.508521933500978,0.4914780664990221
3580,1820,1760,0.5083798882681564,0.49162011173184356
3581,1820,1761,0.5082379223680537,0.4917620776319464
3582,1820,1762,0.5080960357342267,0.4919039642657733
3583,1821,1762,0.5082333240301423,0.4917666759698577
3584,1822,1762,0.5083705357142857,0.4916294642857143
3585,1823,1762,0.5085076708507671,0.4914923291492329
3586,1823,1763,0.5083658672615727,0.4916341327384272
3587,1823,1764,0.5082241427376638,0.4917758572623362
3588,1823,1765,0.508082497212932,0.49191750278706803
3589,1823,1766,0.507940930621343,0.492059069378657
3590,1824,1766,0.5080779944289694,0.49192200557103066
3591,1825,1766,0.5082149818991925,0.49178501810080755
3592,1826,1766,0.5083518930957683,0.4916481069042316
3593,1826,1767,0.5082104091288617,0.4917895908711383
3594,1827,1767,0.508347245409015,0.49165275459098495
3595,1827,1768,0.5082058414464534,0.4917941585535466
3596,1828,1768,0.5083426028921023,0.4916573971078977
3597,1828,1769,0.5082012788434807,0.49179872115651935
3598,1829,1769,0.5083379655364091,0.49166203446359086
3599,1829,1770,0.5081967213114754,0.4918032786885246
3600,1830,1770,0.5083333333333333,0.49166666666666664
3601,1830,1771,0.5081921688419884,0.4918078311580117
3602,1830,1772,0.5080510827318157,0.49194891726818435
3603,1830,1773,0.507910074937552,0.492089925062448
3604,1830,1774,0.5077691453940066,0.49223085460599336
3605,1831,1774,0.5079056865464633,0.49209431345353677
3606,1832,1774,0.5080421519689406,0.49195784803105935
3607,1832,1775,0.5079013030219018,0.49209869697809816
3608,1832,1776,0.5077605321507761,0.49223946784922396
3609,1833,1776,0.5078969243557773,0.4921030756442228
3610,1833,1777,0.5077562326869806,0.4922437673130194
3611,1833,1778,0.5076156189421213,0.4923843810578787
3612,1833,1779,0.5074750830564784,0.4925249169435216
3613,1834,1779,0.507611403265984,0.492388596734016
3614,1834,1780,0.5074709463198672,0.49252905368013283
3615,1835,1780,0.5076071922544951,0.49239280774550487
3616,1835,1781,0.5074668141592921,0.492533185840708
3617,1835,1782,0.5073265136853746,0.4926734863146254
3618,1835,1783,0.5071862907683803,0.49281370923161966
3619,1836,1783,0.5073224647692732,0.4926775352307267
3620,1836,1784,0.507182320441989,0.49281767955801103
3621,1836,1785,0.5070422535211268,0.49295774647887325
3622,1837,1785,0.507178354500276,0.4928216454997239
3623,1838,1785,0.5073143803477781,0.4926856196522219
3624,1839,1785,0.5074503311258278,0.4925496688741722
3625,1839,1786,0.5073103448275862,0.4926896551724138
3626,1840,1786,0.507446221731936,0.49255377826806396
3627,1840,1787,0.5073063137579267,0.4926936862420733
3628,1840,1788,0.5071664829106945,0.4928335170893054
3629,1840,1789,0.5070267291264812,0.4929732708735189
3630,1841,1789,0.5071625344352617,0.4928374655647383
3631,1841,1790,0.507022858716607,0.492977141283393
3632,1841,1791,0.5068832599118943,0.49311674008810574
3633,1841,1792,0.5067437379576107,0.4932562620423892
3634,1841,1793,0.5066042927903137,0.4933957072096863
3635,1841,1794,0.50646492434663,0.49353507565337
3636,1842,1794,0.5066006600660066,0.4933993399339934
3637,1842,1795,0.5064613692603794,0.49353863073962057
3638,1843,1795,0.5065970313358988,0.49340296866410116
3639,1844,1795,0.5067326188513328,0.4932673811486672
3640,1844,1796,0.5065934065934066,0.49340659340659343
3641,1844,1797,0.5064542708047239,0.493545729195276
3642,1844,1798,0.5063152114222954,0.49368478857770454
3643,1845,1798,0.506450727422454,0.493549272577546
3644,1845,1799,0.506311745334797,0.49368825466520305
3645,1846,1799,0.5064471879286694,0.4935528120713306
3646,1847,1799,0.5065825562260011,0.4934174437739989
3647,1848,1799,0.5067178502879078,0.4932821497120921
3648,1849,1799,0.5068530701754386,0.49314692982456143
3649,1850,1799,0.5069882159495752,0.4930117840504248
3650,1850,1800,0.5068493150684932,0.4931506849315068
3651,1850,1801,0.5067104902766365,0.49328950972336344
3652,1851,1801,0.5068455640744798,0.4931544359255203
3653,1851,1802,0.5067068163153572,0.49329318368464276
3654,1851,1803,0.506568144499179,0.493431855500821
3655,1851,1804,0.5064295485636114,0.4935704514363885
3656,1852,1804,0.5065645514223195,0.4934354485776805
3657,1852,1805,0.5064260322668854,0.49357396773311457
3658,1852,1806,0.5062875888463642,0.49371241115363584
3659,1852,1807,0.5061492210986608,0.49385077890133916
3660,1852,1808,0.5060109289617486,0.49398907103825135
3661,1853,1808,0.5061458617863972,0.49385413821360286
3662,1854,1808,0.5062807209175314,0.4937192790824686
3663,1855,1808,0.5064155064155064,0.4935844935844936
3664,1856,1808,0.5065502183406113,0.49344978165938863
3665,1857,1808,0.5066848567530696,0.49331514324693043
3666,1858,1808,0.5068194217130387,0.49318057828696127
3667,1858,1809,0.5066812107990183,0.4933187892009817
3668,1859,1809,0.5068157033805889,0.4931842966194111
3669,1860,1809,0.5069501226492232,0.49304987735077677
3670,1861,1809,0.5070844686648501,0.49291553133514987
3671,1861,1810,0.5069463361481885,0.4930536638518115
3672,1862,1810,0.5070806100217865,0.4929193899782135
3673,1862,1811,0.5069425537707596,0.4930574462292404
3674,1863,1811,0.5070767555797496,0.49292324442025043
3675,1864,1811,0.5072108843537415,0.4927891156462585
3676,1865,1811,0.5073449401523396,0.4926550598476605
3677,1865,1812,0.5072069621974435,0.49279303780255646
3678,1865,1813,0.5070690592713432,0.4929309407286569
3679,1866,1813,0.5072030443055178,0.4927969556944822
3680,1866,1814,0.5070652173913044,0.49293478260869567
3681,1867,1814,0.5071991306710133,0.4928008693289867
3682,1868,1814,0.5073329712112982,0.4926670287887018
3683,1868,1815,0.5071952212869943,0.4928047787130057
3684,1868,1816,0.507057546145494,0.49294245385450597
3685,1868,1817,0.5069199457259159,0.49308005427408413
3686,1869,1817,0.5070537167661422,0.49294628323385786
3687,1870,1817,0.5071874152427448,0.4928125847572552
3688,1871,1817,0.5073210412147505,0.4926789587852495
3689,1871,1818,0.5071835185687178,0.4928164814312822
3690,1871,1819,0.5070460704607046,0.4929539295392954
3691,1872,1819,0.5071796261175833,0.4928203738824167
3692,1873,1819,0.5073131094257854,0.4926868905742145
3693,1874,1819,0.5074465204440834,0.4925534795559166
3694,1875,1819,0.5075798592311858,0.4924201407688143
3695,1876,1819,0.5077131258457375,0.49228687415426253
3696,1877,1819,0.5078463203463204,0.4921536796536797
3697,1877,1820,0.5077089532053016,0.49229104679469843
3698,1877,1821,0.5075716603569497,0.4924283396430503
3699,1877,1822,0.507434441741011,0.4925655582589889
3700,1877,1823,0.5072972972972973,0.4927027027027027
3701,1878,1823,0.5074304242096731,0.49256957579032695
3702,1879,1823,0.5075634792004322,0.4924365207995678
3703,1880,1823,0.5076964623278423,0.49230353767215773
3704,1880,1824,0.5075593952483801,0.4924406047516199
3705,1880,1825,0.5074224021592443,0.4925775978407557
3706,1881,1825,0.5075553157042634,0.4924446842957366
3707,1882,1825,0.5076881575397896,0.4923118424602104
3708,1883,1825,0.5078209277238404,0.49217907227615965
3709,1883,1826,0.5076840118630359,0.49231598813696414
3710,1884,1826,0.5078167115902965,0.4921832884097035
3711,1885,1826,0.5079493398005929,0.4920506601994072
3712,1886,1826,0.5080818965517241,0.49191810344827586
3713,1887,1826,0.5082143819014274,0.4917856180985726
3714,1888,1826,0.5083467959073775,0.49165320409262253
3715,1888,1827,0.5082099596231494,0.4917900403768506
3716,1889,1827,0.5083423035522067,0.49165769644779334
3717,1890,1827,0.5084745762711864,0.4915254237288136
3718,1890,1828,0.5083378160301237,0.49166218396987627
3719,1891,1828,0.5084700188222641,0.49152998117773594
3720,1892,1828,0.5086021505376344,0.4913978494623656
3721,1892,1829,0.5084654662725074,0.4915345337274926
3722,1892,1830,0.5083288554540569,0.491671144545943
3723,1892,1831,0.5081923180230996,0.49180768197690033
3724,1892,1832,0.5080558539205156,0.49194414607948445
3725,1892,1833,0.5079194630872483,0.49208053691275166
3726,1893,1833,0.5080515297906603,0.4919484702093398
3727,1893,1834,0.5079152133082908,0.49208478669170913
3728,1893,1835,0.5077789699570815,0.49222103004291845
3729,1893,1836,0.5076427996781979,0.4923572003218021
3730,1894,1836,0.5077747989276139,0.49222520107238604
3731,1895,1836,0.5079067274189225,0.49209327258107743
3732,1895,1837,0.5077706323687031,0.4922293676312969
3733,1896,1837,0.5079024912938656,0.4920975087061345
3734,1896,1838,0.5077664702731655,0.4922335297268345
3735,1897,1838,0.5078982597054886,0.49210174029451137
3736,1897,1839,0.507762312633833,0.492237687366167
3737,1898,1839,0.5078940326465079,0.4921059673534921
3738,1899,1839,0.5080256821829856,0.49197431781701445
3739,1899,1840,0.507889810109655,0.492110189890345
3740,1900,1840,0.5080213903743316,0.4919786096256685
3741,1900,1841,0.5078855920876771,0.4921144079123229
3742,1900,1842,0.5077498663816141,0.4922501336183859
3743,1900,1843,0.5076142131979695,0.49238578680203043
3744,1901,1843,0.5077457264957265,0.49225427350427353
3745,1902,1843,0.5078771695594125,0.49212283044058747
3746,1902,1844,0.5077415910304325,0.4922584089695675
3747,1902,1845,0.5076060848678943,0.4923939151321057
3748,1902,1846,0.5074706510138741,0.49252934898612594
3749,1902,1847,0.5073352894105094,0.4926647105894905
3750,1903,1847,0.5074666666666666,0.4925333333333333
3751,1903,1848,0.5073313782991202,0.49266862170087977
3752,1903,1849,0.5071961620469083,0.4928038379530917
3753,1903,1850,0.5070610178523848,0.4929389821476152
3754,1903,1851,0.5069259456579648,0.49307405434203516
3755,1903,1852,0.5067909454061251,0.4932090545938748
3756,1903,1853,0.5066560170394037,0.4933439829605964
3757,1904,1853,0.5067873303167421,0.49321266968325794
3758,1905,1853,0.50691857370942,0.4930814262905801
3759,1906,1853,0.507049747273211,0.49295025272678905
3760,1906,1854,0.5069148936170212,0.4930851063829787
3761,1907,1854,0.5070459984046796,0.4929540015953204
3762,1907,1855,0.5069112174375332,0.4930887825624668
3763,1908,1855,0.5070422535211268,0.49295774647887325
3764,1909,1855,0.507173219978746,0.49282678002125396
3765,1910,1855,0.5073041168658698,0.49269588313413015
3766,1910,1856,0.5071694105151354,0.4928305894848646
3767,1910,1857,0.5070347756835678,0.4929652243164322
3768,1911,1857,0.5071656050955414,0.4928343949044586
3769,1911,1858,0.507031042716901,0.492968957283099
3770,1912,1858,0.5071618037135278,0.49283819628647213
3771,1912,1859,0.5070273137098913,0.4929726862901087
3772,1913,1859,0.5071580063626723,0.49284199363732767
3773,1914,1859,0.5072886297376094,0.49271137026239065
3774,1914,1860,0.5071542130365659,0.492845786963434
3775,1915,1860,0.5072847682119205,0.49271523178807947
3776,1916,1860,0.5074152542372882,0.4925847457627119
3777,1916,1861,0.507280910775748,0.49271908922425206
3778,1917,1861,0.5074113287453679,0.49258867125463207
3779,1918,1861,0.5075416776925112,0.49245832230748876
3780,1919,1861,0.5076719576719577,0.49232804232804234
3781,1919,1862,0.507537688442211,0.49246231155778897
3782,1919,1863,0.5074034902168165,0.4925965097831835
3783,1920,1863,0.507533703409992,0.49246629659000796
3784,1921,1863,0.5076638477801269,0.49233615221987315
3785,1922,1863,0.5077939233817701,0.49220607661822985
3786,1922,1864,0.5076597992604331,0.4923402007395668
3787,1923,1864,0.5077898072352786,0.4922101927647214
3788,1924,1864,0.5079197465681098,0.49208025343189016
3789,1925,1864,0.5080496173132752,0.49195038268672475
3790,1926,1864,0.508179419525066,0.49182058047493404
3791,1927,1864,0.5083091532577156,0.49169084674228436
3792,1928,1864,0.5084388185654009,0.49156118143459915
3793,1928,1865,0.5083047719483259,0.49169522805167415
3794,1928,1866,0.5081707959936742,0.4918292040063258
3795,1929,1866,0.508300395256917,0.491699604743083
3796,1929,1867,0.5081664910432033,0.4918335089567966
3797,1929,1868,0.5080326573610745,0.49196734263892544
3798,1929,1869,0.5078988941548184,0.4921011058451817
3799,1929,1870,0.5077652013687812,0.4922347986312187
3800,1929,1871,0.5076315789473684,0.49236842105263157
3801,1929,1872,0.5074980268350434,0.4925019731649566
3802,1930,1872,0.5076275644397685,0.49237243556023147
3803,1931,1872,0.507757033920589,0.492242966079411
3804,1931,1873,0.5076235541535226,0.4923764458464774
3805,1931,1874,0.5074901445466491,0.49250985545335085
3806,1931,1875,0.5073568050446663,0.4926431949553337
3807,1931,1876,0.5072235355923299,0.4927764644076701
3808,1932,1876,0.5073529411764706,0.49264705882352944
3809,1932,1877,0.5072197427146232,0.4927802572853767
3810,1933,1877,0.5073490813648294,0.4926509186351706
3811,1933,1878,0.5072159538178955,0.4927840461821044
3812,1934,1878,0.5073452256033578,0.4926547743966422
3813,1935,1878,0.5074744295830055,0.4925255704169945
3814,1936,1878,0.5076035658101731,0.4923964341898269
3815,1937,1878,0.507732634338139,0.4922673656618611
3816,1938,1878,0.5078616352201258,0.4921383647798742
3817,1939,1878,0.5079905685093005,0.4920094314906995
3818,1939,1879,0.5078575170246202,0.49214248297537977
3819,1939,1880,0.5077245352186436,0.49227546478135636
3820,1940,1880,0.5078534031413613,0.49214659685863876
3821,1941,1880,0.5079822036116199,0.49201779638838
3822,1942,1880,0.5081109366823653,0.49188906331763477
3823,1943,1880,0.508239602406487,0.4917603975935129
3824,1943,1881,0.5081066945606695,0.4918933054393305
3825,1943,1882,0.5079738562091504,0.4920261437908497
3826,1943,1883,0.5078410872974386,0.4921589127025614
3827,1943,1884,0.5077083877711001,0.49229161222889994
3828,1944,1884,0.5078369905956113,0.49216300940438873
3829,1944,1885,0.5077043614520763,0.49229563854792374
3830,1945,1885,0.5078328981723238,0.49216710182767626
3831,1945,1886,0.5077003393369878,0.4922996606630123
3832,1946,1886,0.5078288100208769,0.4921711899791232
3833,1947,1886,0.507957213670754,0.49204278632924603
3834,1947,1887,0.5078247261345853,0.4921752738654147
3835,1947,1888,0.5076923076923077,0.49230769230769234
3836,1948,1888,0.5078206465067779,0.4921793534932221
3837,1949,1888,0.5079489184258535,0.49205108157414645
3838,1950,1888,0.5080771235018239,0.4919228764981761
3839,1950,1889,0.5079447772857515,0.4920552227142485
3840,1950,1890,0.5078125,0.4921875
3841,1951,1890,0.507940640458214,0.492059359541786
3842,1951,1891,0.5078084331077564,0.49219156689224364
3843,1951,1892,0.5076762945615405,0.49232370543845955
3844,1952,1892,0.5078043704474505,0.4921956295525494
3845,1953,1892,0.5079323797139141,0.4920676202860858
3846,1954,1892,0.5080603224128966,0.4919396775871035
3847,1954,1893,0.5079282557837276,0.4920717442162724
3848,1954,1894,0.5077962577962578,0.4922037422037422
3849,1954,1895,0.5076643283969863,0.4923356716030138
3850,1955,1895,0.5077922077922078,0.4922077922077922
3851,1956,1895,0.507920020773825,0.492079979226175
3852,1957,1895,0.5080477673935618,0.4919522326064382
3853,1958,1895,0.5081754477030885,0.4918245522969115
3854,1958,1896,0.5080435910742086,0.4919564089257914
3855,1959,1896,0.5081712062256809,0.49182879377431904
3856,1959,1897,0.5080394190871369,0.49196058091286304
3857,1960,1897,0.5081669691470054,0.49183303085299457
3858,1961,1897,0.5082944530844997,0.4917055469155003
3859,1962,1897,0.5084218709510235,0.4915781290489764
3860,1963,1897,0.5085492227979275,0.49145077720207253
3861,1963,1898,0.5084175084175084,0.49158249158249157
3862,1963,1899,0.5082858622475401,0.49171413775245987
3863,1964,1899,0.5084131504012426,0.4915868495987574
3864,1965,1899,0.5085403726708074,0.49145962732919257
3865,1965,1900,0.5084087968952135,0.49159120310478654
3866,1966,1900,0.5085359544749095,0.49146404552509054
3867,1966,1901,0.5084044478924231,0.49159555210757694
3868,1967,1901,0.5085315408479835,0.49146845915201653
3869,1968,1901,0.5086585681054536,0.4913414318945464
3870,1968,1902,0.5085271317829457,0.49147286821705427
3871,1968,1903,0.5083957633686386,0.4916042366313614
3872,1969,1903,0.5085227272727273,0.4914772727272727
3873,1969,1904,0.5083914278337206,0.49160857216627935
3874,1970,1904,0.5085183273102736,0.49148167268972637
3875,1970,1905,0.5083870967741936,0.4916129032258065
3876,1971,1905,0.5085139318885449,0.4914860681114551
3877,1972,1905,0.5086407015733815,0.4913592984266185
3878,1973,1905,0.5087674058793192,0.49123259412068077
3879,1974,1905,0.5088940448569219,0.4911059551430781
3880,1975,1905,0.509020618556701,0.49097938144329895
3881,1976,1905,0.5091471270291162,0.4908528729708838
3882,1976,1906,0.5090159711488923,0.4909840288511077
3883,1977,1906,0.5091424156579964,0.4908575843420036
3884,1977,1907,0.5090113285272915,0.4909886714727085
3885,1978,1907,0.5091377091377092,0.4908622908622909
3886,1978,1908,0.5090066906845085,0.4909933093154915
3887,1979,1908,0.5091330074607666,0.4908669925392333
3888,1980,1908,0.5092592592592593,0.49074074074074076
3889,1981,1908,0.5093854461301106,0.49061455386988945
3890,1981,1909,0.509254498714653,0.49074550128534705
3891,1981,1910,0.5091236186070419,0.4908763813929581
3892,1982,1910,0.5092497430626927,0.4907502569373073
3893,1983,1910,0.5093758027228359,0.49062419727716416
3894,1983,1911,0.5092449922958397,0.49075500770416025
3895,1983,1912,0.5091142490372272,0.49088575096277276
3896,1984,1912,0.5092402464065708,0.49075975359342916
3897,1985,1912,0.5093661791121376,0.49063382088786245
3898,1985,1913,0.5092355053873782,0.49076449461262184
3899,1986,1913,0.5093613747114645,0.4906386252885355
3900,1986,1914,0.5092307692307693,0.4907692307692308
3901,1986,1915,0.5091002307100744,0.4908997692899257
3902,1986,1916,0.5089697590978985,0.4910302409021015
3903,1987,1916,0.5090955675121701,0.4909044324878299
3904,1987,1917,0.5089651639344263,0.49103483606557374
3905,1987,1918,0.5088348271446863,0.4911651728553137
3906,1988,1918,0.5089605734767025,0.4910394265232975
3907,1988,1919,0.5088303045815203,0.49116969541847966
3908,1989,1919,0.5089559877175026,0.49104401228249744
3909,1990,1919,0.5090816065489895,0.4909183934510105
3910,1990,1920,0.5089514066496164,0.49104859335038364
3911,1990,1921,0.5088212733316287,0.49117872666837126
3912,1990,1922,0.5086912065439673,0.49130879345603273
3913,1990,1923,0.5085612062356248,0.49143879376437516
3914,1990,1924,0.5084312723556464,0.4915687276443536
3915,1991,1924,0.5085568326947637,0.4914431673052363
3916,1991,1925,0.5084269662921348,0.49157303370786515
3917,1992,1925,0.5085524636201174,0.4914475363798826
3918,1993,1925,0.5086778968861664,0.49132210311383356
3919,1993,1926,0.5085480990048482,0.49145190099515185
3920,1994,1926,0.5086734693877552,0.4913265306122449
3921,1995,1926,0.5087987758224942,0.4912012241775057
3922,1995,1927,0.5086690464048954,0.49133095359510454
3923,1996,1927,0.5087942900841192,0.4912057099158807
3924,1996,1928,0.508664627930683,0.49133537206931704
3925,1997,1928,0.5087898089171975,0.49121019108280256
3926,1998,1928,0.5089149261334692,0.49108507386653083
3927,1998,1929,0.5087853323147441,0.4912146676852559
3928,1998,1930,0.5086558044806517,0.49134419551934827
3929,1999,1930,0.5087808602697887,0.49121913973021125
3930,1999,1931,0.5086513994910942,0.49134860050890583
3931,2000,1931,0.5087763927753752,0.49122360722462477
3932,2000,1932,0.508646998982706,0.491353001017294
3933,2001,1932,0.5087719298245614,0.49122807017543857
3934,2002,1932,0.5088967971530249,0.49110320284697506
3935,2003,1932,0.5090216010165184,0.49097839898348156
3936,2003,1933,0.5088922764227642,0.49110772357723576
3937,2004,1933,0.5090170180340361,0.4909829819659639
3938,2005,1933,0.5091416962925343,0.4908583037074657
3939,2005,1934,0.509012439705509,0.490987560294491
3940,2005,1935,0.5088832487309645,0.49111675126903553
3941,2005,1936,0.5087541233189545,0.4912458766810454
3942,2005,1937,0.508625063419584,0.49137493658041603
3943,2006,1937,0.5087496829825007,0.4912503170174994
3944,2006,1938,0.5086206896551724,0.49137931034482757
3945,2007,1938,0.508745247148289,0.49125475285171105
3946,2008,1938,0.5088697415103902,0.49113025848960973
3947,2009,1938,0.5089941727894604,0.49100582721053965
3948,2010,1938,0.5091185410334347,0.4908814589665654
3949,2011,1938,0.5092428462902,0.49075715370979994
3950,2011,1939,0.5091139240506329,0.49088607594936706
3951,2011,1940,0.5089850670716274,0.49101493292837256
3952,2011,1941,0.5088562753036437,0.49114372469635625
3953,2011,1942,0.5087275486971921,0.491272451302808
3954,2011,1943,0.5085988872028325,0.4914011127971674
3955,2011,1944,0.5084702907711758,0.4915297092288243
3956,2011,1945,0.5083417593528817,0.4916582406471183
3957,2011,1946,0.5082132928986606,0.49178670710133937
3958,2012,1946,0.5083375442142496,0.49166245578575035
3959,2012,1947,0.5082091437231624,0.4917908562768376
3960,2012,1948,0.5080808080808081,0.4919191919191919
3961,2013,1948,0.5082049987376925,0.4917950012623075
3962,2013,1949,0.5080767289247855,0.49192327107521455
3963,2013,1950,0.5079485238455715,0.49205147615442846
3964,2014,1950,0.5080726538849647,0.4919273461150353
3965,2015,1950,0.5081967213114754,0.4918032786885246
3966,2015,1951,0.5080685829551185,0.49193141704488147
3967,2016,1951,0.5081925888580792,0.49180741114192084
3968,2016,1952,0.5080645161290323,0.49193548387096775
3969,2017,1952,0.5081884605694129,0.49181153943058703
3970,2017,1953,0.5080604534005038,0.49193954659949624
3971,2017,1954,0.5079325107025938,0.4920674892974062
3972,2017,1955,0.5078046324269889,0.4921953675730111
3973,2018,1955,0.5079285174930783,0.49207148250692173
3974,2018,1956,0.5078007045797684,0.4921992954202315
3975,2019,1956,0.5079245283018868,0.4920754716981132
3976,2019,1957,0.5077967806841046,0.4922032193158954
3977,2019,1958,0.5076690973095298,0.4923309026904702
3978,2020,1958,0.5077928607340372,0.4922071392659628
3979,2021,1958,0.5079165619502387,0.49208343804976123
3980,2021,1959,0.5077889447236181,0.4922110552763819
3981,2022,1959,0.5079125847776941,0.492087415222306
3982,2022,1960,0.5077850326469111,0.4922149673530889
3983,2022,1961,0.5076575445643987,0.4923424554356013
3984,2023,1961,0.507781124497992,0.49221887550200805
3985,2023,1962,0.5076537013801756,0.4923462986198243
3986,2023,1963,0.5075263421976919,0.49247365780230806
3987,2023,1964,0.5073990469024329,0.4926009530975671
3988,2023,1965,0.507271815446339,0.49272818455366096
3989,2024,1965,0.5073953371772374,0.4926046628227626
3990,2024,1966,0.5072681704260652,0.49273182957393485
3991,2024,1967,0.5071410674016538,0.4928589325983463
3992,2025,1967,0.5072645290581163,0.49273547094188375
3993,2025,1968,0.507137490608565,0.492862509391435
3994,2026,1968,0.5072608913370055,0.4927391086629945
3995,2027,1968,0.5073842302878598,0.49261576971214016
3996,2027,1969,0.5072572572572572,0.49274274274274277
3997,2028,1969,0.5073805354015511,0.49261946459844885
3998,2028,1970,0.5072536268134067,0.4927463731865933
3999,2029,1970,0.5073768442110528,0.4926231557889472
4000,2030,1970,0.5075,0.4925
4001,2030,1971,0.5073731567108223,0.4926268432891777
4002,2031,1971,0.507496251874063,0.49250374812593706
4003,2032,1971,0.5076192855358481,0.4923807144641519
4004,2033,1971,0.5077422577422578,0.49225774225774227
4005,2033,1972,0.5076154806491885,0.4923845193508115
4006,2033,1973,0.5074887668497254,0.49251123315027456
4007,2034,1973,0.5076116795607687,0.49238832043923136
4008,2035,1973,0.5077345309381237,0.49226546906187624
4009,2036,1973,0.5078573210276877,0.4921426789723123
4010,2036,1974,0.5077306733167082,0.49226932668329176
4011,2037,1974,0.5078534031413613,0.49214659685863876
4012,2038,1974,0.5079760717846461,0.49202392821535396
4013,2038,1975,0.5078494891602292,0.49215051083977074
4014,2039,1975,0.5079720976581963,0.4920279023418037
4015,2040,1975,0.5080946450809465,0.4919053549190536
4016,2041,1975,0.5082171314741036,0.4917828685258964
4017,2042,1975,0.5083395568832462,0.4916604431167538
4018,2043,1975,0.5084619213539074,0.49153807864609256
4019,2044,1975,0.5085842249315751,0.491415775068425
4020,2044,1976,0.5084577114427861,0.49154228855721394
4021,2045,1976,0.5085799552350162,0.49142004476498385
4022,2046,1976,0.5087021382396818,0.49129786176031826
4023,2046,1977,0.5085756897837435,0.49142431021625654
4024,2046,1978,0.5084493041749503,0.4915506958250497
4025,2047,1978,0.5085714285714286,0.49142857142857144
4026,2048,1978,0.5086934923000497,0.4913065076999503
4027,2048,1979,0.5085671715917557,0.49143282840824437
4028,2049,1979,0.5086891757696127,0.4913108242303873
4029,2049,1980,0.5085629188384214,0.4914370811615786
4030,2049,1981,0.5084367245657568,0.49156327543424316
4031,2050,1981,0.5085586703051352,0.4914413296948648
4032,2051,1981,0.5086805555555556,0.4913194444444444
4033,2051,1982,0.5085544259856186,0.4914455740143814
4034,2052,1982,0.5086762518591968,0.49132374814080315
4035,2053,1982,0.5087980173482032,0.49120198265179676
4036,2054,1982,0.5089197224975223,0.4910802775024777
4037,2055,1982,0.509041367351994,0.49095863264800593
4038,2055,1983,0.5089153046062407,0.49108469539375926
4039,2055,1984,0.5087893042832384,0.49121069571676157
4040,2056,1984,0.5089108910891089,0.4910891089108911
4041,2057,1984,0.5090324177183866,0.49096758228161347
4042,2058,1984,0.5091538842157348,0.49084611578426524
4043,2059,1984,0.5092752906257729,0.4907247093742271
4044,2059,1985,0.5091493570722058,0.4908506429277943
4045,2060,1985,0.5092707045735476,0.4907292954264524
4046,2060,1986,0.50914483440435,0.49085516559565
4047,2061,1986,0.5092661230541141,0.4907338769458858
4048,2062,1986,0.5093873517786561,0.49061264822134387
4049,2062,1987,0.5092615460607557,0.49073845393924426
4050,2063,1987,0.5093827160493827,0.49061728395061727
4051,2063,1988,0.5092569735867687,0.4907430264132313
4052,2064,1988,0.5093780848963475,0.4906219151036525
4053,2064,1989,0.5092524056254626,0.49074759437453735
4054,2065,1989,0.5093734583127775,0.4906265416872225
4055,2066,1989,0.509494451294698,0.4905055487053021
4056,2067,1989,0.5096153846153846,0.49038461538461536
4057,2067,1990,0.5094897707665763,0.4905102292334237
4058,2067,1991,0.5093642188270083,0.4906357811729916
4059,2067,1992,0.5092387287509239,0.49076127124907615
4060,2068,1992,0.50935960591133,0.49064039408866994
4061,2069,1992,0.5094804235409998,0.49051957645900024
4062,2069,1993,0.5093549975381585,0.49064500246184145
4063,2070,1993,0.5094757568299286,0.4905242431700714
4064,2070,1994,0.5093503937007874,0.4906496062992126
4065,2070,1995,0.5092250922509225,0.4907749077490775
4066,2071,1995,0.5093457943925234,0.49065420560747663
4067,2071,1996,0.5092205556921564,0.4907794443078436
4068,2071,1997,0.5090953785644051,0.4909046214355949
4069,2071,1998,0.5089702629638732,0.4910297370361268
4070,2072,1998,0.509090909090909,0.4909090909090909
4071,2073,1998,0.5092114959469418,0.49078850405305824
4072,2074,1998,0.5093320235756386,0.4906679764243615
4073,2075,1998,0.5094524920206236,0.4905475079793764
4074,2075,1999,0.509327442317133,0.49067255768286694
4075,2075,2000,0.50920245398773,0.49079754601226994
4076,2076,2000,0.5093228655544652,0.49067713444553485
4077,2076,2001,0.5091979396615158,0.49080206033848417
4078,2076,2002,0.5090730750367828,0.49092692496321727
4079,2077,2002,0.5091934297621966,0.4908065702378034
4080,2078,2002,0.509313725490196,0.4906862745098039
4081,2078,2003,0.5091889242832639,0.4908110757167361
4082,2078,2004,0.5090641842234199,0.49093581577658013
4083,2079,2004,0.5091844232182219,0.4908155767817781
4084,2079,2005,0.5090597453476984,0.4909402546523017
4085,2080,2005,0.5091799265605875,0.4908200734394125
4086,2080,2006,0.5090553108174254,0.49094468918257467
4087,2080,2007,0.5089307560557866,0.49106924394421336
4088,2081,2007,0.5090508806262231,0.4909491193737769
4089,2082,2007,0.5091709464416728,0.49082905355832723
4090,2083,2007,0.5092909535452322,0.4907090464547677
4091,2084,2007,0.509410901979956,0.490589098020044
4092,2085,2007,0.5095307917888563,0.4904692082111437
4093,2085,2008,0.5094063034449059,0.49059369655509405
4094,2085,2009,0.5092818759159746,0.4907181240840254
4095,2085,2010,0.5091575091575091,0.4908424908424908
4096,2085,2011,0.509033203125,0.490966796875
4097,2086,2011,0.5091530388088845,0.4908469611911154
4098,2087,2011,0.5092728160078087,0.49072718399219134
4099,2088,2011,0.5093925347645767,0.49060746523542326
4100,2088,2012,0.5092682926829268,0.49073170731707316
4101,2089,2012,0.5093879541575226,0.4906120458424774
4102,2090,2012,0.5095075572891272,0.4904924427108727
4103,2090,2013,0.5093833780160858,0.4906166219839142
4104,2090,2014,0.5092592592592593,0.49074074074074076
4105,2091,2014,0.5093788063337393,0.49062119366626067
4106,2092,2014,0.5094982951777886,0.4905017048222114
4107,2092,2015,0.5093742391039688,0.49062576089603116
4108,2093,2015,0.509493670886076,0.49050632911392406
4109,2094,2015,0.5096130445363836,0.49038695546361644
4110,2095,2015,0.5097323600973236,0.4902676399026764
4111,2096,2015,0.5098516176112868,0.4901483823887132
4112,2097,2015,0.5099708171206225,0.4900291828793774
4113,2098,2015,0.5100899586676392,0.4899100413323608
4114,2099,2015,0.5102090422946038,0.4897909577053962
4115,2100,2015,0.5103280680437424,0.4896719319562576
4116,2100,2016,0.5102040816326531,0.4897959183673469
4117,2100,2017,0.5100801554529998,0.4899198445470002
4118,2101,2017,0.5101991257892181,0.48980087421078194
4119,2101,2018,0.5100752609856761,0.4899247390143239
4120,2102,2018,0.5101941747572816,0.48980582524271843
4121,2103,2018,0.5103130308177627,0.4896869691822373
4122,2104,2018,0.5104318292091218,0.4895681707908782
4123,2104,2019,0.5103080281348532,0.48969197186514674
4124,2105,2019,0.5104267701260912,0.48957322987390883
4125,2106,2019,0.5105454545454545,0.4894545454545455
4126,2107,2019,0.5106640814348037,0.4893359185651963
4127,2107,2020,0.5105403440755997,0.48945965592440027
4128,2108,2020,0.5106589147286822,0.4893410852713178
4129,2109,2020,0.5107774279486559,0.4892225720513442
4130,2109,2021,0.5106537530266344,0.4893462469733656
4131,2110,2021,0.5107722101186154,0.48922778988138466
4132,2110,2022,0.510648596321394,0.489351403678606
4133,2111,2022,0.5107669973384951,0.48923300266150493
4134,2111,2023,0.5106434446057088,0.48935655539429124
4135,2112,2023,0.5107617896009673,0.48923821039903265
4136,2113,2023,0.5108800773694391,0.4891199226305609
4137,2114,2023,0.5109983079526227,0.4890016920473773
4138,2115,2023,0.5111164813919769,0.4888835186080232
4139,2115,2024,0.5109929934766851,0.4890070065233148
4140,2116,2024,0.5111111111111111,0.4888888888888889
4141,2116,2025,0.5109876841342671,0.4890123158657329
4142,2116,2026,0.5108643167551907,0.48913568324480927
4143,2116,2027,0.5107410089307265,0.48925899106927345
4144,2117,2027,0.5108590733590733,0.4891409266409266
4145,2118,2027,0.5109770808202654,0.4890229191797346
4146,2119,2027,0.5110950313555234,0.4889049686444766
4147,2119,2028,0.5109717868338558,0.4890282131661442
4148,2119,2029,0.5108486017357763,0.4891513982642237
4149,2119,2030,0.5107254760183176,0.4892745239816823
4150,2120,2030,0.5108433734939759,0.4891566265060241
4151,2121,2030,0.5109612141652614,0.48903878583473864
4152,2121,2031,0.5108381502890174,0.48916184971098264
4153,2121,2032,0.5107151456778233,0.4892848543221767
4154,2121,2033,0.5105922002888782,0.4894077997111218
4155,2121,2034,0.5104693140794224,0.48953068592057764
4156,2121,2035,0.5103464870067372,0.48965351299326276
4157,2122,2035,0.5104642771229252,0.4895357228770748
4158,2122,2036,0.5103415103415103,0.4896584896584897
4159,2123,2036,0.51045924501082,0.4895407549891801
4160,2124,2036,0.510576923076923,0.4894230769230769
4161,2124,2037,0.5104542177361211,0.48954578226387885
4162,2125,2037,0.5105718404613167,0.48942815953868335
4163,2126,2037,0.5106894066778765,0.48931059332212345
4164,2126,2038,0.510566762728146,0.489433237271854
4165,2126,2039,0.5104441776710684,0.4895558223289316
4166,2126,2040,0.5103216514642342,0.4896783485357657
4167,2126,2041,0.5101991840652748,0.48980081593472524
4168,2126,2042,0.5100767754318618,0.4899232245681382
4169,2126,2043,0.5099544255217079,0.49004557447829217
4170,2127,2043,0.5100719424460431,0.48992805755395685
4171,2128,2043,0.5101894030208584,0.4898105969791417
4172,2128,2044,0.5100671140939598,0.4899328859060403
4173,2128,2045,0.5099448837766595,0.4900551162233405
4174,2129,2045,0.5100622903689507,0.4899377096310494
4175,2129,2046,0.509940119760479,0.49005988023952096
4176,2130,2046,0.5100574712643678,0.4899425287356322
4177,2131,2046,0.5101747665788844,0.4898252334211156
4178,2131,2047,0.5100526567735759,0.48994734322642414
4179,2131,2048,0.5099306054079923,0.49006939459200766
4180,2132,2048,0.5100478468899522,0.48995215311004786
4181,2132,2049,0.5099258550585984,0.49007414494140156
4182,2133,2049,0.5100430416068866,0.4899569583931133
4183,2134,2049,0.510160172125269,0.48983982787473107
4184,2135,2049,0.5102772466539197,0.4897227533460803
4185,2136,2049,0.5103942652329749,0.48960573476702507
4186,2136,2050,0.5102723363592929,0.48972766364070713
4187,2137,2050,0.510389300214951,0.48961069978504895
4188,2138,2050,0.5105062082139447,0.4894937917860554
4189,2139,2050,0.5106230603962759,0.489376939603724
4190,2139,2051,0.5105011933174224,0.48949880668257756
4191,2140,2051,0.5106179909329516,0.48938200906704843
4192,2141,2051,0.5107347328244275,0.4892652671755725
4193,2142,2051,0.5108514190317195,0.48914858096828046
4194,2143,2051,0.510968049594659,0.489031950405341
4195,2144,2051,0.5110846245530394,0.4889153754469607
4196,2144,2052,0.5109628217349858,0.4890371782650143
4197,2145,2052,0.5110793423874196,0.4889206576125804
4198,2145,2053,0.5109575988565984,0.48904240114340164
4199,2146,2053,0.5110740652536319,0.4889259347463682
4200,2146,2054,0.5109523809523809,0.48904761904761906
4201,2146,2055,0.5108307545822424,0.4891692454177577
4202,2147,2055,0.5109471680152309,0.4890528319847692
4203,2147,2056,0.510825600761361,0.4891743992386391
4204,2148,2056,0.510941960038059,0.489058039961941
4205,2148,2057,0.510820451843044,0.489179548156956
4206,2148,2058,0.5106990014265336,0.4893009985734665
4207,2148,2059,0.5105776087473259,0.4894223912526741
4208,2148,2060,0.5104562737642585,0.48954372623574144
4209,2148,2061,0.5103349964362082,0.4896650035637919
4210,2149,2061,0.5104513064133016,0.48954869358669834
4211,2150,2061,0.5105675611493707,0.4894324388506293
4212,2151,2061,0.5106837606837606,0.4893162393162393
4213,2151,2062,0.5105625445051033,0.48943745549489676
4214,2152,2062,0.5106786900806835,0.48932130991931655
4215,2152,2063,0.5105575326215895,0.48944246737841046
4216,2153,2063,0.510673624288425,0.48932637571157495
4217,2153,2064,0.510552525492056,0.489447474507944
4218,2154,2064,0.5106685633001422,0.48933143669985774
4219,2154,2065,0.5105475231097416,0.48945247689025834
4220,2154,2066,0.5104265402843602,0.4895734597156398
4221,2155,2066,0.5105425254678986,0.4894574745321014
4222,2155,2067,0.5104216011369019,0.48957839886309806
4223,2156,2067,0.5105375325597916,0.4894624674402084
4224,2156,2068,0.5104166666666666,0.4895833333333333
4225,2157,2068,0.5105325443786982,0.4894674556213018
4226,2157,2069,0.5104117368670137,0.48958826313298626
4227,2157,2070,0.5102909865152591,0.48970901348474094
4228,2158,2070,0.5104068117313151,0.489593188268685
4229,2158,2071,0.5102861196500355,0.48971388034996455
4230,2158,2072,0.5101654846335697,0.48983451536643025
4231,2159,2072,0.5102812573859608,0.48971874261403925
4232,2160,2072,0.5103969754253308,0.4896030245746692
4233,2160,2073,0.5102763997165131,0.4897236002834869
4234,2160,2074,0.5101558809636277,0.4898441190363722
4235,2160,2075,0.5100354191263282,0.4899645808736718
4236,2160,2076,0.509915014164306,0.49008498583569404
4237,2160,2077,0.5097946660372905,0.4902053339627095
4238,2161,2077,0.5099103350637093,0.4900896649362907
4239,2162,2077,0.5100259495163953,0.48997405048360465
4240,2162,2078,0.5099056603773585,0.4900943396226415
4241,2163,2078,0.5100212214100448,0.4899787785899552
4242,2163,2079,0.5099009900990099,0.4900990099009901
4243,2163,2080,0.5097808154607589,0.4902191845392411
4244,2163,2081,0.5096606974552309,0.4903393025447691
4245,2164,2081,0.5097762073027091,0.49022379269729094
4246,2165,2081,0.5098916627414036,0.4901083372585963
4247,2166,2081,0.510007063809748,0.4899929361902519
4248,2166,2082,0.5098870056497176,0.4901129943502825
4249,2167,2082,0.5100023534949399,0.48999764650506
4250,2167,2083,0.5098823529411765,0.49011764705882355
4251,2168,2083,0.5099976476123265,0.4900023523876735
4252,2169,2083,0.5101128880526811,0.48988711194731893
4253,2170,2083,0.5102280743004938,0.4897719256995062
4254,2171,2083,0.5103432063939821,0.4896567936060179
4255,2171,2084,0.5102232667450058,0.4897767332549941
4256,2172,2084,0.5103383458646616,0.48966165413533835
4257,2173,2084,0.5104533709184872,0.4895466290815128
4258,2174,2084,0.5105683419445749,0.4894316580554251
4259,2174,2085,0.5104484620803006,0.48955153791969946
4260,2175,2085,0.5105633802816901,0.4894366197183099
4261,2176,2085,0.5106782445435344,0.4893217554564656
4262,2176,2086,0.5105584232754575,0.48944157672454247
4263,2177,2086,0.5106732348111659,0.48932676518883417
4264,2177,2087,0.5105534709193246,0.48944652908067543
4265,2177,2088,0.5104337631887456,0.4895662368112544
4266,2177,2089,0.5103141115799343,0.48968588842006566
4267,2178,2089,0.5104288727443168,0.48957112725568314
4268,2178,2090,0.5103092783505154,0.4896907216494845
4269,2179,2090,0.5104239868821738,0.48957601311782617
4270,2179,2091,0.5103044496487119,0.48969555035128803
4271,2179,2092,0.5101849683914774,0.4898150316085226
4272,2179,2093,0.510065543071161,0.48993445692883897
4273,2179,2094,0.5099461736484905,0.49005382635150946
4274,2179,2095,0.5098268600842303,0.4901731399157698
4275,2179,2096,0.5097076023391813,0.4902923976608187
4276,2179,2097,0.5095884003741815,0.49041159962581854
4277,2180,2097,0.5097030628945523,0.49029693710544775
4278,2181,2097,0.5098176718092566,0.4901823281907433
4279,2182,2097,0.5099322271558775,0.49006777284412245
4280,2183,2097,0.5100467289719626,0.4899532710280374
4281,2184,2097,0.5101611772950245,0.4898388227049755
4282,2184,2098,0.5100420364315741,0.48995796356842597
4283,2184,2099,0.5099229512024283,0.4900770487975718
4284,2185,2099,0.5100373482726424,0.4899626517273576
4285,2185,2100,0.5099183197199533,0.49008168028004667
4286,2186,2100,0.5100326644890341,0.48996733551096594
4287,2187,2100,0.510146955913226,0.489853044086774
4288,2187,2101,0.5100279850746269,0.4899720149253731
4289,2187,2102,0.5099090697132199,0.49009093028678014
4290,2188,2102,0.51002331002331,0.48997668997668997
4291,2189,2102,0.5101374970869261,0.48986250291307387
4292,2190,2102,0.5102516309412861,0.4897483690587139
4293,2191,2102,0.5103657116235732,0.48963428837642675
4294,2192,2102,0.5104797391709361,0.4895202608290638
4295,2192,2103,0.510360884749709,0.489639115250291
4296,2193,2103,0.5104748603351955,0.4895251396648045
4297,2193,2104,0.5103560623690947,0.4896439376309053
4298,2193,2105,0.5102373196835738,0.4897626803164262
4299,2193,2106,0.5101186322400558,0.4898813677599442
4300,2194,2106,0.5102325581395348,0.4897674418604651
4301,2195,2106,0.5103464310625436,0.48965356893745643
4302,2195,2107,0.5102278010227801,0.4897721989772199
4303,2196,2107,0.5103416221240995,0.48965837787590055
4304,2196,2108,0.5102230483271375,0.48977695167286245
4305,2196,2109,0.5101045296167247,0.48989547038327524
4306,2197,2109,0.5102183000464469,0.4897816999535532
4307,2198,2109,0.510332017645693,0.4896679823543069
4308,2199,2109,0.5104456824512534,0.4895543175487465
4309,2199,2110,0.5103272220932931,0.4896727779067069
4310,2200,2110,0.5104408352668214,0.4895591647331787
4311,2201,2110,0.5105543957318488,0.48944560426815126
4312,2201,2111,0.5104359925788498,0.4895640074211503
4313,2202,2111,0.5105495015070717,0.4894504984929284
4314,2202,2112,0.5104311543810849,0.48956884561891517
4315,2202,2113,0.5103128621089223,0.48968713789107765
4316,2203,2113,0.5104263206672845,0.48957367933271545
4317,2204,2113,0.5105397266620338,0.48946027333796616
4318,2204,2114,0.5104214914312182,0.4895785085687818
4319,2204,2115,0.5103033109516092,0.4896966890483908
4320,2204,2116,0.5101851851851852,0.4898148148148148
4321,2204,2117,0.5100671140939598,0.4899328859060403
4322,2204,2118,0.5099490976399815,0.4900509023600185
4323,2205,2118,0.5100624566273422,0.4899375433726579
4324,2206,2118,0.5101757631822387,0.4898242368177613
4325,2207,2118,0.5102890173410405,0.4897109826589595
4326,2208,2118,0.5104022191400832,0.4895977808599168
4327,2208,2119,0.5102842616131269,0.4897157383868731
4328,2209,2119,0.5103974121996303,0.4896025878003697
4329,2209,2120,0.5102795102795102,0.4897204897204897
4330,2209,2121,0.5101616628175519,0.489838337182448
4331,2209,2122,0.5100438697760332,0.4899561302239667
4332,2210,2122,0.510156971375808,0.48984302862419205
4333,2211,2122,0.5102700207708285,0.4897299792291715
4334,2211,2123,0.5101522842639594,0.48984771573604063
4335,2211,2124,0.5100346020761246,0.48996539792387545
4336,2211,2125,0.5099169741697417,0.4900830258302583
4337,2212,2125,0.5100299746368457,0.48997002536315426
4338,2213,2125,0.5101429230059935,0.48985707699400644
4339,2214,2125,0.5102558193132058,0.4897441806867942
4340,2214,2126,0.5101382488479262,0.48986175115207375
4341,2214,2127,0.5100207325501037,0.48997926744989634
4342,2214,2128,0.5099032703823123,0.4900967296176877
4343,2215,2128,0.5100161178908589,0.4899838821091411
4344,2216,2128,0.5101289134438306,0.48987108655616945
4345,2216,2129,0.5100115074798619,0.4899884925201381
4346,2216,2130,0.509894155545329,0.490105844454671
4347,2217,2130,0.5100069013112492,0.48999309868875085
4348,2217,2131,0.5098896044158233,0.49011039558417663
4349,2217,2132,0.5097723614624051,0.4902276385375948
4350,2217,2133,0.5096551724137931,0.4903448275862069
4351,2217,2134,0.5095380372328201,0.49046196276717996
4352,2218,2134,0.5096507352941176,0.49034926470588236
4353,2218,2135,0.5095336549506088,0.49046634504939124
4354,2218,2136,0.5094166283876895,0.4905833716123105
4355,2219,2136,0.5095292766934558,0.4904707233065442
4356,2219,2137,0.5094123048668503,0.4905876951331497
4357,2220,2137,0.5095249024558183,0.4904750975441818
4358,2221,2137,0.5096374483708123,0.4903625516291877
4359,2222,2137,0.5097499426473961,0.4902500573526038
4360,2222,2138,0.5096330275229358,0.49036697247706423
4361,2223,2138,0.5097454712221967,0.49025452877780323
4362,2224,2138,0.5098578633654287,0.4901421366345713
4363,2224,2139,0.5097410038964015,0.49025899610359847
4364,2225,2139,0.5098533455545371,0.4901466544454629
4365,2226,2139,0.5099656357388316,0.49003436426116836
4366,2227,2139,0.5100778744846541,0.48992212551534586
4367,2228,2139,0.5101900618273414,0.48980993817265855
4368,2228,2140,0.51007326007326,0.4899267399267399
4369,2229,2140,0.5101853971160448,0.4898146028839551
4370,2229,2141,0.5100686498855835,0.48993135011441646
4371,2229,2142,0.5099519560741249,0.4900480439258751
4372,2230,2142,0.510064043915828,0.489935956084172
4373,2231,2142,0.51017608049394,0.4898239195060599
4374,2231,2143,0.5100594421582076,0.4899405578417924
4375,2231,2144,0.5099428571428571,0.49005714285714286
4376,2231,2145,0.5098263254113345,0.49017367458866545
4377,2231,2146,0.5097098469271191,0.490290153072881
4378,2231,2147,0.5095934216537231,0.4904065783462768
4379,2232,2147,0.509705412194565,0.49029458780543506
4380,2233,2147,0.5098173515981735,0.49018264840182646
4381,2234,2147,0.5099292398995663,0.4900707601004337
4382,2235,2147,0.5100410771337289,0.48995892286627113
4383,2236,2147,0.5101528633356148,0.4898471366643851
4384,2237,2147,0.5102645985401459,0.489735401459854
4385,2237,2148,0.5101482326111745,0.4898517673888255
4386,2238,2148,0.5102599179206566,0.4897400820793434
4387,2238,2149,0.5101436061089583,0.48985639389104174
4388,2239,2149,0.5102552415679125,0.48974475843208753
4389,2239,2150,0.5101389838231943,0.48986101617680566
4390,2239,2151,0.5100227790432802,0.4899772209567198
4391,2240,2151,0.5101343657481212,0.48986563425187885
4392,2241,2151,0.5102459016393442,0.48975409836065575
4393,2241,2152,0.5101297518779877,0.4898702481220123
4394,2241,2153,0.5100136549840691,0.4899863450159308
4395,2241,2154,0.5098976109215017,0.4901023890784983
4396,2241,2155,0.5097816196542311,0.49021838034576887
4397,2242,2155,0.5098931089379122,0.49010689106208777
4398,2242,2156,0.5097771714415643,0.49022282855843563
4399,2242,2157,0.5096612866560581,0.4903387133439418
4400,2242,2158,0.5095454545454545,0.4904545454545455
4401,2243,2158,0.5096568961599637,0.4903431038400364
4402,2243,2159,0.5095411176737846,0.4904588823262154
4403,2243,2160,0.5094253917783329,0.49057460822166704
4404,2243,2161,0.5093097184377838,0.49069028156221617
4405,2244,2161,0.5094211123723043,0.4905788876276958
4406,2244,2162,0.5093054925102134,0.49069450748978666
4407,2245,2162,0.5094168368504651,0.4905831631495348
4408,2246,2162,0.5095281306715064,0.4904718693284936
4409,2246,2163,0.5094125652075301,0.49058743479246997
4410,2246,2164,0.509297052154195,0.490702947845805
4411,2246,2165,0.5091815914758558,0.4908184085241442
4412,2246,2166,0.5090661831368993,0.4909338168631006
4413,2246,2167,0.5089508271017449,0.49104917289825517
4414,2246,2168,0.5088355233348437,0.49116447666515634
4415,2246,2169,0.5087202718006795,0.4912797281993205
4416,2247,2169,0.5088315217391305,0.49116847826086957
4417,2247,2170,0.508716323296355,0.49128367670364503
4418,2247,2171,0.5086011770031689,0.49139882299683113
4419,2247,2172,0.5084860828241684,0.49151391717583165
4420,2248,2172,0.5085972850678733,0.49140271493212667
4421,2249,2172,0.5087084370052024,0.49129156299479754
4422,2249,2173,0.5085933966530981,0.49140660334690184
4423,2249,2174,0.5084784083201447,0.4915215916798553
4424,2249,2175,0.5083634719710669,0.4916365280289331
4425,2250,2175,0.5084745762711864,0.4915254237288136
4426,2251,2175,0.508585630366019,0.491414369633981
4427,2252,2175,0.5086966342895867,0.4913033657104134
4428,2252,2176,0.5085817524841915,0.4914182475158085
4429,2252,2177,0.5084669225558817,0.49153307744411834
4430,2253,2177,0.5085778781038375,0.4914221218961625
4431,2253,2178,0.5084631008801624,0.4915368991198375
4432,2253,2179,0.5083483754512635,0.49165162454873645
4433,2253,2180,0.5082337017820889,0.4917662982179111
4434,2253,2181,0.5081190798376184,0.4918809201623816
4435,2253,2182,0.5080045095828636,0.4919954904171364
4436,2254,2182,0.5081154192966637,0.49188458070333635
4437,2255,2182,0.5082262790173541,0.49177372098264593
4438,2256,2182,0.5083370887787292,0.4916629112212708
4439,2257,2182,0.5084478486145528,0.49155215138544717
4440,2257,2183,0.5083333333333333,0.49166666666666664
4441,2257,2184,0.5082188696239586,0.49178113037604143
4442,2258,2184,0.5083295812696983,0.49167041873030165
4443,2258,2185,0.5082151699302273,0.4917848300697727
4444,2258,2186,0.508100810081008,0.4918991899189919
4445,2258,2187,0.5079865016872891,0.4920134983127109
4446,2259,2187,0.5080971659919028,0.49190283400809715
4447,2260,2187,0.5082077805261974,0.4917922194738026
4448,2261,2187,0.508318345323741,0.491681654676259
4449,2262,2187,0.5084288604180714,0.4915711395819285
4450,2262,2188,0.508314606741573,0.491685393258427
4451,2263,2188,0.5084250730172994,0.4915749269827005
4452,2263,2189,0.5083108715184187,0.4916891284815813
4453,2264,2189,0.5084212890186391,0.49157871098136086
4454,2264,2190,0.508307139649753,0.49169286035024695
4455,2264,2191,0.5081930415263749,0.49180695847362516
4456,2265,2191,0.5083034111310593,0.49169658886894074
4457,2265,2192,0.5081893650437515,0.4918106349562486
4458,2265,2193,0.5080753701211306,0.4919246298788694
4459,2266,2193,0.5081856918591613,0.49181430814083876
4460,2267,2193,0.5082959641255606,0.49170403587443945
4461,2268,2193,0.5084061869535978,0.49159381304640215
4462,2268,2194,0.5082922456297624,0.49170775437023756
4463,2268,2195,0.5081783553663455,0.4918216446336545
4464,2268,2196,0.5080645161290323,0.49193548387096775
4465,2269,2196,0.5081746920492721,0.4918253079507279
4466,2269,2197,0.5080609046126288,0.49193909538737124
4467,2270,2197,0.5081710320125363,0.4918289679874636
4468,2271,2197,0.5082811101163832,0.49171888988361684
4469,2271,2198,0.5081673752517342,0.49183262474826583
4470,2271,2199,0.5080536912751678,0.4919463087248322
4471,2272,2199,0.5081637217624693,0.49183627823753073
4472,2272,2200,0.5080500894454383,0.4919499105545617
4473,2273,2200,0.5081600715403533,0.49183992845964675
4474,2273,2201,0.508046490835941,0.491953509164059
4475,2273,2202,0.5079329608938548,0.49206703910614524
4476,2274,2202,0.5080428954423593,0.49195710455764075
4477,2274,2203,0.5079294170203261,0.4920705829796739
4478,2274,2204,0.507815989280929,0.49218401071907103
4479,2275,2204,0.5079258763116767,0.49207412368832326
4480,2275,2205,0.5078125,0.4921875
4481,2276,2205,0.5079223387636689,0.4920776612363312
4482,2277,2205,0.5080321285140562,0.4919678714859438
4483,2277,2206,0.5079188043720723,0.49208119562792774
4484,2278,2206,0.508028545941124,0.491971454058876
4485,2279,2206,0.5081382385730212,0.4918617614269788
4486,2279,2207,0.5080249665626393,0.49197503343736065
4487,2280,2207,0.5081346110987297,0.49186538890127035
4488,2280,2208,0.5080213903743316,0.4919786096256685
4489,2281,2208,0.508130986856761,0.49186901314323905
4490,2282,2208,0.5082405345211581,0.49175946547884186
4491,2282,2209,0.5081273658427967,0.4918726341572033
4492,2283,2209,0.5082368655387355,0.49176313446126446
4493,2284,2209,0.5083463164923214,0.49165368350767863
4494,2285,2209,0.5084557187360925,0.4915442812639074
4495,2285,2210,0.5083426028921023,0.4916573971078977
4496,2285,2211,0.5082295373665481,0.491770462633452
4497,2285,2212,0.5081165221258617,0.49188347787413833
4498,2285,2213,0.5080035571365051,0.49199644286349486
4499,2285,2214,0.50789064236497,0.49210935763503
4500,2285,2215,0.5077777777777778,0.4922222222222222
4501,2285,2216,0.5076649633414797,0.49233503665852035
4502,2286,2216,0.507774322523323,0.49222567747667706
4503,2287,2216,0.5078836331334666,0.49211636686653343
4504,2287,2217,0.5077708703374778,0.4922291296625222
4505,2287,2218,0.5076581576026638,0.4923418423973363
4506,2287,2219,0.5075454948956947,0.4924545051043054
4507,2288,2219,0.5076547592633681,0.4923452407366319
4508,2289,2219,0.5077639751552795,0.4922360248447205
4509,2290,2219,0.5078731426036815,0.49212685739631845
4510,2290,2220,0.5077605321507761,0.49223946784922396
4511,2291,2220,0.507869651961871,0.492130348038129
4512,2292,2220,0.5079787234042553,0.4920212765957447
4513,2293,2220,0.508087746510082,0.491912253489918
4514,2294,2220,0.5081967213114754,0.4918032786885246
4515,2294,2221,0.5080841638981174,0.4919158361018826
4516,2295,2221,0.5081930912311781,0.491806908768822
4517,2295,2222,0.5080805844587115,0.4919194155412885
4518,2296,2222,0.5081894643647632,0.49181053563523686
4519,2296,2223,0.5080770081876521,0.4919229918123479
4520,2297,2223,0.5081858407079646,0.4918141592920354
4521,2297,2224,0.5080734350807343,0.4919265649192657
4522,2298,2224,0.5081822202565237,0.49181777974347635
4523,2299,2224,0.5082909573292063,0.49170904267079374
4524,2300,2224,0.5083996463306808,0.4916003536693192
4525,2301,2224,0.5085082872928177,0.49149171270718234
4526,2301,2225,0.5083959346000884,0.49160406539991164
4527,2302,2225,0.5085045283852441,0.49149547161475593
4528,2302,2226,0.5083922261484098,0.4916077738515901
4529,2303,2226,0.508500772797527,0.49149922720247297
4530,2303,2227,0.5083885209713024,0.49161147902869756
4531,2304,2227,0.5084970205252703,0.49150297947472965
4532,2305,2227,0.5086054721977052,0.4913945278022948
4533,2305,2228,0.5084932715640856,0.4915067284359144
4534,2306,2228,0.5086016762240847,0.4913983237759153
4535,2306,2229,0.5084895259095921,0.49151047409040793
4536,2307,2229,0.5085978835978836,0.4914021164021164
4537,2307,2230,0.5084857835574168,0.4915142164425832
4538,2308,2230,0.5085940943146761,0.49140590568532394
4539,2308,2231,0.5084820445031946,0.49151795549680544
4540,2309,2231,0.508590308370044,0.49140969162995596
4541,2310,2231,0.508698524554063,0.491301475445937
4542,2310,2232,0.5085865257595773,0.4914134742404227
4543,2311,2232,0.5086946951353731,0.4913053048646269
4544,2311,2233,0.5085827464788732,0.49141725352112675
4545,2312,2233,0.5086908690869086,0.4913091309130913
4546,2312,2234,0.5085789705235372,0.4914210294764628
4547,2313,2234,0.5086870464042226,0.4913129535957774
4548,2313,2235,0.508575197889182,0.49142480211081796
4549,2313,2236,0.5084633985491317,0.4915366014508683
4550,2313,2237,0.5083516483516484,0.49164835164835163
4551,2314,2237,0.5084596791913865,0.4915403208086135
4552,2315,2237,0.5085676625659051,0.4914323374340949
4553,2316,2237,0.5086755985064793,0.49132440149352075
4554,2317,2237,0.5087834870443566,0.4912165129556434
4555,2318,2237,0.5088913282107574,0.4911086717892426
4556,2318,2238,0.5087796312554873,0.49122036874451275
4557,2319,2238,0.5088874259381172,0.4911125740618828
4558,2319,2239,0.508775778850373,0.49122422114962705
4559,2319,2240,0.5086641807413906,0.49133581925860936
4560,2320,2240,0.5087719298245614,0.49122807017543857
4561,2320,2241,0.5086603814952861,0.49133961850471386
4562,2320,2242,0.5085488820692678,0.49145111793073215
4563,2321,2242,0.5086565855796625,0.4913434144203375
4564,2321,2243,0.5085451358457493,0.49145486415425066
4565,2322,2243,0.5086527929901424,0.4913472070098576
4566,2322,2244,0.5085413929040736,0.4914586070959264
4567,2322,2245,0.5084300416028027,0.4915699583971973
4568,2323,2245,0.5085376532399299,0.49146234676007006
4569,2324,2245,0.5086452177719414,0.4913547822280587
4570,2324,2246,0.5085339168490153,0.49146608315098467
4571,2325,2246,0.5086414351345439,0.49135856486545615
4572,2325,2247,0.5085301837270341,0.4914698162729659
4573,2325,2248,0.5084189809752897,0.49158101902471024
4574,2326,2248,0.5085264538696983,0.4914735461303017
4575,2327,2248,0.5086338797814207,0.4913661202185792
4576,2327,2249,0.5085227272727273,0.4914772727272727
4577,2328,2249,0.5086301070570243,0.49136989294297573
4578,2328,2250,0.508519003931848,0.49148099606815204
4579,2329,2250,0.5086263376283031,0.4913736623716969
4580,2329,2251,0.5085152838427948,0.49148471615720524
4581,2330,2251,0.5086225714909408,0.49137742850905913
4582,2331,2251,0.5087298123090354,0.49127018769096464
4583,2331,2252,0.5086188086406284,0.4913811913593716
4584,2332,2252,0.5087260034904014,0.4912739965095986
4585,2332,2253,0.5086150490730643,0.4913849509269357
4586,2333,2253,0.5087221979938945,0.49127780200610555
4587,2333,2254,0.5086112927839547,0.49138870721604533
4588,2333,2255,0.5085004359197908,0.49149956408020923
4589,2333,2256,0.5083896273697973,0.4916103726302027
4590,2334,2256,0.5084967320261438,0.4915032679738562
4591,2334,2257,0.508385972554999,0.4916140274450011
4592,2334,2258,0.5082752613240418,0.4917247386759582
4593,2334,2259,0.5081645983017635,0.4918354016982365
4594,2334,2260,0.5080539834566826,0.4919460165433174
4595,2335,2260,0.5081610446137106,0.49183895538628947
4596,2335,2261,0.5080504786771105,0.4919495213228895
4597,2336,2261,0.5081574940178377,0.4918425059821623
4598,2337,2261,0.5082644628099173,0.49173553719008267
4599,2338,2261,0.5083713850837138,0.4916286149162861
4600,2339,2261,0.5084782608695653,0.4915217391304348
4601,2340,2261,0.5085850901977831,0.4914149098022169
4602,2341,2261,0.5086918730986527,0.49130812690134723
4603,2341,2262,0.50858135998262,0.49141864001737995
4604,2342,2262,0.5086880973066898,0.49131190269331015
4605,2342,2263,0.5085776330076004,0.49142236699239955
4606,2342,2264,0.5084672166739036,0.4915327833260964
4607,2343,2264,0.5085739092685044,0.49142609073149557
4608,2343,2265,0.5084635416666666,0.4915364583333333
4609,2343,2266,0.5083532219570406,0.4916467780429594
4610,2343,2267,0.5082429501084599,0.4917570498915401
4611,2344,2267,0.5083495987855129,0.4916504012144871
4612,2344,2268,0.5082393755420642,0.49176062445793584
4613,2344,2269,0.5081292000867115,0.4918707999132885
4614,2345,2269,0.5082358040745557,0.4917641959254443
4615,2346,2269,0.5083423618634886,0.49165763813651137
4616,2347,2269,0.5084488734835355,0.4915511265164645
4617,2348,2269,0.5085553389646957,0.4914446610353043
4618,2348,2270,0.5084452143785189,0.49155478562148114
4619,2349,2270,0.5085516345529335,0.49144836544706644
4620,2349,2271,0.5084415584415585,0.4915584415584416
4621,2350,2271,0.5085479333477603,0.4914520666522398
4622,2351,2271,0.5086542622241453,0.4913457377758546
4623,2352,2271,0.508760545100584,0.49123945489941595
4624,2353,2271,0.5088667820069204,0.4911332179930796
4625,2354,2271,0.508972972972973,0.49102702702702705
4626,2354,2272,0.5088629485516645,0.49113705144833547
4627,2355,2272,0.5089690944456451,0.49103090555435486
4628,2356,2272,0.5090751944684528,0.4909248055315471
4629,2357,2272,0.5091812486498164,0.4908187513501836
4630,2358,2272,0.5092872570194384,0.49071274298056156
4631,2358,2273,0.5091772835240769,0.4908227164759231
4632,2358,2274,0.5090673575129534,0.49093264248704666
4633,2359,2274,0.5091733218217138,0.49082667817828624
4634,2359,2275,0.5090634441087614,0.4909365558912387
4635,2360,2275,0.5091693635382956,0.49083063646170444
4636,2360,2276,0.5090595340811044,0.4909404659188956
4637,2361,2276,0.5091654086693983,0.4908345913306017
4638,2362,2276,0.5092712376024149,0.49072876239758517
4639,2362,2277,0.5091614572106057,0.49083854278939426
4640,2362,2278,0.509051724137931,0.49094827586206896
4641,2362,2279,0.508942038353803,0.4910579616461969
4642,2363,2279,0.509047824213701,0.490952175786299
4643,2364,2279,0.5091535645057075,0.49084643549429247
4644,2364,2280,0.5090439276485789,0.4909560723514212
4645,2364,2281,0.5089343379978472,0.49106566200215285
4646,2365,2281,0.5090400344382264,0.49095996556177357
4647,2365,2282,0.508930492791048,0.49106950720895204
4648,2366,2282,0.5090361445783133,0.49096385542168675
4649,2366,2283,0.5089266508926651,0.4910733491073349
4650,2366,2284,0.5088172043010752,0.49118279569892476
4651,2366,2285,0.508707804773167,0.49129219522683293
4652,2367,2285,0.5088134135855547,0.4911865864144454
4653,2367,2286,0.5087040618955513,0.4912959381044487
4654,2367,2287,0.5085947571981092,0.49140524280189085
4655,2367,2288,0.5084854994629431,0.4915145005370569
4656,2368,2288,0.5085910652920962,0.49140893470790376
4657,2369,2288,0.50869658578484,0.49130341421516
4658,2370,2288,0.5088020609703735,0.49119793902962644
4659,2371,2288,0.5089074908778708,0.4910925091221292
4660,2371,2289,0.5087982832618025,0.4912017167381974
4661,2371,2290,0.5086891225059,0.49131087749409996
4662,2371,2291,0.5085800085800086,0.49141999141999143
4663,2371,2292,0.5084709414539996,0.49152905854600043
4664,2371,2293,0.5083619210977701,0.4916380789022298
4665,2371,2294,0.5082529474812433,0.4917470525187567
4666,2371,2295,0.5081440205743678,0.49185597942563225
4667,2372,2295,0.5082494107563745,0.49175058924362547
4668,2372,2296,0.508140531276778,0.49185946872322195
4669,2373,2296,0.5082458770614693,0.4917541229385307
4670,2373,2297,0.50813704496788,0.4918629550321199
4671,2374,2297,0.5082423463926354,0.49175765360736456
4672,2374,2298,0.5081335616438356,0.4918664383561644
4673,2374,2299,0.508024823453884,0.491975176546116
4674,2374,2300,0.5079161317928969,0.49208386820710315
4675,2375,2300,0.5080213903743316,0.4919786096256685
4676,2375,2301,0.507912745936698,0.49208725406330195
4677,2376,2301,0.5080179602309173,0.4919820397690827
4678,2377,2301,0.5081231295425396,0.4918768704574605
4679,2377,2302,0.5080145330198761,0.49198546698012396
4680,2377,2303,0.5079059829059829,0.49209401709401707
4681,2378,2303,0.5080111087374493,0.49198889126255074
4682,2379,2303,0.5081161896625374,0.49188381033746265
4683,2379,2304,0.5080076873798847,0.49199231262011534
4684,2380,2304,0.5081127241673783,0.4918872758326217
4685,2380,2305,0.5080042689434365,0.4919957310565635
4686,2380,2306,0.507895860008536,0.49210413999146396
4687,2380,2307,0.5077874973330488,0.49221250266695116
4688,2381,2307,0.5078924914675768,0.4921075085324232
4689,2381,2308,0.5077841757304329,0.49221582426956706
4690,2381,2309,0.5076759061833689,0.4923240938166311
4691,2382,2309,0.5077808569601364,0.4922191430398636
4692,2383,2309,0.5078857630008525,0.49211423699914747
4693,2383,2310,0.5077775410185382,0.4922224589814618
4694,2384,2310,0.507882403067746,0.49211759693225393
4695,2384,2311,0.5077742279020234,0.4922257720979766
4696,2384,2312,0.5076660988074957,0.49233390119250425
4697,2385,2312,0.5077709176069832,0.4922290823930168
4698,2386,2312,0.5078756917837378,0.49212430821626224
4699,2386,2313,0.5077676101298149,0.49223238987018514
4700,2386,2314,0.5076595744680851,0.49234042553191487
4701,2387,2314,0.507764305466922,0.4922356945330781
4702,2387,2315,0.5076563164610803,0.4923436835389196
4703,2387,2316,0.5075483733786944,0.49245162662130554
4704,2387,2317,0.5074404761904762,0.49255952380952384
4705,2387,2318,0.5073326248671626,0.4926673751328374
4706,2387,2319,0.5072248193795155,0.4927751806204845
4707,2388,2319,0.5073295092415552,0.4926704907584449
4708,2388,2320,0.5072217502124045,0.4927782497875956
4709,2388,2321,0.5071140369505203,0.49288596304947974
4710,2388,2322,0.5070063694267516,0.4929936305732484
4711,2388,2323,0.506898747611972,0.49310125238802804
4712,2389,2323,0.5070033955857386,0.49299660441426146
4713,2389,2324,0.5068958200721408,0.4931041799278591
4714,2390,2324,0.5070004242681375,0.49299957573186254
4715,2390,2325,0.5068928950159067,0.4931071049840933
4716,2390,2326,0.506785411365564,0.49321458863443596
4717,2390,2327,0.5066779732881068,0.4933220267118932
4718,2390,2328,0.506570580754557,0.493429419245443
4719,2391,2328,0.5066751430387794,0.4933248569612206
4720,2392,2328,0.5067796610169492,0.49322033898305084
4721,2393,2328,0.5068841347172209,0.49311586528277906
4722,2393,2329,0.5067767894959763,0.49322321050402373
4723,2393,2330,0.5066694897311032,0.4933305102688969
4724,2393,2331,0.5065622353937341,0.49343776460626587
4725,2393,2332,0.5064550264550265,0.49354497354497356
4726,2394,2332,0.5065594583157004,0.4934405416842996
4727,2394,2333,0.5064522953247302,0.4935477046752697
4728,2394,2334,0.5063451776649747,0.4936548223350254
4729,2395,2334,0.5064495665045464,0.4935504334954536
4730,2396,2334,0.506553911205074,0.493446088794926
4731,2397,2334,0.5066582117945466,0.4933417882054534
4732,2398,2334,0.5067624683009299,0.49323753169907014
4733,2399,2334,0.5068666807521657,0.4931333192478344
4734,2400,2334,0.5069708491761724,0.49302915082382764
4735,2401,2334,0.5070749736008447,0.49292502639915525
4736,2401,2335,0.5069679054054054,0.49303209459459457
4737,2401,2336,0.5068608824150306,0.49313911758496937
4738,2402,2336,0.5069649641198818,0.4930350358801182
4739,2402,2337,0.5068579869170711,0.4931420130829289
4740,2402,2338,0.5067510548523206,0.4932489451476793
4741,2403,2338,0.5068550938620544,0.4931449061379456
4742,2403,2339,0.5067482075073808,0.49325179249261913
4743,2404,2339,0.5068522032468902,0.4931477967531098
4744,2404,2340,0.5067453625632378,0.49325463743676223
4745,2405,2340,0.5068493150684932,0.4931506849315068
4746,2405,2341,0.5067425200168563,0.4932574799831437
4747,2406,2341,0.5068464293237834,0.49315357067621657
4748,2406,2342,0.5067396798652064,0.4932603201347936
4749,2407,2342,0.5068435460096863,0.49315645399031377
4750,2408,2342,0.5069473684210526,0.49305263157894735
4751,2409,2342,0.5070511471269207,0.4929488528730793
4752,2410,2342,0.5071548821548821,0.49284511784511786
4753,2411,2342,0.5072585735325058,0.4927414264674942
4754,2412,2342,0.507362221287337,0.492637778712663
4755,2413,2342,0.507465825446898,0.492534174553102
4756,2413,2343,0.5073591253153911,0.49264087468460893
4757,2413,2344,0.5072524700441454,0.4927475299558545
4758,2414,2344,0.5073560319461958,0.4926439680538041
4759,2414,2345,0.50724942214751,0.49275057785249005
4760,2415,2345,0.5073529411764706,0.49264705882352944
4761,2416,2345,0.5074564167191766,0.49254358328082337
4762,2417,2345,0.507559848803024,0.49244015119697604
4763,2417,2346,0.5074532857442788,0.49254671425572116
4764,2418,2346,0.5075566750629723,0.4924433249370277
4765,2419,2346,0.5076600209863589,0.4923399790136411
4766,2420,2346,0.5077633235417541,0.4922366764582459
4767,2420,2347,0.5076568072162786,0.4923431927837214
4768,2420,2348,0.5075503355704698,0.4924496644295302
4769,2421,2348,0.5076535961417488,0.4923464038582512
4770,2422,2348,0.5077568134171908,0.49224318658280924
4771,2422,2349,0.5076503877593795,0.4923496122406204
4772,2422,2350,0.5075440067057837,0.49245599329421624
4773,2422,2351,0.5074376702283679,0.4925623297716321
4774,2423,2351,0.5075408462505236,0.49245915374947635
4775,2424,2351,0.5076439790575916,0.4923560209424084
4776,2425,2351,0.5077470686767169,0.49225293132328307
4777,2425,2352,0.5076407787314214,0.4923592212685786
4778,2426,2352,0.5077438258685643,0.49225617413143574
4779,2427,2352,0.5078468298807282,0.4921531701192718
4780,2427,2353,0.5077405857740586,0.49225941422594144
4781,2428,2353,0.5078435473750261,0.4921564526249739
4782,2428,2354,0.5077373483897951,0.49226265161020494
4783,2428,2355,0.5076311938114154,0.4923688061885846
4784,2429,2355,0.5077341137123745,0.4922658862876254
4785,2430,2355,0.5078369905956113,0.49216300940438873
4786,2431,2355,0.5079398244880903,0.4920601755119097
4787,2432,2355,0.5080426154167537,0.4919573845832463
4788,2432,2356,0.5079365079365079,0.49206349206349204
4789,2432,2357,0.5078304447692629,0.49216955523073713
4790,2432,2358,0.5077244258872652,0.49227557411273487
4791,2433,2358,0.5078271759549154,0.49217282404508456
4792,2434,2358,0.5079298831385642,0.4920701168614357
4793,2434,2359,0.5078239098685583,0.4921760901314417
4794,2435,2359,0.5079265748852733,0.49207342511472674
4795,2436,2359,0.5080291970802919,0.491970802919708
4796,2436,2360,0.5079232693911593,0.4920767306088407
4797,2437,2360,0.5080258494892641,0.4919741505107359
4798,2438,2360,0.5081283868278449,0.49187161317215505
4799,2439,2360,0.508230881433632,0.491769118566368
4800,2439,2361,0.508125,0.491875
4801,2440,2361,0.5082274526140388,0.49177254738596127
4802,2440,2362,0.5081216159933362,0.4918783840066639
4803,2440,2363,0.508015823443681,0.491984176556319
4804,2440,2364,0.507910074937552,0.492089925062448
4805,2441,2364,0.508012486992716,0.4919875130072841
4806,2441,2365,0.507906783187682,0.49209321681231794
4807,2441,2366,0.5078011233617641,0.4921988766382359
4808,2442,2366,0.5079034941763727,0.4920965058236273
4809,2443,2366,0.5080058224163028,0.49199417758369723
4810,2444,2366,0.5081081081081081,0.4918918918918919
4811,2445,2366,0.5082103512783205,0.49178964872167946
4812,2445,2367,0.5081047381546134,0.4918952618453865
4813,2445,2368,0.5079991689175151,0.49200083108248494
4814,2445,2369,0.5078936435396759,0.4921063564603241
4815,2445,2370,0.5077881619937694,0.49221183800623053
4816,2446,2370,0.507890365448505,0.49210963455149503
4817,2447,2370,0.5079925264687565,0.4920074735312435
4818,2448,2370,0.5080946450809465,0.4919053549190536
4819,2448,2371,0.5079892093795393,0.49201079062046066
4820,2449,2371,0.5080912863070539,0.49190871369294603
4821,2450,2371,0.5081933208877826,0.49180667911221737
4822,2451,2371,0.5082953131480713,0.49170468685192864
4823,2451,2372,0.5081899232842629,0.49181007671573707
4824,2451,2373,0.5080845771144279,0.49191542288557216
4825,2452,2373,0.5081865284974093,0.4918134715025907
4826,2452,2374,0.5080812266887692,0.49191877331123085
4827,2453,2374,0.5081831365237207,0.4918168634762793
4828,2454,2374,0.5082850041425021,0.49171499585749795
4829,2455,2374,0.5083868295713398,0.49161317042866015
4830,2456,2374,0.5084886128364389,0.4915113871635611
4831,2456,2375,0.5083833574829227,0.4916166425170772
4832,2457,2375,0.5084850993377483,0.4915149006622517
4833,2457,2376,0.5083798882681564,0.49162011173184356
4834,2457,2377,0.5082747207281755,0.4917252792718246
4835,2458,2377,0.5083764219234747,0.49162357807652535
4836,2459,2377,0.5084780810587263,0.4915219189412738
4837,2459,2378,0.5083729584453174,0.4916270415546827
4838,2459,2379,0.5082678792889623,0.4917321207110376
4839,2459,2380,0.5081628435627196,0.49183715643728043
4840,2460,2380,0.5082644628099173,0.49173553719008267
4841,2461,2380,0.5083660400743648,0.4916339599256352
4842,2461,2381,0.5082610491532424,0.49173895084675756
4843,2461,2382,0.5081561015899236,0.4918438984100764
4844,2461,2383,0.5080511973575558,0.4919488026424443
4845,2461,2384,0.5079463364293085,0.4920536635706914
4846,2461,2385,0.5078415187783739,0.4921584812216261
4847,2461,2386,0.5077367443779658,0.49226325562203427
4848,2461,2387,0.5076320132013201,0.4923679867986799
4849,2462,2387,0.5077335533099608,0.49226644669003916
4850,2463,2387,0.5078350515463917,0.49216494845360825
4851,2463,2388,0.507730364873222,0.49226963512677796
4852,2463,2389,0.5076257213520198,0.4923742786479802
4853,2464,2389,0.5077271790644962,0.4922728209355038
4854,2465,2389,0.507828594973218,0.492171405026782
4855,2466,2389,0.5079299691040164,0.4920700308959835
4856,2467,2389,0.5080313014827018,0.4919686985172982
4857,2468,2389,0.5081325921350628,0.4918674078649372
4858,2468,2390,0.5080279950596953,0.49197200494030463
4859,2469,2390,0.5081292447005556,0.49187075529944435
4860,2469,2391,0.5080246913580246,0.4919753086419753
4861,2470,2391,0.5081259000205719,0.4918740999794281
4862,2471,2391,0.5082270670505965,0.49177293294940355
4863,2472,2391,0.5083281924737816,0.49167180752621836
4864,2472,2392,0.5082236842105263,0.4917763157894737
4865,2473,2392,0.5083247687564234,0.4916752312435766
4866,2474,2392,0.508425811755035,0.49157418824496507
4867,2475,2392,0.5085268132319705,0.4914731867680296
4868,2476,2392,0.5086277732128184,0.4913722267871816
4869,2477,2392,0.5087286917231464,0.49127130827685356
4870,2478,2392,0.508829568788501,0.49117043121149895
4871,2479,2392,0.5089304044344077,0.49106959556559227
4872,2480,2392,0.5090311986863711,0.4909688013136289
4873,2481,2392,0.5091319515698748,0.49086804843012516
4874,2481,2393,0.5090274928190398,0.4909725071809602
4875,2481,2394,0.5089230769230769,0.4910769230769231
4876,2482,2394,0.5090237899917965,0.49097621000820346
4877,2482,2395,0.5089194176748001,0.4910805823251999
4878,2482,2396,0.5088150881508815,0.4911849118491185
4879,2483,2396,0.5089157614265218,0.49108423857347816
4880,2484,2396,0.509016393442623,0.49098360655737705
4881,2485,2396,0.5091169842245441,0.49088301577545584
4882,2486,2396,0.5092175337976239,0.4907824662023761
4883,2486,2397,0.509113250051198,0.490886749948802
4884,2487,2397,0.5092137592137592,0.4907862407862408
4885,2488,2397,0.5093142272262027,0.4906857727737973
4886,2488,2398,0.5092099877200164,0.49079001227998365
4887,2489,2398,0.5093104153877634,0.49068958461223655
4888,2489,2399,0.5092062193126022,0.4907937806873977
4889,2489,2400,0.5091020658621395,0.4908979341378605
4890,2489,2401,0.5089979550102249,0.49100204498977507
4891,2489,2402,0.5088938867307299,0.49110611326927006
4892,2489,2403,0.508789860997547,0.491210139002453
4893,2489,2404,0.5086858777845902,0.49131412221540977
4894,2489,2405,0.5085819370657948,0.49141806293420515
4895,2489,2406,0.5084780388151174,0.49152196118488256
4896,2490,2406,0.508578431372549,0.49142156862745096
4897,2491,2406,0.5086787829283235,0.49132121707167653
4898,2492,2406,0.5087790935075541,0.4912209064924459
4899,2492,2407,0.5086752398448663,0.4913247601551337
4900,2493,2407,0.5087755102040816,0.4912244897959184
4901,2493,2408,0.508671699653132,0.491328300346868
4902,2493,2409,0.5085679314565483,0.49143206854345167
4903,2493,2410,0.5084642055884152,0.49153579441158474
4904,2494,2410,0.5085644371941273,0.49143556280587275
4905,2494,2411,0.508460754332314,0.49153924566768603
4906,2495,2411,0.5085609457806767,0.49143905421932327
4907,2495,2412,0.5084573058895455,0.4915426941104544
4908,2496,2412,0.508557457212714,0.49144254278728605
4909,2496,2413,0.5084538602566714,0.49154613974332856
4910,2497,2413,0.5085539714867617,0.49144602851323826
4911,2498,2413,0.5086540419466504,0.49134595805334963
4912,2498,2414,0.5085504885993485,0.49144951140065146
4913,2498,2415,0.5084469774068797,0.4915530225931203
4914,2499,2415,0.5085470085470085,0.49145299145299143
4915,2500,2415,0.508646998982706,0.491353001017294
4916,2501,2415,0.508746948738812,0.49125305126118796
4917,2501,2416,0.5086434817978442,0.4913565182021558
4918,2501,2417,0.5085400569337128,0.4914599430662871
4919,2501,2418,0.5084366741207562,0.49156332587924373
4920,2501,2419,0.5083333333333333,0.49166666666666664
4921,2501,2420,0.508230034545824,0.491769965454176
4922,2501,2421,0.508126777732629,0.491873222267371
4923,2502,2421,0.5082266910420475,0.49177330895795246
4924,2502,2422,0.508123476848091,0.491876523151909
4925,2503,2422,0.5082233502538072,0.4917766497461929
4926,2504,2422,0.5083231831100284,0.49167681688997156
4927,2504,2423,0.5082200121777958,0.49177998782220417
4928,2505,2423,0.5083198051948052,0.4916801948051948
4929,2505,2424,0.5082166768107121,0.4917833231892879
4930,2505,2425,0.5081135902636917,0.4918864097363083
4931,2505,2426,0.5080105455282904,0.4919894544717096
4932,2505,2427,0.5079075425790754,0.49209245742092456
4933,2506,2427,0.5080072977903912,0.4919927022096088
4934,2507,2427,0.5081070125658694,0.4918929874341305
4935,2507,2428,0.5080040526849038,0.49199594731509627
4936,2507,2429,0.50790113452188,0.49209886547811993
4937,2508,2429,0.5080008102086288,0.4919991897913713
4938,2508,2430,0.5078979343863913,0.49210206561360875
4939,2508,2431,0.5077951002227171,0.4922048997772829
4940,2508,2432,0.5076923076923077,0.49230769230769234
4941,2508,2433,0.5075895567698846,0.49241044323011535
4942,2508,2434,0.5074868474301902,0.4925131525698098
4943,2508,2435,0.5073841796479871,0.49261582035201296
4944,2509,2435,0.5074838187702265,0.4925161812297735
4945,2509,2436,0.507381193124368,0.492618806875632
4946,2509,2437,0.5072786089769511,0.4927213910230489
4947,2509,2438,0.5071760663028098,0.49282393369719024
4948,2509,2439,0.5070735650767987,0.4929264349232013
4949,2510,2439,0.5071731662962214,0.49282683370377856
4950,2510,2440,0.5070707070707071,0.49292929292929294
4951,2511,2440,0.5071702686325995,0.49282973136740055
4952,2512,2440,0.5072697899838449,0.4927302100161551
4953,2513,2440,0.5073692711487987,0.4926307288512013
4954,2514,2440,0.5074687121517966,0.4925312878482035
4955,2515,2440,0.5075681130171544,0.4924318869828456
4956,2516,2440,0.5076674737691687,0.4923325262308313
4957,2516,2441,0.5075650595118015,0.4924349404881985
4958,2517,2441,0.5076643807987091,0.4923356192012908
4959,2518,2441,0.5077636620286348,0.4922363379713652
4960,2519,2441,0.5078629032258064,0.49213709677419354
4961,2520,2441,0.5079621044144326,0.49203789558556743
4962,2520,2442,0.5078597339782346,0.4921402660217654
4963,2521,2442,0.5079588958291356,0.4920411041708644
4964,2522,2442,0.508058017727639,0.491941982272361
4965,2523,2442,0.5081570996978853,0.4918429003021148
4966,2524,2442,0.5082561417639951,0.49174385823600486
4967,2524,2443,0.5081538151801892,0.49184618481981074
4968,2525,2443,0.5082528180354268,0.4917471819645733
4969,2526,2443,0.5083517810424633,0.49164821895753674
4970,2526,2444,0.5082494969818914,0.49175050301810863
4971,2527,2444,0.5083484208408771,0.4916515791591229
4972,2528,2444,0.5084473049074819,0.4915526950925181
4973,2528,2445,0.5083450633420471,0.49165493665795296
4974,2529,2445,0.508443908323281,0.49155609167671893
4975,2530,2445,0.5085427135678392,0.4914572864321608
4976,2531,2445,0.5086414790996785,0.49135852090032156
4977,2532,2445,0.5087402049427366,0.4912597950572634
4978,2532,2446,0.50863800723182,0.49136199276818
4979,2532,2447,0.5085358505724041,0.4914641494275959
4980,2533,2447,0.5086345381526104,0.49136546184738955
4981,2533,2448,0.5085324232081911,0.49146757679180886
4982,2533,2449,0.5084303492573263,0.4915696507426736
4983,2533,2450,0.5083283162753361,0.49167168372466385
4984,2534,2450,0.5084269662921348,0.49157303370786515
4985,2534,2451,0.5083249749247744,0.4916750250752257
4986,2535,2451,0.5084235860409145,0.4915764139590854
4987,2536,2451,0.5085221576097855,0.4914778423902146
4988,2537,2451,0.5086206896551724,0.49137931034482757
4989,2538,2451,0.5087191822008419,0.49128081779915816
4990,2538,2452,0.5086172344689379,0.49138276553106214
4991,2539,2452,0.5087156882388298,0.4912843117611701
4992,2539,2453,0.508613782051282,0.49138621794871795
4993,2539,2454,0.5085119166833567,0.4914880833166433
4994,2539,2455,0.5084100921105327,0.4915899078894674
4995,2540,2455,0.5085085085085085,0.4914914914914915
4996,2540,2456,0.5084067253803043,0.49159327461969576
4997,2540,2457,0.5083049829897939,0.4916950170102061
4998,2541,2457,0.5084033613445378,0.49159663865546216
4999,2541,2458,0.5083016603320664,0.4916983396679336
5000,2541,2459,0.5082,0.4918
