Toss,HH,HT,TH,TT,P(HH),P(HT),P(TH),P(TT)
1,0,0,1,0,0.0,0.0,1.0,0.0
2,0,0,1,1,0.0,0.0,0.5,0.5
3,0,0,2,1,0.0,0.0,0.6666666666666666,0.3333333333333333
4,1,0,2,1,0.25,0.0,0.5,0.25
5,1,0,2,2,0.2,0.0,0.4,0.4
6,1,0,2,3,0.16666666666666666,0.0,0.3333333333333333,0.5
7,1,1,2,3,0.14285714285714285,0.14285714285714285,0.2857142857142857,0.42857142857142855
8,1,1,3,3,0.125,0.125,0.375,0.375
9,1,2,3,3,0.1111111111111111,0.2222222222222222,0.3333333333333333,0.3333333333333333
10,1,3,3,3,0.1,0.3,0.3,0.3
11,2,3,3,3,0.18181818181818182,0.2727272727272727,0.2727272727272727,0.2727272727272727
12,2,3,4,3,0.16666666666666666,0.25,0.3333333333333333,0.25
13,2,4,4,3,0.15384615384615385,0.3076923076923077,0.3076923076923077,0.23076923076923078
14,2,4,4,4,0.14285714285714285,0.2857142857142857,0.2857142857142857,0.2857142857142857
15,2,4,5,4,0.13333333333333333,0.26666666666666666,0.3333333333333333,0.26666666666666666
16,2,4,6,4,0.125,0.25,0.375,0.25
17,2,4,7,4,0.11764705882352941,0.23529411764705882,0.4117647058823529,0.23529411764705882
18,3,4,7,4,0.16666666666666666,0.2222222222222222,0.3888888888888889,0.2222222222222222
19,3,5,7,4,0.15789473684210525,0.2631578947368421,0.3684210526315789,0.21052631578947367
20,3,6,7,4,0.15,0.3,0.35,0.2
21,4,6,7,4,0.19047619047619047,0.2857142857142857,0.3333333333333333,0.19047619047619047
22,5,6,7,4,0.22727272727272727,0.2727272727272727,0.3181818181818182,0.18181818181818182
23,5,6,7,5,0.21739130434782608,0.2608695652173913,0.30434782608695654,0.21739130434782608
24,6,6,7,5,0.25,0.25,0.2916666666666667,0.20833333333333334
25,6,6,7,6,0.24,0.24,0.28,0.24
26,6,7,7,6,0.23076923076923078,0.2692307692307692,0.2692307692307692,0.23076923076923078
27,7,7,7,6,0.25925925925925924,0.25925925925925924,0.25925925925925924,0.2222222222222222
28,7,8,7,6,0.25,0.2857142857142857,0.25,0.21428571428571427
29,7,9,7,6,0.2413793103448276,0.3103448275862069,0.2413793103448276,0.20689655172413793
30,8,9,7,6,0.26666666666666666,0.3,0.23333333333333334,0.2
31,8,9,8,6,0.25806451612903225,0.2903225806451613,0.25806451612903225,0.1935483870967742
32,8,9,8,7,0.25,0.28125,0.25,0.21875
33,8,9,8,8,0.24242424242424243,0.2727272727272727,0.24242424242424243,0.24242424242424243
34,9,9,8,8,0.2647058823529412,0.2647058823529412,0.23529411764705882,0.23529411764705882
35,9,9,9,8,0.2571428571428571,0.2571428571428571,0.2571428571428571,0.22857142857142856
36,10,9,9,8,0.2777777777777778,0.25,0.25,0.2222222222222222
37,10,9,9,9,0.2702702702702703,0.24324324324324326,0.24324324324324326,0.24324324324324326
38,10,10,9,9,0.2631578947368421,0.2631578947368421,0.23684210526315788,0.23684210526315788
39,11,10,9,9,0.28205128205128205,0.2564102564102564,0.23076923076923078,0.23076923076923078
40,11,10,9,10,0.275,0.25,0.225,0.25
41,11,10,10,10,0.2682926829268293,0.24390243902439024,0.24390243902439024,0.24390243902439024
42,11,10,10,11,0.2619047619047619,0.23809523809523808,0.23809523809523808,0.2619047619047619
43,11,10,10,12,0.2558139534883721,0.23255813953488372,0.23255813953488372,0.27906976744186046
44,11,10,11,12,0.25,0.22727272727272727,0.25,0.2727272727272727
45,11,10,12,12,0.24444444444444444,0.2222222222222222,0.26666666666666666,0.26666666666666666
46,12,10,12,12,0.2608695652173913,0.21739130434782608,0.2608695652173913,0.2608695652173913
47,12,11,12,12,0.2553191489361702,0.23404255319148937,0.2553191489361702,0.2553191489361702
48,12,12,12,12,0.25,0.25,0.25,0.25
49,12,12,13,12,0.24489795918367346,0.24489795918367346,0.2653061224489796,0.24489795918367346
50,13,12,13,12,0.26,0.24,0.26,0.24
51,13,13,13,12,0.2549019607843137,0.2549019607843137,0.2549019607843137,0.23529411764705882
52,13,13,13,13,0.25,0.25,0.25,0.25
53,13,13,14,13,0.24528301886792453,0.24528301886792453,0.2641509433962264,0.24528301886792453
54,13,14,14,13,0.24074074074074073,0.25925925925925924,0.25925925925925924,0.24074074074074073
55,13,14,14,14,0.23636363636363636,0.2545454545454545,0.2545454545454545,0.2545454545454545
56,14,14,14,14,0.25,0.25,0.25,0.25
57,14,14,15,14,0.24561403508771928,0.24561403508771928,0.2631578947368421,0.24561403508771928
58,15,14,15,14,0.25862068965517243,0.2413793103448276,0.25862068965517243,0.2413793103448276
59,15,14,15,15,0.2542372881355932,0.23728813559322035,0.2542372881355932,0.2542372881355932
60,16,14,15,15,0.26666666666666666,0.23333333333333334,0.25,0.25
61,17,14,15,15,0.2786885245901639,0.22950819672131148,0.2459016393442623,0.2459016393442623
62,17,14,16,15,0.27419354838709675,0.22580645161290322,0.25806451612903225,0.24193548387096775
63,18,14,16,15,0.2857142857142857,0.2222222222222222,0.25396825396825395,0.23809523809523808
64,18,14,16,16,0.28125,0.21875,0.25,0.25
65,18,14,16,17,0.27692307692307694,0.2153846153846154,0.24615384615384617,0.26153846153846155
66,18,14,17,17,0.2727272727272727,0.21212121212121213,0.25757575757575757,0.25757575757575757
67,18,15,17,17,0.26865671641791045,0.22388059701492538,0.2537313432835821,0.2537313432835821
68,18,16,17,17,0.2647058823529412,0.23529411764705882,0.25,0.25
69,18,17,17,17,0.2608695652173913,0.2463768115942029,0.2463768115942029,0.2463768115942029
70,18,17,18,17,0.2571428571428571,0.24285714285714285,0.2571428571428571,0.24285714285714285
71,18,17,18,18,0.2535211267605634,0.23943661971830985,0.2535211267605634,0.2535211267605634
72,18,18,18,18,0.25,0.25,0.25,0.25
73,19,18,18,18,0.2602739726027397,0.2465753424657534,0.2465753424657534,0.2465753424657534
74,19,19,18,18,0.25675675675675674,0.25675675675675674,0.24324324324324326,0.24324324324324326
75,19,20,18,18,0.25333333333333335,0.26666666666666666,0.24,0.24
76,19,21,18,18,0.25,0.27631578947368424,0.23684210526315788,0.23684210526315788
77,19,22,18,18,0.24675324675324675,0.2857142857142857,0.23376623376623376,0.23376623376623376
78,19,22,19,18,0.24358974358974358,0.28205128205128205,0.24358974358974358,0.23076923076923078
79,19,22,20,18,0.24050632911392406,0.27848101265822783,0.25316455696202533,0.22784810126582278
80,19,22,20,19,0.2375,0.275,0.25,0.2375
81,20,22,20,19,0.24691358024691357,0.2716049382716049,0.24691358024691357,0.2345679012345679
82,20,22,21,19,0.24390243902439024,0.2682926829268293,0.25609756097560976,0.23170731707317074
83,21,22,21,19,0.25301204819277107,0.26506024096385544,0.25301204819277107,0.2289156626506024
84,21,23,21,19,0.25,0.27380952380952384,0.25,0.2261904761904762
85,21,23,21,20,0.24705882352941178,0.27058823529411763,0.24705882352941178,0.23529411764705882
86,21,24,21,20,0.2441860465116279,0.27906976744186046,0.2441860465116279,0.23255813953488372
87,21,24,22,20,0.2413793103448276,0.27586206896551724,0.25287356321839083,0.22988505747126436
88,21,24,22,21,0.23863636363636365,0.2727272727272727,0.25,0.23863636363636365
89,22,24,22,21,0.24719101123595505,0.2696629213483146,0.24719101123595505,0.23595505617977527
90,22,25,22,21,0.24444444444444444,0.2777777777777778,0.24444444444444444,0.23333333333333334
91,22,25,22,22,0.24175824175824176,0.27472527472527475,0.24175824175824176,0.24175824175824176
92,22,25,22,23,0.2391304347826087,0.2717391304347826,0.2391304347826087,0.25
93,22,25,23,23,0.23655913978494625,0.26881720430107525,0.24731182795698925,0.24731182795698925
94,22,26,23,23,0.23404255319148937,0.2765957446808511,0.24468085106382978,0.24468085106382978
95,22,26,24,23,0.23157894736842105,0.2736842105263158,0.25263157894736843,0.24210526315789474
96,22,26,24,24,0.22916666666666666,0.2708333333333333,0.25,0.25
97,23,26,24,24,0.23711340206185566,0.26804123711340205,0.24742268041237114,0.24742268041237114
98,23,26,24,25,0.23469387755102042,0.2653061224489796,0.24489795918367346,0.25510204081632654
99,24,26,24,25,0.24242424242424243,0.26262626262626265,0.24242424242424243,0.25252525252525254
100,24,26,25,25,0.24,0.26,0.25,0.25
101,24,26,26,25,0.2376237623762376,0.25742574257425743,0.25742574257425743,0.24752475247524752
102,24,27,26,25,0.23529411764705882,0.2647058823529412,0.2549019607843137,0.24509803921568626
103,25,27,26,25,0.24271844660194175,0.2621359223300971,0.2524271844660194,0.24271844660194175
104,25,28,26,25,0.2403846153846154,0.2692307692307692,0.25,0.2403846153846154
105,25,28,26,26,0.23809523809523808,0.26666666666666666,0.24761904761904763,0.24761904761904763
106,26,28,26,26,0.24528301886792453,0.2641509433962264,0.24528301886792453,0.24528301886792453
107,26,28,26,27,0.24299065420560748,0.2616822429906542,0.24299065420560748,0.2523364485981308
108,26,28,27,27,0.24074074074074073,0.25925925925925924,0.25,0.25
109,26,29,27,27,0.23853211009174313,0.26605504587155965,0.24770642201834864,0.24770642201834864
110,26,29,28,27,0.23636363636363636,0.2636363636363636,0.2545454545454545,0.24545454545454545
111,26,30,28,27,0.23423423423423423,0.2702702702702703,0.25225225225225223,0.24324324324324326
112,26,30,28,28,0.23214285714285715,0.26785714285714285,0.25,0.25
113,26,31,28,28,0.23008849557522124,0.2743362831858407,0.24778761061946902,0.24778761061946902
114,26,31,28,29,0.22807017543859648,0.2719298245614035,0.24561403508771928,0.2543859649122807
115,26,32,28,29,0.22608695652173913,0.2782608695652174,0.24347826086956523,0.25217391304347825
116,26,32,29,29,0.22413793103448276,0.27586206896551724,0.25,0.25
117,27,32,29,29,0.23076923076923078,0.27350427350427353,0.24786324786324787,0.24786324786324787
118,27,33,29,29,0.2288135593220339,0.2796610169491525,0.2457627118644068,0.2457627118644068
119,27,33,30,29,0.226890756302521,0.2773109243697479,0.25210084033613445,0.24369747899159663
120,27,33,30,30,0.225,0.275,0.25,0.25
121,28,33,30,30,0.23140495867768596,0.2727272727272727,0.24793388429752067,0.24793388429752067
122,28,34,30,30,0.22950819672131148,0.2786885245901639,0.2459016393442623,0.2459016393442623
123,28,35,30,30,0.22764227642276422,0.2845528455284553,0.24390243902439024,0.24390243902439024
124,29,35,30,30,0.23387096774193547,0.28225806451612906,0.24193548387096775,0.24193548387096775
125,29,35,30,31,0.232,0.28,0.24,0.248
126,29,35,31,31,0.23015873015873015,0.2777777777777778,0.24603174603174602,0.24603174603174602
127,29,36,31,31,0.2283464566929134,0.28346456692913385,0.2440944881889764,0.2440944881889764
128,29,36,31,32,0.2265625,0.28125,0.2421875,0.25
129,29,36,31,33,0.2248062015503876,0.27906976744186046,0.24031007751937986,0.2558139534883721
130,29,36,32,33,0.2230769230769231,0.27692307692307694,0.24615384615384617,0.25384615384615383
131,29,36,33,33,0.22137404580152673,0.2748091603053435,0.25190839694656486,0.25190839694656486
132,30,36,33,33,0.22727272727272727,0.2727272727272727,0.25,0.25
133,30,37,33,33,0.22556390977443608,0.2781954887218045,0.24812030075187969,0.24812030075187969
134,31,37,33,33,0.23134328358208955,0.27611940298507465,0.2462686567164179,0.2462686567164179
135,31,38,33,33,0.22962962962962963,0.2814814814814815,0.24444444444444444,0.24444444444444444
136,31,38,34,33,0.22794117647058823,0.27941176470588236,0.25,0.2426470588235294
137,32,38,34,33,0.23357664233576642,0.2773722627737226,0.24817518248175183,0.24087591240875914
138,33,38,34,33,0.2391304347826087,0.2753623188405797,0.2463768115942029,0.2391304347826087
139,33,38,35,33,0.23741007194244604,0.2733812949640288,0.2517985611510791,0.23741007194244604
140,33,39,35,33,0.2357142857142857,0.2785714285714286,0.25,0.2357142857142857
141,34,39,35,33,0.24113475177304963,0.2765957446808511,0.24822695035460993,0.23404255319148937
142,34,40,35,33,0.23943661971830985,0.28169014084507044,0.24647887323943662,0.2323943661971831
143,34,40,36,33,0.23776223776223776,0.27972027972027974,0.2517482517482518,0.23076923076923078
144,34,40,36,34,0.2361111111111111,0.2777777777777778,0.25,0.2361111111111111
145,34,40,36,35,0.23448275862068965,0.27586206896551724,0.2482758620689655,0.2413793103448276
146,35,40,36,35,0.23972602739726026,0.273972602739726,0.2465753424657534,0.23972602739726026
147,35,41,36,35,0.23809523809523808,0.2789115646258503,0.24489795918367346,0.23809523809523808
148,36,41,36,35,0.24324324324324326,0.27702702702702703,0.24324324324324326,0.23648648648648649
149,36,41,37,35,0.24161073825503357,0.2751677852348993,0.2483221476510067,0.2348993288590604
150,36,42,37,35,0.24,0.28,0.24666666666666667,0.23333333333333334
151,36,43,37,35,0.23841059602649006,0.2847682119205298,0.24503311258278146,0.23178807947019867
152,36,44,37,35,0.23684210526315788,0.2894736842105263,0.24342105263157895,0.23026315789473684
153,36,44,38,35,0.23529411764705882,0.2875816993464052,0.24836601307189543,0.22875816993464052
154,37,44,38,35,0.24025974025974026,0.2857142857142857,0.24675324675324675,0.22727272727272727
155,37,45,38,35,0.23870967741935484,0.2903225806451613,0.24516129032258063,0.22580645161290322
156,37,46,38,35,0.23717948717948717,0.2948717948717949,0.24358974358974358,0.22435897435897437
157,37,46,39,35,0.2356687898089172,0.2929936305732484,0.2484076433121019,0.2229299363057325
158,37,46,39,36,0.23417721518987342,0.2911392405063291,0.2468354430379747,0.22784810126582278
159,37,46,39,37,0.23270440251572327,0.2893081761006289,0.24528301886792453,0.23270440251572327
160,37,46,39,38,0.23125,0.2875,0.24375,0.2375
161,37,47,39,38,0.22981366459627328,0.2919254658385093,0.2422360248447205,0.2360248447204969
162,37,47,39,39,0.22839506172839505,0.29012345679012347,0.24074074074074073,0.24074074074074073
163,37,47,39,40,0.22699386503067484,0.2883435582822086,0.2392638036809816,0.24539877300613497
164,37,47,40,40,0.22560975609756098,0.2865853658536585,0.24390243902439024,0.24390243902439024
165,37,47,40,41,0.22424242424242424,0.28484848484848485,0.24242424242424243,0.24848484848484848
166,37,47,40,42,0.22289156626506024,0.28313253012048195,0.24096385542168675,0.25301204819277107
167,37,47,41,42,0.2215568862275449,0.281437125748503,0.24550898203592814,0.25149700598802394
168,38,47,41,42,0.2261904761904762,0.27976190476190477,0.24404761904761904,0.25
169,38,48,41,42,0.22485207100591717,0.28402366863905326,0.24260355029585798,0.2485207100591716
170,38,49,41,42,0.2235294117647059,0.28823529411764703,0.2411764705882353,0.24705882352941178
171,38,49,42,42,0.2222222222222222,0.28654970760233917,0.24561403508771928,0.24561403508771928
172,39,49,42,42,0.22674418604651161,0.28488372093023256,0.2441860465116279,0.2441860465116279
173,40,49,42,42,0.23121387283236994,0.2832369942196532,0.24277456647398843,0.24277456647398843
174,40,50,42,42,0.22988505747126436,0.28735632183908044,0.2413793103448276,0.2413793103448276
175,41,50,42,42,0.2342857142857143,0.2857142857142857,0.24,0.24
176,42,50,42,42,0.23863636363636365,0.2840909090909091,0.23863636363636365,0.23863636363636365
177,43,50,42,42,0.24293785310734464,0.2824858757062147,0.23728813559322035,0.23728813559322035
178,43,50,42,43,0.24157303370786518,0.2808988764044944,0.23595505617977527,0.24157303370786518
179,43,50,43,43,0.24022346368715083,0.27932960893854747,0.24022346368715083,0.24022346368715083
180,43,50,43,44,0.2388888888888889,0.2777777777777778,0.2388888888888889,0.24444444444444444
181,43,50,43,45,0.23756906077348067,0.27624309392265195,0.23756906077348067,0.24861878453038674
182,43,50,44,45,0.23626373626373626,0.27472527472527475,0.24175824175824176,0.24725274725274726
183,44,50,44,45,0.24043715846994534,0.273224043715847,0.24043715846994534,0.2459016393442623
184,44,51,44,45,0.2391304347826087,0.27717391304347827,0.2391304347826087,0.24456521739130435
185,44,52,44,45,0.23783783783783785,0.2810810810810811,0.23783783783783785,0.24324324324324326
186,45,52,44,45,0.24193548387096775,0.27956989247311825,0.23655913978494625,0.24193548387096775
187,45,53,44,45,0.24064171122994651,0.28342245989304815,0.23529411764705882,0.24064171122994651
188,46,53,44,45,0.24468085106382978,0.28191489361702127,0.23404255319148937,0.2393617021276596
189,46,54,44,45,0.24338624338624337,0.2857142857142857,0.2328042328042328,0.23809523809523808
190,47,54,44,45,0.24736842105263157,0.28421052631578947,0.23157894736842105,0.23684210526315788
191,48,54,44,45,0.2513089005235602,0.28272251308900526,0.23036649214659685,0.2356020942408377
192,48,55,44,45,0.25,0.2864583333333333,0.22916666666666666,0.234375
193,48,56,44,45,0.24870466321243523,0.29015544041450775,0.22797927461139897,0.23316062176165803
194,48,56,45,45,0.24742268041237114,0.28865979381443296,0.23195876288659795,0.23195876288659795
195,48,57,45,45,0.24615384615384617,0.2923076923076923,0.23076923076923078,0.23076923076923078
196,48,57,45,46,0.24489795918367346,0.29081632653061223,0.22959183673469388,0.23469387755102042
197,49,57,45,46,0.24873096446700507,0.2893401015228426,0.22842639593908629,0.233502538071066
198,50,57,45,46,0.25252525252525254,0.2878787878787879,0.22727272727272727,0.23232323232323232
199,50,57,45,47,0.25125628140703515,0.2864321608040201,0.22613065326633167,0.23618090452261306
200,51,57,45,47,0.255,0.285,0.225,0.235
201,51,57,46,47,0.2537313432835821,0.2835820895522388,0.22885572139303484,0.23383084577114427
202,51,58,46,47,0.2524752475247525,0.2871287128712871,0.22772277227722773,0.23267326732673269
203,51,58,46,48,0.2512315270935961,0.2857142857142857,0.22660098522167488,0.23645320197044334
204,52,58,46,48,0.2549019607843137,0.28431372549019607,0.22549019607843138,0.23529411764705882
205,53,58,46,48,0.25853658536585367,0.28292682926829266,0.22439024390243903,0.23414634146341465
206,54,58,46,48,0.2621359223300971,0.2815533980582524,0.22330097087378642,0.23300970873786409
207,55,58,46,48,0.26570048309178745,0.28019323671497587,0.2222222222222222,0.2318840579710145
208,56,58,46,48,0.2692307692307692,0.27884615384615385,0.22115384615384615,0.23076923076923078
209,57,58,46,48,0.2727272727272727,0.27751196172248804,0.22009569377990432,0.22966507177033493
210,58,58,46,48,0.2761904761904762,0.2761904761904762,0.21904761904761905,0.22857142857142856
211,58,58,46,49,0.27488151658767773,0.27488151658767773,0.21800947867298578,0.23222748815165878
212,58,58,47,49,0.27358490566037735,0.27358490566037735,0.22169811320754718,0.23113207547169812
213,59,58,47,49,0.27699530516431925,0.27230046948356806,0.22065727699530516,0.2300469483568075
214,59,58,48,49,0.2757009345794392,0.27102803738317754,0.22429906542056074,0.22897196261682243
215,59,59,48,49,0.2744186046511628,0.2744186046511628,0.22325581395348837,0.22790697674418606
216,60,59,48,49,0.2777777777777778,0.27314814814814814,0.2222222222222222,0.22685185185185186
217,60,59,48,50,0.2764976958525346,0.271889400921659,0.22119815668202766,0.2304147465437788
218,60,59,49,50,0.27522935779816515,0.2706422018348624,0.22477064220183487,0.22935779816513763
219,60,59,50,50,0.273972602739726,0.2694063926940639,0.228310502283105,0.228310502283105
220,61,59,50,50,0.2772727272727273,0.2681818181818182,0.22727272727272727,0.22727272727272727
221,61,59,50,51,0.27601809954751133,0.2669683257918552,0.22624434389140272,0.23076923076923078
222,62,59,50,51,0.27927927927927926,0.26576576576576577,0.22522522522522523,0.22972972972972974
223,63,59,50,51,0.2825112107623318,0.2645739910313901,0.2242152466367713,0.22869955156950672
224,63,59,50,52,0.28125,0.26339285714285715,0.22321428571428573,0.23214285714285715
225,64,59,50,52,0.28444444444444444,0.26222222222222225,0.2222222222222222,0.2311111111111111
226,64,59,50,53,0.2831858407079646,0.2610619469026549,0.22123893805309736,0.2345132743362832
227,64,59,51,53,0.28193832599118945,0.2599118942731278,0.22466960352422907,0.23348017621145375
228,64,59,51,54,0.2807017543859649,0.25877192982456143,0.2236842105263158,0.23684210526315788
229,64,60,51,54,0.2794759825327511,0.26200873362445415,0.22270742358078602,0.23580786026200873
230,64,60,52,54,0.2782608695652174,0.2608695652173913,0.22608695652173913,0.23478260869565218
231,64,60,52,55,0.27705627705627706,0.2597402597402597,0.22510822510822512,0.23809523809523808
232,65,60,52,55,0.2801724137931034,0.25862068965517243,0.22413793103448276,0.23706896551724138
233,65,60,52,56,0.27896995708154504,0.2575107296137339,0.22317596566523606,0.24034334763948498
234,65,61,52,56,0.2777777777777778,0.2606837606837607,0.2222222222222222,0.23931623931623933
235,66,61,52,56,0.28085106382978725,0.25957446808510637,0.22127659574468084,0.23829787234042554
236,67,61,52,56,0.2838983050847458,0.2584745762711864,0.22033898305084745,0.23728813559322035
237,67,62,52,56,0.28270042194092826,0.2616033755274262,0.21940928270042195,0.23628691983122363
238,67,62,53,56,0.2815126050420168,0.2605042016806723,0.22268907563025211,0.23529411764705882
239,68,62,53,56,0.28451882845188287,0.2594142259414226,0.2217573221757322,0.23430962343096234
240,69,62,53,56,0.2875,0.25833333333333336,0.22083333333333333,0.23333333333333334
241,70,62,53,56,0.29045643153526973,0.2572614107883817,0.21991701244813278,0.23236514522821577
242,70,62,54,56,0.2892561983471074,0.256198347107438,0.2231404958677686,0.23140495867768596
243,70,62,55,56,0.2880658436213992,0.2551440329218107,0.22633744855967078,0.23045267489711935
244,70,63,55,56,0.28688524590163933,0.2581967213114754,0.22540983606557377,0.22950819672131148
245,71,63,55,56,0.2897959183673469,0.2571428571428571,0.22448979591836735,0.22857142857142856
246,72,63,55,56,0.2926829268292683,0.25609756097560976,0.22357723577235772,0.22764227642276422
247,72,63,55,57,0.291497975708502,0.2550607287449393,0.22267206477732793,0.23076923076923078
248,72,64,55,57,0.2903225806451613,0.25806451612903225,0.2217741935483871,0.22983870967741934
249,72,65,55,57,0.2891566265060241,0.26104417670682734,0.22088353413654618,0.2289156626506024
250,73,65,55,57,0.292,0.26,0.22,0.228
251,73,66,55,57,0.2908366533864542,0.26294820717131473,0.21912350597609562,0.22709163346613545
252,74,66,55,57,0.29365079365079366,0.2619047619047619,0.21825396825396826,0.2261904761904762
253,75,66,55,57,0.2964426877470356,0.2608695652173913,0.21739130434782608,0.22529644268774704
254,75,67,55,57,0.2952755905511811,0.2637795275590551,0.21653543307086615,0.22440944881889763
255,75,68,55,57,0.29411764705882354,0.26666666666666666,0.21568627450980393,0.2235294117647059
256,75,69,55,57,0.29296875,0.26953125,0.21484375,0.22265625
257,75,69,55,58,0.2918287937743191,0.26848249027237353,0.2140077821011673,0.22568093385214008
258,75,69,55,59,0.29069767441860467,0.26744186046511625,0.2131782945736434,0.22868217054263565
259,76,69,55,59,0.29343629343629346,0.26640926640926643,0.21235521235521235,0.2277992277992278
260,76,70,55,59,0.2923076923076923,0.2692307692307692,0.21153846153846154,0.22692307692307692
261,77,70,55,59,0.2950191570881226,0.2681992337164751,0.210727969348659,0.2260536398467433
262,77,70,56,59,0.29389312977099236,0.26717557251908397,0.21374045801526717,0.22519083969465647
263,77,70,56,60,0.29277566539923955,0.2661596958174905,0.21292775665399238,0.22813688212927757
264,77,70,56,61,0.2916666666666667,0.26515151515151514,0.21212121212121213,0.23106060606060605
265,77,71,56,61,0.29056603773584905,0.2679245283018868,0.21132075471698114,0.23018867924528302
266,78,71,56,61,0.2932330827067669,0.2669172932330827,0.21052631578947367,0.22932330827067668
267,78,72,56,61,0.29213483146067415,0.2696629213483146,0.20973782771535582,0.22846441947565543
268,78,72,57,61,0.291044776119403,0.26865671641791045,0.2126865671641791,0.22761194029850745
269,78,72,58,61,0.2899628252788104,0.26765799256505574,0.21561338289962825,0.22676579925650558
270,79,72,58,61,0.29259259259259257,0.26666666666666666,0.21481481481481482,0.22592592592592592
271,79,72,58,62,0.2915129151291513,0.2656826568265683,0.2140221402214022,0.22878228782287824
272,79,72,59,62,0.29044117647058826,0.2647058823529412,0.21691176470588236,0.22794117647058823
273,79,72,60,62,0.2893772893772894,0.26373626373626374,0.21978021978021978,0.2271062271062271
274,79,72,60,63,0.28832116788321166,0.26277372262773724,0.21897810218978103,0.22992700729927007
275,79,72,60,64,0.2872727272727273,0.26181818181818184,0.21818181818181817,0.23272727272727273
276,79,73,60,64,0.286231884057971,0.2644927536231884,0.21739130434782608,0.2318840579710145
277,79,73,61,64,0.2851985559566787,0.26353790613718414,0.22021660649819494,0.23104693140794225
278,79,73,62,64,0.2841726618705036,0.26258992805755393,0.22302158273381295,0.2302158273381295
279,79,74,62,64,0.2831541218637993,0.26523297491039427,0.2222222222222222,0.22939068100358423
280,79,74,62,65,0.28214285714285714,0.2642857142857143,0.22142857142857142,0.23214285714285715
281,79,74,63,65,0.28113879003558717,0.26334519572953735,0.22419928825622776,0.2313167259786477
282,80,74,63,65,0.28368794326241137,0.2624113475177305,0.22340425531914893,0.23049645390070922
283,80,74,63,66,0.2826855123674912,0.26148409893992935,0.2226148409893993,0.2332155477031802
284,80,75,63,66,0.28169014084507044,0.2640845070422535,0.22183098591549297,0.2323943661971831
285,80,76,63,66,0.2807017543859649,0.26666666666666666,0.22105263157894736,0.23157894736842105
286,80,76,64,66,0.27972027972027974,0.26573426573426573,0.22377622377622378,0.23076923076923078
287,81,76,64,66,0.28222996515679444,0.26480836236933797,0.2229965156794425,0.22996515679442509
288,81,76,64,67,0.28125,0.2638888888888889,0.2222222222222222,0.2326388888888889
289,81,76,65,67,0.28027681660899656,0.2629757785467128,0.22491349480968859,0.23183391003460208
290,81,77,65,67,0.2793103448275862,0.2655172413793103,0.22413793103448276,0.23103448275862068
291,81,77,66,67,0.27835051546391754,0.2646048109965636,0.2268041237113402,0.23024054982817868
292,82,77,66,67,0.2808219178082192,0.2636986301369863,0.22602739726027396,0.22945205479452055
293,82,78,66,67,0.27986348122866894,0.26621160409556316,0.22525597269624573,0.22866894197952217
294,83,78,66,67,0.282312925170068,0.2653061224489796,0.22448979591836735,0.22789115646258504
295,84,78,66,67,0.2847457627118644,0.26440677966101694,0.22372881355932203,0.2271186440677966
296,84,78,66,68,0.28378378378378377,0.2635135135135135,0.22297297297297297,0.22972972972972974
297,84,79,66,68,0.2828282828282828,0.265993265993266,0.2222222222222222,0.22895622895622897
298,85,79,66,68,0.28523489932885904,0.2651006711409396,0.2214765100671141,0.22818791946308725
299,86,79,66,68,0.28762541806020064,0.26421404682274247,0.22073578595317725,0.22742474916387959
300,86,80,66,68,0.2866666666666667,0.26666666666666666,0.22,0.22666666666666666
301,86,80,67,68,0.2857142857142857,0.26578073089701,0.22259136212624583,0.22591362126245848
302,86,80,67,69,0.2847682119205298,0.26490066225165565,0.22185430463576158,0.22847682119205298
303,86,80,67,70,0.2838283828382838,0.264026402640264,0.22112211221122113,0.23102310231023102
304,87,80,67,70,0.28618421052631576,0.2631578947368421,0.22039473684210525,0.23026315789473684
305,87,80,67,71,0.28524590163934427,0.26229508196721313,0.21967213114754097,0.23278688524590163
306,88,80,67,71,0.2875816993464052,0.26143790849673204,0.21895424836601307,0.23202614379084968
307,88,80,68,71,0.28664495114006516,0.26058631921824105,0.22149837133550487,0.23127035830618892
308,88,80,68,72,0.2857142857142857,0.2597402597402597,0.22077922077922077,0.23376623376623376
309,88,80,69,72,0.284789644012945,0.2588996763754045,0.22330097087378642,0.23300970873786409
310,89,80,69,72,0.2870967741935484,0.25806451612903225,0.22258064516129034,0.23225806451612904
311,89,80,69,73,0.2861736334405145,0.2572347266881029,0.22186495176848875,0.2347266881028939
312,89,81,69,73,0.28525641025641024,0.25961538461538464,0.22115384615384615,0.23397435897435898
313,89,81,69,74,0.28434504792332266,0.25878594249201275,0.22044728434504793,0.2364217252396166
314,89,81,70,74,0.28343949044585987,0.25796178343949044,0.2229299363057325,0.2356687898089172
315,89,81,71,74,0.28253968253968254,0.2571428571428571,0.2253968253968254,0.23492063492063492
316,89,81,72,74,0.28164556962025317,0.2563291139240506,0.22784810126582278,0.23417721518987342
317,89,82,72,74,0.2807570977917981,0.2586750788643533,0.22712933753943218,0.2334384858044164
318,89,82,72,75,0.279874213836478,0.2578616352201258,0.22641509433962265,0.2358490566037736
319,89,82,72,76,0.27899686520376177,0.25705329153605017,0.22570532915360503,0.23824451410658307
320,90,82,72,76,0.28125,0.25625,0.225,0.2375
321,90,83,72,76,0.2803738317757009,0.2585669781931464,0.22429906542056074,0.2367601246105919
322,90,83,73,76,0.2795031055900621,0.2577639751552795,0.2267080745341615,0.2360248447204969
323,90,84,73,76,0.2786377708978328,0.26006191950464397,0.2260061919504644,0.23529411764705882
324,91,84,73,76,0.2808641975308642,0.25925925925925924,0.22530864197530864,0.2345679012345679
325,91,84,74,76,0.28,0.25846153846153846,0.2276923076923077,0.23384615384615384
326,91,84,75,76,0.2791411042944785,0.25766871165644173,0.23006134969325154,0.2331288343558282
327,91,84,75,77,0.2782874617737003,0.25688073394495414,0.22935779816513763,0.23547400611620795
328,92,84,75,77,0.2804878048780488,0.25609756097560976,0.22865853658536586,0.2347560975609756
329,92,84,75,78,0.2796352583586626,0.2553191489361702,0.22796352583586627,0.23708206686930092
330,93,84,75,78,0.2818181818181818,0.2545454545454545,0.22727272727272727,0.23636363636363636
331,93,84,75,79,0.2809667673716012,0.2537764350453172,0.22658610271903323,0.23867069486404835
332,94,84,75,79,0.28313253012048195,0.25301204819277107,0.22590361445783133,0.23795180722891565
333,94,84,76,79,0.2822822822822823,0.25225225225225223,0.22822822822822822,0.23723723723723725
334,95,84,76,79,0.2844311377245509,0.25149700598802394,0.2275449101796407,0.23652694610778444
335,95,84,76,80,0.2835820895522388,0.2507462686567164,0.22686567164179106,0.23880597014925373
336,96,84,76,80,0.2857142857142857,0.25,0.2261904761904762,0.23809523809523808
337,97,84,76,80,0.2878338278931751,0.24925816023738873,0.22551928783382788,0.23738872403560832
338,97,84,77,80,0.2869822485207101,0.2485207100591716,0.22781065088757396,0.23668639053254437
339,97,85,77,80,0.2861356932153392,0.25073746312684364,0.22713864306784662,0.2359882005899705
340,98,85,77,80,0.28823529411764703,0.25,0.22647058823529412,0.23529411764705882
341,99,85,77,80,0.2903225806451613,0.24926686217008798,0.22580645161290322,0.23460410557184752
342,100,85,77,80,0.29239766081871343,0.24853801169590642,0.22514619883040934,0.23391812865497075
343,101,85,77,80,0.2944606413994169,0.2478134110787172,0.22448979591836735,0.23323615160349853
344,101,85,77,81,0.2936046511627907,0.24709302325581395,0.2238372093023256,0.23546511627906977
345,101,85,77,82,0.2927536231884058,0.2463768115942029,0.22318840579710145,0.23768115942028986
346,102,85,77,82,0.2947976878612717,0.24566473988439305,0.22254335260115607,0.23699421965317918
347,103,85,77,82,0.2968299711815562,0.24495677233429394,0.2219020172910663,0.23631123919308358
348,103,85,78,82,0.2959770114942529,0.2442528735632184,0.22413793103448276,0.23563218390804597
349,103,85,78,83,0.29512893982808025,0.24355300859598855,0.22349570200573066,0.23782234957020057
350,103,85,78,84,0.29428571428571426,0.24285714285714285,0.22285714285714286,0.24
351,104,85,78,84,0.2962962962962963,0.24216524216524216,0.2222222222222222,0.23931623931623933
352,104,85,78,85,0.29545454545454547,0.24147727272727273,0.2215909090909091,0.24147727272727273
353,104,85,78,86,0.29461756373937675,0.24079320113314448,0.22096317280453256,0.24362606232294617
354,104,85,78,87,0.2937853107344633,0.2401129943502825,0.22033898305084745,0.2457627118644068
355,104,85,79,87,0.29295774647887324,0.23943661971830985,0.22253521126760564,0.24507042253521127
356,104,86,79,87,0.29213483146067415,0.24157303370786518,0.22191011235955055,0.2443820224719101
357,104,86,80,87,0.2913165266106443,0.24089635854341737,0.22408963585434175,0.24369747899159663
358,104,87,80,87,0.2905027932960894,0.2430167597765363,0.22346368715083798,0.2430167597765363
359,104,87,81,87,0.28969359331476324,0.24233983286908078,0.22562674094707522,0.24233983286908078
360,104,87,81,88,0.28888888888888886,0.24166666666666667,0.225,0.24444444444444444
361,104,87,81,89,0.2880886426592798,0.2409972299168975,0.22437673130193905,0.24653739612188366
362,104,87,81,90,0.287292817679558,0.24033149171270718,0.22375690607734808,0.24861878453038674
363,104,88,81,90,0.2865013774104683,0.24242424242424243,0.2231404958677686,0.24793388429752067
364,104,89,81,90,0.2857142857142857,0.2445054945054945,0.22252747252747251,0.24725274725274726
365,104,89,81,91,0.28493150684931506,0.24383561643835616,0.2219178082191781,0.2493150684931507
366,105,89,81,91,0.28688524590163933,0.24316939890710382,0.22131147540983606,0.24863387978142076
367,105,90,81,91,0.28610354223433243,0.2452316076294278,0.22070844686648503,0.24795640326975477
368,106,90,81,91,0.28804347826086957,0.24456521739130435,0.22010869565217392,0.24728260869565216
369,107,90,81,91,0.2899728997289973,0.24390243902439024,0.21951219512195122,0.24661246612466126
370,107,90,81,92,0.2891891891891892,0.24324324324324326,0.21891891891891893,0.24864864864864866
371,107,90,82,92,0.2884097035040431,0.24258760107816713,0.2210242587601078,0.24797843665768193
372,107,90,82,93,0.28763440860215056,0.24193548387096775,0.22043010752688172,0.25
373,107,91,82,93,0.2868632707774799,0.24396782841823056,0.21983914209115282,0.24932975871313673
374,108,91,82,93,0.2887700534759358,0.24331550802139038,0.2192513368983957,0.24866310160427807
375,108,92,82,93,0.288,0.24533333333333332,0.21866666666666668,0.248
376,108,92,82,94,0.2872340425531915,0.24468085106382978,0.21808510638297873,0.25
377,109,92,82,94,0.2891246684350133,0.2440318302387268,0.21750663129973474,0.2493368700265252
378,109,92,83,94,0.28835978835978837,0.24338624338624337,0.21957671957671956,0.24867724867724866
379,109,92,83,95,0.287598944591029,0.24274406332453827,0.21899736147757257,0.25065963060686014
380,110,92,83,95,0.2894736842105263,0.24210526315789474,0.21842105263157896,0.25
381,111,92,83,95,0.29133858267716534,0.24146981627296588,0.2178477690288714,0.24934383202099739
382,111,92,84,95,0.2905759162303665,0.24083769633507854,0.2198952879581152,0.2486910994764398
383,111,93,84,95,0.2898172323759791,0.24281984334203655,0.2193211488250653,0.24804177545691905
384,111,93,84,96,0.2890625,0.2421875,0.21875,0.25
385,111,94,84,96,0.2883116883116883,0.24415584415584415,0.21818181818181817,0.24935064935064935
386,111,95,84,96,0.28756476683937826,0.24611398963730569,0.21761658031088082,0.24870466321243523
387,111,95,84,97,0.2868217054263566,0.2454780361757106,0.21705426356589147,0.25064599483204136
388,111,96,84,97,0.2860824742268041,0.24742268041237114,0.21649484536082475,0.25
389,111,96,85,97,0.2853470437017995,0.2467866323907455,0.2185089974293059,0.2493573264781491
390,111,97,85,97,0.2846153846153846,0.24871794871794872,0.21794871794871795,0.24871794871794872
391,111,97,86,97,0.28388746803069054,0.24808184143222506,0.21994884910485935,0.24808184143222506
392,111,97,86,98,0.28316326530612246,0.24744897959183673,0.2193877551020408,0.25
393,111,97,86,99,0.2824427480916031,0.24681933842239187,0.21882951653944022,0.25190839694656486
394,111,97,86,100,0.2817258883248731,0.24619289340101522,0.2182741116751269,0.25380710659898476
395,111,97,87,100,0.2810126582278481,0.24556962025316456,0.22025316455696203,0.25316455696202533
396,112,97,87,100,0.2828282828282828,0.24494949494949494,0.2196969696969697,0.25252525252525254
397,112,97,88,100,0.28211586901763225,0.24433249370277077,0.2216624685138539,0.2518891687657431
398,112,97,89,100,0.2814070351758794,0.24371859296482412,0.2236180904522613,0.25125628140703515
399,112,97,90,100,0.2807017543859649,0.24310776942355888,0.22556390977443608,0.2506265664160401
400,112,97,90,101,0.28,0.2425,0.225,0.2525
401,112,98,90,101,0.2793017456359102,0.24438902743142144,0.22443890274314215,0.2518703241895262
402,113,98,90,101,0.2810945273631841,0.24378109452736318,0.22388059701492538,0.2512437810945274
403,113,98,90,102,0.2803970223325062,0.24317617866004962,0.22332506203473945,0.2531017369727047
404,113,98,91,102,0.27970297029702973,0.24257425742574257,0.22524752475247525,0.2524752475247525
405,113,99,91,102,0.27901234567901234,0.24444444444444444,0.22469135802469137,0.2518518518518518
406,113,99,91,103,0.27832512315270935,0.2438423645320197,0.22413793103448276,0.2536945812807882
407,114,99,91,103,0.2800982800982801,0.24324324324324326,0.22358722358722358,0.25307125307125306
408,114,100,91,103,0.27941176470588236,0.24509803921568626,0.22303921568627452,0.25245098039215685
409,114,100,91,104,0.2787286063569682,0.24449877750611246,0.22249388753056235,0.254278728606357
410,114,101,91,104,0.2780487804878049,0.24634146341463414,0.22195121951219512,0.25365853658536586
411,114,101,92,104,0.2773722627737226,0.24574209245742093,0.22384428223844283,0.25304136253041365
412,114,101,92,105,0.2766990291262136,0.24514563106796117,0.22330097087378642,0.25485436893203883
413,114,101,92,106,0.27602905569007263,0.24455205811138014,0.22276029055690072,0.2566585956416465
414,114,101,92,107,0.2753623188405797,0.24396135265700483,0.2222222222222222,0.2584541062801932
415,114,102,92,107,0.2746987951807229,0.2457831325301205,0.2216867469879518,0.25783132530120484
416,115,102,92,107,0.2764423076923077,0.24519230769230768,0.22115384615384615,0.25721153846153844
417,115,102,93,107,0.27577937649880097,0.2446043165467626,0.22302158273381295,0.2565947242206235
418,115,102,94,107,0.2751196172248804,0.24401913875598086,0.22488038277511962,0.25598086124401914
419,115,102,94,108,0.2744630071599045,0.24343675417661098,0.2243436754176611,0.2577565632458234
420,115,103,94,108,0.27380952380952384,0.24523809523809523,0.22380952380952382,0.2571428571428571
421,115,103,95,108,0.27315914489311166,0.24465558194774348,0.22565320665083136,0.25653206650831356
422,115,104,95,108,0.2725118483412322,0.24644549763033174,0.22511848341232227,0.2559241706161137
423,116,104,95,108,0.27423167848699764,0.2458628841607565,0.22458628841607564,0.2553191489361702
424,116,104,96,108,0.27358490566037735,0.24528301886792453,0.22641509433962265,0.25471698113207547
425,116,104,97,108,0.27294117647058824,0.2447058823529412,0.22823529411764706,0.2541176470588235
426,116,104,98,108,0.27230046948356806,0.24413145539906103,0.2300469483568075,0.2535211267605634
427,117,104,98,108,0.27400468384074944,0.24355971896955503,0.22950819672131148,0.2529274004683841
428,117,104,99,108,0.2733644859813084,0.24299065420560748,0.23130841121495327,0.2523364485981308
429,117,104,99,109,0.2727272727272727,0.24242424242424243,0.23076923076923078,0.2540792540792541
430,117,105,99,109,0.27209302325581397,0.2441860465116279,0.2302325581395349,0.2534883720930233
431,117,105,100,109,0.271461716937355,0.24361948955916474,0.23201856148491878,0.2529002320185615
432,117,105,100,110,0.2708333333333333,0.24305555555555555,0.23148148148148148,0.25462962962962965
433,117,105,101,110,0.2702078521939954,0.24249422632794457,0.23325635103926096,0.2540415704387991
434,117,106,101,110,0.2695852534562212,0.24423963133640553,0.23271889400921658,0.2534562211981567
435,117,106,101,111,0.2689655172413793,0.24367816091954023,0.23218390804597702,0.25517241379310346
436,117,106,101,112,0.268348623853211,0.24311926605504589,0.231651376146789,0.25688073394495414
437,117,106,101,113,0.26773455377574373,0.2425629290617849,0.2311212814645309,0.2585812356979405
438,117,106,102,113,0.2671232876712329,0.2420091324200913,0.2328767123287671,0.2579908675799087
439,117,107,102,113,0.26651480637813213,0.2437357630979499,0.23234624145785876,0.25740318906605925
440,117,107,103,113,0.26590909090909093,0.2431818181818182,0.2340909090909091,0.25681818181818183
441,118,107,103,113,0.2675736961451247,0.24263038548752835,0.23356009070294784,0.2562358276643991
442,118,107,104,113,0.2669683257918552,0.2420814479638009,0.23529411764705882,0.25565610859728505
443,118,108,104,113,0.26636568848758463,0.24379232505643342,0.23476297968397292,0.255079006772009
444,118,108,105,113,0.26576576576576577,0.24324324324324326,0.23648648648648649,0.2545045045045045
445,118,108,106,113,0.2651685393258427,0.24269662921348314,0.23820224719101124,0.2539325842696629
446,118,109,106,113,0.2645739910313901,0.24439461883408073,0.23766816143497757,0.2533632286995516
447,118,110,106,113,0.2639821029082774,0.24608501118568232,0.2371364653243848,0.25279642058165547
448,118,110,107,113,0.26339285714285715,0.24553571428571427,0.23883928571428573,0.25223214285714285
449,118,110,107,114,0.26280623608017817,0.24498886414253898,0.2383073496659243,0.25389755011135856
450,118,110,108,114,0.26222222222222225,0.24444444444444444,0.24,0.25333333333333335
451,118,110,109,114,0.2616407982261641,0.24390243902439024,0.24168514412416853,0.25277161862527714
452,119,110,109,114,0.26327433628318586,0.24336283185840707,0.2411504424778761,0.252212389380531
453,119,111,109,114,0.26269315673289184,0.24503311258278146,0.24061810154525387,0.25165562913907286
454,119,111,109,115,0.2621145374449339,0.2444933920704846,0.24008810572687225,0.2533039647577093
455,119,111,109,116,0.26153846153846155,0.24395604395604395,0.23956043956043957,0.2549450549450549
456,120,111,109,116,0.2631578947368421,0.24342105263157895,0.23903508771929824,0.2543859649122807
457,120,111,110,116,0.26258205689277897,0.24288840262582057,0.24070021881838075,0.2538293216630197
458,120,111,111,116,0.26200873362445415,0.2423580786026201,0.2423580786026201,0.25327510917030566
459,120,111,111,117,0.26143790849673204,0.24183006535947713,0.24183006535947713,0.2549019607843137
460,121,111,111,117,0.26304347826086955,0.24130434782608695,0.24130434782608695,0.2543478260869565
461,121,111,112,117,0.26247288503253796,0.24078091106290672,0.24295010845986983,0.25379609544468545
462,121,112,112,117,0.2619047619047619,0.24242424242424243,0.24242424242424243,0.2532467532467532
463,121,112,113,117,0.2613390928725702,0.24190064794816415,0.24406047516198703,0.2526997840172786
464,121,112,113,118,0.2607758620689655,0.2413793103448276,0.2435344827586207,0.2543103448275862
465,121,113,113,118,0.26021505376344084,0.24301075268817204,0.24301075268817204,0.2537634408602151
466,122,113,113,118,0.26180257510729615,0.24248927038626608,0.24248927038626608,0.2532188841201717
467,122,114,113,118,0.26124197002141325,0.24411134903640258,0.24197002141327623,0.25267665952890794
468,122,114,114,118,0.2606837606837607,0.24358974358974358,0.24358974358974358,0.25213675213675213
469,122,114,115,118,0.2601279317697228,0.24307036247334754,0.24520255863539445,0.2515991471215352
470,122,114,116,118,0.25957446808510637,0.2425531914893617,0.24680851063829787,0.251063829787234
471,122,114,116,119,0.25902335456475584,0.24203821656050956,0.24628450106157113,0.2526539278131635
472,122,114,117,119,0.2584745762711864,0.24152542372881355,0.2478813559322034,0.2521186440677966
473,122,115,117,119,0.25792811839323465,0.24312896405919662,0.24735729386892177,0.25158562367864695
474,122,116,117,119,0.25738396624472576,0.24472573839662448,0.2468354430379747,0.2510548523206751
475,123,116,117,119,0.25894736842105265,0.24421052631578946,0.2463157894736842,0.2505263157894737
476,124,116,117,119,0.2605042016806723,0.24369747899159663,0.24579831932773108,0.25
477,125,116,117,119,0.2620545073375262,0.2431865828092243,0.24528301886792453,0.24947589098532494
478,126,116,117,119,0.26359832635983266,0.24267782426778242,0.24476987447698745,0.2489539748953975
479,126,116,117,120,0.2630480167014614,0.24217118997912318,0.24425887265135698,0.25052192066805845
480,126,117,117,120,0.2625,0.24375,0.24375,0.25
481,126,117,117,121,0.26195426195426197,0.24324324324324326,0.24324324324324326,0.2515592515592516
482,126,117,118,121,0.26141078838174275,0.24273858921161826,0.24481327800829875,0.25103734439834025
483,126,117,118,122,0.2608695652173913,0.2422360248447205,0.2443064182194617,0.2525879917184265
484,126,117,119,122,0.2603305785123967,0.24173553719008264,0.24586776859504134,0.25206611570247933
485,126,118,119,122,0.2597938144329897,0.24329896907216494,0.24536082474226803,0.2515463917525773
486,126,118,120,122,0.25925925925925924,0.24279835390946503,0.24691358024691357,0.25102880658436216
487,127,118,120,122,0.26078028747433263,0.24229979466119098,0.2464065708418891,0.25051334702258726
488,128,118,120,122,0.26229508196721313,0.24180327868852458,0.2459016393442623,0.25
489,128,119,120,122,0.261758691206544,0.24335378323108384,0.24539877300613497,0.24948875255623723
490,128,119,120,123,0.2612244897959184,0.24285714285714285,0.24489795918367346,0.2510204081632653
491,128,119,121,123,0.2606924643584521,0.24236252545824846,0.24643584521384929,0.2505091649694501
492,128,119,121,124,0.2601626016260163,0.241869918699187,0.2459349593495935,0.25203252032520324
493,129,119,121,124,0.2616632860040568,0.2413793103448276,0.24543610547667344,0.2515212981744422
494,130,119,121,124,0.2631578947368421,0.2408906882591093,0.24493927125506074,0.25101214574898784
495,130,120,121,124,0.26262626262626265,0.24242424242424243,0.24444444444444444,0.2505050505050505
496,130,121,121,124,0.2620967741935484,0.2439516129032258,0.2439516129032258,0.25
497,130,121,121,125,0.26156941649899396,0.24346076458752516,0.24346076458752516,0.2515090543259557
498,130,121,121,126,0.26104417670682734,0.2429718875502008,0.2429718875502008,0.25301204819277107
499,130,121,122,126,0.2605210420841683,0.24248496993987975,0.24448897795591182,0.25250501002004005
500,130,121,122,127,0.26,0.242,0.244,0.254
501,130,121,123,127,0.25948103792415167,0.24151696606786427,0.24550898203592814,0.25349301397205587
502,130,122,123,127,0.2589641434262948,0.24302788844621515,0.2450199203187251,0.25298804780876494
503,130,123,123,127,0.2584493041749503,0.24453280318091453,0.24453280318091453,0.2524850894632207
504,130,123,123,128,0.25793650793650796,0.24404761904761904,0.24404761904761904,0.25396825396825395
505,130,123,124,128,0.25742574257425743,0.24356435643564356,0.24554455445544554,0.25346534653465347
506,130,123,124,129,0.25691699604743085,0.24308300395256918,0.2450592885375494,0.2549407114624506
507,130,123,125,129,0.2564102564102564,0.24260355029585798,0.2465483234714004,0.25443786982248523
508,131,123,125,129,0.2578740157480315,0.2421259842519685,0.24606299212598426,0.25393700787401574
509,131,123,126,129,0.25736738703339884,0.24165029469548133,0.2475442043222004,0.25343811394891946
510,132,123,126,129,0.25882352941176473,0.2411764705882353,0.24705882352941178,0.2529411764705882
511,133,123,126,129,0.2602739726027397,0.24070450097847357,0.2465753424657534,0.25244618395303325
512,134,123,126,129,0.26171875,0.240234375,0.24609375,0.251953125
513,134,123,126,130,0.26120857699805067,0.23976608187134502,0.24561403508771928,0.253411306042885
514,134,123,127,130,0.2607003891050584,0.23929961089494164,0.24708171206225682,0.2529182879377432
515,135,123,127,130,0.2621359223300971,0.23883495145631067,0.24660194174757283,0.2524271844660194
516,135,123,128,130,0.2616279069767442,0.23837209302325582,0.24806201550387597,0.25193798449612403
517,136,123,128,130,0.26305609284332687,0.2379110251450677,0.24758220502901354,0.2514506769825919
518,136,123,129,130,0.2625482625482625,0.23745173745173745,0.24903474903474904,0.25096525096525096
519,137,123,129,130,0.26396917148362237,0.23699421965317918,0.24855491329479767,0.2504816955684008
520,137,124,129,130,0.26346153846153847,0.23846153846153847,0.24807692307692308,0.25
521,138,124,129,130,0.2648752399232246,0.2380038387715931,0.2476007677543186,0.2495201535508637
522,138,124,130,130,0.26436781609195403,0.23754789272030652,0.24904214559386972,0.24904214559386972
523,138,124,130,131,0.2638623326959847,0.23709369024856597,0.248565965583174,0.25047801147227533
524,138,124,131,131,0.2633587786259542,0.2366412213740458,0.25,0.25
525,138,124,131,132,0.26285714285714284,0.2361904761904762,0.24952380952380954,0.25142857142857145
526,138,124,132,132,0.2623574144486692,0.23574144486692014,0.2509505703422053,0.2509505703422053
527,138,125,132,132,0.2618595825426945,0.23719165085388993,0.2504743833017078,0.2504743833017078
528,138,125,133,132,0.26136363636363635,0.23674242424242425,0.2518939393939394,0.25
529,138,125,133,133,0.2608695652173913,0.23629489603024575,0.2514177693761815,0.2514177693761815
530,138,125,134,133,0.26037735849056604,0.2358490566037736,0.2528301886792453,0.2509433962264151
531,138,126,134,133,0.2598870056497175,0.23728813559322035,0.2523540489642185,0.2504708097928437
532,138,126,134,134,0.2593984962406015,0.23684210526315788,0.2518796992481203,0.2518796992481203
533,138,126,135,134,0.2589118198874296,0.23639774859287055,0.25328330206378985,0.25140712945590993
534,138,127,135,134,0.25842696629213485,0.23782771535580524,0.25280898876404495,0.250936329588015
535,138,128,135,134,0.25794392523364484,0.23925233644859814,0.2523364485981308,0.2504672897196262
536,138,129,135,134,0.2574626865671642,0.24067164179104478,0.251865671641791,0.25
537,138,129,135,135,0.2569832402234637,0.24022346368715083,0.25139664804469275,0.25139664804469275
538,139,129,135,135,0.258364312267658,0.23977695167286245,0.25092936802973975,0.25092936802973975
539,139,130,135,135,0.25788497217068646,0.24118738404452691,0.2504638218923933,0.2504638218923933
540,139,130,136,135,0.2574074074074074,0.24074074074074073,0.2518518518518518,0.25
541,139,130,136,136,0.25693160813308685,0.24029574861367836,0.2513863216266174,0.2513863216266174
542,139,131,136,136,0.2564575645756458,0.24169741697416974,0.25092250922509224,0.25092250922509224
543,139,131,137,136,0.2559852670349908,0.24125230202578268,0.2523020257826888,0.2504604051565378
544,139,131,137,137,0.2555147058823529,0.24080882352941177,0.25183823529411764,0.25183823529411764
545,139,131,138,137,0.25504587155963304,0.24036697247706423,0.25321100917431194,0.25137614678899084
546,139,131,138,138,0.25457875457875456,0.23992673992673993,0.25274725274725274,0.25274725274725274
547,140,131,138,138,0.25594149908592323,0.23948811700182815,0.2522851919561243,0.2522851919561243
548,140,131,138,139,0.25547445255474455,0.23905109489051096,0.2518248175182482,0.25364963503649635
549,141,131,138,139,0.2568306010928962,0.23861566484517305,0.25136612021857924,0.25318761384335153
550,141,132,138,139,0.25636363636363635,0.24,0.2509090909090909,0.25272727272727274
551,141,132,139,139,0.2558983666061706,0.2395644283121597,0.25226860254083483,0.25226860254083483
552,141,132,139,140,0.2554347826086957,0.2391304347826087,0.25181159420289856,0.2536231884057971
553,141,133,139,140,0.2549728752260398,0.24050632911392406,0.2513562386980108,0.25316455696202533
554,142,133,139,140,0.2563176895306859,0.24007220216606498,0.2509025270758123,0.2527075812274368
555,142,134,139,140,0.25585585585585585,0.24144144144144145,0.25045045045045045,0.25225225225225223
556,142,134,140,140,0.25539568345323743,0.24100719424460432,0.2517985611510791,0.2517985611510791
557,143,134,140,140,0.25673249551166966,0.24057450628366248,0.2513464991023339,0.2513464991023339
558,143,134,141,140,0.25627240143369173,0.24014336917562723,0.25268817204301075,0.25089605734767023
559,143,135,141,140,0.2558139534883721,0.24150268336314848,0.2522361359570662,0.2504472271914132
560,144,135,141,140,0.2571428571428571,0.24107142857142858,0.2517857142857143,0.25
561,144,136,141,140,0.25668449197860965,0.24242424242424243,0.25133689839572193,0.24955436720142601
562,144,137,141,140,0.25622775800711745,0.24377224199288255,0.2508896797153025,0.2491103202846975
563,144,137,141,141,0.2557726465364121,0.2433392539964476,0.25044404973357015,0.25044404973357015
564,144,137,142,141,0.2553191489361702,0.2429078014184397,0.25177304964539005,0.25
565,144,137,142,142,0.25486725663716814,0.2424778761061947,0.2513274336283186,0.2513274336283186
566,144,138,142,142,0.254416961130742,0.24381625441696114,0.2508833922261484,0.2508833922261484
567,144,138,142,143,0.25396825396825395,0.24338624338624337,0.25044091710758376,0.25220458553791886
568,144,139,142,143,0.2535211267605634,0.24471830985915494,0.25,0.2517605633802817
569,144,139,142,144,0.2530755711775044,0.24428822495606328,0.24956063268892795,0.2530755711775044
570,144,139,143,144,0.25263157894736843,0.24385964912280703,0.25087719298245614,0.25263157894736843
571,144,139,144,144,0.2521891418563923,0.2434325744308231,0.2521891418563923,0.2521891418563923
572,144,139,144,145,0.2517482517482518,0.243006993006993,0.2517482517482518,0.2534965034965035
573,145,139,144,145,0.2530541012216405,0.2425828970331588,0.2513089005235602,0.2530541012216405
574,145,140,144,145,0.25261324041811845,0.24390243902439024,0.2508710801393728,0.25261324041811845
575,145,141,144,145,0.25217391304347825,0.24521739130434783,0.25043478260869567,0.25217391304347825
576,145,142,144,145,0.2517361111111111,0.2465277777777778,0.25,0.2517361111111111
577,145,142,145,145,0.2512998266897747,0.24610051993067592,0.2512998266897747,0.2512998266897747
578,145,143,145,145,0.2508650519031142,0.24740484429065743,0.2508650519031142,0.2508650519031142
579,145,143,146,145,0.2504317789291883,0.2469775474956822,0.25215889464594127,0.2504317789291883
580,145,144,146,145,0.25,0.2482758620689655,0.2517241379310345,0.25
581,145,144,146,146,0.2495697074010327,0.24784853700516352,0.2512908777969019,0.2512908777969019
582,145,144,146,147,0.24914089347079038,0.24742268041237114,0.2508591065292096,0.25257731958762886
583,146,144,146,147,0.2504288164665523,0.2469982847341338,0.2504288164665523,0.2521440823327616
584,146,144,147,147,0.25,0.2465753424657534,0.2517123287671233,0.2517123287671233
585,147,144,147,147,0.2512820512820513,0.24615384615384617,0.2512820512820513,0.2512820512820513
586,147,144,148,147,0.2508532423208191,0.24573378839590443,0.2525597269624573,0.2508532423208191
587,147,144,148,148,0.2504258943781942,0.2453151618398637,0.252129471890971,0.252129471890971
588,147,145,148,148,0.25,0.2465986394557823,0.25170068027210885,0.25170068027210885
589,147,145,148,149,0.2495755517826825,0.2461799660441426,0.25127334465195245,0.2529711375212224
590,148,145,148,149,0.25084745762711863,0.2457627118644068,0.25084745762711863,0.25254237288135595
591,148,145,149,149,0.25042301184433163,0.24534686971235195,0.2521150592216582,0.2521150592216582
592,148,146,149,149,0.25,0.24662162162162163,0.2516891891891892,0.2516891891891892
593,149,146,149,149,0.25126475548060706,0.24620573355817876,0.25126475548060706,0.25126475548060706
594,150,146,149,149,0.25252525252525254,0.24579124579124578,0.25084175084175087,0.25084175084175087
595,150,147,149,149,0.25210084033613445,0.24705882352941178,0.2504201680672269,0.2504201680672269
596,150,147,150,149,0.2516778523489933,0.24664429530201343,0.2516778523489933,0.25
597,150,147,150,150,0.25125628140703515,0.24623115577889448,0.25125628140703515,0.25125628140703515
598,150,147,151,150,0.2508361204013378,0.24581939799331104,0.2525083612040134,0.2508361204013378
599,150,147,152,150,0.25041736227045075,0.24540901502504173,0.25375626043405675,0.25041736227045075
600,150,147,152,151,0.25,0.245,0.25333333333333335,0.25166666666666665
601,151,147,152,151,0.2512479201331115,0.24459234608985025,0.2529118136439268,0.2512479201331115
602,151,148,152,151,0.25083056478405313,0.24584717607973422,0.25249169435215946,0.25083056478405313
603,151,149,152,151,0.2504145936981758,0.2470978441127695,0.25207296849087896,0.2504145936981758
604,152,149,152,151,0.25165562913907286,0.24668874172185432,0.25165562913907286,0.25
605,152,150,152,151,0.2512396694214876,0.24793388429752067,0.2512396694214876,0.24958677685950414
606,152,150,152,152,0.2508250825082508,0.24752475247524752,0.2508250825082508,0.2508250825082508
607,152,150,152,153,0.2504118616144975,0.2471169686985173,0.2504118616144975,0.25205930807248766
608,152,151,152,153,0.25,0.24835526315789475,0.25,0.25164473684210525
609,152,151,152,154,0.24958949096880131,0.24794745484400657,0.24958949096880131,0.25287356321839083
610,152,151,153,154,0.24918032786885247,0.24754098360655738,0.25081967213114753,0.25245901639344265
611,152,152,153,154,0.24877250409165302,0.24877250409165302,0.25040916530278234,0.2520458265139116
612,152,152,153,155,0.24836601307189543,0.24836601307189543,0.25,0.25326797385620914
613,152,153,153,155,0.24796084828711257,0.2495921696574225,0.2495921696574225,0.2528548123980424
614,152,153,154,155,0.247557003257329,0.249185667752443,0.250814332247557,0.252442996742671
615,152,153,155,155,0.24715447154471545,0.24878048780487805,0.25203252032520324,0.25203252032520324
616,152,154,155,155,0.24675324675324675,0.25,0.25162337662337664,0.25162337662337664
617,152,154,156,155,0.24635332252836303,0.24959481361426256,0.25283630470016205,0.25121555915721233
618,152,154,157,155,0.2459546925566343,0.24919093851132687,0.2540453074433657,0.25080906148867316
619,152,154,158,155,0.2455573505654281,0.24878836833602586,0.2552504038772213,0.25040387722132473
620,152,154,158,156,0.24516129032258063,0.24838709677419354,0.25483870967741934,0.25161290322580643
621,152,155,158,156,0.24476650563607086,0.249597423510467,0.25442834138486314,0.25120772946859904
622,153,155,158,156,0.2459807073954984,0.2491961414790997,0.2540192926045016,0.2508038585209003
623,153,155,158,157,0.24558587479935795,0.24879614767255218,0.2536115569823435,0.2520064205457464
624,153,155,159,157,0.24519230769230768,0.2483974358974359,0.2548076923076923,0.2516025641025641
625,154,155,159,157,0.2464,0.248,0.2544,0.2512
626,154,155,159,158,0.24600638977635783,0.2476038338658147,0.2539936102236422,0.2523961661341853
627,155,155,159,158,0.24720893141945774,0.24720893141945774,0.2535885167464115,0.25199362041467305
628,156,155,159,158,0.2484076433121019,0.24681528662420382,0.2531847133757962,0.2515923566878981
629,156,155,159,159,0.2480127186009539,0.246422893481717,0.2527821939586645,0.2527821939586645
630,156,155,160,159,0.24761904761904763,0.24603174603174602,0.25396825396825395,0.2523809523809524
631,156,155,160,160,0.24722662440570523,0.24564183835182252,0.25356576862123614,0.25356576862123614
632,157,155,160,160,0.24841772151898733,0.24525316455696203,0.25316455696202533,0.25316455696202533
633,157,155,161,160,0.2480252764612954,0.24486571879936808,0.25434439178515006,0.2527646129541864
634,158,155,161,160,0.24921135646687698,0.2444794952681388,0.2539432176656151,0.25236593059936907
635,158,156,161,160,0.24881889763779527,0.24566929133858267,0.25354330708661416,0.25196850393700787
636,158,157,161,160,0.24842767295597484,0.2468553459119497,0.2531446540880503,0.25157232704402516
637,158,158,161,160,0.24803767660910517,0.24803767660910517,0.25274725274725274,0.25117739403453687
638,158,159,161,160,0.2476489028213166,0.24921630094043887,0.25235109717868337,0.2507836990595611
639,158,159,162,160,0.24726134585289514,0.24882629107981222,0.2535211267605634,0.25039123630672927
640,158,159,163,160,0.246875,0.2484375,0.2546875,0.25
641,159,159,163,160,0.24804992199687986,0.24804992199687986,0.2542901716068643,0.24960998439937598
642,159,159,163,161,0.24766355140186916,0.24766355140186916,0.2538940809968847,0.2507788161993769
643,159,159,163,162,0.24727838258164853,0.24727838258164853,0.2534992223950233,0.25194401244167963
644,160,159,163,162,0.2484472049689441,0.2468944099378882,0.2531055900621118,0.2515527950310559
645,160,160,163,162,0.24806201550387597,0.24806201550387597,0.2527131782945736,0.25116279069767444
646,160,160,164,162,0.2476780185758514,0.2476780185758514,0.25386996904024767,0.25077399380804954
647,161,160,164,162,0.24884080370942813,0.2472952086553323,0.2534775888717156,0.250386398763524
648,161,160,165,162,0.24845679012345678,0.24691358024691357,0.25462962962962965,0.25
649,162,160,165,162,0.24961479198767333,0.2465331278890601,0.2542372881355932,0.24961479198767333
650,163,160,165,162,0.25076923076923074,0.24615384615384617,0.25384615384615383,0.24923076923076923
651,163,161,165,162,0.250384024577573,0.24731182795698925,0.2534562211981567,0.2488479262672811
652,163,161,166,162,0.25,0.2469325153374233,0.254601226993865,0.24846625766871167
653,163,162,166,162,0.24961715160796324,0.24808575803981622,0.2542113323124043,0.24808575803981622
654,163,162,166,163,0.2492354740061162,0.24770642201834864,0.25382262996941896,0.2492354740061162
655,163,163,166,163,0.24885496183206107,0.24885496183206107,0.2534351145038168,0.24885496183206107
656,163,164,166,163,0.24847560975609756,0.25,0.2530487804878049,0.24847560975609756
657,163,164,166,164,0.2480974124809741,0.2496194824961948,0.2526636225266362,0.2496194824961948
658,163,165,166,164,0.24772036474164133,0.2507598784194529,0.25227963525835867,0.24924012158054712
659,164,165,166,164,0.2488619119878604,0.2503793626707132,0.251896813353566,0.2488619119878604
660,164,166,166,164,0.24848484848484848,0.2515151515151515,0.2515151515151515,0.24848484848484848
661,164,166,167,164,0.2481089258698941,0.25113464447806355,0.2526475037821483,0.2481089258698941
662,164,167,167,164,0.24773413897280966,0.25226586102719034,0.25226586102719034,0.24773413897280966
663,164,167,168,164,0.2473604826546003,0.25188536953242835,0.25339366515837103,0.2473604826546003
664,165,167,168,164,0.24849397590361447,0.25150602409638556,0.25301204819277107,0.2469879518072289
665,165,168,168,164,0.24812030075187969,0.25263157894736843,0.25263157894736843,0.24661654135338346
666,165,169,168,164,0.24774774774774774,0.25375375375375375,0.25225225225225223,0.24624624624624625
667,165,169,168,165,0.24737631184407796,0.25337331334332835,0.2518740629685157,0.24737631184407796
668,165,169,168,166,0.2470059880239521,0.25299401197604793,0.25149700598802394,0.24850299401197604
669,165,170,168,166,0.24663677130044842,0.25411061285500747,0.25112107623318386,0.24813153961136025
670,165,170,168,167,0.2462686567164179,0.2537313432835821,0.2507462686567164,0.24925373134328357
671,166,170,168,167,0.2473919523099851,0.2533532041728763,0.2503725782414307,0.2488822652757079
672,166,170,168,168,0.24702380952380953,0.25297619047619047,0.25,0.25
673,166,170,168,169,0.24665676077265974,0.2526002971768202,0.24962852897473997,0.2511144130757801
674,166,170,169,169,0.24629080118694363,0.2522255192878338,0.2507418397626113,0.2507418397626113
675,166,170,170,169,0.24592592592592594,0.2518518518518518,0.2518518518518518,0.25037037037037035
676,166,170,171,169,0.2455621301775148,0.2514792899408284,0.2529585798816568,0.25
677,167,170,171,169,0.2466765140324963,0.2511078286558346,0.25258493353028066,0.24963072378138848
678,167,170,171,170,0.24631268436578171,0.25073746312684364,0.252212389380531,0.25073746312684364
679,167,170,171,171,0.24594992636229748,0.2503681885125184,0.25184094256259204,0.25184094256259204
680,167,170,171,172,0.24558823529411763,0.25,0.2514705882352941,0.2529411764705882
681,168,170,171,172,0.24669603524229075,0.24963289280469897,0.2511013215859031,0.2525697503671072
682,169,170,171,172,0.24780058651026393,0.24926686217008798,0.250733137829912,0.25219941348973607
683,169,171,171,172,0.24743777452415813,0.25036603221083453,0.25036603221083453,0.2518301610541728
684,169,171,172,172,0.24707602339181287,0.25,0.25146198830409355,0.25146198830409355
685,169,171,172,173,0.24671532846715327,0.24963503649635035,0.2510948905109489,0.25255474452554744
686,169,171,173,173,0.24635568513119532,0.24927113702623907,0.2521865889212828,0.2521865889212828
687,169,171,174,173,0.24599708879184862,0.24890829694323144,0.25327510917030566,0.25181950509461426
688,170,171,174,173,0.24709302325581395,0.24854651162790697,0.25290697674418605,0.251453488372093
689,170,171,174,174,0.2467343976777939,0.24818577648766327,0.2525399129172714,0.2525399129172714
690,170,172,174,174,0.2463768115942029,0.2492753623188406,0.25217391304347825,0.25217391304347825
691,171,172,174,174,0.24746743849493488,0.24891461649782923,0.25180897250361794,0.25180897250361794
692,171,173,174,174,0.24710982658959538,0.25,0.2514450867052023,0.2514450867052023
693,171,173,175,174,0.24675324675324675,0.24963924963924963,0.25252525252525254,0.2510822510822511
694,171,173,175,175,0.24639769452449567,0.24927953890489912,0.2521613832853026,0.2521613832853026
695,171,173,176,175,0.2460431654676259,0.2489208633093525,0.25323741007194245,0.2517985611510791
696,172,173,176,175,0.2471264367816092,0.24856321839080459,0.25287356321839083,0.2514367816091954
697,172,173,176,176,0.2467718794835007,0.24820659971305595,0.25251076040172166,0.25251076040172166
698,173,173,176,176,0.24785100286532952,0.24785100286532952,0.2521489971346705,0.2521489971346705
699,173,173,176,177,0.2474964234620887,0.2474964234620887,0.25178826895565093,0.2532188841201717
700,173,173,177,177,0.24714285714285714,0.24714285714285714,0.25285714285714284,0.25285714285714284
701,173,173,177,178,0.24679029957203993,0.24679029957203993,0.2524964336661912,0.25392296718972895
702,173,173,178,178,0.24643874643874644,0.24643874643874644,0.2535612535612536,0.2535612535612536
703,173,173,179,178,0.2460881934566145,0.2460881934566145,0.2546230440967283,0.2532005689900427
704,173,174,179,178,0.24573863636363635,0.2471590909090909,0.25426136363636365,0.2528409090909091
705,174,174,179,178,0.24680851063829787,0.24680851063829787,0.25390070921985813,0.2524822695035461
706,174,174,180,178,0.24645892351274787,0.24645892351274787,0.254957507082153,0.2521246458923513
707,174,174,181,178,0.24611032531824611,0.24611032531824611,0.256011315417256,0.25176803394625175
708,174,174,182,178,0.2457627118644068,0.2457627118644068,0.2570621468926554,0.2514124293785311
709,175,174,182,178,0.2468265162200282,0.2454160789844852,0.2566995768688293,0.25105782792665726
710,176,174,182,178,0.24788732394366197,0.24507042253521127,0.2563380281690141,0.2507042253521127
711,176,174,183,178,0.24753867791842477,0.24472573839662448,0.25738396624472576,0.25035161744022505
712,176,174,183,179,0.24719101123595505,0.2443820224719101,0.25702247191011235,0.25140449438202245
713,176,174,183,180,0.24684431977559607,0.24403927068723702,0.25666199158485276,0.25245441795231416
714,176,174,184,180,0.24649859943977592,0.24369747899159663,0.25770308123249297,0.25210084033613445
715,176,174,185,180,0.24615384615384617,0.24335664335664337,0.25874125874125875,0.2517482517482518
716,177,174,185,180,0.24720670391061453,0.2430167597765363,0.25837988826815644,0.25139664804469275
717,177,175,185,180,0.24686192468619247,0.24407252440725244,0.2580195258019526,0.2510460251046025
718,177,175,185,181,0.24651810584958217,0.24373259052924792,0.2576601671309192,0.2520891364902507
719,177,175,185,182,0.24617524339360222,0.24339360222531292,0.2573018080667594,0.25312934631432543
720,177,176,185,182,0.24583333333333332,0.24444444444444444,0.2569444444444444,0.25277777777777777
721,177,177,185,182,0.24549237170596394,0.24549237170596394,0.2565880721220527,0.2524271844660194
722,177,177,186,182,0.2451523545706371,0.2451523545706371,0.25761772853185594,0.2520775623268698
723,177,177,187,182,0.24481327800829875,0.24481327800829875,0.25864453665283543,0.2517289073305671
724,177,177,188,182,0.24447513812154695,0.24447513812154695,0.2596685082872928,0.2513812154696133
725,177,178,188,182,0.24413793103448275,0.24551724137931036,0.2593103448275862,0.25103448275862067
726,177,178,189,182,0.24380165289256198,0.24517906336088155,0.2603305785123967,0.25068870523415976
727,177,178,190,182,0.24346629986244842,0.24484181568088034,0.2613480055020633,0.25034387895460797
728,178,178,190,182,0.2445054945054945,0.2445054945054945,0.260989010989011,0.25
729,178,179,190,182,0.24417009602194786,0.24554183813443073,0.2606310013717421,0.2496570644718793
730,178,180,190,182,0.24383561643835616,0.2465753424657534,0.2602739726027397,0.2493150684931507
731,178,180,191,182,0.24350205198358413,0.24623803009575923,0.2612859097127223,0.24897400820793433
732,178,181,191,182,0.24316939890710382,0.24726775956284153,0.2609289617486339,0.24863387978142076
733,178,181,192,182,0.24283765347885403,0.24693042291950887,0.26193724420190995,0.24829467939972716
734,178,181,192,183,0.24250681198910082,0.24659400544959129,0.2615803814713896,0.24931880108991825
735,178,181,193,183,0.24217687074829933,0.24625850340136055,0.26258503401360545,0.24897959183673468
736,178,181,194,183,0.2418478260869565,0.24592391304347827,0.26358695652173914,0.24864130434782608
737,178,181,195,183,0.24151967435549526,0.24559023066485752,0.2645861601085482,0.24830393487109906
738,178,182,195,183,0.24119241192411925,0.24661246612466126,0.26422764227642276,0.24796747967479674
739,178,182,196,183,0.2408660351826793,0.2462787550744249,0.2652232746955345,0.2476319350473613
740,178,182,197,183,0.24054054054054055,0.24594594594594596,0.2662162162162162,0.2472972972972973
741,178,183,197,183,0.24021592442645073,0.24696356275303644,0.2658569500674764,0.24696356275303644
742,178,183,198,183,0.2398921832884097,0.24663072776280323,0.2668463611859838,0.24663072776280323
743,178,183,199,183,0.2395693135935397,0.24629878869448182,0.26783310901749663,0.24629878869448182
744,178,184,199,183,0.239247311827957,0.24731182795698925,0.2674731182795699,0.24596774193548387
745,178,184,199,184,0.2389261744966443,0.24697986577181208,0.26711409395973157,0.24697986577181208
746,178,185,199,184,0.2386058981233244,0.2479892761394102,0.2667560321715818,0.24664879356568364
747,178,186,199,184,0.23828647925033467,0.24899598393574296,0.26639892904953144,0.2463186077643909
748,178,187,199,184,0.23796791443850268,0.25,0.2660427807486631,0.24598930481283424
749,178,187,199,185,0.2376502002670227,0.24966622162883845,0.2656875834445928,0.24699599465954605
750,179,187,199,185,0.23866666666666667,0.24933333333333332,0.2653333333333333,0.24666666666666667
751,179,188,199,185,0.23834886817576564,0.25033288948069243,0.26498002663115844,0.24633821571238348
752,179,189,199,185,0.23803191489361702,0.25132978723404253,0.2646276595744681,0.24601063829787234
753,179,189,199,186,0.23771580345285526,0.250996015936255,0.2642762284196547,0.24701195219123506
754,179,189,199,187,0.23740053050397877,0.2506631299734748,0.2639257294429708,0.2480106100795756
755,180,189,199,187,0.23841059602649006,0.2503311258278146,0.2635761589403974,0.247682119205298
756,180,189,199,188,0.23809523809523808,0.25,0.26322751322751325,0.24867724867724866
757,180,189,199,189,0.23778071334214002,0.24966974900924702,0.2628797886393659,0.24966974900924702
758,180,189,200,189,0.23746701846965698,0.24934036939313983,0.2638522427440633,0.24934036939313983
759,180,190,200,189,0.23715415019762845,0.2503293807641634,0.2635046113306983,0.2490118577075099
760,180,190,200,190,0.23684210526315788,0.25,0.2631578947368421,0.25
761,180,190,201,190,0.23653088042049936,0.24967148488830487,0.26412614980289095,0.24967148488830487
762,181,190,201,190,0.23753280839895013,0.24934383202099739,0.2637795275590551,0.24934383202099739
763,182,190,201,190,0.23853211009174313,0.2490170380078637,0.2634338138925295,0.2490170380078637
764,182,190,202,190,0.23821989528795812,0.2486910994764398,0.2643979057591623,0.2486910994764398
765,182,190,202,191,0.23790849673202613,0.24836601307189543,0.26405228758169935,0.2496732026143791
766,182,190,203,191,0.23759791122715404,0.24804177545691905,0.2650130548302872,0.24934725848563968
767,183,190,203,191,0.23859191655801826,0.24771838331160365,0.2646675358539765,0.24902216427640156
768,183,190,204,191,0.23828125,0.24739583333333334,0.265625,0.24869791666666666
769,183,191,204,191,0.23797139141742524,0.2483745123537061,0.26527958387516254,0.2483745123537061
770,183,191,205,191,0.23766233766233766,0.24805194805194805,0.2662337662337662,0.24805194805194805
771,183,191,205,192,0.23735408560311283,0.24773022049286642,0.26588845654993515,0.2490272373540856
772,183,192,205,192,0.23704663212435234,0.24870466321243523,0.2655440414507772,0.24870466321243523
773,184,192,205,192,0.23803363518758086,0.24838292367399742,0.2652005174644243,0.24838292367399742
774,184,193,205,192,0.23772609819121446,0.24935400516795866,0.2648578811369509,0.24806201550387597
775,184,193,205,193,0.23741935483870968,0.24903225806451612,0.2645161290322581,0.24903225806451612
776,185,193,205,193,0.23840206185567012,0.24871134020618557,0.26417525773195877,0.24871134020618557
777,185,193,206,193,0.23809523809523808,0.2483912483912484,0.2651222651222651,0.2483912483912484
778,186,193,206,193,0.2390745501285347,0.2480719794344473,0.2647814910025707,0.2480719794344473
779,186,194,206,193,0.23876765083440307,0.2490372272143774,0.2644415917843389,0.24775353016688062
780,186,194,207,193,0.23846153846153847,0.24871794871794872,0.2653846153846154,0.24743589743589745
781,186,194,207,194,0.23815620998719592,0.24839948783610755,0.26504481434058896,0.24839948783610755
782,186,195,207,194,0.23785166240409208,0.24936061381074168,0.2647058823529412,0.24808184143222506
783,186,195,207,195,0.23754789272030652,0.24904214559386972,0.26436781609195403,0.24904214559386972
784,186,195,208,195,0.2372448979591837,0.24872448979591838,0.2653061224489796,0.24872448979591838
785,186,195,209,195,0.23694267515923567,0.2484076433121019,0.2662420382165605,0.2484076433121019
786,187,195,209,195,0.23791348600508905,0.2480916030534351,0.26590330788804073,0.2480916030534351
787,187,196,209,195,0.23761118170266837,0.24904701397712833,0.2655654383735705,0.24777636594663277
788,187,196,210,195,0.23730964467005075,0.24873096446700507,0.26649746192893403,0.24746192893401014
789,188,196,210,195,0.23827629911280102,0.24841571609632446,0.2661596958174905,0.24714828897338403
790,188,196,210,196,0.2379746835443038,0.2481012658227848,0.26582278481012656,0.2481012658227848
791,188,196,211,196,0.23767383059418457,0.24778761061946902,0.2667509481668774,0.24778761061946902
792,188,196,211,197,0.23737373737373738,0.2474747474747475,0.26641414141414144,0.24873737373737373
793,188,196,212,197,0.23707440100882723,0.2471626733921816,0.2673392181588903,0.2484237074401009
794,189,196,212,197,0.2380352644836272,0.24685138539042822,0.26700251889168763,0.24811083123425692
795,189,197,212,197,0.23773584905660378,0.24779874213836478,0.26666666666666666,0.24779874213836478
796,189,197,212,198,0.23743718592964824,0.24748743718592964,0.2663316582914573,0.24874371859296482
797,189,198,212,198,0.2371392722710163,0.24843161856963614,0.2659974905897114,0.24843161856963614
798,189,199,212,198,0.23684210526315788,0.24937343358395989,0.2656641604010025,0.24812030075187969
799,189,199,213,198,0.23654568210262827,0.2490613266583229,0.2665832290362954,0.24780976220275344
800,190,199,213,198,0.2375,0.24875,0.26625,0.2475
801,191,199,213,198,0.23845193508114856,0.2484394506866417,0.26591760299625467,0.24719101123595505
802,191,199,214,198,0.23815461346633415,0.24812967581047382,0.26683291770573564,0.24688279301745636
803,191,200,214,198,0.23785803237858033,0.24906600249066002,0.26650062266500624,0.2465753424657534
804,191,200,214,199,0.23756218905472637,0.24875621890547264,0.26616915422885573,0.24751243781094528
805,191,200,215,199,0.2372670807453416,0.2484472049689441,0.2670807453416149,0.24720496894409938
806,191,201,215,199,0.2369727047146402,0.24937965260545905,0.2667493796526055,0.24689826302729528
807,191,201,215,200,0.23667905824039653,0.24907063197026022,0.2664188351920694,0.24783147459727387
808,191,201,215,201,0.23638613861386137,0.24876237623762376,0.2660891089108911,0.24876237623762376
809,192,201,215,201,0.2373300370828183,0.2484548825710754,0.2657601977750309,0.2484548825710754
810,192,202,215,201,0.23703703703703705,0.24938271604938272,0.2654320987654321,0.24814814814814815
811,192,202,215,202,0.23674475955610358,0.24907521578298397,0.2651048088779285,0.24907521578298397
812,192,202,215,203,0.23645320197044334,0.24876847290640394,0.2647783251231527,0.25
813,192,203,215,203,0.23616236162361623,0.24969249692496925,0.2644526445264453,0.24969249692496925
814,192,203,216,203,0.23587223587223588,0.2493857493857494,0.26535626535626533,0.2493857493857494
815,192,204,216,203,0.23558282208588957,0.25030674846625767,0.2650306748466258,0.249079754601227
816,192,204,217,203,0.23529411764705882,0.25,0.2659313725490196,0.24877450980392157
817,192,204,218,203,0.2350061199510404,0.24969400244798043,0.2668298653610771,0.2484700122399021
818,192,204,219,203,0.23471882640586797,0.24938875305623473,0.26772616136919314,0.24816625916870416
819,193,204,219,203,0.23565323565323565,0.2490842490842491,0.2673992673992674,0.24786324786324787
820,194,204,219,203,0.23658536585365852,0.24878048780487805,0.26707317073170733,0.2475609756097561
821,194,204,220,203,0.23629719853836784,0.24847746650426308,0.2679658952496955,0.24725943970767356
822,194,204,221,203,0.2360097323600973,0.24817518248175183,0.2688564476885645,0.24695863746958638
823,194,205,221,203,0.23572296476306198,0.24908869987849333,0.26852976913730253,0.24665856622114216
824,194,205,221,204,0.2354368932038835,0.2487864077669903,0.2682038834951456,0.24757281553398058
825,195,205,221,204,0.23636363636363636,0.24848484848484848,0.2678787878787879,0.24727272727272728
826,195,205,221,205,0.2360774818401937,0.24818401937046006,0.2675544794188862,0.24818401937046006
827,195,206,221,205,0.23579201934703747,0.24909310761789602,0.2672309552599758,0.2478839177750907
828,196,206,221,205,0.23671497584541062,0.24879227053140096,0.2669082125603865,0.24758454106280192
829,196,207,221,205,0.23642943305186973,0.24969843184559712,0.26658624849215923,0.24728588661037396
830,197,207,221,205,0.23734939759036144,0.2493975903614458,0.26626506024096386,0.2469879518072289
831,197,208,221,205,0.23706377858002406,0.2503008423586041,0.26594464500601683,0.246690734055355
832,197,208,222,205,0.23677884615384615,0.25,0.2668269230769231,0.24639423076923078
833,197,208,223,205,0.23649459783913565,0.24969987995198079,0.26770708283313327,0.2460984393757503
834,197,208,223,206,0.23621103117505995,0.24940047961630696,0.2673860911270983,0.24700239808153476
835,197,209,223,206,0.23592814371257484,0.2502994011976048,0.26706586826347306,0.2467065868263473
836,197,209,223,207,0.23564593301435408,0.25,0.26674641148325356,0.24760765550239233
837,197,209,223,208,0.23536439665471923,0.24970131421744324,0.26642771804062126,0.24850657108721624
838,197,209,224,208,0.2350835322195704,0.2494033412887828,0.26730310262529833,0.24821002386634844
839,197,209,224,209,0.23480333730631706,0.24910607866507747,0.266984505363528,0.24910607866507747
840,197,210,224,209,0.23452380952380952,0.25,0.26666666666666666,0.2488095238095238
841,197,211,224,209,0.2342449464922711,0.25089179548156954,0.26634958382877527,0.24851367419738407
842,197,211,224,210,0.2339667458432304,0.2505938242280285,0.2660332541567696,0.2494061757719715
843,197,211,224,211,0.23368920521945433,0.25029655990510086,0.265717674970344,0.25029655990510086
844,197,211,224,212,0.2334123222748815,0.25,0.26540284360189575,0.25118483412322273
845,197,212,224,212,0.2331360946745562,0.25088757396449707,0.2650887573964497,0.25088757396449707
846,197,212,224,213,0.23286052009456265,0.25059101654846333,0.2647754137115839,0.25177304964539005
847,197,213,224,213,0.23258559622195984,0.2514757969303424,0.2644628099173554,0.2514757969303424
848,197,213,224,214,0.23231132075471697,0.2511792452830189,0.2641509433962264,0.25235849056603776
849,197,214,224,214,0.232037691401649,0.25206124852767964,0.26383981154299174,0.25206124852767964
850,197,215,224,214,0.23176470588235293,0.2529411764705882,0.2635294117647059,0.25176470588235295
851,197,215,224,215,0.23149236192714454,0.2526439482961222,0.26321974148061106,0.2526439482961222
852,197,216,224,215,0.2312206572769953,0.2535211267605634,0.26291079812206575,0.25234741784037557
853,197,216,225,215,0.2309495896834701,0.2532239155920281,0.2637749120750293,0.25205158264947247
854,197,217,225,215,0.2306791569086651,0.2540983606557377,0.26346604215456676,0.25175644028103045
855,197,217,226,215,0.2304093567251462,0.25380116959064325,0.26432748538011697,0.25146198830409355
856,198,217,226,215,0.23130841121495327,0.25350467289719625,0.26401869158878505,0.25116822429906543
857,198,218,226,215,0.2310385064177363,0.2543757292882147,0.2637106184364061,0.2508751458576429
858,198,218,226,216,0.23076923076923078,0.2540792540792541,0.2634032634032634,0.2517482517482518
859,198,218,226,217,0.23050058207217694,0.25378346915017463,0.2630966239813737,0.25261932479627475
860,198,218,227,217,0.2302325581395349,0.2534883720930233,0.26395348837209304,0.25232558139534883
861,198,218,228,217,0.22996515679442509,0.25319396051103366,0.26480836236933797,0.25203252032520324
862,198,218,228,218,0.2296983758700696,0.2529002320185615,0.26450116009280744,0.2529002320185615
863,198,218,228,219,0.22943221320973348,0.2526071842410197,0.2641946697566628,0.253765932792584
864,198,218,228,220,0.22916666666666666,0.2523148148148148,0.2638888888888889,0.25462962962962965
865,199,218,228,220,0.2300578034682081,0.2520231213872832,0.2635838150289017,0.2543352601156069
866,199,218,229,220,0.22979214780600463,0.2517321016166282,0.2644341801385681,0.2540415704387991
867,200,218,229,220,0.2306805074971165,0.25144175317185696,0.26412918108419836,0.2537485582468281
868,201,218,229,220,0.2315668202764977,0.2511520737327189,0.2638248847926267,0.2534562211981567
869,201,218,230,220,0.23130034522439585,0.2508630609896433,0.2646720368239356,0.25316455696202533
870,202,218,230,220,0.23218390804597702,0.25057471264367814,0.26436781609195403,0.25287356321839083
871,203,218,230,220,0.2330654420206659,0.2502870264064294,0.26406429391504016,0.2525832376578645
872,203,218,231,220,0.23279816513761467,0.25,0.26490825688073394,0.25229357798165136
873,203,219,231,220,0.2325315005727377,0.2508591065292096,0.2646048109965636,0.2520045819014891
874,203,219,231,221,0.2322654462242563,0.2505720823798627,0.2643020594965675,0.2528604118993135
875,204,219,231,221,0.23314285714285715,0.2502857142857143,0.264,0.25257142857142856
876,204,220,231,221,0.2328767123287671,0.2511415525114155,0.2636986301369863,0.2522831050228311
877,204,220,231,222,0.23261117445838084,0.2508551881413911,0.2633979475484607,0.2531356898517674
878,204,221,231,222,0.23234624145785876,0.2517084282460137,0.2630979498861048,0.2528473804100228
879,205,221,231,222,0.23321956769055746,0.2514220705346985,0.2627986348122867,0.2525597269624573
880,205,221,231,223,0.23295454545454544,0.25113636363636366,0.2625,0.2534090909090909
881,205,221,231,224,0.23269012485811577,0.2508513053348468,0.26220204313280365,0.2542565266742338
882,206,221,231,224,0.23356009070294784,0.25056689342403626,0.2619047619047619,0.25396825396825395
883,206,221,231,225,0.2332955832389581,0.25028312570781425,0.26160815402038506,0.2548131370328426
884,206,221,232,225,0.2330316742081448,0.25,0.26244343891402716,0.25452488687782804
885,206,221,233,225,0.2327683615819209,0.2497175141242938,0.2632768361581921,0.2542372881355932
886,206,222,233,225,0.2325056433408578,0.2505643340857788,0.26297968397291194,0.25395033860045146
887,206,222,233,226,0.2322435174746336,0.2502818489289741,0.26268320180383314,0.2547914317925592
888,206,222,233,227,0.23198198198198197,0.25,0.26238738738738737,0.25563063063063063
889,206,222,234,227,0.23172103487064116,0.24971878515185603,0.26321709786276715,0.25534308211473566
890,206,222,234,228,0.23146067415730337,0.24943820224719102,0.26292134831460673,0.25617977528089886
891,206,222,234,229,0.23120089786756454,0.24915824915824916,0.26262626262626265,0.2570145903479237
892,206,222,234,230,0.23094170403587444,0.24887892376681614,0.2623318385650224,0.257847533632287
893,206,222,235,230,0.23068309070548712,0.24860022396416573,0.2631578947368421,0.25755879059350506
894,207,222,235,230,0.23154362416107382,0.2483221476510067,0.26286353467561524,0.25727069351230425
895,207,223,235,230,0.23128491620111732,0.24916201117318434,0.26256983240223464,0.2569832402234637
896,207,223,235,231,0.23102678571428573,0.24888392857142858,0.2622767857142857,0.2578125
897,207,223,235,232,0.23076923076923078,0.24860646599777034,0.26198439241917504,0.25863991081382387
898,208,223,235,232,0.23162583518930957,0.24832962138084633,0.26169265033407574,0.2583518930957684
899,209,223,235,232,0.2324805339265851,0.24805339265850945,0.26140155728587317,0.25806451612903225
900,209,223,235,233,0.23222222222222222,0.2477777777777778,0.2611111111111111,0.2588888888888889
901,210,223,235,233,0.23307436182019978,0.24750277469478357,0.26082130965593786,0.2586015538290788
902,211,223,235,233,0.23392461197339245,0.24722838137472283,0.26053215077605324,0.2583148558758315
903,211,224,235,233,0.2336655592469546,0.24806201550387597,0.2602436323366556,0.25802879291251385
904,211,225,235,233,0.2334070796460177,0.2488938053097345,0.25995575221238937,0.2577433628318584
905,211,225,236,233,0.23314917127071824,0.24861878453038674,0.26077348066298345,0.2574585635359116
906,211,225,237,233,0.23289183222958057,0.24834437086092714,0.26158940397350994,0.2571743929359823
907,211,225,237,234,0.2326350606394708,0.24807056229327454,0.2613009922822492,0.2579933847850055
908,211,225,238,234,0.23237885462555066,0.24779735682819384,0.2621145374449339,0.2577092511013216
909,211,226,238,234,0.23212321232123212,0.24862486248624863,0.26182618261826185,0.25742574257425743
910,211,227,238,234,0.23186813186813188,0.24945054945054945,0.26153846153846155,0.2571428571428571
911,212,227,238,234,0.2327113062568606,0.2491767288693743,0.26125137211855104,0.25686059275521406
912,213,227,238,234,0.23355263157894737,0.24890350877192982,0.26096491228070173,0.2565789473684211
913,214,227,238,234,0.2343921139101862,0.24863088718510407,0.2606790799561884,0.25629791894852133
914,215,227,238,234,0.23522975929978118,0.24835886214442013,0.2603938730853392,0.25601750547045954
915,215,227,239,234,0.23497267759562843,0.24808743169398906,0.2612021857923497,0.25573770491803277
916,215,227,240,234,0.23471615720524017,0.24781659388646288,0.26200873362445415,0.2554585152838428
917,215,228,240,234,0.23446019629225737,0.24863685932388221,0.2617230098146129,0.25517993456924754
918,215,228,240,235,0.23420479302832245,0.24836601307189543,0.26143790849673204,0.2559912854030501
919,215,228,241,235,0.23394994559303592,0.24809575625680086,0.2622415669205658,0.25571273122959737
920,216,228,241,235,0.23478260869565218,0.24782608695652175,0.2619565217391304,0.2554347826086957
921,217,228,241,235,0.23561346362649294,0.247557003257329,0.26167209554831705,0.255157437567861
922,217,229,241,235,0.23535791757049893,0.24837310195227766,0.2613882863340564,0.25488069414316705
923,217,230,241,235,0.23510292524377033,0.24918743228602383,0.2611050920910076,0.25460455037919827
924,217,230,242,235,0.23484848484848486,0.24891774891774893,0.2619047619047619,0.25432900432900435
925,217,230,242,236,0.23459459459459459,0.24864864864864866,0.2616216216216216,0.25513513513513514
926,217,230,242,237,0.234341252699784,0.24838012958963282,0.2613390928725702,0.25593952483801297
927,217,230,242,238,0.23408845738942827,0.2481121898597627,0.26105717367853293,0.25674217907227614
928,217,230,243,238,0.2338362068965517,0.2478448275862069,0.26185344827586204,0.25646551724137934
929,217,230,243,239,0.23358449946178686,0.24757804090419805,0.26157158234660927,0.2572658772874058
930,218,230,243,239,0.23440860215053763,0.24731182795698925,0.26129032258064516,0.256989247311828
931,218,231,243,239,0.23415682062298604,0.24812030075187969,0.26100966702470463,0.25671321160042965
932,218,232,243,239,0.23390557939914164,0.24892703862660945,0.2607296137339056,0.25643776824034337
933,218,232,243,240,0.23365487674169347,0.24866023579849947,0.2604501607717042,0.2572347266881029
934,218,232,243,241,0.2334047109207709,0.24839400428265523,0.26017130620985013,0.2580299785867238
935,218,232,243,242,0.23315508021390374,0.24812834224598931,0.25989304812834224,0.25882352941176473
936,218,233,243,242,0.2329059829059829,0.24893162393162394,0.25961538461538464,0.25854700854700857
937,219,233,243,242,0.23372465314834578,0.2486659551760939,0.25933831376734257,0.25827107790821774
938,220,233,243,242,0.2345415778251599,0.2484008528784648,0.25906183368869934,0.2579957356076759
939,221,233,243,242,0.23535676251331203,0.24813631522896698,0.25878594249201275,0.2577209797657082
940,221,234,243,242,0.2351063829787234,0.24893617021276596,0.25851063829787235,0.2574468085106383
941,221,235,243,242,0.23485653560042508,0.24973432518597238,0.25823591923485656,0.25717321997874604
942,221,235,243,243,0.2346072186836518,0.2494692144373673,0.25796178343949044,0.25796178343949044
943,221,235,243,244,0.23435843054082714,0.2492046659597031,0.2576882290562036,0.25874867444326616
944,221,235,244,244,0.2341101694915254,0.2489406779661017,0.2584745762711864,0.2584745762711864
945,222,235,244,244,0.23492063492063492,0.24867724867724866,0.2582010582010582,0.2582010582010582
946,222,235,245,244,0.2346723044397463,0.24841437632135308,0.25898520084566595,0.25792811839323465
947,222,236,245,244,0.23442449841605068,0.249208025343189,0.2587117212249208,0.2576557550158395
948,222,236,245,245,0.23417721518987342,0.2489451476793249,0.25843881856540085,0.25843881856540085
949,222,236,245,246,0.2339304531085353,0.24868282402528977,0.2581664910432034,0.25922023182297155
950,222,236,246,246,0.2336842105263158,0.24842105263157896,0.25894736842105265,0.25894736842105265
951,222,236,246,247,0.2334384858044164,0.24815983175604628,0.2586750788643533,0.259726603575184
952,223,236,246,247,0.2342436974789916,0.24789915966386555,0.25840336134453784,0.25945378151260506
953,223,236,247,247,0.23399790136411333,0.24763903462749212,0.25918153200419725,0.25918153200419725
954,223,237,247,247,0.23375262054507337,0.24842767295597484,0.2589098532494759,0.2589098532494759
955,223,237,248,247,0.23350785340314137,0.2481675392670157,0.25968586387434556,0.25863874345549737
956,223,238,248,247,0.23326359832635984,0.2489539748953975,0.2594142259414226,0.2583682008368201
957,223,238,249,247,0.2330198537095089,0.24869383490073146,0.2601880877742947,0.258098223615465
958,223,238,250,247,0.23277661795407098,0.24843423799582465,0.2609603340292276,0.2578288100208768
959,223,239,250,247,0.23253388946819603,0.2492179353493222,0.26068821689259647,0.2575599582898853
960,223,240,250,247,0.23229166666666667,0.25,0.2604166666666667,0.25729166666666664
961,224,240,250,247,0.23309053069719043,0.2497398543184183,0.2601456815816857,0.2570239334027055
962,225,240,250,247,0.2338877338877339,0.2494802494802495,0.2598752598752599,0.25675675675675674
963,225,241,250,247,0.2336448598130841,0.2502596053997923,0.25960539979231567,0.2564901349948079
964,225,241,250,248,0.23340248962655602,0.25,0.25933609958506226,0.2572614107883817
965,225,241,250,249,0.23316062176165803,0.24974093264248703,0.25906735751295334,0.25803108808290154
966,225,242,250,249,0.2329192546583851,0.2505175983436853,0.2587991718426501,0.2577639751552795
967,226,242,250,249,0.23371251292657705,0.250258531540848,0.25853154084798347,0.25749741468459153
968,226,242,251,249,0.2334710743801653,0.25,0.259297520661157,0.2572314049586777
969,226,242,251,250,0.23323013415892674,0.24974200206398348,0.2590299277605779,0.2579979360165119
970,226,242,251,251,0.2329896907216495,0.24948453608247423,0.25876288659793817,0.25876288659793817
971,227,242,251,251,0.23377960865087538,0.24922760041194644,0.2584963954685891,0.2584963954685891
972,227,242,251,252,0.23353909465020575,0.24897119341563786,0.25823045267489714,0.25925925925925924
973,227,242,251,253,0.23329907502569372,0.24871531346351491,0.2579650565262076,0.26002055498458376
974,227,243,251,253,0.23305954825462014,0.24948665297741274,0.25770020533880905,0.2597535934291581
975,228,243,251,253,0.23384615384615384,0.24923076923076923,0.25743589743589745,0.2594871794871795
976,228,244,251,253,0.2336065573770492,0.25,0.257172131147541,0.25922131147540983
977,228,245,251,253,0.23336745138178097,0.2507676560900716,0.2569089048106448,0.25895598771750256
978,228,245,251,254,0.2331288343558282,0.2505112474437628,0.25664621676891614,0.25971370143149286
979,229,245,251,254,0.23391215526046988,0.25025536261491316,0.25638406537282943,0.25944841675178754
980,229,245,252,254,0.2336734693877551,0.25,0.2571428571428571,0.25918367346938775
981,230,245,252,254,0.2344546381243629,0.24974515800203873,0.25688073394495414,0.25891946992864423
982,230,245,252,255,0.23421588594704684,0.2494908350305499,0.25661914460285135,0.25967413441955195
983,230,246,252,255,0.23397761953204477,0.25025432349949134,0.25635808748728384,0.25940996948118006
984,231,246,252,255,0.2347560975609756,0.25,0.25609756097560976,0.25914634146341464
985,231,246,253,255,0.23451776649746192,0.24974619289340103,0.2568527918781726,0.25888324873096447
986,232,246,253,255,0.23529411764705882,0.24949290060851928,0.2565922920892495,0.25862068965517243
987,232,247,253,255,0.23505572441742653,0.2502532928064843,0.2563323201621074,0.25835866261398177
988,233,247,253,255,0.23582995951417005,0.25,0.2560728744939271,0.25809716599190285
989,233,247,253,256,0.23559150657229525,0.24974721941354905,0.2558139534883721,0.25884732052578363
990,233,248,253,256,0.23535353535353534,0.2505050505050505,0.25555555555555554,0.2585858585858586
991,234,248,253,256,0.23612512613521694,0.25025227043390513,0.25529767911200807,0.25832492431886983
992,234,249,253,256,0.23588709677419356,0.25100806451612906,0.2550403225806452,0.25806451612903225
993,234,249,253,257,0.23564954682779457,0.25075528700906347,0.25478348439073517,0.2588116817724068
994,235,249,253,257,0.23641851106639838,0.2505030181086519,0.2545271629778672,0.25855130784708247
995,236,249,253,257,0.2371859296482412,0.25025125628140704,0.2542713567839196,0.25829145728643216
996,237,249,253,257,0.23795180722891565,0.25,0.2540160642570281,0.2580321285140562
997,237,250,253,257,0.23771313941825475,0.25075225677031093,0.25376128385155466,0.2577733199598796
998,237,250,254,257,0.2374749498997996,0.250501002004008,0.2545090180360721,0.2575150300601202
999,237,251,254,257,0.23723723723723725,0.25125125125125125,0.25425425425425424,0.25725725725725723
1000,237,251,255,257,0.237,0.251,0.255,0.257
1001,237,252,255,257,0.23676323676323677,0.2517482517482518,0.2547452547452547,0.25674325674325676
1002,237,252,255,258,0.23652694610778444,0.25149700598802394,0.25449101796407186,0.25748502994011974
1003,237,252,256,258,0.23629112662013957,0.25124626121635096,0.25523429710867396,0.2572283150548355
1004,237,252,256,259,0.2360557768924303,0.250996015936255,0.2549800796812749,0.25796812749003983
1005,238,252,256,259,0.23681592039800994,0.2507462686567164,0.25472636815920396,0.25771144278606967
1006,238,252,256,260,0.23658051689860835,0.2504970178926441,0.2544731610337972,0.2584493041749503
1007,238,253,256,260,0.23634558093346575,0.2512413108242304,0.2542204568023833,0.25819265143992054
1008,239,253,256,260,0.2371031746031746,0.2509920634920635,0.25396825396825395,0.25793650793650796
1009,239,253,256,261,0.23686818632309217,0.25074331020812685,0.2537165510406343,0.25867195242814667
1010,240,253,256,261,0.2376237623762376,0.2504950495049505,0.25346534653465347,0.2584158415841584
1011,240,254,256,261,0.23738872403560832,0.2512363996043521,0.2532146389713155,0.258160237388724
1012,241,254,256,261,0.2381422924901186,0.2509881422924901,0.25296442687747034,0.25790513833992096
1013,241,254,257,261,0.23790720631786771,0.25074037512339586,0.25370187561697927,0.25765054294175715
1014,241,255,257,261,0.23767258382642997,0.2514792899408284,0.2534516765285996,0.257396449704142
1015,241,256,257,261,0.2374384236453202,0.2522167487684729,0.25320197044334974,0.2571428571428571
1016,241,256,257,262,0.2372047244094488,0.25196850393700787,0.2529527559055118,0.2578740157480315
1017,241,257,257,262,0.23697148475909538,0.2527040314650934,0.2527040314650934,0.2576204523107178
1018,241,257,258,262,0.23673870333988212,0.25245579567779963,0.25343811394891946,0.25736738703339884
1019,241,258,258,262,0.2365063788027478,0.25318940137389595,0.25318940137389595,0.25711481844946027
1020,241,259,258,262,0.23627450980392156,0.25392156862745097,0.2529411764705882,0.2568627450980392
1021,241,259,259,262,0.23604309500489715,0.25367286973555336,0.25367286973555336,0.2566111655239961
1022,241,260,259,262,0.23581213307240703,0.25440313111545987,0.2534246575342466,0.2563600782778865
1023,242,260,259,262,0.23655913978494625,0.2541544477028348,0.25317693059628543,0.2561094819159335
1024,242,260,260,262,0.236328125,0.25390625,0.25390625,0.255859375
1025,243,260,260,262,0.2370731707317073,0.25365853658536586,0.25365853658536586,0.255609756097561
1026,243,260,261,262,0.23684210526315788,0.253411306042885,0.2543859649122807,0.2553606237816764
1027,243,260,261,263,0.23661148977604674,0.25316455696202533,0.25413826679649465,0.2560856864654333
1028,243,260,262,263,0.23638132295719844,0.2529182879377432,0.25486381322957197,0.25583657587548636
1029,243,260,262,264,0.23615160349854228,0.25267249757045673,0.25461613216715256,0.2565597667638484
1030,244,260,262,264,0.23689320388349513,0.2524271844660194,0.2543689320388349,0.2563106796116505
1031,244,260,262,265,0.23666343355965083,0.2521823472356935,0.2541222114451988,0.25703200775945684
1032,244,261,262,265,0.2364341085271318,0.25290697674418605,0.25387596899224807,0.2567829457364341
1033,244,261,262,266,0.2362052274927396,0.2526621490803485,0.2536302032913843,0.2575024201355276
1034,244,261,263,266,0.23597678916827852,0.2524177949709865,0.25435203094777564,0.2572533849129594
1035,244,262,263,266,0.2357487922705314,0.2531400966183575,0.2541062801932367,0.2570048309178744
1036,245,262,263,266,0.23648648648648649,0.2528957528957529,0.25386100386100385,0.25675675675675674
1037,245,263,263,266,0.23625843780135006,0.2536162005785921,0.2536162005785921,0.25650916104146576
1038,245,264,263,266,0.23603082851637766,0.2543352601156069,0.25337186897880537,0.25626204238921
1039,245,264,264,266,0.2358036573628489,0.25409047160731474,0.25409047160731474,0.25601539942252166
1040,245,265,264,266,0.23557692307692307,0.2548076923076923,0.25384615384615383,0.25576923076923075
1041,245,266,264,266,0.23535062439961577,0.25552353506243997,0.25360230547550433,0.25552353506243997
1042,245,266,265,266,0.23512476007677544,0.255278310940499,0.2543186180422265,0.255278310940499
1043,246,266,265,266,0.23585810162991372,0.2550335570469799,0.25407478427612656,0.2550335570469799
1044,246,266,265,267,0.23563218390804597,0.2547892720306513,0.25383141762452105,0.2557471264367816
1045,247,266,265,267,0.23636363636363636,0.2545454545454545,0.2535885167464115,0.2555023923444976
1046,247,267,265,267,0.2361376673040153,0.2552581261950287,0.25334608030592737,0.2552581261950287
1047,247,267,265,268,0.23591212989493793,0.25501432664756446,0.2531041069723018,0.2559694364851958
1048,247,267,265,269,0.23568702290076335,0.2547709923664122,0.25286259541984735,0.2566793893129771
1049,247,268,265,269,0.23546234509056244,0.2554814108674929,0.2526215443279314,0.25643469971401334
1050,248,268,265,269,0.2361904761904762,0.25523809523809526,0.2523809523809524,0.2561904761904762
1051,248,268,266,269,0.23596574690770694,0.25499524262607043,0.2530922930542341,0.2559467174119886
1052,248,268,266,270,0.23574144486692014,0.25475285171102663,0.25285171102661597,0.25665399239543724
1053,248,268,266,271,0.2355175688509022,0.25451092117758783,0.2526115859449193,0.2573599240265907
1054,248,268,266,272,0.23529411764705882,0.25426944971537,0.2523719165085389,0.25806451612903225
1055,248,268,266,273,0.23507109004739338,0.25402843601895736,0.25213270142180094,0.25876777251184835
1056,249,268,266,273,0.23579545454545456,0.2537878787878788,0.2518939393939394,0.2585227272727273
1057,250,268,266,273,0.23651844843897823,0.2535477767265847,0.25165562913907286,0.2582781456953642
1058,250,269,266,273,0.23629489603024575,0.2542533081285444,0.2514177693761815,0.2580340264650284
1059,250,269,266,274,0.2360717658168083,0.25401322001888577,0.251180358829084,0.2587346553352219
1060,250,269,267,274,0.2358490566037736,0.2537735849056604,0.2518867924528302,0.25849056603773585
1061,250,270,267,274,0.235626767200754,0.2544769085768143,0.25164938737040526,0.2582469368520264
1062,250,270,267,275,0.23540489642184556,0.2542372881355932,0.2514124293785311,0.2589453860640301
1063,250,270,267,276,0.23518344308560676,0.2539981185324553,0.25117591721542804,0.2596425211665099
1064,250,271,267,276,0.2349624060150376,0.25469924812030076,0.25093984962406013,0.2593984962406015
1065,250,272,267,276,0.2347417840375587,0.25539906103286386,0.2507042253521127,0.2591549295774648
1066,251,272,267,276,0.2354596622889306,0.2551594746716698,0.25046904315197,0.2589118198874296
1067,251,272,268,276,0.2352389878163074,0.2549203373945642,0.2511715089034677,0.25866916588566075
1068,251,272,269,276,0.2350187265917603,0.2546816479400749,0.25187265917602997,0.25842696629213485
1069,251,272,269,277,0.23479887745556596,0.25444340505144997,0.2516370439663237,0.2591206735266604
1070,251,272,269,278,0.23457943925233646,0.2542056074766355,0.2514018691588785,0.25981308411214954
1071,252,272,269,278,0.23529411764705882,0.25396825396825395,0.2511671335200747,0.25957049486461253
1072,253,272,269,278,0.23600746268656717,0.2537313432835821,0.25093283582089554,0.2593283582089552
1073,253,273,269,278,0.23578751164958062,0.25442684063373716,0.2506989748369059,0.2590866728797763
1074,253,273,270,278,0.23556797020484171,0.2541899441340782,0.25139664804469275,0.25884543761638734
1075,254,273,270,278,0.23627906976744187,0.25395348837209303,0.25116279069767444,0.2586046511627907
1076,254,273,270,279,0.23605947955390336,0.2537174721189591,0.25092936802973975,0.25929368029739774
1077,254,273,270,280,0.23584029712163418,0.25348189415041783,0.25069637883008355,0.25998142989786444
1078,254,273,270,281,0.23562152133580705,0.2532467532467532,0.2504638218923933,0.2606679035250464
1079,254,274,270,281,0.23540315106580167,0.25393883225208524,0.25023169601482853,0.26042632066728455
1080,254,274,271,281,0.2351851851851852,0.2537037037037037,0.25092592592592594,0.2601851851851852
1081,255,274,271,281,0.23589269195189638,0.2534690101757632,0.2506938020351526,0.2599444958371878
1082,255,274,271,282,0.2356746765249538,0.2532347504621072,0.25046210720887246,0.26062846580406657
1083,256,274,271,282,0.2363804247460757,0.2530009233610342,0.2502308402585411,0.26038781163434904
1084,256,274,271,283,0.23616236162361623,0.25276752767527677,0.25,0.261070110701107
1085,256,274,271,284,0.2359447004608295,0.25253456221198156,0.24976958525345622,0.26175115207373273
1086,257,274,271,284,0.23664825046040516,0.2523020257826888,0.24953959484346225,0.26151012891344383
1087,257,274,272,284,0.23643054277828887,0.25206991720331184,0.250229990800368,0.2612695492180313
1088,257,274,272,285,0.23621323529411764,0.25183823529411764,0.25,0.2619485294117647
1089,257,275,272,285,0.2359963269054178,0.25252525252525254,0.2497704315886134,0.26170798898071623
1090,257,275,273,285,0.23577981651376148,0.25229357798165136,0.25045871559633026,0.26146788990825687
1091,258,275,273,285,0.23648029330889092,0.2520623281393217,0.25022914757103576,0.2612282309807516
1092,259,275,273,285,0.23717948717948717,0.2518315018315018,0.25,0.260989010989011
1093,259,275,273,286,0.23696248856358645,0.2516010978956999,0.24977127172918573,0.2616651418115279
1094,259,276,273,286,0.236745886654479,0.2522851919561243,0.24954296160877515,0.26142595978062155
1095,260,276,273,286,0.2374429223744292,0.25205479452054796,0.2493150684931507,0.26118721461187216
1096,260,276,274,286,0.23722627737226276,0.2518248175182482,0.25,0.26094890510948904
1097,261,276,274,286,0.23792160437556972,0.2515952597994531,0.2497721057429353,0.26071103008204194
1098,262,276,274,286,0.23861566484517305,0.25136612021857924,0.2495446265938069,0.2604735883424408
1099,262,277,274,286,0.2383985441310282,0.25204731574158323,0.24931756141947226,0.2602365787079163
1100,262,277,274,287,0.2381818181818182,0.25181818181818183,0.24909090909090909,0.2609090909090909
1101,262,277,275,287,0.23796548592188918,0.25158946412352406,0.24977293369663942,0.26067211625794734
1102,263,277,275,287,0.23865698729582577,0.2513611615245009,0.24954627949183303,0.2604355716878403
1103,263,277,275,288,0.2384406165004533,0.2511332728921124,0.24932003626473254,0.2611060743427017
1104,263,277,276,288,0.23822463768115942,0.2509057971014493,0.25,0.2608695652173913
1105,264,277,276,288,0.23891402714932128,0.2506787330316742,0.2497737556561086,0.26063348416289595
1106,264,278,276,288,0.23869801084990958,0.2513562386980108,0.24954792043399637,0.2603978300180832
1107,264,278,277,288,0.23848238482384823,0.25112917795844625,0.25022583559168926,0.2601626016260163
1108,264,278,277,289,0.23826714801444043,0.2509025270758123,0.25,0.2608303249097473
1109,264,278,277,290,0.23805229936880073,0.25067628494138866,0.2497745716862038,0.26149684400360684
1110,264,278,277,291,0.23783783783783785,0.25045045045045045,0.24954954954954955,0.26216216216216215
1111,265,278,277,291,0.23852385238523852,0.2502250225022502,0.24932493249324933,0.2619261926192619
1112,266,278,277,291,0.2392086330935252,0.25,0.24910071942446044,0.26169064748201437
1113,267,278,277,291,0.2398921832884097,0.24977538185085355,0.24887690925426775,0.261455525606469
1114,267,278,277,292,0.23967684021543986,0.2495511669658887,0.24865350089766608,0.2621184919210054
1115,267,278,278,292,0.23946188340807176,0.24932735426008967,0.24932735426008967,0.26188340807174887
1116,267,279,278,292,0.239247311827957,0.25,0.24910394265232974,0.2616487455197133
1117,268,279,278,292,0.23992837958818264,0.24977618621307074,0.24888093106535364,0.26141450313339304
1118,268,280,278,292,0.23971377459749552,0.2504472271914132,0.24865831842576028,0.26118067978533094
1119,269,280,278,292,0.24039320822162646,0.25022341376228774,0.2484361036639857,0.2609472743521001
1120,269,280,278,293,0.24017857142857144,0.25,0.24821428571428572,0.26160714285714287
1121,269,280,279,293,0.23996431757359502,0.24977698483496877,0.2488849241748439,0.26137377341659235
1122,269,281,279,293,0.23975044563279857,0.25044563279857396,0.24866310160427807,0.2611408199643494
1123,269,281,280,293,0.23953695458593055,0.25022261798753337,0.2493321460373998,0.26090828138913624
1124,269,281,280,294,0.2393238434163701,0.25,0.2491103202846975,0.2615658362989324
1125,269,281,281,294,0.2391111111111111,0.24977777777777777,0.24977777777777777,0.2613333333333333
1126,269,282,281,294,0.238898756660746,0.25044404973357015,0.24955595026642985,0.261101243339254
1127,269,282,281,295,0.23868677905944988,0.2502218278615794,0.24933451641526175,0.26175687666370895
1128,269,282,281,296,0.23847517730496454,0.25,0.24911347517730498,0.2624113475177305
1129,270,282,281,296,0.2391496899911426,0.24977856510186006,0.24889282550930025,0.26217891939769705
1130,270,283,281,296,0.23893805309734514,0.2504424778761062,0.24867256637168142,0.26194690265486725
1131,270,283,282,296,0.23872679045092837,0.2502210433244916,0.2493368700265252,0.26171529619805484
1132,270,283,283,296,0.23851590106007067,0.25,0.25,0.26148409893992935
1133,271,283,283,296,0.23918799646954986,0.2497793468667255,0.2497793468667255,0.2612533097969991
1134,271,283,283,297,0.23897707231040563,0.2495590828924162,0.2495590828924162,0.2619047619047619
1135,272,283,283,297,0.239647577092511,0.24933920704845816,0.24933920704845816,0.2616740088105727
1136,272,283,283,298,0.23943661971830985,0.24911971830985916,0.24911971830985916,0.2623239436619718
1137,272,283,283,299,0.23922603342128407,0.24890061565523308,0.24890061565523308,0.26297273526824977
1138,272,284,283,299,0.2390158172231986,0.24956063268892795,0.24868189806678384,0.2627416520210896
1139,272,284,284,299,0.23880597014925373,0.24934152765583845,0.24934152765583845,0.26251097453906935
1140,273,284,284,299,0.2394736842105263,0.24912280701754386,0.24912280701754386,0.26228070175438595
1141,273,284,284,300,0.2392638036809816,0.24890446976336547,0.24890446976336547,0.26292725679228746
1142,273,285,284,300,0.23905429071803852,0.24956217162872155,0.2486865148861646,0.2626970227670753
1143,273,285,284,301,0.2388451443569554,0.24934383202099739,0.2484689413823272,0.26334208223972005
1144,273,285,285,301,0.23863636363636365,0.2491258741258741,0.2491258741258741,0.2631118881118881
1145,274,285,285,301,0.23930131004366811,0.24890829694323144,0.24890829694323144,0.262882096069869
1146,275,285,285,301,0.2399650959860384,0.2486910994764398,0.2486910994764398,0.262652705061082
1147,276,285,285,301,0.24062772449869224,0.24847428073234526,0.24847428073234526,0.26242371403661724
1148,276,285,285,302,0.24041811846689895,0.24825783972125434,0.24825783972125434,0.26306620209059234
1149,277,285,285,302,0.2410791993037424,0.24804177545691905,0.24804177545691905,0.2628372497824195
1150,277,285,286,302,0.2408695652173913,0.24782608695652175,0.24869565217391304,0.26260869565217393
1151,277,286,286,302,0.24066029539530842,0.24847958297132927,0.24847958297132927,0.26238053866203304
1152,278,286,286,302,0.24131944444444445,0.2482638888888889,0.2482638888888889,0.2621527777777778
1153,278,286,287,302,0.24111014744145706,0.24804856895056374,0.2489158716392021,0.2619254119687771
1154,278,287,287,302,0.24090121317157712,0.24870017331022531,0.24870017331022531,0.2616984402079723
1155,279,287,287,302,0.24155844155844156,0.24848484848484848,0.24848484848484848,0.26147186147186147
1156,279,287,288,302,0.24134948096885814,0.24826989619377163,0.2491349480968858,0.26124567474048443
1157,280,287,288,302,0.24200518582541056,0.2480553154710458,0.24891961970613655,0.2610198789974071
1158,280,287,288,303,0.24179620034542315,0.24784110535405873,0.24870466321243523,0.2616580310880829
1159,280,287,288,304,0.24158757549611734,0.24762726488352027,0.24849007765314926,0.26229508196721313
1160,280,288,288,304,0.2413793103448276,0.2482758620689655,0.2482758620689655,0.2620689655172414
1161,281,288,288,304,0.24203273040482343,0.24806201550387597,0.24806201550387597,0.26184323858742464
1162,282,288,288,304,0.24268502581755594,0.24784853700516352,0.24784853700516352,0.26161790017211706
1163,283,288,288,304,0.24333619948409285,0.24763542562338778,0.24763542562338778,0.26139294926913154
1164,283,288,288,305,0.24312714776632302,0.24742268041237114,0.24742268041237114,0.2620274914089347
1165,283,288,288,306,0.2429184549356223,0.24721030042918454,0.24721030042918454,0.2626609442060086
1166,283,288,288,307,0.24271012006861065,0.2469982847341338,0.2469982847341338,0.26329331046312177
1167,283,289,288,307,0.24250214224507283,0.24764353041988005,0.2467866323907455,0.26306769494430166
1168,283,289,288,308,0.2422945205479452,0.24743150684931506,0.2465753424657534,0.2636986301369863
1169,284,289,288,308,0.24294268605645852,0.24721984602224123,0.24636441402908468,0.2634730538922156
1170,284,290,288,308,0.24273504273504273,0.24786324786324787,0.24615384615384617,0.26324786324786326
1171,284,290,289,308,0.2425277540563621,0.24765157984628522,0.24679760888129804,0.2630230572160547
1172,285,290,289,308,0.2431740614334471,0.24744027303754265,0.24658703071672355,0.2627986348122867
1173,285,290,290,308,0.24296675191815856,0.24722932651321397,0.24722932651321397,0.2625745950554135
1174,286,290,290,308,0.24361158432708688,0.24701873935264054,0.24701873935264054,0.262350936967632
1175,287,290,290,308,0.24425531914893617,0.24680851063829787,0.24680851063829787,0.2621276595744681
1176,287,291,290,308,0.24404761904761904,0.24744897959183673,0.2465986394557823,0.2619047619047619
1177,287,291,290,309,0.24384027187765506,0.24723874256584538,0.2463891248937978,0.2625318606627018
1178,287,292,290,309,0.2436332767402377,0.24787775891341257,0.2461799660441426,0.2623089983022071
1179,287,293,290,309,0.24342663273960985,0.24851569126378287,0.24597116200169636,0.26208651399491095
1180,287,293,290,310,0.24322033898305084,0.2483050847457627,0.2457627118644068,0.2627118644067797
1181,287,294,290,310,0.24301439458086369,0.2489415749364945,0.2455546147332769,0.26248941574936496
1182,287,295,290,310,0.2428087986463621,0.24957698815566837,0.24534686971235195,0.2622673434856176
1183,287,296,290,310,0.24260355029585798,0.2502113271344041,0.2451394759087067,0.26204564666103125
1184,287,296,291,310,0.24239864864864866,0.25,0.24577702702702703,0.26182432432432434
1185,287,297,291,310,0.24219409282700421,0.25063291139240507,0.24556962025316456,0.2616033755274262
1186,288,297,291,310,0.24283305227655985,0.25042158516020235,0.24536256323777403,0.26138279932546377
1187,289,297,291,310,0.2434709351305813,0.2502106149957877,0.2451558550968829,0.2611625947767481
1188,289,297,292,310,0.24326599326599327,0.25,0.24579124579124578,0.2609427609427609
1189,290,297,292,310,0.24390243902439024,0.24978973927670312,0.24558452481076534,0.2607232968881413
1190,291,297,292,310,0.2445378151260504,0.2495798319327731,0.2453781512605042,0.2605042016806723
1191,291,297,292,311,0.24433249370277077,0.24937027707808565,0.24517212426532325,0.2611251049538203
1192,291,297,293,311,0.24412751677852348,0.24916107382550334,0.24580536912751677,0.2609060402684564
1193,291,297,293,312,0.24392288348700755,0.24895222129086336,0.24559932942162616,0.26152556580050296
1194,291,297,293,313,0.24371859296482412,0.24874371859296482,0.245393634840871,0.26214405360134
1195,291,298,293,313,0.24351464435146444,0.24937238493723848,0.24518828451882846,0.2619246861924686
1196,291,299,293,313,0.24331103678929766,0.25,0.24498327759197325,0.2617056856187291
1197,292,299,293,313,0.24394319131161235,0.24979114452798662,0.24477861319966582,0.26148705096073516
1198,292,299,294,313,0.24373956594323873,0.24958263772954925,0.24540901502504173,0.2612687813021703
1199,292,299,294,314,0.24353628023352794,0.2493744787322769,0.24520433694745622,0.2618849040867389
1200,292,299,294,315,0.24333333333333335,0.24916666666666668,0.245,0.2625
1201,292,299,295,315,0.24313072439633637,0.24895920066611157,0.2456286427976686,0.2622814321398834
1202,292,300,295,315,0.24292845257903495,0.24958402662229617,0.2454242928452579,0.26206322795341097
1203,292,301,295,315,0.2427265170407315,0.2502078137988362,0.24522028262676643,0.26184538653366585
1204,293,301,295,315,0.24335548172757476,0.25,0.24501661129568106,0.2616279069767442
1205,293,301,296,315,0.24315352697095435,0.24979253112033195,0.24564315352697094,0.26141078838174275
1206,293,302,296,315,0.2429519071310116,0.2504145936981758,0.24543946932006633,0.26119402985074625
1207,293,302,296,316,0.2427506213753107,0.2502071251035626,0.2452361226180613,0.2618061309030654
1208,294,302,296,316,0.2433774834437086,0.25,0.24503311258278146,0.26158940397350994
1209,294,302,297,316,0.24317617866004962,0.24979321753515302,0.2456575682382134,0.261373035566584
1210,295,302,297,316,0.24380165289256198,0.24958677685950414,0.24545454545454545,0.2611570247933884
1211,295,302,297,317,0.24360033030553263,0.24938067712634188,0.24525185796862098,0.2617671345995045
1212,296,302,297,317,0.24422442244224424,0.24917491749174916,0.24504950495049505,0.2615511551155115
1213,297,302,297,317,0.2448474855729596,0.24896949711459193,0.2448474855729596,0.26133553173948887
1214,297,303,297,317,0.24464579901153213,0.24958813838550248,0.24464579901153213,0.26112026359143325
1215,298,303,297,317,0.24526748971193416,0.24938271604938272,0.24444444444444444,0.2609053497942387
1216,298,304,297,317,0.2450657894736842,0.25,0.24424342105263158,0.26069078947368424
1217,299,304,297,317,0.2456861133935908,0.24979457682826622,0.24404272801972063,0.26047658175842237
1218,300,304,297,317,0.24630541871921183,0.24958949096880131,0.2438423645320197,0.2602627257799672
1219,300,304,297,318,0.2461033634126333,0.24938474159146842,0.24364232977850697,0.2608695652173913
1220,300,304,297,319,0.2459016393442623,0.24918032786885247,0.24344262295081967,0.2614754098360656
1221,300,304,298,319,0.2457002457002457,0.24897624897624898,0.24406224406224405,0.26126126126126126
1222,301,304,298,319,0.24631751227495907,0.24877250409165302,0.24386252045826515,0.26104746317512273
1223,302,304,298,319,0.24693376941946035,0.24856909239574815,0.2436631234668847,0.2608340147179068
1224,302,304,299,319,0.24673202614379086,0.24836601307189543,0.24428104575163398,0.26062091503267976
1225,303,304,299,319,0.2473469387755102,0.24816326530612245,0.24408163265306124,0.26040816326530614
1226,303,304,299,320,0.24714518760195758,0.24796084828711257,0.24388254486133767,0.26101141924959215
1227,303,304,299,321,0.2469437652811736,0.24775876120619397,0.2436837815810921,0.2616136919315403
1228,303,304,300,321,0.24674267100977199,0.247557003257329,0.24429967426710097,0.26140065146579805
1229,303,304,300,322,0.24654190398698128,0.24735557363710334,0.24410089503661514,0.26200162733930027
1230,303,304,300,323,0.24634146341463414,0.24715447154471545,0.24390243902439024,0.26260162601626014
1231,303,305,300,323,0.24614134849715677,0.24776604386677498,0.2437043054427295,0.26238830219333875
1232,303,305,300,324,0.24594155844155843,0.24756493506493507,0.2435064935064935,0.262987012987013
1233,304,305,300,324,0.24655312246553124,0.24736415247364152,0.24330900243309003,0.26277372262773724
1234,304,305,300,325,0.24635332252836303,0.24716369529983792,0.24311183144246354,0.2633711507293355
1235,304,305,300,326,0.24615384615384617,0.24696356275303644,0.242914979757085,0.2639676113360324
1236,304,305,301,326,0.2459546925566343,0.24676375404530745,0.24352750809061488,0.26375404530744334
1237,304,305,302,326,0.24575586095392077,0.2465642683912692,0.24413904607922393,0.2635408245755861
1238,305,305,302,326,0.24636510500807754,0.24636510500807754,0.24394184168012925,0.2633279483037157
1239,305,306,302,326,0.24616626311541565,0.2469733656174334,0.24374495560936238,0.26311541565778856
1240,306,306,302,326,0.2467741935483871,0.2467741935483871,0.2435483870967742,0.2629032258064516
1241,307,306,302,326,0.24738114423851731,0.2465753424657534,0.24335213537469783,0.2626913779210314
1242,307,307,302,326,0.2471819645732689,0.2471819645732689,0.2431561996779388,0.26247987117552335
1243,307,307,303,326,0.24698310539018503,0.24698310539018503,0.24376508447304907,0.26226870474658087
1244,307,307,303,327,0.24678456591639872,0.24678456591639872,0.24356913183279744,0.2628617363344051
1245,307,307,303,328,0.2465863453815261,0.2465863453815261,0.2433734939759036,0.26345381526104417
1246,308,307,303,328,0.24719101123595505,0.2463884430176565,0.24317817014446227,0.26324237560192615
1247,308,308,303,328,0.24699278267842822,0.24699278267842822,0.2429831595829992,0.26303127506014434
1248,308,308,304,328,0.2467948717948718,0.2467948717948718,0.24358974358974358,0.26282051282051283
1249,309,308,304,328,0.24739791833466773,0.2465972778222578,0.2433947157726181,0.2626100880704564
1250,309,309,304,328,0.2472,0.2472,0.2432,0.2624
1251,309,309,304,329,0.24700239808153476,0.24700239808153476,0.24300559552358114,0.26298960831334933
1252,309,309,305,329,0.24680511182108625,0.24680511182108625,0.24361022364217252,0.26277955271565495
1253,309,309,305,330,0.24660814046288906,0.24660814046288906,0.24341580207501995,0.2633679169992019
1254,309,310,305,330,0.24641148325358853,0.24720893141945774,0.24322169059011164,0.2631578947368421
1255,310,310,305,330,0.24701195219123506,0.24701195219123506,0.24302788844621515,0.26294820717131473
1256,310,311,305,330,0.24681528662420382,0.24761146496815287,0.2428343949044586,0.2627388535031847
1257,310,311,306,330,0.2466189339697693,0.24741447891805887,0.24343675417661098,0.26252983293556087
1258,311,311,306,330,0.24721780604133545,0.24721780604133545,0.24324324324324326,0.26232114467408585
1259,311,311,306,331,0.24702144559173947,0.24702144559173947,0.24305003971405878,0.26290706910246225
1260,312,311,306,331,0.24761904761904763,0.24682539682539684,0.24285714285714285,0.2626984126984127
1261,312,311,306,332,0.24742268041237114,0.24662965900079303,0.24266455194290246,0.2632831086439334
1262,312,311,306,333,0.24722662440570523,0.24643423137876386,0.24247226624405704,0.26386687797147385
1263,312,311,306,334,0.24703087885985747,0.24623911322248615,0.24228028503562946,0.2644497228820269
1264,312,312,306,334,0.2468354430379747,0.2468354430379747,0.24208860759493672,0.26424050632911394
1265,312,312,306,335,0.2466403162055336,0.2466403162055336,0.24189723320158102,0.2648221343873518
1266,313,312,306,335,0.24723538704581358,0.24644549763033174,0.24170616113744076,0.2646129541864139
1267,313,312,306,336,0.24704025256511444,0.2462509865824783,0.24151539068666142,0.26519337016574585
1268,313,313,306,336,0.24684542586750788,0.24684542586750788,0.24132492113564669,0.26498422712933756
1269,313,313,307,336,0.2466509062253743,0.2466509062253743,0.24192277383766744,0.2647754137115839
1270,314,313,307,336,0.247244094488189,0.24645669291338582,0.24173228346456693,0.26456692913385826
1271,315,313,307,336,0.24783634933123525,0.24626278520849726,0.24154209284028325,0.26435877261998425
1272,315,313,307,337,0.24764150943396226,0.2460691823899371,0.24135220125786164,0.264937106918239
1273,315,313,308,337,0.2474469756480754,0.24587588373919875,0.24194815396700706,0.26472898664571876
1274,315,314,308,337,0.24725274725274726,0.24646781789638933,0.24175824175824176,0.2645211930926217
1275,316,314,308,337,0.24784313725490195,0.24627450980392157,0.2415686274509804,0.2643137254901961
1276,316,315,308,337,0.2476489028213166,0.2468652037617555,0.2413793103448276,0.26410658307210033
1277,317,315,308,337,0.24823805794831635,0.24667188723570868,0.24119028974158183,0.2638997650743931
1278,317,315,309,337,0.24804381846635368,0.24647887323943662,0.24178403755868544,0.26369327073552423
1279,318,315,309,337,0.24863174354964818,0.24628616106333073,0.24159499609069585,0.26348709929632524
1280,318,316,309,337,0.2484375,0.246875,0.24140625,0.26328125
1281,319,316,309,337,0.24902419984387197,0.2466822794691647,0.24121779859484777,0.26307572209211555
1282,320,316,309,337,0.24960998439937598,0.24648985959438377,0.24102964118564743,0.2628705148205928
1283,320,316,310,337,0.24941543257989088,0.24629773967264224,0.24162120031176929,0.2626656274356976
1284,320,316,310,338,0.24922118380062305,0.24610591900311526,0.24143302180685358,0.2632398753894081
1285,320,317,310,338,0.2490272373540856,0.24669260700389106,0.24124513618677043,0.2630350194552529
1286,320,317,311,338,0.24883359253499224,0.24650077760497668,0.24183514774494558,0.26283048211508553
1287,320,317,312,338,0.24864024864024864,0.2463092463092463,0.24242424242424243,0.26262626262626265
1288,320,317,313,338,0.2484472049689441,0.24611801242236025,0.24301242236024845,0.26242236024844723
1289,320,317,313,339,0.2482544608223429,0.24592707525213345,0.24282389449185415,0.2629945694336695
1290,321,317,313,339,0.24883720930232558,0.24573643410852714,0.24263565891472869,0.2627906976744186
1291,322,317,313,339,0.24941905499612704,0.24554608830364058,0.24244771494965142,0.26258714175058095
1292,322,317,313,340,0.24922600619195046,0.2453560371517028,0.24226006191950464,0.2631578947368421
1293,322,317,313,341,0.24903325599381285,0.2451662799690642,0.24207269914926527,0.2637277648878577
1294,322,318,313,341,0.24884080370942813,0.24574961360123648,0.24188562596599691,0.2635239567233385
1295,323,318,313,341,0.2494208494208494,0.24555984555984556,0.2416988416988417,0.2633204633204633
1296,324,318,313,341,0.25,0.24537037037037038,0.24151234567901234,0.2631172839506173
1297,324,319,313,341,0.24980724749421743,0.2459521973785659,0.2413261372397841,0.2629144178874325
1298,324,320,313,341,0.24961479198767333,0.2465331278890601,0.24114021571648692,0.2627118644067797
1299,324,320,314,341,0.24942263279445728,0.24634334103156275,0.24172440338722093,0.26250962278675904
1300,324,320,314,342,0.24923076923076923,0.24615384615384617,0.24153846153846154,0.2630769230769231
1301,324,320,314,343,0.2490392006149116,0.24596464258262873,0.24135280553420446,0.26364335126825517
1302,324,321,314,343,0.2488479262672811,0.2465437788018433,0.2411674347158218,0.26344086021505375
1303,324,321,315,343,0.24865694551036072,0.24635456638526476,0.2417498081350729,0.2632386799693016
1304,324,321,315,344,0.24846625766871167,0.24616564417177914,0.2415644171779141,0.26380368098159507
1305,324,322,315,344,0.2482758620689655,0.2467432950191571,0.2413793103448276,0.2636015325670498
1306,324,322,316,344,0.24808575803981622,0.24655436447166923,0.24196018376722817,0.26339969372128635
1307,324,322,316,345,0.24789594491201225,0.24636572302983933,0.24177505738332059,0.26396327467482783
1308,324,322,316,346,0.24770642201834864,0.24617737003058104,0.2415902140672783,0.26452599388379205
1309,324,323,316,346,0.2475171886936593,0.24675324675324675,0.24140565317035906,0.2643239113827349
1310,324,323,317,346,0.24732824427480915,0.24656488549618322,0.24198473282442748,0.2641221374045801
1311,324,323,317,347,0.2471395881006865,0.2463768115942029,0.2418001525553013,0.2646834477498093
1312,325,323,317,347,0.24771341463414634,0.2461890243902439,0.24161585365853658,0.26448170731707316
1313,325,323,317,348,0.24752475247524752,0.246001523229246,0.24143183549124142,0.26504188880426505
1314,326,323,317,348,0.2480974124809741,0.24581430745814306,0.24124809741248096,0.2648401826484018
1315,326,324,317,348,0.2479087452471483,0.24638783269961978,0.24106463878326997,0.264638783269962
1316,326,324,317,349,0.24772036474164133,0.24620060790273557,0.24088145896656535,0.2651975683890577
1317,326,325,317,349,0.24753227031131358,0.24677296886864086,0.24069855732725892,0.26499620349278663
1318,327,325,317,349,0.248103186646434,0.2465857359635812,0.24051593323216997,0.26479514415781485
1319,328,325,317,349,0.2486732373009856,0.24639878695981804,0.2403335860500379,0.26459438968915844
1320,328,325,317,350,0.24848484848484848,0.24621212121212122,0.24015151515151514,0.26515151515151514
1321,328,326,317,350,0.24829674489023468,0.24678274034822104,0.23996971990915972,0.26495079485238454
1322,328,327,317,350,0.2481089258698941,0.24735249621785174,0.23978819969742815,0.264750378214826
1323,329,327,317,350,0.24867724867724866,0.2471655328798186,0.23960695389266817,0.26455026455026454
1324,329,327,318,350,0.24848942598187312,0.24697885196374622,0.24018126888217523,0.26435045317220546
1325,329,327,318,351,0.24830188679245283,0.2467924528301887,0.24,0.26490566037735847
1326,329,328,318,351,0.24811463046757165,0.2473604826546003,0.2398190045248869,0.2647058823529412
1327,329,328,318,352,0.2479276563677468,0.24717407686510928,0.23963828183873398,0.26525998492840996
1328,330,328,318,352,0.24849397590361447,0.2469879518072289,0.2394578313253012,0.26506024096385544
1329,330,329,318,352,0.24830699774266365,0.24755455229495862,0.23927765237020315,0.26486079759217457
1330,331,329,318,352,0.24887218045112783,0.24736842105263157,0.23909774436090225,0.2646616541353383
1331,332,329,318,352,0.2494365138993238,0.24718256949661907,0.23891810668670171,0.2644628099173554
1332,332,329,318,353,0.24924924924924924,0.246996996996997,0.23873873873873874,0.265015015015015
1333,333,329,318,353,0.24981245311327832,0.24681170292573143,0.2385596399099775,0.26481620405101275
1334,334,329,318,353,0.25037481259370314,0.24662668665667167,0.2383808095952024,0.2646176911544228
1335,335,329,318,353,0.250936329588015,0.24644194756554308,0.23820224719101124,0.2644194756554307
1336,335,329,319,353,0.25074850299401197,0.24625748502994013,0.23877245508982037,0.26422155688622756
1337,335,330,319,353,0.2505609573672401,0.24682124158563948,0.23859386686611816,0.26402393418100223
1338,335,331,319,353,0.25037369207772797,0.24738415545590434,0.2384155455904335,0.26382660687593423
1339,335,331,320,353,0.2501867064973861,0.24719940253920836,0.23898431665421957,0.26362957430918593
1340,336,331,320,353,0.2507462686567164,0.24701492537313433,0.23880597014925373,0.26343283582089555
1341,336,331,321,353,0.2505592841163311,0.24683072334079045,0.23937360178970918,0.2632363907531693
1342,336,331,322,353,0.2503725782414307,0.2466467958271237,0.2399403874813711,0.2630402384500745
1343,336,332,322,353,0.2501861504095309,0.24720774385703648,0.23976172747580043,0.2628443782576322
1344,336,332,323,353,0.25,0.24702380952380953,0.24032738095238096,0.26264880952380953
1345,336,332,324,353,0.24981412639405204,0.24684014869888476,0.2408921933085502,0.26245353159851303
1346,336,332,325,353,0.24962852897473997,0.24665676077265974,0.24145616641901932,0.262258543833581
1347,336,332,325,354,0.24944320712694878,0.24647364513734224,0.2412769116555308,0.26280623608017817
1348,336,333,325,354,0.24925816023738873,0.2470326409495549,0.2410979228486647,0.2626112759643917
1349,337,333,325,354,0.24981467753891773,0.2468495181616012,0.24091919940696813,0.26241660489251295
1350,337,333,325,355,0.24962962962962962,0.24666666666666667,0.24074074074074073,0.26296296296296295
1351,337,333,325,356,0.24944485566247224,0.2464840858623242,0.24056254626202814,0.26350851221317545
1352,337,334,325,356,0.2492603550295858,0.2470414201183432,0.2403846153846154,0.26331360946745563
1353,337,335,325,356,0.24907612712490762,0.24759793052475979,0.2402069475240207,0.2631189948263119
1354,337,336,325,356,0.24889217134416544,0.2481536189069424,0.24002954209748892,0.26292466765140327
1355,337,336,326,356,0.24870848708487084,0.24797047970479705,0.24059040590405903,0.26273062730627306
1356,337,336,327,356,0.2485250737463127,0.24778761061946902,0.2411504424778761,0.26253687315634217
1357,337,336,328,356,0.2483419307295505,0.24760501105379515,0.2417096536477524,0.262343404568902
1358,337,336,329,356,0.24815905743740796,0.24742268041237114,0.2422680412371134,0.2621502209131075
1359,337,336,330,356,0.24797645327446652,0.24724061810154527,0.24282560706401765,0.2619573215599706
1360,338,336,330,356,0.2485294117647059,0.24705882352941178,0.2426470588235294,0.26176470588235295
1361,338,337,330,356,0.24834680382072005,0.2476120499632623,0.24246877296105804,0.2615723732549596
1362,338,338,330,356,0.24816446402349487,0.24816446402349487,0.2422907488986784,0.26138032305433184
1363,338,338,331,356,0.247982391782832,0.247982391782832,0.24284666177549524,0.2611885546588408
1364,338,338,331,357,0.24780058651026393,0.24780058651026393,0.24266862170087977,0.26173020527859236
1365,338,338,331,358,0.24761904761904763,0.24761904761904763,0.2424908424908425,0.2622710622710623
1366,338,339,331,358,0.24743777452415813,0.24816983894582723,0.24231332357247437,0.26207906295754024
1367,338,340,331,358,0.24725676664228238,0.24871982443306512,0.2421360643745428,0.2618873445501097
1368,339,340,331,358,0.24780701754385964,0.24853801169590642,0.24195906432748537,0.26169590643274854
1369,340,340,331,358,0.2483564645726808,0.2483564645726808,0.24178232286340395,0.26150474799123447
1370,340,340,331,359,0.24817518248175183,0.24817518248175183,0.2416058394160584,0.26204379562043795
1371,340,340,332,359,0.24799416484318015,0.24799416484318015,0.24215900802334062,0.2618526622902991
1372,340,340,333,359,0.2478134110787172,0.2478134110787172,0.24271137026239067,0.26166180758017493
1373,340,341,333,359,0.24763292061179898,0.24836125273124546,0.2425345957756737,0.2614712308812819
1374,341,341,333,359,0.24818049490538574,0.24818049490538574,0.2423580786026201,0.2612809315866084
1375,341,341,334,359,0.248,0.248,0.2429090909090909,0.2610909090909091
1376,341,341,334,360,0.24781976744186046,0.24781976744186046,0.24273255813953487,0.2616279069767442
1377,341,341,334,361,0.2476397966594045,0.2476397966594045,0.24255628177196806,0.262164124909223
1378,342,341,334,361,0.24818577648766327,0.2474600870827286,0.24238026124818576,0.26197387518142234
1379,342,341,335,361,0.2480058013052937,0.2472806381435823,0.242929659173314,0.26178390137781
1380,343,341,335,361,0.24855072463768116,0.24710144927536232,0.2427536231884058,0.26159420289855073
1381,343,341,335,362,0.24837074583635046,0.24692251991310643,0.24257784214337436,0.2621288921071687
1382,343,341,335,363,0.24819102749638206,0.2467438494934877,0.24240231548480462,0.2626628075253256
1383,343,341,336,363,0.2480115690527838,0.24656543745480838,0.24295010845986983,0.26247288503253796
1384,344,341,336,363,0.24855491329479767,0.24638728323699421,0.24277456647398843,0.2622832369942196
1385,344,341,336,364,0.2483754512635379,0.24620938628158845,0.24259927797833936,0.2628158844765343
1386,344,342,336,364,0.2481962481962482,0.24675324675324675,0.24242424242424243,0.26262626262626265
1387,345,342,336,364,0.2487382840663302,0.2465753424657534,0.24224945926459984,0.2624369142033165
1388,345,343,336,364,0.24855907780979827,0.24711815561959655,0.2420749279538905,0.2622478386167147
1389,345,343,336,365,0.24838012958963282,0.24694024478041757,0.24190064794816415,0.26277897768178543
1390,345,343,337,365,0.24820143884892087,0.24676258992805755,0.24244604316546764,0.26258992805755393
1391,345,344,337,365,0.24802300503235084,0.24730409777138748,0.24227174694464415,0.26240115025161753
1392,345,344,338,365,0.2478448275862069,0.2471264367816092,0.24281609195402298,0.26221264367816094
1393,346,344,338,365,0.24838478104809764,0.24694903086862885,0.24264178033022255,0.26202440775305097
1394,346,344,338,366,0.24820659971305595,0.2467718794835007,0.242467718794835,0.26255380200860834
1395,347,344,338,366,0.24874551971326164,0.24659498207885305,0.24229390681003585,0.2623655913978495
1396,347,344,338,367,0.248567335243553,0.24641833810888253,0.24212034383954154,0.2628939828080229
1397,347,344,339,367,0.24838940586972083,0.2462419470293486,0.24266284896206156,0.262705798138869
1398,347,344,339,368,0.24821173104434907,0.24606580829756797,0.24248927038626608,0.2632331902718169
1399,348,344,339,368,0.24874910650464618,0.24588992137240887,0.24231593995711223,0.26304503216583275
1400,348,345,339,368,0.24857142857142858,0.24642857142857144,0.24214285714285713,0.26285714285714284
1401,348,345,340,368,0.24839400428265523,0.2462526766595289,0.2426837972876517,0.26266952177016417
1402,349,345,340,368,0.24893009985734665,0.24607703281027105,0.24251069900142652,0.2624821683309558
1403,349,345,340,369,0.24875267284390593,0.2459016393442623,0.24233784746970777,0.26300784034212404
1404,350,345,340,369,0.2492877492877493,0.24572649572649571,0.24216524216524216,0.26282051282051283
1405,350,346,340,369,0.2491103202846975,0.24626334519572954,0.24199288256227758,0.26263345195729537
1406,350,346,341,369,0.24893314366998578,0.2460881934566145,0.24253200568990044,0.2624466571834993
1407,350,346,342,369,0.24875621890547264,0.2459132906894101,0.24307036247334754,0.2622601279317697
1408,350,346,342,370,0.24857954545454544,0.24573863636363635,0.24289772727272727,0.2627840909090909
1409,350,347,342,370,0.248403122782115,0.24627395315826828,0.2427253371185238,0.262597586941093
1410,350,348,342,370,0.24822695035460993,0.24680851063829787,0.2425531914893617,0.2624113475177305
1411,351,348,342,370,0.24875974486180014,0.24663359319631467,0.24238128986534374,0.26222537207654145
1412,351,348,342,371,0.24858356940509915,0.24645892351274787,0.24220963172804533,0.26274787535410765
1413,351,348,342,372,0.2484076433121019,0.24628450106157113,0.24203821656050956,0.2632696390658174
1414,351,348,342,373,0.24823196605374823,0.24611032531824611,0.24186704384724186,0.2637906647807638
1415,352,348,342,373,0.24876325088339224,0.24593639575971732,0.24169611307420494,0.26360424028268553
1416,352,349,342,373,0.24858757062146894,0.2464689265536723,0.24152542372881355,0.2634180790960452
1417,352,350,342,373,0.24841213832039521,0.24700070571630206,0.24135497529992944,0.26323218066337334
1418,352,351,342,373,0.24823695345557123,0.24753173483779972,0.24118476727785615,0.2630465444287729
1419,352,351,343,373,0.24806201550387597,0.24735729386892177,0.24171952078928824,0.262861169837914
1420,352,351,343,374,0.24788732394366197,0.2471830985915493,0.2415492957746479,0.2633802816901408
1421,352,352,343,374,0.24771287825475016,0.24771287825475016,0.2413793103448276,0.26319493314567205
1422,352,352,343,375,0.24753867791842477,0.24753867791842477,0.24120956399437413,0.26371308016877637
1423,352,352,343,376,0.24736472241742796,0.24736472241742796,0.2410400562192551,0.26423049894588896
1424,352,352,344,376,0.24719101123595505,0.24719101123595505,0.24157303370786518,0.2640449438202247
1425,353,352,344,376,0.24771929824561403,0.24701754385964914,0.24140350877192981,0.263859649122807
1426,353,352,345,376,0.24754558204768584,0.24684431977559607,0.24193548387096775,0.26367461430575034
1427,354,352,345,376,0.24807288016818502,0.24667133847231956,0.24176594253679046,0.263489838822705
1428,354,353,345,376,0.24789915966386555,0.24719887955182074,0.2415966386554622,0.26330532212885155
1429,355,353,345,376,0.24842547235829252,0.2470258922323303,0.24142757172848145,0.2631210636808957
1430,355,354,345,376,0.24825174825174826,0.24755244755244754,0.24125874125874125,0.2629370629370629
1431,355,354,345,377,0.24807826694619148,0.24737945492662475,0.24109014675052412,0.2634521313766597
1432,355,355,345,377,0.2479050279329609,0.2479050279329609,0.2409217877094972,0.263268156424581
1433,355,356,345,377,0.2477320307048151,0.24842986741102582,0.24075366364270762,0.2630844382414515
1434,355,356,346,377,0.24755927475592748,0.2482566248256625,0.2412831241283124,0.2629009762900976
1435,355,356,347,377,0.24738675958188153,0.2480836236933798,0.24181184668989547,0.2627177700348432
1436,356,356,347,377,0.2479108635097493,0.2479108635097493,0.2416434540389972,0.26253481894150416
1437,356,356,347,378,0.2477383437717467,0.2477383437717467,0.24147529575504523,0.2630480167014614
1438,356,356,347,379,0.24756606397774686,0.24756606397774686,0.24130737134909597,0.2635605006954103
1439,356,357,347,379,0.2473940236275191,0.2480889506601807,0.24113968033356498,0.26337734537873525
1440,356,357,348,379,0.24722222222222223,0.24791666666666667,0.24166666666666667,0.26319444444444445
1441,356,358,348,379,0.24705065926439973,0.24843858431644691,0.24149895905621097,0.2630117973629424
1442,357,358,348,379,0.24757281553398058,0.24826629680998613,0.24133148404993066,0.26282940360610263
1443,357,359,348,379,0.24740124740124741,0.24878724878724878,0.24116424116424118,0.2626472626472626
1444,357,359,348,380,0.24722991689750692,0.24861495844875348,0.2409972299168975,0.2631578947368421
1445,357,359,348,381,0.24705882352941178,0.24844290657439447,0.24083044982698962,0.26366782006920414
1446,357,359,349,381,0.24688796680497926,0.24827109266943292,0.2413554633471646,0.26348547717842324
1447,358,359,349,381,0.24740843123704215,0.2480995162404976,0.24118866620594334,0.26330338631651695
1448,358,359,349,382,0.2472375690607735,0.2479281767955801,0.24102209944751382,0.2638121546961326
1449,358,359,349,383,0.24706694271911664,0.24775707384403037,0.24085576259489302,0.26432022084196
1450,359,359,349,383,0.24758620689655172,0.24758620689655172,0.24068965517241378,0.26413793103448274
1451,359,360,349,383,0.2474155754651964,0.24810475534114404,0.2405237767057202,0.2639558924879393
1452,359,360,349,384,0.24724517906336088,0.24793388429752067,0.2403581267217631,0.2644628099173554
1453,359,360,349,385,0.24707501720578115,0.2477632484514797,0.2401927047487956,0.2649690295939436
1454,359,361,349,385,0.2469050894085282,0.2482806052269601,0.24002751031636863,0.26478679504814306
1455,360,361,349,385,0.24742268041237114,0.24810996563573884,0.23986254295532647,0.2646048109965636
1456,360,362,349,385,0.24725274725274726,0.24862637362637363,0.2396978021978022,0.2644230769230769
1457,361,362,349,385,0.2477693891557996,0.2484557309540151,0.23953328757721346,0.26424159231297184
1458,361,362,349,386,0.247599451303155,0.24828532235939643,0.2393689986282579,0.26474622770919065
1459,361,363,349,386,0.24742974640164497,0.24880054832076764,0.23920493488690883,0.26456477039067855
1460,361,363,350,386,0.24726027397260275,0.24863013698630138,0.23972602739726026,0.26438356164383564
1461,361,363,351,386,0.24709103353867215,0.24845995893223818,0.2402464065708419,0.26420260095824777
1462,361,364,351,386,0.246922024623803,0.24897400820793433,0.24008207934336526,0.2640218878248974
1463,361,364,352,386,0.24675324675324675,0.24880382775119617,0.24060150375939848,0.2638414217361586
1464,361,364,352,387,0.2465846994535519,0.24863387978142076,0.24043715846994534,0.26434426229508196
1465,362,364,352,387,0.24709897610921502,0.2484641638225256,0.2402730375426621,0.2641638225255973
1466,362,364,353,387,0.24693042291950887,0.24829467939972716,0.2407912687585266,0.26398362892223737
1467,362,365,353,387,0.24676209952283573,0.24880708929788684,0.24062713019768234,0.26380368098159507
1468,363,365,353,387,0.247275204359673,0.24863760217983652,0.24046321525885558,0.26362397820163486
1469,364,365,353,387,0.24778761061946902,0.24846834581347857,0.24029952348536418,0.2634445200816882
1470,364,365,354,387,0.24761904761904763,0.24829931972789115,0.24081632653061225,0.26326530612244897
1471,364,365,355,387,0.24745071380013597,0.24813052345343303,0.24133242692046228,0.26308633582596874
1472,365,365,355,387,0.24796195652173914,0.24796195652173914,0.24116847826086957,0.26290760869565216
1473,366,365,355,387,0.2484725050916497,0.24779361846571624,0.24100475220638154,0.26272912423625255
1474,366,366,355,387,0.24830393487109906,0.24830393487109906,0.24084124830393486,0.26255088195386705
1475,366,366,355,388,0.24813559322033898,0.24813559322033898,0.24067796610169492,0.26305084745762713
1476,366,367,355,388,0.24796747967479674,0.2486449864498645,0.2405149051490515,0.26287262872628725
1477,366,367,355,389,0.24779959377115776,0.24847664184157076,0.24035206499661477,0.26337169939065674
1478,366,367,355,390,0.2476319350473613,0.2483085250338295,0.2401894451962111,0.2638700947225981
1479,366,367,355,391,0.24746450304259635,0.24814063556457067,0.24002704530087898,0.26436781609195403
1480,366,368,355,391,0.2472972972972973,0.24864864864864866,0.23986486486486486,0.2641891891891892
1481,367,368,355,391,0.24780553679945982,0.24848075624577987,0.23970290344361916,0.26401080351114115
1482,367,369,355,391,0.247638326585695,0.24898785425101214,0.23954116059379219,0.26383265856950067
1483,368,369,355,391,0.24814565070802427,0.24881995954147,0.23937963587322994,0.26365475387727577
1484,368,369,355,392,0.24797843665768193,0.2486522911051213,0.23921832884097036,0.2641509433962264
1485,368,370,355,392,0.24781144781144782,0.24915824915824916,0.23905723905723905,0.26397306397306397
1486,369,370,355,392,0.24831763122476447,0.2489905787348587,0.2388963660834455,0.26379542395693134
1487,369,370,355,393,0.24815063887020847,0.2488231338264963,0.23873570948217887,0.26429051782111634
1488,369,370,355,394,0.24798387096774194,0.24865591397849462,0.2385752688172043,0.2647849462365591
1489,370,370,355,394,0.24848891873740767,0.24848891873740767,0.2384150436534587,0.264607118871726
1490,370,370,355,395,0.2483221476510067,0.2483221476510067,0.23825503355704697,0.2651006711409396
1491,370,370,356,395,0.24815560026827632,0.24815560026827632,0.23876592890677398,0.26492287055667335
1492,370,370,357,395,0.2479892761394102,0.2479892761394102,0.23927613941018766,0.26474530831099197
1493,370,370,358,395,0.2478231748158071,0.2478231748158071,0.23978566644340255,0.26456798392498326
1494,370,371,358,395,0.24765729585006693,0.24832663989290496,0.23962516733601072,0.2643908969210174
1495,371,371,358,395,0.24816053511705685,0.24816053511705685,0.2394648829431438,0.26421404682274247
1496,371,372,358,395,0.2479946524064171,0.24866310160427807,0.2393048128342246,0.2640374331550802
1497,371,373,358,395,0.24782899131596525,0.24916499665998665,0.23914495657982632,0.2638610554442218
1498,372,373,358,395,0.24833110814419226,0.24899866488651534,0.2389853137516689,0.2636849132176235
1499,372,373,359,395,0.24816544362908605,0.24883255503669113,0.23949299533022014,0.2635090060040027
1500,372,373,359,396,0.248,0.24866666666666667,0.23933333333333334,0.264
1501,372,374,359,396,0.24783477681545638,0.2491672218520986,0.23917388407728182,0.26382411725516325
1502,372,375,359,396,0.24766977363515313,0.2496671105193076,0.23901464713715045,0.2636484687083888
1503,372,375,360,396,0.24750499001996007,0.249500998003992,0.23952095808383234,0.2634730538922156
1504,372,376,360,396,0.2473404255319149,0.25,0.2393617021276596,0.2632978723404255
1505,372,376,360,397,0.24717607973421926,0.24983388704318937,0.23920265780730898,0.2637873754152824
1506,372,376,360,398,0.24701195219123506,0.249667994687915,0.23904382470119523,0.2642762284196547
1507,372,376,361,398,0.2468480424684804,0.24950232249502322,0.23954877239548772,0.2641008626410086
1508,372,376,361,399,0.246684350132626,0.2493368700265252,0.23938992042440319,0.2645888594164456
1509,372,376,361,400,0.24652087475149106,0.2491716368455931,0.2392312789927104,0.26507620941020543
1510,372,376,362,400,0.24635761589403973,0.24900662251655628,0.23973509933774834,0.26490066225165565
1511,373,376,362,400,0.2468563864990073,0.24884182660489743,0.23957643944407678,0.26472534745201853
1512,374,376,362,400,0.24735449735449735,0.24867724867724866,0.23941798941798942,0.26455026455026454
1513,374,377,362,400,0.24719101123595505,0.24917382683410444,0.23925974884335757,0.26437541308658297
1514,374,377,362,401,0.24702774108322326,0.24900924702774108,0.23910171730515192,0.26486129458388374
1515,374,377,362,402,0.24686468646864687,0.24884488448844885,0.23894389438943894,0.26534653465346536
1516,374,377,362,403,0.24670184696569922,0.2486807387862797,0.23878627968337732,0.2658311345646438
1517,374,377,362,404,0.24653922214897825,0.24851680949241925,0.23862887277521425,0.2663150955833883
1518,375,377,362,404,0.24703557312252963,0.24835309617918314,0.23847167325428195,0.26613965744400525
1519,375,378,362,404,0.2468729427254773,0.2488479262672811,0.23831468071099407,0.26596445029624755
1520,376,378,362,404,0.24736842105263157,0.24868421052631579,0.2381578947368421,0.2657894736842105
1521,376,378,362,405,0.24720578566732412,0.2485207100591716,0.23800131492439186,0.26627218934911245
1522,376,378,362,406,0.24704336399474375,0.2483574244415243,0.2378449408672799,0.266754270696452
1523,376,378,363,406,0.2468811556139199,0.24819435325016415,0.23834537097833225,0.2665791201575837
1524,377,378,363,406,0.2473753280839895,0.24803149606299213,0.23818897637795275,0.2664041994750656
1525,377,378,363,407,0.24721311475409835,0.24786885245901638,0.2380327868852459,0.26688524590163937
1526,378,378,363,407,0.24770642201834864,0.24770642201834864,0.23787680209698558,0.2667103538663172
1527,378,379,363,407,0.2475442043222004,0.24819908316961362,0.23772102161100198,0.26653569089718404
1528,378,380,363,407,0.24738219895287958,0.2486910994764398,0.23756544502617802,0.2663612565445026
1529,378,381,363,407,0.2472204054937868,0.24918247220405493,0.23741007194244604,0.26618705035971224
1530,378,381,364,407,0.24705882352941178,0.24901960784313726,0.23790849673202613,0.26601307189542484
1531,379,381,364,407,0.24755062050947094,0.2488569562377531,0.23775310254735468,0.26583932070542127
1532,379,381,365,407,0.24738903394255873,0.24869451697127937,0.23825065274151436,0.26566579634464754
1533,379,381,365,408,0.24722765818656228,0.24853228962818003,0.23809523809523808,0.26614481409001955
1534,379,381,366,408,0.2470664928292047,0.24837027379400262,0.23859191655801826,0.26597131681877445
1535,379,381,367,408,0.2469055374592834,0.24820846905537458,0.23908794788273616,0.26579804560260584
1536,379,381,367,409,0.24674479166666666,0.248046875,0.23893229166666666,0.2662760416666667
1537,379,381,368,409,0.24658425504229017,0.24788549121665582,0.23942745608327912,0.2661027976577749
1538,380,381,368,409,0.247074122236671,0.24772431729518857,0.23927178153446033,0.2659297789336801
1539,380,381,369,409,0.24691358024691357,0.2475633528265107,0.23976608187134502,0.26575698505523065
1540,380,382,369,409,0.24675324675324675,0.24805194805194805,0.2396103896103896,0.2655844155844156
1541,380,383,369,409,0.24659312134977288,0.24853990914990265,0.23945489941596365,0.2654120700843608
1542,380,384,369,409,0.24643320363164722,0.2490272373540856,0.23929961089494164,0.26523994811932555
1543,380,384,370,409,0.24627349319507452,0.24886584575502269,0.23979261179520414,0.2650680492546986
1544,380,384,371,409,0.24611398963730569,0.24870466321243523,0.24028497409326424,0.2648963730569948
1545,380,384,372,409,0.2459546925566343,0.24854368932038834,0.2407766990291262,0.26472491909385115
1546,380,385,372,409,0.24579560155239327,0.24902975420439843,0.240620957309185,0.2645536869340233
1547,381,385,372,409,0.24628312863606983,0.248868778280543,0.24046541693600518,0.26438267614738203
1548,382,385,372,409,0.2467700258397933,0.2487080103359173,0.24031007751937986,0.26421188630490955
1549,382,385,372,410,0.24661071659134925,0.2485474499677211,0.24015493867010976,0.26468689477081986
1550,383,385,372,410,0.2470967741935484,0.24838709677419354,0.24,0.2645161290322581
1551,383,385,372,411,0.24693745970341716,0.24822695035460993,0.23984526112185686,0.26499032882011603
1552,383,386,372,411,0.24677835051546393,0.24871134020618557,0.23969072164948454,0.264819587628866
1553,384,386,372,411,0.24726336123631681,0.24855119124275596,0.23953638119768192,0.2646490663232453
1554,384,386,372,412,0.2471042471042471,0.2483912483912484,0.23938223938223938,0.2651222651222651
1555,384,387,372,412,0.24694533762057877,0.24887459807073956,0.23922829581993568,0.26495176848874596
1556,385,387,372,412,0.2474293059125964,0.2487146529562982,0.2390745501285347,0.2647814910025707
1557,386,387,372,412,0.24791265253692998,0.24855491329479767,0.23892100192678228,0.26461143224149003
1558,386,387,373,412,0.24775353016688062,0.248395378690629,0.23940949935815148,0.2644415917843389
1559,386,388,373,412,0.24759461193072482,0.24887748556767159,0.23925593329057088,0.2642719692110327
1560,387,388,373,412,0.24807692307692308,0.24871794871794872,0.2391025641025641,0.2641025641025641
1561,387,389,373,412,0.24791800128122998,0.24919923126201154,0.23894939141575913,0.26393337604099937
1562,387,389,374,412,0.24775928297055058,0.24903969270166454,0.23943661971830985,0.26376440460947503
1563,387,389,374,413,0.2476007677543186,0.24888035828534869,0.23928342930262317,0.26423544465770954
1564,387,389,374,414,0.24744245524296676,0.24872122762148338,0.2391304347826087,0.2647058823529412
1565,388,389,374,414,0.24792332268370607,0.2485623003194888,0.2389776357827476,0.2645367412140575
1566,388,390,374,414,0.24776500638569604,0.24904214559386972,0.2388250319284802,0.26436781609195403
1567,388,390,374,415,0.24760689215060624,0.2488832163369496,0.23867262284620294,0.26483726866624124
1568,388,391,374,415,0.24744897959183673,0.2493622448979592,0.2385204081632653,0.26466836734693877
1569,389,391,374,415,0.24792861695347354,0.24920331421287445,0.23836838750796685,0.26449968132568513
1570,389,392,374,415,0.24777070063694268,0.24968152866242038,0.23821656050955414,0.2643312101910828
1571,389,393,374,415,0.24761298535964354,0.2501591343093571,0.2380649267982177,0.2641629535327817
1572,390,393,374,415,0.2480916030534351,0.25,0.23791348600508905,0.2639949109414758
1573,390,394,374,415,0.24793388429752067,0.25047679593134137,0.23776223776223776,0.2638270820089002
1574,390,394,375,415,0.24777636594663277,0.2503176620076239,0.23824650571791614,0.2636594663278272
1575,390,394,376,415,0.24761904761904763,0.25015873015873014,0.23873015873015874,0.2634920634920635
1576,390,394,376,416,0.24746192893401014,0.25,0.23857868020304568,0.2639593908629442
1577,390,394,376,417,0.24730500951173112,0.24984147114774888,0.238427393785669,0.264426125554851
1578,390,394,376,418,0.24714828897338403,0.24968314321926488,0.23827629911280102,0.26489226869455007
1579,391,394,376,418,0.24762507916402787,0.24952501583280556,0.23812539582013934,0.26472450918302726
1580,391,394,377,418,0.24746835443037973,0.24936708860759493,0.23860759493670886,0.2645569620253165
1581,392,394,377,418,0.24794433902593296,0.24920936116382036,0.23845667299177736,0.26438962681846934
1582,392,394,377,419,0.24778761061946902,0.24905183312262957,0.23830594184576487,0.26485461441213654
1583,393,394,377,419,0.24826279216677194,0.2488945041061276,0.2381554011370815,0.26468730259001894
1584,393,394,377,420,0.2481060606060606,0.24873737373737373,0.2380050505050505,0.26515151515151514
1585,394,394,377,420,0.24858044164037854,0.24858044164037854,0.23785488958990536,0.26498422712933756
1586,394,394,378,420,0.2484237074401009,0.2484237074401009,0.23833543505674654,0.2648171500630517
1587,394,394,378,421,0.24826717076244487,0.24826717076244487,0.2381852551984877,0.26528040327662256
1588,394,394,378,422,0.24811083123425692,0.24811083123425692,0.2380352644836272,0.26574307304785894
1589,395,394,378,422,0.2485840151038389,0.24795468848332283,0.23788546255506607,0.26557583385777217
1590,395,394,378,423,0.24842767295597484,0.24779874213836478,0.23773584905660378,0.2660377358490566
1591,396,394,378,423,0.24890006285355123,0.24764299182903834,0.23758642363293525,0.26587052168447517
1592,397,394,378,423,0.24937185929648242,0.24748743718592964,0.23743718592964824,0.2657035175879397
1593,397,395,378,423,0.24921531701192717,0.24795982423101068,0.23728813559322035,0.2655367231638418
1594,397,395,379,423,0.2490589711417817,0.24780426599749059,0.23776662484316186,0.26537013801756587
1595,397,395,380,423,0.24890282131661443,0.2476489028213166,0.23824451410658307,0.2652037617554859
1596,398,395,380,423,0.24937343358395989,0.2474937343358396,0.23809523809523808,0.2650375939849624
1597,398,395,381,423,0.24921728240450847,0.24733876017532874,0.2385723231058234,0.2648716343143394
1598,398,396,381,423,0.2490613266583229,0.24780976220275344,0.23842302878598248,0.2647058823529412
1599,399,396,381,423,0.24953095684803,0.24765478424015008,0.23827392120075047,0.26454033771106944
1600,399,396,381,424,0.249375,0.2475,0.238125,0.265
1601,399,397,381,424,0.24921923797626483,0.24797001873828858,0.23797626483447845,0.26483447845096814
1602,399,398,381,424,0.24906367041198502,0.2484394506866417,0.23782771535580524,0.264669163545568
1603,399,398,382,424,0.24890829694323144,0.24828446662507797,0.23830318153462257,0.264504054897068
1604,399,398,383,424,0.24875311720698254,0.24812967581047382,0.2387780548628429,0.26433915211970077
1605,399,398,383,425,0.2485981308411215,0.24797507788161993,0.23862928348909657,0.26479750778816197
1606,399,398,383,426,0.24844333748443337,0.24782067247820672,0.23848069738480698,0.26525529265255293
1607,399,398,383,427,0.24828873677660238,0.2476664592408214,0.23833229620410704,0.2657125077784692
1608,400,398,383,427,0.24875621890547264,0.24751243781094528,0.23818407960199006,0.26554726368159204
1609,401,398,383,427,0.24922311995027968,0.2473586078309509,0.23803604723430702,0.2653822249844624
1610,402,398,383,427,0.2496894409937888,0.24720496894409938,0.23788819875776399,0.26521739130434785
1611,402,398,384,427,0.24953445065176907,0.24705152079453754,0.2383612662942272,0.26505276225946617
1612,402,399,384,427,0.24937965260545905,0.24751861042183623,0.23821339950372208,0.2648883374689826
1613,403,399,384,427,0.24984500929944203,0.24736515809051457,0.23806571605703658,0.2647241165530068
1614,403,399,384,428,0.2496902106567534,0.24721189591078066,0.2379182156133829,0.265179677819083
1615,403,400,384,428,0.24953560371517028,0.2476780185758514,0.23777089783281732,0.265015479876161
1616,404,400,384,428,0.25,0.24752475247524752,0.2376237623762376,0.26485148514851486
1617,404,400,384,429,0.24984539270253556,0.24737167594310452,0.23747680890538034,0.2653061224489796
1618,404,401,384,429,0.24969097651421507,0.24783683559950556,0.2373300370828183,0.26514215080346104
1619,404,401,384,430,0.24953675108091414,0.24768375540457072,0.237183446571958,0.2655960469425571
1620,404,401,385,430,0.24938271604938272,0.24753086419753087,0.23765432098765432,0.2654320987654321
1621,404,401,385,431,0.24922887106724245,0.2473781616286243,0.23750771128932757,0.26588525601480567
1622,404,401,386,431,0.24907521578298397,0.24722564734895192,0.2379778051787916,0.2657213316892725
1623,404,401,386,432,0.24892174984596427,0.24707332101047444,0.23783117683302527,0.266173752310536
1624,405,401,386,432,0.24938423645320196,0.24692118226600984,0.2376847290640394,0.2660098522167488
1625,405,401,387,432,0.24923076923076923,0.24676923076923077,0.23815384615384616,0.26584615384615384
1626,406,401,387,432,0.24969249692496925,0.24661746617466174,0.23800738007380073,0.2656826568265683
1627,406,401,388,432,0.24953902888752305,0.2464658881376767,0.23847572218807622,0.26551936078672406
1628,406,401,388,433,0.2493857493857494,0.2463144963144963,0.23832923832923833,0.26597051597051596
1629,407,401,388,433,0.24984653161448742,0.2461632903621854,0.238182934315531,0.2658072437077962
1630,407,401,388,434,0.24969325153374233,0.2460122699386503,0.23803680981595093,0.26625766871165646
1631,407,402,388,434,0.24954015941140403,0.24647455548743102,0.23789086450030655,0.26609442060085836
1632,407,402,389,434,0.2493872549019608,0.24632352941176472,0.23835784313725492,0.2659313725490196
1633,407,402,390,434,0.2492345376607471,0.24617268830373545,0.23882424984690753,0.2657685241886099
1634,407,402,390,435,0.24908200734394126,0.2460220318237454,0.2386780905752754,0.26621787025703797
1635,407,403,390,435,0.2489296636085627,0.24648318042813455,0.23853211009174313,0.26605504587155965
1636,407,404,390,435,0.24877750611246943,0.2469437652811736,0.23838630806845965,0.2658924205378973
1637,407,405,390,435,0.24862553451435554,0.24740378741600488,0.23824068417837507,0.2657299938912645
1638,407,406,390,435,0.24847374847374848,0.24786324786324787,0.23809523809523808,0.26556776556776557
1639,407,407,390,435,0.2483221476510067,0.2483221476510067,0.23794996949359365,0.2654057352043929
1640,408,407,390,435,0.24878048780487805,0.24817073170731707,0.23780487804878048,0.2652439024390244
1641,408,407,391,435,0.24862888482632542,0.24801950030469225,0.23826934795856186,0.26508226691042047
1642,408,407,391,436,0.24847746650426308,0.24786845310596833,0.23812423873325214,0.26552984165651644
1643,408,408,391,436,0.2483262325015216,0.2483262325015216,0.23797930614729154,0.26536822884966527
1644,408,408,391,437,0.24817518248175183,0.24817518248175183,0.23783454987834549,0.26581508515815083
1645,408,408,391,438,0.2480243161094225,0.2480243161094225,0.23768996960486322,0.2662613981762918
1646,408,408,392,438,0.24787363304981774,0.24787363304981774,0.23815309842041313,0.2660996354799514
1647,408,409,392,438,0.24772313296903462,0.24833029751062538,0.23800850030358228,0.2659380692167577
1648,409,409,392,438,0.24817961165048544,0.24817961165048544,0.23786407766990292,0.2657766990291262
1649,409,409,392,439,0.24802910855063676,0.24802910855063676,0.23771983020012127,0.2662219526986052
1650,409,410,392,439,0.24787878787878787,0.24848484848484848,0.23757575757575758,0.26606060606060605
1651,409,410,392,440,0.24772864930345245,0.2483343428225318,0.23743185947910359,0.2665051483949122
1652,410,410,392,440,0.24818401937046006,0.24818401937046006,0.23728813559322035,0.26634382566585957
1653,410,410,393,440,0.24803387779794314,0.24803387779794314,0.23774954627949182,0.2661826981246219
1654,410,410,393,441,0.2478839177750907,0.2478839177750907,0.23760580411124546,0.2666263603385732
1655,410,411,393,441,0.24773413897280966,0.24833836858006042,0.23746223564954683,0.2664652567975831
1656,410,411,394,441,0.24758454106280192,0.24818840579710144,0.23792270531400966,0.266304347826087
1657,410,411,395,441,0.24743512371756185,0.248038624019312,0.2383826191913096,0.26614363307181654
1658,410,411,395,442,0.24728588661037396,0.24788902291917975,0.2382388419782871,0.26658624849215923
1659,410,411,395,443,0.24713682941531043,0.24773960216998192,0.23809523809523808,0.26702833031946954
1660,410,412,395,443,0.2469879518072289,0.24819277108433735,0.23795180722891565,0.2668674698795181
1661,410,412,396,443,0.24683925346177002,0.24804334738109574,0.23841059602649006,0.2667068031306442
1662,411,412,396,443,0.24729241877256317,0.24789410348977137,0.23826714801444043,0.266546329723225
1663,412,412,396,443,0.2477450390859892,0.2477450390859892,0.238123872519543,0.26638604930847865
1664,413,412,396,443,0.2481971153846154,0.24759615384615385,0.23798076923076922,0.26622596153846156
1665,413,412,396,444,0.24804804804804806,0.24744744744744746,0.23783783783783785,0.26666666666666666
1666,414,412,396,444,0.24849939975990396,0.24729891956782712,0.23769507803121248,0.2665066026410564
1667,414,412,397,444,0.2483503299340132,0.2471505698860228,0.23815236952609478,0.2663467306538692
1668,414,412,398,444,0.24820143884892087,0.24700239808153476,0.23860911270983212,0.26618705035971224
1669,414,412,398,445,0.24805272618334331,0.2468544038346315,0.23846614739364888,0.2666267225883763
1670,414,413,398,445,0.24790419161676647,0.2473053892215569,0.23832335329341317,0.26646706586826346
1671,415,413,398,445,0.2483542788749252,0.2471573907839617,0.2381807301017355,0.2663076002393776
1672,416,413,398,445,0.24880382775119617,0.24700956937799043,0.23803827751196172,0.2661483253588517
1673,417,413,398,445,0.2492528392109982,0.24686192468619247,0.23789599521817095,0.2659892408846384
1674,418,413,398,445,0.24970131421744324,0.24671445639187575,0.23775388291517324,0.26583034647550774
1675,419,413,398,445,0.2501492537313433,0.2465671641791045,0.23761194029850746,0.2656716417910448
1676,419,413,399,445,0.25,0.2464200477326969,0.23806682577565633,0.26551312649164677
1677,419,413,400,445,0.24985092426952893,0.24627310673822303,0.2385211687537269,0.26535480023852115
1678,419,414,400,445,0.2497020262216925,0.2467222884386174,0.23837902264600716,0.26519666269368297
1679,420,414,400,445,0.25014889815366287,0.2465753424657534,0.23823704586063132,0.26503871351995234
1680,420,414,400,446,0.25,0.24642857142857144,0.23809523809523808,0.2654761904761905
1681,420,415,400,446,0.2498512790005949,0.24687685901249257,0.2379535990481856,0.26531826293872696
1682,420,415,400,447,0.2497027348394768,0.24673008323424495,0.23781212841854935,0.2657550535077289
1683,420,415,401,447,0.24955436720142601,0.24658348187759951,0.23826500297088532,0.26559714795008915
1684,420,415,401,448,0.2494061757719715,0.24643705463182897,0.23812351543942992,0.2660332541567696
1685,421,415,401,448,0.24985163204747773,0.24629080118694363,0.23798219584569733,0.2658753709198813
1686,421,416,401,448,0.24970344009489917,0.24673784104389088,0.23784104389086597,0.265717674970344
1687,421,417,401,448,0.24955542382928275,0.24718435091879076,0.23770005927682275,0.26556016597510373
1688,421,417,401,449,0.24940758293838863,0.24703791469194314,0.23755924170616113,0.2659952606635071
1689,421,417,402,449,0.2492599171107164,0.2468916518650089,0.23801065719360567,0.26583777383066903
1690,421,418,402,449,0.24911242603550296,0.24733727810650888,0.2378698224852071,0.26568047337278106
1691,421,419,402,449,0.2489651094027203,0.24778237729154345,0.23772915434654052,0.26552335895919577
1692,422,419,402,449,0.24940898345153664,0.24763593380614657,0.2375886524822695,0.2653664302600473
1693,422,419,403,449,0.2492616656822209,0.2474896633195511,0.23803898405197874,0.26520968694624925
1694,422,420,403,449,0.24911452184179456,0.24793388429752067,0.23789846517119245,0.2650531286894923
1695,423,420,403,449,0.24955752212389382,0.24778761061946902,0.2377581120943953,0.26489675516224187
1696,423,421,403,449,0.24941037735849056,0.2482311320754717,0.23761792452830188,0.2647405660377358
1697,423,421,404,449,0.24926340601060695,0.24808485562757807,0.23806717737183264,0.26458456098998234
1698,423,421,404,450,0.24911660777385158,0.2479387514723204,0.23792697290930506,0.26501766784452296
1699,424,421,404,450,0.24955856386109476,0.2477928193054738,0.2377869334902884,0.26486168334314303
1700,425,421,404,450,0.25,0.24764705882352941,0.2376470588235294,0.2647058823529412
1701,425,421,404,451,0.2498530276308054,0.24750146972369194,0.23750734861845973,0.26513815402704294
1702,426,421,404,451,0.2502937720329025,0.24735605170387778,0.23736780258519388,0.26498237367802585
1703,426,421,404,452,0.2501467997651204,0.24721080446271285,0.2372284204345273,0.26541397533763944
1704,426,421,405,452,0.25,0.24706572769953053,0.23767605633802816,0.2652582159624413
1705,427,421,405,452,0.2504398826979472,0.2469208211143695,0.2375366568914956,0.26510263929618766
1706,427,421,406,452,0.2502930832356389,0.24677608440797186,0.23798358733880423,0.264947245017585
1707,428,421,406,452,0.2507322788517868,0.2466315172817809,0.23784417106033978,0.26479203280609254
1708,429,421,406,452,0.25117096018735363,0.2464871194379391,0.23770491803278687,0.2646370023419204
1709,429,421,406,453,0.2510239906377999,0.24634289057928613,0.23756582796957285,0.2650672908133411
1710,429,421,407,453,0.25087719298245614,0.24619883040935672,0.23801169590643276,0.2649122807017544
1711,429,421,407,454,0.25073056691992984,0.24605493863237873,0.23787258912916423,0.2653419053185272
1712,429,421,407,455,0.2505841121495327,0.24591121495327103,0.23773364485981308,0.2657710280373832
1713,429,422,407,455,0.2504378283712785,0.24635143023934616,0.237594862813777,0.2656158785755984
1714,429,422,407,456,0.25029171528588096,0.24620770128354727,0.23745624270711785,0.2660443407234539
1715,429,422,407,457,0.2501457725947522,0.24606413994169096,0.23731778425655978,0.2664723032069971
1716,429,423,407,457,0.25,0.2465034965034965,0.23717948717948717,0.2663170163170163
1717,430,423,407,457,0.250436808386721,0.24635993011065813,0.23704135119394293,0.2661619103086779
1718,430,423,407,458,0.25029103608847497,0.24621653084982537,0.23690337601862632,0.26658905704307334
1719,430,423,407,459,0.2501454333915067,0.24607329842931938,0.2367655613728912,0.2670157068062827
1720,431,423,407,459,0.2505813953488372,0.24593023255813953,0.23662790697674418,0.2668604651162791
1721,431,423,407,460,0.2504357931435212,0.24578733294596164,0.23649041255084252,0.2672864613596746
1722,432,423,407,460,0.2508710801393728,0.2456445993031359,0.23635307781649245,0.26713124274099886
1723,433,423,407,460,0.2513058618688334,0.24550203134068485,0.23621590249564714,0.2669762042948346
1724,433,424,407,460,0.2511600928074246,0.2459396751740139,0.23607888631090487,0.2668213457076566
1725,433,425,407,460,0.2510144927536232,0.2463768115942029,0.23594202898550726,0.26666666666666666
1726,433,426,407,460,0.2508690614136732,0.24681344148319814,0.2358053302433372,0.2665121668597914
1727,433,426,408,460,0.2507237984944991,0.246670526925304,0.2362478286045165,0.26635784597568035
1728,434,426,408,460,0.2511574074074074,0.2465277777777778,0.2361111111111111,0.2662037037037037
1729,434,426,408,461,0.25101214574898784,0.2463851937536148,0.23597455176402546,0.2666281087333719
1730,434,426,409,461,0.2508670520231214,0.24624277456647398,0.23641618497109826,0.26647398843930636
1731,435,426,409,461,0.2512998266897747,0.24610051993067592,0.2362796071634893,0.2663200462160601
1732,435,426,409,462,0.25115473441108543,0.24595842956120093,0.2361431870669746,0.26674364896073904
1733,435,426,410,462,0.2510098095787651,0.24581650317368725,0.23658395845354876,0.26658972879399884
1734,436,426,410,462,0.25144175317185696,0.24567474048442905,0.2364475201845444,0.2664359861591695
1735,437,426,410,462,0.2518731988472622,0.24553314121037464,0.23631123919308358,0.26628242074927955
1736,438,426,410,462,0.2523041474654378,0.24539170506912442,0.23617511520737328,0.2661290322580645
1737,439,426,410,462,0.25273459988485897,0.2452504317789292,0.2360391479562464,0.2659758203799655
1738,439,426,411,462,0.2525891829689298,0.24510932105868816,0.23647871116225547,0.26582278481012656
1739,440,426,411,462,0.25301897642323173,0.2449683726279471,0.23634272570442783,0.2656699252443933
1740,440,426,411,463,0.25287356321839083,0.24482758620689654,0.23620689655172414,0.2660919540229885
1741,440,427,411,463,0.2527283170591614,0.24526134405514072,0.23607122343480758,0.2659391154508903
1742,440,427,412,463,0.2525832376578645,0.24512055109070036,0.2365097588978186,0.26578645235361653
1743,441,427,412,463,0.25301204819277107,0.24497991967871485,0.23637406769936892,0.26563396442914516
1744,442,427,412,463,0.25344036697247707,0.2448394495412844,0.23623853211009174,0.26548165137614677
1745,443,427,412,463,0.25386819484240686,0.24469914040114613,0.2361031518624642,0.2653295128939828
1746,443,428,412,463,0.25372279495990835,0.24513172966781213,0.23596792668957617,0.2651775486827033
1747,443,428,413,463,0.25357756153405836,0.24499141385231826,0.23640526617057814,0.2650257584430452
1748,444,428,413,463,0.2540045766590389,0.2448512585812357,0.23627002288329518,0.2648741418764302
1749,444,429,413,463,0.2538593481989708,0.24528301886792453,0.2361349342481418,0.26472269868496284
1750,444,430,413,463,0.2537142857142857,0.24571428571428572,0.236,0.26457142857142857
1751,444,431,413,463,0.2535693889206168,0.24614505996573385,0.23586521987435752,0.2644203312392918
1752,444,431,414,463,0.2534246575342466,0.24600456621004566,0.2363013698630137,0.2642694063926941
1753,444,431,415,463,0.253280091272105,0.24586423274386765,0.2367370222475756,0.26411865373645177
1754,444,431,415,464,0.2531356898517674,0.24572405929304447,0.23660205245153934,0.2645381984036488
1755,444,431,416,464,0.252991452991453,0.2455840455840456,0.23703703703703705,0.2643874643874644
1756,444,431,416,465,0.2528473804100228,0.24544419134396356,0.23690205011389523,0.26480637813211844
1757,444,432,416,465,0.2527034718269778,0.2458736482640865,0.2367672168468981,0.2646556630620376
1758,444,432,417,465,0.2525597269624573,0.24573378839590443,0.23720136518771331,0.2645051194539249
1759,444,433,417,465,0.25241614553723707,0.24616259238203525,0.23706651506537807,0.2643547470153496
1760,444,433,418,465,0.25227272727272726,0.24602272727272728,0.2375,0.26420454545454547
1761,444,434,418,465,0.252129471890971,0.24645088018171493,0.23736513344690516,0.26405451448040884
1762,444,434,418,466,0.25198637911464244,0.246311010215664,0.23723041997729852,0.264472190692395
1763,444,435,418,466,0.25184344866704483,0.24673851389676688,0.23709585933068633,0.26432217810550196
1764,444,436,418,466,0.25170068027210885,0.2471655328798186,0.23696145124716553,0.264172335600907
1765,444,436,419,466,0.2515580736543909,0.2470254957507082,0.23739376770538242,0.2640226628895184
1766,444,436,419,467,0.25141562853907135,0.24688561721404303,0.23725934314835787,0.26443941109852775
1767,444,436,419,468,0.25127334465195245,0.24674589700056593,0.23712507074136954,0.26485568760611206
1768,444,436,419,469,0.251131221719457,0.24660633484162897,0.23699095022624433,0.2652714932126697
1769,444,436,420,469,0.2509892594686263,0.24646693046919163,0.23742227247032222,0.2651215375918598
1770,444,436,421,469,0.25084745762711863,0.24632768361581922,0.23785310734463277,0.2649717514124294
1771,444,436,422,469,0.25070581592320723,0.24618859401468096,0.23828345567476003,0.2648221343873518
1772,444,436,422,470,0.2505643340857788,0.24604966139954854,0.2381489841986456,0.2652370203160271
1773,444,436,423,470,0.25042301184433163,0.24591088550479415,0.23857868020304568,0.2650874224478285
1774,444,437,423,470,0.2502818489289741,0.2463359639233371,0.23844419391206315,0.2649379932356257
1775,445,437,423,470,0.2507042253521127,0.24619718309859154,0.23830985915492958,0.2647887323943662
1776,446,437,423,470,0.2511261261261261,0.24605855855855857,0.23817567567567569,0.26463963963963966
1777,447,437,423,470,0.2515475520540236,0.24592009003939225,0.23804164321890828,0.2644907146876759
1778,447,437,423,471,0.2514060742407199,0.24578177727784026,0.23790776152980878,0.26490438695163104
1779,447,437,423,472,0.25126475548060706,0.24564362001124226,0.23777403035413153,0.2653175941540191
1780,447,438,423,472,0.25112359550561797,0.24606741573033708,0.23764044943820226,0.2651685393258427
1781,447,438,424,472,0.2509825940482875,0.2459292532285233,0.23806850084222347,0.26501965188096577
1782,447,439,424,472,0.25084175084175087,0.24635241301907967,0.23793490460157127,0.2648709315375982
1783,447,440,424,472,0.250701065619742,0.24677509814918677,0.23780145821648907,0.26472237801458215
1784,447,440,425,472,0.2505605381165919,0.24663677130044842,0.2382286995515695,0.2645739910313901
1785,447,440,426,472,0.2504201680672269,0.24649859943977592,0.23865546218487396,0.26442577030812325
1786,447,440,426,473,0.25027995520716684,0.24636058230683092,0.23852183650615902,0.2648376259798432
1787,447,440,427,473,0.2501398992725238,0.24622271964185785,0.23894795747062114,0.2646894236149972
1788,447,440,427,474,0.25,0.24608501118568232,0.23881431767337807,0.2651006711409396
1789,447,440,428,474,0.24986025712688653,0.24594745667970933,0.23923979877026272,0.2649524874231414
1790,447,440,429,474,0.24972067039106144,0.24581005586592178,0.23966480446927374,0.264804469273743
1791,447,441,429,474,0.24958123953098826,0.24623115577889448,0.23953098827470687,0.2646566164154104
1792,447,441,430,474,0.24944196428571427,0.24609375,0.23995535714285715,0.26450892857142855
1793,447,442,430,474,0.24930284439486894,0.24651422197434467,0.23982152816508645,0.2643614054656999
1794,447,442,431,474,0.2491638795986622,0.2463768115942029,0.24024526198439242,0.26421404682274247
1795,448,442,431,474,0.24958217270194985,0.24623955431754874,0.24011142061281338,0.264066852367688
1796,449,442,431,474,0.25,0.24610244988864144,0.23997772828507796,0.2639198218262806
1797,449,442,431,475,0.2498608792431831,0.2459654980523094,0.23984418475236505,0.2643294379521425
1798,449,443,431,475,0.2497219132369299,0.246384872080089,0.2397107897664071,0.26418242491657395
1799,449,444,431,475,0.24958310172317955,0.24680377987770985,0.23957754307948861,0.264035575319622
1800,449,444,431,476,0.24944444444444444,0.24666666666666667,0.23944444444444443,0.2644444444444444
1801,449,444,431,477,0.249305941143809,0.24652970571904498,0.23931149361465853,0.2648528595224875
1802,450,444,431,477,0.24972253052164262,0.24639289678135406,0.23917869034406217,0.2647058823529412
1803,450,444,431,478,0.24958402662229617,0.24625623960066556,0.23904603438713257,0.2651136993899057
1804,450,444,431,479,0.24944567627494457,0.24611973392461198,0.23891352549889136,0.2655210643015521
1805,450,444,431,480,0.24930747922437674,0.24598337950138505,0.23878116343490305,0.2659279778393352
1806,451,444,431,480,0.2497231450719823,0.24584717607973422,0.23864894795127353,0.26578073089701
1807,451,444,431,481,0.24958494742667406,0.24571112340896514,0.23851687880464859,0.26618705035971224
1808,451,444,432,481,0.24944690265486727,0.24557522123893805,0.23893805309734514,0.26603982300884954
1809,452,444,432,481,0.24986180210060807,0.24543946932006633,0.23880597014925373,0.2658927584300719
1810,452,444,433,481,0.24972375690607734,0.24530386740331492,0.23922651933701658,0.26574585635359116
1811,452,444,433,482,0.2495858641634456,0.24516841524019878,0.2390944229707344,0.26615129762562123
1812,452,445,433,482,0.24944812362030905,0.2455849889624724,0.23896247240618101,0.26600441501103755
1813,453,445,433,482,0.24986210700496414,0.24544953116381688,0.23883066740209596,0.265857694429123
1814,453,445,433,483,0.24972436604189635,0.24531422271223816,0.23869900771775082,0.26626240352811464
1815,453,445,434,483,0.24958677685950414,0.24517906336088155,0.23911845730027548,0.26611570247933886
1816,453,445,435,483,0.24944933920704845,0.2450440528634361,0.2395374449339207,0.2659691629955947
1817,454,445,435,483,0.24986241056686848,0.2449091909741332,0.23940561364887178,0.26582278481012656
1818,455,445,435,483,0.25027502750275027,0.24477447744774478,0.23927392739273928,0.26567656765676567
1819,455,446,435,483,0.25013743815283124,0.24518966465090708,0.23914238592633316,0.26553051126992855
1820,455,446,436,483,0.25,0.24505494505494504,0.23956043956043957,0.2653846153846154
1821,455,446,436,484,0.2498627127951675,0.24492037342119716,0.23942888522789676,0.26578802855573863
1822,456,446,436,484,0.2502744237102086,0.24478594950603733,0.23929747530186607,0.265642151481888
1823,457,446,436,484,0.25068568294020843,0.24465167306637411,0.23916620954470652,0.2654964344487109
1824,458,446,436,484,0.25109649122807015,0.24451754385964913,0.23903508771929824,0.26535087719298245
1825,459,446,436,484,0.2515068493150685,0.24438356164383562,0.2389041095890411,0.2652054794520548
1826,460,446,436,484,0.25191675794085433,0.244249726177437,0.23877327491785322,0.26506024096385544
1827,460,446,436,485,0.25177887246852765,0.2441160372194855,0.23864258347016967,0.2654625068418172
1828,461,446,436,485,0.25218818380743985,0.2439824945295405,0.23851203501094093,0.26531728665207877
1829,461,447,436,485,0.2520503007107709,0.24439584472389284,0.2383816293056315,0.26517222525970474
1830,461,447,437,485,0.25191256830601094,0.2442622950819672,0.23879781420765028,0.2650273224043716
1831,461,447,438,485,0.2517749863462589,0.24412889131622065,0.23921354451119606,0.2648825778263244
1832,461,448,438,485,0.25163755458515286,0.2445414847161572,0.2390829694323144,0.26473799126637554
1833,461,449,438,485,0.25150027277686854,0.24495362793235134,0.23895253682487724,0.2645935624659029
1834,461,449,438,486,0.25136314067611776,0.24482006543075246,0.23882224645583425,0.2649945474372955
1835,461,449,438,487,0.25122615803814713,0.2446866485013624,0.23869209809264305,0.2653950953678474
1836,461,450,438,487,0.2510893246187364,0.24509803921568626,0.238562091503268,0.26525054466230935
1837,461,451,438,487,0.25095264017419705,0.24550898203592814,0.23843222645617856,0.26510615133369625
1838,461,451,438,488,0.25081610446137104,0.24537540805223068,0.2383025027203482,0.26550598476605003
1839,461,451,439,488,0.25067971723762916,0.24524197933659597,0.23871669385535618,0.2653616095704187
1840,461,452,439,488,0.2505434782608696,0.24565217391304348,0.23858695652173914,0.26521739130434785
1841,461,452,440,488,0.25040738728951656,0.24551873981531777,0.2390005431830527,0.265073329712113
1842,461,453,440,488,0.250271444082519,0.24592833876221498,0.23887079261672095,0.26492942453854507
1843,461,454,440,488,0.2501356483993489,0.24633749321758003,0.23874118285404233,0.26478567552902876
1844,461,454,440,489,0.25,0.24620390455531455,0.2386117136659436,0.2651843817787419
1845,462,454,440,489,0.25040650406504067,0.24607046070460706,0.23848238482384823,0.26504065040650404
1846,462,454,440,490,0.2502708559046587,0.24593716143011918,0.23835319609967498,0.26543878656554715
1847,462,454,440,491,0.25013535462912834,0.2458040064970222,0.2382241472658365,0.265836491608013
1848,462,454,441,491,0.25,0.24567099567099568,0.23863636363636365,0.2656926406926407
1849,462,455,441,491,0.24986479177934018,0.24607896160086534,0.23850730124391564,0.26554894537587886
1850,462,456,441,491,0.24972972972972973,0.2464864864864865,0.23837837837837839,0.2654054054054054
1851,462,457,441,491,0.24959481361426256,0.24689357104267964,0.23824959481361427,0.26526202052944353
1852,463,457,441,491,0.25,0.24676025917926567,0.2381209503239741,0.26511879049676024
1853,464,457,441,491,0.2504047490555855,0.24662709120345386,0.23799244468429573,0.26497571505666484
1854,464,458,441,491,0.25026968716289105,0.24703344120819848,0.23786407766990292,0.26483279395900755
1855,464,458,442,491,0.2501347708894879,0.246900269541779,0.23827493261455526,0.26469002695417787
1856,464,458,442,492,0.25,0.24676724137931033,0.23814655172413793,0.2650862068965517
1857,464,458,442,493,0.24986537425955843,0.24663435648896068,0.23801830910070004,0.26548196015078085
1858,464,458,442,494,0.24973089343379978,0.2465016146393972,0.2378902045209903,0.2658772874058127
1859,465,458,442,494,0.25013448090371165,0.24636901559978483,0.23776223776223776,0.26573426573426573
1860,466,458,442,494,0.25053763440860216,0.24623655913978496,0.23763440860215054,0.26559139784946234
1861,466,459,442,494,0.25040300913487373,0.24664159054271897,0.23750671681891455,0.26544868350349277
1862,466,460,442,494,0.2502685284640172,0.24704618689581095,0.23737916219119226,0.2653061224489796
1863,466,460,442,495,0.25013419216317767,0.24691358024691357,0.2372517444981213,0.26570048309178745
1864,467,460,442,495,0.25053648068669526,0.24678111587982832,0.2371244635193133,0.2655579399141631
1865,467,460,443,495,0.250402144772118,0.24664879356568364,0.23753351206434317,0.26541554959785524
1866,467,461,443,495,0.2502679528403001,0.2470525187566988,0.23740621650589497,0.2652733118971061
1867,467,462,443,495,0.25013390465988217,0.24745581146223888,0.23727905731119442,0.26513122656668453
1868,467,463,443,495,0.25,0.24785867237687367,0.23715203426124196,0.26498929336188437
1869,467,463,444,495,0.24986623863028357,0.24772605671482076,0.2375601926163724,0.26484751203852325
1870,467,464,444,495,0.2497326203208556,0.24812834224598931,0.2374331550802139,0.2647058823529412
1871,467,465,444,495,0.2495991448423303,0.24853019775521112,0.23730625334045966,0.26456440406199894
1872,467,465,444,496,0.24946581196581197,0.2483974358974359,0.23717948717948717,0.26495726495726496
1873,467,465,444,497,0.24933262146289376,0.24826481580352375,0.23705285638013882,0.2653497063534437
1874,467,465,445,497,0.24919957310565635,0.24813233724653147,0.23745997865528282,0.26520811099252933
1875,467,466,445,497,0.24906666666666666,0.24853333333333333,0.23733333333333334,0.2650666666666667
1876,467,467,445,497,0.24893390191897655,0.24893390191897655,0.23720682302771856,0.26492537313432835
1877,468,467,445,497,0.24933404368673415,0.24880127863612148,0.2370804475226425,0.26478423015450187
1878,469,467,445,497,0.24973375931842384,0.24866879659211927,0.2369542066027689,0.26464323748668794
1879,470,467,445,497,0.2501330494944119,0.24853645556146886,0.2368281000532198,0.26450239489089944
1880,470,467,445,498,0.25,0.24840425531914895,0.23670212765957446,0.2648936170212766
1881,470,467,445,499,0.24986709197235513,0.2482721956406167,0.23657628920786816,0.26528442317916
1882,471,467,445,499,0.2502656748140276,0.2481402763018066,0.23645058448459086,0.2651434643995749
1883,471,468,445,499,0.2501327668613914,0.24853956452469464,0.23632501327668615,0.26500265533722783
1884,471,469,445,499,0.25,0.2489384288747346,0.2361995753715499,0.2648619957537155
1885,471,469,446,499,0.24986737400530504,0.24880636604774536,0.23660477453580903,0.2647214854111406
1886,472,469,446,499,0.25026511134676566,0.2486744432661718,0.23647932131495228,0.26458112407211026
1887,473,469,446,499,0.25066242713301534,0.2485426603073662,0.2363540010598834,0.26444091149973503
1888,474,469,446,499,0.2510593220338983,0.24841101694915255,0.23622881355932204,0.2643008474576271
1889,474,470,446,499,0.250926416093171,0.24880889359449443,0.23610375860243515,0.2641609317098994
1890,474,470,446,500,0.2507936507936508,0.24867724867724866,0.23597883597883598,0.26455026455026454
1891,474,470,446,501,0.2506610259122158,0.24854574299312532,0.23585404547858277,0.26493918561607616
1892,474,470,447,501,0.25052854122621565,0.24841437632135308,0.23625792811839325,0.26479915433403806
1893,474,470,447,502,0.25039619651347067,0.24828314844162705,0.23613312202852615,0.2651875330163761
1894,474,471,447,502,0.2502639915522703,0.24868004223864837,0.23600844772967264,0.26504751847940866
1895,474,471,448,502,0.25013192612137203,0.24854881266490766,0.23641160949868073,0.2649076517150396
1896,474,472,448,502,0.25,0.2489451476793249,0.23628691983122363,0.26476793248945146
1897,474,472,449,502,0.24986821296784398,0.2488139167105957,0.23668950975224037,0.26462836056932
1898,474,473,449,502,0.24973656480505796,0.24920969441517388,0.23656480505795574,0.2644889357218124
1899,474,474,449,502,0.24960505529225907,0.24960505529225907,0.2364402317008952,0.2643496577145866
1900,474,474,449,503,0.24947368421052632,0.24947368421052632,0.2363157894736842,0.26473684210526316
1901,474,474,450,503,0.24934245134139926,0.24934245134139926,0.23671751709626512,0.2645975802209363
1902,474,474,451,503,0.24921135646687698,0.24921135646687698,0.23711882229232387,0.2644584647739222
1903,474,475,451,503,0.2490803993694167,0.24960588544403572,0.23699421965317918,0.26431949553336836
1904,474,476,451,503,0.24894957983193278,0.25,0.23686974789915966,0.26418067226890757
1905,474,476,452,503,0.24881889763779527,0.24986876640419947,0.23727034120734908,0.26404199475065615
1906,475,476,452,503,0.24921301154249736,0.2497376705141658,0.23714585519412382,0.263903462749213
1907,475,476,452,504,0.24908232826428947,0.2496067121132669,0.2370214997378081,0.26428945988463554
1908,475,477,452,504,0.2489517819706499,0.25,0.23689727463312368,0.2641509433962264
1909,476,477,452,504,0.24934520691461498,0.24986904138292299,0.23677317967522263,0.2640125720272394
1910,476,477,453,504,0.24921465968586387,0.24973821989528797,0.23717277486910995,0.2638743455497382
1911,476,477,454,504,0.2490842490842491,0.24960753532182103,0.23757195185766614,0.26373626373626374
1912,476,477,454,505,0.2489539748953975,0.24947698744769875,0.23744769874476987,0.2641213389121339
1913,476,477,454,506,0.2488238369053842,0.2493465760585468,0.23732357553580763,0.2645060115002614
1914,476,478,454,506,0.24869383490073146,0.2497387669801463,0.23719958202716823,0.26436781609195403
1915,476,478,455,506,0.2485639686684073,0.24960835509138382,0.23759791122715404,0.26422976501305484
1916,477,478,455,506,0.2489561586638831,0.24947807933194155,0.23747390396659707,0.2640918580375783
1917,477,479,455,506,0.24882629107981222,0.2498695878977569,0.23735002608242045,0.26395409494001043
1918,478,479,455,506,0.2492179353493222,0.2497393117831074,0.23722627737226276,0.2638164754953076
1919,478,479,456,506,0.24908806670140698,0.24960917144346015,0.2376237623762376,0.2636789994788953
1920,479,479,456,506,0.24947916666666667,0.24947916666666667,0.2375,0.2635416666666667
1921,479,479,456,507,0.2493492972410203,0.2493492972410203,0.23737636647579385,0.2639250390421655
1922,480,479,456,507,0.2497398543184183,0.24921956295525494,0.2372528616024974,0.26378772112382937
1923,480,480,456,507,0.24960998439937598,0.24960998439937598,0.23712948517940718,0.26365054602184085
1924,480,480,457,507,0.2494802494802495,0.2494802494802495,0.23752598752598753,0.2635135135135135
1925,480,480,457,508,0.24935064935064935,0.24935064935064935,0.2374025974025974,0.2638961038961039
1926,480,481,457,508,0.24922118380062305,0.2497403946002077,0.23727933541017654,0.26375908618899274
1927,480,481,457,509,0.24909185262065386,0.24961079398028022,0.23715620134924753,0.26414115204981836
1928,480,481,457,510,0.24896265560165975,0.24948132780082988,0.23703319502074688,0.2645228215767635
1929,480,481,457,511,0.24883359253499224,0.24935199585277346,0.23691031622602385,0.26490409538621046
1930,480,481,457,512,0.24870466321243523,0.24922279792746113,0.23678756476683938,0.26528497409326424
1931,481,481,457,512,0.2490937338166753,0.2490937338166753,0.2366649404453651,0.2651475919212843
1932,482,481,457,512,0.2494824016563147,0.2489648033126294,0.2365424430641822,0.2650103519668737
1933,482,481,457,513,0.24935333678220384,0.2488360062079669,0.23642007242628038,0.26539058458354886
1934,482,481,457,514,0.24922440537745605,0.24870734229576008,0.2362978283350569,0.265770423991727
1935,482,481,458,514,0.24909560723514212,0.24857881136950905,0.23669250645994833,0.2656330749354005
1936,482,481,458,515,0.24896694214876033,0.2484504132231405,0.2365702479338843,0.2660123966942149
1937,482,481,459,515,0.2488384099122354,0.2483221476510067,0.23696437790397523,0.26587506453278265
1938,482,482,459,515,0.24871001031991744,0.24871001031991744,0.23684210526315788,0.2657378740970072
1939,482,482,459,516,0.24858174316658072,0.24858174316658072,0.23671995874161939,0.2661165549252192
1940,482,482,460,516,0.24845360824742269,0.24845360824742269,0.23711340206185566,0.26597938144329897
1941,482,482,460,517,0.24832560535806286,0.24832560535806286,0.2369912416280268,0.2663575476558475
1942,482,482,460,518,0.2481977342945417,0.2481977342945417,0.2368692070030896,0.266735324407827
1943,482,482,460,519,0.2480699948533196,0.2480699948533196,0.23674729799279465,0.26711271230056616
1944,482,482,460,520,0.24794238683127573,0.24794238683127573,0.2366255144032922,0.2674897119341564
1945,482,483,460,520,0.24781491002570694,0.24832904884318766,0.2365038560411311,0.26735218508997427
1946,482,484,460,520,0.24768756423432683,0.24871531346351491,0.23638232271325796,0.2672147995889003
1947,482,485,460,520,0.24756034925526452,0.24910118130457112,0.23626091422701592,0.2670775552131484
1948,482,486,460,520,0.24743326488706366,0.24948665297741274,0.23613963039014374,0.2669404517453799
1949,482,487,460,520,0.24730631092868138,0.24987172909184197,0.23601847101077475,0.2668034889687019
1950,482,488,460,520,0.24717948717948718,0.25025641025641027,0.2358974358974359,0.26666666666666666
1951,482,488,461,520,0.24705279343926193,0.2501281394156843,0.2362890825217837,0.2665299846232701
1952,482,488,462,520,0.24692622950819673,0.25,0.23668032786885246,0.26639344262295084
1953,482,489,462,520,0.24679979518689196,0.250384024577573,0.23655913978494625,0.26625704045058884
1954,483,489,462,520,0.24718526100307062,0.2502558853633572,0.23643807574206754,0.2661207778915046
1955,484,489,462,520,0.24757033248081842,0.2501278772378517,0.23631713554987213,0.2659846547314578
1956,484,490,462,520,0.2474437627811861,0.2505112474437628,0.2361963190184049,0.2658486707566462
1957,484,490,463,520,0.24731732243229432,0.2503832396525294,0.23658661216147164,0.26571282575370464
1958,484,491,463,520,0.24719101123595505,0.2507660878447395,0.23646578140960164,0.26557711950970375
1959,485,491,463,520,0.24757529351710056,0.2506380806533946,0.2363450740173558,0.26544155181214907
1960,485,491,463,521,0.24744897959183673,0.25051020408163266,0.23622448979591837,0.26581632653061227
1961,486,491,463,521,0.24783273839877615,0.25038245792962777,0.23610402855685875,0.26568077511473737
1962,486,491,463,522,0.24770642201834864,0.2502548419979613,0.23598369011213047,0.26605504587155965
1963,486,491,464,522,0.2475802343352012,0.250127356087621,0.23637289862455427,0.26591951095262356
1964,487,491,464,522,0.2479633401221996,0.25,0.23625254582484725,0.26578411405295316
1965,487,491,464,523,0.24783715012722646,0.2498727735368957,0.2361323155216285,0.26615776081424936
1966,487,492,464,523,0.24771108850457782,0.25025432349949134,0.23601220752797558,0.26602238046795523
1967,487,492,464,524,0.24758515505846468,0.25012709710218606,0.23589222165734622,0.2663955261820031
1968,487,493,464,524,0.24745934959349594,0.2505081300813008,0.23577235772357724,0.266260162601626
1969,487,493,465,524,0.2473336719146775,0.25038090401218893,0.2361604875571356,0.26612493651599795
1970,487,493,466,524,0.24720812182741117,0.250253807106599,0.2365482233502538,0.265989847715736
1971,487,493,466,525,0.24708269913749364,0.25012683916793504,0.23642820903094874,0.2663622526636225
1972,487,493,467,525,0.24695740365111563,0.25,0.236815415821501,0.26622718052738337
1973,487,494,467,525,0.2468322351748606,0.25038013177901675,0.2366953877344146,0.26609224531170805
1974,488,494,467,525,0.24721377912867273,0.2502532928064843,0.23657548125633232,0.26595744680851063
1975,488,494,468,525,0.2470886075949367,0.250126582278481,0.2369620253164557,0.26582278481012656
1976,488,494,469,525,0.24696356275303644,0.25,0.23734817813765183,0.26568825910931176
1977,489,494,469,525,0.2473444613050076,0.24987354577642892,0.2372281234193222,0.26555386949924126
1978,490,494,469,525,0.24772497472194135,0.24974721941354905,0.237108190091001,0.2654196157735086
1979,490,494,469,526,0.24759979787771602,0.24962102071753411,0.23698837796867103,0.2657908034360788
1980,490,495,469,526,0.2474747474747475,0.25,0.23686868686868687,0.26565656565656565
1981,490,495,469,527,0.24734982332155478,0.24987380111055021,0.23674911660777384,0.26602725896012114
1982,491,495,469,527,0.2477295660948537,0.24974772956609487,0.23662966700302723,0.2658930373360242
1983,491,495,469,528,0.2476046394351992,0.24962178517397882,0.23651033787191125,0.26626323751891073
1984,491,495,470,528,0.2474798387096774,0.24949596774193547,0.2368951612903226,0.2661290322580645
1985,491,496,470,528,0.2473551637279597,0.24987405541561714,0.2367758186397985,0.26599496221662466
1986,491,496,470,529,0.2472306143001007,0.2497482376636455,0.2366565961732125,0.2663645518630413
1987,491,497,470,529,0.2471061902365375,0.25012581781580273,0.2365374937091092,0.2662304982385506
1988,491,498,470,529,0.24698189134808854,0.2505030181086519,0.23641851106639838,0.26609657947686116
1989,491,498,471,529,0.24685771744595275,0.25037707390648567,0.2368024132730015,0.2659627953745601
1990,491,499,471,529,0.24673366834170854,0.2507537688442211,0.23668341708542714,0.2658291457286432
1991,491,499,471,530,0.2466097438473129,0.25062782521346055,0.23656454043194375,0.26619789050728276
1992,491,500,471,530,0.2464859437751004,0.25100401606425704,0.23644578313253012,0.2660642570281124
1993,492,500,471,530,0.24686402408429503,0.2508780732563974,0.23632714500752633,0.26593075765178126
1994,493,500,471,530,0.2472417251755266,0.25075225677031093,0.2362086258776329,0.2657973921765296
1995,493,500,471,531,0.24711779448621554,0.2506265664160401,0.23609022556390977,0.2661654135338346
1996,494,500,471,531,0.24749498997995992,0.250501002004008,0.23597194388777556,0.26603206412825653
1997,494,501,471,531,0.24737105658487732,0.25087631447170755,0.2358537806710065,0.2658988482724086
1998,494,502,471,531,0.24724724724724725,0.25125125125125125,0.23573573573573572,0.26576576576576577
1999,495,502,471,531,0.24762381190595298,0.2511255627813907,0.23561780890445222,0.2656328164082041
2000,495,503,471,531,0.2475,0.2515,0.2355,0.2655
2001,495,504,471,531,0.24737631184407796,0.2518740629685157,0.2353823088455772,0.2653673163418291
2002,495,504,471,532,0.24725274725274726,0.2517482517482518,0.23526473526473526,0.26573426573426573
2003,495,504,472,532,0.24712930604093858,0.25162256615077383,0.23564653020469295,0.2656015976035946
2004,496,504,472,532,0.24750499001996007,0.25149700598802394,0.23552894211576847,0.2654690618762475
2005,496,504,473,532,0.24738154613466334,0.2513715710723192,0.23591022443890275,0.26533665835411474
2006,496,505,473,532,0.2472582253240279,0.25174476570289134,0.2357926221335992,0.26520438683948155
2007,497,505,473,532,0.24763328350772296,0.2516193323368211,0.2356751370204285,0.2650722471350274
2008,497,505,473,533,0.24750996015936255,0.25149402390438247,0.2355577689243028,0.2654382470119522
2009,498,505,473,533,0.24788451966152314,0.25136884021901446,0.23544051767048282,0.2653061224489796
2010,499,505,473,533,0.24825870646766168,0.2512437810945274,0.23532338308457712,0.2651741293532338
2011,499,505,474,533,0.24813525609149678,0.25111884634510195,0.23570363003480854,0.2650422675285927
2012,500,505,474,533,0.2485089463220676,0.2509940357852883,0.2355864811133201,0.2649105367793241
2013,500,505,475,533,0.24838549428713363,0.250869349230005,0.23596621957277694,0.2647789369100845
2014,501,505,475,533,0.24875868917576963,0.25074478649453824,0.2358490566037736,0.2646474677259186
2015,501,505,476,533,0.24863523573200993,0.2506203473945409,0.23622828784119107,0.2645161290322581
2016,501,505,476,534,0.24851190476190477,0.25049603174603174,0.2361111111111111,0.2648809523809524
2017,501,505,476,535,0.248388696083292,0.25037183936539414,0.23599405057015369,0.26524541398116014
2018,501,505,477,535,0.24826560951437066,0.2502477700693756,0.23637264618434092,0.2651139742319128
2019,501,506,477,535,0.24814264487369986,0.2506191183754334,0.2362555720653789,0.26498266468548787
2020,501,507,477,535,0.24801980198019802,0.250990099009901,0.23613861386138613,0.26485148514851486
2021,501,508,477,535,0.247897080653142,0.2513607125185552,0.23602177140029687,0.26472043542800594
2022,501,508,477,536,0.24777448071216618,0.2512363996043521,0.23590504451038577,0.26508407517309596
2023,502,508,477,536,0.2481463173504696,0.25111220958971825,0.23578843302026692,0.26495304003954523
2024,502,509,477,536,0.24802371541501977,0.25148221343873517,0.23567193675889328,0.2648221343873518
2025,502,509,478,536,0.24790123456790122,0.25135802469135804,0.2360493827160494,0.26469135802469135
2026,503,509,478,536,0.24827245804540968,0.2512339585389931,0.23593287265547877,0.26456071076011844
2027,503,509,478,537,0.24814997533300445,0.25111001480019735,0.23581647755303403,0.2649235323137642
2028,504,509,478,537,0.2485207100591716,0.2509861932938856,0.2357001972386588,0.26479289940828404
2029,504,509,479,537,0.2483982257269591,0.25086249383932974,0.23607688516510597,0.26466239526860524
2030,504,509,479,538,0.2482758620689655,0.25073891625615763,0.23596059113300494,0.2650246305418719
2031,504,510,479,538,0.2481536189069424,0.2511078286558346,0.23584441161989167,0.26489414081733137
2032,505,510,479,538,0.2485236220472441,0.25098425196850394,0.2357283464566929,0.26476377952755903
2033,505,510,479,539,0.24840137727496311,0.25086079685194296,0.23561239547466797,0.26512543039842595
2034,505,510,480,539,0.24827925270403148,0.25073746312684364,0.2359882005899705,0.26499508357915436
2035,505,511,480,539,0.24815724815724816,0.2511056511056511,0.23587223587223588,0.2648648648648649
2036,505,512,480,539,0.2480353634577603,0.25147347740667975,0.2357563850687623,0.26473477406679763
2037,505,513,480,539,0.24791359842906235,0.25184094256259204,0.23564064801178203,0.2646048109965636
2038,506,513,480,539,0.24828263002944062,0.2517173699705594,0.23552502453385674,0.2644749754661433
2039,506,513,481,539,0.24816086316821973,0.25159391858754293,0.23589995095635116,0.2643452672878862
2040,507,513,481,539,0.2485294117647059,0.2514705882352941,0.2357843137254902,0.2642156862745098
2041,507,513,482,539,0.2484076433121019,0.2513473787359138,0.23615874571288584,0.2640862322390985
2042,508,513,482,539,0.24877571008814886,0.25122428991185114,0.23604309500489715,0.2639569049951028
2043,508,513,482,540,0.24865394028389623,0.2511013215859031,0.2359275575134606,0.2643171806167401
2044,508,514,482,540,0.24853228962818003,0.25146771037182,0.23581213307240703,0.26418786692759294
2045,509,514,482,540,0.24889975550122248,0.25134474327628364,0.2356968215158924,0.26405867970660146
2046,509,514,483,540,0.2487781036168133,0.2512218963831867,0.23607038123167157,0.26392961876832843
2047,509,515,483,540,0.24865657059110893,0.25158768930141673,0.23595505617977527,0.26380068392769906
2048,509,515,483,541,0.24853515625,0.25146484375,0.23583984375,0.26416015625
2049,509,515,483,542,0.24841386041971694,0.25134211810639334,0.23572474377745242,0.2645192776964373
2050,509,516,483,542,0.24829268292682927,0.25170731707317073,0.23560975609756096,0.26439024390243904
2051,509,517,483,542,0.24817162359824477,0.2520721599219893,0.2354948805460751,0.2642613359336909
2052,509,517,483,543,0.24805068226120858,0.2519493177387914,0.23538011695906433,0.2646198830409357
2053,509,517,483,544,0.24792985874330248,0.2518265952264978,0.2352654651729177,0.26497808085728203
2054,509,517,484,544,0.247809152872444,0.2517039922103213,0.23563777994157742,0.26484907497565724
2055,509,517,484,545,0.24768856447688564,0.25158150851581507,0.23552311435523116,0.26520681265206814
2056,509,517,485,545,0.24756809338521402,0.2514591439688716,0.23589494163424124,0.26507782101167315
2057,509,517,485,546,0.24744773942634904,0.25133689839572193,0.23578026251823042,0.2654350996596986
2058,509,517,486,546,0.24732750242954324,0.2512147716229349,0.23615160349854228,0.2653061224489796
2059,509,517,487,546,0.24720738222438077,0.2510927634774162,0.23652258377853327,0.2651772705196697
2060,509,517,488,546,0.2470873786407767,0.25097087378640776,0.23689320388349513,0.2650485436893204
2061,509,517,488,547,0.24696749150897623,0.25084910237748664,0.23677826297913634,0.2654051431344008
2062,510,517,488,547,0.24733268671193018,0.2507274490785645,0.23666343355965083,0.2652764306498545
2063,510,517,488,548,0.24721279689772177,0.2506059137178866,0.23654871546291809,0.2656325739214736
2064,511,517,488,548,0.24757751937984496,0.250484496124031,0.2364341085271318,0.2655038759689923
2065,511,517,488,549,0.24745762711864408,0.250363196125908,0.23631961259079903,0.2658595641646489
2066,511,517,489,549,0.2473378509196515,0.25024201355275894,0.23668925459825751,0.26573088092933206
2067,512,517,489,549,0.24770198355104014,0.25012094823415576,0.2365747460087083,0.2656023222060958
2068,513,517,489,549,0.24806576402321084,0.25,0.23646034816247583,0.26547388781431336
2069,513,517,490,549,0.24794586756887385,0.24987916868052198,0.23682938617689706,0.2653455775737071
2070,513,517,490,550,0.24782608695652175,0.2497584541062802,0.23671497584541062,0.26570048309178745
2071,513,518,490,550,0.24770642201834864,0.25012071463061325,0.23660067600193144,0.2655721873491067
2072,513,518,491,550,0.2475868725868726,0.25,0.23696911196911197,0.26544401544401547
2073,513,519,491,550,0.24746743849493488,0.2503617945007236,0.23685479980704294,0.2653159671972986
2074,513,520,491,550,0.24734811957569913,0.2507232401157184,0.23674059787849566,0.2651880424300868
2075,513,520,491,551,0.2472289156626506,0.25060240963855424,0.23662650602409638,0.2655421686746988
2076,513,520,491,552,0.24710982658959538,0.2504816955684008,0.2365125240847784,0.2658959537572254
2077,513,520,492,552,0.2469908521906596,0.25036109773712084,0.2368801155512759,0.26576793452094366
2078,513,521,492,552,0.24687199230028875,0.2507218479307026,0.23676612127045235,0.26564003849855633
2079,513,522,492,552,0.24675324675324675,0.2510822510822511,0.23665223665223664,0.26551226551226553
2080,513,522,493,552,0.2466346153846154,0.25096153846153846,0.23701923076923076,0.2653846153846154
2081,513,522,493,553,0.24651609802979338,0.2508409418548775,0.23690533397405095,0.2657376261412782
2082,514,522,493,553,0.24687800192122958,0.2507204610951009,0.2367915465898175,0.2656099903938521
2083,515,522,493,553,0.2472395583293327,0.2506000960153625,0.23667786845895344,0.26548247719635143
2084,515,522,494,553,0.24712092130518235,0.2504798464491363,0.23704414587332054,0.2653550863723608
2085,516,522,494,553,0.2474820143884892,0.2503597122302158,0.23693045563549162,0.26522781774580334
2086,517,522,494,553,0.24784276126558005,0.25023969319271333,0.236816874400767,0.2651006711409396
2087,517,522,494,554,0.2477240057498802,0.2501197891710589,0.23670340201245807,0.2654528030666028
2088,518,522,494,554,0.24808429118773948,0.25,0.23659003831417624,0.2653256704980843
2089,518,522,495,554,0.24796553374820487,0.2498803255146003,0.2369554810914313,0.2651986596457635
2090,518,522,496,554,0.24784688995215312,0.24976076555023924,0.23732057416267943,0.26507177033492824
2091,518,522,496,555,0.24772835963653755,0.24964131994261118,0.23720707795313248,0.2654232424677188
2092,519,522,496,555,0.24808795411089865,0.24952198852772467,0.23709369024856597,0.2652963671128107
2093,520,522,496,555,0.2484472049689441,0.24940277114190157,0.23698041089345437,0.26516961299569997
2094,520,522,496,556,0.24832855778414517,0.2492836676217765,0.23686723973256923,0.26552053486150906
2095,520,522,496,557,0.24821002386634844,0.24916467780429594,0.23675417661097853,0.26587112171837707
2096,520,523,496,557,0.2480916030534351,0.24952290076335878,0.2366412213740458,0.2657442748091603
2097,520,523,496,558,0.24797329518359562,0.24940391034811635,0.23652837386742967,0.26609442060085836
2098,520,523,497,558,0.24785510009532888,0.24928503336510963,0.23689227836034318,0.2659675881792183
2099,520,523,497,559,0.24773701762744163,0.24916626965221533,0.23677941877084327,0.26631729394949977
2100,520,524,497,559,0.24761904761904763,0.24952380952380954,0.23666666666666666,0.2661904761904762
2101,520,525,497,559,0.24750118990956688,0.2498810090433127,0.23655402189433603,0.2660637791527844
2102,520,525,498,559,0.24738344433872503,0.24976213130352046,0.2369172216936251,0.2659372026641294
2103,520,525,498,560,0.24726581074655254,0.24964336661911554,0.23680456490727533,0.2662862577270566
2104,520,525,499,560,0.24714828897338403,0.24952471482889735,0.23716730038022812,0.2661596958174905
2105,520,526,499,560,0.24703087885985747,0.2498812351543943,0.23705463182897862,0.2660332541567696
2106,520,526,499,561,0.24691358024691357,0.24976258309591642,0.23694207027540362,0.26638176638176636
2107,520,527,499,561,0.24679639297579498,0.25011865211200757,0.2368296155671571,0.26625533934504036
2108,520,527,500,561,0.24667931688804554,0.25,0.23719165085388993,0.2661290322580645
2109,520,528,500,561,0.24656235182550973,0.2503556187766714,0.2370791844476055,0.26600284495021337
2110,521,528,500,561,0.24691943127962085,0.2502369668246445,0.23696682464454977,0.26587677725118486
2111,521,529,500,561,0.24680246328754146,0.2505921364282331,0.23685457129322596,0.2657508289909995
2112,521,530,500,561,0.24668560606060605,0.2509469696969697,0.23674242424242425,0.265625
2113,521,530,501,561,0.2465688594415523,0.2508282063416943,0.23710364410790347,0.26549929010885
2114,521,531,501,561,0.24645222327341532,0.2511825922421949,0.2369914853358562,0.2653736991485336
2115,521,532,501,561,0.24633569739952718,0.2515366430260047,0.23687943262411348,0.2652482269503546
2116,521,533,501,561,0.24621928166351606,0.251890359168242,0.23676748582230625,0.2651228733459357
2117,521,534,501,561,0.24610297590930563,0.2522437411431271,0.23665564478034956,0.2649976381672178
2118,521,534,502,561,0.24598677998111426,0.2521246458923513,0.23701605288007555,0.26487252124645894
2119,521,534,503,561,0.24587069372345446,0.25200566304860783,0.23737612081170364,0.26474752241623406
2120,521,535,503,561,0.24575471698113208,0.25235849056603776,0.23726415094339623,0.264622641509434
2121,521,535,503,562,0.24563884959924565,0.2522395096652522,0.23715228665723714,0.264969354078265
2122,521,535,503,563,0.24552309142318568,0.2521206409048068,0.23704052780395854,0.265315739868049
2123,521,536,503,563,0.245407442298634,0.2524729156853509,0.2369288742345737,0.26519076778144135
2124,521,536,504,563,0.2452919020715631,0.2523540489642185,0.23728813559322035,0.2650659133709981
2125,521,536,504,564,0.2451764705882353,0.25223529411764706,0.2371764705882353,0.26541176470588235
2126,521,536,505,564,0.24506114769520226,0.2521166509877705,0.23753527751646283,0.26528692380056446
2127,521,536,505,565,0.2449459332393042,0.2519981194170193,0.23742360131640808,0.26563234602726843
2128,521,537,505,565,0.24483082706766918,0.2523496240601504,0.23731203007518797,0.26550751879699247
2129,522,537,505,565,0.2451855331141381,0.2522310944105214,0.23720056364490372,0.2653828088304368
2130,522,538,505,565,0.24507042253521127,0.25258215962441316,0.23708920187793428,0.2652582159624413
2131,523,538,505,565,0.24542468324730174,0.25246363209760675,0.23697794462693572,0.2651337400281558
2132,523,538,505,566,0.2453095684803002,0.2523452157598499,0.23686679174484052,0.2654784240150094
2133,524,538,505,566,0.24566338490389122,0.25222691045475853,0.236755743084857,0.2653539615564932
2134,524,539,505,566,0.24554826616682288,0.25257731958762886,0.2366447985004686,0.26522961574507964
2135,524,539,505,567,0.24543325526932083,0.25245901639344265,0.23653395784543327,0.26557377049180325
2136,525,539,505,567,0.24578651685393257,0.25234082397003743,0.23642322097378277,0.2654494382022472
2137,525,539,505,568,0.24567150210575572,0.2522227421619092,0.2363125877398222,0.26579316799251285
2138,525,540,505,568,0.24555659494855003,0.25257249766136575,0.2362020579981291,0.2656688493919551
2139,525,541,505,568,0.24544179523141654,0.25292192613370734,0.23609163160355306,0.265544647031323
2140,525,541,505,569,0.24532710280373832,0.252803738317757,0.23598130841121495,0.26588785046728974
2141,525,542,505,569,0.24521251751517983,0.2531527323680523,0.2358710882765063,0.26576366184026157
2142,526,542,505,569,0.24556489262371614,0.2530345471521942,0.2357609710550887,0.26563958916900093
2143,527,542,505,569,0.24591693887074195,0.2529164722351843,0.23565095660289315,0.2655156322911806
2144,527,543,505,569,0.24580223880597016,0.25326492537313433,0.2355410447761194,0.2653917910447761
2145,527,543,505,570,0.2456876456876457,0.25314685314685315,0.23543123543123542,0.26573426573426573
2146,528,543,505,570,0.24603914259086673,0.2530288909599254,0.2353215284249767,0.2656104380242311
2147,528,543,505,571,0.24592454587796925,0.2529110386585934,0.2352119236143456,0.26595249184909175
2148,528,544,505,571,0.24581005586592178,0.2532588454376164,0.2351024208566108,0.26582867783985104
2149,529,544,505,571,0.24616100511865985,0.2531409958120056,0.23499302000930666,0.26570497906002793
2150,530,544,505,571,0.24651162790697675,0.25302325581395346,0.23488372093023255,0.26558139534883723
2151,531,544,505,571,0.24686192468619247,0.25290562529056254,0.23477452347745234,0.26545792654579264
2152,532,544,505,571,0.24721189591078066,0.2527881040892193,0.23466542750929367,0.2653345724907063
2153,533,544,505,571,0.24756154203437064,0.25267069205759407,0.2345564328843474,0.2652113330236879
2154,533,545,505,571,0.24744661095636025,0.2530176415970288,0.23444753946146704,0.26508820798514393
2155,533,545,505,572,0.24733178654292343,0.2529002320185615,0.23433874709976799,0.2654292343387471
2156,533,545,505,573,0.24721706864564008,0.2527829313543599,0.2342300556586271,0.2657699443413729
2157,533,545,505,574,0.24710245711636533,0.2526657394529439,0.23412146499768197,0.2661103384330088
2158,533,546,505,574,0.2469879518072289,0.25301204819277107,0.2340129749768304,0.2659870250231696
2159,533,547,505,574,0.24687355257063456,0.25335803612783697,0.23390458545622975,0.2658638258452988
2160,533,547,506,574,0.24675925925925926,0.25324074074074077,0.23425925925925925,0.2657407407407407
2161,533,547,506,575,0.24664507172605277,0.25312355391022673,0.23415085608514577,0.2660805182785747
2162,534,547,506,575,0.24699352451433856,0.2530064754856614,0.23404255319148937,0.26595744680851063
2163,534,547,507,575,0.24687933425797504,0.2528895053166898,0.23439667128987518,0.26583448913546
2164,534,548,507,575,0.24676524953789278,0.2532347504621072,0.2342883548983364,0.26571164510166356
2165,534,548,508,575,0.24665127020785219,0.2531177829099307,0.2346420323325635,0.26558891454965355
2166,534,549,508,575,0.24653739612188366,0.25346260387811637,0.234533702677747,0.265466297322253
2167,535,549,508,575,0.24688509460083063,0.2533456391324412,0.2344254730041532,0.265343793262575
2168,535,549,509,575,0.2467712177121771,0.25322878228782286,0.23477859778597787,0.26522140221402213
2169,535,549,510,575,0.24665744582757032,0.25311203319502074,0.2351313969571231,0.26509912402028585
2170,535,549,511,575,0.2465437788018433,0.25299539170506913,0.23548387096774193,0.26497695852534564
2171,535,550,511,575,0.24643021649009672,0.2533394748963611,0.2353754030400737,0.26485490557346847
2172,536,550,511,575,0.24677716390423574,0.2532228360957643,0.2352670349907919,0.2647329650092081
2173,537,550,511,575,0.2471237919926369,0.25310630464795214,0.23515876668200644,0.2646111366774045
2174,537,551,511,575,0.24701011959521618,0.2534498620055198,0.23505059797608097,0.2644894204231831
2175,537,551,511,576,0.24689655172413794,0.25333333333333335,0.23494252873563218,0.26482758620689656
2176,537,552,511,576,0.24678308823529413,0.2536764705882353,0.2348345588235294,0.2647058823529412
2177,537,553,511,576,0.24666972898484152,0.2540192926045016,0.2347266881028939,0.264584290307763
2178,537,553,512,576,0.2465564738292011,0.25390266299357206,0.23507805325987144,0.2644628099173554
2179,537,554,512,576,0.24644332262505736,0.25424506654428636,0.23497016980266178,0.2643414410279945
2180,537,554,513,576,0.2463302752293578,0.25412844036697246,0.2353211009174312,0.26422018348623855
2181,537,554,513,577,0.24621733149931224,0.2540119211370931,0.23521320495185694,0.26455754241173773
2182,537,554,514,577,0.2461044912923923,0.2538955087076077,0.23556370302474794,0.26443629697525206
2183,538,554,514,577,0.24644983967017867,0.25377920293174533,0.2354557947778287,0.26431516262024735
2184,538,554,515,577,0.24633699633699635,0.25366300366300365,0.2358058608058608,0.2641941391941392
2185,538,555,515,577,0.24622425629290617,0.2540045766590389,0.23569794050343248,0.26407322654462245
2186,538,555,516,577,0.24611161939615736,0.2538883806038426,0.23604757548032937,0.26395242451967066
2187,539,555,516,577,0.24645633287608595,0.25377229080932784,0.23593964334705075,0.2638317329675354
2188,539,555,517,577,0.2463436928702011,0.2536563071297989,0.2362888482632541,0.26371115173674586
2189,539,555,517,578,0.24623115577889448,0.2535404294198264,0.23618090452261306,0.2640475102786661
2190,539,555,517,579,0.2461187214611872,0.2534246575342466,0.23607305936073059,0.26438356164383564
2191,539,555,518,579,0.24600638977635783,0.25330899132816065,0.2364217252396166,0.2642628936558649
2192,539,556,518,579,0.24589416058394162,0.25364963503649635,0.2363138686131387,0.2641423357664234
2193,540,556,518,579,0.24623803009575923,0.25353397172822617,0.2362061103511172,0.2640218878248974
2194,540,556,518,580,0.24612579762989972,0.2534184138559708,0.23609845031905197,0.2643573381950775
2195,540,556,519,580,0.2460136674259681,0.2533029612756264,0.23644646924829157,0.2642369020501139
2196,540,556,519,581,0.2459016393442623,0.25318761384335153,0.23633879781420766,0.2645719489981785
2197,540,557,519,581,0.24578971324533455,0.2535275375512062,0.23623122439690486,0.26445152480655437
2198,540,557,520,581,0.2456778889899909,0.2534121929026388,0.23657870791628755,0.2643312101910828
2199,541,557,520,581,0.24602091859936334,0.2532969531605275,0.23647112323783537,0.26421100500227374
2200,542,557,520,581,0.24636363636363637,0.2531818181818182,0.23636363636363636,0.2640909090909091
2201,543,557,520,581,0.24670604270786006,0.2530667878237165,0.23625624716038165,0.2639709223080418
2202,543,558,520,581,0.24659400544959129,0.25340599455040874,0.23614895549500453,0.26385104450499547
2203,543,559,520,581,0.24648206990467544,0.253744893327281,0.23604176123468,0.2637312755333636
2204,543,560,520,581,0.24637023593466426,0.2540834845735027,0.23593466424682397,0.2636116152450091
2205,543,560,520,582,0.24625850340136055,0.25396825396825395,0.23582766439909297,0.2639455782312925
2206,544,560,520,582,0.24660018132366274,0.25385312783318226,0.2357207615593835,0.2638259292837715
2207,544,560,521,582,0.2464884458541006,0.25373810602628,0.23606705935659267,0.2637063887630267
2208,545,560,521,582,0.24682971014492755,0.2536231884057971,0.23596014492753623,0.26358695652173914
2209,545,561,521,582,0.24671797193300135,0.2539610683567225,0.23585332729741965,0.2634676324128565
2210,545,561,521,583,0.24660633484162897,0.25384615384615383,0.23574660633484162,0.26380090497737557
2211,545,561,521,584,0.2464947987336047,0.2537313432835821,0.23563998190863863,0.2641338760741746
2212,545,562,521,584,0.24638336347197107,0.25406871609403253,0.23553345388788427,0.2640144665461121
2213,545,563,521,584,0.24627202892001807,0.254405784003615,0.23542702214188885,0.26389516493447807
2214,545,563,521,585,0.24616079494128273,0.25429087624209573,0.23532068654019875,0.26422764227642276
2215,545,563,521,586,0.24604966139954854,0.25417607223476296,0.23521444695259594,0.26455981941309253
2216,545,564,521,586,0.24593862815884476,0.2545126353790614,0.23510830324909748,0.2644404332129964
2217,546,564,521,586,0.2462787550744249,0.2543978349120433,0.2350022552999549,0.2643211547135769
2218,546,564,521,587,0.24616771866546439,0.25428313796212804,0.23489630297565375,0.26465284039675385
2219,546,564,522,587,0.24605678233438485,0.2541685443893646,0.2352410995944119,0.26453357368183866
2220,546,564,522,588,0.24594594594594596,0.25405405405405407,0.23513513513513515,0.2648648648648649
2221,546,564,523,588,0.24583520936515083,0.25393966681674923,0.2354795137325529,0.26474561008554703
2222,546,564,523,589,0.24572457245724572,0.2538253825382538,0.23537353735373537,0.26507650765076507
2223,546,565,523,589,0.24561403508771928,0.25416104363472786,0.2352676563202879,0.26495726495726496
2224,546,565,524,589,0.24550359712230216,0.25404676258992803,0.2356115107913669,0.2648381294964029
2225,546,565,525,589,0.2453932584269663,0.2539325842696629,0.23595505617977527,0.2647191011235955
2226,547,565,525,589,0.24573225516621744,0.25381850853548965,0.2358490566037736,0.2646001796945193
2227,548,565,525,589,0.24607094746295466,0.2537045352492142,0.23574315222272116,0.26448136506511
2228,549,565,525,589,0.24640933572710952,0.2535906642728905,0.23563734290843807,0.2643626570915619
2229,549,565,526,589,0.24629878869448182,0.2534768954688201,0.23598026020637056,0.2642440556303275
2230,549,565,526,590,0.2461883408071749,0.2533632286995516,0.2358744394618834,0.2645739910313901
2231,550,565,526,590,0.24652622142536978,0.2532496638278799,0.23576871358135365,0.2644554011653967
2232,550,565,527,590,0.246415770609319,0.2531362007168459,0.2361111111111111,0.26433691756272404
2233,550,566,527,590,0.24630541871921183,0.2534706672637707,0.2360053739364084,0.264218540080609
2234,550,567,527,590,0.24619516562220234,0.25380483437779766,0.2358997314234557,0.26410026857654434
2235,550,568,527,590,0.24608501118568232,0.25413870246085013,0.23579418344519015,0.2639821029082774
2236,550,569,527,590,0.24597495527728086,0.25447227191413235,0.23568872987477638,0.2638640429338104
2237,551,569,527,590,0.24631202503352703,0.25435851586946806,0.23558337058560572,0.2637460885113992
2238,551,569,528,590,0.24620196604110814,0.25424486148346737,0.2359249329758713,0.26362823949955316
2239,551,570,528,590,0.24609200535953552,0.2545779365788298,0.23581956230460027,0.2635104957570344
2240,551,570,529,590,0.24598214285714284,0.2544642857142857,0.23616071428571428,0.26339285714285715
2241,551,571,529,590,0.2458723784024989,0.25479696564033916,0.23605533244087462,0.26327532351628735
2242,551,571,529,591,0.2457627118644068,0.2546833184656557,0.235950044603033,0.26360392506690455
2243,551,572,529,591,0.2456531431119037,0.2550156041016496,0.23584485064645563,0.2634864021399911
2244,551,572,529,592,0.24554367201426025,0.2549019607843137,0.2357397504456328,0.2638146167557932
2245,552,572,529,592,0.24587973273942093,0.25478841870824054,0.23563474387527839,0.26369710467706015
2246,553,572,529,592,0.2462154942119323,0.25467497773820125,0.23552983081032947,0.26357969723953695
2247,553,573,529,592,0.24610591900311526,0.25500667556742324,0.23542501112594572,0.2634623943035158
2248,553,574,529,592,0.2459964412811388,0.25533807829181493,0.2353202846975089,0.26334519572953735
2249,554,574,529,592,0.2463317029791018,0.2552245442418853,0.2352156514006225,0.2632281013783904
2250,555,574,529,592,0.24666666666666667,0.2551111111111111,0.2351111111111111,0.26311111111111113
2251,555,574,529,593,0.24655708573967125,0.25499777876499335,0.23500666370502,0.26343847179031543
2252,555,575,529,593,0.2464476021314387,0.2553285968028419,0.23490230905861456,0.2633214920071048
2253,556,575,529,593,0.2467820683533067,0.25521526853084775,0.23479804704837995,0.2632046160674656
2254,556,576,529,593,0.2466725820763088,0.25554569653948533,0.23469387755102042,0.26308784383318545
2255,556,577,529,593,0.2465631929046563,0.25587583148558757,0.23458980044345898,0.26297117516629714
2256,556,577,529,594,0.24645390070921985,0.2557624113475177,0.23448581560283688,0.2632978723404255
2257,557,577,529,594,0.2467877713779353,0.2556490917146655,0.23438192290651308,0.2631812140008861
2258,557,577,530,594,0.2466784765279008,0.2555358724534987,0.23472099202834368,0.2630646589902569
2259,557,577,530,595,0.24656927844178841,0.25542275343072157,0.23461708720672864,0.2633908809207614
2260,558,577,530,595,0.24690265486725663,0.2553097345132743,0.2345132743362832,0.26327433628318586
2261,559,577,530,595,0.24723573639982308,0.25519681556833257,0.2344095532950022,0.2631578947368421
2262,560,577,530,595,0.2475685234305924,0.2550839964633068,0.23430592396109637,0.2630415561450044
2263,560,578,530,595,0.2474591250552364,0.2554131683605833,0.2342023862129916,0.2629253203711887
2264,560,579,530,595,0.24734982332155478,0.25574204946996465,0.23409893992932862,0.2628091872791519
2265,561,579,530,595,0.247682119205298,0.2556291390728477,0.23399558498896247,0.26269315673289184
2266,561,579,531,595,0.24757281553398058,0.25551632833186233,0.23433362753751102,0.26257722859664606
2267,562,579,531,595,0.2479047198941332,0.25540361711513015,0.23423026025584473,0.26246140273489194
2268,562,579,531,596,0.24779541446208111,0.2552910052910053,0.23412698412698413,0.26278659611992944
2269,562,580,531,596,0.24768620537681799,0.255619215513442,0.23402379903040987,0.2626707800793301
2270,562,580,531,597,0.2475770925110132,0.2555066079295154,0.23392070484581498,0.2629955947136564
2271,563,580,531,597,0.24790841039189784,0.25539409951563186,0.23381770145310435,0.2628797886393659
2272,564,580,531,597,0.2482394366197183,0.25528169014084506,0.23371478873239437,0.26276408450704225
2273,565,580,531,597,0.24857017157941047,0.2551693796744391,0.2336119665640123,0.26264848218213815
2274,565,581,531,597,0.2484608619173263,0.25549692172383465,0.23350923482849603,0.262532981530343
2275,566,581,531,597,0.24879120879120878,0.2553846153846154,0.2334065934065934,0.2624175824175824
2276,566,581,532,597,0.24868189806678384,0.2552724077328647,0.23374340949033393,0.2623022847100176
2277,566,581,532,598,0.24857268335529206,0.2551602986385595,0.23364075537988582,0.26262626262626265
2278,567,581,532,598,0.2489025460930641,0.2550482879719052,0.23353819139596138,0.26251097453906935
2279,567,581,532,599,0.24879333040807372,0.2549363756033348,0.23343571741992103,0.2628345765686705
2280,567,581,533,599,0.24868421052631579,0.2548245614035088,0.2337719298245614,0.262719298245614
2281,567,581,534,599,0.24857518632178868,0.25471284524331433,0.2341078474353354,0.2626041209995616
2282,568,581,534,599,0.24890446976336547,0.254601226993865,0.23400525854513585,0.2624890446976337
2283,569,581,534,599,0.24923346473937802,0.2544897065265002,0.23390275952693823,0.26237406920718354
2284,570,581,534,599,0.24956217162872155,0.2543782837127846,0.23380035026269702,0.26225919439579687
2285,571,581,534,599,0.249890590809628,0.25426695842450764,0.2336980306345733,0.262144420131291
2286,571,581,535,599,0.24978127734033245,0.2541557305336833,0.23403324584426946,0.26202974628171477
2287,571,581,536,599,0.24967205946655008,0.2540445999125492,0.23436816790555312,0.26191517271534764
2288,571,581,536,600,0.24956293706293706,0.25393356643356646,0.23426573426573427,0.26223776223776224
2289,571,582,536,600,0.24945391000436873,0.254259501965924,0.23416339012669288,0.2621231979030144
2290,571,582,537,600,0.24934497816593887,0.2541484716157205,0.23449781659388647,0.26200873362445415
2291,572,582,537,600,0.24967263203841117,0.25403753819292885,0.2343954604975993,0.2618943692710607
2292,572,582,537,601,0.24956369982547993,0.25392670157068065,0.2342931937172775,0.26221640488656195
2293,572,583,537,601,0.2494548626253816,0.25425207152202356,0.2341910161360663,0.26210204971652856
2294,572,584,537,601,0.24934612031386225,0.25457715780296425,0.23408892763731473,0.2619877942458588
2295,572,585,537,601,0.24923747276688454,0.2549019607843137,0.23398692810457516,0.26187363834422656
2296,572,585,537,602,0.24912891986062718,0.2547909407665505,0.23388501742160278,0.2621951219512195
2297,573,585,537,602,0.24945581192860253,0.2546800174140183,0.23378319547235524,0.26208097518502393
2298,574,585,537,602,0.24978241949521324,0.2545691906005222,0.23368146214099217,0.2619669277632724
2299,574,586,537,602,0.2496737712048717,0.25489343192692476,0.23357981731187472,0.26185297955632886
2300,574,586,538,602,0.24956521739130436,0.25478260869565217,0.23391304347826086,0.2617391304347826
2301,574,587,538,602,0.2494567579313342,0.2551064754454585,0.23381138635375923,0.2616253802694481
2302,574,587,539,602,0.24934839270199827,0.25499565595134666,0.23414422241529106,0.26151172893136404
2303,575,587,539,602,0.2496743378202345,0.2548849326964828,0.23404255319148937,0.2613981762917933
2304,575,587,540,602,0.2495659722222222,0.2547743055555556,0.234375,0.2612847222222222
2305,575,587,540,603,0.24945770065075923,0.2546637744034707,0.23427331887201736,0.2616052060737527
2306,575,588,540,603,0.24934952298352125,0.25498699045967044,0.2341717259323504,0.26149176062445795
2307,575,589,540,603,0.2492414390983962,0.2553099263112267,0.2340702210663199,0.2613784135240572
2308,575,589,541,603,0.24913344887348354,0.2551993067590988,0.23440207972270363,0.26126516464471405
2309,575,589,542,603,0.249025552187094,0.2550887830229537,0.23473365093113902,0.2611520138588133
2310,575,590,542,603,0.24891774891774893,0.2554112554112554,0.23463203463203464,0.261038961038961
2311,575,590,542,604,0.24881003894418,0.25530073561228905,0.2345305062743401,0.26135871916919085
2312,575,591,542,604,0.24870242214532873,0.2556228373702422,0.23442906574394465,0.26124567474048443
2313,575,592,542,604,0.24859489840034588,0.2559446606139213,0.23432771292693472,0.2611327280587981
2314,576,592,542,604,0.24891961970613655,0.25583405358686256,0.23422644770959378,0.2610198789974071
2315,576,592,543,604,0.2488120950323974,0.2557235421166307,0.2345572354211663,0.2609071274298056
2316,577,592,543,604,0.24913644214162348,0.2556131260794473,0.2344559585492228,0.2607944732297064
2317,578,592,543,604,0.2494605092792404,0.25550280535174796,0.2343547690979715,0.26068191627104015
2318,578,592,544,604,0.24935289042277825,0.2553925798101812,0.23468507333908542,0.26056945642795515
2319,578,592,545,604,0.2492453643811988,0.25528244933160843,0.23501509271237603,0.2604570935748167
2320,579,592,545,604,0.2495689655172414,0.25517241379310346,0.2349137931034483,0.2603448275862069
2321,580,592,545,604,0.24989228780697975,0.25506247307195173,0.23481258078414477,0.2602326583369237
2322,580,593,545,604,0.24978466838931956,0.2553832902670112,0.2347114556416882,0.26012058570198104
2323,580,593,546,604,0.2496771416272062,0.25527335342229873,0.23504089539388723,0.2600086095566078
2324,581,593,546,604,0.25,0.25516351118760755,0.23493975903614459,0.25989672977624784
2325,581,593,546,605,0.24989247311827956,0.2550537634408602,0.23483870967741935,0.26021505376344084
2326,581,593,546,606,0.24978503869303526,0.2549441100601892,0.234737747205503,0.26053310404127256
2327,581,593,547,606,0.24967769660507091,0.2548345509239364,0.23506660936828536,0.26042114310270736
2328,581,593,548,606,0.2495704467353952,0.2547250859106529,0.23539518900343642,0.2603092783505155
2329,582,593,548,606,0.24989265779304423,0.25461571489909834,0.23529411764705882,0.26019750966079863
2330,582,593,548,607,0.2497854077253219,0.25450643776824033,0.2351931330472103,0.26051502145922745
2331,582,594,548,607,0.24967824967824967,0.2548262548262548,0.2350922350922351,0.2604032604032604
2332,582,594,548,608,0.24957118353344768,0.25471698113207547,0.23499142367066894,0.2607204116638079
2333,582,594,549,608,0.24946420917273895,0.2546078011144449,0.23531933133304758,0.26060865837976854
2334,582,595,549,608,0.2493573264781491,0.25492716366752355,0.2352185089974293,0.26049700085689803
2335,582,595,549,609,0.24925053533190578,0.25481798715203424,0.23511777301927195,0.26081370449678803
2336,583,595,549,609,0.2495719178082192,0.254708904109589,0.23501712328767124,0.2607020547945205
2337,584,595,549,609,0.24989302524604193,0.25459991442019686,0.23491655969191272,0.2605905006418485
2338,584,596,549,609,0.24978614200171087,0.2549187339606501,0.23481608212147134,0.26047904191616766
2339,585,596,549,609,0.2501068832834545,0.25480974775545107,0.23471569046601112,0.26036767849508335
2340,585,596,549,610,0.25,0.2547008547008547,0.23461538461538461,0.2606837606837607
2341,586,596,549,610,0.25032037590773176,0.25459205467748824,0.23451516445963264,0.2605724049551474
2342,587,596,549,610,0.2506404782237404,0.25448334756618274,0.23441502988898377,0.2604611443210931
2343,587,596,550,610,0.2505335040546308,0.25437473324797266,0.2347417840375587,0.26034997865983783
2344,587,597,550,610,0.25042662116040953,0.2546928327645051,0.23464163822525597,0.26023890784982934
2345,587,597,551,610,0.250319829424307,0.25458422174840084,0.23496801705756928,0.2601279317697228
2346,588,597,551,610,0.2506393861892583,0.2544757033248082,0.2348678601875533,0.26001705029838024
2347,589,597,551,610,0.2509586706433745,0.2543672773753728,0.23476778866638262,0.25990626331487005
2348,589,598,551,610,0.2508517887563884,0.25468483816013626,0.2346678023850085,0.25979557069846676
2349,590,598,551,610,0.2511707109408259,0.2545764154959557,0.2345679012345679,0.2596849723286505
2350,591,598,551,610,0.25148936170212766,0.25446808510638297,0.23446808510638298,0.25957446808510637
2351,592,598,551,610,0.25180774138664397,0.2543598468736708,0.23436835389196087,0.25946405784772436
2352,593,598,551,610,0.25212585034013607,0.2542517006802721,0.2342687074829932,0.2593537414965986
2353,593,599,551,610,0.2520186995325117,0.2545686357841054,0.23416914577135572,0.2592435189120272
2354,594,599,551,610,0.2523364485981308,0.2544604927782498,0.23406966864910791,0.25913338997451146
2355,594,600,551,610,0.2522292993630573,0.25477707006369427,0.23397027600849257,0.25902335456475584
2356,594,601,551,610,0.25212224108658743,0.25509337860780984,0.23387096774193547,0.25891341256366723
2357,594,602,551,610,0.2520152736529487,0.25540941875265166,0.23377174374204499,0.2588035638523547
2358,594,602,551,611,0.25190839694656486,0.2553011026293469,0.23367260390161154,0.2591178965224767
2359,594,603,551,611,0.25180161085205593,0.2556167867740568,0.23357354811360745,0.2590080542602798
2360,595,603,551,611,0.2521186440677966,0.2555084745762712,0.23347457627118645,0.25889830508474576
2361,596,603,551,611,0.2524354087251165,0.2554002541296061,0.23337568826768318,0.25878864887759423
2362,596,603,552,611,0.2523285351397121,0.25529212531752754,0.23370025402201525,0.25867908552074514
2363,596,603,552,612,0.25222175201015656,0.2551840880236987,0.23360135421074904,0.2589928057553957
2364,597,603,552,612,0.25253807106598986,0.2550761421319797,0.233502538071066,0.25888324873096447
2365,597,603,552,613,0.25243128964059197,0.2549682875264271,0.23340380549682876,0.25919661733615224
2366,598,603,552,613,0.25274725274725274,0.25486052409129334,0.23330515638207946,0.2590870667793745
2367,598,604,552,613,0.2526404731727926,0.25517532741867344,0.2332065906210393,0.2589776087874947
2368,598,605,552,613,0.25253378378378377,0.25548986486486486,0.23310810810810811,0.25886824324324326
2369,598,606,552,613,0.2524271844660194,0.25580413676656816,0.23300970873786409,0.25875897002954834
2370,598,607,552,613,0.2523206751054852,0.2561181434599156,0.23291139240506328,0.2586497890295359
2371,598,608,552,613,0.25221425558835936,0.2564318852804724,0.2328131590046394,0.2585407001265289
2372,599,608,552,613,0.2525295109612142,0.2563237774030354,0.2327150084317032,0.25843170320404724
2373,600,608,552,613,0.2528445006321112,0.2562157606405394,0.23261694058154236,0.258322798145807
2374,600,609,552,613,0.2527379949452401,0.2565290648694187,0.2325189553496209,0.2582139848357203
2375,600,609,553,613,0.25263157894736843,0.25642105263157894,0.2328421052631579,0.2581052631578947
2376,601,609,553,613,0.2529461279461279,0.2563131313131313,0.23274410774410775,0.257996632996633
2377,602,609,553,613,0.2532604122843921,0.2562053007993269,0.23264619267984854,0.2578880942364325
2378,602,610,553,613,0.2531539108494533,0.25651808242220353,0.23254835996635828,0.25777964676198484
2379,602,610,554,613,0.2530474989491383,0.2564102564102564,0.2328709541824296,0.2576712904581757
2380,602,610,555,613,0.2529411764705882,0.25630252100840334,0.23319327731092437,0.257563025210084
2381,602,610,555,614,0.252834943301134,0.25619487610247793,0.23309533809323812,0.25787484250314996
2382,602,611,555,614,0.25272879932829556,0.2565071368597817,0.23299748110831234,0.2577665827036104
2383,602,611,555,615,0.2526227444397818,0.2563994964330676,0.23289970625262274,0.2580780528745279
2384,602,611,555,616,0.2525167785234899,0.2562919463087248,0.23280201342281878,0.25838926174496646
2385,603,611,555,616,0.2528301886792453,0.2561844863731656,0.23270440251572327,0.25828092243186584
2386,604,611,555,616,0.2531433361274099,0.2560771165129925,0.23260687342833195,0.2581726739312657
2387,605,611,555,616,0.2534562211981567,0.2559698366149979,0.23250942605781316,0.25806451612903225
2388,605,611,555,617,0.2533500837520938,0.25586264656616414,0.23241206030150754,0.2583752093802345
2389,605,611,555,618,0.2532440351611553,0.25575554625366265,0.23231477605692757,0.2586856425282545
2390,605,611,555,619,0.25313807531380755,0.25564853556485356,0.23221757322175732,0.2589958158995816
2391,606,611,555,619,0.2534504391468005,0.2555416143872857,0.23212045169385195,0.2588874947720619
2392,606,612,555,619,0.25334448160535117,0.25585284280936454,0.23202341137123747,0.25877926421404684
2393,606,612,555,620,0.2532386126201421,0.2557459256163811,0.23192645215211033,0.2590890096113665
2394,607,612,555,620,0.25355054302422725,0.2556390977443609,0.23182957393483708,0.25898078529657476
2395,607,612,555,621,0.2534446764091858,0.25553235908141964,0.23173277661795408,0.2592901878914405
2396,607,613,555,621,0.253338898163606,0.2558430717863105,0.23163606010016694,0.25918196994991655
2397,607,613,555,622,0.25323320817688777,0.2557363370880267,0.23153942428035043,0.2594910304547351
2398,607,614,555,622,0.25312760633861553,0.25604670558799,0.23144286905754796,0.25938281901584653
2399,607,614,555,623,0.25302209253855773,0.255939974989579,0.23134639433097123,0.259691538140892
2400,608,614,555,623,0.25333333333333335,0.25583333333333336,0.23125,0.25958333333333333
2401,608,614,556,623,0.2532278217409413,0.25572678050812164,0.23157017909204497,0.2594752186588921
2402,609,614,556,623,0.25353871773522063,0.2556203164029975,0.231473771856786,0.25936719400499586
2403,609,615,556,623,0.2534332084893883,0.25593008739076156,0.23137744486059092,0.25925925925925924
2404,610,615,556,623,0.25374376039933444,0.25582362728785357,0.23128119800332778,0.2591514143094842
2405,610,615,557,623,0.25363825363825365,0.25571725571725573,0.2316008316008316,0.25904365904365906
2406,610,615,557,624,0.25353283458021614,0.25561097256857856,0.2315045719035744,0.2593516209476309
2407,610,615,558,624,0.25342750311591195,0.2555047777316161,0.23182384711258827,0.2592438720398837
2408,610,615,558,625,0.25332225913621265,0.2553986710963455,0.23172757475083056,0.2595514950166113
2409,611,615,558,625,0.2536322125363221,0.25529265255292655,0.23163138231631383,0.2594437525944375
2410,612,615,558,625,0.25394190871369293,0.2551867219917012,0.23153526970954358,0.25933609958506226
2411,612,615,558,626,0.253836582330983,0.2550808793031937,0.2314392368311904,0.25964330153463294
2412,612,616,558,626,0.2537313432835821,0.25538971807628524,0.23134328358208955,0.2595356550580431
2413,612,616,558,627,0.25362619146290927,0.2552838789888106,0.23124740986324077,0.25984251968503935
2414,612,616,558,628,0.2535211267605634,0.2551781275890638,0.2311516155758078,0.260149130074565
2415,612,616,558,629,0.253416149068323,0.25507246376811593,0.231055900621118,0.26045548654244305
2416,612,616,558,630,0.2533112582781457,0.25496688741721857,0.23096026490066227,0.26076158940397354
2417,612,616,559,630,0.253206454282168,0.2548613984278031,0.2312784443525031,0.2606537029375259
2418,613,616,559,630,0.2535153019023987,0.2547559966914806,0.23118279569892472,0.26054590570719605
2419,613,616,559,631,0.253410500206697,0.2546506821000413,0.23108722612649854,0.26085159156676313
2420,613,617,559,631,0.25330578512396695,0.25495867768595043,0.23099173553719007,0.26074380165289257
2421,613,617,560,631,0.25320115654688147,0.2548533663775299,0.23130937629078893,0.26063610078479965
2422,614,617,560,631,0.2535094962840628,0.254748142031379,0.23121387283236994,0.26052848885218827
2423,614,617,560,632,0.25340486999587286,0.25464300453982663,0.23111844820470492,0.26083367725959555
2424,614,617,560,633,0.2533003300330033,0.2545379537953795,0.23102310231023102,0.26113861386138615
2425,614,617,560,634,0.2531958762886598,0.25443298969072164,0.2309278350515464,0.26144329896907215
2426,614,618,560,634,0.25309150865622426,0.25474031327287716,0.23083264633140974,0.26133553173948887
2427,614,619,560,634,0.25298722702925425,0.2550473836011537,0.23073753605274,0.26122785331685205
2428,614,620,560,634,0.2528830313014827,0.2553542009884679,0.23064250411861614,0.26112026359143325
2429,615,620,560,634,0.25319061342116095,0.25524907369287775,0.23054755043227665,0.26101276245368465
2430,615,620,561,634,0.25308641975308643,0.2551440329218107,0.2308641975308642,0.2609053497942387
2431,615,620,561,635,0.25298231180584124,0.25503907856849034,0.23076923076923078,0.2612093788564377
2432,615,620,561,636,0.25287828947368424,0.25493421052631576,0.23067434210526316,0.26151315789473684
2433,616,620,561,636,0.2531853678586108,0.2548294286888615,0.23057953144266338,0.26140567200986436
2434,617,620,561,636,0.25349219391947414,0.25472473294987674,0.2304847986852917,0.2612982744453574
2435,617,621,561,636,0.253388090349076,0.25503080082135526,0.23039014373716632,0.26119096509240247
2436,617,621,561,637,0.2532840722495895,0.25492610837438423,0.23029556650246305,0.2614942528735632
2437,617,621,562,637,0.2531801395157981,0.2548215018465326,0.2306114074681986,0.26138695116947064
2438,617,621,562,638,0.2530762920426579,0.25471698113207547,0.23051681706316654,0.2616899097621001
2439,617,621,562,639,0.25297252972529727,0.25461254612546125,0.23042230422304222,0.26199261992619927
2440,617,621,562,640,0.2528688524590164,0.2545081967213115,0.230327868852459,0.26229508196721313
2441,617,621,563,640,0.2527652601392872,0.2544039328144203,0.23064317902498976,0.26218762802130274
2442,617,621,564,640,0.25266175266175267,0.2542997542997543,0.23095823095823095,0.2620802620802621
2443,617,622,564,640,0.25255832992222677,0.2546049938600082,0.23086369218174377,0.26197298403602126
2444,617,622,564,641,0.25245499181669395,0.25450081833060556,0.23076923076923078,0.2622749590834697
2445,618,622,564,641,0.252760736196319,0.25439672801635993,0.23067484662576687,0.2621676891615542
2446,618,623,564,641,0.2526573998364677,0.2547015535568275,0.23058053965658218,0.2620605069501227
2447,618,623,565,641,0.2525541479362485,0.25459746628524726,0.23089497343686147,0.2619534123416428
2448,619,623,565,641,0.252859477124183,0.25449346405228757,0.23080065359477125,0.2618464052287582
2449,619,623,566,641,0.2527562270314414,0.25438954675377706,0.23111474071049407,0.26173948550428744
2450,619,623,567,641,0.25265306122448977,0.2542857142857143,0.23142857142857143,0.26163265306122446
2451,620,623,567,641,0.2529579763361893,0.25418196654426767,0.23133414932680538,0.26152590779273766
2452,620,623,568,641,0.2528548123980424,0.25407830342577487,0.23164763458401305,0.26141924959216967
2453,620,624,568,641,0.2527517325723604,0.2543823889115369,0.23155320016306563,0.2613126783530371
2454,620,624,568,642,0.2526487367563162,0.254278728606357,0.23145884270578648,0.2616136919315403
2455,620,624,569,642,0.2525458248472505,0.2541751527494908,0.23177189409368634,0.2615071283095723
2456,620,625,569,642,0.252442996742671,0.2544788273615635,0.23167752442996742,0.26140065146579805
2457,620,626,569,642,0.2523402523402523,0.2547822547822548,0.23158323158323157,0.2612942612942613
2458,620,627,569,642,0.25223759153783565,0.25508543531326283,0.23148901545972336,0.2611879576891782
2459,621,627,569,642,0.2525416836112241,0.2549816998779992,0.23139487596583977,0.261081740544937
2460,621,627,569,643,0.2524390243902439,0.2548780487804878,0.23130081300813007,0.2613821138211382
2461,621,627,569,644,0.2523364485981308,0.25477448191791957,0.2312068264932954,0.2616822429906542
2462,621,627,570,644,0.252233956133225,0.2546709991876523,0.23151909017059302,0.26157595450852966
2463,621,627,570,645,0.25213154689403167,0.2545676004872107,0.23142509135200975,0.2618757612667479
2464,621,627,570,646,0.2520292207792208,0.2544642857142857,0.23133116883116883,0.2621753246753247
2465,621,628,570,646,0.2519269776876268,0.25476673427991886,0.23123732251521298,0.2620689655172414
2466,621,628,571,646,0.2518248175182482,0.2546634225466342,0.2315490673154907,0.2619626926196269
2467,621,629,571,646,0.25172274017024726,0.25496554519659503,0.23145520875557357,0.26185650587758413
2468,621,629,571,647,0.2516207455429498,0.25486223662884927,0.2313614262560778,0.2621555915721232
2469,621,629,572,647,0.2515188335358445,0.254759011745646,0.23167274200081003,0.2620494127176995
2470,621,629,572,648,0.25141700404858297,0.25465587044534416,0.23157894736842105,0.2623481781376518
2471,621,629,572,649,0.25131525698097934,0.254552812626467,0.23148522865236745,0.2626467017401862
2472,622,629,572,649,0.25161812297734626,0.2544498381877023,0.2313915857605178,0.26254045307443363
2473,623,629,572,649,0.2519207440355843,0.25434694702790134,0.2312980186008896,0.26243429033562476
2474,623,629,573,649,0.25181891673403395,0.25424413904607923,0.23160873080032338,0.26232821341956347
2475,623,630,573,649,0.25171717171717173,0.2545454545454545,0.2315151515151515,0.26222222222222225
2476,623,631,573,649,0.2516155088852989,0.25484652665589663,0.231421647819063,0.2621163166397415
2477,623,631,573,650,0.2515139281388777,0.2547436415018167,0.23132821962050867,0.26241421073879695
2478,624,631,573,650,0.25181598062953997,0.2546408393866021,0.23123486682808717,0.2623083131557708
2479,624,632,573,650,0.2517144009681323,0.254941508672852,0.23114158935054457,0.26220250100847114
2480,625,632,573,650,0.25201612903225806,0.25483870967741934,0.2310483870967742,0.2620967741935484
2481,625,633,573,650,0.25191455058444173,0.2551390568319226,0.2309552599758162,0.2619911326078194
2482,625,634,573,650,0.2518130539887188,0.25543916196615635,0.23086220789685738,0.2618855761482675
2483,625,634,574,650,0.2517116391461941,0.25533628674989933,0.23117196939186468,0.2617801047120419
2484,625,634,575,650,0.25161030595813205,0.25523349436392917,0.23148148148148148,0.2616747181964573
2485,625,634,575,651,0.2515090543259557,0.2551307847082495,0.23138832997987926,0.2619718309859155
2486,625,634,575,652,0.251407884151247,0.25502815768302495,0.23129525341914722,0.26226870474658087
2487,625,634,576,652,0.2513067953357459,0.25492561318858065,0.2316043425814234,0.2621632488942501
2488,626,634,576,652,0.2516077170418006,0.25482315112540194,0.2315112540192926,0.2620578778135048
2489,627,634,576,652,0.25190839694656486,0.2547207713941342,0.23141824025713137,0.26195259140216953
2490,627,635,576,652,0.25180722891566265,0.25502008032128515,0.23132530120481928,0.26184738955823295
2491,627,635,576,653,0.25170614211160175,0.25491770373344036,0.23123243677238056,0.2621437173825773
2492,627,636,576,653,0.2516051364365971,0.2552166934189406,0.23113964686998395,0.26203852327447835
2493,627,637,576,653,0.25150421179302046,0.255515443241075,0.23104693140794225,0.2619334135579623
2494,627,638,576,653,0.25140336808340014,0.2558139534883721,0.2309542902967121,0.26182838813151565
2495,627,638,577,653,0.25130260521042086,0.25571142284569137,0.2312625250501002,0.26172344689378757
2496,628,638,577,653,0.2516025641025641,0.25560897435897434,0.2311698717948718,0.26161858974358976
2497,628,638,577,654,0.2515018021625951,0.2555066079295154,0.23107729275130157,0.2619142971565879
2498,629,638,577,654,0.25180144115292236,0.255404323458767,0.23098478783026422,0.2618094475580464
2499,629,638,578,654,0.25170068027210885,0.2553021208483393,0.23129251700680273,0.2617046818727491
2500,629,638,579,654,0.2516,0.2552,0.2316,0.2616
2501,630,638,579,654,0.25189924030387845,0.2550979608156737,0.23150739704118353,0.2614954018392643
2502,631,638,579,654,0.2521982414068745,0.25499600319744203,0.2314148681055156,0.26139088729016785
2503,631,638,580,654,0.25209748302037555,0.25489412704754294,0.2317219336795845,0.261286456252497
2504,632,638,580,654,0.2523961661341853,0.2547923322683706,0.23162939297124602,0.26118210862619806
2505,632,638,580,655,0.25229540918163673,0.25469061876247506,0.2315369261477046,0.26147704590818366
2506,633,638,580,655,0.2525937749401437,0.25458898643256184,0.23144453312051078,0.2613727055067837
2507,633,638,581,655,0.25249301954527326,0.2544874351814918,0.2317510969285999,0.26126844834463503
2508,633,639,581,655,0.25239234449760767,0.25478468899521534,0.23165869218500798,0.26116427432216904
2509,633,640,581,655,0.25229174970107615,0.25508170585890794,0.23156636110003986,0.2610601833399761
2510,633,640,581,656,0.25219123505976093,0.2549800796812749,0.23147410358565737,0.2613545816733068
2511,633,640,581,657,0.2520908004778972,0.2548785344484269,0.23138191955396256,0.2616487455197133
2512,633,640,582,657,0.2519904458598726,0.25477707006369427,0.23168789808917198,0.26154458598726116
2513,633,641,582,657,0.2518901711102268,0.25507361719060884,0.23159570234779148,0.26144050935137286
2514,633,641,582,658,0.25178997613365156,0.2549721559268099,0.2315035799522673,0.2617342879872713
2515,633,641,583,658,0.25168986083499006,0.2548707753479125,0.23180914512922465,0.2616302186878728
2516,633,641,583,659,0.2515898251192369,0.25476947535771066,0.23171701112877582,0.26192368839427665
2517,633,641,584,659,0.25148986889153757,0.25466825586015096,0.2320222487087803,0.26181962653953117
2518,634,641,584,659,0.25178713264495634,0.2545671167593328,0.23193010325655283,0.2617156473391581
2519,634,642,584,659,0.2516871774513696,0.2548630408892418,0.2318380309646685,0.26161175069472015
2520,634,642,584,660,0.2515873015873016,0.25476190476190474,0.23174603174603176,0.2619047619047619
2521,635,642,584,660,0.25188417294724313,0.25466084886949625,0.23165410551368504,0.2618008726695756
2522,635,642,585,660,0.25178429817605075,0.25455987311657413,0.23195876288659795,0.2616970658207772
2523,635,642,585,661,0.25168450257629804,0.2544589774078478,0.2318668252080856,0.2619896948077685
2524,636,642,585,661,0.2519809825673534,0.2543581616481775,0.23177496038034864,0.26188589540412044
2525,636,642,586,661,0.2518811881188119,0.25425742574257426,0.2320792079207921,0.2617821782178218
2526,636,642,587,661,0.2517814726840855,0.25415676959619954,0.23238321456848773,0.26167854315122724
2527,636,642,588,661,0.2516818361693708,0.25405619311436484,0.23268698060941828,0.26157499010684604
2528,636,642,589,661,0.25158227848101267,0.25395569620253167,0.23299050632911392,0.2614715189873418
2529,637,642,589,661,0.25187821273230526,0.2538552787663108,0.23289837880585212,0.2613681296955318
2530,637,642,589,662,0.2517786561264822,0.25375494071146243,0.23280632411067192,0.2616600790513834
2531,637,642,589,663,0.25167917819043856,0.2536546819438957,0.2327143421572501,0.26195179770841565
2532,637,642,590,663,0.25157977883096366,0.25355450236966826,0.2330173775671406,0.2618483412322275
2533,637,643,590,663,0.2514804579549941,0.2538491906829846,0.2329253849190683,0.26174496644295303
2534,637,643,591,663,0.2513812154696133,0.2537490134175217,0.23322809786898185,0.2616416732438832
2535,637,643,592,663,0.2512820512820513,0.2536489151873767,0.23353057199211044,0.26153846153846155
2536,637,643,593,663,0.25118296529968454,0.2535488958990536,0.2338328075709779,0.2614353312302839
2537,637,643,594,663,0.2510839574300355,0.25344895545920376,0.23413480488766258,0.2613322822230981
2538,637,644,594,663,0.25098502758077224,0.25374310480693457,0.23404255319148937,0.26122931442080377
2539,637,644,594,664,0.25088617565970855,0.25364316660102404,0.23395037416305633,0.2615202835762111
2540,637,645,594,664,0.25078740157480317,0.25393700787401574,0.23385826771653542,0.2614173228346457
2541,637,646,594,664,0.25068870523415976,0.2542306178669815,0.23376623376623376,0.261314443132625
2542,638,646,594,664,0.25098347757671124,0.25413060582218727,0.23367427222659323,0.2612116443745083
2543,639,646,594,664,0.2512780180888714,0.2540306724341329,0.23358238301219034,0.2611089264648053
2544,639,646,594,665,0.2511792452830189,0.2539308176100629,0.23349056603773585,0.2613993710691824
2545,640,646,594,665,0.25147347740667975,0.2538310412573674,0.23339882121807465,0.26129666011787817
2546,640,647,594,665,0.2513747054202671,0.2541241162608013,0.2333071484681854,0.26119402985074625
2547,640,648,594,665,0.25127601099332547,0.254416961130742,0.2332155477031802,0.26109148017275224
2548,640,649,594,665,0.25117739403453687,0.25470957613814754,0.23312401883830455,0.260989010989011
2549,640,649,595,665,0.25107885445272654,0.25460965084346804,0.23342487249901922,0.2608866222047862
2550,640,649,595,666,0.25098039215686274,0.25450980392156863,0.23333333333333334,0.2611764705882353
2551,640,650,595,666,0.25088200705605646,0.25480203841630733,0.2332418659349275,0.26107408859270875
2552,640,650,595,667,0.2507836990595611,0.2547021943573668,0.23315047021943575,0.26136363636363635
2553,640,650,595,668,0.25068546807677244,0.254602428515472,0.23305914610262438,0.2616529573051312
2554,640,650,595,669,0.2505873140172279,0.2545027407987471,0.23296789350039154,0.2619420516836335
2555,640,650,596,669,0.25048923679060664,0.25440313111545987,0.23326810176125246,0.26183953033268104
2556,641,650,596,669,0.25078247261345854,0.2543035993740219,0.23317683881064163,0.26173708920187794
2557,642,650,596,669,0.2510754790770434,0.25420414548298786,0.23308564724286274,0.261634728197106
2558,642,650,597,669,0.2509773260359656,0.2541047693510555,0.23338545738858482,0.26153244722439406
2559,642,650,597,670,0.2508792497069168,0.25400547088706527,0.23329425556858147,0.2618210238374365
2560,642,650,597,671,0.25078125,0.25390625,0.233203125,0.262109375
2561,643,650,597,671,0.25107379929714957,0.25380710659898476,0.23311206559937525,0.2620070285044904
2562,644,650,597,671,0.25136612021857924,0.2537080405932865,0.23302107728337237,0.2619047619047619
2563,644,650,597,672,0.25126804525946156,0.2536090518923137,0.23293015996878658,0.26219274287943817
2564,644,650,597,673,0.25117004680187205,0.2535101404056162,0.2328393135725429,0.2624804992199688
2565,644,650,598,673,0.2510721247563353,0.253411306042885,0.2331384015594542,0.26237816764132554
2566,645,650,598,673,0.2513639906469213,0.2533125487139517,0.23304754481683554,0.2622759158222915
2567,645,650,599,673,0.2512660693416439,0.25321386832878845,0.2333463186599143,0.2621737436696533
2568,646,650,599,673,0.2515576323987539,0.2531152647975078,0.23325545171339565,0.2620716510903427
2569,646,650,600,673,0.2514597119501752,0.253016738030362,0.23355391202802647,0.26196963799143635
2570,646,650,601,673,0.25136186770428015,0.2529182879377432,0.233852140077821,0.26186770428015566
2571,647,650,601,673,0.2516530532866589,0.2528199144301828,0.2337611824192921,0.2617658498638662
2572,647,650,601,674,0.2515552099533437,0.2527216174183515,0.23367029548989113,0.2620528771384137
2573,647,650,602,674,0.2514574426739215,0.2526233968130587,0.23396813058686358,0.26195102992615626
2574,648,650,602,674,0.2517482517482518,0.25252525252525254,0.2338772338772339,0.2618492618492618
2575,648,650,603,674,0.2516504854368932,0.2524271844660194,0.2341747572815534,0.26174757281553396
2576,649,650,603,674,0.2519409937888199,0.25232919254658387,0.23408385093167702,0.26164596273291924
2577,649,650,604,674,0.25184322856034147,0.25223127667830814,0.23438106325184324,0.2615444315095072
2578,650,650,604,674,0.252133436772692,0.252133436772692,0.2342901474010861,0.26144297905352987
2579,650,650,605,674,0.2520356727413726,0.2520356727413726,0.23458704924389298,0.26134160527336175
2580,650,650,606,674,0.25193798449612403,0.25193798449612403,0.23488372093023255,0.26124031007751936
2581,650,651,606,674,0.25184037194885706,0.2522278186749322,0.2347927160015498,0.26113909337466096
2582,651,651,606,674,0.25213013168086756,0.25213013168086756,0.23470178156467855,0.26103795507358635
2583,651,651,607,674,0.25203252032520324,0.25203252032520324,0.23499806426635694,0.26093689508323653
2584,652,651,607,674,0.25232198142414863,0.25193498452012386,0.23490712074303405,0.2608359133126935
2585,652,652,607,674,0.25222437137330755,0.25222437137330755,0.23481624758220504,0.2607350096711799
2586,652,653,607,674,0.25212683681361175,0.2525135344160866,0.23472544470224285,0.26063418406805877
2587,653,653,607,674,0.25241592578275995,0.25241592578275995,0.2346347120216467,0.2605334364128334
2588,654,653,607,674,0.2527047913446677,0.25231839258114375,0.23454404945904173,0.2604327666151468
2589,655,653,607,674,0.2529934337582078,0.2522209347238316,0.23445345693317884,0.26033217458478175
2590,655,653,608,674,0.2528957528957529,0.25212355212355214,0.23474903474903475,0.2602316602316602
2591,655,654,608,674,0.2527981474334234,0.252412196063296,0.23465843303743728,0.26013122346584333
2592,655,654,608,675,0.2527006172839506,0.2523148148148148,0.2345679012345679,0.2604166666666667
2593,655,654,609,675,0.25260316236020053,0.2522175086772079,0.2348630929425376,0.260316236020054
2594,655,655,609,675,0.2525057825751735,0.2525057825751735,0.23477255204317657,0.2602158828064765
2595,655,655,609,676,0.2524084778420039,0.2524084778420039,0.23468208092485549,0.2605009633911368
2596,655,655,610,676,0.25231124807395994,0.25231124807395994,0.2349768875192604,0.26040061633281975
2597,655,655,611,676,0.2522140931844436,0.2522140931844436,0.235271467077397,0.2603003465537158
2598,655,655,612,676,0.25211701308698997,0.25211701308698997,0.23556581986143188,0.2602001539645881
2599,655,655,613,676,0.2520200076952674,0.2520200076952674,0.23585994613312813,0.26010003847633706
2600,655,656,613,676,0.2519230769230769,0.2523076923076923,0.23576923076923076,0.26
2601,655,656,614,676,0.2518262206843522,0.2522106881968474,0.23606305267204922,0.25990003844675125
2602,655,657,614,676,0.25172943889315913,0.25249807840122984,0.23597232897770945,0.2598001537279016
2603,656,657,614,676,0.2520169035728006,0.2524010756819055,0.2358816749903957,0.2597003457548982
2604,656,657,614,677,0.2519201228878648,0.2523041474654378,0.2357910906298003,0.25998463901689706
2605,656,657,614,678,0.25182341650671786,0.25220729366602684,0.23570057581573897,0.2602687140115163
2606,656,657,615,678,0.25172678434382195,0.2521105141980046,0.23599386032233308,0.2601688411358404
2607,656,657,616,678,0.25163022631377063,0.2520138089758343,0.23628691983122363,0.2600690448791715
2608,656,657,616,679,0.25153374233128833,0.25191717791411045,0.2361963190184049,0.26035276073619634
2609,656,658,616,679,0.25143733231123033,0.25220390954388655,0.23610578765810655,0.26025297048677654
2610,656,659,616,679,0.25134099616858235,0.2524904214559387,0.23601532567049807,0.26015325670498085
2611,657,659,616,679,0.2516277288395251,0.2523937188816545,0.2359249329758713,0.26005361930294907
2612,657,659,617,679,0.251531393568147,0.25229709035222053,0.23621745788667686,0.2599540581929556
2613,657,659,617,680,0.25143513203214696,0.25220053578262536,0.2361270570225794,0.2602372751626483
2614,657,659,617,681,0.2513389441469013,0.2521040550879878,0.23603672532517214,0.2605202754399388
2615,657,660,617,681,0.25124282982791585,0.25239005736137665,0.23594646271510517,0.2604206500956023
2616,657,660,617,682,0.2511467889908257,0.25229357798165136,0.23585626911314986,0.2607033639143731
2617,657,660,617,683,0.25105082155139474,0.25219717233473443,0.2357661444401987,0.26098586167367216
2618,657,660,618,683,0.2509549274255157,0.25210084033613445,0.23605805958747136,0.26088617265087855
2619,658,660,618,683,0.2512409316533028,0.2520045819014891,0.23596792668957617,0.2607865597556319
2620,658,660,619,683,0.2511450381679389,0.25190839694656486,0.2362595419847328,0.26068702290076334
2621,658,660,620,683,0.2510492178557802,0.25181228538725675,0.23655093475772607,0.26058756199923694
2622,658,660,621,683,0.2509534706331045,0.2517162471395881,0.23684210526315788,0.2604881769641495
2623,659,660,621,683,0.2512390392680137,0.25162028211971027,0.23675181090354555,0.2603888677087305
2624,659,660,621,684,0.25114329268292684,0.25152439024390244,0.23666158536585366,0.2606707317073171
2625,659,660,621,685,0.2510476190476191,0.25142857142857145,0.23657142857142857,0.26095238095238094
2626,659,660,622,685,0.25095201827875097,0.25133282559025133,0.23686214775323686,0.2608530083777609
2627,659,660,623,685,0.25085649029311,0.25123715264560337,0.23715264560334984,0.2607537114579368
2628,659,660,623,686,0.2507610350076104,0.2511415525114155,0.23706240487062405,0.2610350076103501
2629,660,660,623,686,0.2510460251046025,0.2510460251046025,0.23697223278813237,0.2609357170026626
2630,661,660,623,686,0.25133079847908746,0.2509505703422053,0.23688212927756655,0.26083650190114066
2631,661,660,623,687,0.25123527175978716,0.2508551881413911,0.23679209426073736,0.2611174458380844
2632,661,660,623,688,0.2511398176291793,0.2507598784194529,0.23670212765957446,0.2613981762917933
2633,662,660,623,688,0.25142423091530575,0.25066464109380937,0.23661222939612608,0.26129889859475885
2634,663,660,623,688,0.2517084282460137,0.2505694760820046,0.23652239939255884,0.2611996962794229
2635,663,661,623,688,0.25161290322580643,0.250853889943074,0.23643263757115748,0.26110056925996206
2636,663,662,623,688,0.2515174506828528,0.2511380880121396,0.23634294385432472,0.26100151745068284
2637,663,663,623,688,0.2514220705346985,0.2514220705346985,0.23625331816458095,0.260902540766022
2638,663,664,623,688,0.2513267626990144,0.2517058377558757,0.23616376042456405,0.2608036391205459
2639,663,665,623,688,0.2512315270935961,0.2519893899204244,0.23607427055702918,0.2607048124289504
2640,663,665,624,688,0.25113636363636366,0.2518939393939394,0.23636363636363636,0.2606060606060606
2641,663,666,624,688,0.2510412722453616,0.2521772056039379,0.23627413858386975,0.26050738356683073
2642,664,666,624,688,0.2513247539742619,0.25208175624526874,0.23618470855412566,0.2604087812263437
2643,664,667,624,688,0.2512296632614453,0.252364737041241,0.23609534619750283,0.2603102534998108
2644,665,667,624,688,0.25151285930408473,0.2522692889561271,0.23600605143721634,0.26021180030257185
2645,665,667,624,689,0.2514177693761815,0.25217391304347825,0.23591682419659735,0.2604914933837429
2646,665,668,624,689,0.25132275132275134,0.25245653817082386,0.23582766439909297,0.2603930461073318
2647,666,668,624,689,0.2516055912353608,0.2523611635814129,0.23573857196826598,0.26029467321496036
2648,666,668,625,689,0.2515105740181269,0.25226586102719034,0.23602719033232628,0.2601963746223565
2649,666,669,625,689,0.25141562853907135,0.25254813137032844,0.2359380898452246,0.26009815024537564
2650,666,669,626,689,0.2513207547169811,0.25245283018867926,0.23622641509433961,0.26
2651,666,670,626,689,0.25122595247076573,0.25273481705016976,0.23613730667672575,0.25990192380233873
2652,667,670,626,689,0.2515082956259427,0.2526395173453997,0.23604826546003016,0.25980392156862747
2653,667,670,626,690,0.2514134941575575,0.25254428948360347,0.23595929136826235,0.2600829249905767
2654,668,670,626,690,0.25169555388093445,0.25244913338357194,0.23587038432554636,0.25998492840994725
2655,669,670,626,690,0.2519774011299435,0.2523540489642185,0.23578154425612052,0.2598870056497175
2656,669,670,626,691,0.25188253012048195,0.2522590361445783,0.23569277108433734,0.2601656626506024
2657,670,670,626,691,0.2521640948438088,0.2521640948438088,0.23560406473466317,0.2600677455777192
2658,670,670,626,692,0.2520692249811889,0.2520692249811889,0.23551542513167795,0.26034612490594433
2659,670,671,626,692,0.25197442647611884,0.2523505077096653,0.23542685220007523,0.26024821361414063
2660,671,671,626,692,0.25225563909774434,0.25225563909774434,0.23533834586466165,0.26015037593984963
2661,672,671,626,692,0.2525366403607666,0.2521608417888012,0.235249906050357,0.26005261180007516
2662,673,671,626,692,0.2528174305033809,0.25206611570247933,0.23516153268219384,0.2599549211119459
2663,673,671,626,693,0.25272249342846415,0.251971460758543,0.2350732256853173,0.26023282012767557
2664,673,672,626,693,0.25262762762762764,0.25225225225225223,0.234984984984985,0.26013513513513514
2665,673,672,627,693,0.2525328330206379,0.25215759849906194,0.23527204502814258,0.2600375234521576
2666,673,672,628,693,0.2524381095273818,0.25206301575393847,0.2355588897224306,0.25993998499624904
2667,673,673,628,693,0.25234345706786654,0.25234345706786654,0.2354705661792276,0.25984251968503935
2668,673,674,628,693,0.25224887556221887,0.25262368815592207,0.2353823088455772,0.25974512743628186
2669,673,674,629,693,0.25215436493068566,0.25252903709254404,0.2356687898089172,0.25964780816785316
2670,673,674,629,694,0.25205992509363295,0.2524344569288389,0.23558052434456928,0.2599250936329588
2671,673,674,629,695,0.25196555597154624,0.2523399475851741,0.23549232497192063,0.26020217147135905
2672,674,674,629,695,0.2522455089820359,0.2522455089820359,0.23540419161676646,0.2601047904191617
2673,674,674,630,695,0.25215114104002995,0.25215114104002995,0.2356902356902357,0.26000748222970443
2674,674,675,630,695,0.25205684367988035,0.2524308152580404,0.2356020942408377,0.2599102468212416
2675,674,676,630,695,0.25196261682242993,0.25271028037383175,0.23551401869158878,0.25981308411214954
2676,674,676,631,695,0.25186846038863975,0.2526158445440957,0.23579970104633782,0.25971599402092677
2677,674,676,632,695,0.2517743742995891,0.25252147926783713,0.23608516996638026,0.2596189764661935
2678,674,676,633,695,0.25168035847647496,0.2524271844660194,0.23637042569081404,0.25952203136669155
2679,675,676,633,695,0.251959686450168,0.2523329600597238,0.23628219484882418,0.25942515864128407
2680,675,676,634,695,0.251865671641791,0.25223880597014925,0.23656716417910448,0.2593283582089552
2681,675,676,634,696,0.2517717269675494,0.25214472211861244,0.23647892577396493,0.2596046251398732
2682,675,677,634,696,0.2516778523489933,0.2524235645041014,0.23639075316927666,0.2595078299776286
2683,675,678,634,696,0.2515840477077898,0.2527021990309355,0.23630264629146477,0.2594111069698099
2684,675,679,634,696,0.25149031296572283,0.2529806259314456,0.23621460506706407,0.2593144560357675
2685,676,679,634,696,0.2517690875232775,0.25288640595903167,0.2361266294227188,0.25921787709497207
2686,676,679,634,697,0.2516753536857781,0.2527922561429635,0.23603871928518244,0.25949367088607594
2687,677,679,634,697,0.25195385187941943,0.25269817640491254,0.23595087458131744,0.25939709713435055
2688,677,680,634,697,0.25186011904761907,0.25297619047619047,0.23586309523809523,0.25930059523809523
2689,678,680,634,697,0.2521383413908516,0.2528821123094087,0.23577538118259575,0.2592041651171439
2690,678,681,634,697,0.2520446096654275,0.25315985130111524,0.23568773234200743,0.25910780669144984
2691,678,682,634,697,0.25195094760312153,0.25343738387216647,0.2356001486436269,0.2590115198810851
2692,678,683,634,697,0.25185735512630014,0.2537147102526003,0.23551263001485884,0.25891530460624074
2693,678,683,634,698,0.25176383215744524,0.2536204975863349,0.23542517638321575,0.2591904938730041
2694,679,683,634,698,0.2520415738678545,0.25352635486265773,0.23533778767631774,0.25909428359317
2695,679,683,635,698,0.2519480519480519,0.2534322820037106,0.23562152133580705,0.25899814471243043
2696,679,683,636,698,0.2518545994065282,0.25333827893175076,0.23590504451038577,0.2589020771513353
2697,679,683,636,699,0.25176121616611047,0.25324434556915093,0.23581757508342602,0.25917686318131256
2698,679,684,636,699,0.25166790214974055,0.2535211267605634,0.2357301704966642,0.2590808005930319
2699,679,684,637,699,0.25157465728047423,0.2534271952575028,0.2360133382734346,0.25898480918858835
2700,679,684,638,699,0.2514814814814815,0.25333333333333335,0.2362962962962963,0.2588888888888889
2701,679,684,639,699,0.2513883746760459,0.2532395409107738,0.2365790447982229,0.2587930396149574
2702,679,684,639,700,0.25129533678756477,0.2531458179126573,0.23649148778682458,0.25906735751295334
2703,679,684,640,700,0.2512023677395486,0.25305216426193117,0.23677395486496486,0.2589715131335553
2704,680,684,640,700,0.2514792899408284,0.2529585798816568,0.23668639053254437,0.2588757396449704
2705,680,684,641,700,0.2513863216266174,0.25286506469500925,0.23696857670979668,0.2587800369685767
2706,680,684,642,700,0.25129342202512933,0.25277161862527714,0.23725055432372505,0.2586844050258684
2707,680,684,642,701,0.25120059106021425,0.25267824159586255,0.23716291097155523,0.2589582563723679
2708,680,684,643,701,0.2511078286558346,0.25258493353028066,0.23744460856720828,0.2588626292466765
2709,680,685,643,701,0.25101513473606496,0.2528608342561831,0.23735695828719083,0.2587670727205611
2710,680,685,644,701,0.25092250922509224,0.25276752767527677,0.23763837638376384,0.25867158671586715
2711,681,685,644,701,0.25119881962375507,0.25267428992991514,0.23755071929177426,0.2585761711545555
2712,681,685,645,701,0.25110619469026546,0.2525811209439528,0.23783185840707965,0.2584808259587021
2713,681,685,645,702,0.2510136380390711,0.25248802064135645,0.2377441946185035,0.25875414670106894
2714,681,686,645,702,0.2509211495946942,0.2527634487840825,0.23765659543109802,0.25865880619012527
2715,681,686,645,703,0.25082872928176797,0.252670349907919,0.23756906077348067,0.25893186003683244
2716,681,686,646,703,0.2507363770250368,0.25257731958762886,0.23784977908689248,0.25883652430044185
2717,682,686,646,703,0.25101214574898784,0.25248435774751565,0.23776223776223776,0.25874125874125875
2718,683,686,646,703,0.2512877115526122,0.2523914643119941,0.2376747608535688,0.2586460632818249
2719,683,686,647,703,0.25119529238690697,0.2522986392055903,0.23795513056270687,0.2585509378447959
2720,684,686,647,703,0.2514705882352941,0.25220588235294117,0.23786764705882352,0.2584558823529412
2721,685,686,647,703,0.2517456817346564,0.25211319367879453,0.23778022785740535,0.2583608967291437
2722,686,686,647,703,0.2520205731080088,0.2520205731080088,0.23769287288758267,0.2582659808963997
2723,686,686,648,703,0.2519280205655527,0.2519280205655527,0.237972824091076,0.25817113477781856
2724,686,686,649,703,0.25183553597650515,0.25183553597650515,0.2382525697503671,0.2580763582966226
2725,686,686,649,704,0.251743119266055,0.251743119266055,0.2381651376146789,0.258348623853211
2726,687,686,649,704,0.252017608217168,0.2516507703595011,0.2380777696258254,0.2582538517975055
2727,687,687,649,704,0.25192519251925194,0.25192519251925194,0.23799046571323798,0.25815914924825817
2728,687,687,650,704,0.25183284457478006,0.25183284457478006,0.23826979472140764,0.25806451612903225
2729,688,687,650,704,0.2521069989006962,0.2517405643092708,0.23818248442652987,0.2579699523635031
2730,688,688,650,704,0.252014652014652,0.252014652014652,0.23809523809523808,0.2578754578754579
2731,688,688,651,704,0.2519223727572318,0.2519223727572318,0.23837422189674112,0.2577810325887953
2732,688,689,651,704,0.2518301610541728,0.2521961932650073,0.2382869692532943,0.25768667642752563
2733,688,689,651,705,0.2517380168313209,0.25210391511159896,0.23819978046103182,0.2579582875960483
2734,689,689,651,705,0.25201170446232624,0.25201170446232624,0.23811265544989027,0.25786393562545723
2735,689,689,651,706,0.2519195612431444,0.2519195612431444,0.2380255941499086,0.25813528336380254
2736,689,690,651,706,0.25182748538011696,0.25219298245614036,0.23793859649122806,0.2580409356725146
2737,689,691,651,706,0.25173547679941544,0.2524662038728535,0.23785166240409208,0.257946656923639
2738,690,691,651,706,0.252008765522279,0.25237399561723883,0.23776479181884588,0.25785244704163623
2739,690,692,651,706,0.25191675794085433,0.2526469514421322,0.23767798466593648,0.257758305951077
2740,690,693,651,706,0.2518248175182482,0.25291970802919705,0.2375912408759124,0.2576642335766423
2741,691,693,651,706,0.2520977745348413,0.2528274352426122,0.23750456037942358,0.25757022984312294
2742,691,693,651,707,0.25200583515681985,0.2527352297592998,0.237417943107221,0.2578409919766594
2743,691,693,651,708,0.25191396281443673,0.25264309150565073,0.23733138899015677,0.2581115566897557
2744,691,694,651,708,0.25182215743440234,0.2529154518950437,0.2372448979591837,0.25801749271137026
2745,691,694,651,709,0.2517304189435337,0.25282331511839706,0.2371584699453552,0.258287795992714
2746,691,695,651,709,0.25163874726875457,0.25309541150764747,0.2370721048798252,0.25819373634377274
2747,691,696,651,709,0.251547142337095,0.2533673097925009,0.23698580269384784,0.25809974517655626
2748,691,697,651,709,0.2514556040756914,0.2536390101892285,0.2368995633187773,0.25800582241630277
2749,691,698,651,709,0.2513641324117861,0.25391051291378686,0.23681338668606766,0.2579119679883594
2750,691,698,652,709,0.25127272727272726,0.25381818181818183,0.2370909090909091,0.25781818181818184
2751,691,698,652,710,0.2511813885859687,0.25372591784805526,0.23700472555434388,0.25808796801163214
2752,691,699,652,710,0.25109011627906974,0.2539970930232558,0.2369186046511628,0.25799418604651164
2753,691,700,652,710,0.2509989102796949,0.25426807119505995,0.23683254631311296,0.2579004722121322
2754,692,700,652,710,0.2512708787218591,0.2541757443718228,0.23674655047204066,0.25780682643427744
2755,692,700,653,710,0.25117967332123414,0.2540834845735027,0.23702359346642468,0.2577132486388385
2756,692,701,653,710,0.251088534107402,0.25435413642960814,0.23693759071117562,0.2576197387518142
2757,692,701,654,710,0.2509974610083424,0.2542618788538266,0.23721436343852012,0.2575262966993108
2758,692,702,654,710,0.25090645395213923,0.25453226976069615,0.23712835387962292,0.2574329224075417
2759,693,702,654,710,0.2511779630300834,0.2544400144980065,0.237042406669083,0.2573396158028271
2760,694,702,654,710,0.2514492753623188,0.2543478260869565,0.23695652173913043,0.2572463768115942
2761,694,703,654,710,0.2513582035494386,0.25461789206809127,0.23687069902209346,0.25715320536037667
2762,694,703,655,710,0.2512671976828385,0.2545257060101376,0.23714699493120928,0.25706010137581464
2763,695,703,655,710,0.25153818313427434,0.2544335866811437,0.2370611653999276,0.25696706478465436
2764,696,703,655,710,0.25180897250361794,0.2543415340086831,0.23697539797395079,0.2568740955137482
2765,696,704,655,710,0.25171790235081376,0.2546112115732369,0.23688969258589512,0.25678119349005424
2766,697,704,655,710,0.2519884309472162,0.2545191612436732,0.23680404916847433,0.25668835864063627
2767,697,705,655,710,0.2518973617636429,0.25478857968919405,0.23671846765449947,0.25659559089266354
2768,698,705,655,710,0.25216763005780346,0.2546965317919075,0.23663294797687862,0.2565028901734104
2769,698,705,656,710,0.25207656193571687,0.25460455037919827,0.23690863127482845,0.2564102564102564
2770,699,705,656,710,0.2523465703971119,0.2545126353790614,0.2368231046931408,0.2563176895306859
2771,699,705,656,711,0.2522555034283652,0.25442078671959584,0.23673763984121257,0.2565860700108264
2772,699,705,657,711,0.25216450216450215,0.25432900432900435,0.237012987012987,0.2564935064935065
2773,699,706,657,711,0.25207356653443924,0.2545979084024522,0.23692751532636133,0.25640100973674723
2774,700,706,657,711,0.25234318673395817,0.25450612833453495,0.23684210526315788,0.25630857966834897
2775,700,706,658,711,0.25225225225225223,0.2544144144144144,0.2371171171171171,0.2562162162162162
2776,700,707,658,711,0.2521613832853026,0.2546829971181556,0.23703170028818443,0.2561239193083574
2777,700,707,659,711,0.25207057976233344,0.2545912855599568,0.23730644580482535,0.2560316888728844
2778,700,708,659,711,0.251979841612671,0.2548596112311015,0.23722102231821454,0.25593952483801297
2779,700,709,659,711,0.2518891687657431,0.2551277437927312,0.23713566030946384,0.2558474271320619
2780,701,709,659,711,0.252158273381295,0.2550359712230216,0.2370503597122302,0.25575539568345323
2781,702,709,659,711,0.2524271844660194,0.2549442646530025,0.2369651204602661,0.255663430420712
2782,702,710,659,711,0.2523364485981308,0.25521207764198417,0.23687994248741912,0.25557153127246585
2783,702,710,659,712,0.25224577793747754,0.2551203736974488,0.23679482572763205,0.2558390226374416
2784,702,710,659,713,0.2521551724137931,0.2550287356321839,0.23670977011494254,0.25610632183908044
2785,702,711,659,713,0.25206463195691203,0.2552962298025135,0.23662477558348294,0.25601436265709154
2786,702,712,659,713,0.2519741564967696,0.2555635319454415,0.23653984206748027,0.25592246949030867
2787,702,713,659,713,0.2518837459634015,0.2558306422676713,0.23645496950125583,0.2558306422676713
2788,703,713,659,713,0.25215208034433284,0.25573888091822095,0.23637015781922524,0.25573888091822095
2789,704,713,659,713,0.2524202223019003,0.25564718537110076,0.23628540695589817,0.25564718537110076
2790,704,713,660,713,0.2523297491039427,0.25555555555555554,0.23655913978494625,0.25555555555555554
2791,704,713,661,713,0.2522393407380867,0.25546399140093157,0.23683267646005016,0.25546399140093157
2792,704,713,662,713,0.2521489971346705,0.25537249283667623,0.23710601719197708,0.25537249283667623
2793,705,713,662,713,0.25241675617615467,0.255281059792338,0.23702112423916935,0.255281059792338
2794,705,714,662,713,0.2523264137437366,0.25554760200429494,0.23693629205440228,0.2551896921975662
2795,706,714,662,713,0.2525939177101968,0.2554561717352415,0.23685152057245082,0.25509838998211093
2796,706,715,662,713,0.2525035765379113,0.25572246065808296,0.23676680972818312,0.2550071530758226
2797,707,715,662,713,0.25277082588487665,0.2556310332499106,0.2366821594565606,0.2549159814086521
2798,707,715,662,714,0.2526804860614725,0.2555396711937098,0.2365975696926376,0.2551822730521801
2799,707,716,662,714,0.2525902107895677,0.255805644873169,0.23651304037156126,0.25509110396570206
2800,707,716,662,715,0.2525,0.2557142857142857,0.23642857142857143,0.25535714285714284
2801,707,717,662,715,0.2524098536237058,0.25598000714030705,0.23634416279900036,0.2552659764369868
2802,708,717,662,715,0.25267665952890794,0.2558886509635974,0.23625981441827265,0.255174875089222
2803,708,717,662,716,0.25258651444880487,0.25579735997145914,0.2361755262219051,0.2554405993578309
2804,708,718,662,716,0.2524964336661912,0.25606276747503565,0.23609129814550642,0.2553495007132668
2805,708,719,662,716,0.25240641711229944,0.25632798573975046,0.23600713012477717,0.2552584670231729
2806,708,719,662,717,0.2523164647184604,0.2562366357804704,0.2359230220955096,0.25552387740555954
2807,708,719,662,718,0.2522265764161026,0.2561453509084432,0.23583897399358747,0.2557890986818668
2808,708,720,662,718,0.25213675213675213,0.2564102564102564,0.23575498575498577,0.2556980056980057
2809,709,720,662,718,0.25240299038803843,0.2563189747241011,0.23567105731577073,0.2556069775720897
2810,709,720,663,718,0.2523131672597865,0.25622775800711745,0.23594306049822064,0.25551601423487547
2811,710,720,663,718,0.25257915332621844,0.256136606189968,0.23585912486659552,0.2554251156172181
2812,710,720,663,719,0.2524893314366999,0.25604551920341395,0.23577524893314367,0.25568990042674256
2813,710,720,663,720,0.2523995734091717,0.25595449697831496,0.23569143263419837,0.25595449697831496
2814,710,720,664,720,0.2523098791755508,0.255863539445629,0.23596304193319118,0.255863539445629
2815,710,720,665,720,0.2522202486678508,0.2557726465364121,0.23623445825932504,0.2557726465364121
2816,710,720,666,720,0.2521306818181818,0.2556818181818182,0.23650568181818182,0.2556818181818182
2817,711,720,666,720,0.2523961661341853,0.25559105431309903,0.2364217252396166,0.25559105431309903
2818,711,720,667,720,0.2523066004258339,0.255500354861604,0.23669268985095812,0.255500354861604
2819,711,720,667,721,0.25221709826179495,0.2554097197587797,0.23660872649875841,0.2557644554806669
2820,711,720,667,722,0.2521276595744681,0.2553191489361702,0.23652482269503547,0.2560283687943262
2821,711,720,667,723,0.25203828429634884,0.25522864232541653,0.23644097837646225,0.2562920950017724
2822,711,721,667,723,0.25194897236002833,0.2554925584691708,0.23635719347980155,0.25620127569099926
2823,711,722,667,723,0.2518597236981934,0.2557562876372653,0.23627346794190576,0.2561105207226355
2824,711,722,667,724,0.25177053824362605,0.2556657223796034,0.2361898016997167,0.2563739376770538
2825,711,723,667,724,0.25168141592920357,0.255929203539823,0.23610619469026548,0.25628318584070797
2826,711,724,667,724,0.2515923566878981,0.25619249823071477,0.23602264685067234,0.25619249823071477
2827,712,724,667,724,0.2518570923240184,0.2561018747789176,0.23593915811814645,0.2561018747789176
2828,712,725,667,724,0.25176803394625175,0.25636492220650636,0.23585572842998587,0.256011315417256
2829,712,725,667,725,0.25167903852951573,0.2562743018734535,0.23577235772357724,0.2562743018734535
2830,713,725,667,725,0.2519434628975265,0.25618374558303886,0.23568904593639575,0.25618374558303886
2831,713,725,668,725,0.25185446838572945,0.2560932532673967,0.23595902507947722,0.2560932532673967
2832,713,725,668,726,0.2517655367231638,0.2560028248587571,0.23587570621468926,0.2563559322033898
2833,713,725,668,727,0.2516766678432757,0.2559124602894458,0.23579244617013767,0.25661842569714083
2834,713,726,668,727,0.2515878616796048,0.25617501764290757,0.23570924488355682,0.2565278757939308
2835,713,727,668,727,0.25149911816578485,0.2564373897707231,0.23562610229276895,0.2564373897707231
2836,713,727,668,728,0.251410437235543,0.2563469675599436,0.23554301833568406,0.2566995768688293
2837,713,727,668,729,0.25132181882270005,0.2562566090941135,0.23545999295029962,0.25696157913288686
2838,714,727,668,729,0.25158562367864695,0.2561663143058492,0.23537702607470048,0.2568710359408034
2839,714,727,669,729,0.25149700598802394,0.2560760831278619,0.2356463543501233,0.25678055653399084
2840,715,727,669,729,0.2517605633802817,0.25598591549295774,0.23556338028169013,0.2566901408450704
2841,715,728,669,729,0.2516719464977121,0.25624780007039777,0.235480464625132,0.2565997888067582
2842,715,728,669,730,0.25158339197748064,0.2561576354679803,0.2353976073187896,0.2568613652357495
2843,715,728,670,730,0.2514948997537812,0.25606753429475904,0.23566654941962714,0.2567710165318326
2844,715,728,670,731,0.25140646976090014,0.2559774964838256,0.23558368495077356,0.2570323488045007
2845,715,728,670,732,0.2513181019332162,0.25588752196836556,0.23550087873462214,0.25729349736379614
2846,715,728,670,733,0.2512297962052003,0.25579761068165846,0.2354181307097681,0.25755446240337315
2847,715,728,671,733,0.2511415525114155,0.2557077625570776,0.23568668774148227,0.2574639971900246
2848,715,729,671,733,0.25105337078651685,0.2559691011235955,0.23560393258426968,0.257373595505618
2849,715,729,671,734,0.25096525096525096,0.25587925587925586,0.23552123552123552,0.2576342576342576
2850,715,730,671,734,0.25087719298245614,0.256140350877193,0.23543859649122806,0.2575438596491228
2851,715,730,671,735,0.2507891967730621,0.256050508593476,0.23535601543318135,0.2578042792002806
2852,715,730,672,735,0.2507012622720898,0.255960729312763,0.23562412342215988,0.25771388499298736
2853,716,730,672,735,0.2509638976515948,0.25587101296880477,0.23554153522607782,0.2576235541535226
2854,716,731,672,735,0.2508759635599159,0.2561317449194114,0.23545900490539592,0.2575332866152768
2855,716,732,672,735,0.25078809106830124,0.2563922942206655,0.23537653239929948,0.2574430823117338
2856,716,732,672,736,0.2507002801120448,0.25630252100840334,0.23529411764705882,0.25770308123249297
2857,716,733,672,736,0.2506125306265313,0.2565628281414071,0.2352117605880294,0.2576128806440322
2858,716,734,672,736,0.25052484254723584,0.2568229531140658,0.2351294611616515,0.2575227431770469
2859,716,734,672,737,0.25043721580972367,0.25673312346974464,0.23504721930745015,0.2577824414130815
2860,717,734,672,737,0.2506993006993007,0.25664335664335663,0.23496503496503496,0.25769230769230766
2861,717,735,672,737,0.2506116742397763,0.25690318070604684,0.23488290807409998,0.2576022369800769
2862,718,735,672,737,0.2508735150244584,0.25681341719077566,0.2348008385744235,0.2575122292103424
2863,718,735,673,737,0.2507858889276982,0.2567237163814181,0.23506811037373385,0.25742228431714986
2864,718,736,673,737,0.2506983240223464,0.2569832402234637,0.23498603351955308,0.2573324022346369
2865,718,736,674,737,0.2506108202443281,0.2568935427574171,0.23525305410122163,0.25724258289703317
2866,718,736,675,737,0.2505233775296581,0.2568039078855548,0.235519888346127,0.25715282623866015
2867,718,736,676,737,0.2504359958144402,0.25671433554237877,0.2357865364492501,0.25706313219393095
2868,718,736,676,738,0.2503486750348675,0.25662482566248257,0.23570432357043236,0.25732217573221755
2869,718,736,676,739,0.25026141512722205,0.2565353781805507,0.23562216800278843,0.2575810386894388
2870,718,737,676,739,0.25017421602787454,0.25679442508710804,0.23554006968641114,0.25749128919860625
2871,718,737,676,740,0.2500870776732846,0.2567049808429119,0.23545802856147685,0.25774991292232674
2872,718,738,676,740,0.25,0.25696378830083566,0.23537604456824512,0.2576601671309192
2873,718,738,677,740,0.24991298294465716,0.2568743473720849,0.23564218586843022,0.2575704838148277
2874,718,739,677,740,0.24982602644398053,0.25713291579679887,0.23556019485038274,0.25748086290883787
2875,718,739,678,740,0.2497391304347826,0.25704347826086954,0.23582608695652174,0.2573913043478261
2876,718,740,678,740,0.24965229485396384,0.2573018080667594,0.2357440890125174,0.2573018080667594
2877,718,740,679,740,0.24956551963851234,0.2572123740006952,0.2360097323600973,0.2572123740006952
2878,718,741,679,740,0.24947880472550382,0.25747046560111186,0.2359277275886032,0.2571230020847811
2879,718,742,679,740,0.2493921500521014,0.25772837790899616,0.23584577978464744,0.25703369225425493
2880,719,742,679,740,0.24965277777777778,0.25763888888888886,0.23576388888888888,0.2569444444444444
2881,719,742,680,740,0.2495661228740021,0.2575494619923638,0.23602915654286705,0.2568552585907671
2882,719,742,680,741,0.2494795281054823,0.25746009715475365,0.2359472588480222,0.25711311589174185
2883,719,743,680,741,0.24939299340964274,0.2577176552202567,0.23586541796739507,0.2570239334027055
2884,719,743,681,741,0.24930651872399445,0.257628294036061,0.23613037447988905,0.2569348127600555
2885,719,744,681,741,0.24922010398613517,0.2578856152512998,0.23604852686308492,0.25684575389948006
2886,719,744,682,741,0.24913374913374914,0.2577962577962578,0.2363132363132363,0.25675675675675674
2887,719,745,682,741,0.24904745410460685,0.258053342570142,0.23623138205749913,0.256667821267752
2888,719,745,682,742,0.2489612188365651,0.2579639889196676,0.23614958448753462,0.2569252077562327
2889,719,745,683,742,0.24887504326756663,0.2578746971270336,0.23641398407753547,0.2568362755278643
2890,720,745,683,742,0.2491349480968858,0.2577854671280277,0.23633217993079586,0.25674740484429065
2891,721,745,683,742,0.24939467312348668,0.25769629885852646,0.23625043237634036,0.2566585956416465
2892,721,745,684,742,0.24930843706777317,0.25760719225449513,0.23651452282157676,0.2565698478561549
2893,721,745,684,743,0.24922226062910474,0.2575181472519876,0.23643276875216038,0.25682682336674734
2894,721,745,684,744,0.24913614374568072,0.2574291637871458,0.23635107118175536,0.2570836212854181
2895,722,745,684,744,0.24939550949913644,0.25734024179620035,0.23626943005181347,0.25699481865284973
2896,722,745,685,744,0.24930939226519336,0.2572513812154696,0.23653314917127072,0.2569060773480663
2897,722,745,686,744,0.2492233344839489,0.25716258198136005,0.23679668622713151,0.25681739730755954
2898,722,745,686,745,0.24913733609385783,0.25707384403036576,0.23671497584541062,0.25707384403036576
2899,722,746,686,745,0.24905139703345983,0.257330113832356,0.23663332183511557,0.2569851672990686
2900,722,746,687,745,0.2489655172413793,0.25724137931034485,0.23689655172413793,0.25689655172413794
2901,722,746,688,745,0.2488796966563254,0.25715270596346085,0.23715960013788348,0.2568079972423302
2902,722,746,688,746,0.24879393521709167,0.2570640937284631,0.2370778773259821,0.2570640937284631
2903,722,746,688,747,0.24870823286255597,0.25697554254219773,0.23699621081639682,0.25732001377884944
2904,722,746,688,748,0.24862258953168045,0.2568870523415978,0.2369146005509642,0.25757575757575757
2905,722,746,689,748,0.24853700516351118,0.2567986230636833,0.23717728055077453,0.257487091222031
2906,722,746,690,748,0.24845147969717826,0.2567102546455609,0.23743977976600136,0.25739848589125947
2907,723,746,690,748,0.24871001031991744,0.2566219470244238,0.23735810113519093,0.2573099415204678
2908,724,746,690,748,0.24896836313617607,0.25653370013755156,0.23727647867950483,0.25722145804676755
2909,724,747,690,748,0.24888277758679958,0.25678927466483326,0.23719491234101064,0.2571330354073565
2910,725,747,690,748,0.24914089347079038,0.256701030927835,0.23711340206185566,0.2570446735395189
2911,725,747,691,748,0.24905530745448298,0.25661284781861904,0.23737547234627276,0.25695637238062524
2912,726,747,691,748,0.24931318681318682,0.25652472527472525,0.23729395604395603,0.25686813186813184
2913,727,747,691,748,0.24957088911774802,0.2564366632337796,0.2372124957088912,0.2567799519395812
2914,727,748,691,748,0.24948524365133837,0.25669183253260125,0.23713109128345916,0.25669183253260125
2915,727,749,691,748,0.24939965694682675,0.2569468267581475,0.23704974271012008,0.25660377358490566
2916,727,750,691,748,0.24931412894375857,0.257201646090535,0.2369684499314129,0.25651577503429357
2917,728,750,691,748,0.2495714775454234,0.2571134727459719,0.23688721288995543,0.2564278368186493
2918,729,750,691,748,0.24982864976010966,0.2570253598355038,0.23680603152844415,0.2563399588759424
2919,729,750,691,749,0.249743062692703,0.2569373072970195,0.236724905789654,0.2565947242206235
2920,729,751,691,749,0.24965753424657533,0.2571917808219178,0.23664383561643837,0.2565068493150685
2921,729,751,691,750,0.24957206436152002,0.25710373159876754,0.23656282095172887,0.2567613830879836
2922,730,751,691,750,0.24982888432580425,0.25701574264202603,0.23648186173853525,0.25667351129363447
2923,730,752,691,750,0.24974341430037633,0.2572699281560041,0.23640095791994525,0.25658569962367433
2924,730,753,691,750,0.2496580027359781,0.25752393980848154,0.2363201094391245,0.25649794801641584
2925,731,753,691,750,0.24991452991452992,0.25743589743589745,0.23623931623931624,0.2564102564102564
2926,732,753,691,750,0.2501708817498291,0.2573479152426521,0.23615857826384143,0.2563226247436774
2927,733,753,691,750,0.2504270584215921,0.25725999316706527,0.2360778954560984,0.2562350529552443
2928,733,754,691,750,0.2503415300546448,0.2575136612021858,0.23599726775956284,0.25614754098360654
2929,733,755,691,750,0.2502560600887675,0.2577671560259474,0.23591669511778765,0.2560600887674974
2930,733,755,692,750,0.2501706484641638,0.257679180887372,0.23617747440273038,0.25597269624573377
2931,733,755,692,751,0.25008529512111904,0.2575912657795974,0.23609689525759125,0.25622654384169224
2932,733,755,693,751,0.25,0.2575034106412005,0.23635743519781718,0.25613915416098226
2933,733,756,693,751,0.24991476304125468,0.2577565632458234,0.23627684964200477,0.25605182407091714
2934,733,757,693,751,0.2498295841854124,0.2580095432856169,0.2361963190184049,0.2559645535105658
2935,733,758,693,751,0.24974446337308348,0.25826235093696764,0.23611584327086882,0.25587734241908006
2936,734,758,693,751,0.25,0.25817438692098094,0.23603542234332425,0.2557901907356948
2937,734,758,693,752,0.24991487912836227,0.25808648280558394,0.23595505617977527,0.2560435818862785
2938,734,759,693,752,0.2498298162014976,0.25833900612661675,0.23587474472430225,0.2559564329475834
2939,734,760,693,752,0.2497448111602586,0.2585913576046274,0.23579448792106159,0.2558693433140524
2940,734,760,694,752,0.24965986394557824,0.2585034013605442,0.23605442176870747,0.25578231292517006
2941,734,760,694,753,0.2495749744984699,0.2584155049302958,0.23597415844950698,0.2560353621217273
2942,735,760,694,753,0.24983004758667574,0.25832766825288916,0.23589394969408567,0.2559483344663494
2943,735,760,694,754,0.24974515800203873,0.2582398912674142,0.23581379544682296,0.2562011552837241
2944,736,760,694,754,0.25,0.25815217391304346,0.23573369565217392,0.2561141304347826
2945,736,760,695,754,0.2499151103565365,0.25806451612903225,0.23599320882852293,0.2560271646859083
2946,736,760,695,755,0.24983027834351662,0.25797691785471827,0.23591310251188052,0.2562797012898846
2947,736,760,695,756,0.24974550390227349,0.2578893790295215,0.23583305055989143,0.25653206650831356
2948,737,760,695,756,0.25,0.25780189959294436,0.23575305291723203,0.2564450474898236
2949,737,760,695,757,0.24991522550016954,0.25771447948457105,0.23567310952865378,0.25669718548660564
2950,737,760,696,757,0.24983050847457627,0.2576271186440678,0.2359322033898305,0.25661016949152543
2951,738,760,696,757,0.25008471704506946,0.25753981701118267,0.23585225347339886,0.25652321247034904
2952,738,761,696,757,0.25,0.25779132791327913,0.23577235772357724,0.2564363143631436
2953,738,761,697,757,0.2499153403318659,0.2577040298002032,0.23603115475787334,0.25634947511005757
2954,738,761,697,758,0.24983073798239674,0.2576167907921462,0.23595125253893026,0.25660121868652674
2955,739,761,697,758,0.2500846023688663,0.2575296108291032,0.2358714043993232,0.2565143824027073
2956,739,761,698,758,0.25,0.2574424898511502,0.2361299052774019,0.2564276048714479
2957,739,762,698,758,0.24991545485289143,0.2576936083868786,0.23605005072708826,0.2563408860331417
2958,740,762,698,758,0.2501690331304936,0.25760649087221094,0.23597025016903314,0.25625422582826235
2959,740,762,699,758,0.2500844880027036,0.25751943224062185,0.23622845555931057,0.256167624197364
2960,740,763,699,758,0.25,0.2577702702702703,0.23614864864864865,0.2560810810810811
2961,740,763,700,758,0.24991556906450524,0.2576832151300236,0.2364066193853428,0.25599459642012834
2962,740,764,700,758,0.24983119513841998,0.2579338284942606,0.2363268062120189,0.2559081701553005
2963,741,764,700,758,0.2500843739453257,0.25784677691528857,0.2362470469119136,0.25582180222747214
2964,742,764,700,758,0.25033738191632926,0.25775978407557354,0.23616734143049933,0.25573549257759787
2965,743,764,700,758,0.2505902192242833,0.25767284991568296,0.23608768971332209,0.2556492411467116
2966,743,764,701,758,0.25050573162508427,0.25758597437626435,0.2363452461227242,0.25556304787592715
2967,744,764,701,758,0.25075834175935285,0.2574991573980452,0.23626558813616447,0.25547691270643746
2968,744,764,702,758,0.25067385444743934,0.2574123989218329,0.23652291105121293,0.2553908355795148
2969,744,764,702,759,0.25058942404850115,0.25732569888851464,0.23644324688447288,0.25564163017851127
2970,744,764,702,760,0.2505050505050505,0.2572390572390572,0.23636363636363636,0.2558922558922559
2971,744,765,702,760,0.2504207337596769,0.2574890609222484,0.23628407943453383,0.2558061258835409
2972,744,766,702,760,0.2503364737550471,0.25773889636608344,0.23620457604306863,0.2557200538358008
2973,745,766,702,760,0.25058863101244533,0.25765220316178944,0.23612512613521694,0.25563403969054826
2974,746,766,702,760,0.2508406186953598,0.25756556825823806,0.23604572965702758,0.25554808338937457
2975,746,767,702,760,0.2507563025210084,0.2578151260504202,0.23596638655462185,0.25546218487394956
2976,746,768,702,760,0.2506720430107527,0.25806451612903225,0.23588709677419356,0.2553763440860215
2977,746,768,703,760,0.25058784010749074,0.2579778300302318,0.2361437688948606,0.25529056096741687
2978,747,768,703,760,0.2508394895903291,0.25789120214909333,0.23606447280053727,0.2552048354600403
2979,748,768,703,760,0.25109097012420273,0.2578046324269889,0.23598522994293386,0.25511916750587443
2980,749,768,703,760,0.2513422818791946,0.25771812080536916,0.23590604026845638,0.2550335570469799
2981,749,768,703,761,0.25125796712512577,0.25763166722576314,0.2358269037235827,0.25528346192552837
2982,749,768,703,762,0.2511737089201878,0.2575452716297787,0.23574782025486252,0.25553319919517103
2983,749,768,703,763,0.2510895072075092,0.2574589339591016,0.2356687898089172,0.255782769024472
2984,749,768,704,763,0.2510053619302949,0.257372654155496,0.2359249329758713,0.2556970509383378
2985,750,768,704,763,0.25125628140703515,0.25728643216080405,0.23584589614740367,0.2556113902847571
2986,751,768,704,763,0.25150703281982584,0.2572002679169457,0.23576691225720026,0.2555257870060281
2987,751,768,704,764,0.2514228322731838,0.25711416136591897,0.2356879812520924,0.25577502510880484
2988,751,769,704,764,0.25133868808567605,0.2573627844712182,0.23560910307898258,0.2556894243641232
2989,751,769,705,764,0.25125460020073603,0.257276681164269,0.23586483773837405,0.25560388089662095
2990,751,769,705,765,0.2511705685618729,0.257190635451505,0.23578595317725753,0.25585284280936454
2991,752,769,705,765,0.25142092945503175,0.2571046472751588,0.23570712136409228,0.25576730190571717
2992,752,770,705,765,0.25133689839572193,0.25735294117647056,0.2356283422459893,0.2556818181818182
2993,752,771,705,765,0.251252923488139,0.25760106916137654,0.2355496157701303,0.25559639158035413
2994,752,772,705,765,0.2511690046760187,0.2578490313961256,0.23547094188376755,0.25551102204408815
2995,753,772,705,765,0.25141903171953256,0.257762938230384,0.2353923205342237,0.25542570951585974
2996,753,772,705,766,0.2513351134846462,0.2576769025367156,0.23531375166889185,0.25567423230974634
2997,753,773,705,766,0.25125125125125125,0.2579245912579246,0.23523523523523523,0.25558892225558894
2998,753,774,705,766,0.2511674449633089,0.2581721147431621,0.2351567711807872,0.2555036691127418
2999,753,774,705,767,0.25108369456485496,0.25808602867622543,0.23507835945315106,0.2557519173057686
3000,753,774,705,768,0.251,0.258,0.235,0.256
3001,753,774,706,768,0.25091636121292904,0.25791402865711427,0.23525491502832388,0.2559146951016328
3002,753,774,706,769,0.2508327781479014,0.25782811459027316,0.2351765489673551,0.2561625582944704
3003,753,774,707,769,0.25074925074925075,0.25774225774225773,0.23543123543123542,0.25607725607725607
3004,754,774,707,769,0.25099866844207724,0.2576564580559254,0.23535286284953397,0.2559920106524634
3005,754,775,707,769,0.2509151414309484,0.2579034941763727,0.23527454242928453,0.2559068219633943
3006,754,775,708,769,0.25083166999334666,0.2578176979374584,0.23552894211576847,0.25582168995342647
3007,754,775,709,769,0.2507482540738277,0.25773195876288657,0.23578317259727302,0.25573661456601265
3008,754,776,709,769,0.25066489361702127,0.2579787234042553,0.23570478723404256,0.2556515957446808
3009,755,776,709,769,0.2509139248919907,0.257892987703556,0.23562645397141907,0.2555666334330342
3010,755,776,710,769,0.25083056478405313,0.2578073089700997,0.23588039867109634,0.25548172757475085
3011,755,777,710,769,0.25074726004649617,0.2580538027233477,0.23580205911657257,0.2553968781135835
3012,755,777,711,769,0.25066401062417,0.25796812749003983,0.2360557768924303,0.2553120849933599
3013,756,777,711,769,0.2509127115831397,0.25788250912711586,0.23597743113176237,0.2552273481579821
3014,756,777,712,769,0.25082946250829463,0.25779694757796945,0.23623092236230922,0.25514266755142667
3015,757,777,712,769,0.25107794361525704,0.25771144278606967,0.2361525704809287,0.2550580431177446
3016,758,777,712,769,0.2513262599469496,0.2576259946949602,0.23607427055702918,0.25497347480106103
3017,758,777,713,769,0.2512429565793835,0.25754060324825984,0.23632747762678158,0.2548889625455751
3018,759,777,713,769,0.2514910536779324,0.25745526838966204,0.23624917163684558,0.25480450629555995
3019,759,777,714,769,0.2514077509108976,0.25736999006293476,0.2365021530308049,0.2547201059953627
3020,760,777,714,769,0.25165562913907286,0.25728476821192053,0.23642384105960265,0.254635761589404
3021,760,777,715,769,0.25157232704402516,0.2571996027805363,0.2366765971532605,0.25455147302217807
3022,760,777,716,769,0.2514890800794176,0.257114493712773,0.2369291859695566,0.2544672402382528
3023,760,777,716,770,0.2514058881905392,0.257029440952696,0.2368508104531922,0.25471386040357263
3024,760,778,716,770,0.25132275132275134,0.25727513227513227,0.23677248677248677,0.25462962962962965
3025,760,778,716,771,0.2512396694214876,0.2571900826446281,0.23669421487603307,0.2548760330578512
3026,760,778,716,772,0.2511566424322538,0.25710508922670194,0.23661599471249173,0.25512227362855255
3027,760,779,716,772,0.25107367030062766,0.25735051205814335,0.23653782623059136,0.2550379914106376
3028,761,779,716,772,0.2513210039630119,0.25726552179656537,0.23645970937912814,0.25495376486129456
3029,761,779,717,772,0.2512380323539122,0.25718058765269064,0.23671178606800924,0.25486959392538794
3030,761,780,717,772,0.2511551155115512,0.25742574257425743,0.23663366336633662,0.25478547854785477
3031,761,780,717,773,0.2510722533817222,0.25734081161332895,0.23655559221379083,0.255031342791158
3032,761,780,718,773,0.2509894459102902,0.25725593667546176,0.23680738786279684,0.25494722955145116
3033,762,780,718,773,0.2512363996043521,0.2571711177052423,0.23672931091328717,0.25486317177711837
3034,763,780,718,773,0.2514831905075808,0.25708635464733026,0.23665128543177325,0.25477916941331574
3035,763,780,718,774,0.2514003294892916,0.257001647446458,0.23657331136738055,0.25502471169686985
3036,764,780,718,774,0.2516469038208169,0.25691699604743085,0.23649538866930173,0.2549407114624506
3037,764,780,719,774,0.2515640434639447,0.2568324003951268,0.23674678959499507,0.2548567665459335
3038,764,781,719,774,0.2514812376563529,0.25707702435813035,0.23666886109282423,0.25477287689269257
3039,765,781,719,774,0.25172754195459035,0.25699243172096087,0.23659098387627508,0.25468904244817375
3040,765,781,719,775,0.25164473684210525,0.2569078947368421,0.23651315789473684,0.25493421052631576
3041,765,781,719,776,0.2515619861887537,0.25682341335087144,0.23643538309766524,0.25517921736270965
3042,765,781,719,777,0.2514792899408284,0.2567389875082183,0.2363576594345825,0.25542406311637084
3043,765,782,719,777,0.25139664804469275,0.2569832402234637,0.23627998685507723,0.25534012487676633
3044,765,783,719,777,0.25131406044678056,0.257227332457293,0.2362023653088042,0.2552562417871222
3045,765,783,719,778,0.2512315270935961,0.2571428571428571,0.2361247947454844,0.2555008210180624
3046,765,784,719,778,0.2511490479317137,0.2573867367038739,0.23604727511490478,0.25541694024950756
3047,765,784,720,778,0.25106662290777815,0.2573022645224811,0.23629799803085003,0.25533311453889074
3048,766,784,720,778,0.25131233595800523,0.2572178477690289,0.23622047244094488,0.255249343832021
3049,766,784,721,778,0.25122991144637585,0.25713348638898,0.23647097408986553,0.2551656280747786
3050,766,785,721,778,0.25114754098360653,0.2573770491803279,0.2363934426229508,0.25508196721311477
3051,767,785,721,778,0.25139298590626025,0.2572926909210095,0.2363159619796788,0.25499836119305147
3052,767,786,721,778,0.2513106159895151,0.2575360419397117,0.23623853211009174,0.2549148099606815
3053,768,786,721,778,0.2515558467081559,0.25745168686537834,0.2361611529642974,0.25483131346216836
3054,769,786,721,778,0.25180091683038636,0.25736738703339884,0.2360838244924689,0.2547478716437459
3055,769,786,722,778,0.25171849427168574,0.2572831423895254,0.2363338788870704,0.2546644844517185
3056,769,787,722,778,0.25163612565445026,0.25752617801047123,0.2362565445026178,0.2545811518324607
3057,769,788,722,778,0.2515538109257442,0.25776905462872096,0.23617926071311743,0.2544978737324174
3058,769,788,723,778,0.2514715500327011,0.25768476128188356,0.23642903858731196,0.2544146500981033
3059,769,788,724,778,0.2513893429225237,0.2576005230467473,0.2366786531546257,0.2543314808761033
3060,769,789,724,778,0.25130718954248366,0.257843137254902,0.23660130718954248,0.2542483660130719
3061,769,790,724,778,0.2512250898399216,0.25808559294348254,0.23652401176086246,0.2541653054557334
3062,770,790,724,778,0.25146962769431747,0.25800130633572826,0.2364467668190725,0.25408229915088176
3063,770,791,724,778,0.2513875285667646,0.25824355207313093,0.23636957231472414,0.25399934704538035
3064,770,791,725,778,0.25130548302872063,0.2581592689295039,0.23661879895561358,0.2539164490861619
3065,770,791,725,779,0.25122349102773245,0.2580750407830343,0.2365415986949429,0.25415986949429037
3066,770,791,725,780,0.2511415525114155,0.2579908675799087,0.2364644487932159,0.25440313111545987
3067,770,791,726,780,0.25105966742745356,0.25790674926638407,0.23671340071731334,0.25432018258884903
3068,770,792,726,780,0.25097783572359844,0.258148631029987,0.23663624511082137,0.2542372881355932
3069,770,792,726,781,0.25089605734767023,0.25806451612903225,0.23655913978494625,0.25448028673835127
3070,771,792,726,781,0.2511400651465798,0.2579804560260586,0.23648208469055373,0.25439739413680784
3071,771,793,726,781,0.2510582872028655,0.2582220774991859,0.23640507977857375,0.2543145555193748
3072,771,793,727,781,0.2509765625,0.2581380208333333,0.23665364583333334,0.2542317708333333
3073,772,793,727,781,0.25122030589000977,0.25805401887406443,0.2365766352098926,0.25414904002603317
3074,773,793,727,781,0.2514638906961614,0.25797007156798957,0.2364996746909564,0.25406636304489266
3075,773,793,727,782,0.25138211382113823,0.2578861788617886,0.23642276422764227,0.2543089430894309
3076,773,793,727,783,0.2513003901170351,0.25780234070221064,0.23634590377113135,0.25455136540962287
3077,774,793,727,783,0.2515437114072148,0.2577185570360741,0.23626909327266818,0.2544686382840429
3078,774,794,727,783,0.25146198830409355,0.25795971410006496,0.23619233268356074,0.2543859649122807
3079,774,794,727,784,0.2513803182851575,0.2578759337447223,0.23611562195518027,0.2546281260149399
3080,774,795,727,784,0.2512987012987013,0.25811688311688313,0.23603896103896105,0.2545454545454545
3081,774,795,727,785,0.25121713729308665,0.25803310613437197,0.23596234988640052,0.25478740668614086
3082,775,795,727,785,0.25146009085009735,0.25794938351719665,0.23588578844905905,0.254704737183647
3083,776,795,727,785,0.25170288679857283,0.2578657152124554,0.23580927667855983,0.25462212131041195
3084,776,795,727,786,0.251621271076524,0.25778210116731515,0.23573281452658884,0.25486381322957197
3085,776,796,727,786,0.25153970826580224,0.2580226904376013,0.23565640194489465,0.2547811993517018
3086,777,796,727,786,0.2517822423849643,0.2579390797148412,0.2355800388852884,0.254698639014906
3087,777,796,728,786,0.25170068027210885,0.2578555231616456,0.23582766439909297,0.25461613216715256
3088,777,796,728,787,0.25161917098445596,0.25777202072538863,0.23575129533678757,0.2548575129533679
3089,778,796,728,787,0.25186144383295567,0.25768857235351245,0.23567497572029783,0.25477500809323406
3090,778,796,729,787,0.2517799352750809,0.2576051779935275,0.23592233009708738,0.25469255663430423
3091,778,796,730,787,0.2516984794564866,0.25752183759301195,0.23616952442575218,0.2546101585247493
3092,778,796,730,788,0.2516170763260026,0.2574385510996119,0.23609314359637776,0.25485122897800777
3093,778,797,730,788,0.25153572583252504,0.2576786291626253,0.23601681215648238,0.25476883284836727
3094,778,797,731,788,0.25145442792501616,0.2575953458306399,0.23626373626373626,0.2546864899806076
3095,778,798,731,788,0.251373182552504,0.2578352180936995,0.23618739903069466,0.25460420032310177
3096,779,798,731,788,0.2516149870801034,0.25775193798449614,0.2361111111111111,0.25452196382428943
3097,779,799,731,788,0.25153374233128833,0.2579916047788182,0.23603487245721666,0.2544397804326768
3098,779,799,731,789,0.2514525500322789,0.2579083279535184,0.23595868302130407,0.25468043899289866
3099,779,800,731,789,0.25137141013230074,0.2581477896095515,0.23588254275572765,0.25459825750242016
3100,779,801,731,789,0.25129032258064515,0.2583870967741935,0.23580645161290323,0.25451612903225806
3101,779,802,731,789,0.2512092873266688,0.2586262495969042,0.23573040954530797,0.254434053531119
3102,779,802,731,790,0.25112830431979366,0.2585428755641522,0.23565441650548033,0.2546744036105738
3103,779,803,731,790,0.25104737350950695,0.2587818240412504,0.23557847244601998,0.2545923300032227
3104,779,804,731,790,0.2509664948453608,0.25902061855670105,0.23550257731958762,0.2545103092783505
3105,779,805,731,790,0.2508856682769726,0.25925925925925924,0.235426731078905,0.25442834138486314
3106,779,805,731,791,0.2508048937540245,0.25917578879587894,0.23535093367675466,0.25466838377334194
3107,779,805,732,791,0.2507241712262633,0.2590923720630834,0.23559703894431927,0.25458641776633406
3108,779,806,732,791,0.25064350064350066,0.25933075933075933,0.23552123552123552,0.2545045045045045
3109,779,806,733,791,0.2505628819556127,0.25924734641363784,0.2357671276937922,0.25442264393695724
3110,779,806,733,792,0.2504823151125402,0.25916398713826366,0.23569131832797427,0.2546623794212219
3111,779,807,733,792,0.250401800064288,0.25940212150433944,0.23561555769848924,0.25458052073288334
3112,780,807,733,792,0.2506426735218509,0.25931876606683807,0.23553984575835477,0.2544987146529563
3113,780,807,733,793,0.25056215868936715,0.25923546418246063,0.2354641824606489,0.2547381946675233
3114,780,807,734,793,0.2504816955684008,0.2591522157996146,0.2357096981374438,0.2546563904945408
3115,781,807,734,793,0.2507223113964687,0.2590690208667737,0.23563402889245585,0.25457463884430176
3116,781,808,734,793,0.2506418485237484,0.2593068035943517,0.2355584082156611,0.25449293966623876
3117,781,808,735,793,0.25056143727943536,0.2592236124478665,0.2358036573628489,0.2544112929098492
3118,781,808,735,794,0.250481077613855,0.2591404746632457,0.23572803078896729,0.25465041693393203
3119,781,808,736,794,0.2504007694773966,0.2590573901891632,0.23597306829111894,0.25456877204232126
3120,781,808,736,795,0.2503205128205128,0.258974358974359,0.2358974358974359,0.2548076923076923
3121,781,809,736,795,0.25024030759371996,0.2592117910925985,0.23582185197052227,0.25472604934315923
3122,782,809,736,795,0.2504804612427931,0.2591287636130685,0.23574631646380526,0.25464445868033314
3123,782,810,736,795,0.2504002561639449,0.25936599423631124,0.2356708293307717,0.25456292026897215
3124,782,810,737,795,0.25032010243277847,0.2592829705505762,0.23591549295774647,0.25448143405889884
3125,782,811,737,795,0.25024,0.25952,0.23584,0.2544
3126,782,812,737,795,0.25015994881637876,0.2597568777991043,0.23576455534229046,0.2543186180422265
3127,782,813,737,795,0.25007994883274703,0.25999360409338024,0.2356891589382795,0.2542372881355932
3128,782,813,737,796,0.25,0.25991048593350385,0.23561381074168797,0.2544757033248082
3129,782,813,738,796,0.24992010226909556,0.2598274209012464,0.23585810162991372,0.25439437519974434
3130,782,814,738,796,0.2498402555910543,0.2600638977635783,0.23578274760383386,0.25431309904153354
3131,783,814,738,796,0.25007984669434685,0.25998083679335676,0.23570744171191313,0.2542318748003833
3132,783,814,738,797,0.25,0.2598978288633461,0.23563218390804597,0.2544699872286079
3133,783,814,739,797,0.24992020427705075,0.25981487392275776,0.23587615703798276,0.25438876476220873
3134,783,815,739,797,0.24984045947670708,0.26005105296745373,0.23580089342693045,0.25430759412890874
3135,783,815,740,797,0.24976076555023924,0.25996810207336524,0.23604465709728867,0.25422647527910686
3136,783,815,740,798,0.24968112244897958,0.2598852040816326,0.23596938775510204,0.2544642857142857
3137,783,815,740,799,0.2496015301243226,0.25980235894166404,0.2358941664010201,0.25470194453299333
3138,784,815,740,799,0.2498406628425749,0.25971956660293183,0.23581899298916506,0.25462077756532825
3139,784,815,741,799,0.24976107040458745,0.2596368270149729,0.23606244026760115,0.2545396623128385
3140,784,815,741,800,0.24968152866242038,0.25955414012738853,0.23598726114649682,0.25477707006369427
3141,785,815,741,800,0.24992040751353073,0.259471505889844,0.23591212989493793,0.2546959567016874
3142,786,815,741,800,0.2501591343093571,0.2593889242520687,0.23583704646721834,0.2546148949713558
3143,787,815,741,800,0.25039770919503657,0.2593063951638562,0.2357620108176901,0.2545338848234171
3144,787,816,741,800,0.2503180661577608,0.2595419847328244,0.23568702290076335,0.2544529262086514
3145,787,816,742,800,0.25023847376788555,0.2594594594594595,0.23593004769475356,0.2543720190779014
3146,788,816,742,800,0.25047679593134137,0.2593769866497139,0.2358550540368722,0.25429116338207247
3147,788,816,743,800,0.25039720368605023,0.25929456625357483,0.23609787098824278,0.2542103590721322
3148,788,817,743,800,0.2503176620076239,0.25952986022871666,0.2360228716645489,0.25412960609911056
3149,788,817,744,800,0.25023817084788824,0.25944744363289934,0.23626548110511272,0.2540489044140997
3150,788,817,744,801,0.25015873015873014,0.25936507936507935,0.2361904761904762,0.2542857142857143
3151,788,817,744,802,0.25007933989209774,0.2592827673754364,0.2361155188828943,0.25452237384957155
3152,788,817,745,802,0.25,0.2592005076142132,0.23635786802030456,0.25444162436548223
3153,788,817,746,802,0.2499207104345068,0.2591183000317158,0.2366000634316524,0.25436092610212496
3154,788,817,747,802,0.24984147114774888,0.25903614457831325,0.23684210526315788,0.25428027901078
3155,789,817,747,802,0.25007923930269416,0.2589540412044374,0.23676703645007924,0.2541996830427892
3156,789,817,747,803,0.25,0.258871989860583,0.23669201520912547,0.2544359949302915
3157,789,818,747,803,0.24992081089642065,0.25910674691162494,0.23661704149509027,0.25435540069686413
3158,789,819,747,803,0.2498416719442685,0.25934135528815705,0.23654211526282456,0.2542748575047498
3159,790,819,747,803,0.25007913896802786,0.25925925925925924,0.23646723646723647,0.2541943653054764
3160,791,819,747,803,0.25031645569620253,0.2591772151898734,0.23639240506329115,0.25411392405063293
3161,792,819,747,803,0.2505536222714331,0.2590952230306865,0.23631762100601075,0.25403353369186965
3162,792,819,748,803,0.2504743833017078,0.25901328273244784,0.23655913978494625,0.2539531941808982
3163,793,819,748,803,0.2507113499841922,0.258931394245969,0.23648435030034778,0.253872905469491
3164,793,819,748,804,0.2506321112515803,0.2588495575221239,0.23640960809102401,0.25410872313527183
3165,793,819,748,805,0.2505529225908373,0.25876777251184835,0.23633491311216429,0.25434439178515006
3166,793,819,749,805,0.25047378395451675,0.25868603916614025,0.23657612128869235,0.2542640555906507
3167,793,819,749,806,0.25039469529523206,0.25860435743605936,0.23650142090306284,0.2544995263656457
3168,793,819,749,807,0.2503156565656566,0.2585227272727273,0.23642676767676768,0.2547348484848485
3169,793,819,749,808,0.2502366677185232,0.25844114862732726,0.2363521615651625,0.25497002208898706
3170,793,819,749,809,0.2501577287066246,0.2583596214511041,0.2362776025236593,0.255205047318612
3171,793,819,750,809,0.250078839482813,0.2582781456953642,0.23651844843897823,0.25512456638284453
3172,793,820,750,809,0.25,0.25851197982345525,0.2364438839848676,0.25504413619167715
3173,794,820,750,809,0.2502363693665301,0.25843050740624013,0.2363693665300977,0.25496375669713206
3174,795,820,750,809,0.2504725897920605,0.258349086326402,0.23629489603024575,0.25488342785129176
3175,795,821,750,809,0.2503937007874016,0.2585826771653543,0.23622047244094488,0.25480314960629924
3176,795,821,751,809,0.25031486146095716,0.25850125944584385,0.2364609571788413,0.2547229219143577
3177,795,821,751,810,0.2502360717658168,0.2584198929807995,0.2363865281712307,0.254957507082153
3178,796,821,751,810,0.250471994965387,0.25833857772183766,0.23631214600377595,0.2548772813089994
3179,796,822,751,810,0.25039320541050647,0.2585718779490406,0.2362378106322743,0.2547971060081787
3180,796,823,751,810,0.25031446540880503,0.2588050314465409,0.23616352201257862,0.25471698113207547
3181,796,823,751,811,0.2502357749135492,0.25872367180132033,0.2360892801005973,0.25495127318453314
3182,797,823,751,811,0.25047140163419235,0.2586423632935261,0.23601508485229417,0.2548711502199874
3183,797,823,752,811,0.2503927112786679,0.25856110587496073,0.2362551052466227,0.25479107759974867
3184,797,823,752,812,0.2503140703517588,0.25847989949748745,0.23618090452261306,0.2550251256281407
3185,797,823,752,813,0.2502354788069074,0.2583987441130298,0.23610675039246468,0.2552590266875981
3186,797,823,753,813,0.25015693659761457,0.25831763967357185,0.23634651600753295,0.2551789077212806
3187,798,823,753,813,0.250392218387198,0.25823658613115785,0.2362723564480703,0.2550988390335739
3188,799,823,753,813,0.2506273525721455,0.2581555834378921,0.236198243412798,0.25501882057716435
3189,799,823,753,814,0.2505487613671997,0.2580746315459392,0.2361241768579492,0.25525243022891186
3190,800,823,753,814,0.2507836990595611,0.2579937304075235,0.23605015673981192,0.25517241379310346
3191,800,824,753,814,0.25070510811657787,0.2582262613600752,0.23597618301472892,0.255092447508618
3192,801,824,753,814,0.25093984962406013,0.2581453634085213,0.23590225563909775,0.2550125313283208
3193,801,824,754,814,0.2508612590040714,0.25806451612903225,0.2361415596617601,0.25493266520513624
3194,801,824,754,815,0.25078271759549153,0.2579837194740138,0.23606762680025048,0.2551659361302442
3195,802,824,754,815,0.2510172143974961,0.25790297339593116,0.23599374021909234,0.25508607198748046
3196,802,825,754,815,0.2509386733416771,0.2581351689612015,0.23591989987484355,0.25500625782227787
3197,802,825,754,816,0.2508601814200813,0.2580544260243979,0.23584610572411635,0.25523928683140445
3198,802,825,755,816,0.2507817385866166,0.2579737335834897,0.2360850531582239,0.2551594746716698
3199,802,825,755,817,0.25070334479524853,0.2578930915911222,0.23601125351672397,0.2553923100969053
3200,803,825,755,817,0.2509375,0.2578125,0.2359375,0.2553125
3201,804,825,755,817,0.2511715089034677,0.25773195876288657,0.23586379256482348,0.25523273976882227
3202,804,825,756,817,0.25109306683322924,0.2576514678326046,0.23610243597751404,0.2551530293566521
3203,804,826,756,817,0.2510146737433656,0.2578832344676865,0.2360287230721199,0.25507336871682795
3204,804,826,756,818,0.250936329588015,0.25780274656679153,0.23595505617977527,0.25530586766541824
3205,805,826,756,818,0.25117004680187205,0.2577223088923557,0.2358814352574103,0.2552262090483619
3206,805,826,756,819,0.25109170305676853,0.2576419213973799,0.23580786026200873,0.2554585152838428
3207,805,827,756,819,0.2510134081696289,0.25787340193327096,0.23573433115060805,0.255378858746492
3208,805,828,756,819,0.2509351620947631,0.2581047381546135,0.23566084788029926,0.2552992518703242
3209,805,829,756,819,0.25085696478653785,0.25833593019632284,0.23558741040822687,0.2552196946089124
3210,805,829,757,819,0.2507788161993769,0.25825545171339565,0.23582554517133955,0.25514018691588786
3211,805,829,758,819,0.2507007162877608,0.2581750233572096,0.2360635316100903,0.2550607287449393
3212,806,829,758,819,0.25093399750934,0.2580946450809464,0.23599003735990037,0.2549813200498132
3213,807,829,758,819,0.2511671335200747,0.25801431683784626,0.23591658885776534,0.2549019607843137
3214,807,829,759,819,0.2510889856876167,0.2579340385812072,0.2361543248288737,0.25482265090230244
3215,808,829,759,819,0.2513219284603421,0.2578538102643857,0.23608087091757388,0.2547433903576983
3216,808,829,760,819,0.2512437810945274,0.25777363184079605,0.236318407960199,0.25466417910447764
3217,808,829,761,819,0.2511656823127137,0.2576935032639105,0.2365557973267019,0.2545850170966739
3218,808,830,761,819,0.25108763206960844,0.2579241765071473,0.23648228713486638,0.2545059042883779
3219,809,830,761,819,0.25132028580304444,0.25784405094749924,0.23640882261571916,0.25442684063373716
3220,810,830,761,819,0.2515527950310559,0.2577639751552795,0.23633540372670808,0.2543478260869565
3221,811,830,761,819,0.25178515988823347,0.2576839490841354,0.23626203042533375,0.2542688606022974
3222,811,831,761,819,0.25170701427684666,0.2579143389199255,0.2361887026691496,0.2541899441340782
3223,811,831,761,820,0.2516289171579274,0.25783431585479366,0.23611542041576172,0.2544213465715172
3224,811,831,761,821,0.25155086848635233,0.25775434243176176,0.23604218362282878,0.25465260545905705
3225,812,831,761,821,0.2517829457364341,0.2576744186046512,0.235968992248062,0.2545736434108527
3226,812,832,761,821,0.25170489770613763,0.2579045257284563,0.23589584624922505,0.25449473031618103
3227,812,832,762,821,0.25162689804772237,0.2578246048961884,0.23613263092655717,0.2544158661295321
3228,813,832,762,821,0.25185873605947956,0.2577447335811648,0.23605947955390336,0.25433705080545227
3229,813,832,763,821,0.2517807370703004,0.25766491173738,0.23629606689377516,0.25425828429854447
3230,814,832,763,821,0.2520123839009288,0.25758513931888544,0.23622291021671826,0.2541795665634675
3231,814,833,763,821,0.251934385639121,0.2578149179820489,0.23614979882389353,0.25410089755493653
3232,814,833,764,821,0.25185643564356436,0.25773514851485146,0.23638613861386137,0.25402227722772275
3233,814,833,765,821,0.2517785338694711,0.25765542839467986,0.2366223321991958,0.25394370553665324
3234,814,834,765,821,0.25170068027210885,0.25788497217068646,0.23654916512059368,0.253865182436611
3235,815,834,765,821,0.25193199381761977,0.2578052550231839,0.23647604327666152,0.25378670788253477
3236,815,834,766,821,0.25185414091470953,0.257725587144623,0.23671199011124847,0.253708281829419
3237,815,834,767,821,0.2517763361136855,0.25764596848934196,0.23694779116465864,0.25362990423231385
3238,816,834,767,821,0.2520074119827054,0.2575663990117356,0.2368746139592341,0.2535515750463249
3239,817,834,767,821,0.2522383451682618,0.257486878666255,0.23680148193887002,0.25347329422661313
3240,818,834,767,821,0.25246913580246916,0.2574074074074074,0.2367283950617284,0.25339506172839504
3241,818,834,768,821,0.2523912372724468,0.25732798518975625,0.23696390003085469,0.2533168775069423
3242,819,834,768,821,0.2526218383713757,0.25724861196792104,0.23689080814312152,0.25323874151758174
3243,819,834,768,822,0.25254394079555964,0.25716928769657726,0.23681776133209992,0.2534690101757632
3244,819,834,769,822,0.25246609124537606,0.25709001233045625,0.23705302096177558,0.2533908754623921
3245,819,834,770,822,0.2523882896764253,0.25701078582434517,0.23728813559322035,0.2533127889060092
3246,819,834,771,822,0.25231053604436227,0.25693160813308685,0.23752310536044363,0.2532347504621072
3247,819,835,771,822,0.25223283030489685,0.2571604558053588,0.23744995380351094,0.25315676008623345
3248,819,835,772,822,0.2521551724137931,0.2570812807881773,0.2376847290640394,0.25307881773399016
3249,820,835,772,822,0.2523853493382579,0.2570021545090797,0.2376115727916282,0.2530009233610342
3250,820,835,772,823,0.2523076923076923,0.2569230769230769,0.23753846153846153,0.2532307692307692
3251,821,835,772,823,0.2525376807136266,0.2568440479852353,0.237465395262996,0.2531528760381421
3252,821,836,772,823,0.252460024600246,0.2570725707257073,0.23739237392373924,0.2530750307503075
3253,821,836,772,824,0.25238241623117125,0.2569935444205349,0.23731939747924993,0.25330464186904394
3254,821,837,772,824,0.25230485556238474,0.2572218807621389,0.23724646588813766,0.25322679778733864
3255,821,838,772,824,0.2522273425499232,0.2574500768049155,0.23717357910906298,0.2531490015360983
3256,821,838,772,825,0.25214987714987713,0.2573710073710074,0.2371007371007371,0.2533783783783784
3257,821,839,772,825,0.2520724593183912,0.2575990175007676,0.23702793982192202,0.25330058335891925
3258,822,839,772,825,0.2523020257826888,0.25751995089011664,0.23695518723143033,0.2532228360957643
3259,822,840,772,825,0.2522246087756981,0.2577477753912243,0.2368824792881252,0.25314513654495246
3260,822,840,773,825,0.25214723926380367,0.25766871165644173,0.2371165644171779,0.25306748466257667
3261,823,840,773,825,0.2523765716038025,0.2575896964121435,0.23704385157927016,0.2529898804047838
3262,823,841,773,825,0.25229920294297975,0.2578172900061312,0.23697118332311465,0.2529123237277744
3263,823,841,774,825,0.25222188170395343,0.25773827765859636,0.23720502604964758,0.25283481458780266
3264,823,842,774,825,0.25214460784313725,0.25796568627450983,0.23713235294117646,0.25275735294117646
3265,823,843,774,825,0.25206738131699846,0.25819295558958655,0.23705972434915773,0.25267993874425726
3266,824,843,774,825,0.25229638701775875,0.2581139007960808,0.23698714023270054,0.25260257195345986
3267,825,843,774,825,0.25252525252525254,0.2580348943985308,0.2369146005509642,0.25252525252525254
3268,825,843,775,825,0.2524479804161567,0.2579559363525092,0.23714810281517748,0.2524479804161567
3269,825,843,776,825,0.252370755582747,0.2578770266136433,0.23738146222086265,0.252370755582747
3270,825,843,777,825,0.25229357798165136,0.25779816513761467,0.23761467889908258,0.25229357798165136
3271,826,843,777,825,0.25252216447569553,0.257719351880159,0.23754203607459493,0.2522164475695506
3272,827,843,777,825,0.25275061124694376,0.25764058679706603,0.23746943765281173,0.25213936430317846
3273,827,843,777,826,0.25267338832875036,0.25756186984417967,0.2373968835930339,0.25236785823403607
3274,827,844,777,826,0.2525962125839951,0.25778863775198535,0.2373243738546121,0.25229077580940745
3275,827,844,778,826,0.25251908396946565,0.25770992366412215,0.23755725190839694,0.25221374045801526
3276,828,844,778,826,0.25274725274725274,0.2576312576312576,0.23748473748473747,0.25213675213675213
3277,828,844,778,827,0.25267012511443393,0.25755263960939884,0.2374122673176686,0.2523649679584986
3278,828,844,779,827,0.2525930445393533,0.25747406955460644,0.23764490543014033,0.25228798047589995
3279,828,844,780,827,0.252516010978957,0.2573955474229948,0.23787740164684354,0.25221103995120464
3280,829,844,780,827,0.2527439024390244,0.2573170731707317,0.23780487804878048,0.2521341463414634
3281,830,844,780,827,0.2529716549832368,0.2572386467540384,0.23773239865894544,0.2520572996037793
3282,830,844,781,827,0.2528945764777575,0.2571602681291895,0.23796465569774528,0.2519804996953077
3283,830,844,781,828,0.2528175449284191,0.25708193725251294,0.23789217179409078,0.25220834602497716
3284,830,845,781,828,0.25274056029232644,0.25730816077953717,0.23781973203410475,0.25213154689403167
3285,830,845,781,829,0.2526636225266362,0.2572298325722983,0.23774733637747336,0.25235920852359206
3286,830,845,781,830,0.2525867315885575,0.2571515520389531,0.23767498478393184,0.2525867315885575
3287,830,846,781,830,0.2525098874353514,0.25737754791603284,0.23760267721326436,0.2525098874353514
3288,830,847,781,830,0.2524330900243309,0.25760340632603407,0.23753041362530414,0.2524330900243309
3289,830,848,781,830,0.25235633931286106,0.25782912739434477,0.23745819397993312,0.25235633931286106
3290,830,848,782,830,0.25227963525835867,0.25775075987841944,0.23768996960486322,0.25227963525835867
3291,830,848,783,830,0.2522029778182923,0.2576724399878456,0.23792160437556972,0.2522029778182923
3292,831,848,783,830,0.2524301336573512,0.25759416767922233,0.23784933171324424,0.25212636695018226
3293,832,848,783,830,0.252657151533556,0.2575159429092013,0.23777710294564228,0.25204980261160037
3294,832,848,783,831,0.25258044930176077,0.25743776563448695,0.23770491803278687,0.2522768670309654
3295,832,848,784,831,0.2525037936267071,0.25735963581183613,0.23793626707132018,0.25220030349013656
3296,832,848,785,831,0.2524271844660194,0.25728155339805825,0.23816747572815533,0.252123786407767
3297,832,849,785,831,0.2523506217773734,0.2575068243858053,0.23809523809523808,0.25204731574158323
3298,832,849,785,832,0.25227410551849605,0.25742874469375376,0.23802304426925408,0.25227410551849605
3299,832,849,786,832,0.2521976356471658,0.25735071233707185,0.23825401636859656,0.2521976356471658
3300,832,849,787,832,0.25212121212121213,0.25727272727272726,0.2384848484848485,0.25212121212121213
3301,832,850,787,832,0.2520448348985156,0.2574977279612239,0.23841260224174493,0.2520448348985156
3302,832,850,788,832,0.25196850393700787,0.257419745608722,0.23864324651726226,0.25196850393700787
3303,832,850,788,833,0.25189221919467153,0.25734181047532545,0.23857099606418408,0.25219497426581894
3304,832,851,788,833,0.25181598062953997,0.25756658595641646,0.23849878934624696,0.2521186440677966
3305,832,852,788,833,0.25173978819969745,0.25779122541603633,0.2384266263237519,0.2520423600605144
3306,832,852,788,834,0.2516636418632789,0.2577132486388385,0.2383545069570478,0.25226860254083483
3307,833,852,788,834,0.2518899304505594,0.25763531902026005,0.2382824312065316,0.2521923193226489
3308,833,852,788,835,0.25181378476420796,0.25755743651753327,0.23821039903264812,0.25241837968561065
3309,833,852,788,836,0.25173768510123906,0.257479601087942,0.23813841039589,0.252644303414929
3310,834,852,788,836,0.25196374622356493,0.25740181268882173,0.2380664652567976,0.2525679758308157
3311,834,852,788,837,0.25188764723648444,0.25732407127755963,0.2379945635759589,0.252793717909997
3312,834,852,788,838,0.25181159420289856,0.2572463768115942,0.23792270531400966,0.2530193236714976
3313,834,852,789,838,0.2517355870811953,0.25716872924841533,0.23815273166314518,0.2529429520072442
3314,834,852,790,838,0.25165962582981294,0.25709112854556426,0.2383826191913096,0.2528666264333132
3315,834,853,790,838,0.2515837104072398,0.257315233785822,0.2383107088989442,0.25279034690799396
3316,834,853,791,838,0.2515078407720145,0.2572376357056695,0.23854041013268998,0.25271411338962607
3317,834,853,792,838,0.2514320168827254,0.25716008441362675,0.23876997286704854,0.25263792583659933
3318,834,854,792,838,0.2513562386980108,0.25738396624472576,0.23869801084990958,0.2525617842073538
3319,834,855,792,838,0.2512805061765592,0.25760771316661646,0.2386260921964447,0.2524856884603796
3320,835,855,792,838,0.25150602409638556,0.2575301204819277,0.2385542168674699,0.2524096385542169
3321,836,855,792,838,0.2517314062029509,0.25745257452574527,0.23848238482384823,0.2523336344474556
3322,836,855,793,838,0.25165562913907286,0.25737507525586995,0.2387116195063215,0.25225767609873573
3323,836,855,794,838,0.25157989768281674,0.2572976226301535,0.23894071622028287,0.2521817634667469
3324,836,855,795,838,0.25150421179302046,0.2572202166064982,0.23916967509025272,0.25210589651022863
3325,836,856,795,838,0.25142857142857145,0.25744360902255636,0.23909774436090225,0.25203007518796994
3326,836,856,795,839,0.2513529765484065,0.25736620565243534,0.23902585688514733,0.25225496091401084
3327,836,857,795,839,0.25127742711151185,0.2575894198978058,0.23895401262398558,0.2521791403666967
3328,836,858,795,839,0.2512019230769231,0.2578125,0.23888221153846154,0.25210336538461536
3329,836,859,795,839,0.2511264644037248,0.25803544607990386,0.23881045358966657,0.25202763592670474
3330,836,860,795,839,0.2510510510510511,0.25825825825825827,0.23873873873873874,0.25195195195195197
3331,836,860,796,839,0.25097568297808465,0.258180726508556,0.23896727709396579,0.2518763134193936
3332,836,861,796,839,0.25090036014405764,0.25840336134453784,0.2388955582232893,0.25180072028811523
3333,836,862,796,839,0.2508250825082508,0.25862586258625864,0.23882388238823882,0.25172517251725174
3334,837,862,796,839,0.2510497900419916,0.2585482903419316,0.23875224955008997,0.2516496700659868
3335,837,862,796,840,0.2509745127436282,0.25847076461769114,0.2386806596701649,0.2518740629685157
3336,837,862,797,840,0.25089928057553956,0.25839328537170264,0.23890887290167867,0.2517985611510791
3337,837,863,797,840,0.2508240934971531,0.25861552292478274,0.23883727899310758,0.25172310458495656
3338,838,863,797,840,0.25104853205512284,0.2585380467345716,0.23876572798082685,0.2516476932294787
3339,838,863,798,840,0.25097334531296794,0.258460616951183,0.2389937106918239,0.25157232704402516
3340,838,863,799,840,0.2508982035928144,0.25838323353293413,0.23922155688622754,0.25149700598802394
3341,838,863,800,840,0.25082310685423526,0.2583058964381922,0.23944926668662078,0.2514217300209518
3342,839,863,800,840,0.25104727707959307,0.25822860562537403,0.23937761819269898,0.2513464991023339
3343,840,863,800,840,0.25127131319174395,0.25815136105294645,0.23930601256356565,0.25127131319174395
3344,840,864,800,840,0.2511961722488038,0.2583732057416268,0.23923444976076555,0.2511961722488038
3345,840,865,800,840,0.25112107623318386,0.2585949177877429,0.23916292974588937,0.25112107623318386
3346,841,865,800,840,0.2513448894202032,0.25851763299462044,0.2390914524805738,0.2510460251046025
3347,842,865,800,840,0.2515685688676427,0.25844039438302957,0.23902001792650135,0.2509710188228264
3348,842,865,800,841,0.25149342891278376,0.258363201911589,0.23894862604540024,0.251194743130227
3349,842,865,800,842,0.2514183338309943,0.25828605553896683,0.2388772767990445,0.2514183338309943
3350,842,866,800,842,0.25134328358208957,0.25850746268656716,0.23880597014925373,0.25134328358208957
3351,842,867,800,842,0.25126827812593255,0.25872873769024174,0.23873470605789315,0.25126827812593255
3352,842,867,800,843,0.2511933174224344,0.25865155131264916,0.2386634844868735,0.251491646778043
3353,843,867,800,843,0.25141664181330153,0.258574410975246,0.2385923053981509,0.25141664181330153
3354,843,868,800,843,0.2513416815742397,0.2587954680977937,0.2385211687537269,0.2513416815742397
3355,843,869,800,843,0.2512667660208644,0.25901639344262295,0.23845007451564829,0.2512667660208644
3356,843,869,801,843,0.25119189511323003,0.25893921334922526,0.23867699642431467,0.25119189511323003
3357,843,869,801,844,0.2511170688114388,0.25886207923741433,0.2386058981233244,0.2514149538278225
3358,844,869,801,844,0.25134008338296604,0.2587849910661108,0.23853484216795712,0.25134008338296604
3359,844,869,801,845,0.2512652575171182,0.258707948794284,0.23846382852039297,0.2515629651682048
3360,844,869,801,846,0.2511904761904762,0.2586309523809524,0.23839285714285716,0.2517857142857143
3361,844,869,801,847,0.25111573936328474,0.258554001785183,0.23832192799761975,0.2520083308539125
3362,845,869,801,847,0.25133848899464606,0.2584770969660916,0.23825104104699585,0.25193337299226654
3363,846,869,801,847,0.25156110615521854,0.2584002378828427,0.23818019625334522,0.2518584597085935
3364,846,870,801,847,0.25148632580261593,0.25862068965517243,0.23810939357907254,0.2517835909631391
3365,847,870,801,847,0.25170876671619613,0.2585438335809807,0.23803863298662703,0.25170876671619613
3366,847,870,802,847,0.25163398692810457,0.25846702317290554,0.23826500297088532,0.25163398692810457
3367,847,870,803,847,0.2515592515592516,0.25839025839025836,0.2384912384912385,0.2515592515592516
3368,847,870,804,847,0.25148456057007124,0.2583135391923991,0.23871733966745842,0.25148456057007124
3369,848,870,804,847,0.25170673790442266,0.25823686553873554,0.23864648263579696,0.25140991392104484
3370,848,870,805,847,0.2516320474777448,0.258160237388724,0.23887240356083086,0.2513353115727003
3371,849,870,805,847,0.25185404924354793,0.2580836547018689,0.23880154256897063,0.25126075348561255
3372,849,870,805,848,0.251779359430605,0.2580071174377224,0.23873072360616845,0.2514827995255042
3373,849,870,805,849,0.251704713904536,0.257930625555885,0.238659946635043,0.251704713904536
3374,849,870,806,849,0.25163011262596324,0.25785417901600477,0.23888559573206877,0.25163011262596324
3375,850,870,806,849,0.2518518518518518,0.2577777777777778,0.2388148148148148,0.25155555555555553
3376,850,870,806,850,0.2517772511848341,0.25770142180094785,0.2387440758293839,0.2517772511848341
3377,850,870,807,850,0.25170269469943735,0.2576251110453065,0.23896949955581878,0.25170269469943735
3378,851,870,807,850,0.25192421551213734,0.25754884547069273,0.238898756660746,0.2516281823564239
3379,851,871,807,850,0.25184965966262207,0.2577685705830127,0.23882805563776266,0.25155371411660254
3380,851,871,808,850,0.2517751479289941,0.25769230769230766,0.23905325443786982,0.2514792899408284
3381,852,871,808,850,0.25199645075421473,0.2576160899142266,0.23898254954155576,0.25140490979000296
3382,852,871,808,851,0.25192193968066234,0.25753991720875224,0.23891188645771733,0.25162625665286814
3383,852,872,808,851,0.25184747265740465,0.25775938516109964,0.23884126514927578,0.25155187703221993
3384,852,872,808,852,0.25177304964539005,0.2576832151300236,0.23877068557919623,0.25177304964539005
3385,853,872,808,852,0.25199409158050223,0.25760709010339733,0.23870014771048745,0.251698670605613
3386,853,872,808,853,0.25191966922622566,0.2575310100413467,0.238629651506202,0.25191966922622566
3387,853,872,809,853,0.2518452908178329,0.2574549749040449,0.23885444346028933,0.2518452908178329
3388,853,872,809,854,0.2517709563164109,0.25737898465171194,0.23878394332939787,0.25206611570247933
3389,853,873,809,854,0.25169666568309235,0.25759811153732665,0.23871348480377694,0.2519917379758041
3390,853,873,810,854,0.25162241887905606,0.2575221238938053,0.23893805309734514,0.2519174041297935
3391,853,873,810,855,0.2515482158655264,0.2574461810675317,0.238867590681215,0.2521380123857269
3392,853,873,811,855,0.2514740566037736,0.25737028301886794,0.23909198113207547,0.252063679245283
3393,853,873,812,855,0.2513999410551135,0.2572944297082228,0.23931623931623933,0.2519893899204244
3394,853,874,812,855,0.2513258691809075,0.2575132586918091,0.23924572775486153,0.2519151443724219
3395,853,874,812,856,0.2512518409425626,0.25743740795287184,0.23917525773195877,0.25213549337260677
3396,853,875,812,856,0.2511778563015312,0.2576560659599529,0.23910482921083628,0.25206124852767964
3397,853,875,812,857,0.25110391521931114,0.25758021783926993,0.2390344421548425,0.2522814247865764
3398,853,875,812,858,0.25103001765744554,0.25750441436138904,0.23896409652736905,0.25250147145379637
3399,853,875,812,859,0.2509561635775228,0.2574286554869079,0.23889379229185054,0.25272138864371874
3400,854,875,812,859,0.2511764705882353,0.25735294117647056,0.2388235294117647,0.2526470588235294
3401,854,876,812,859,0.251102616877389,0.25757130255807115,0.23875330785063217,0.25257277271390766
3402,854,877,812,859,0.25102880658436216,0.2577895355673133,0.23868312757201646,0.25249853027630803
3403,854,878,812,859,0.2509550396708786,0.258007640317367,0.23861298853952395,0.25242433147223037
3404,855,878,812,859,0.2511750881316099,0.2579318448883666,0.23854289071680376,0.25235017626321976
3405,855,878,812,860,0.2511013215859031,0.257856093979442,0.2384728340675477,0.2525697503671072
3406,855,878,813,860,0.25102759835584265,0.25778038755137994,0.23869641808573105,0.2524955960070464
3407,855,878,814,860,0.25095391840328735,0.2577047255650132,0.23891987085412386,0.25242148517757557
3408,856,878,814,860,0.2511737089201878,0.2576291079812207,0.23884976525821597,0.25234741784037557
3409,856,878,815,860,0.25110002933411557,0.25755353476092696,0.23907304194778528,0.2522733939571722
3410,856,878,816,860,0.25102639296187684,0.25747800586510267,0.23929618768328445,0.25219941348973607
3411,856,879,816,860,0.2509527997654647,0.25769569041336854,0.23922603342128407,0.25212547639988275
3412,856,879,816,861,0.2508792497069168,0.257620164126612,0.2391559202813599,0.2523446658851114
3413,856,879,816,862,0.25080574274831524,0.25754468209786113,0.23908584822736595,0.2525637269264577
3414,856,879,816,863,0.2507322788517868,0.25746924428822493,0.2390158172231986,0.2527826596367897
3415,856,879,816,864,0.2506588579795022,0.257393850658858,0.23894582723279648,0.25300146412884333
3416,856,880,816,864,0.2505854800936768,0.2576112412177986,0.2388758782201405,0.2529274004683841
3417,856,881,816,864,0.2505121451565701,0.2578285045361428,0.23880597014925373,0.2528533801580334
3418,856,881,817,864,0.25043885313048564,0.2577530719719134,0.23902867173785838,0.25277940315974257
3419,856,882,817,864,0.2503656039777713,0.25797016671541384,0.2389587598713074,0.2527054694355075
3420,856,883,817,864,0.25029239766081873,0.25818713450292397,0.2388888888888889,0.25263157894736843
3421,856,883,818,864,0.2502192341420637,0.2581116632563578,0.23911137094416837,0.25255773165741013
3422,857,883,818,864,0.2504383401519579,0.25803623611922855,0.23904149620105203,0.25248392752776155
3423,857,884,818,864,0.25036517674554487,0.2582529944493135,0.23897166228454572,0.25241016652059595
3424,857,884,818,865,0.25029205607476634,0.25817757009345793,0.2389018691588785,0.2526285046728972
3425,857,884,818,866,0.2502189781021898,0.2581021897810219,0.23883211678832117,0.25284671532846714
3426,858,884,818,866,0.2504378283712785,0.2580268534734384,0.23876240513718622,0.2527729130180969
3427,858,884,818,867,0.2503647505106507,0.2579515611321856,0.23869273416982784,0.25299095418733586
3428,858,884,818,868,0.25029171528588096,0.25787631271878647,0.23862310385064178,0.2532088681446908
3429,858,884,818,869,0.25021872265966755,0.257801108194809,0.23855351414406534,0.25342665500145817
3430,859,884,818,869,0.25043731778425654,0.2577259475218659,0.23848396501457725,0.2533527696793003
3431,859,884,819,869,0.2503643252696007,0.2576508306616147,0.2387059166423783,0.2532789274264063
3432,859,884,820,869,0.2502913752913753,0.25757575757575757,0.23892773892773891,0.2532051282051282
3433,860,884,820,869,0.25050975822895427,0.25750072822604136,0.23885814156714244,0.25313137197786195
3434,860,884,820,870,0.250436808386721,0.25742574257425743,0.23878858474082704,0.25334886429819453
3435,860,884,820,871,0.25036390101892286,0.25735080058224163,0.23871906841339155,0.253566229985444
3436,860,885,820,871,0.25029103608847497,0.25756693830034927,0.23864959254947612,0.25349243306169966
3437,860,885,821,871,0.25021821355833573,0.25749199883619434,0.23887110852487634,0.25341867908059357
3438,860,885,821,872,0.2501454333915067,0.25741710296684117,0.23880162885398487,0.25363583478766727
3439,860,885,821,873,0.2500726955510323,0.25734225065426,0.2387321895899971,0.25385286420471065
3440,860,886,821,873,0.25,0.2575581395348837,0.23866279069767443,0.25377906976744186
3441,861,886,821,873,0.25021795989537926,0.25748328974135426,0.23859343214181924,0.25370531822144726
3442,861,886,822,873,0.25014526438117374,0.25740848343986056,0.23881464264962232,0.2536316095293434
3443,862,886,822,873,0.2503630554748766,0.25733372059250653,0.2387452802788266,0.2535579436537903
3444,862,886,822,874,0.2502903600464576,0.2572590011614402,0.23867595818815332,0.2537746806039489
3445,862,886,823,874,0.2502177068214804,0.2571843251088534,0.23889695210449927,0.2537010159651669
3446,862,887,823,874,0.2501450957632037,0.2573998839233894,0.238827626233314,0.2536273940800929
3447,862,887,823,875,0.2500725268349289,0.2573252103278213,0.23875834058601683,0.253843922251233
3448,863,887,823,875,0.25029002320185617,0.2572505800464037,0.23868909512761022,0.25377030162412995
3449,863,887,823,876,0.25021745433458975,0.25717599304146127,0.23861988982313714,0.25398666280081184
3450,863,887,823,877,0.2501449275362319,0.2571014492753623,0.23855072463768115,0.25420289855072464
3451,864,887,823,877,0.25036221385105767,0.2570269487105187,0.23848159953636627,0.2541292379020574
3452,864,887,824,877,0.25028968713789107,0.25695249130938586,0.23870220162224798,0.2540556199304751
3453,864,887,824,878,0.25021720243266726,0.2568780770344628,0.23863307269041414,0.2542716478424558
3454,864,887,825,878,0.2501447596988998,0.2568037058482918,0.23885350318471338,0.254198031268095
3455,864,887,825,879,0.25007235890014473,0.2567293777134588,0.23878437047756873,0.25441389290882777
3456,864,887,826,879,0.25,0.2566550925925926,0.23900462962962962,0.2543402777777778
3457,865,887,826,879,0.25021695111368236,0.25658085044836565,0.23893549320219845,0.25426670523575357
3458,865,887,826,880,0.2501445922498554,0.25650665124349337,0.2388663967611336,0.25448235974551764
3459,865,887,827,880,0.2500722752240532,0.25643249494073433,0.23908644116796762,0.25440878866724487
3460,865,888,827,880,0.25,0.2566473988439306,0.23901734104046243,0.2543352601156069
3461,865,888,828,880,0.249927766541462,0.25657324472695753,0.2392372146778388,0.2542617740537417
3462,865,889,828,880,0.24985557481224727,0.25678798382437895,0.2391681109185442,0.2541883304448296
3463,866,889,828,880,0.2500721917412648,0.2567138319376263,0.2390990470690153,0.25411492925209356
3464,866,889,828,881,0.25,0.2566397228637413,0.2390300230946882,0.25433025404157045
3465,867,889,828,881,0.2502164502164502,0.25656565656565655,0.23896103896103896,0.25425685425685424
3466,867,890,828,881,0.25014425851125216,0.2567801500288517,0.23889209463358338,0.25418349682631275
3467,867,890,829,881,0.2500721084511105,0.2567060859532737,0.23911162388231902,0.2541101817132968
3468,868,890,829,881,0.2502883506343714,0.2566320645905421,0.23904267589388697,0.25403690888119956
3469,868,891,829,881,0.25021620063418853,0.25684635341597,0.23897376765638512,0.25396367829345634
3470,868,891,829,882,0.2501440922190202,0.25677233429394813,0.23890489913544669,0.25417867435158503
3471,868,891,829,883,0.2500720253529242,0.2566983578219533,0.23883607029674445,0.254393546528378
3472,868,891,829,884,0.25,0.2566244239631336,0.23876728110599077,0.25460829493087556
3473,869,891,829,884,0.2502159516268356,0.2565505326806795,0.23869853152893752,0.25453498416354736
3474,869,891,830,884,0.2501439263097294,0.25647668393782386,0.23891767415083479,0.25446171560161196
3475,869,891,831,884,0.25007194244604314,0.2564028776978417,0.23913669064748203,0.2543884892086331
3476,869,891,832,884,0.25,0.2563291139240506,0.23935558112773303,0.25431530494821636
3477,870,891,832,884,0.25021570319240727,0.25625539257981017,0.23928674144377338,0.2542421627840092
3478,871,891,832,884,0.25043128234617595,0.25618171362852216,0.23921794134560093,0.25416906267970096
3479,871,891,833,884,0.25035929864903705,0.25610807703363037,0.23943661971830985,0.2540960045990227
3480,871,892,833,884,0.25028735632183907,0.25632183908045975,0.239367816091954,0.2540229885057471
3481,871,892,834,884,0.25021545532892847,0.2562482045389256,0.23958632576845734,0.2539500143636886
3482,871,892,834,885,0.2501435956346927,0.25617461229178634,0.2395175186674325,0.25416427340608844
3483,871,892,835,885,0.25007177720356016,0.2561010623026127,0.23973585989089866,0.2540913006029285
3484,872,892,835,885,0.2502870264064294,0.25602755453501724,0.2396670493685419,0.25401836969001146
3485,872,893,835,885,0.2502152080344333,0.25624103299856527,0.23959827833572453,0.2539454806312769
3486,872,893,835,886,0.25014343086632246,0.2561675272518646,0.2395295467584624,0.25415949512335057
3487,872,894,835,886,0.25007169486664754,0.2563808431316318,0.23946085460281044,0.25408660739891026
3488,872,895,835,886,0.25,0.25659403669724773,0.23939220183486237,0.2540137614678899
3489,872,896,835,886,0.24992834623101176,0.2568071080538836,0.23932358842075094,0.2539409572943537
3490,873,896,835,886,0.2501432664756447,0.25673352435530084,0.23925501432664756,0.25386819484240686
3491,873,896,835,887,0.25007161271841877,0.2566599828129476,0.23918647951876254,0.2540819249498711
3492,873,896,835,888,0.25,0.2565864833906071,0.2391179839633448,0.2542955326460481
3493,873,896,836,888,0.24992842828514172,0.2565130260521042,0.2393358144861151,0.254222731176639
3494,874,896,836,888,0.25014310246136234,0.2564396107613051,0.23926731539782484,0.25414997137950773
3495,874,897,836,888,0.250071530758226,0.25665236051502144,0.23919885550786837,0.25407725321888414
3496,874,897,837,888,0.25,0.2565789473684211,0.23941647597254004,0.2540045766590389
3497,875,897,837,888,0.25021446954532456,0.25650557620817843,0.23934801258221333,0.2539319416642837
3498,875,898,837,888,0.2501429388221841,0.2567181246426529,0.23927958833619212,0.2538593481989708
3499,875,898,837,889,0.2500714489854244,0.25664475564446987,0.23921120320091455,0.2540725921691912
3500,875,898,837,890,0.25,0.25657142857142856,0.23914285714285713,0.2542857142857143
3501,875,898,838,890,0.24992859183090546,0.2564981433876035,0.2393601828049129,0.2542130819765781
3502,875,898,839,890,0.24985722444317532,0.2564249000571102,0.23957738435179898,0.2541404911479155
3503,875,898,839,891,0.2497858978018841,0.25635169854410506,0.23950899229232087,0.25435341136169
3504,875,898,840,891,0.2497146118721461,0.2562785388127854,0.23972602739726026,0.2542808219178082
3505,875,898,840,892,0.24964336661911554,0.25620542082738945,0.2396576319543509,0.25449358059914406
3506,875,898,841,892,0.24957216200798632,0.25613234455219624,0.239874500855676,0.25442099258414147
3507,876,898,841,892,0.24978614200171087,0.25605930995152554,0.23980610208155118,0.25434844596521244
3508,876,898,841,893,0.24971493728620298,0.2559863169897377,0.23973774230330672,0.25456100342075255
3509,876,899,841,893,0.24964377315474495,0.256198347107438,0.2396694214876033,0.2544884582502137
3510,876,900,841,893,0.24957264957264957,0.2564102564102564,0.2396011396011396,0.25441595441595444
3511,877,900,841,893,0.24978638564511535,0.2563372258615779,0.23953289661065225,0.25434349188265454
3512,877,900,842,893,0.2497152619589977,0.25626423690205014,0.239749430523918,0.2542710706150342
3513,877,901,842,893,0.24964417876458866,0.2564759464844862,0.23968118417307144,0.25419869057785366
3514,877,901,842,894,0.2495731360273193,0.2564029595902106,0.2396129766647695,0.25441092771770063
3515,877,901,843,894,0.24950213371266003,0.25633001422475105,0.23982930298719773,0.25433854907539116
3516,878,901,843,894,0.24971558589306028,0.2562571103526735,0.23976109215017063,0.25426621160409557
3517,878,901,843,895,0.2496445834518055,0.256184247938584,0.23969292010235996,0.2544782485072505
3518,878,901,844,895,0.2495736213757817,0.2561114269471291,0.23990903922683343,0.25440591245025584
3519,878,901,844,896,0.24950269963057686,0.2560386473429952,0.2398408638817846,0.2546177891446434
3520,878,902,844,896,0.24943181818181817,0.25625,0.23977272727272728,0.2545454545454545
3521,878,902,845,896,0.24936097699517182,0.2561772223800057,0.2399886395910253,0.2544731610337972
3522,879,902,845,896,0.2495741056218058,0.2561044860874503,0.2399204997160704,0.25440090857467346
3523,879,903,845,896,0.24950326426341188,0.2563156400794777,0.23985239852398524,0.25432869713312517
3524,879,903,845,897,0.24943246311010214,0.25624290578887626,0.23978433598183882,0.25454029511918275
3525,879,904,845,897,0.24936170212765957,0.25645390070921986,0.2397163120567376,0.25446808510638297
3526,879,904,846,897,0.24929098128190585,0.2563811684628474,0.23993193420306297,0.25439591605218376
3527,880,904,846,897,0.24950382761553727,0.2563084774595974,0.2398639070031188,0.25432378792174654
3528,880,904,846,898,0.2494331065759637,0.2562358276643991,0.23979591836734693,0.2545351473922903
3529,880,904,847,898,0.2493624256163219,0.2561632190422216,0.24001133465570984,0.25446302068574667
3530,880,904,848,898,0.24929178470254956,0.25609065155807365,0.24022662889518415,0.2543909348441926
3531,880,904,848,899,0.24922118380062305,0.2560181251770037,0.24015859529878222,0.25460209572359105
3532,881,904,848,899,0.24943374858437145,0.2559456398640997,0.24009060022650056,0.25453001132502834
3533,882,904,848,899,0.24964619303707897,0.2558731955844891,0.24002264364562695,0.254457967732805
3534,882,904,849,899,0.2495755517826825,0.255800792303339,0.24023769100169778,0.2543859649122807
3535,882,904,850,899,0.2495049504950495,0.2557284299858557,0.24045261669024046,0.2543140028288543
3536,882,905,850,899,0.2494343891402715,0.2559389140271493,0.2403846153846154,0.2542420814479638
3537,882,905,850,900,0.24936386768447838,0.25586655357647725,0.240316652530393,0.2544529262086514
3538,883,905,850,900,0.249576031656303,0.2557942340305257,0.24024872809496892,0.25438100621820237
3539,883,905,851,900,0.24950551003108223,0.25572195535461995,0.24046340774230007,0.25430912687199775
3540,884,905,851,900,0.2497175141242938,0.2556497175141243,0.2403954802259887,0.2542372881355932
3541,885,905,851,900,0.24992939847500706,0.25557752047444227,0.24032759107596724,0.25416548997458344
3542,885,905,852,900,0.24985883681535856,0.2555053642010164,0.24054206662902314,0.2540937323546019
3543,885,905,853,900,0.2497883149872989,0.25543324865932826,0.24075642111205192,0.2540220152413209
3544,885,906,853,900,0.2497178329571106,0.25564334085778784,0.2406884875846501,0.25395033860045146
3545,885,906,853,901,0.24964739069111425,0.2555712270803949,0.24062059238363892,0.2541607898448519
3546,886,906,853,901,0.24985899605188946,0.25549915397631134,0.24055273547659334,0.2540891144952059
3547,886,906,853,902,0.24978855370735834,0.25542712151113617,0.24048491683112488,0.2542994079503806
3548,886,907,853,902,0.24971815107102593,0.2556369785794814,0.24041713641488163,0.25422773393461107
3549,886,907,854,902,0.24964778810932656,0.25556494787264017,0.2406311637080868,0.25415610030994645
3550,886,908,854,902,0.24957746478873238,0.25577464788732396,0.24056338028169014,0.2540845070422535
3551,886,908,854,903,0.24950718107575331,0.25570261898056884,0.24049563503238525,0.2542945649112926
3552,887,908,854,903,0.24971846846846846,0.25563063063063063,0.24042792792792791,0.25422297297297297
3553,888,908,854,903,0.24992963692654094,0.2555586828032648,0.24036025893611032,0.25415142133408386
3554,888,908,855,903,0.24985931344963422,0.2554867754642656,0.2405740011254924,0.25407990996060775
3555,888,909,855,903,0.249789029535865,0.25569620253164554,0.24050632911392406,0.2540084388185654
3556,888,910,855,903,0.24971878515185603,0.2559055118110236,0.24043869516310462,0.25393700787401574
3557,888,911,855,903,0.24964858026426764,0.256114703401743,0.24037109924093336,0.25386561709305594
3558,888,911,856,903,0.24957841483979765,0.2560427206295672,0.24058459808881394,0.25379426644182124
3559,889,911,856,903,0.24978926664793483,0.2559707783085136,0.2405169991570666,0.25372295588648497
3560,889,911,856,904,0.2497191011235955,0.2558988764044944,0.24044943820224718,0.2539325842696629
3561,889,912,856,904,0.2496489750070205,0.2561078348778433,0.24038191519236168,0.2538612749227745
3562,890,912,856,904,0.24985962942167322,0.25603593486805165,0.240314430095452,0.2537900056148231
3563,890,912,857,904,0.24978950322761717,0.25596407521751335,0.24052764524277295,0.25371877631209655
3564,891,912,857,904,0.25,0.2558922558922559,0.24046015712682378,0.2536475869809203
3565,891,912,857,905,0.24992987377279102,0.255820476858345,0.24039270687237027,0.2538569424964937
3566,891,912,858,905,0.2498597868760516,0.2557487380818845,0.2406057206954571,0.25378575434660683
3567,892,912,858,905,0.2500700869077656,0.255677039529016,0.24053826745164003,0.25371460611157837
3568,892,912,859,905,0.25,0.2556053811659193,0.24075112107623317,0.25364349775784756
3569,893,912,859,905,0.2502101428971701,0.25553376295881197,0.24068366489212664,0.2535724292518913
3570,894,912,859,905,0.2504201680672269,0.25546218487394956,0.24061624649859945,0.2535014005602241
3571,894,912,860,905,0.25035004200504063,0.2553906468776253,0.24082889946793615,0.25343041164939795
3572,895,912,860,905,0.25055991041433373,0.2553191489361702,0.24076147816349383,0.2533594624860022
3573,895,912,861,905,0.2504897844948223,0.25524769101595296,0.2409739714525609,0.25328855303666387
3574,895,912,861,906,0.25041969781757134,0.25517627308338,0.24090654728595412,0.25349748181309456
3575,895,912,862,906,0.25034965034965034,0.2551048951048951,0.2411188811188811,0.25342657342657343
3576,896,912,862,906,0.2505592841163311,0.2550335570469799,0.24105145413870246,0.2533557046979866
3577,896,913,862,906,0.25048923679060664,0.25524182275649987,0.24098406485882023,0.25328487559407326
3578,896,914,862,906,0.2504192286193404,0.2554499720514254,0.24091671324762437,0.25321408608160983
3579,896,915,862,906,0.2503492595697122,0.25565800502933783,0.2408493992735401,0.2531433361274099
3580,897,915,862,906,0.2505586592178771,0.25558659217877094,0.24078212290502793,0.253072625698324
3581,898,915,862,906,0.25076794191566604,0.25551521921251047,0.24071488411058364,0.2530019547612399
3582,898,916,862,906,0.25069793411501956,0.25572305974316023,0.24064768285873814,0.2529313232830821
3583,898,916,863,906,0.2506279653921295,0.2556516885291655,0.24085961484789284,0.25286073123081215
3584,898,916,864,906,0.2505580357142857,0.25558035714285715,0.24107142857142858,0.25279017857142855
3585,898,916,864,907,0.2504881450488145,0.2555090655509066,0.2410041841004184,0.2529986052998605
3586,898,917,864,907,0.25041829336307864,0.25571667596207476,0.24093697713329615,0.25292805354155046
3587,898,917,865,907,0.2503484806244773,0.2556453861165319,0.2411485921382771,0.2528575411207137
3588,898,917,866,907,0.25027870680044595,0.2555741360089186,0.24136008918617613,0.2527870680044593
3589,898,918,866,907,0.2502089718584564,0.2557815547506269,0.24129283923098357,0.2527166341599331
3590,898,918,866,908,0.2501392757660167,0.25571030640668524,0.24122562674094708,0.25292479108635096
3591,899,918,866,908,0.2503480924533556,0.2556390977443609,0.24115845168476746,0.252854358117516
3592,899,918,866,909,0.2502783964365256,0.25556792873051226,0.2410913140311804,0.25306236080178174
3593,899,918,867,909,0.25020873921514053,0.2554967993320345,0.24130253270247704,0.25299192875034787
3594,899,918,868,909,0.25013912075681694,0.25542570951585974,0.24151363383416805,0.25292153589315525
3595,899,918,868,910,0.25006954102920725,0.2553546592489569,0.24144645340751042,0.25312934631432543
3596,899,919,868,910,0.25,0.2555617352614016,0.2413793103448276,0.25305895439377085
3597,900,919,868,910,0.25020850708924103,0.25549068668334723,0.24131220461495692,0.25298860161245484
3598,900,920,868,910,0.2501389660922735,0.2556976097832129,0.24124513618677043,0.2529182879377432
3599,901,920,868,910,0.2503473186996388,0.25562656293414837,0.24117810502917478,0.25284801333703805
3600,901,920,869,910,0.25027777777777777,0.25555555555555554,0.24138888888888888,0.25277777777777777
3601,901,921,869,910,0.2502082754790336,0.25576228825326297,0.2413218550402666,0.2527075812274368
3602,901,921,869,911,0.2501388117712382,0.25569128262076624,0.24125485841199334,0.2529150471960022
3603,902,921,869,911,0.25034693311129613,0.2556203164029975,0.241187898973078,0.25284485151262837
3604,902,921,869,912,0.2502774694783574,0.2555493895671476,0.24112097669256383,0.25305216426193117
3605,902,921,870,912,0.25020804438280164,0.2554785020804438,0.24133148404993066,0.25298196948682383
3606,902,921,870,913,0.25013865779256794,0.25540765391014975,0.24126455906821964,0.25318912922906267
3607,902,921,870,914,0.25006930967563074,0.2553368450235653,0.24119767119489882,0.2533961741059052
3608,902,921,871,914,0.25,0.2552660753880266,0.24140798226164079,0.25332594235033257
3609,902,921,872,914,0.24993072873372124,0.25519534497090607,0.24161817678027153,0.25325574951510116
3610,902,921,873,914,0.24986149584487535,0.2551246537396122,0.24182825484764542,0.253185595567867
3611,902,922,873,914,0.2497923013015785,0.2553309332594849,0.24176128496261423,0.2531154804763224
3612,902,923,873,914,0.2497231450719823,0.2555370985603544,0.24169435215946844,0.2530454042081949
3613,903,923,873,914,0.24993080542485469,0.2554663714364794,0.24162745640741765,0.25297536673124826
3614,903,924,873,914,0.2498616491422247,0.25567238516878804,0.2415605976757056,0.2529053680132817
3615,903,924,873,915,0.24979253112033195,0.2556016597510373,0.24149377593360996,0.25311203319502074
3616,903,924,874,915,0.24972345132743362,0.2555309734513274,0.24170353982300885,0.2530420353982301
3617,903,924,874,916,0.24965440973182196,0.25546032623721315,0.24163671551009125,0.25324854852087364
3618,903,924,874,917,0.24958540630182421,0.25538971807628524,0.24156992813709233,0.25345494748479824
3619,903,925,874,917,0.2495164410058027,0.2555954683614258,0.24150317767339044,0.25338491295938104
3620,903,925,875,917,0.2494475138121547,0.255524861878453,0.24171270718232044,0.2533149171270718
3621,904,925,875,917,0.24965479149406242,0.25545429439381384,0.2416459541563104,0.2532449599558133
3622,904,926,875,917,0.2495858641634456,0.25565985643291,0.24157923799006073,0.25317504141358366
3623,904,926,876,917,0.2495169748826939,0.2555892906431134,0.24178857300579631,0.25310516146839634
3624,904,926,877,917,0.24944812362030905,0.25551876379690946,0.24199779249448122,0.2530353200883002
3625,904,926,878,917,0.24937931034482758,0.255448275862069,0.24220689655172414,0.25296551724137933
3626,905,926,878,917,0.24958632101489245,0.25537782680639826,0.24214009928295643,0.2528957528957529
3627,905,926,878,918,0.2495175075820237,0.2553074165977392,0.2420733388475324,0.2531017369727047
3628,905,926,878,919,0.24944873208379273,0.2552370452039691,0.24200661521499447,0.2533076074972437
3629,906,926,878,919,0.24965555249379995,0.25516671259300083,0.2419399283549187,0.25323780655828054
3630,907,926,878,919,0.24986225895316805,0.2550964187327824,0.2418732782369146,0.253168044077135
3631,907,927,878,919,0.2497934453318645,0.2553015698154778,0.24180666483062518,0.2530983200220325
3632,907,927,878,920,0.24972466960352424,0.25523127753303965,0.24174008810572686,0.2533039647577093
3633,907,928,878,920,0.2496559317368566,0.2554362785576658,0.24167354803192953,0.253234241673548
3634,907,928,879,920,0.2495872317006054,0.2553659878921299,0.2418822234452394,0.25316455696202533
3635,907,928,879,921,0.24951856946354883,0.2552957359009629,0.24181568088033012,0.25337001375515816
3636,907,928,880,921,0.24944994499449946,0.2552255225522552,0.24202420242024203,0.2533003300330033
3637,908,928,880,921,0.2496563101457245,0.2551553478141325,0.24195765740995326,0.2532306846301897
3638,908,929,880,921,0.24958768554150632,0.2553600879604178,0.24189114898295766,0.2531610775151182
3639,908,929,880,922,0.24951909865347624,0.2552899148117615,0.24182467710909591,0.2533663094256664
3640,908,929,880,923,0.24945054945054945,0.2552197802197802,0.24175824175824176,0.25357142857142856
3641,908,929,881,923,0.24938203790167537,0.2551496841527053,0.24196649272177972,0.2535017852238396
3642,909,929,881,923,0.24958813838550248,0.25507962657880284,0.24190005491488192,0.25343218012081276
3643,909,929,881,924,0.24951962668130662,0.25500960746637386,0.24183365358221245,0.25363711227010705
3644,909,929,882,924,0.24945115257958286,0.2549396267837541,0.2420417124039517,0.2535675082327113
3645,909,929,883,924,0.24938271604938272,0.25486968449931413,0.24224965706447188,0.25349794238683127
3646,909,929,883,925,0.24931431705979154,0.25479978058145913,0.2421832144816237,0.25370268787712563
3647,909,929,884,925,0.2492459555799287,0.254729914998629,0.24239100630655333,0.25363312311488895
3648,909,929,885,925,0.24917763157894737,0.25466008771929827,0.24259868421052633,0.25356359649122806
3649,909,929,885,926,0.24910934502603452,0.25459029871197586,0.2425322006029049,0.25376815565908467
3650,910,929,885,926,0.2493150684931507,0.25452054794520546,0.24246575342465754,0.2536986301369863
3651,910,929,886,926,0.24924678170364284,0.2544508353875651,0.24267324020816214,0.25362914270063
3652,910,929,886,927,0.24917853231106243,0.25438116100766706,0.24260679079956188,0.25383351588170866
3653,910,929,887,927,0.2491103202846975,0.25431152477415825,0.24281412537640296,0.2537640295647413
3654,910,930,887,927,0.24904214559386972,0.2545155993431856,0.24274767378215653,0.2536945812807882
3655,911,930,887,927,0.24924760601915186,0.25444596443228457,0.2426812585499316,0.253625170998632
3656,911,930,888,927,0.24917943107221008,0.25437636761487964,0.24288840262582057,0.2535557986870897
3657,911,931,888,927,0.24911129340989882,0.25458025704129067,0.2428219852337982,0.2534864643150123
3658,911,932,888,927,0.24904319300164024,0.2547840349917988,0.2427556041552761,0.2534171678512849
3659,911,932,888,928,0.24897512981688985,0.2547144028423066,0.242689259360481,0.2536212079803225
3660,911,932,889,928,0.24890710382513662,0.2546448087431694,0.24289617486338796,0.253551912568306
3661,911,932,889,929,0.24883911499590275,0.2545752526632068,0.24282982791587,0.2537558044250205
3662,912,932,889,929,0.2490442381212452,0.2545057345712725,0.2427635172037138,0.2536865101037684
3663,912,932,889,930,0.24897624897624898,0.25443625443625445,0.2426972426972427,0.2538902538902539
3664,912,933,889,930,0.24890829694323144,0.2546397379912664,0.24263100436681223,0.25382096069869
3665,912,933,889,931,0.24884038199181446,0.2545702592087312,0.24256480218281037,0.2540245566166439
3666,912,934,889,931,0.24877250409165302,0.2547735951991271,0.2424986361156574,0.2539552645935625
3667,912,935,889,931,0.24870466321243523,0.25497682028906465,0.24243250613580583,0.2538860103626943
3668,912,935,889,932,0.24863685932388221,0.254907306434024,0.24236641221374045,0.25408942202835333
3669,912,935,889,933,0.24856909239574815,0.25483783047151815,0.2423003543199782,0.2542927228127555
3670,913,935,889,933,0.24877384196185287,0.2547683923705722,0.24223433242506812,0.2542234332425068
3671,913,935,889,934,0.2487060746390629,0.25469899210024516,0.2421683464995914,0.2544265867611005
3672,914,935,889,934,0.24891067538126363,0.25462962962962965,0.2421023965141612,0.25435729847494554
3673,914,935,890,934,0.2488429077048734,0.25456030492785187,0.24230873945004083,0.25428804791723386
3674,915,935,890,934,0.24904735982580295,0.25449101796407186,0.2422427871529668,0.2542188350571584
3675,915,935,890,935,0.24897959183673468,0.254421768707483,0.24217687074829933,0.254421768707483
3676,915,935,891,935,0.24891186071817192,0.2543525571273123,0.2423830250272035,0.2543525571273123
3677,916,935,891,935,0.24911612727767202,0.25428338319282023,0.24231710633668752,0.25428338319282023
3678,917,935,891,935,0.24932028276237087,0.2542142468733007,0.24225122349102773,0.2542142468733007
3679,917,935,891,936,0.2492525142701821,0.254145148138081,0.24218537646099483,0.254416961130742
3680,918,935,891,936,0.24945652173913044,0.25407608695652173,0.2421195652173913,0.2543478260869565
3681,918,935,892,936,0.24938875305623473,0.25400706329801687,0.24232545503939146,0.254278728606357
3682,919,935,892,936,0.24959261271048344,0.25393807713199346,0.24225964149918522,0.2542096686583379
3683,919,935,892,937,0.24952484387727397,0.25386912842791204,0.24219386369807222,0.25441216399674177
3684,919,935,892,938,0.249457111834962,0.253800217155266,0.24212812160694897,0.254614549402823
3685,920,935,892,938,0.2496607869742198,0.2537313432835821,0.24206241519674354,0.2545454545454545
3686,921,935,892,938,0.24986435160065112,0.25366250678241997,0.24199674443841562,0.2544763971785133
3687,921,935,893,938,0.24979658258746948,0.2535937076213724,0.2422023325196637,0.25440737727149443
3688,921,935,893,939,0.24972885032537961,0.25352494577006507,0.24213665943600868,0.2546095444685466
3689,921,935,893,940,0.24966115478449444,0.2534562211981567,0.24207102195716995,0.2548116020601789
3690,921,935,894,940,0.24959349593495936,0.25338753387533874,0.24227642276422764,0.25474254742547425
3691,921,935,894,941,0.24952587374695204,0.25331888377133566,0.24221078298564075,0.25494445949607153
3692,921,935,894,942,0.24945828819068255,0.2532502708559047,0.24214517876489708,0.2551462621885157
3693,921,936,894,942,0.24939073923639318,0.25345247766043866,0.2420796100731113,0.2550771730300569
3694,921,937,894,942,0.24932322685435843,0.25365457498646454,0.24201407688142934,0.2550081212777477
3695,921,937,895,942,0.24925575101488498,0.25358592692828147,0.2422192151556157,0.25493910690121785
3696,921,937,895,943,0.24918831168831168,0.25351731601731603,0.24215367965367965,0.25514069264069267
3697,922,937,895,943,0.2493913984311604,0.2534487422234244,0.2420881796050852,0.25507167974033
3698,922,937,895,944,0.24932395889670092,0.2533802055164954,0.24202271498107084,0.2552731206057328
3699,923,937,895,944,0.24952689916193566,0.2533117058664504,0.2419572857529062,0.2552041092187078
3700,924,937,895,944,0.24972972972972973,0.25324324324324327,0.2418918918918919,0.25513513513513514
3701,925,937,895,944,0.24993245068900297,0.2531748176168603,0.24182653336935964,0.25506619832477706
3702,926,937,895,944,0.25013506212857917,0.2531064289573204,0.24176121015667207,0.25499729875742844
3703,926,937,896,944,0.2500675128274372,0.2530380772346746,0.24196597353497165,0.25492843640291657
3704,926,938,896,944,0.25,0.25323974082073436,0.24190064794816415,0.2548596112311015
3705,926,938,896,945,0.24993252361673415,0.25317139001349526,0.2418353576248313,0.2550607287449393
3706,926,938,897,945,0.24986508364813814,0.25310307609282245,0.2420399352401511,0.2549919050188883
3707,927,938,897,945,0.2500674399784192,0.25303479902886433,0.24197464256811438,0.2549231184246021
3708,928,938,897,945,0.25026968716289105,0.2529665587918015,0.24190938511326862,0.25485436893203883
3709,928,938,898,945,0.25020221083850097,0.25289835535184685,0.2421137772984632,0.254785656511189
3710,929,938,898,945,0.25040431266846364,0.2528301886792453,0.24204851752021564,0.25471698113207547
3711,930,938,898,945,0.25060630557801133,0.25276205874427377,0.24198329291296147,0.25464834276475345
3712,931,938,898,945,0.25080818965517243,0.2526939655172414,0.24191810344827586,0.25457974137931033
3713,931,938,899,945,0.2507406409911123,0.2526259089684891,0.24212227309453271,0.2545111769458659
3714,931,938,900,945,0.25067312870220787,0.2525578890683899,0.24232633279483037,0.2544426494345719
3715,932,938,900,945,0.2508748317631225,0.2524899057873486,0.24226110363391656,0.2543741588156124
3716,932,938,900,946,0.25080731969860065,0.25242195909580195,0.24219590958019377,0.2545748116254037
3717,932,938,900,947,0.25073984396018295,0.2523540489642185,0.24213075060532688,0.2547753564702717
3718,932,938,901,947,0.2506724045185584,0.25228617536309844,0.24233458848843464,0.25470683162990854
3719,932,938,902,947,0.2506050013444474,0.2522183382629739,0.242538316751815,0.25463834364076365
3720,932,938,902,948,0.25053763440860216,0.2521505376344086,0.24247311827956988,0.25483870967741934
3721,932,939,902,948,0.25047030368180595,0.2523515184090298,0.24240795485084654,0.25477022305831765
3722,932,939,903,948,0.25040300913487373,0.2522837184309511,0.24261149919398173,0.25470177324019344
3723,932,939,904,948,0.2503357507386516,0.25221595487510073,0.24281493419285521,0.25463336019339244
3724,932,939,905,948,0.2502685284640172,0.25214822771213746,0.24301825993555318,0.2545649838882922
3725,932,940,905,948,0.2502013422818792,0.2523489932885906,0.24295302013422818,0.254496644295302
3726,932,940,906,948,0.25013419216317767,0.2522812667740204,0.2431561996779388,0.25442834138486314
3727,932,940,907,948,0.25006707807888384,0.25221357660316607,0.24335927019050174,0.25436007512744835
3728,933,940,907,948,0.25026824034334766,0.2521459227467811,0.243293991416309,0.2542918454935622
3729,933,941,907,948,0.250201126307321,0.2523464735854116,0.24322874765352642,0.25422365245374096
3730,933,941,908,948,0.2501340482573727,0.2522788203753351,0.24343163538873994,0.2541554959785523
3731,933,942,908,948,0.2500670061645671,0.2524792280889842,0.24336638970785313,0.25408737603859555
3732,933,942,909,948,0.25,0.25241157556270094,0.24356913183279744,0.2540192926045016
3733,934,942,909,948,0.25020091079560675,0.25234395928207876,0.24350388427538172,0.2539512456469328
3734,934,942,909,949,0.25013390465988217,0.2522763792179968,0.24343867166577396,0.25415104445634706
3735,935,942,909,949,0.250334672021419,0.25220883534136546,0.2433734939759036,0.2540829986613119
3736,936,942,909,949,0.2505353319057816,0.25214132762312635,0.2433083511777302,0.25401498929336186
3737,937,942,909,949,0.25073588439925076,0.2520738560342521,0.24324324324324326,0.25394701632325395
3738,937,942,909,950,0.2506688068485821,0.2520064205457464,0.24317817014446227,0.2541466024612092
3739,938,942,909,950,0.25086921636801285,0.251939021128644,0.24311313185343675,0.2540786306499064
3740,939,942,909,950,0.25106951871657757,0.2518716577540107,0.24304812834224598,0.2540106951871658
3741,939,942,909,951,0.25100240577385724,0.2518043303929431,0.2429831595829992,0.25421010425020046
3742,939,942,910,951,0.2509353287012293,0.2517370390165687,0.2431854623196152,0.2541421699625869
3743,939,942,911,951,0.2508682874699439,0.25166978359604597,0.24338765695965803,0.2540742719743521
3744,939,942,912,951,0.25080128205128205,0.2516025641025641,0.24358974358974358,0.25400641025641024
3745,939,942,912,952,0.2507343124165554,0.25153538050734314,0.24352469959946596,0.2542056074766355
3746,939,943,912,952,0.25066737853710624,0.2517351841964762,0.24345969033635878,0.25413774693005875
3747,939,944,912,952,0.25060048038430743,0.25193488123832397,0.2433947157726181,0.2540699226047505
3748,939,944,912,953,0.2505336179295624,0.2518676627534685,0.24332977588046958,0.2542689434364995
3749,939,944,913,953,0.25046679114430515,0.25180048012803413,0.2435316084289144,0.2542011202987463
3750,939,945,913,953,0.2504,0.252,0.24346666666666666,0.2541333333333333
3751,939,946,913,953,0.2503332444681418,0.25219941348973607,0.2434017595307918,0.2540655825113303
3752,939,946,914,953,0.2502665245202559,0.2521321961620469,0.24360341151385928,0.25399786780383793
3753,939,946,915,953,0.2501998401278977,0.2520650146549427,0.24380495603517185,0.25393018918198773
3754,940,946,915,953,0.2503995737879595,0.25199786893979753,0.24374001065530101,0.2538625466169419
3755,940,946,916,953,0.25033288948069243,0.251930758988016,0.24394141145139814,0.25379494007989345
3756,940,946,916,954,0.25026624068157616,0.251863684771033,0.24387646432374868,0.2539936102236422
3757,940,946,917,954,0.2501996273622571,0.25179664626031406,0.24407772158637212,0.2539260047910567
3758,940,946,917,955,0.2501330494944119,0.251729643427355,0.24401277275146355,0.25412453432676957
3759,941,946,917,955,0.2503325352487364,0.2516626762436818,0.24394785847299813,0.2540569300345837
3760,941,946,918,955,0.2502659574468085,0.25159574468085105,0.24414893617021277,0.25398936170212766
3761,941,947,918,955,0.250199415049189,0.2517947354427014,0.24408402020739164,0.2539218293007179
3762,942,947,918,955,0.2503987240829346,0.2517278043593833,0.24401913875598086,0.2538543328017012
3763,943,947,918,955,0.250597927185756,0.25166090884932235,0.24395429178846664,0.25378687217645496
3764,943,948,918,955,0.25053134962805523,0.2518597236981934,0.2438894792773645,0.2537194473963868
3765,943,948,919,955,0.250464807436919,0.251792828685259,0.2440903054448871,0.2536520584329349
3766,943,949,919,955,0.25039830058417417,0.25199150292087097,0.24402549123738715,0.2535847052575677
3767,944,949,919,955,0.2505972922750199,0.2519246084417308,0.24396071144146536,0.2535173878417839
3768,944,950,919,955,0.2505307855626327,0.2521231422505308,0.243895966029724,0.25345010615711255
3769,944,951,919,955,0.25046431414168213,0.2523215707084107,0.24383125497479438,0.25338286017511275
3770,944,951,920,955,0.25039787798408486,0.25225464190981434,0.2440318302387268,0.253315649867374
3771,944,951,920,956,0.2503314770617873,0.25218774860779636,0.2439671174754707,0.25351365685494565
3772,944,951,920,957,0.25026511134676566,0.25212089077412514,0.24390243902439024,0.25371155885471897
3773,945,951,920,957,0.2504638218923933,0.252054068380599,0.24383779485820303,0.2536443148688047
3774,946,951,920,957,0.25066242713301534,0.2519872813990461,0.24377318494965552,0.25357710651828297
3775,946,952,920,957,0.25059602649006624,0.25218543046357617,0.24370860927152319,0.25350993377483444
3776,946,953,920,957,0.2505296610169492,0.2523834745762712,0.24364406779661016,0.2534427966101695
3777,946,953,920,958,0.2504633306857294,0.25231665342864706,0.24357956049774954,0.253640455387874
3778,946,953,920,959,0.25039703546850184,0.2522498676548438,0.24351508734780308,0.25383800952885127
3779,946,954,920,959,0.25033077533739084,0.25244773749669225,0.2434506483196613,0.2537708388462556
3780,946,954,921,959,0.25026455026455025,0.2523809523809524,0.24365079365079365,0.2537037037037037
3781,946,954,922,959,0.25019836022216346,0.2523142025919069,0.2438508331129331,0.25363660407299654
3782,946,954,923,959,0.25013220518244317,0.2522474881015336,0.24405076679005816,0.2535695399259651
3783,946,955,923,959,0.2500660851176315,0.25244514935236584,0.24398625429553264,0.25350251123447
3784,947,955,923,959,0.2502642706131078,0.2523784355179704,0.24392177589852007,0.2534355179704017
3785,947,956,923,959,0.2501981505944518,0.25257595772787317,0.2438573315719947,0.2533685601056803
3786,948,956,923,959,0.25039619651347067,0.2525092445853143,0.24379292128895932,0.25330163761225566
3787,949,956,923,959,0.25059413783997886,0.2524425666754687,0.2437285450224452,0.2532347504621072
3788,950,956,923,959,0.25079197465681097,0.25237592397043296,0.24366420274551215,0.2531678986272439
3789,950,956,924,959,0.2507257851675904,0.25230931644233306,0.24386381631037213,0.2531010820797044
3790,950,956,924,960,0.25065963060686014,0.25224274406332453,0.24379947229551452,0.2532981530343008
3791,951,956,924,960,0.2508572935900818,0.2521762068055922,0.24373516222632552,0.2532313373780005
3792,952,956,924,960,0.2510548523206751,0.2521097046413502,0.24367088607594936,0.25316455696202533
3793,952,956,924,961,0.25098866332718167,0.2520432375428421,0.24360664381755867,0.2533614553124176
3794,952,957,924,961,0.25092250922509224,0.2522403795466526,0.24354243542435425,0.2532946758039009
3795,952,958,924,961,0.25085638998682475,0.252437417654809,0.24347826086956523,0.2532279314888011
3796,952,958,925,961,0.2507903055848261,0.2523709167544784,0.24367755532139093,0.25316122233930455
3797,952,958,925,962,0.2507242559915723,0.2523044508822755,0.24361337898340796,0.2533579141427443
3798,952,958,926,962,0.2506582411795682,0.25223802001053186,0.24381253291205898,0.253291205897841
3799,952,958,927,962,0.25059226112134775,0.2521716241116083,0.2440115819952619,0.25322453277178203
3800,952,958,928,962,0.2505263157894737,0.2521052631578947,0.24421052631578946,0.2531578947368421
3801,952,958,929,962,0.2504604051565378,0.25203893712181,0.24440936595632728,0.2530912917653249
3802,952,958,929,963,0.2503945291951604,0.2519726459758022,0.24434508153603365,0.2532877432930037
3803,953,958,929,963,0.2505916381803839,0.25190638969234813,0.24428083092295555,0.2532211412043124
3804,953,958,930,963,0.25052576235541535,0.2518401682439537,0.2444794952681388,0.2531545741324921
3805,954,958,930,963,0.2507227332457293,0.25177398160315373,0.24441524310118265,0.2530880420499343
3806,954,959,930,963,0.2506568575932738,0.2519705727798213,0.2443510246978455,0.25302154492905937
3807,954,960,930,963,0.25059101654846333,0.25216706067769895,0.24428684003152087,0.25295508274231676
3808,954,960,931,963,0.2505252100840336,0.25210084033613445,0.24448529411764705,0.25288865546218486
3809,954,960,931,964,0.25045943817274874,0.2520346547650302,0.24442110790233657,0.25308479915988447
3810,955,960,931,964,0.25065616797900264,0.25196850393700787,0.24435695538057742,0.2530183727034121
3811,955,961,931,964,0.2505903962214642,0.2521647861453687,0.24429283652584624,0.2529519811073209
3812,955,961,932,964,0.2505246589716684,0.25209863588667364,0.24449108079748164,0.2528856243441763
3813,955,962,932,964,0.2504589562024653,0.2522947810123263,0.24442696039863623,0.25281930238657224
3814,955,962,932,965,0.2503932878867331,0.25222863135815415,0.2443628736234924,0.25301520713162035
3815,956,962,932,965,0.2505897771952818,0.2521625163826999,0.24429882044560944,0.2529488859764089
3816,956,962,932,966,0.25052410901467503,0.2520964360587002,0.24423480083857443,0.2531446540880503
3817,957,962,932,966,0.2507204610951009,0.2520303903589206,0.2441708147760021,0.2530783337699764
3818,957,963,932,966,0.250654793085385,0.2522262964903091,0.24410686223153483,0.25301204819277107
3819,957,964,932,966,0.25058915946582877,0.25242210002618487,0.24404294317884262,0.25294579732914374
3820,957,964,932,967,0.25052356020942407,0.2523560209424084,0.24397905759162303,0.2531413612565445
3821,957,964,933,967,0.2504579952891913,0.2522899764459566,0.24417691703742475,0.2530751112274274
3822,958,964,933,967,0.25065410779696495,0.2522239665096808,0.24411302982731553,0.2530088958660387
3823,959,964,933,967,0.2508501177086058,0.2521579911064609,0.24404917603975934,0.25294271514517397
3824,960,964,933,967,0.2510460251046025,0.252092050209205,0.24398535564853557,0.25287656903765693
3825,960,964,934,967,0.25098039215686274,0.2520261437908497,0.2441830065359477,0.25281045751633985
3826,960,965,934,967,0.2509147935180345,0.25222164140094094,0.24411918452692108,0.2527443805541035
3827,960,965,934,968,0.2508492291612229,0.2521557355631043,0.24405539587143976,0.2529396394042331
3828,960,966,934,968,0.2507836990595611,0.25235109717868337,0.24399164054336467,0.25287356321839083
3829,960,966,934,969,0.2507182031862105,0.2522851919561243,0.24392791851658396,0.2530686863410812
3830,960,966,935,969,0.2506527415143603,0.25221932114882506,0.24412532637075718,0.2530026109660574
3831,960,967,935,969,0.2505873140172279,0.2524145131819368,0.2440616027146959,0.2529365700861394
3832,961,967,935,969,0.2507828810020877,0.25234864300626303,0.24399791231732776,0.2528705636743215
3833,961,968,935,969,0.25071745369162535,0.2525436994521263,0.24393425515262196,0.2528045917036264
3834,962,968,935,969,0.2509128847157016,0.2524778299426187,0.24387063119457486,0.25273865414710484
3835,962,968,935,970,0.25084745762711863,0.25241199478487614,0.2438070404172099,0.2529335071707953
3836,962,968,936,970,0.2507820646506778,0.2523461939520334,0.2440041710114703,0.2528675703858186
3837,962,968,937,970,0.2507167057597081,0.25228042741725304,0.2442011988532708,0.25280166796976805
3838,962,968,938,970,0.25065138092756645,0.2522146951537259,0.2443981240229286,0.25273579989577905
3839,962,968,938,971,0.2505860901276374,0.2521489971346705,0.24433446209950507,0.25293045063818703
3840,962,968,939,971,0.25052083333333336,0.2520833333333333,0.24453125,0.25286458333333334
3841,962,969,939,971,0.25045561051809423,0.25227805259047126,0.24446758656599843,0.2527987503254361
3842,962,970,939,971,0.25039042165538783,0.25247267048412286,0.2444039562727746,0.25273295158771475
3843,962,971,939,971,0.25032526671870936,0.2526671870934166,0.24434035909445745,0.2526671870934166
3844,962,971,939,972,0.25026014568158167,0.25260145681581686,0.2442767950052029,0.25286160249739853
3845,962,972,939,972,0.25019505851755525,0.2527958387516255,0.24421326397919377,0.2527958387516255
3846,962,972,939,973,0.250130005200208,0.25273010920436817,0.24414976599063962,0.2529901196047842
3847,962,972,939,974,0.2500649857031453,0.25266441382895766,0.24408630101377696,0.2531842994541201
3848,962,973,939,974,0.25,0.25285862785862784,0.24402286902286902,0.2531185031185031
3849,963,973,939,974,0.25019485580670303,0.2527929332294102,0.24395946999220577,0.25305274097168096
3850,963,973,939,975,0.25012987012987015,0.25272727272727274,0.2438961038961039,0.2532467532467532
3851,964,973,939,975,0.2503245910153207,0.2526616463256297,0.24383277070890677,0.2531809919501428
3852,964,974,939,975,0.2502596053997923,0.2528556593977155,0.24376947040498442,0.2531152647975078
3853,964,975,939,975,0.2501946535167402,0.25304957176226317,0.24370620295873346,0.25304957176226317
3854,964,976,939,975,0.25012973533990657,0.2532433834976648,0.24364296834457708,0.2529839128178516
3855,965,976,939,975,0.2503242542153048,0.253177691309987,0.24357976653696498,0.2529182879377432
3856,966,976,939,975,0.2505186721991701,0.25311203319502074,0.24351659751037344,0.2528526970954357
3857,967,976,939,975,0.25071298936997666,0.2530464091262639,0.24345346123930517,0.25278714026445426
3858,967,976,940,975,0.25064800414722654,0.25298081907724207,0.24364955935717988,0.2527216174183515
3859,968,976,940,975,0.25084218709510236,0.2529152630215082,0.24358642135268205,0.25265612853070746
3860,968,976,940,976,0.25077720207253884,0.2528497409326425,0.24352331606217617,0.2528497409326425
3861,968,976,941,976,0.25071225071225073,0.25278425278425276,0.24371924371924372,0.25278425278425276
3862,968,976,942,976,0.25064733298808906,0.2527187985499741,0.2439150699119627,0.2527187985499741
3863,968,976,942,977,0.25058244887393216,0.2526533782034688,0.24385192855293814,0.25291224436966087
3864,968,976,942,978,0.2505175983436853,0.2525879917184265,0.24378881987577639,0.2531055900621118
3865,968,977,942,978,0.25045278137128074,0.2527813712807245,0.24372574385510995,0.25304010349288486
3866,968,977,942,979,0.25038799793067773,0.25271598551474395,0.24366270046559751,0.25323331608898086
3867,968,978,942,979,0.2503232479958624,0.2529092319627618,0.24359968968192397,0.2531678303594518
3868,968,978,943,979,0.250258531540848,0.2528438469493278,0.2437952430196484,0.2531023784901758
3869,968,978,944,979,0.25019384853967436,0.2527784957353321,0.24399069527009562,0.25303696045489793
3870,968,978,945,979,0.2501291989664083,0.2527131782945736,0.2441860465116279,0.2529715762273902
3871,968,978,946,979,0.2500645827951434,0.25264789460087833,0.2443812968225265,0.25290622578145183
3872,968,978,946,980,0.25,0.25258264462809915,0.24431818181818182,0.253099173553719
3873,969,978,946,980,0.2501936483346243,0.2525174283501162,0.24425509940614512,0.2530338239091144
3874,969,978,946,981,0.2501290655653072,0.25245224574083636,0.24419204956117707,0.2532266391326794
3875,970,978,946,981,0.2503225806451613,0.2523870967741936,0.2441290322580645,0.25316129032258067
3876,970,979,946,981,0.2502579979360165,0.25257997936016513,0.24406604747162022,0.2530959752321981
3877,970,979,946,982,0.25019344854268766,0.2525148310549394,0.244003095176683,0.25328862522568996
3878,970,979,946,983,0.25012893243940176,0.25244971634863334,0.2439401753481176,0.25348117586384733
3879,970,980,946,983,0.25006444960041246,0.2526424336169116,0.24387728796081465,0.2534158288218613
3880,970,980,947,983,0.25,0.25257731958762886,0.2440721649484536,0.2533505154639175
3881,970,981,947,983,0.249935583612471,0.25276990466374644,0.24400927595980418,0.2532852357639784
3882,971,981,947,983,0.25012879958784134,0.2527047913446677,0.243946419371458,0.253219989696033
3883,971,981,947,984,0.25006438320885915,0.2526397115632243,0.2438835951583827,0.25341231006953385
3884,971,982,947,984,0.25,0.252832131822863,0.24382080329557157,0.2533470648815654
3885,971,982,948,984,0.24993564993564993,0.25276705276705275,0.244015444015444,0.25328185328185326
3886,971,982,949,984,0.2498713329902213,0.2527020072053526,0.24420998455995882,0.25321667524446734
3887,972,982,949,984,0.25006431695394904,0.2526369951119115,0.24414715719063546,0.253151530743504
3888,972,983,949,984,0.25,0.2528292181069959,0.2440843621399177,0.25308641975308643
3889,972,983,949,985,0.2499357161223965,0.2527642067369504,0.24402159938287477,0.25327847775777834
3890,972,983,949,986,0.2498714652956298,0.25269922879177376,0.24395886889460155,0.2534704370179949
3891,972,983,950,986,0.24980724749421743,0.2526342842456952,0.24415317399126188,0.2534052942688255
3892,972,983,951,986,0.249743062692703,0.25256937307297017,0.24434737923946556,0.2533401849948613
3893,972,983,951,987,0.2496789108656563,0.2525044952478808,0.24428461340868224,0.25353198047778064
3894,972,983,952,987,0.24961479198767333,0.2524396507447355,0.24447868515665125,0.25346687211093993
3895,972,984,952,987,0.24955070603337612,0.25263157894736843,0.24441591784338895,0.25340179717586647
3896,972,984,953,987,0.24948665297741274,0.25256673511293637,0.24460985626283369,0.25333675564681724
3897,972,985,953,987,0.24942263279445728,0.2527585322042597,0.24454708750320758,0.25327174749807546
3898,973,985,953,987,0.24961518727552592,0.2526936890713186,0.24448435094920473,0.25320677270395076
3899,973,986,953,987,0.2495511669658887,0.252885355219287,0.24442164657604515,0.25314183123877915
3900,973,987,953,987,0.2494871794871795,0.2530769230769231,0.24435897435897436,0.2530769230769231
3901,973,988,953,987,0.24942322481415022,0.25326839271981544,0.24429633427326328,0.25301204819277107
3902,973,989,953,987,0.24935930292157868,0.25345976422347516,0.2442337262942081,0.2529472065607381
3903,973,989,953,988,0.2492954137842685,0.253394824493979,0.24417115039713042,0.25313861132462206
3904,973,989,953,989,0.2492315573770492,0.25332991803278687,0.24410860655737704,0.25332991803278687
3905,973,989,953,990,0.24916773367477593,0.2532650448143406,0.2440460947503201,0.2535211267605634
3906,973,989,953,991,0.24910394265232974,0.25320020481310807,0.2439836149513569,0.2537122375832053
3907,973,990,953,991,0.24904018428461736,0.25339134886101866,0.24392116713590992,0.25364729971845407
3908,973,990,953,992,0.24897645854657113,0.2533265097236438,0.24385875127942683,0.2538382804503582
3909,974,990,953,992,0.24916858531593758,0.25326170376055257,0.24379636735738042,0.25377334356612946
3910,974,990,953,993,0.24910485933503837,0.2531969309462916,0.24373401534526853,0.2539641943734015
3911,974,991,953,993,0.24904116594221426,0.2533878803375096,0.24367169521861418,0.253899258501662
3912,974,991,953,994,0.24897750511247443,0.2533231083844581,0.24360940695296524,0.25408997955010226
3913,974,991,953,995,0.24891387682085356,0.2532583695374393,0.24354715052389472,0.2542806031178124
3914,975,991,953,995,0.2491057741440981,0.25319366377107816,0.24348492590700052,0.2542156361778232
3915,976,991,953,995,0.24929757343550446,0.25312899106002557,0.2434227330779055,0.2541507024265645
3916,977,991,953,995,0.24948927477017366,0.2530643513789581,0.24336057201225741,0.25408580183861085
3917,977,991,953,996,0.2494255808016339,0.2529997447025785,0.24329844268572887,0.2542762318100587
3918,977,991,953,997,0.2493619193466054,0.25293517100561513,0.24323634507401737,0.2544665645737621
3919,977,991,953,998,0.24929829038019902,0.25287063026282214,0.24317427915284512,0.2546568002041337
3920,978,991,953,998,0.24948979591836734,0.2528061224489796,0.24311224489795918,0.2545918367346939
3921,978,991,954,998,0.24942616679418517,0.25274164753889317,0.2433052792654935,0.2545269064014282
3922,978,991,955,998,0.2493625701172871,0.2526772055073942,0.24349821519632842,0.2544620091789903
3923,978,991,956,998,0.24929900586286005,0.2526127963293398,0.24369105276574052,0.2543971450420596
3924,978,992,956,998,0.2492354740061162,0.2528032619775739,0.2436289500509684,0.2543323139653415
3925,978,993,956,998,0.249171974522293,0.2529936305732484,0.24356687898089172,0.2542675159235669
3926,978,993,956,999,0.24910850738665308,0.25292919001528275,0.2435048395313296,0.2544574630667346
3927,978,993,956,1000,0.24904507257448433,0.25286478227654696,0.2434428316781258,0.2546473134708429
3928,978,993,956,1001,0.2489816700610998,0.25280040733197556,0.24338085539714868,0.25483706720977595
3929,978,993,956,1002,0.2489182998218376,0.25273606515652836,0.24331891066429118,0.25502672435734286
3930,978,993,957,1002,0.24885496183206107,0.25267175572519085,0.2435114503816794,0.2549618320610687
3931,978,994,957,1002,0.24879165606715847,0.2528618672093615,0.24344950394301704,0.25489697278046297
3932,978,994,958,1002,0.24872838250254323,0.2527975584944049,0.24364191251271616,0.2548321464903357
3933,979,994,958,1002,0.24891939994914825,0.25273328248156623,0.24357996440376303,0.2547673531655225
3934,979,994,958,1003,0.24885612608032537,0.2526690391459075,0.2435180477885104,0.25495678698525676
3935,979,995,958,1003,0.24879288437102923,0.25285895806861497,0.2434561626429479,0.2548919949174079
3936,979,996,958,1003,0.24872967479674796,0.2530487804878049,0.24339430894308944,0.2548272357723577
3937,979,996,959,1003,0.24866649733299467,0.25298450596901195,0.24358648717297435,0.25476250952501905
3938,980,996,959,1003,0.2488572879634332,0.2529202640934485,0.24352463179278822,0.2546978161503301
3939,981,996,959,1003,0.24904798172124903,0.25285605483625284,0.24346280781924345,0.2546331556232546
3940,981,997,959,1003,0.24898477157360407,0.2530456852791878,0.2434010152284264,0.2545685279187817
3941,981,998,959,1003,0.24892159350418674,0.2532352194874397,0.2433392539964476,0.2545039330119259
3942,982,998,959,1003,0.24911212582445458,0.25317097919837644,0.2432775240994419,0.25443937087772706
3943,982,998,959,1004,0.2490489475019021,0.25310677149378646,0.24321582551356835,0.2546284554907431
3944,983,998,959,1004,0.2492393509127789,0.2530425963488844,0.24315415821501013,0.25456389452332656
3945,984,998,959,1004,0.2494296577946768,0.25297845373891004,0.24309252217997465,0.25449936628643854
3946,985,998,959,1004,0.24961986822098328,0.25291434363912824,0.24303091738469337,0.2544348707551951
3947,985,999,959,1004,0.2495566252850266,0.25310362300481376,0.24296934380542184,0.25437040790473775
3948,986,999,959,1004,0.24974670719351572,0.2530395136778115,0.2429078014184397,0.25430597771023306
3949,987,999,959,1004,0.24993669283362877,0.25297543681944795,0.24284629020005064,0.25424158014687265
3950,988,999,959,1004,0.250126582278481,0.2529113924050633,0.2427848101265823,0.2541772151898734
3951,988,999,960,1004,0.25006327512022275,0.2528473804100228,0.24297646165527714,0.25411288281447736
3952,988,999,960,1005,0.25,0.2527834008097166,0.242914979757085,0.2543016194331984
3953,989,999,960,1005,0.2501897293195042,0.2527194535795598,0.2428535289653428,0.2542372881355932
3954,990,999,960,1005,0.2503793626707132,0.2526555386949924,0.24279210925644917,0.2541729893778452
3955,990,1000,960,1005,0.2503160556257901,0.2528445006321112,0.2427307206068268,0.25410872313527183
3956,990,1000,960,1006,0.25025278058645095,0.2527805864509606,0.24266936299292213,0.25429726996966634
3957,990,1001,960,1006,0.25018953752843065,0.2529694212787465,0.24260803639120546,0.25423300480161737
3958,991,1001,960,1006,0.2503789792824659,0.25290550783223853,0.2425467407781708,0.2541687721071248
3959,992,1001,960,1006,0.2505683253346805,0.2528416266734024,0.24248547613033594,0.2541045718615812
3960,992,1001,961,1006,0.2505050505050505,0.25277777777777777,0.24267676767676769,0.25404040404040407
3961,992,1001,961,1007,0.25044180762433726,0.25271396112092903,0.24261550113607674,0.25422873011865693
3962,992,1001,962,1007,0.25037859666834933,0.25265017667844525,0.24280666330136294,0.2541645633518425
3963,992,1001,963,1007,0.25031541761291953,0.2525864244259399,0.24299772899318697,0.2541004289679536
3964,992,1001,963,1008,0.25025227043390513,0.25252270433905144,0.2429364278506559,0.2542885973763875
3965,992,1001,964,1008,0.2501891551071879,0.25245901639344265,0.24312736443883984,0.2542244640605296
3966,992,1002,964,1008,0.25012607160867373,0.2526475037821483,0.24306606152294502,0.25416036308623297
3967,992,1002,964,1009,0.2500630199142929,0.2525838164860096,0.24300478951348625,0.25434837408621125
3968,992,1002,964,1010,0.25,0.25252016129032256,0.24294354838709678,0.2545362903225806
3969,992,1002,964,1011,0.24993701184177375,0.25245653817082386,0.24288233812043336,0.254724111866969
3970,992,1003,964,1011,0.24987405541561714,0.2526448362720403,0.24282115869017631,0.25465994962216626
3971,993,1003,964,1011,0.25006295643414755,0.2525812138000504,0.24276001007302947,0.2545958196927726
3972,993,1004,964,1011,0.25,0.2527693856998993,0.24269889224572003,0.2545317220543807
3973,993,1004,964,1012,0.24993707525799144,0.252705763906368,0.24263780518499875,0.25471935565064185
3974,993,1005,964,1012,0.24987418218419727,0.2528938097634625,0.24257674886763966,0.25465525918470056
3975,993,1005,964,1013,0.249811320754717,0.2528301886792453,0.24251572327044024,0.25484276729559746
3976,993,1005,965,1013,0.24974849094567406,0.2527665995975855,0.24270623742454728,0.2547786720321932
3977,993,1006,965,1013,0.249685692733216,0.2529544883077697,0.24264520995725422,0.25471460900176013
3978,993,1006,965,1014,0.24962292609351433,0.25289089994972347,0.24258421317244847,0.2549019607843137
3979,993,1006,965,1015,0.24956019100276453,0.2528273435536567,0.24252324704699674,0.25508921839658205
3980,993,1006,966,1015,0.24949748743718592,0.2527638190954774,0.24271356783919598,0.2550251256281407
3981,993,1007,966,1015,0.24943481537302187,0.25295151971866364,0.2426525998492841,0.2549610650590304
3982,993,1007,966,1016,0.24937217478653942,0.25288799598191863,0.24259166248116523,0.2551481667503767
3983,994,1007,966,1016,0.24956063268892795,0.2528245041426061,0.24253075571177504,0.2550841074566909
3984,994,1007,966,1017,0.24949799196787148,0.2527610441767068,0.24246987951807228,0.2552710843373494
3985,995,1007,966,1017,0.24968632371392724,0.25269761606022584,0.2424090338770389,0.25520702634880804
3986,995,1007,967,1017,0.2496236828901154,0.25263421976919215,0.24259909683893627,0.25514300050175615
3987,996,1007,967,1017,0.24981188863807374,0.2525708552796589,0.24253824931025833,0.255079006772009
3988,997,1007,967,1017,0.25,0.2525075225677031,0.24247743229689067,0.25501504513540624
3989,997,1007,968,1017,0.24993732765104035,0.2524442216094259,0.24266733517172223,0.25495111556781147
3990,998,1007,968,1017,0.25012531328320803,0.2523809523809524,0.24260651629072683,0.2548872180451128
3991,998,1007,968,1018,0.2500626409421198,0.25231771485843146,0.24254572788774742,0.25507391631170134
3992,998,1007,968,1019,0.25,0.2522545090180361,0.24248496993987975,0.2552605210420842
3993,999,1007,968,1019,0.2501878287002254,0.25219133483596295,0.24242424242424243,0.25519659403956924
3994,999,1008,968,1019,0.25012518778167253,0.25237856785177765,0.24236354531797696,0.2551326990485729
3995,999,1009,968,1019,0.2500625782227785,0.2525657071339174,0.2423028785982478,0.2550688360450563
3996,1000,1009,968,1019,0.2502502502502503,0.2525025025025025,0.24224224224224225,0.255005005005005
3997,1000,1009,968,1020,0.2501876407305479,0.25243932949712283,0.24218163622717037,0.25519139354515885
3998,1000,1009,969,1020,0.25012506253126565,0.25237618809404705,0.2423711855927964,0.25512756378189094
3999,1001,1009,969,1020,0.2503125781445361,0.2523130782695674,0.2423105776444111,0.2550637659414854
4000,1001,1009,970,1020,0.25025,0.25225,0.2425,0.255
4001,1001,1009,970,1021,0.2501874531367158,0.25218695326168455,0.24243939015246188,0.2551862034491377
4002,1001,1009,971,1021,0.2501249375312344,0.2521239380309845,0.2426286856571714,0.2551224387806097
4003,1002,1009,971,1021,0.2503122658006495,0.25206095428428676,0.2425680739445416,0.2550587059705221
4004,1002,1009,971,1022,0.25024975024975027,0.251998001998002,0.2425074925074925,0.25524475524475526
4005,1002,1009,972,1022,0.250187265917603,0.2519350811485643,0.24269662921348314,0.25518102372034956
4006,1002,1009,973,1022,0.25012481278082876,0.25187219171243136,0.24288567149276086,0.255117324013979
4007,1003,1009,973,1022,0.2503119540803594,0.2518093336660844,0.24282505615173447,0.2550536561018218
4008,1003,1009,974,1022,0.25024950099800397,0.25174650698602796,0.24301397205588823,0.25499001996007986
4009,1003,1009,974,1023,0.2501870790720878,0.2516837116487902,0.24295335495135945,0.2551758543277625
4010,1004,1009,974,1023,0.25037406483790525,0.2516209476309227,0.2428927680798005,0.2551122194513716
4011,1005,1009,974,1023,0.2505609573672401,0.25155821490900027,0.24283221141859884,0.2550486163051608
4012,1006,1009,974,1023,0.2507477567298106,0.2514955134596211,0.24277168494516452,0.2549850448654038
4013,1007,1009,974,1023,0.2509344629952654,0.2514328432594069,0.24271118863692998,0.25492150510839773
4014,1008,1009,974,1023,0.25112107623318386,0.2513702042850025,0.24265072247135028,0.25485799701046336
4015,1008,1009,975,1023,0.2510585305105853,0.251307596513076,0.24283935242839352,0.2547945205479452
4016,1008,1009,976,1023,0.250996015936255,0.2512450199203187,0.24302788844621515,0.25473107569721115
4017,1008,1010,976,1023,0.25093353248693057,0.25143141647996015,0.24296738859845657,0.2546676624346527
4018,1008,1011,976,1023,0.2508710801393728,0.2516177202588352,0.242906918865107,0.2546042807366849
4019,1008,1011,977,1023,0.25080865887036574,0.25155511321224183,0.24309529733764618,0.2545409305797462
4020,1008,1011,978,1023,0.2507462686567164,0.25149253731343285,0.24328358208955222,0.2544776119402985
4021,1009,1011,978,1023,0.2509326038298931,0.25142999253916937,0.2432230788361104,0.2544143247948272
4022,1009,1011,978,1024,0.2508702138239682,0.2513674788662357,0.24316260566882147,0.2545997016409746
4023,1010,1011,978,1024,0.25105642555306984,0.2513049962714392,0.2431021625652498,0.2545364156102411
4024,1010,1011,978,1025,0.2509940357852883,0.25124254473161034,0.2430417495029821,0.2547216699801193
4025,1010,1012,978,1025,0.25093167701863356,0.25142857142857145,0.24298136645962734,0.2546583850931677
4026,1010,1012,979,1025,0.250869349230005,0.25136612021857924,0.24316939890710382,0.25459513164431197
4027,1010,1012,980,1025,0.2508070523963248,0.2513037000248324,0.2433573379687112,0.2545319096101316
4028,1010,1012,981,1025,0.25074478649453824,0.2512413108242304,0.243545183714002,0.2544687189672294
4029,1010,1012,981,1026,0.2506825515016133,0.2511789525936957,0.24348473566641846,0.2546537602382725
4030,1010,1012,982,1026,0.2506203473945409,0.2511166253101737,0.24367245657568237,0.254590570719603
4031,1010,1012,982,1027,0.2505581741503349,0.2510543289506326,0.2436120069461672,0.2547754899528653
4032,1010,1013,982,1027,0.25049603174603174,0.25124007936507936,0.2435515873015873,0.25471230158730157
4033,1010,1013,982,1028,0.2504339201586908,0.25117778328787504,0.243491197619638,0.2548970989337962
4034,1010,1013,983,1028,0.25037183936539414,0.25111551809618243,0.24367873078829946,0.25483391175012393
4035,1011,1013,983,1028,0.2505576208178439,0.2510532837670384,0.2436183395291202,0.2547707558859975
4036,1012,1013,983,1028,0.25074331020812685,0.2509910802775025,0.2435579781962339,0.2547076313181368
4037,1012,1014,983,1028,0.2506811989100817,0.2511766162992321,0.24349764676740154,0.25464453802328463
4038,1012,1014,983,1029,0.2506191183754334,0.2511144130757801,0.24343734522040614,0.25482912332838037
4039,1012,1014,984,1029,0.25055706858133203,0.25105224065362713,0.2436246595692003,0.25476603119584057
4040,1012,1014,985,1029,0.2504950495049505,0.250990099009901,0.2438118811881188,0.2547029702970297
4041,1012,1014,986,1029,0.2504330611234843,0.25092798812175204,0.24399901014600348,0.2546399406087602
4042,1012,1014,987,1029,0.2503711034141514,0.2508659079663533,0.2441860465116279,0.2545769421078674
4043,1013,1014,987,1029,0.25055651743754637,0.2508038585209003,0.2441256492703438,0.2545139747712095
4044,1013,1015,987,1029,0.25049455984174085,0.2509891196834817,0.24406528189910978,0.25445103857566764
4045,1014,1015,987,1029,0.2506798516687268,0.25092707045735474,0.24400494437577255,0.2543881334981459
4046,1015,1015,987,1029,0.2508650519031142,0.2508650519031142,0.24394463667820068,0.25432525951557095
4047,1015,1016,987,1029,0.2508030639980232,0.2510501606127996,0.24388435878428466,0.2542624166048925
4048,1015,1016,987,1030,0.2507411067193676,0.2509881422924901,0.24382411067193677,0.2544466403162055
4049,1015,1016,987,1031,0.25067918004445544,0.2509261546060756,0.24376389231909112,0.25463077303037784
4050,1015,1016,988,1031,0.2506172839506173,0.2508641975308642,0.24395061728395062,0.2545679012345679
4051,1015,1016,989,1031,0.2505554184152061,0.2508022710441866,0.24413725006171316,0.2545050604788941
4052,1015,1016,990,1031,0.25049358341559724,0.25074037512339586,0.2443237907206318,0.25444225074037513
4053,1015,1016,991,1031,0.2504317789291883,0.25067850974586725,0.24451023932889218,0.2543794719960523
4054,1016,1016,991,1031,0.2506166748889985,0.2506166748889985,0.24444992599901333,0.2543167242229896
4055,1016,1016,991,1032,0.25055487053020964,0.25055487053020964,0.24438964241676941,0.25450061652281136
4056,1016,1016,992,1032,0.2504930966469428,0.2504930966469428,0.2445759368836292,0.25443786982248523
4057,1016,1016,992,1033,0.25043135321666254,0.25043135321666254,0.24451565195957603,0.2546216416070988
4058,1016,1016,993,1033,0.2503696402168556,0.2503696402168556,0.24470182355840314,0.25455889600788567
4059,1016,1016,994,1033,0.2503079576250308,0.2503079576250308,0.2448879034244888,0.2544961813254496
4060,1016,1017,994,1033,0.25024630541871923,0.2504926108374384,0.24482758620689654,0.25443349753694583
4061,1016,1018,994,1033,0.250184683575474,0.2506771731100714,0.24476729869490274,0.25437084461955184
4062,1016,1018,994,1034,0.25012309207287053,0.25061546036435256,0.2447070408665682,0.25455440669620877
4063,1017,1018,994,1034,0.25030765444253017,0.25055377799655426,0.24464681269997537,0.25449175486094017
4064,1018,1018,994,1034,0.25049212598425197,0.25049212598425197,0.24458661417322836,0.2544291338582677
4065,1018,1018,995,1034,0.25043050430504304,0.25043050430504304,0.24477244772447723,0.25436654366543665
4066,1019,1018,995,1034,0.25061485489424495,0.25036891293654695,0.24471224790949336,0.25430398425971473
4067,1019,1018,995,1035,0.2505532333415294,0.25030735185640524,0.2446520776985493,0.2544873371035161
4068,1019,1018,995,1036,0.2504916420845624,0.2502458210422812,0.24459193706981316,0.25467059980334317
4069,1019,1018,996,1036,0.2504300811010076,0.2501843204718604,0.24477758663062177,0.2546080117965102
4070,1019,1018,996,1037,0.2503685503685504,0.2501228501228501,0.24471744471744472,0.2547911547911548
4071,1019,1018,996,1038,0.25030704986489805,0.2500614099729796,0.24465733235077378,0.25497420781134855
4072,1019,1018,997,1038,0.25024557956778,0.25,0.24484282907662083,0.2549115913555992
4073,1019,1019,997,1038,0.2501841394549472,0.2501841394549472,0.2447827154431623,0.2548490056469433
4074,1019,1020,997,1038,0.2501227295041728,0.2503681885125184,0.24472263132056946,0.2547864506627393
4075,1020,1020,997,1038,0.25030674846625767,0.25030674846625767,0.24466257668711655,0.2547239263803681
4076,1020,1020,997,1039,0.25024533856722275,0.25024533856722275,0.2446025515210991,0.25490677134445533
4077,1020,1021,997,1039,0.2501839587932303,0.25042923718420407,0.24454255580083395,0.2548442482217317
4078,1020,1022,997,1039,0.2501226091221187,0.25061304561059344,0.24448258950465915,0.25478175576262874
4079,1020,1023,997,1039,0.250061289531748,0.2507967639127237,0.24442265261093404,0.25471929394459425
4080,1020,1023,997,1040,0.25,0.25073529411764706,0.2443627450980392,0.2549019607843137
4081,1020,1023,998,1040,0.24993874050477824,0.25067385444743934,0.2445479049252634,0.254839500122519
4082,1020,1023,998,1041,0.24987751102400785,0.2506124448799608,0.24448799608035277,0.25502204801567857
4083,1020,1023,998,1042,0.24981631153563555,0.2505510653930933,0.24442811658094538,0.2552045064903257
4084,1020,1023,999,1042,0.24975514201762977,0.25048971596474046,0.24461312438785504,0.25514201762977473
4085,1021,1023,999,1042,0.24993880048959607,0.2504283965728274,0.24455324357405142,0.2550795593635251
4086,1021,1024,999,1042,0.24987763093489965,0.25061184532550174,0.2444933920704846,0.25501713166911405
4087,1021,1024,1000,1042,0.2498164913139222,0.2505505260582334,0.24467824810374358,0.25495473452410083
4088,1021,1024,1000,1043,0.24975538160469668,0.25048923679060664,0.2446183953033268,0.2551369863013699
4089,1021,1025,1000,1043,0.24969430178527757,0.2506725360723893,0.24455857177794083,0.2550745903643923
4090,1021,1025,1001,1043,0.24963325183374083,0.2506112469437653,0.24474327628361858,0.2550122249388753
4091,1021,1026,1001,1043,0.24957223172818382,0.2507944267905158,0.24468345147885603,0.2549498900024444
4092,1021,1027,1001,1043,0.24951124144672532,0.25097751710654936,0.2446236559139785,0.2548875855327468
4093,1021,1027,1002,1043,0.2494502809675055,0.25091619838749085,0.2448082091375519,0.25482531150745175
4094,1021,1027,1003,1043,0.2493893502686859,0.2508549096238398,0.24499267220322424,0.25476306790425013
4095,1021,1028,1003,1043,0.24932844932844933,0.25103785103785103,0.24493284493284492,0.2547008547008547
4096,1021,1028,1004,1043,0.249267578125,0.2509765625,0.2451171875,0.254638671875
4097,1021,1029,1004,1043,0.24920673663656334,0.25115938491579204,0.24505735904320233,0.25457651940444226
4098,1021,1029,1004,1044,0.24914592484138604,0.25109809663250365,0.2449975597852611,0.2547584187408492
4099,1021,1029,1005,1044,0.24908514271773605,0.2510368382532325,0.2451817516467431,0.25469626738228834
4100,1022,1029,1005,1044,0.24926829268292683,0.25097560975609756,0.2451219512195122,0.2546341463414634
4101,1023,1029,1005,1044,0.24945135332845647,0.25091441111923923,0.24506217995610827,0.25457205559619606
4102,1023,1029,1005,1045,0.24939054119941492,0.2508532423208191,0.24500243783520234,0.2547537786445636
4103,1024,1029,1005,1045,0.24957348281745065,0.25079210333902024,0.24494272483548624,0.2546916890080429
4104,1024,1029,1006,1045,0.24951267056530213,0.2507309941520468,0.24512670565302144,0.25462962962962965
4105,1024,1029,1007,1045,0.24945188794153472,0.2506699147381242,0.24531059683313033,0.2545676004872107
4106,1025,1029,1007,1045,0.24963468095470043,0.2506088650754993,0.2452508524111057,0.2545056015586946
4107,1025,1029,1008,1045,0.24957389822254686,0.2505478451424397,0.24543462381300218,0.2544436328220112
4108,1025,1029,1009,1045,0.24951314508276534,0.25048685491723466,0.24561830574488802,0.254381694255112
4109,1026,1029,1009,1045,0.24969578972986128,0.2504258943781942,0.2455585300559747,0.2543197858359698
4110,1026,1029,1010,1045,0.24963503649635035,0.2503649635036496,0.24574209245742093,0.2542579075425791
4111,1026,1029,1011,1045,0.2495743128192654,0.2503040622719533,0.24592556555582584,0.2541960593529555
4112,1026,1030,1011,1045,0.2495136186770428,0.2504863813229572,0.2458657587548638,0.25413424124513617
4113,1026,1031,1011,1045,0.24945295404814005,0.25066861171893995,0.24580598103574033,0.2540724531971797
4114,1026,1031,1011,1046,0.2493923189110355,0.25060768108896453,0.2457462323772484,0.2542537676227516
4115,1026,1031,1011,1047,0.24933171324422843,0.250546780072904,0.2456865127582017,0.25443499392466584
4116,1026,1031,1012,1047,0.24927113702623907,0.25048590864917397,0.24586977648202138,0.2543731778425656
4117,1026,1031,1012,1048,0.24921059023560846,0.25042506679621085,0.24581005586592178,0.2545542871022589
4118,1026,1032,1012,1048,0.2491500728508985,0.2506070908207868,0.24575036425449248,0.25449247207382225
4119,1026,1032,1012,1049,0.2490895848506919,0.25054624908958484,0.2456907016266084,0.25467346443311484
4120,1027,1032,1012,1049,0.24927184466019417,0.2504854368932039,0.24563106796116504,0.2546116504854369
4121,1027,1033,1012,1049,0.24921135646687698,0.2506673137587964,0.24557146323707837,0.25454986653724826
4122,1027,1034,1012,1049,0.24915089762251336,0.25084910237748664,0.2455118874332848,0.25448811256671516
4123,1028,1034,1012,1049,0.24933300994421537,0.2507882609750182,0.2454523405287412,0.2544263885520252
4124,1029,1034,1012,1049,0.24951503394762367,0.2507274490785645,0.24539282250242483,0.254364694471387
4125,1029,1034,1013,1049,0.24945454545454546,0.25066666666666665,0.2455757575757576,0.2543030303030303
4126,1029,1034,1014,1049,0.24939408628211343,0.2506059137178866,0.245758603974794,0.254241396025206
4127,1029,1034,1014,1050,0.2493336564090138,0.2505451902108069,0.2456990550036346,0.2544220983765447
4128,1029,1035,1014,1050,0.2492732558139535,0.2507267441860465,0.24563953488372092,0.2543604651162791
4129,1030,1035,1014,1050,0.24945507386776458,0.2506660208282877,0.24558004359409058,0.2542988617098571
4130,1030,1035,1014,1051,0.24939467312348668,0.2506053268765133,0.24552058111380146,0.25447941888619857
4131,1030,1036,1014,1051,0.24933430162188333,0.25078673444686517,0.24546114742193173,0.25441781650931977
4132,1030,1037,1014,1051,0.24927395934172314,0.2509680542110358,0.24540174249757987,0.25435624394966116
4133,1031,1037,1014,1051,0.249455601258166,0.25090733123639003,0.2453423663198645,0.2542947011855795
4134,1031,1037,1015,1051,0.2493952588292211,0.2508466376390905,0.2455249153362361,0.2542331881954523
4135,1031,1037,1016,1051,0.24933494558645708,0.25078597339782344,0.2457073760580411,0.2541717049576784
4136,1031,1038,1016,1051,0.24927466150870406,0.2509671179883946,0.24564796905222436,0.254110251450677
4137,1032,1038,1016,1051,0.24945612762871647,0.25090645395213923,0.24558859076625575,0.25404882765288855
4138,1032,1039,1016,1051,0.24939584340260995,0.25108748187530205,0.24552924117931368,0.2539874335427743
4139,1032,1039,1016,1052,0.2493355883063542,0.25102681807199806,0.24546992027059678,0.254167673351051
4140,1032,1040,1016,1052,0.2492753623188406,0.25120772946859904,0.24541062801932367,0.2541062801932367
4141,1032,1040,1017,1052,0.24921516541898092,0.2511470659261048,0.24559285196812364,0.25404491668679063
4142,1032,1041,1017,1052,0.2491549975857074,0.25132786093674553,0.24553355866731047,0.2539835828102366
4143,1032,1042,1017,1052,0.2490948587979725,0.25150856867004584,0.24547429398986242,0.25392227854211924
4144,1032,1042,1017,1053,0.24903474903474904,0.2514478764478765,0.2454150579150579,0.2541023166023166
4145,1032,1042,1018,1053,0.24897466827503015,0.25138721351025334,0.24559710494571774,0.2540410132689988
4146,1032,1042,1018,1054,0.24891461649782923,0.2513265798359865,0.24553786782440906,0.2542209358417752
4147,1032,1043,1018,1054,0.24885459368217988,0.2515071135760791,0.2454786592717627,0.2541596334699783
4148,1033,1043,1018,1054,0.24903567984570876,0.25144648023143684,0.24541947926711669,0.2540983606557377
4149,1033,1043,1018,1055,0.2489756567847674,0.25138587611472646,0.24536032778982889,0.2542781393106773
4150,1034,1043,1018,1055,0.2491566265060241,0.2513253012048193,0.2453012048192771,0.25421686746987954
4151,1034,1044,1018,1055,0.2490966032281378,0.251505661286437,0.24524211033485907,0.2541556251505661
4152,1035,1044,1018,1055,0.24927745664739884,0.2514450867052023,0.2451830443159923,0.25409441233140656
4153,1035,1044,1018,1056,0.24921743318083314,0.25138454129544907,0.24512400674211413,0.25427401878160366
4154,1036,1044,1018,1056,0.24939817043813192,0.2513240250361098,0.24506499759268174,0.2542128069330766
4155,1036,1044,1019,1056,0.249338146811071,0.2512635379061372,0.24524669073405536,0.25415162454873647
4156,1036,1045,1019,1056,0.2492781520692974,0.2514436958614052,0.24518768046198267,0.25409047160731474
4157,1036,1045,1019,1057,0.24921818619196537,0.25138320904498435,0.24512869858070724,0.254269906182343
4158,1036,1045,1020,1057,0.24915824915824916,0.25132275132275134,0.2453102453102453,0.2542087542087542
4159,1036,1045,1020,1058,0.24909834094734312,0.2512623226737196,0.24525126232267372,0.2543880740562635
4160,1036,1046,1020,1058,0.24903846153846154,0.2514423076923077,0.24519230769230768,0.25432692307692306
4161,1037,1046,1020,1058,0.24921893775534726,0.25138187935592404,0.24513338139870222,0.2542658014900264
4162,1037,1046,1021,1058,0.24915905814512254,0.2513214800576646,0.24531475252282556,0.2542047092743873
4163,1037,1046,1021,1059,0.24909920730242613,0.25126110977660343,0.24525582512611097,0.2543838577948595
4164,1037,1046,1022,1059,0.24903938520653218,0.25120076849183476,0.24543707973102785,0.2543227665706052
4165,1037,1047,1022,1059,0.24897959183673468,0.25138055222088834,0.2453781512605042,0.25426170468187276
4166,1038,1047,1022,1059,0.24915986557849257,0.2513202112337974,0.24531925108017283,0.2542006721075372
4167,1038,1047,1023,1059,0.24910007199424047,0.25125989920806335,0.24550035997120231,0.25413966882649386
4168,1038,1048,1023,1059,0.24904030710172745,0.2514395393474088,0.2454414587332054,0.2540786948176583
4169,1038,1049,1023,1059,0.24898057088030703,0.2516190933077477,0.24538258575197888,0.2540177500599664
4170,1038,1049,1024,1059,0.2489208633093525,0.25155875299760194,0.24556354916067147,0.2539568345323741
4171,1038,1049,1024,1060,0.24886118436825702,0.25149844162071444,0.24550467513785662,0.2541356988731719
4172,1038,1050,1024,1060,0.24880153403643337,0.2516778523489933,0.24544582933844677,0.25407478427612656
4173,1038,1050,1025,1060,0.24874191229331416,0.2516175413371675,0.24562664749580637,0.25401389887371195
4174,1038,1050,1026,1060,0.2486823191183517,0.25155725922376615,0.24580737901293723,0.2539530426449449
4175,1038,1050,1026,1061,0.24862275449101798,0.25149700598802394,0.24574850299401196,0.2541317365269461
4176,1039,1050,1026,1061,0.24880268199233715,0.2514367816091954,0.24568965517241378,0.25407088122605365
4177,1039,1050,1027,1061,0.24874311706966723,0.25137658606655494,0.24587024180033518,0.25401005506344265
4178,1040,1050,1027,1061,0.24892292963140258,0.25131641933939686,0.24581139301101004,0.2539492580181905
4179,1041,1050,1027,1061,0.24910265613783203,0.25125628140703515,0.24575257238573822,0.25388849006939457
4180,1041,1050,1028,1061,0.24904306220095693,0.2511961722488038,0.24593301435406698,0.25382775119617224
4181,1042,1050,1028,1061,0.24922267400143505,0.25113609184405644,0.24587419277684763,0.2537670413776609
4182,1043,1050,1028,1061,0.24940219990435197,0.25107604017216645,0.2458153993304639,0.2537063605930177
4183,1044,1050,1028,1061,0.24958163997131247,0.2510160172125269,0.24575663399474063,0.25364570882142
4184,1044,1050,1028,1062,0.24952198852772467,0.25095602294455066,0.245697896749522,0.2538240917782027
4185,1045,1050,1028,1062,0.24970131421744324,0.25089605734767023,0.24563918757467146,0.2537634408602151
4186,1045,1050,1029,1062,0.24964166268514096,0.2508361204013378,0.24581939799331104,0.25370281892021024
4187,1045,1050,1029,1063,0.24958203964652495,0.2507762120850251,0.24576068784332458,0.25388106042512537
4188,1045,1050,1030,1063,0.24952244508118435,0.2507163323782235,0.24594078319006685,0.2538204393505253
4189,1046,1050,1030,1063,0.2497015994270709,0.25065648126044404,0.24588207209357843,0.25375984721890665
4190,1046,1050,1030,1064,0.2496420047732697,0.25059665871121717,0.2458233890214797,0.2539379474940334
4191,1046,1050,1030,1065,0.2495824385588165,0.25053686471009307,0.24576473395371032,0.2541159627773801
4192,1046,1050,1030,1066,0.24952290076335878,0.25047709923664124,0.245706106870229,0.25429389312977096
4193,1046,1050,1030,1067,0.24946339136656331,0.25041736227045075,0.2456475077510136,0.2544717386119723
4194,1046,1050,1030,1068,0.24940391034811635,0.2503576537911302,0.24558893657606104,0.25464949928469244
4195,1046,1050,1030,1069,0.24934445768772348,0.25029797377830754,0.24553039332538737,0.25482717520858167
4196,1046,1050,1030,1070,0.24928503336510963,0.2502383222116301,0.24547187797902764,0.2550047664442326
4197,1047,1050,1030,1070,0.2494639027877055,0.25017869907076484,0.24541339051703598,0.2549440076244937
4198,1047,1050,1031,1070,0.24940447832301096,0.2501191043353978,0.2455931395902811,0.25488327775131014
4199,1047,1051,1031,1070,0.24934508216241963,0.2502976899261729,0.24553465110740652,0.25482257680400094
4200,1047,1051,1031,1071,0.24928571428571428,0.25023809523809526,0.2454761904761905,0.255
4201,1047,1051,1031,1072,0.24922637467269698,0.2501785289216853,0.24541775767674362,0.2551773387288741
4202,1047,1052,1031,1072,0.24916706330318897,0.25035697287006187,0.24535935268919562,0.2551166111375536
4203,1047,1053,1031,1072,0.2491077801570307,0.2505353319057816,0.24530097549369498,0.25505591244349274
4204,1048,1053,1031,1072,0.24928639391056137,0.2504757373929591,0.24524262607040914,0.25499524262607043
4205,1048,1053,1031,1073,0.24922711058263972,0.2504161712247325,0.24518430439952438,0.25517241379310346
4206,1049,1053,1031,1073,0.24940561103185924,0.25035663338088443,0.24512601046124585,0.2551117451260105
4207,1049,1053,1032,1073,0.24934632754932257,0.250297123841217,0.2453054433087711,0.2550511053006893
4208,1049,1053,1032,1074,0.249287072243346,0.2502376425855513,0.24524714828897337,0.25522813688212925
4209,1049,1053,1033,1074,0.24922784509384652,0.25017818959372773,0.2454264670943217,0.2551674982181041
4210,1049,1053,1034,1074,0.2491686460807601,0.2501187648456057,0.24560570071258908,0.2551068883610451
4211,1049,1053,1035,1074,0.2491094751840418,0.2500593683210639,0.2457848492044645,0.2550463072904298
4212,1049,1053,1035,1075,0.24905033238366572,0.25,0.24572649572649571,0.25522317188983856
4213,1049,1053,1035,1076,0.24899121765962498,0.24994065986233088,0.24566816995015428,0.2553999525278899
4214,1049,1053,1036,1076,0.24893213099193165,0.2498813478879924,0.24584717607973422,0.2553393450403417
4215,1050,1053,1036,1076,0.2491103202846975,0.2498220640569395,0.2457888493475682,0.25527876631079477
4216,1050,1053,1037,1076,0.24905123339658444,0.2497628083491461,0.24596774193548387,0.25521821631878555
4217,1050,1053,1037,1077,0.2489921745316576,0.24970358074460516,0.24590941427555135,0.2553948304481859
4218,1050,1053,1038,1077,0.24893314366998578,0.2496443812233286,0.2460881934566145,0.2553342816500711
4219,1050,1053,1039,1077,0.2488741407916568,0.24958520976534723,0.24626688788812515,0.2552737615548708
4220,1050,1054,1039,1077,0.24881516587677724,0.24976303317535545,0.2462085308056872,0.2552132701421801
4221,1051,1054,1039,1077,0.24899312959014452,0.24970386164416014,0.24615020137408197,0.25515280739161333
4222,1051,1054,1039,1078,0.2489341544291805,0.24964471814306016,0.24609189957366176,0.25532922785409756
4223,1051,1055,1039,1078,0.24887520719867393,0.24982240113663273,0.24603362538479753,0.2552687662798958
4224,1051,1055,1039,1079,0.24881628787878787,0.24976325757575757,0.24597537878787878,0.25544507575757575
4225,1052,1055,1039,1079,0.2489940828402367,0.24970414201183433,0.2459171597633136,0.2553846153846154
4226,1052,1055,1040,1079,0.2489351632749645,0.24964505442498816,0.24609559867486985,0.25532418362517745
4227,1052,1055,1040,1080,0.24887627158741424,0.24958599479536314,0.24603737875561865,0.255500354861604
4228,1052,1055,1040,1081,0.24881740775780511,0.24952696310312206,0.24597918637653737,0.2556764427625355
4229,1053,1055,1040,1081,0.2489950342870655,0.24946795932844645,0.2459210215180894,0.2556159848663987
4230,1053,1056,1040,1081,0.24893617021276596,0.24964539007092199,0.2458628841607565,0.25555555555555554
4231,1054,1056,1040,1081,0.24911368470810683,0.2495863861971165,0.245804774285039,0.25549515480973767
4232,1054,1057,1040,1081,0.249054820415879,0.24976370510396975,0.24574669187145556,0.2554347826086957
4233,1055,1057,1040,1081,0.2492322230096858,0.24970470115757146,0.24568863690054335,0.2553744389321994
4234,1055,1057,1040,1082,0.24917335852621633,0.24964572508266414,0.24563060935285783,0.2555503070382617
4235,1056,1057,1040,1082,0.24935064935064935,0.24958677685950414,0.24557260920897284,0.2554899645808737
4236,1056,1057,1040,1083,0.24929178470254956,0.2495278564683664,0.24551463644948066,0.2556657223796034
4237,1056,1057,1040,1084,0.24923294784045316,0.24946896388954448,0.24545669105499174,0.25584139721501065
4238,1056,1058,1040,1084,0.24917413874469088,0.24964605946201038,0.24539877300613497,0.25578102878716374
4239,1056,1058,1040,1085,0.24911535739561216,0.249587166784619,0.24534088228355744,0.25595659353621136
4240,1056,1058,1041,1085,0.2490566037735849,0.24952830188679245,0.2455188679245283,0.25589622641509435
4241,1056,1059,1041,1085,0.24899787785899552,0.24970525819382222,0.24546097618486207,0.2558358877623202
4242,1056,1060,1041,1085,0.24893917963224893,0.24988213107024987,0.2454031117397454,0.25577557755775576
4243,1056,1060,1042,1085,0.24888050907376855,0.24982323827480557,0.24558095687013906,0.2557152957812868
4244,1056,1060,1043,1085,0.24882186616399624,0.24976437323279924,0.24575871819038642,0.2556550424128181
4245,1056,1061,1043,1085,0.24876325088339224,0.24994110718492343,0.24570082449941108,0.25559481743227325
4246,1056,1061,1044,1085,0.24870466321243523,0.2498822421102214,0.24587847385774847,0.25553462081959494
4247,1056,1061,1044,1086,0.24864610313162233,0.24982340475629855,0.24582057923239933,0.25570991287967976
4248,1056,1061,1044,1087,0.24858757062146894,0.24976459510357815,0.2457627118644068,0.2558851224105461
4249,1057,1061,1044,1087,0.2487644151565074,0.24970581313250176,0.24570487173452576,0.25582489997646507
4250,1057,1062,1044,1087,0.24870588235294117,0.24988235294117647,0.2456470588235294,0.25576470588235295
4251,1057,1062,1045,1087,0.24864737708774406,0.24982357092448837,0.24582451187955776,0.2557045401082098
4252,1057,1062,1046,1087,0.24858889934148637,0.2497648165569144,0.24600188146754468,0.2556444026340546
4253,1058,1062,1046,1087,0.24876557723959558,0.24970608981895132,0.24594403950152832,0.2555842934399248
4254,1058,1062,1047,1087,0.24870709920075224,0.24964739069111425,0.2461212976022567,0.2555242125058768
4255,1058,1063,1047,1087,0.24864864864864866,0.24982373678025852,0.24606345475910693,0.2554641598119859
4256,1059,1063,1047,1087,0.2488251879699248,0.24976503759398497,0.24600563909774437,0.2554041353383459
4257,1059,1063,1048,1087,0.24876673713883016,0.24970636598543575,0.2461827578106648,0.2553441390650693
4258,1059,1064,1048,1087,0.24870831376232974,0.2498825739783936,0.2461249412869892,0.25528417097228745
4259,1060,1064,1048,1087,0.24888471472176568,0.2498239023244893,0.24606715191359474,0.2552242310401503
4260,1060,1065,1048,1087,0.24882629107981222,0.25,0.2460093896713615,0.25516431924882627
4261,1060,1065,1048,1088,0.2487678948603614,0.24994132832668386,0.2459516545411875,0.2553391222717672
4262,1060,1065,1048,1089,0.24870952604411076,0.24988268418582826,0.24589394650398874,0.2555138432660723
4263,1060,1066,1048,1089,0.24865118461177574,0.2500586441473141,0.24583626554069904,0.2554539057002111
4264,1060,1066,1049,1089,0.24859287054409004,0.25,0.24601313320825516,0.2553939962476548
4265,1060,1067,1049,1089,0.2485345838218054,0.25017584994138337,0.2459554513481829,0.2553341148886284
4266,1060,1067,1049,1090,0.2484763244256915,0.25011720581340835,0.24589779653070792,0.2555086732301922
4267,1060,1067,1050,1090,0.2484180923365362,0.2500585891727209,0.24607452542770097,0.25544879306304197
4268,1061,1067,1050,1090,0.2485941893158388,0.25,0.24601686972820994,0.25538894095595127
4269,1062,1067,1050,1090,0.24877020379479972,0.24994143827594284,0.24595924104005623,0.25532911688920124
4270,1063,1067,1050,1090,0.24894613583138173,0.24988290398126464,0.2459016393442623,0.25526932084309134
4271,1063,1067,1051,1090,0.24888784827909155,0.24982439709669865,0.2460782018262702,0.2552095527979396
4272,1063,1067,1052,1090,0.24882958801498128,0.24976591760299627,0.24625468164794007,0.2551498127340824
4273,1063,1067,1052,1091,0.24877135501989234,0.24970746548092676,0.24619705125204774,0.2553241282471332
4274,1063,1067,1053,1091,0.24871314927468413,0.2496490407112775,0.24637342068320076,0.2552643893308376
4275,1063,1068,1053,1091,0.2486549707602339,0.24982456140350878,0.2463157894736842,0.2552046783625731
4276,1063,1069,1053,1091,0.24859681945743686,0.25,0.24625818521983162,0.25514499532273155
4277,1064,1069,1053,1091,0.24877250409165302,0.24994154781388825,0.24620060790273557,0.2550853401917232
4278,1065,1069,1053,1091,0.24894810659186536,0.2498831229546517,0.24614305750350632,0.2550257129499766
4279,1066,1069,1053,1091,0.24912362701565785,0.24982472540313158,0.2460855340032718,0.25496611357793875
4280,1066,1069,1054,1091,0.24906542056074765,0.2497663551401869,0.24626168224299066,0.25490654205607477
4281,1066,1069,1055,1091,0.24900724129876198,0.2497080121466947,0.24643774818967532,0.254846998364868
4282,1067,1069,1055,1091,0.24918262494161605,0.24964969640354975,0.246380196170014,0.2547874824848202
4283,1067,1069,1056,1091,0.2491244454821387,0.24959140789166473,0.2465561522297455,0.2547279943964511
4284,1067,1070,1056,1091,0.24906629318394025,0.24976657329598506,0.24649859943977592,0.25466853408029877
4285,1067,1071,1056,1091,0.24900816802800466,0.2499416569428238,0.24644107351225203,0.2546091015169195
4286,1067,1072,1056,1091,0.24895006999533364,0.2501166588894074,0.24638357442837144,0.25454969668688754
4287,1067,1073,1056,1091,0.2488919990669466,0.2502915791929088,0.2463261021693492,0.25449031957079543
4288,1068,1073,1056,1091,0.2490671641791045,0.2502332089552239,0.2462686567164179,0.25443097014925375
4289,1068,1074,1056,1091,0.24900909302867802,0.2504080205176032,0.2462112380508277,0.2543716484028911
4290,1068,1074,1056,1092,0.24895104895104894,0.25034965034965034,0.24615384615384617,0.2545454545454545
4291,1068,1075,1056,1092,0.24889303192728968,0.25052435329759964,0.24609648100675832,0.2544861337683524
4292,1069,1075,1056,1092,0.24906803355079218,0.2504659832246039,0.24603914259086673,0.25442684063373716
4293,1069,1075,1057,1092,0.24901001630561378,0.2504076403447473,0.24621476822734684,0.2543675751222921
4294,1069,1075,1057,1093,0.24895202608290637,0.2503493246390312,0.24615742897065673,0.25454122030740567
4295,1070,1075,1057,1093,0.24912689173457508,0.25029103608847497,0.24610011641443538,0.25448195576251453
4296,1070,1075,1058,1093,0.24906890130353818,0.2502327746741155,0.2462756052141527,0.25442271880819367
4297,1070,1076,1058,1093,0.2490109378636258,0.2504072608796835,0.24621829183151037,0.2543635094251804
4298,1070,1076,1058,1094,0.24895300139599813,0.25034899953466727,0.24616100511865985,0.25453699395067475
4299,1070,1076,1059,1094,0.24889509188183298,0.2502907652942545,0.2463363572923936,0.25447778553151895
4300,1070,1077,1059,1094,0.24883720930232558,0.25046511627906975,0.24627906976744185,0.2544186046511628
4301,1070,1077,1060,1094,0.24877935363868867,0.2504068821204371,0.24645431295047662,0.2543594512903976
4302,1071,1077,1060,1094,0.2489539748953975,0.2503486750348675,0.24639702463970248,0.25430032543003256
4303,1071,1077,1061,1094,0.24889611898675343,0.25029049500348594,0.24657215895886592,0.25424122705089475
4304,1072,1077,1061,1094,0.24907063197026022,0.25023234200743494,0.24651486988847585,0.254182156133829
4305,1072,1077,1062,1094,0.24901277584204415,0.25017421602787454,0.24668989547038328,0.254123112659698
4306,1072,1077,1062,1095,0.24895494658615885,0.25011611704598236,0.24663260566651185,0.25429633070134694
4307,1072,1077,1062,1096,0.2488971441838867,0.2500580450429533,0.2465753424657534,0.2544694683074065
4308,1072,1077,1062,1097,0.2488393686165274,0.25,0.24651810584958217,0.25464252553389044
4309,1072,1078,1062,1097,0.248781619865398,0.25017405430494316,0.24646089579948943,0.2545834300301694
4310,1072,1078,1062,1098,0.24872389791183294,0.25011600928074246,0.24640371229698377,0.25475638051044086
4311,1072,1079,1062,1098,0.24866620273718396,0.2502899559266991,0.24634655532359082,0.2546972860125261
4312,1072,1079,1062,1099,0.24860853432282004,0.2502319109461967,0.24628942486085342,0.25487012987012986
4313,1072,1079,1062,1100,0.24855089265012753,0.2501738928819847,0.24623232089033156,0.2550428935775562
4314,1073,1079,1062,1100,0.24872508113120073,0.25011590171534537,0.24617524339360222,0.25498377375985165
4315,1073,1080,1062,1100,0.24866743916570105,0.25028968713789107,0.24611819235225957,0.2549246813441483
4316,1074,1080,1062,1100,0.24884151992585726,0.25023169601482853,0.24606116774791473,0.2548656163113994
4317,1074,1081,1062,1100,0.24878387769284224,0.2504053741023859,0.24600416956219598,0.2548065786425759
4318,1074,1081,1063,1100,0.24872626215840668,0.25034738304770726,0.24617878647522,0.2547475683186661
4319,1074,1081,1063,1101,0.24866867330400555,0.2502894188469553,0.2461217874507988,0.25492012039824036
4320,1074,1082,1063,1101,0.24861111111111112,0.25046296296296294,0.24606481481481482,0.2548611111111111
4321,1075,1082,1063,1101,0.24878500347141866,0.25040499884286044,0.246007868548947,0.2548021291367739
4322,1075,1083,1063,1101,0.24872744099953725,0.25057843590930123,0.24595094863489125,0.25474317445627026
4323,1075,1084,1063,1101,0.24866990515845477,0.25075179273652554,0.2458940550543604,0.2546842470506593
4324,1075,1085,1063,1101,0.24861239592969472,0.25092506938020354,0.24583718778908417,0.25462534690101757
4325,1075,1085,1064,1101,0.24855491329479767,0.2508670520231214,0.2460115606936416,0.2545664739884393
4326,1076,1085,1064,1101,0.2487286176606565,0.25080906148867316,0.2459546925566343,0.25450762829403606
4327,1077,1085,1064,1101,0.24890224173792466,0.2507510977582621,0.24589785070487635,0.2544488097989369
4328,1077,1086,1064,1101,0.24884473197781887,0.25092421441774493,0.24584103512014788,0.2543900184842883
4329,1077,1086,1065,1101,0.24878724878724878,0.25086625086625086,0.24601524601524602,0.2543312543312543
4330,1077,1087,1065,1101,0.248729792147806,0.2510392609699769,0.24595842956120093,0.2542725173210162
4331,1077,1088,1065,1101,0.24867236204109905,0.2512121911798661,0.2459016393442623,0.25421380743477257
4332,1077,1088,1065,1102,0.24861495844875348,0.25115420129270544,0.2458448753462604,0.2543859649122807
4333,1077,1088,1065,1103,0.2485575813524117,0.2510962381721671,0.24578813754904225,0.25455804292637896
4334,1078,1088,1065,1103,0.24873096446700507,0.25103830179972314,0.24573142593447161,0.2544993077988002
4335,1078,1089,1065,1103,0.24867358708189158,0.2512110726643599,0.24567474048442905,0.2544405997693195
4336,1078,1090,1065,1103,0.24861623616236161,0.2513837638376384,0.2456180811808118,0.2543819188191882
4337,1078,1090,1065,1104,0.24855891169010838,0.2513258012451003,0.24556144800553378,0.25455383905925755
4338,1079,1090,1065,1104,0.2487321346242508,0.2512678653757492,0.24550484094052558,0.2544951590594744
4339,1079,1091,1065,1104,0.24867480986402396,0.2514404240608435,0.2454482599677345,0.25443650610739804
4340,1079,1091,1065,1105,0.24861751152073733,0.2513824884792627,0.24539170506912442,0.25460829493087556
4341,1080,1091,1065,1105,0.248790601243953,0.25132457958995624,0.2453351762266759,0.2545496429394149
4342,1080,1092,1065,1105,0.24873330262551818,0.25149700598802394,0.245278673422386,0.25449101796407186
4343,1081,1092,1065,1105,0.24890628597743494,0.2514390973981119,0.24522219663826847,0.25443241998618465
4344,1082,1092,1065,1105,0.2490791896869245,0.2513812154696133,0.2451657458563536,0.25437384898710863
4345,1082,1092,1065,1106,0.24902186421173764,0.25132336018411966,0.24510932105868816,0.2545454545454545
4346,1082,1093,1065,1106,0.2489645651173493,0.2514956281638288,0.2450529222273355,0.25448688449148643
4347,1082,1093,1066,1106,0.24890729238555326,0.25143777317690363,0.24522659305268002,0.25442834138486314
4348,1083,1093,1066,1106,0.24908003679852805,0.25137994480220793,0.24517019319227232,0.2543698252069917
4349,1084,1093,1066,1106,0.24925270177052197,0.2513221430213842,0.2451138192687974,0.2543113359392964
4350,1084,1094,1066,1106,0.24919540229885057,0.2514942528735632,0.2450574712643678,0.2542528735632184
4351,1084,1094,1066,1107,0.24913812916570904,0.2514364513904849,0.24500114916111237,0.25442427028269365
4352,1084,1095,1066,1107,0.24908088235294118,0.2516084558823529,0.24494485294117646,0.25436580882352944
4353,1084,1095,1066,1108,0.24902366184240754,0.25155065472088217,0.2448885825867218,0.25453710084998854
4354,1085,1095,1066,1108,0.2491961414790997,0.25149288011024346,0.2448323380799265,0.25447864033073037
4355,1085,1095,1066,1109,0.24913892078071181,0.25143513203214696,0.24477611940298508,0.2546498277841561
4356,1086,1095,1066,1109,0.2493112947658402,0.2513774104683196,0.24471992653810837,0.2545913682277319
4357,1087,1095,1066,1109,0.24948358962588937,0.25131971540050496,0.24466375946752353,0.2545329355060822
4358,1087,1095,1066,1110,0.24942634235888023,0.2512620468104635,0.24460761817347407,0.2547039926571822
4359,1087,1095,1066,1111,0.24936912135810965,0.25120440467997246,0.2445515026382198,0.2548749713236981
4360,1087,1096,1066,1111,0.24931192660550458,0.25137614678899084,0.2444954128440367,0.2548165137614679
4361,1088,1096,1066,1111,0.24948406328823663,0.2513185049300619,0.24443934877321716,0.2547580830084843
4362,1088,1097,1066,1111,0.2494268684089867,0.25149014213663456,0.24438331040806968,0.254699679046309
4363,1088,1098,1066,1111,0.2493696997478799,0.25166170066468024,0.2443272977309191,0.25464130185652073
4364,1088,1098,1066,1112,0.24931255728689275,0.2516040329972502,0.24427131072410632,0.25481209899175067
4365,1089,1098,1066,1112,0.24948453608247423,0.2515463917525773,0.24421534936998854,0.2547537227949599
4366,1089,1098,1066,1113,0.2494273934951901,0.2514887769125057,0.24415941365093907,0.2549244159413651
4367,1089,1099,1066,1113,0.24937027707808565,0.25166017861231965,0.24410350354934737,0.2548660407602473
4368,1089,1099,1067,1113,0.24931318681318682,0.2516025641025641,0.24427655677655677,0.2548076923076923
4369,1089,1099,1068,1113,0.24925612268253605,0.2515449759670405,0.24444953078507667,0.25474937056534674
4370,1089,1100,1068,1113,0.2491990846681922,0.2517162471395881,0.24439359267734553,0.25469107551487413
4371,1089,1100,1068,1114,0.2491420727522306,0.2516586593456875,0.24433768016472204,0.2548615877373599
4372,1089,1100,1069,1114,0.24908508691674291,0.2516010978956999,0.24451052150045746,0.25480329368709975
4373,1090,1100,1069,1114,0.24925680310999315,0.2515435627715527,0.24445460782071804,0.2547450262977361
4374,1090,1101,1069,1114,0.24919981710105166,0.25171467764060357,0.24439871970736168,0.25468678555098306
4375,1090,1102,1069,1114,0.24914285714285714,0.25188571428571427,0.24434285714285714,0.2546285714285714
4376,1090,1103,1069,1114,0.24908592321755027,0.25205667276051186,0.24428702010968922,0.2545703839122486
4377,1090,1103,1069,1115,0.2490290153072881,0.2519990861320539,0.24423120859035868,0.2547406899702993
4378,1090,1103,1069,1116,0.24897213339424396,0.25194152581087254,0.24417542256738237,0.2549109182275011
4379,1090,1104,1069,1116,0.24891527746060743,0.2521123544188171,0.244119662023293,0.2548527060972825
4380,1090,1104,1069,1117,0.24885844748858446,0.25205479452054796,0.24406392694063928,0.2550228310502283
4381,1090,1104,1070,1117,0.24880164346039718,0.25199726089933805,0.24423647569048162,0.25496461994978314
4382,1090,1104,1070,1118,0.24874486535828388,0.2519397535371976,0.24418073938840712,0.2551346417161114
4383,1090,1104,1070,1119,0.2486881131644992,0.2518822724161533,0.24412502851927903,0.25530458590006844
4384,1090,1104,1071,1119,0.24863138686131386,0.2518248175182482,0.24429744525547445,0.2552463503649635
4385,1090,1105,1071,1119,0.24857468643101482,0.2519954389965792,0.24424173318129988,0.255188141391106
4386,1090,1106,1071,1119,0.24851801185590516,0.25216598267213863,0.2441860465116279,0.2551299589603283
4387,1090,1106,1071,1120,0.24846136311830408,0.25210850239343513,0.24413038522908592,0.2552997492591748
4388,1090,1107,1071,1120,0.24840474020054695,0.2522789425706472,0.24407474931631723,0.2552415679124886
4389,1090,1108,1071,1120,0.24834814308498518,0.25244930508088403,0.24401913875598086,0.2551834130781499
4390,1091,1108,1071,1120,0.24851936218678816,0.25239179954441915,0.24396355353075172,0.255125284738041
4391,1092,1108,1071,1120,0.24869050330220907,0.2523343202004099,0.24390799362332044,0.2550671828740606
4392,1092,1108,1072,1120,0.24863387978142076,0.2522768670309654,0.24408014571949,0.2550091074681239
4393,1092,1108,1073,1120,0.24857728203960847,0.2522194400182108,0.2442522194400182,0.25495105850216254
4394,1092,1108,1074,1120,0.2485207100591716,0.25216203914428764,0.24442421483841603,0.25489303595812474
4395,1092,1108,1075,1120,0.2484641638225256,0.2521046643913538,0.2445961319681456,0.25483503981797495
4396,1092,1108,1076,1120,0.2484076433121019,0.25204731574158323,0.24476797088262056,0.25477707006369427
4397,1092,1108,1076,1121,0.24835114851034795,0.25198999317716625,0.24471230384352968,0.2549465544689561
4398,1092,1109,1076,1121,0.24829467939972716,0.25216007276034563,0.24465666211914508,0.25488858572078216
4399,1092,1109,1077,1121,0.2482382359627188,0.2521027506251421,0.24482837008411001,0.25483064332802907
4400,1093,1109,1077,1121,0.2484090909090909,0.2520454545454546,0.24477272727272728,0.25477272727272726
4401,1094,1109,1077,1121,0.24857986821177006,0.25198818450352195,0.2447171097477846,0.2547148375369234
4402,1095,1109,1077,1121,0.24875056792367106,0.25193094048159925,0.24466151749204906,0.2546569741026806
4403,1095,1109,1077,1122,0.248694072223484,0.25187372246195777,0.24460595048830344,0.2548262548262548
4404,1095,1109,1077,1123,0.24863760217983652,0.2518165304268847,0.24455040871934605,0.2549954586739328
4405,1095,1109,1077,1124,0.24858115777525538,0.2517593643586833,0.24449489216799092,0.2551645856980704
4406,1095,1109,1077,1125,0.24852473899228325,0.2517022242396732,0.24443940081706764,0.25533363595097597
4407,1095,1109,1078,1125,0.24846834581347857,0.2516451100521897,0.2446108463807579,0.25527569775357384
4408,1095,1110,1078,1125,0.2484119782214156,0.2518148820326679,0.24455535390199637,0.25521778584392013
4409,1095,1110,1079,1125,0.2483556361986845,0.2517577682014062,0.24472669539578135,0.25515990020412793
4410,1095,1111,1079,1125,0.24829931972789115,0.2519274376417234,0.24467120181405896,0.25510204081632654
4411,1095,1112,1079,1125,0.24824302879165722,0.252097030151893,0.24461573339378825,0.2550442076626615
4412,1095,1112,1080,1125,0.24818676337262013,0.25203989120580234,0.24478694469628287,0.25498640072529466
4413,1096,1112,1080,1125,0.24835712667119872,0.2519827781554498,0.24473147518694766,0.2549286199864038
4414,1096,1113,1080,1125,0.24830086089714545,0.25215224286361576,0.24467603081105574,0.25487086542818305
4415,1096,1113,1081,1125,0.24824462061155153,0.2520951302378256,0.2448471121177803,0.2548131370328426
4416,1096,1114,1081,1125,0.24818840579710144,0.25226449275362317,0.24479166666666666,0.2547554347826087
4417,1097,1114,1081,1125,0.24835861444419288,0.25220738057505093,0.24473624632103239,0.25469775865972377
4418,1097,1114,1081,1126,0.24830239927569037,0.2521502942507922,0.24468085106382978,0.25486645540968766
4419,1097,1115,1081,1126,0.24824620954967186,0.2523195293052727,0.2446254808780267,0.25480878026702874
4420,1098,1115,1081,1126,0.2484162895927602,0.252262443438914,0.24457013574660633,0.25475113122171944
4421,1098,1116,1081,1126,0.24836009952499435,0.2524315765663877,0.2445148156525673,0.2546935082560507
4422,1098,1117,1081,1126,0.24830393487109906,0.25260063319764814,0.24445952057892356,0.25463591135232927
4423,1098,1117,1081,1127,0.24824779561383675,0.2525435224960434,0.2444042505087045,0.25480443138141534
4424,1099,1117,1081,1127,0.24841772151898733,0.25248643761301987,0.2443490054249548,0.254746835443038
4425,1099,1117,1082,1127,0.24836158192090396,0.25242937853107345,0.24451977401129943,0.25468926553672316
4426,1100,1117,1082,1127,0.24853140533212834,0.2523723452327158,0.24446452779032987,0.254631721644826
4427,1100,1118,1082,1127,0.2484752654167608,0.2525412243053987,0.24440930652812287,0.2545742037497176
4428,1100,1119,1082,1127,0.24841915085817526,0.252710027100271,0.24435411020776873,0.254516711833785
4429,1100,1119,1082,1128,0.24836306163919622,0.2526529690675096,0.244298938812373,0.2546850304809212
4430,1100,1120,1082,1128,0.24830699774266365,0.2528216704288939,0.24424379232505644,0.254627539503386
4431,1100,1120,1083,1128,0.24825095915143308,0.2527646129541864,0.24441435341909276,0.25457007447528773
4432,1100,1120,1083,1129,0.24819494584837545,0.2527075812274368,0.2443592057761733,0.25473826714801445
4433,1100,1120,1084,1129,0.24813895781637718,0.2526505752312204,0.2445296638845026,0.25468080306789986
4434,1100,1120,1085,1129,0.2480829950383401,0.2525935949481281,0.2447000451059991,0.2546233649075327
4435,1101,1120,1085,1129,0.24825253664036076,0.2525366403607666,0.24464487034949267,0.2545659526493799
4436,1101,1120,1086,1129,0.24819657348963028,0.25247971145175835,0.2448151487826871,0.2545085662759243
4437,1101,1120,1087,1129,0.24814063556457067,0.25242280820374124,0.24498535046202388,0.2544512057696642
4438,1101,1120,1088,1129,0.2480847228481298,0.25236593059936907,0.24515547543938712,0.254393871113114
4439,1101,1120,1089,1129,0.248028835323271,0.25230907862131113,0.2453255237666141,0.2543365622888038
4440,1101,1120,1090,1129,0.24797297297297297,0.25225225225225223,0.24549549549549549,0.2542792792792793
4441,1101,1120,1091,1129,0.24791713578022967,0.25219545147489303,0.24566539067777526,0.254222022067102
4442,1101,1121,1091,1129,0.24786132372805042,0.25236380009004955,0.24561008554705088,0.25416479063484915
4443,1101,1121,1091,1130,0.24780553679945982,0.2523069997749269,0.2455548053117263,0.254332658113887
4444,1101,1121,1091,1131,0.24774977497749776,0.2522502250225023,0.2454995499549955,0.2545004500450045
4445,1101,1122,1091,1131,0.24769403824521935,0.25241844769403826,0.24544431946006748,0.25444319460067494
4446,1101,1122,1091,1132,0.247638326585695,0.252361673414305,0.24538911381016645,0.2546108861898336
4447,1101,1122,1092,1132,0.24758263998201036,0.2523049246683157,0.24555880368787947,0.25455363166179445
4448,1101,1122,1092,1133,0.24752697841726617,0.2522482014388489,0.24550359712230216,0.25472122302158273
4449,1102,1122,1092,1133,0.24769611148572712,0.2521915037086986,0.2454484153742414,0.2546639694313329
4450,1103,1122,1092,1133,0.24786516853932583,0.25213483146067417,0.2453932584269663,0.2546067415730337
4451,1104,1122,1092,1133,0.2480341496292968,0.2520781846776005,0.24533812626376095,0.2545495394293417
4452,1105,1122,1092,1133,0.2482030548068284,0.25202156334231807,0.24528301886792453,0.25449236298292904
4453,1105,1122,1093,1133,0.2481473164158994,0.2519649674376825,0.24545250392993487,0.2544352122164833
4454,1106,1122,1093,1133,0.24831612034126627,0.25190839694656486,0.24539739559946117,0.25437808711270765
4455,1106,1122,1093,1134,0.24826038159371494,0.2518518518518518,0.24534231200897869,0.2545454545454545
4456,1106,1123,1093,1134,0.24820466786355475,0.2520197486535009,0.24528725314183125,0.2544883303411131
4457,1106,1123,1094,1134,0.2481489791339466,0.2519632039488445,0.24545658514695984,0.25443123177024907
4458,1106,1123,1095,1134,0.2480933153880664,0.2519066846119336,0.24562584118438763,0.2543741588156124
4459,1106,1123,1096,1134,0.24803767660910517,0.25185019062570085,0.24579502130522538,0.2543171114599686
4460,1106,1124,1096,1134,0.24798206278026905,0.2520179372197309,0.24573991031390136,0.25426008968609864
4461,1106,1124,1096,1135,0.2479264738847792,0.25196144362250616,0.24568482403048644,0.2544272584622282
4462,1106,1124,1096,1136,0.2478709099058718,0.2519049753473779,0.24562976243836845,0.2545943523083819
4463,1106,1124,1097,1136,0.2478153708267981,0.2518485323773247,0.24579879005153485,0.2545373067443424
4464,1106,1124,1097,1137,0.24775985663082437,0.2517921146953405,0.2457437275985663,0.2547043010752688
4465,1107,1124,1097,1137,0.24792833146696527,0.25173572228443447,0.24568868980963046,0.25464725643896974
4466,1107,1124,1097,1138,0.2478728168383341,0.251679355127631,0.24563367666815944,0.2548141513658755
4467,1107,1125,1097,1138,0.2478173270651444,0.251846877098724,0.24557868815760017,0.25475710767853144
4468,1107,1125,1097,1139,0.24776186213070725,0.2517905102954342,0.2455237242614145,0.254923903312444
4469,1107,1125,1097,1140,0.24770642201834864,0.251734168717834,0.245468784963079,0.2550906243007384
4470,1107,1126,1097,1140,0.24765100671140938,0.2519015659955257,0.24541387024608502,0.2550335570469799
4471,1108,1126,1097,1140,0.24781927980317603,0.251845224781928,0.24535898009393872,0.2549765153209573
4472,1108,1127,1097,1140,0.24776386404293382,0.25201252236135957,0.245304114490161,0.2549194991055456
4473,1109,1127,1097,1140,0.24793203666443103,0.2519561815336463,0.2452492734182875,0.25486250838363517
4474,1109,1127,1098,1140,0.2478766204738489,0.2518998658918194,0.24541797049620026,0.2548055431381314
4475,1109,1127,1098,1141,0.24782122905027934,0.25184357541899444,0.24536312849162012,0.25497206703910613
4476,1109,1128,1098,1141,0.24776586237712242,0.2520107238605898,0.2453083109919571,0.25491510277033064
4477,1109,1128,1099,1141,0.24771052043779315,0.2519544337726156,0.2454768818405182,0.254858163949073
4478,1109,1128,1099,1142,0.2476552032157213,0.2518981688253685,0.24542206342117018,0.2550245645377401
4479,1109,1129,1099,1142,0.24759991069435142,0.25206519312346504,0.2453672694797946,0.2549676267023889
4480,1110,1129,1099,1142,0.24776785714285715,0.2520089285714286,0.2453125,0.25491071428571427
4481,1110,1130,1099,1142,0.24771256415978576,0.2521758536041062,0.2452577549654095,0.2548538272706985
4482,1111,1130,1099,1142,0.24788041053101295,0.25211958946898705,0.24520303435966087,0.25479696564033916
4483,1111,1130,1100,1142,0.24782511710907873,0.2520633504349766,0.24537140307829577,0.2547401293776489
4484,1111,1130,1100,1143,0.24776984834968777,0.252007136485281,0.24531668153434433,0.2549063336306869
4485,1111,1130,1101,1143,0.24771460423634337,0.25195094760312153,0.2454849498327759,0.2548494983277592
4486,1112,1130,1101,1143,0.24788230049041463,0.2518947837717343,0.2454302273740526,0.2547926883637985
4487,1113,1130,1101,1143,0.24804992199687986,0.2518386449743704,0.24537552930688655,0.25473590372186317
4488,1113,1130,1101,1144,0.2479946524064171,0.2517825311942959,0.24532085561497327,0.2549019607843137
4489,1113,1131,1101,1144,0.2479394074404099,0.25194920917799063,0.24526620628202273,0.25484517709957677
4490,1113,1131,1102,1144,0.24788418708240534,0.25189309576837415,0.24543429844097994,0.25478841870824054
4491,1113,1132,1102,1144,0.24782899131596525,0.2520596749053663,0.2453796481852594,0.25473168559340903
4492,1113,1133,1102,1144,0.24777382012466606,0.2522261798753339,0.24532502226179875,0.25467497773820125
4493,1113,1133,1102,1145,0.24771867349209883,0.25217004228800355,0.2452704206543512,0.2548408635655464
4494,1113,1133,1102,1146,0.24766355140186916,0.25211392968402313,0.24521584334668448,0.25500667556742324
4495,1114,1133,1102,1146,0.2478309232480534,0.25205784204671855,0.24516129032258063,0.2549499443826474
4496,1114,1134,1102,1146,0.24777580071174377,0.25222419928825623,0.2451067615658363,0.2548932384341637
4497,1114,1134,1102,1147,0.24772070269068266,0.25216811207471646,0.2450522570602624,0.25505892817433845
4498,1114,1134,1103,1147,0.24766562916851934,0.2521120497999111,0.2452200978212539,0.2550022232103157
4499,1114,1135,1103,1147,0.24761058012891754,0.25227828406312514,0.2451655923538564,0.2549455434541009
4500,1114,1136,1103,1147,0.24755555555555556,0.25244444444444447,0.2451111111111111,0.2548888888888889
4501,1115,1136,1103,1147,0.24772272828260386,0.252388358142635,0.2450566540768718,0.25483225949788935
4502,1116,1136,1103,1147,0.24788982674366947,0.25233229675699687,0.24500222123500667,0.25477565526432694
4503,1116,1137,1103,1147,0.24783477681545638,0.2524983344437042,0.24494781256939818,0.25471907617144124
4504,1117,1137,1103,1147,0.2480017761989343,0.2524422735346359,0.24489342806394315,0.2546625222024867
4505,1118,1137,1103,1147,0.24816870144284128,0.25238623751387346,0.24483906770255273,0.25460599334073253
4506,1119,1137,1103,1147,0.24833555259653795,0.25233022636484687,0.24478473146915225,0.25454948956946294
4507,1120,1137,1103,1147,0.24850232970934102,0.2522742400710007,0.2447304193476814,0.2544930108719769
4508,1121,1137,1103,1147,0.24866903283052352,0.25221827861579416,0.24467613132209406,0.2544365572315883
4509,1122,1137,1103,1147,0.2488356620093147,0.25216234198270127,0.24462186737635838,0.2543801286316256
4510,1122,1138,1103,1147,0.24878048780487805,0.2523281596452328,0.24456762749445676,0.2543237250554324
4511,1123,1138,1103,1147,0.24894701839946798,0.25227222345377964,0.24451341166038573,0.2542673464863667
4512,1123,1138,1103,1148,0.2488918439716312,0.2522163120567376,0.24445921985815602,0.25443262411347517
4513,1123,1139,1103,1148,0.2488366939951252,0.25238200753379125,0.2444050520717926,0.25437624639929096
4514,1123,1139,1103,1149,0.24878156845369961,0.25232609658839167,0.2443509082853345,0.25454142667257423
4515,1123,1139,1103,1150,0.2487264673311185,0.2522702104097453,0.24429678848283498,0.2547065337763012
4516,1123,1140,1103,1150,0.2486713906111603,0.2524357838795394,0.24424269264836138,0.2546501328609389
4517,1123,1141,1103,1150,0.2486163382776179,0.25260128403807836,0.24418862076599512,0.2545937569183086
4518,1123,1141,1104,1150,0.24856131031429837,0.25254537405931826,0.24435590969455512,0.2545374059318282
4519,1123,1141,1105,1150,0.24850630670502324,0.25248948882496125,0.24452312458508518,0.2544810798849303
4520,1123,1142,1105,1150,0.24845132743362833,0.25265486725663716,0.24446902654867256,0.25442477876106195
4521,1123,1142,1105,1151,0.24839637248396373,0.25259898252598983,0.2444149524441495,0.2545896925458969
4522,1123,1142,1106,1151,0.24834144183989385,0.25254312251216277,0.24458204334365324,0.2545333923042901
4523,1123,1143,1106,1151,0.24828653548529736,0.25270837939420737,0.24452796816272385,0.25447711695777137
4524,1123,1143,1107,1151,0.2482316534040672,0.2526525198938992,0.24469496021220158,0.25442086648983203
4525,1123,1143,1107,1152,0.2481767955801105,0.2525966850828729,0.24464088397790054,0.25458563535911605
4526,1123,1143,1107,1153,0.24812196199734865,0.25254087494476357,0.2445868316394167,0.25475033141847103
4527,1123,1143,1107,1154,0.24806715263971726,0.2524850894632207,0.24453280318091453,0.25491495471614756
4528,1123,1143,1108,1154,0.2480123674911661,0.25242932862190814,0.24469964664310953,0.25485865724381623
4529,1123,1143,1109,1154,0.2479576065356591,0.2523735924045043,0.24486641642746743,0.25480238463236915
4530,1123,1143,1109,1155,0.2479028697571744,0.25231788079470197,0.2448123620309051,0.25496688741721857
4531,1123,1144,1109,1155,0.24784815713970426,0.25248289560803355,0.2447583314941514,0.2549106157581108
4532,1123,1145,1109,1155,0.24779346866725507,0.25264783759929393,0.2447043248014122,0.25485436893203883
4533,1123,1146,1109,1155,0.24773880432384734,0.2528127068166777,0.24465034193690713,0.25479814692256786
4534,1123,1146,1110,1155,0.24768416409351565,0.25275694750771943,0.24481693868548743,0.25474194971327746
4535,1123,1147,1110,1155,0.2476295479603087,0.25292171995589857,0.24476295479603086,0.25468577728776187
4536,1123,1148,1110,1155,0.24757495590828923,0.25308641975308643,0.2447089947089947,0.25462962962962965
4537,1124,1148,1110,1155,0.24774079788406436,0.2530306369847917,0.24465505840864007,0.25457350672250384
4538,1124,1149,1110,1155,0.24768620537681799,0.25319524019391804,0.24460114587924195,0.25451740855002203
4539,1124,1150,1110,1155,0.24763163692443269,0.253359770874642,0.24454725710508923,0.25446133509583607
4540,1124,1150,1111,1155,0.2475770925110132,0.2533039647577093,0.2447136563876652,0.2544052863436123
4541,1124,1151,1111,1155,0.24752257212067827,0.25346839903105045,0.2446597665712398,0.2543492622770315
4542,1124,1152,1111,1155,0.24746807573756055,0.2536327608982827,0.24460590048436812,0.25429326287978865
4543,1124,1152,1111,1156,0.24741360334580673,0.25357693154303323,0.24455205811138014,0.25445740699977987
4544,1124,1152,1111,1157,0.24735915492957747,0.2535211267605634,0.24449823943661972,0.25462147887323944
4545,1125,1152,1111,1157,0.24752475247524752,0.25346534653465347,0.24444444444444444,0.25456545654565454
4546,1125,1152,1112,1157,0.24747030356357236,0.2534095908490981,0.2446106467223933,0.2545094588649362
4547,1125,1152,1112,1158,0.24741587860127556,0.2533538596877062,0.24455685067077193,0.2546734110402463
4548,1126,1152,1112,1158,0.24758135444151275,0.2532981530343008,0.24450307827616535,0.2546174142480211
4549,1126,1152,1113,1158,0.2475269289953836,0.2532424708727193,0.24466915805671577,0.25456144207518133
4550,1126,1153,1113,1158,0.24747252747252746,0.2534065934065934,0.24461538461538462,0.2545054945054945
4551,1127,1153,1113,1158,0.24763788178422325,0.25335091188749725,0.24456163480553725,0.2544495715227423
4552,1127,1153,1113,1159,0.2475834797891037,0.25329525483304044,0.2445079086115993,0.25461335676625657
4553,1127,1153,1114,1159,0.24752910169119263,0.253239622227103,0.24467384142323742,0.2545574346584669
4554,1127,1153,1115,1159,0.2474747474747475,0.25318401405357926,0.24483970136144048,0.25450153711023277
4555,1128,1153,1115,1159,0.24763995609220638,0.2531284302963776,0.24478594950603733,0.2544456641053787
4556,1128,1153,1115,1160,0.247585601404741,0.25307287093942055,0.24473222124670763,0.2546093064091308
4557,1129,1153,1115,1160,0.2477507131885012,0.2530173359666447,0.2446785165679175,0.2545534342769366
4558,1129,1153,1115,1161,0.2476963580517771,0.2529618253620009,0.24462483545414657,0.25471698113207547
4559,1130,1153,1115,1161,0.24786137310813774,0.2529063391094538,0.24457117788988814,0.2546611098925203
4560,1130,1154,1115,1161,0.24780701754385964,0.2530701754385965,0.24451754385964913,0.2546052631578947
4561,1130,1155,1115,1161,0.24775268581451437,0.25323393992545495,0.24446393334795002,0.2545494409120807
4562,1130,1155,1116,1161,0.2476983779044279,0.25317843051293293,0.24462954844366505,0.25449364313897416
4563,1130,1156,1116,1161,0.24764409379793995,0.25334209949594566,0.2445759368836292,0.25443786982248523
4564,1130,1156,1116,1162,0.24758983347940403,0.2532865907099036,0.24452234881682736,0.254601226993865
4565,1131,1156,1116,1162,0.24775465498357063,0.2532311062431544,0.24446878422782037,0.2545454545454545
4566,1131,1156,1117,1162,0.24770039421813403,0.25317564607971965,0.24463425317564608,0.2544897065265002
4567,1131,1157,1117,1162,0.24764615721480185,0.2533391723231881,0.24458068754105539,0.25443398292095465
4568,1132,1157,1117,1162,0.2478108581436077,0.25328371278458844,0.24452714535901926,0.2543782837127846
4569,1132,1157,1118,1162,0.2477566207047494,0.2532282775224338,0.24469249288684614,0.2543226088859707
4570,1132,1157,1119,1162,0.24770240700218818,0.25317286652078774,0.2448577680525164,0.25426695842450764
4571,1132,1157,1119,1163,0.24764821702034565,0.25311747976372784,0.24480420039378692,0.25443010282213957
4572,1132,1157,1119,1164,0.24759405074365703,0.2530621172353456,0.244750656167979,0.2545931758530184
4573,1132,1158,1119,1164,0.24753990815657118,0.25322545375027333,0.2446971353597201,0.2545375027334354
4574,1132,1158,1120,1164,0.2474857892435505,0.2531700918233494,0.24486226497595104,0.2544818539571491
4575,1132,1158,1120,1165,0.24743169398907103,0.25311475409836065,0.2448087431693989,0.2546448087431694
4576,1133,1158,1120,1165,0.24759615384615385,0.2530594405594406,0.24475524475524477,0.25458916083916083
4577,1134,1158,1120,1165,0.24776054183963295,0.25300415119073627,0.244701769718156,0.25453353725147476
4578,1134,1159,1120,1165,0.24770642201834864,0.2531673219746614,0.24464831804281345,0.2544779379641765
4579,1134,1159,1120,1166,0.24765232583533522,0.25311203319502074,0.24459488971391133,0.2546407512557327
4580,1135,1159,1120,1166,0.24781659388646288,0.253056768558952,0.2445414847161572,0.254585152838428
4581,1135,1160,1120,1166,0.24776249727133814,0.2532198209997817,0.244488103034272,0.2545295786946082
4582,1135,1161,1120,1166,0.2477084242688782,0.2533828022697512,0.24443474465298995,0.2544740288083806
4583,1135,1162,1120,1166,0.24765437486362646,0.2535457124154484,0.2443814095570587,0.25441850316386644
4584,1135,1162,1120,1167,0.2476003490401396,0.2534904013961606,0.2443280977312391,0.2545811518324607
4585,1135,1163,1120,1167,0.247546346782988,0.2536532170119956,0.24427480916030533,0.254525627044711
4586,1136,1163,1120,1167,0.2477104230266027,0.25359790667248144,0.24422154382904493,0.2544701264718709
4587,1137,1163,1120,1167,0.24787442773054283,0.25354262044909526,0.24416830172225856,0.2544146500981033
4588,1137,1163,1120,1168,0.2478204010462075,0.253487358326068,0.24411508282476024,0.25457715780296425
4589,1137,1163,1121,1168,0.24776639790804098,0.2534321202876444,0.24427979952059273,0.25452168228372196
4590,1137,1163,1122,1168,0.2477124183006536,0.2533769063180828,0.24444444444444444,0.2544662309368192
4591,1138,1163,1122,1168,0.24787627967763015,0.2533217164016554,0.24439120017425398,0.25441080374646047
4592,1138,1163,1123,1168,0.24782229965156793,0.25326655052264807,0.24455574912891986,0.25435540069686413
4593,1138,1164,1123,1168,0.2477683431308513,0.2534291312867407,0.24450250381014588,0.25430002177226213
4594,1139,1164,1123,1168,0.2479320853286896,0.2533739660426643,0.24444928167174576,0.2542446669569003
4595,1139,1164,1123,1169,0.24787812840043524,0.2533188248095756,0.24439608269858543,0.2544069640914037
4596,1139,1165,1123,1169,0.2478241949521323,0.2534812880765883,0.24434290687554394,0.2543516100957354
4597,1139,1166,1123,1169,0.24777028496845768,0.25364368066130083,0.24428975418751359,0.2542962801827279
4598,1139,1166,1124,1169,0.2477163984341018,0.2535885167464115,0.24445411048281862,0.2542409743366681
4599,1139,1167,1124,1169,0.2476625353337682,0.253750815394651,0.24440095672972384,0.2541856925418569
4600,1139,1168,1124,1169,0.24760869565217392,0.2539130434782609,0.24434782608695652,0.2541304347826087
4601,1139,1168,1125,1169,0.24755487937404913,0.2538578569876114,0.24451206259508804,0.2540752010432515
4602,1139,1168,1126,1169,0.24750108648413732,0.25380269448066056,0.24467622772707517,0.2540199913081269
4603,1140,1168,1126,1169,0.24766456658700847,0.2537475559417771,0.24462307190962415,0.2539648055615903
4604,1140,1168,1126,1170,0.2476107732406603,0.2536924413553432,0.24456993918331885,0.25412684622067766
4605,1141,1168,1126,1170,0.2477741585233442,0.2536373507057546,0.24451682953311618,0.254071661237785
4606,1142,1168,1126,1170,0.24793747286148501,0.2535822839774208,0.2444637429439861,0.25401650021710814
4607,1142,1168,1127,1170,0.2478836553071413,0.2535272411547645,0.244627740395051,0.2539613631430432
4608,1142,1169,1127,1170,0.2478298611111111,0.2536892361111111,0.2445746527777778,0.25390625
4609,1143,1169,1127,1170,0.24799305706226948,0.2536341939683229,0.24452158819700587,0.25385116077240183
4610,1143,1169,1128,1170,0.24793926247288503,0.25357917570498917,0.24468546637744035,0.25379609544468545
4611,1143,1169,1128,1171,0.24788549121665582,0.25352418130557364,0.2446324007807417,0.2539579266970288
4612,1143,1169,1129,1171,0.24783174327840415,0.25346921075455336,0.24479618386816998,0.25390286209887253
4613,1144,1169,1129,1171,0.24799479731194451,0.2534142640364188,0.24474311727725992,0.2538478213743768
4614,1145,1169,1129,1171,0.2481577806675336,0.25335934113567404,0.2446900736887733,0.25379280450801905
4615,1146,1169,1129,1171,0.24832069339111593,0.2533044420368364,0.24463705308775732,0.25373781148429037
4616,1146,1169,1130,1171,0.24826689774696706,0.2532495667244367,0.2448006932409012,0.253682842287695
4617,1146,1169,1131,1171,0.24821312540610785,0.2531947151830193,0.24496426250812214,0.2536278969027507
4618,1146,1170,1131,1171,0.24815937635339974,0.2533564313555652,0.24491121697704635,0.25357297531398876
4619,1146,1170,1131,1172,0.24810565057371725,0.2533015804286642,0.2448581944143754,0.2537345745832431
4620,1146,1170,1132,1172,0.24805194805194805,0.2532467532467532,0.24502164502164503,0.25367965367965367
4621,1146,1170,1132,1173,0.24799826877299286,0.2531919497944168,0.24496862151049556,0.2538411599220948
4622,1146,1171,1132,1173,0.24794461272176546,0.25335352661185634,0.2449156209433146,0.25378623972306363
4623,1146,1171,1133,1173,0.24789097988319272,0.2532987237724421,0.24507895306078303,0.2537313432835821
4624,1146,1171,1133,1174,0.24783737024221453,0.2532439446366782,0.24502595155709342,0.2538927335640138
4625,1146,1172,1133,1174,0.2477837837837838,0.2534054054054054,0.24497297297297296,0.25383783783783787
4626,1146,1172,1133,1175,0.24773022049286642,0.2533506268914829,0.24492001729355814,0.2539991353220925
4627,1146,1172,1133,1176,0.24767668035444132,0.25329587205532744,0.24486708450399827,0.25416036308623297
4628,1146,1172,1134,1176,0.24762316335350043,0.25324114088159033,0.24503025064822817,0.2541054451166811
4629,1146,1172,1134,1177,0.2475696694750486,0.2531864333549363,0.24497731691510044,0.25426658025491466
4630,1146,1172,1134,1178,0.24751619870410368,0.2531317494600432,0.2449244060475162,0.25442764578833693
4631,1147,1172,1134,1178,0.24767868710861585,0.25307708918160227,0.24487151803066293,0.25437270567911896
4632,1147,1172,1135,1178,0.2476252158894646,0.25302245250431776,0.24503454231433505,0.25431778929188253
4633,1148,1172,1135,1178,0.24778761061946902,0.2529678394129074,0.24498165335635658,0.254262896611267
4634,1148,1172,1135,1179,0.24773413897280966,0.25291324989210184,0.24492878722485972,0.2544238239102287
4635,1148,1172,1135,1180,0.247680690399137,0.25285868392664507,0.24487594390507011,0.2545846817691478
4636,1148,1172,1135,1181,0.24762726488352027,0.2528041415012942,0.24482312338222606,0.25474547023295946
4637,1149,1172,1135,1181,0.2477895190856157,0.2527496226008195,0.2447703256415786,0.2546905326719862
4638,1149,1172,1136,1181,0.24773609314359638,0.2526951272100043,0.2449331608451919,0.25463561880120744
4639,1150,1172,1136,1181,0.2478982539340375,0.25264065531364516,0.24488036214701445,0.25458072860530284
4640,1150,1172,1136,1182,0.2478448275862069,0.2525862068965517,0.24482758620689654,0.25474137931034485
4641,1150,1172,1136,1183,0.2477914242620125,0.25253178194354664,0.24477483301012712,0.2549019607843137
4642,1150,1173,1136,1183,0.24773804394657475,0.25269280482550627,0.24472210254200777,0.25484704868591124
4643,1150,1173,1137,1183,0.24768468662502693,0.25263838035752745,0.24488477277622228,0.25479216024122336
4644,1151,1173,1137,1183,0.24784668389319553,0.2525839793281654,0.24483204134366926,0.25473729543496987
4645,1151,1173,1138,1183,0.24779332615715824,0.252529601722282,0.244994617868676,0.25468245425188374
4646,1151,1173,1139,1183,0.2477399913904434,0.2524752475247525,0.24515712440809298,0.2546276366767111
4647,1151,1173,1140,1183,0.24768667957822252,0.2524209167204648,0.24531956100710137,0.2545728426942113
4648,1152,1173,1140,1183,0.24784853700516352,0.25236660929432014,0.2452667814113597,0.2545180722891566
4649,1153,1173,1140,1183,0.24801032480103247,0.25231232523123254,0.24521402452140245,0.25446332544633254
4650,1153,1173,1141,1183,0.24795698924731183,0.25225806451612903,0.2453763440860215,0.2544086021505376
4651,1153,1173,1141,1184,0.247903676628682,0.2522038271339497,0.2453235863255214,0.25456890991184694
4652,1153,1173,1142,1184,0.24785038693035252,0.25214961306964745,0.24548581255374033,0.2545141874462597
4653,1154,1173,1142,1184,0.2480120352460778,0.25209542230818827,0.24543305394369225,0.2544594885020417
4654,1154,1173,1143,1184,0.24795874516544908,0.2520412548345509,0.24559518693596905,0.25440481306403095
4655,1154,1173,1144,1184,0.24790547798066595,0.2519871106337272,0.24575725026852846,0.2543501611170784
4656,1155,1173,1144,1184,0.24806701030927836,0.25193298969072164,0.24570446735395188,0.2542955326460481
4657,1155,1174,1144,1184,0.24801374275284518,0.2520936225037578,0.24565170710758,0.25424092763581707
4658,1155,1174,1145,1184,0.24796049806784026,0.25203950193215974,0.24581365392872478,0.2541863460712752
4659,1156,1174,1145,1184,0.24812191457394292,0.25198540459326035,0.24576089289547112,0.2541317879373256
4660,1156,1174,1146,1184,0.248068669527897,0.251931330472103,0.2459227467811159,0.25407725321888414
4661,1156,1174,1147,1184,0.24801544732889938,0.25187727955374384,0.24608453121647714,0.25402274190087965
4662,1156,1175,1147,1184,0.24796224796224797,0.252037752037752,0.24603174603174602,0.25396825396825395
4663,1156,1175,1148,1184,0.24790907141325327,0.2519837014797341,0.24619343770105082,0.2539137894059618
4664,1156,1175,1149,1184,0.2478559176672384,0.2519296740994854,0.24635506003430532,0.2538593481989708
4665,1156,1176,1149,1184,0.24780278670953912,0.25209003215434084,0.2463022508038585,0.25380493033226154
4666,1156,1176,1149,1185,0.24774967852550364,0.2520360051435919,0.24624946420917274,0.2539648521217317
4667,1156,1176,1149,1186,0.24769659310049283,0.2519820012856225,0.24619670023569745,0.25412470537818727
4668,1156,1176,1150,1186,0.24764353041988005,0.2519280205655527,0.24635818337617824,0.254070265638389
4669,1157,1176,1150,1186,0.2478046690940244,0.2518740629685157,0.24630541871921183,0.25401584921824805
4670,1157,1177,1150,1186,0.24775160599571736,0.25203426124197004,0.2462526766595289,0.2539614561027837
4671,1157,1178,1150,1186,0.24769856561764075,0.2521943909227146,0.24619995718261614,0.25390708627702846
4672,1157,1178,1151,1186,0.2476455479452055,0.2521404109589041,0.246361301369863,0.2538527397260274
4673,1158,1178,1151,1186,0.24780654825593837,0.25208645409800984,0.24630858121121335,0.2537984164348384
4674,1158,1178,1151,1187,0.24775353016688062,0.25203252032520324,0.2462558836114677,0.2539580658964484
4675,1159,1178,1151,1187,0.2479144385026738,0.2519786096256684,0.24620320855614974,0.253903743315508
4676,1159,1179,1151,1187,0.24786142001710865,0.25213857998289135,0.24615055603079555,0.25384944396920445
4677,1159,1179,1151,1188,0.2478084242035493,0.2520846696600385,0.2460979260209536,0.25400898011545864
4678,1160,1179,1151,1188,0.2479692176143651,0.25203078238563487,0.2460453185121847,0.2539546814878153
4679,1161,1179,1151,1188,0.24812994229536225,0.25197691814490275,0.24599273349006198,0.253900406069673
4680,1161,1179,1151,1189,0.24807692307692308,0.2519230769230769,0.24594017094017093,0.25405982905982905
4681,1161,1179,1152,1189,0.24802392651142918,0.25186925870540483,0.24610126041444136,0.25400555436872463
4682,1161,1179,1152,1190,0.24797095258436566,0.2518154634771465,0.24604869713797523,0.2541648868005126
4683,1161,1180,1152,1190,0.24791800128122998,0.2519752295537049,0.24599615631005767,0.25411061285500747
4684,1162,1180,1152,1190,0.2480785653287788,0.2519214346712212,0.24594363791631085,0.25405636208368915
4685,1163,1180,1152,1190,0.24823906083244396,0.2518676627534685,0.24589114194236927,0.25400213447171827
4686,1164,1180,1152,1190,0.24839948783610755,0.25181391378574475,0.24583866837387963,0.253947930004268
4687,1164,1181,1152,1190,0.24834649029229786,0.25197354384467674,0.24578621719650096,0.2538937486665244
4688,1165,1181,1152,1190,0.24850682593856654,0.251919795221843,0.24573378839590443,0.253839590443686
4689,1165,1181,1153,1190,0.24845382810833866,0.25186606952441887,0.24589464704627853,0.25378545532096397
4690,1165,1182,1153,1190,0.2484008528784648,0.25202558635394456,0.24584221748400853,0.2537313432835821
4691,1165,1182,1153,1191,0.24834790023449158,0.25197186101044555,0.24578981027499466,0.2538904284800682
4692,1166,1182,1153,1191,0.24850809889173062,0.25191815856777494,0.2457374254049446,0.2538363171355499
4693,1167,1182,1153,1191,0.24866822927764756,0.25186447901129344,0.24568506285957808,0.25378222885148094
4694,1167,1182,1154,1191,0.2486152535151257,0.2518108223263741,0.24584576054537707,0.2537281636131231
4695,1167,1182,1155,1191,0.2485623003194888,0.25175718849840256,0.24600638977635783,0.2536741214057508
4696,1167,1183,1155,1191,0.24850936967632029,0.2519165247018739,0.24595400340715504,0.25362010221465076
4697,1167,1183,1156,1191,0.24845646157121568,0.2518628912071535,0.2461145411965084,0.2535661060251224
4698,1167,1183,1157,1191,0.24840357598978288,0.25180928054491275,0.24627501064282672,0.25351213282247764
4699,1167,1183,1158,1191,0.24835071291764205,0.2517556927005746,0.2464354117897425,0.25345818259204084
4700,1167,1184,1158,1191,0.24829787234042552,0.2519148936170213,0.24638297872340426,0.25340425531914895
4701,1167,1185,1158,1191,0.2482450542437779,0.25207402680280794,0.24633056796426292,0.25335035098915126
4702,1167,1186,1158,1191,0.24819225861335603,0.25223309230114843,0.24627817949808592,0.2532964695874096
4703,1167,1187,1158,1191,0.24813948543482883,0.2523920901552201,0.24622581331065277,0.2532426110992983
4704,1167,1187,1159,1191,0.24808673469387754,0.2523384353741497,0.2463860544217687,0.2531887755102041
4705,1167,1187,1160,1191,0.24803400637619555,0.25228480340063764,0.24654622741764082,0.25313496280552605
4706,1167,1188,1160,1191,0.2479813004674883,0.2524436889077773,0.24649383765405866,0.2530811729706757
4707,1167,1188,1160,1192,0.24792861695347354,0.25239005736137665,0.24644147015083917,0.2532398555343106
4708,1167,1188,1161,1192,0.24787595581988106,0.2523364485981308,0.24660152931180968,0.2531860662701784
4709,1167,1188,1162,1192,0.24782331705245275,0.25228286260352517,0.2467615204926736,0.2531322998513485
4710,1168,1188,1162,1192,0.24798301486199575,0.2522292993630573,0.24670912951167728,0.25307855626326964
4711,1168,1188,1163,1192,0.2479303757164084,0.2521757588622373,0.2468690299299512,0.2530248354914031
4712,1168,1188,1163,1193,0.24787775891341257,0.25212224108658743,0.24681663837011886,0.25318336162988114
4713,1168,1189,1163,1193,0.24782516443878633,0.25228092510078504,0.24676426904307236,0.2531296414173562
4714,1168,1189,1163,1194,0.2477725922783199,0.2522274077216801,0.2467119219346627,0.2532880780653373
4715,1169,1189,1163,1194,0.247932131495228,0.25217391304347825,0.2466595970307529,0.2532343584305408
4716,1169,1189,1164,1194,0.24787955894826125,0.25212044105173875,0.24681933842239187,0.25318066157760816
4717,1169,1189,1165,1194,0.24782700869196522,0.25206699173203306,0.24697901208395168,0.25312698749205004
4718,1169,1189,1165,1195,0.24777448071216618,0.2520135650699449,0.24692666384061043,0.2532852903772785
4719,1169,1190,1165,1195,0.24772197499470228,0.25217207035388856,0.24687433778342868,0.2532316168679805
4720,1169,1191,1165,1195,0.24766949152542372,0.2523305084745763,0.2468220338983051,0.2531779661016949
4721,1170,1191,1165,1195,0.2478288498199534,0.25227705994492694,0.2467697521711502,0.2531243380639695
4722,1171,1191,1165,1195,0.24798814061838204,0.25222363405336723,0.2467174925878865,0.25307073274036423
4723,1171,1192,1165,1195,0.24793563413084904,0.25238196061825113,0.24666525513444845,0.25301715011645143
4724,1171,1192,1165,1196,0.24788314987298898,0.2523285351397121,0.2466130397967824,0.2531752751905165
4725,1171,1193,1165,1196,0.24783068783068782,0.2524867724867725,0.24656084656084656,0.25312169312169314
4726,1171,1193,1166,1196,0.2477782479898434,0.2524333474396953,0.2467202708421498,0.2530681337283115
4727,1171,1194,1166,1196,0.24772583033636555,0.2525914956632113,0.24666807700444257,0.25301459699598056
4728,1171,1195,1166,1196,0.24767343485617596,0.25274957698815564,0.24661590524534688,0.2529610829103215
4729,1171,1195,1166,1197,0.2476210615352083,0.2526961302600973,0.2465637555508564,0.253119052653838
4730,1172,1195,1166,1197,0.24778012684989428,0.2526427061310782,0.24651162790697675,0.25306553911205076
4731,1173,1195,1166,1197,0.24793912492073558,0.25258930458676815,0.2464595222997252,0.25301204819277107
4732,1173,1195,1166,1198,0.24788672865595943,0.2525359256128487,0.24640743871513102,0.25316990701606085
4733,1173,1196,1166,1198,0.2478343545320093,0.25269385167969577,0.24635537713923517,0.2531164166490598
4734,1173,1197,1166,1198,0.24778200253485425,0.25285171102661597,0.24630333755809042,0.2530629488804394
4735,1173,1197,1166,1199,0.24772967265047519,0.2527983104540655,0.24625131995776134,0.253220696937698
4736,1173,1197,1167,1199,0.24767736486486486,0.25274493243243246,0.24641047297297297,0.2531672297297297
4737,1173,1197,1167,1200,0.24762507916402787,0.2526915769474351,0.24635845471817605,0.253324889170361
4738,1173,1197,1168,1200,0.24757281553398058,0.2526382439848037,0.2465175179400591,0.2532714225411566
4739,1173,1197,1169,1200,0.24752057396075122,0.25258493353028066,0.2466765140324963,0.2532179784764718
4740,1173,1198,1169,1200,0.24746835443037973,0.25274261603375525,0.24662447257383965,0.25316455696202533
4741,1174,1198,1169,1200,0.24762708289390423,0.2526893060535752,0.2465724530689728,0.2531111579835478
4742,1174,1199,1169,1200,0.247574862927035,0.2528469000421763,0.24652045550400675,0.25305778152678193
4743,1175,1199,1169,1200,0.24773350200295172,0.25279359055450135,0.24646847986506432,0.2530044275774826
4744,1175,1199,1169,1201,0.24768128161888703,0.2527403035413153,0.24641652613827994,0.2531618887015177
4745,1175,1199,1169,1202,0.2476290832455216,0.25268703898840883,0.2463645943097998,0.25331928345626975
4746,1176,1199,1169,1202,0.24778761061946902,0.2526337968815845,0.24631268436578171,0.2532659081331648
4747,1176,1200,1169,1202,0.24773541183905626,0.25279123657046554,0.2462607962923952,0.253212555298083
4748,1176,1200,1170,1202,0.2476832350463353,0.2527379949452401,0.2464195450716091,0.2531592249368155
4749,1176,1201,1170,1202,0.2476310802274163,0.2528953463887134,0.246367656348705,0.2531059170351653
4750,1176,1201,1170,1203,0.24757894736842107,0.25284210526315787,0.2463157894736842,0.25326315789473686
4751,1176,1201,1170,1204,0.24752683645548307,0.25278888655019993,0.246263944432751,0.253420332561566
4752,1176,1201,1170,1205,0.2474747474747475,0.25273569023569026,0.24621212121212122,0.25357744107744107
4753,1176,1201,1171,1205,0.24742268041237114,0.25268251630549127,0.2463707132337471,0.2535240900483905
4754,1176,1202,1171,1205,0.24737063525452252,0.25283971392511567,0.2463188893563315,0.2534707614640303
4755,1176,1202,1171,1206,0.2473186119873817,0.25278654048370136,0.246267087276551,0.25362776025236594
4756,1176,1202,1171,1207,0.24726661059714045,0.25273338940285955,0.24621530698065602,0.253784693019344
4757,1176,1202,1171,1208,0.2472146310700021,0.25268026066848853,0.24616354845490857,0.2539415598066008
4758,1176,1202,1172,1208,0.2471626733921816,0.2526271542664985,0.24632198402690206,0.25388818831441784
4759,1176,1203,1172,1208,0.24711073754990545,0.2527841983610002,0.24627022483715066,0.25383483925194367
4760,1176,1203,1172,1209,0.24705882352941178,0.2527310924369748,0.246218487394958,0.25399159663865545
4761,1176,1203,1172,1210,0.24700693131695023,0.2526780088216761,0.24616677168662046,0.2541482881747532
4762,1176,1204,1172,1210,0.24695506089878203,0.252834943301134,0.24611507769844604,0.254094918101638
4763,1176,1205,1172,1210,0.24690321226117992,0.25299181188326686,0.24606340541675414,0.2540415704387991
4764,1176,1205,1173,1210,0.24685138539042822,0.25293870696893367,0.24622166246851385,0.25398824517212426
4765,1176,1205,1173,1211,0.24679958027282267,0.2528856243441763,0.24616998950682056,0.2541448058761805
4766,1177,1205,1173,1211,0.24695761644985312,0.25283256399496434,0.24611833822912296,0.2540914813260596
4767,1177,1206,1173,1211,0.24690581078246276,0.25298930144745124,0.2460667086217747,0.2540381791483113
4768,1177,1206,1174,1211,0.2468540268456376,0.25293624161073824,0.2462248322147651,0.25398489932885904
4769,1177,1206,1175,1211,0.2468022646257077,0.2528832040260013,0.24638288949465298,0.2539316418536381
4770,1178,1206,1175,1211,0.2469601677148847,0.2528301886792453,0.24633123689727462,0.2538784067085954
4771,1179,1206,1175,1211,0.24711800461119263,0.2527771955564871,0.2462796059526305,0.25382519387968977
4772,1179,1206,1176,1211,0.24706621961441744,0.2527242246437552,0.24643755238893544,0.25377200335289185
4773,1179,1207,1176,1211,0.2470144563167819,0.2528807877645087,0.24638592080452545,0.25371883511418397
4774,1180,1207,1176,1211,0.24717218265605362,0.2528278173439464,0.24633431085043989,0.2536656891495601
4775,1181,1207,1176,1211,0.24732984293193716,0.2527748691099476,0.246282722513089,0.2536125654450262
4776,1182,1207,1176,1211,0.24748743718592964,0.2527219430485762,0.24623115577889448,0.2535594639865997
4777,1182,1208,1176,1211,0.2474356290558928,0.25287837554950804,0.2461796106342893,0.25350638476030984
4778,1183,1208,1176,1211,0.24759313520301382,0.25282544997907075,0.24612808706571787,0.2534533277521976
4779,1183,1208,1176,1212,0.24754132663737183,0.2527725465578573,0.2460765850596359,0.25360954174513495
4780,1183,1209,1176,1212,0.24748953974895396,0.252928870292887,0.24602510460251045,0.2535564853556485
4781,1183,1209,1177,1212,0.24743777452415813,0.25287596737084295,0.24618280694415395,0.253503451160845
4782,1183,1209,1177,1213,0.24738603094939357,0.25282308657465496,0.24613132580510247,0.253659556670849
4783,1183,1209,1177,1214,0.24733430901108092,0.25277022789044534,0.24607986619276603,0.2538155969057077
4784,1183,1209,1178,1214,0.24728260869565216,0.25271739130434784,0.24623745819397994,0.2537625418060201
4785,1184,1209,1178,1214,0.24743991640543364,0.2526645768025078,0.24618599791013585,0.2537095088819227
4786,1184,1210,1178,1214,0.2473882156289177,0.2528207271207689,0.24613455913079815,0.25365649811951524
4787,1184,1210,1178,1215,0.24733653645289325,0.2527679130979737,0.24608314184249008,0.253812408606643
4788,1184,1210,1179,1215,0.24728487886382622,0.2527151211361738,0.2462406015037594,0.25375939849624063
4789,1184,1210,1179,1216,0.24723324284819378,0.2526623512215494,0.24618918354562538,0.25391522238463143
4790,1184,1210,1179,1217,0.24718162839248434,0.25260960334029225,0.24613778705636744,0.254070981210856
4791,1184,1211,1179,1217,0.24713003548319767,0.2527656021707368,0.24608641202254228,0.25401795032352326
4792,1184,1212,1179,1217,0.24707846410684475,0.25292153589315525,0.24603505843071785,0.2539649415692821
4793,1184,1213,1179,1217,0.24702691424994785,0.2530774045482996,0.2459837262674734,0.25391195493427915
4794,1184,1214,1179,1217,0.24697538589904047,0.25323320817688777,0.24593241551939926,0.2538589904046725
4795,1184,1214,1180,1217,0.24692387904066737,0.2531803962460897,0.24608967674661106,0.2538060479666319
4796,1185,1214,1180,1217,0.24708090075062553,0.25312760633861553,0.24603836530442036,0.2537531276063386
4797,1185,1214,1180,1218,0.24702939337085678,0.2530748384406921,0.24598707525536795,0.25390869293308316
4798,1185,1214,1181,1218,0.24697790746144227,0.25302209253855773,0.24614422676115047,0.2538557732388495
4799,1185,1214,1181,1219,0.2469264430089602,0.2529693686184622,0.24609293602833923,0.2540112523442384
4800,1185,1214,1182,1219,0.246875,0.2529166666666667,0.24625,0.25395833333333334
4801,1185,1214,1182,1220,0.24682357842116226,0.2528639866694439,0.2461987086023745,0.2541137263070194
4802,1185,1215,1182,1220,0.24677217825905873,0.25301957517700957,0.24614743856726365,0.2540608079966681
4803,1185,1215,1182,1221,0.2467207995003123,0.25296689569019365,0.24609618988132417,0.25421611492816987
4804,1185,1216,1182,1221,0.24666944213155703,0.2531223980016653,0.246044962531224,0.2541631973355537
4805,1185,1216,1182,1222,0.24661810613943808,0.2530697190426639,0.24599375650364205,0.254318418314256
4806,1185,1217,1182,1222,0.24656679151061173,0.25322513524760715,0.2459425717852684,0.25426550145651267
4807,1185,1217,1183,1222,0.24651549823174537,0.2531724568337841,0.24609943831911796,0.2542126066153526
4808,1185,1218,1183,1222,0.24646422628951747,0.2533277870216306,0.24604825291181365,0.25415973377703827
4809,1185,1218,1184,1222,0.2464129756706176,0.25327510917030566,0.2462050322312331,0.2541068829278436
4810,1185,1219,1184,1222,0.24636174636174638,0.2534303534303534,0.24615384615384617,0.25405405405405407
4811,1185,1220,1184,1222,0.24631053834961547,0.2535855331531906,0.24610268135522761,0.2540012471419663
4812,1186,1220,1184,1222,0.24646716541978386,0.25353283458021614,0.2460515378221114,0.25394846217788863
4813,1186,1221,1184,1222,0.24641595678371078,0.2536879285269063,0.24600041554124247,0.2538956991481405
4814,1187,1221,1184,1222,0.24657249688408808,0.25363523057748233,0.24594931449937682,0.25384295803905277
4815,1187,1221,1185,1222,0.24652128764278297,0.25358255451713396,0.24610591900311526,0.25379023883696783
4816,1188,1221,1185,1222,0.24667774086378738,0.2535299003322259,0.24605481727574752,0.2537375415282392
4817,1188,1221,1186,1222,0.24662653103591448,0.25347726800913434,0.24621133485571933,0.2536848660992319
4818,1188,1221,1187,1222,0.2465753424657534,0.2534246575342466,0.24636778746367788,0.2536322125363221
4819,1188,1221,1188,1222,0.24652417514007055,0.2533720688939614,0.24652417514007055,0.2535795808258975
4820,1189,1221,1188,1222,0.24668049792531122,0.2533195020746888,0.24647302904564317,0.25352697095435683
4821,1189,1221,1189,1222,0.2466293300145198,0.25326695706285,0.2466293300145198,0.25347438290811036
4822,1190,1221,1189,1222,0.24678556615512234,0.25321443384487763,0.24657818332642056,0.25342181667357944
4823,1191,1221,1189,1222,0.24694173750777523,0.2531619324072154,0.24652705784781256,0.25336927223719674
4824,1191,1221,1190,1222,0.2468905472636816,0.2531094527363184,0.24668325041459369,0.2533167495854063
4825,1191,1221,1190,1223,0.24683937823834196,0.25305699481865285,0.24663212435233162,0.2534715025906736
4826,1191,1221,1191,1223,0.2467882304185661,0.2530045586406962,0.2467882304185661,0.25341898052217154
4827,1191,1221,1191,1224,0.24673710379117464,0.25295214418893724,0.24673710379117464,0.2535736482287135
4828,1191,1222,1191,1224,0.24668599834299917,0.2531068765534383,0.24668599834299917,0.2535211267605634
4829,1191,1222,1192,1224,0.24663491406088217,0.2530544626216608,0.24684199627252018,0.25346862704493683
4830,1191,1223,1192,1224,0.246583850931677,0.25320910973084887,0.24679089026915113,0.253416149068323
4831,1192,1223,1192,1224,0.2467398054233078,0.2531566963361623,0.2467398054233078,0.2533636928172221
4832,1192,1223,1192,1225,0.24668874172185432,0.2531043046357616,0.24668874172185432,0.2535182119205298
4833,1192,1223,1193,1225,0.24663769915166564,0.2530519346161804,0.2468446099731016,0.2534657562590523
4834,1193,1223,1193,1225,0.24679354571783202,0.25299958626396357,0.24679354571783202,0.2534133223003724
4835,1193,1223,1194,1225,0.2467425025853154,0.252947259565667,0.2469493278179938,0.2533609100310238
4836,1194,1223,1194,1225,0.24689826302729528,0.25289495450785776,0.24689826302729528,0.25330851943755167
4837,1194,1223,1195,1225,0.24684721935083728,0.2528426710771139,0.24705395906553648,0.2532561505065123
4838,1195,1223,1195,1225,0.24700289375775114,0.25279040926002483,0.24700289375775114,0.25320380322447295
4839,1195,1223,1195,1226,0.24695184955569333,0.25273816904319074,0.24695184955569333,0.2533581318454226
4840,1195,1223,1195,1227,0.246900826446281,0.2526859504132231,0.246900826446281,0.2535123966942149
4841,1195,1223,1196,1227,0.24684982441644288,0.2526337533567445,0.24705639330716794,0.2534600289196447
4842,1195,1223,1196,1228,0.24679884345311853,0.25258157786038826,0.2470053696819496,0.25361420900454357
4843,1195,1224,1196,1228,0.2467478835432583,0.25273590749535413,0.24695436712781335,0.2535618418335742
4844,1196,1224,1196,1228,0.24690338563170933,0.2526837324525186,0.24690338563170933,0.2535094962840628
4845,1196,1225,1196,1228,0.24685242518059855,0.2528379772961816,0.24685242518059855,0.2534571723426213
4846,1196,1226,1196,1228,0.24680148576145275,0.25299215848122164,0.24680148576145275,0.25340486999587286
4847,1196,1227,1196,1228,0.2467505673612544,0.25314627604703943,0.2467505673612544,0.25335258923045184
4848,1196,1227,1197,1228,0.2466996699669967,0.2530940594059406,0.2469059405940594,0.2533003300330033
4849,1197,1227,1197,1228,0.24685502165394926,0.25304186430191794,0.24685502165394926,0.25324809239018353
4850,1197,1227,1197,1229,0.2468041237113402,0.2529896907216495,0.2468041237113402,0.2534020618556701
4851,1197,1227,1197,1230,0.24675324675324675,0.2529375386518244,0.24675324675324675,0.2535559678416821
4852,1198,1227,1197,1230,0.24690849134377577,0.2528854080791426,0.24670239076669415,0.25350370981038745
4853,1198,1227,1198,1230,0.2468576138471049,0.25283329899031526,0.2468576138471049,0.25345147331547496
4854,1198,1227,1199,1230,0.24680675731355584,0.2527812113720643,0.24701277297074578,0.25339925834363414
4855,1198,1227,1199,1231,0.24675592173017508,0.25272914521112255,0.24696189495365603,0.25355303810504637
4856,1199,1227,1199,1231,0.24691103789126853,0.2526771004942339,0.24691103789126853,0.253500823723229
4857,1199,1227,1199,1232,0.2468602017706403,0.2526250772081532,0.2468602017706403,0.2536545192505662
4858,1200,1227,1199,1232,0.24701523260601072,0.25257307533964596,0.24680938657883902,0.25360230547550433
4859,1200,1227,1199,1233,0.2469643959662482,0.2525210948754888,0.246758592302943,0.25375591685532
4860,1200,1227,1199,1234,0.24691358024691357,0.25246913580246916,0.24670781893004115,0.25390946502057615
4861,1200,1228,1199,1234,0.24686278543509566,0.25262291709524787,0.2466570664472331,0.25385723102242336
4862,1200,1229,1199,1234,0.24681201151789386,0.2527766351295763,0.24660633484162897,0.25380501851090087
4863,1200,1230,1199,1234,0.24676125848241826,0.2529302899444787,0.2465556241003496,0.25375282747275346
4864,1201,1230,1199,1234,0.24691611842105263,0.25287828947368424,0.24650493421052633,0.25370065789473684
4865,1202,1230,1199,1234,0.24707091469681397,0.2528263103802672,0.24645426515930113,0.2536485097636177
4866,1202,1230,1199,1235,0.24702013974517056,0.2527743526510481,0.24640361693382656,0.2538018906699548
4867,1202,1231,1199,1235,0.24696938565851653,0.25292788165194163,0.24635298952126566,0.25374974316827614
4868,1202,1231,1200,1235,0.24691865242399344,0.2528759244042728,0.2465078060805259,0.25369761709120786
4869,1203,1231,1200,1235,0.24707332101047444,0.252823988498665,0.24645717806531114,0.2536455124255494
4870,1203,1231,1200,1236,0.24702258726899384,0.25277207392197126,0.2464065708418891,0.2537987679671458
4871,1203,1232,1200,1236,0.24697187435844795,0.25292547731471976,0.24635598439745432,0.25374666392937795
4872,1204,1232,1200,1236,0.2471264367816092,0.25287356321839083,0.24630541871921183,0.2536945812807882
4873,1205,1232,1200,1236,0.24728093576852042,0.2528216704288939,0.2462548737943772,0.25364252000820847
4874,1206,1232,1200,1236,0.24743537135822732,0.25276979893311446,0.24620434961017645,0.25359048009848173
4875,1206,1232,1200,1237,0.2473846153846154,0.2527179487179487,0.24615384615384617,0.25374358974358974
4876,1207,1232,1200,1237,0.24753896636587366,0.2526661197703035,0.2461033634126333,0.2536915504511895
4877,1208,1232,1200,1237,0.24769325404962067,0.25261431207709656,0.24605290137379537,0.2536395324994874
4878,1208,1233,1200,1237,0.24764247642476425,0.25276752767527677,0.24600246002460024,0.25358753587535876
4879,1208,1233,1200,1238,0.24759171961467513,0.2527157204345153,0.2459520393523263,0.2537405205984833
4880,1209,1233,1200,1238,0.24774590163934426,0.25266393442622953,0.2459016393442623,0.25368852459016394
4881,1209,1233,1201,1238,0.24769514443761526,0.2526121696373694,0.2460561360376972,0.25363654988731815
4882,1209,1234,1201,1238,0.2476444080294961,0.2527652601392872,0.24600573535436296,0.2535845964768538
4883,1209,1234,1201,1239,0.24759369240221177,0.2527134958017612,0.24595535531435592,0.2537374564816711
4884,1209,1235,1201,1239,0.24754299754299755,0.25286650286650286,0.2459049959049959,0.2536855036855037
4885,1209,1235,1201,1240,0.24749232343909927,0.25281473899692936,0.2458546571136131,0.2538382804503582
4886,1209,1236,1201,1240,0.24744167007777323,0.25296766270978305,0.2458043389275481,0.2537863282848956
4887,1209,1236,1201,1241,0.24739103744628607,0.2529158993247391,0.24575404133415182,0.253939021894823
4888,1209,1236,1202,1241,0.2473404255319149,0.2528641571194763,0.24590834697217676,0.2538870703764321
4889,1209,1236,1203,1241,0.24728983432194723,0.2528124360809982,0.2460625894866026,0.25383514011045205
4890,1209,1236,1203,1242,0.24723926380368097,0.252760736196319,0.2460122699386503,0.25398773006134967
4891,1209,1236,1204,1242,0.24718871396442446,0.2527090574524637,0.24616642813330608,0.2539358004498058
4892,1210,1236,1204,1242,0.2473426001635323,0.2526573998364677,0.24611610793131644,0.25388389206868356
4893,1211,1236,1204,1242,0.2474964234620887,0.25260576333537704,0.24606580829756797,0.25383200490496627
4894,1212,1236,1204,1242,0.2476501838986514,0.2525541479362485,0.24601552921945238,0.2537801389456477
4895,1212,1236,1205,1242,0.24759959141981613,0.25250255362614915,0.24616956077630234,0.2537282941777324
4896,1213,1236,1205,1242,0.24775326797385622,0.25245098039215685,0.24611928104575165,0.2536764705882353
4897,1213,1237,1205,1242,0.2477026751072085,0.252603634878497,0.2460690218501123,0.25362466816418217
4898,1213,1237,1206,1242,0.2476521028991425,0.25255206206614944,0.2462229481420988,0.2535728868926092
4899,1213,1238,1206,1242,0.24760155133700756,0.2527046335986936,0.24617268830373545,0.2535211267605634
4900,1213,1239,1206,1242,0.24755102040816326,0.25285714285714284,0.24612244897959185,0.253469387755102
4901,1213,1239,1206,1243,0.2475005100999796,0.252805549887778,0.2460722301571108,0.2536217098551316
4902,1213,1239,1206,1244,0.2474500203998368,0.2527539779681763,0.2460220318237454,0.2537739698082415
4903,1213,1239,1206,1245,0.24739955129512545,0.25270242708545787,0.245971853966959,0.2539261676524577
4904,1213,1240,1206,1245,0.24734910277324634,0.2528548123980424,0.24592169657422513,0.25387438825448616
4905,1213,1241,1206,1245,0.2472986748216106,0.2530071355759429,0.24587155963302754,0.25382262996941896
4906,1214,1241,1206,1245,0.24745209947003668,0.25295556461475743,0.24582144313086018,0.2537708927843457
4907,1214,1241,1207,1245,0.24740167108212757,0.25290401467291623,0.24597513755858977,0.2537191766863664
4908,1214,1242,1207,1245,0.24735126324368378,0.2530562347188264,0.24592502037489813,0.2536674816625917
4909,1214,1242,1207,1246,0.24730087594214709,0.25300468527194947,0.24587492360969648,0.253819515176207
4910,1215,1242,1207,1246,0.24745417515274948,0.2529531568228106,0.24582484725050915,0.25376782077393073
4911,1215,1243,1207,1246,0.24740378741600488,0.25310527387497456,0.2457747912848707,0.2537161474241499
4912,1215,1243,1207,1247,0.24735342019543974,0.25305374592833874,0.24572475570032573,0.25386807817589574
4913,1215,1244,1207,1247,0.24730307347852637,0.25320578058212906,0.24567474048442905,0.2538164054549155
4914,1215,1244,1207,1248,0.24725274725274726,0.25315425315425316,0.24562474562474562,0.25396825396825395
4915,1215,1244,1208,1248,0.24720244150559512,0.2531027466937945,0.24577822990844353,0.2539165818921668
4916,1215,1244,1209,1248,0.24715215622457282,0.2530512611879577,0.24593165174938975,0.25386493083807976
4917,1215,1244,1210,1248,0.2471018913971934,0.2529997966239577,0.24608501118568232,0.25381330079316655
4918,1216,1244,1210,1248,0.247254981699878,0.2529483529890199,0.24603497356649046,0.2537616917446116
4919,1216,1244,1210,1249,0.24720471640577354,0.2528969302703802,0.24598495629192926,0.25391339703191707
4920,1216,1244,1210,1250,0.24715447154471545,0.2528455284552846,0.2459349593495935,0.2540650406504065
4921,1216,1245,1210,1250,0.2471042471042471,0.25299735826051617,0.245884982727088,0.25401341190814875
4922,1216,1245,1210,1251,0.24705404307192197,0.25294595692807803,0.24583502641202762,0.25416497358797235
4923,1217,1245,1210,1251,0.2472069876091814,0.2528945764777575,0.2457850903920374,0.25411334552102377
4924,1217,1245,1210,1252,0.24715678310316816,0.25284321689683187,0.24573517465475223,0.25426482534524775
4925,1217,1246,1210,1252,0.24710659898477158,0.25299492385786804,0.24568527918781727,0.25421319796954317
4926,1217,1246,1211,1252,0.2470564352415753,0.25294356475842467,0.24583840844498578,0.2541615915550142
4927,1217,1246,1212,1252,0.24700629186117312,0.2528922265070022,0.24599147554292672,0.2541100060888979
4928,1217,1246,1212,1253,0.24695616883116883,0.2528409090909091,0.24594155844155843,0.25426136363636365
4929,1217,1246,1212,1254,0.24690606613917632,0.252789612497464,0.24589166159464396,0.25441265976871574
4930,1218,1246,1212,1254,0.24705882352941178,0.2527383367139959,0.245841784989858,0.25436105476673426
4931,1218,1246,1212,1255,0.24700872034070168,0.25268708172784426,0.2457919286148854,0.2545122693165687
4932,1218,1247,1212,1255,0.24695863746958638,0.25283860502838607,0.24574209245742093,0.2544606650446066
4933,1218,1248,1212,1255,0.2469085749037097,0.2529900668964119,0.24569227650516925,0.2544090816947091
4934,1219,1248,1212,1255,0.24706120794487232,0.2529387920551277,0.24564248074584516,0.25435751925415484
4935,1219,1249,1212,1255,0.2470111448834853,0.2530901722391084,0.24559270516717324,0.25430597771023306
4936,1220,1249,1212,1255,0.24716369529983792,0.2530388978930308,0.24554294975688817,0.25425445705024313
4937,1220,1250,1212,1255,0.24711363176017825,0.2531901964755925,0.24549321450273445,0.25420295726149483
4938,1221,1250,1212,1255,0.24726609963547996,0.2531389226407452,0.2454434993924666,0.25415147833130824
4939,1221,1250,1213,1255,0.24721603563474387,0.2530876695687386,0.24559627454950395,0.25410002024701356
4940,1221,1250,1214,1255,0.247165991902834,0.25303643724696356,0.245748987854251,0.2540485829959514
4941,1221,1250,1215,1255,0.24711596842744385,0.2529852256628213,0.2459016393442623,0.25399716656547255
4942,1221,1250,1216,1255,0.2470659651962768,0.2529340348037232,0.24605422905706192,0.2539457709429381
4943,1221,1250,1217,1255,0.24701598219704632,0.2528828646570908,0.24620675703014364,0.2538943961157192
4944,1221,1250,1217,1256,0.24696601941747573,0.25283171521035597,0.2461569579288026,0.2540453074433657
4945,1221,1251,1217,1256,0.2469160768452983,0.2529828109201213,0.2461071789686552,0.2539939332659252
4946,1221,1252,1217,1256,0.2468661544682572,0.25313384553174284,0.24605742013748483,0.25394257986251517
4947,1221,1253,1217,1256,0.24681625227410553,0.2532848190822721,0.24600768142308468,0.2538912472205377
4948,1221,1254,1217,1256,0.2467663702506063,0.2534357316087308,0.24595796281325788,0.253839935327405
4949,1221,1254,1218,1256,0.24671650838553244,0.25338452212568197,0.24611032531824611,0.2537886441705395
4950,1221,1254,1218,1257,0.24666666666666667,0.25333333333333335,0.24606060606060606,0.25393939393939396
4951,1222,1254,1218,1257,0.24681882447990305,0.25328216521914765,0.24601090688749747,0.2538881034134518
4952,1222,1254,1218,1258,0.24676898222940227,0.25323101777059775,0.24596122778675283,0.25403877221324717
4953,1223,1254,1218,1258,0.24692105794468,0.2531798909751666,0.24591156874621442,0.25398748233393903
4954,1223,1254,1218,1259,0.2468712151796528,0.2531287848203472,0.24586192975373436,0.25413807024626567
4955,1223,1254,1218,1260,0.24682139253279517,0.25307769929364277,0.24581231079717458,0.2542885973763875
4956,1223,1254,1218,1261,0.24677158999192897,0.25302663438256656,0.2457627118644068,0.25443906376109765
4957,1223,1255,1218,1261,0.246721807544886,0.25317732499495665,0.24571313294331248,0.2543877345168449
4958,1224,1255,1218,1261,0.24687373941105284,0.25312626058894716,0.245663574021783,0.25433642597821704
4959,1224,1256,1218,1261,0.24682395644283123,0.25327687033676144,0.24561403508771928,0.25428513813268805
4960,1224,1257,1218,1261,0.2467741935483871,0.2534274193548387,0.24556451612903227,0.2542338709677419
4961,1224,1257,1219,1261,0.24672445071558152,0.2533763354162467,0.24571658939729893,0.2541826244708728
4962,1224,1257,1220,1261,0.24667472793228537,0.25332527206771466,0.24586860137041516,0.25413139862958484
4963,1224,1258,1220,1261,0.24662502518637922,0.2534757203304453,0.2458190610517832,0.2540801934313923
4964,1224,1258,1220,1262,0.2465753424657534,0.2534246575342466,0.24576954069298954,0.2542304593070105
4965,1224,1259,1220,1262,0.24652567975830816,0.25357502517623365,0.2457200402819738,0.2541792547834844
4966,1224,1259,1220,1263,0.24647603705195328,0.25352396294804674,0.24567055980668545,0.25432944019331455
4967,1224,1259,1220,1264,0.2464264143346084,0.25347292128045096,0.24562109925508355,0.25447956512985703
4968,1224,1259,1221,1264,0.2463768115942029,0.2534219001610306,0.2457729468599034,0.25442834138486314
4969,1224,1259,1221,1265,0.2463272288186758,0.25337089957737974,0.24572348561078688,0.2545783859931576
4970,1224,1260,1221,1265,0.24627766599597586,0.2535211267605634,0.24567404426559356,0.2545271629778672
4971,1225,1260,1221,1265,0.2464292898813116,0.25347012673506336,0.2456246228123114,0.2544759605713136
4972,1225,1260,1222,1265,0.24637972646822204,0.25341914722445696,0.24577634754625904,0.25442477876106195
4973,1225,1260,1222,1266,0.24633018298813594,0.25336818821636836,0.24572692539714458,0.2545747033983511
4974,1226,1260,1222,1266,0.24648170486529955,0.25331724969843183,0.24567752312022517,0.2545235223160434
4975,1226,1260,1223,1266,0.2464321608040201,0.25326633165829143,0.24582914572864323,0.2544723618090452
4976,1226,1261,1223,1266,0.24638263665594856,0.2534163987138264,0.2457797427652733,0.25442122186495175
4977,1226,1261,1223,1267,0.24633313240908178,0.2533654812135825,0.24573035965441029,0.2545710267229255
4978,1227,1261,1223,1267,0.24648453194053838,0.2533145841703495,0.24568099638409,0.2545198875050221
4979,1227,1262,1223,1267,0.2464350271138783,0.25346455111468164,0.2456316529423579,0.25446876882908215
4980,1228,1262,1223,1267,0.2465863453815261,0.25341365461847387,0.2455823293172691,0.2544176706827309
4981,1228,1263,1223,1267,0.2465368399919695,0.2535635414575386,0.24553302549688819,0.2543665930536037
4982,1229,1263,1223,1267,0.24668807707747892,0.25351264552388597,0.24548374146928945,0.25431553592934564
4983,1229,1263,1223,1268,0.2466385711418824,0.2534617700180614,0.24543447722255668,0.2544651816174995
4984,1230,1263,1223,1268,0.24678972712680577,0.25341091492776885,0.2453852327447833,0.25441412520064205
4985,1230,1263,1223,1269,0.24674022066198595,0.25336008024072215,0.2453360080240722,0.25456369107321963
4986,1230,1263,1223,1270,0.246690734055355,0.253309265944645,0.2452868030485359,0.2547131969514641
4987,1230,1263,1223,1271,0.2466412672949669,0.2532584720272709,0.24523761780629638,0.2548626428714658
4988,1230,1263,1223,1272,0.24659182036888533,0.2532076984763432,0.24518845228548516,0.2550120288692863
4989,1230,1263,1223,1273,0.2465423932651834,0.25315694527961513,0.24513930647424334,0.2551613549809581
4990,1231,1263,1223,1273,0.2466933867735471,0.2531062124248497,0.24509018036072144,0.2551102204408818
4991,1232,1263,1223,1273,0.24684431977559607,0.2530554998998197,0.24504107393307956,0.2550591063915047
4992,1232,1263,1223,1274,0.2467948717948718,0.2530048076923077,0.24499198717948717,0.2552083333333333
4993,1232,1264,1223,1274,0.2467454436210695,0.2531544161826557,0.24494292008812338,0.2551572201081514
4994,1233,1264,1223,1274,0.24689627553063676,0.25310372446936324,0.2448938726471766,0.2551061273528234
4995,1233,1264,1223,1275,0.24684684684684685,0.25305305305305303,0.24484484484484484,0.2552552552552553
4996,1234,1264,1223,1275,0.24699759807846278,0.2530024019215372,0.24479583666933546,0.25520416333066454
4997,1234,1265,1223,1275,0.2469481689013408,0.2531518911346808,0.24474684810886532,0.2551530918551131
4998,1235,1265,1223,1275,0.24709883953581432,0.2531012404961985,0.24469787915166066,0.25510204081632654
4999,1236,1265,1223,1275,0.247249449889978,0.2530506101220244,0.2446489297859572,0.2550510102020404
5000,1237,1265,1223,1275,0.2474,0.253,0.2446,0.255
