Toss,Heads,Tails,HeadProbability,TailProbability
1,1,0,1.0,0.0
2,1,1,0.5,0.5
3,1,2,0.3333333333333333,0.6666666666666666
4,2,2,0.5,0.5
5,2,3,0.4,0.6
6,3,3,0.5,0.5
7,3,4,0.42857142857142855,0.5714285714285714
8,3,5,0.375,0.625
9,4,5,0.4444444444444444,0.5555555555555556
10,5,5,0.5,0.5
11,6,5,0.5454545454545454,0.45454545454545453
12,7,5,0.5833333333333334,0.4166666666666667
13,7,6,0.5384615384615384,0.46153846153846156
14,7,7,0.5,0.5
15,7,8,0.4666666666666667,0.5333333333333333
16,8,8,0.5,0.5
17,8,9,0.47058823529411764,0.5294117647058824
18,9,9,0.5,0.5
19,9,10,0.47368421052631576,0.5263157894736842
20,10,10,0.5,0.5
21,10,11,0.47619047619047616,0.5238095238095238
22,10,12,0.45454545454545453,0.5454545454545454
23,10,13,0.43478260869565216,0.5652173913043478
24,10,14,0.4166666666666667,0.5833333333333334
25,10,15,0.4,0.6
26,11,15,0.4230769230769231,0.5769230769230769
27,12,15,0.4444444444444444,0.5555555555555556
28,13,15,0.4642857142857143,0.5357142857142857
29,13,16,0.4482758620689655,0.5517241379310345
30,13,17,0.43333333333333335,0.5666666666666667
31,14,17,0.45161290322580644,0.5483870967741935
32,14,18,0.4375,0.5625
33,15,18,0.45454545454545453,0.5454545454545454
34,15,19,0.4411764705882353,0.5588235294117647
35,16,19,0.45714285714285713,0.5428571428571428
36,17,19,0.4722222222222222,0.5277777777777778
37,17,20,0.4594594594594595,0.5405405405405406
38,18,20,0.47368421052631576,0.5263157894736842
39,19,20,0.48717948717948717,0.5128205128205128
40,19,21,0.475,0.525
41,20,21,0.4878048780487805,0.5121951219512195
42,20,22,0.47619047619047616,0.5238095238095238
43,21,22,0.4883720930232558,0.5116279069767442
44,22,22,0.5,0.5
45,23,22,0.5111111111111111,0.4888888888888889
46,23,23,0.5,0.5
47,24,23,0.5106382978723404,0.48936170212765956
48,25,23,0.5208333333333334,0.4791666666666667
49,26,23,0.5306122448979592,0.46938775510204084
50,27,23,0.54,0.46
51,27,24,0.5294117647058824,0.47058823529411764
52,28,24,0.5384615384615384,0.46153846153846156
53,29,24,0.5471698113207547,0.4528301886792453
54,29,25,0.5370370370370371,0.46296296296296297
55,29,26,0.5272727272727272,0.4727272727272727
56,29,27,0.5178571428571429,0.48214285714285715
57,29,28,0.5087719298245614,0.49122807017543857
58,29,29,0.5,0.5
59,29,30,0.4915254237288136,0.5084745762711864
60,30,30,0.5,0.5
61,30,31,0.4918032786885246,0.5081967213114754
62,31,31,0.5,0.5
63,31,32,0.49206349206349204,0.5079365079365079
64,32,32,0.5,0.5
65,32,33,0.49230769230769234,0.5076923076923077
66,33,33,0.5,0.5
67,33,34,0.4925373134328358,0.5074626865671642
68,34,34,0.5,0.5
69,35,34,0.5072463768115942,0.4927536231884058
70,36,34,0.5142857142857142,0.4857142857142857
71,36,35,0.5070422535211268,0.49295774647887325
72,36,36,0.5,0.5
73,37,36,0.5068493150684932,0.4931506849315068
74,37,37,0.5,0.5
75,37,38,0.49333333333333335,0.5066666666666667
76,38,38,0.5,0.5
77,38,39,0.4935064935064935,0.5064935064935064
78,39,39,0.5,0.5
79,40,39,0.5063291139240507,0.4936708860759494
80,41,39,0.5125,0.4875
81,42,39,0.5185185185185185,0.48148148148148145
82,42,40,0.5121951219512195,0.4878048780487805
83,42,41,0.5060240963855421,0.4939759036144578
84,42,42,0.5,0.5
85,43,42,0.5058823529411764,0.49411764705882355
86,43,43,0.5,0.5
87,44,43,0.5057471264367817,0.4942528735632184
88,44,44,0.5,0.5
89,44,45,0.4943820224719101,0.5056179775280899
90,44,46,0.4888888888888889,0.5111111111111111
91,44,47,0.4835164835164835,0.5164835164835165
92,45,47,0.4891304347826087,0.5108695652173914
93,45,48,0.4838709677419355,0.5161290322580645
94,45,49,0.4787234042553192,0.5212765957446809
95,46,49,0.4842105263157895,0.5157894736842106
96,47,49,0.4895833333333333,0.5104166666666666
97,48,49,0.4948453608247423,0.5051546391752577
98,48,50,0.4897959183673469,0.5102040816326531
99,49,50,0.494949494949495,0.5050505050505051
100,49,51,0.49,0.51
101,49,52,0.48514851485148514,0.5148514851485149
102,50,52,0.49019607843137253,0.5098039215686274
103,51,52,0.49514563106796117,0.5048543689320388
104,51,53,0.49038461538461536,0.5096153846153846
105,51,54,0.4857142857142857,0.5142857142857142
106,52,54,0.49056603773584906,0.5094339622641509
107,52,55,0.48598130841121495,0.514018691588785
108,53,55,0.49074074074074076,0.5092592592592593
109,54,55,0.4954128440366973,0.5045871559633027
110,54,56,0.4909090909090909,0.509090909090909
111,55,56,0.4954954954954955,0.5045045045045045
112,56,56,0.5,0.5
113,57,56,0.504424778761062,0.49557522123893805
114,57,57,0.5,0.5
115,57,58,0.4956521739130435,0.5043478260869565
116,58,58,0.5,0.5
117,59,58,0.5042735042735043,0.49572649572649574
118,60,58,0.5084745762711864,0.4915254237288136
119,60,59,0.5042016806722689,0.4957983193277311
120,61,59,0.5083333333333333,0.49166666666666664
121,62,59,0.512396694214876,0.48760330578512395
122,63,59,0.5163934426229508,0.48360655737704916
123,64,59,0.5203252032520326,0.4796747967479675
124,64,60,0.5161290322580645,0.4838709677419355
125,64,61,0.512,0.488
126,64,62,0.5079365079365079,0.49206349206349204
127,65,62,0.5118110236220472,0.4881889763779528
128,66,62,0.515625,0.484375
129,67,62,0.5193798449612403,0.4806201550387597
130,68,62,0.5230769230769231,0.47692307692307695
131,68,63,0.5190839694656488,0.48091603053435117
132,69,63,0.5227272727272727,0.4772727272727273
133,69,64,0.518796992481203,0.48120300751879697
134,69,65,0.5149253731343284,0.48507462686567165
135,69,66,0.5111111111111111,0.4888888888888889
136,69,67,0.5073529411764706,0.49264705882352944
137,69,68,0.5036496350364964,0.49635036496350365
138,70,68,0.5072463768115942,0.4927536231884058
139,70,69,0.5035971223021583,0.49640287769784175
140,71,69,0.5071428571428571,0.4928571428571429
141,71,70,0.5035460992907801,0.49645390070921985
142,72,70,0.5070422535211268,0.49295774647887325
143,73,70,0.5104895104895105,0.48951048951048953
144,74,70,0.5138888888888888,0.4861111111111111
145,74,71,0.5103448275862069,0.4896551724137931
146,74,72,0.5068493150684932,0.4931506849315068
147,75,72,0.5102040816326531,0.4897959183673469
148,76,72,0.5135135135135135,0.4864864864864865
149,77,72,0.5167785234899329,0.48322147651006714
150,78,72,0.52,0.48
151,79,72,0.5231788079470199,0.4768211920529801
152,79,73,0.5197368421052632,0.48026315789473684
153,79,74,0.5163398692810458,0.48366013071895425
154,80,74,0.5194805194805194,0.4805194805194805
155,81,74,0.5225806451612903,0.4774193548387097
156,82,74,0.5256410256410257,0.47435897435897434
157,82,75,0.5222929936305732,0.47770700636942676
158,83,75,0.5253164556962026,0.47468354430379744
159,83,76,0.5220125786163522,0.4779874213836478
160,84,76,0.525,0.475
161,85,76,0.5279503105590062,0.4720496894409938
162,86,76,0.5308641975308642,0.4691358024691358
163,86,77,0.5276073619631901,0.4723926380368098
164,87,77,0.5304878048780488,0.4695121951219512
165,87,78,0.5272727272727272,0.4727272727272727
166,87,79,0.5240963855421686,0.4759036144578313
167,87,80,0.5209580838323353,0.47904191616766467
168,88,80,0.5238095238095238,0.47619047619047616
169,89,80,0.5266272189349113,0.47337278106508873
170,89,81,0.5235294117647059,0.4764705882352941
171,89,82,0.52046783625731,0.47953216374269003
172,89,83,0.5174418604651163,0.48255813953488375
173,90,83,0.5202312138728323,0.4797687861271676
174,90,84,0.5172413793103449,0.4827586206896552
175,90,85,0.5142857142857142,0.4857142857142857
176,91,85,0.5170454545454546,0.48295454545454547
177,91,86,0.5141242937853108,0.4858757062146893
178,92,86,0.5168539325842697,0.48314606741573035
179,93,86,0.5195530726256983,0.48044692737430167
180,94,86,0.5222222222222223,0.4777777777777778
181,95,86,0.5248618784530387,0.47513812154696133
182,96,86,0.5274725274725275,0.4725274725274725
183,97,86,0.5300546448087432,0.46994535519125685
184,98,86,0.532608695652174,0.4673913043478261
185,99,86,0.5351351351351351,0.4648648648648649
186,100,86,0.5376344086021505,0.46236559139784944
187,100,87,0.5347593582887701,0.46524064171123
188,100,88,0.5319148936170213,0.46808510638297873
189,100,89,0.5291005291005291,0.4708994708994709
190,101,89,0.531578947368421,0.46842105263157896
191,101,90,0.5287958115183246,0.4712041884816754
192,102,90,0.53125,0.46875
193,102,91,0.5284974093264249,0.47150259067357514
194,103,91,0.5309278350515464,0.4690721649484536
195,103,92,0.5282051282051282,0.4717948717948718
196,104,92,0.5306122448979592,0.46938775510204084
197,104,93,0.5279187817258884,0.4720812182741117
198,104,94,0.5252525252525253,0.47474747474747475
199,104,95,0.5226130653266332,0.47738693467336685
200,104,96,0.52,0.48
201,104,97,0.5174129353233831,0.48258706467661694
202,104,98,0.5148514851485149,0.48514851485148514
203,105,98,0.5172413793103449,0.4827586206896552
204,106,98,0.5196078431372549,0.4803921568627451
205,107,98,0.5219512195121951,0.47804878048780486
206,107,99,0.5194174757281553,0.48058252427184467
207,108,99,0.5217391304347826,0.4782608695652174
208,108,100,0.5192307692307693,0.4807692307692308
209,108,101,0.5167464114832536,0.48325358851674644
210,108,102,0.5142857142857142,0.4857142857142857
211,108,103,0.5118483412322274,0.4881516587677725
212,109,103,0.5141509433962265,0.4858490566037736
213,110,103,0.5164319248826291,0.4835680751173709
214,111,103,0.5186915887850467,0.48130841121495327
215,112,103,0.5209302325581395,0.4790697674418605
216,112,104,0.5185185185185185,0.48148148148148145
217,112,105,0.5161290322580645,0.4838709677419355
218,112,106,0.5137614678899083,0.48623853211009177
219,112,107,0.5114155251141552,0.4885844748858447
220,113,107,0.5136363636363637,0.4863636363636364
221,113,108,0.5113122171945701,0.48868778280542985
222,113,109,0.509009009009009,0.49099099099099097
223,113,110,0.5067264573991032,0.49327354260089684
224,113,111,0.5044642857142857,0.4955357142857143
225,114,111,0.5066666666666667,0.49333333333333335
226,115,111,0.5088495575221239,0.4911504424778761
227,116,111,0.5110132158590308,0.4889867841409692
228,116,112,0.5087719298245614,0.49122807017543857
229,116,113,0.5065502183406113,0.49344978165938863
230,117,113,0.508695652173913,0.49130434782608695
231,118,113,0.5108225108225108,0.48917748917748916
232,119,113,0.5129310344827587,0.4870689655172414
233,119,114,0.5107296137339056,0.4892703862660944
234,119,115,0.5085470085470085,0.49145299145299143
235,119,116,0.5063829787234042,0.49361702127659574
236,120,116,0.5084745762711864,0.4915254237288136
237,121,116,0.510548523206751,0.48945147679324896
238,122,116,0.5126050420168067,0.48739495798319327
239,123,116,0.5146443514644351,0.48535564853556484
240,124,116,0.5166666666666667,0.48333333333333334
241,124,117,0.5145228215767634,0.4854771784232365
242,125,117,0.5165289256198347,0.4834710743801653
243,126,117,0.5185185185185185,0.48148148148148145
244,126,118,0.5163934426229508,0.48360655737704916
245,127,118,0.5183673469387755,0.4816326530612245
246,128,118,0.5203252032520326,0.4796747967479675
247,128,119,0.5182186234817814,0.4817813765182186
248,129,119,0.5201612903225806,0.4798387096774194
249,129,120,0.5180722891566265,0.4819277108433735
250,129,121,0.516,0.484
251,130,121,0.5179282868525896,0.4820717131474104
252,130,122,0.5158730158730159,0.48412698412698413
253,131,122,0.5177865612648221,0.48221343873517786
254,132,122,0.5196850393700787,0.48031496062992124
255,132,123,0.5176470588235295,0.4823529411764706
256,133,123,0.51953125,0.48046875
257,133,124,0.5175097276264592,0.48249027237354086
258,133,125,0.5155038759689923,0.4844961240310077
259,134,125,0.5173745173745173,0.4826254826254826
260,135,125,0.5192307692307693,0.4807692307692308
261,136,125,0.5210727969348659,0.4789272030651341
262,137,125,0.5229007633587787,0.4770992366412214
263,138,125,0.5247148288973384,0.4752851711026616
264,139,125,0.5265151515151515,0.4734848484848485
265,139,126,0.5245283018867924,0.47547169811320755
266,140,126,0.5263157894736842,0.47368421052631576
267,141,126,0.5280898876404494,0.47191011235955055
268,141,127,0.5261194029850746,0.47388059701492535
269,141,128,0.5241635687732342,0.4758364312267658
270,141,129,0.5222222222222223,0.4777777777777778
271,141,130,0.5202952029520295,0.4797047970479705
272,141,131,0.5183823529411765,0.48161764705882354
273,141,132,0.5164835164835165,0.4835164835164835
274,142,132,0.5182481751824818,0.48175182481751827
275,143,132,0.52,0.48
276,143,133,0.5181159420289855,0.48188405797101447
277,143,134,0.516245487364621,0.48375451263537905
278,143,135,0.5143884892086331,0.4856115107913669
279,143,136,0.5125448028673835,0.4874551971326165
280,143,137,0.5107142857142857,0.48928571428571427
281,143,138,0.5088967971530249,0.49110320284697506
282,143,139,0.5070921985815603,0.4929078014184397
283,144,139,0.508833922261484,0.4911660777385159
284,145,139,0.5105633802816901,0.4894366197183099
285,145,140,0.5087719298245614,0.49122807017543857
286,146,140,0.5104895104895105,0.48951048951048953
287,147,140,0.5121951219512195,0.4878048780487805
288,148,140,0.5138888888888888,0.4861111111111111
289,148,141,0.5121107266435986,0.48788927335640137
290,149,141,0.5137931034482759,0.4862068965517241
291,150,141,0.5154639175257731,0.4845360824742268
292,151,141,0.5171232876712328,0.4828767123287671
293,151,142,0.515358361774744,0.48464163822525597
294,151,143,0.5136054421768708,0.48639455782312924
295,152,143,0.5152542372881356,0.4847457627118644
296,152,144,0.5135135135135135,0.4864864864864865
297,152,145,0.5117845117845118,0.4882154882154882
298,153,145,0.5134228187919463,0.4865771812080537
299,154,145,0.5150501672240803,0.48494983277591974
300,155,145,0.5166666666666667,0.48333333333333334
301,155,146,0.5149501661129569,0.4850498338870432
302,155,147,0.5132450331125827,0.4867549668874172
303,156,147,0.5148514851485149,0.48514851485148514
304,156,148,0.5131578947368421,0.4868421052631579
305,156,149,0.5114754098360655,0.4885245901639344
306,156,150,0.5098039215686274,0.49019607843137253
307,157,150,0.511400651465798,0.48859934853420195
308,158,150,0.512987012987013,0.487012987012987
309,159,150,0.5145631067961165,0.4854368932038835
310,159,151,0.5129032258064516,0.4870967741935484
311,159,152,0.5112540192926045,0.4887459807073955
312,160,152,0.5128205128205128,0.48717948717948717
313,161,152,0.5143769968051118,0.48562300319488816
314,161,153,0.5127388535031847,0.4872611464968153
315,162,153,0.5142857142857142,0.4857142857142857
316,162,154,0.5126582278481012,0.4873417721518987
317,163,154,0.5141955835962145,0.48580441640378547
318,163,155,0.5125786163522013,0.48742138364779874
319,163,156,0.5109717868338558,0.4890282131661442
320,164,156,0.5125,0.4875
321,164,157,0.5109034267912772,0.48909657320872274
322,165,157,0.5124223602484472,0.48757763975155277
323,165,158,0.5108359133126935,0.4891640866873065
324,166,158,0.5123456790123457,0.4876543209876543
325,167,158,0.5138461538461538,0.48615384615384616
326,167,159,0.5122699386503068,0.48773006134969327
327,167,160,0.5107033639143731,0.4892966360856269
328,168,160,0.5121951219512195,0.4878048780487805
329,168,161,0.5106382978723404,0.48936170212765956
330,168,162,0.509090909090909,0.4909090909090909
331,168,163,0.5075528700906344,0.49244712990936557
332,168,164,0.5060240963855421,0.4939759036144578
333,168,165,0.5045045045045045,0.4954954954954955
334,168,166,0.5029940119760479,0.49700598802395207
335,168,167,0.5014925373134328,0.49850746268656715
336,168,168,0.5,0.5
337,168,169,0.49851632047477745,0.5014836795252225
338,168,170,0.4970414201183432,0.5029585798816568
339,168,171,0.49557522123893805,0.504424778761062
340,168,172,0.49411764705882355,0.5058823529411764
341,169,172,0.49560117302052786,0.5043988269794721
342,169,173,0.49415204678362573,0.5058479532163743
343,169,174,0.49271137026239065,0.5072886297376094
344,170,174,0.4941860465116279,0.5058139534883721
345,170,175,0.4927536231884058,0.5072463768115942
346,171,175,0.49421965317919075,0.5057803468208093
347,172,175,0.4956772334293948,0.5043227665706052
348,173,175,0.49712643678160917,0.5028735632183908
349,173,176,0.49570200573065903,0.504297994269341
350,174,176,0.49714285714285716,0.5028571428571429
351,174,177,0.49572649572649574,0.5042735042735043
352,174,178,0.4943181818181818,0.5056818181818182
353,175,178,0.49575070821529743,0.5042492917847026
354,176,178,0.4971751412429379,0.5028248587570622
355,176,179,0.49577464788732395,0.504225352112676
356,177,179,0.49719101123595505,0.5028089887640449
357,177,180,0.4957983193277311,0.5042016806722689
358,177,181,0.49441340782122906,0.505586592178771
359,178,181,0.4958217270194986,0.5041782729805014
360,178,182,0.49444444444444446,0.5055555555555555
361,178,183,0.4930747922437673,0.5069252077562327
362,179,183,0.494475138121547,0.505524861878453
363,179,184,0.4931129476584022,0.5068870523415978
364,180,184,0.4945054945054945,0.5054945054945055
365,181,184,0.4958904109589041,0.5041095890410959
366,182,184,0.4972677595628415,0.5027322404371585
367,183,184,0.4986376021798365,0.5013623978201635
368,183,185,0.49728260869565216,0.5027173913043478
369,183,186,0.4959349593495935,0.5040650406504065
370,184,186,0.4972972972972973,0.5027027027027027
371,185,186,0.49865229110512127,0.5013477088948787
372,185,187,0.49731182795698925,0.5026881720430108
373,186,187,0.49865951742627346,0.5013404825737265
374,186,188,0.49732620320855614,0.5026737967914439
375,187,188,0.49866666666666665,0.5013333333333333
376,187,189,0.4973404255319149,0.5026595744680851
377,188,189,0.4986737400530504,0.5013262599469496
378,188,190,0.4973544973544973,0.5026455026455027
379,188,191,0.49604221635883905,0.503957783641161
380,188,192,0.49473684210526314,0.5052631578947369
381,188,193,0.49343832020997375,0.5065616797900262
382,189,193,0.49476439790575916,0.5052356020942408
383,190,193,0.4960835509138381,0.5039164490861618
384,191,193,0.4973958333333333,0.5026041666666666
385,192,193,0.4987012987012987,0.5012987012987012
386,192,194,0.49740932642487046,0.5025906735751295
387,193,194,0.49870801033591733,0.5012919896640827
388,194,194,0.5,0.5
389,194,195,0.4987146529562982,0.5012853470437018
390,195,195,0.5,0.5
391,196,195,0.5012787723785166,0.49872122762148335
392,196,196,0.5,0.5
393,197,196,0.5012722646310432,0.49872773536895676
394,198,196,0.5025380710659898,0.49746192893401014
395,198,197,0.5012658227848101,0.49873417721518987
396,199,197,0.5025252525252525,0.49747474747474746
397,199,198,0.5012594458438288,0.4987405541561713
398,199,199,0.5,0.5
399,199,200,0.49874686716791977,0.5012531328320802
400,199,201,0.4975,0.5025
401,199,202,0.49625935162094764,0.5037406483790524
402,199,203,0.49502487562189057,0.5049751243781094
403,200,203,0.49627791563275436,0.5037220843672456
404,201,203,0.4975247524752475,0.5024752475247525
405,201,204,0.4962962962962963,0.5037037037037037
406,202,204,0.4975369458128079,0.5024630541871922
407,202,205,0.4963144963144963,0.5036855036855037
408,203,205,0.49754901960784315,0.5024509803921569
409,204,205,0.49877750611246946,0.5012224938875306
410,204,206,0.4975609756097561,0.5024390243902439
411,205,206,0.49878345498783455,0.5012165450121655
412,205,207,0.4975728155339806,0.5024271844660194
413,206,207,0.49878934624697335,0.5012106537530266
414,207,207,0.5,0.5
415,208,207,0.5012048192771085,0.4987951807228916
416,209,207,0.5024038461538461,0.49759615384615385
417,209,208,0.5011990407673861,0.4988009592326139
418,210,208,0.5023923444976076,0.49760765550239233
419,210,209,0.5011933174224343,0.4988066825775656
420,211,209,0.5023809523809524,0.4976190476190476
421,212,209,0.503562945368171,0.49643705463182897
422,213,209,0.504739336492891,0.495260663507109
423,214,209,0.5059101654846335,0.4940898345153664
424,214,210,0.5047169811320755,0.49528301886792453
425,215,210,0.5058823529411764,0.49411764705882355
426,216,210,0.5070422535211268,0.49295774647887325
427,216,211,0.5058548009367682,0.49414519906323184
428,216,212,0.5046728971962616,0.4953271028037383
429,216,213,0.5034965034965035,0.4965034965034965
430,217,213,0.5046511627906977,0.49534883720930234
431,217,214,0.5034802784222738,0.4965197215777262
432,218,214,0.5046296296296297,0.49537037037037035
433,219,214,0.5057736720554272,0.4942263279445728
434,220,214,0.5069124423963134,0.4930875576036866
435,220,215,0.5057471264367817,0.4942528735632184
436,221,215,0.5068807339449541,0.49311926605504586
437,222,215,0.5080091533180778,0.4919908466819222
438,223,215,0.5091324200913242,0.4908675799086758
439,223,216,0.5079726651480638,0.4920273348519362
440,224,216,0.509090909090909,0.4909090909090909
441,224,217,0.5079365079365079,0.49206349206349204
442,225,217,0.5090497737556561,0.49095022624434387
443,225,218,0.5079006772009029,0.49209932279909707
444,225,219,0.5067567567567568,0.49324324324324326
445,225,220,0.5056179775280899,0.4943820224719101
446,226,220,0.5067264573991032,0.49327354260089684
447,227,220,0.5078299776286354,0.49217002237136465
448,227,221,0.5066964285714286,0.49330357142857145
449,227,222,0.5055679287305123,0.49443207126948774
450,227,223,0.5044444444444445,0.4955555555555556
451,227,224,0.5033259423503326,0.49667405764966743
452,227,225,0.5022123893805309,0.497787610619469
453,227,226,0.5011037527593819,0.4988962472406181
454,228,226,0.5022026431718062,0.4977973568281938
455,229,226,0.5032967032967033,0.4967032967032967
456,229,227,0.5021929824561403,0.49780701754385964
457,230,227,0.5032822757111597,0.49671772428884026
458,230,228,0.5021834061135371,0.4978165938864629
459,230,229,0.5010893246187363,0.4989106753812636
460,230,230,0.5,0.5
461,231,230,0.5010845986984815,0.49891540130151846
462,232,230,0.5021645021645021,0.49783549783549785
463,233,230,0.5032397408207343,0.49676025917926564
464,234,230,0.5043103448275862,0.4956896551724138
465,235,230,0.5053763440860215,0.4946236559139785
466,236,230,0.5064377682403434,0.49356223175965663
467,236,231,0.5053533190578159,0.49464668094218417
468,236,232,0.5042735042735043,0.49572649572649574
469,236,233,0.5031982942430704,0.4968017057569296
470,237,233,0.5042553191489362,0.4957446808510638
471,237,234,0.5031847133757962,0.4968152866242038
472,237,235,0.5021186440677966,0.4978813559322034
473,237,236,0.5010570824524313,0.4989429175475687
474,238,236,0.5021097046413502,0.4978902953586498
475,239,236,0.5031578947368421,0.4968421052631579
476,240,236,0.5042016806722689,0.4957983193277311
477,241,236,0.5052410901467506,0.4947589098532495
478,242,236,0.5062761506276151,0.49372384937238495
479,242,237,0.5052192066805845,0.49478079331941544
480,243,237,0.50625,0.49375
481,244,237,0.5072765072765073,0.49272349272349275
482,245,237,0.508298755186722,0.491701244813278
483,245,238,0.5072463768115942,0.4927536231884058
484,245,239,0.506198347107438,0.493801652892562
485,245,240,0.5051546391752577,0.4948453608247423
486,245,241,0.5041152263374485,0.49588477366255146
487,246,241,0.5051334702258727,0.4948665297741273
488,247,241,0.5061475409836066,0.49385245901639346
489,248,241,0.5071574642126789,0.49284253578732107
490,248,242,0.5061224489795918,0.49387755102040815
491,248,243,0.505091649694501,0.49490835030549896
492,249,243,0.5060975609756098,0.49390243902439024
493,250,243,0.5070993914807302,0.49290060851926976
494,251,243,0.5080971659919028,0.49190283400809715
495,251,244,0.5070707070707071,0.49292929292929294
496,251,245,0.5060483870967742,0.4939516129032258
497,252,245,0.5070422535211268,0.49295774647887325
498,253,245,0.5080321285140562,0.4919678714859438
499,253,246,0.5070140280561122,0.49298597194388777
500,254,246,0.508,0.492
501,254,247,0.5069860279441117,0.4930139720558882
502,254,248,0.5059760956175299,0.4940239043824701
503,254,249,0.5049701789264414,0.49502982107355864
504,255,249,0.5059523809523809,0.49404761904761907
505,256,249,0.5069306930693069,0.49306930693069306
506,257,249,0.5079051383399209,0.49209486166007904
507,257,250,0.5069033530571992,0.4930966469428008
508,257,251,0.5059055118110236,0.4940944881889764
509,257,252,0.5049115913555993,0.4950884086444008
510,258,252,0.5058823529411764,0.49411764705882355
511,258,253,0.5048923679060665,0.49510763209393344
512,259,253,0.505859375,0.494140625
513,259,254,0.5048732943469786,0.4951267056530214
514,259,255,0.5038910505836576,0.4961089494163424
515,259,256,0.5029126213592233,0.4970873786407767
516,260,256,0.5038759689922481,0.49612403100775193
517,260,257,0.5029013539651838,0.49709864603481624
518,261,257,0.5038610038610039,0.49613899613899615
519,261,258,0.5028901734104047,0.49710982658959535
520,262,258,0.5038461538461538,0.49615384615384617
521,262,259,0.5028790786948176,0.4971209213051823
522,263,259,0.5038314176245211,0.49616858237547895
523,263,260,0.502868068833652,0.497131931166348
524,263,261,0.5019083969465649,0.49809160305343514
525,263,262,0.5009523809523809,0.4990476190476191
526,264,262,0.5019011406844106,0.49809885931558934
527,264,263,0.5009487666034156,0.4990512333965844
528,265,263,0.5018939393939394,0.4981060606060606
529,266,263,0.502835538752363,0.497164461247637
530,267,263,0.5037735849056604,0.4962264150943396
531,267,264,0.5028248587570622,0.4971751412429379
532,267,265,0.5018796992481203,0.4981203007518797
533,267,266,0.50093808630394,0.49906191369606
534,267,267,0.5,0.5
535,268,267,0.5009345794392523,0.49906542056074765
536,269,267,0.5018656716417911,0.498134328358209
537,270,267,0.5027932960893855,0.4972067039106145
538,270,268,0.5018587360594795,0.49814126394052044
539,270,269,0.5009276437847866,0.49907235621521334
540,270,270,0.5,0.5
541,270,271,0.49907578558225507,0.5009242144177449
542,271,271,0.5,0.5
543,271,272,0.4990791896869245,0.5009208103130756
544,272,272,0.5,0.5
545,273,272,0.5009174311926605,0.4990825688073395
546,273,273,0.5,0.5
547,274,273,0.5009140767824497,0.4990859232175503
548,275,273,0.5018248175182481,0.4981751824817518
549,276,273,0.5027322404371585,0.4972677595628415
550,277,273,0.5036363636363637,0.49636363636363634
551,277,274,0.5027223230490018,0.49727767695099817
552,277,275,0.5018115942028986,0.49818840579710144
553,277,276,0.5009041591320073,0.49909584086799275
554,278,276,0.5018050541516246,0.4981949458483754
555,279,276,0.5027027027027027,0.4972972972972973
556,279,277,0.5017985611510791,0.4982014388489209
557,279,278,0.5008976660682226,0.4991023339317774
558,279,279,0.5,0.5
559,280,279,0.5008944543828264,0.4991055456171735
560,281,279,0.5017857142857143,0.4982142857142857
561,282,279,0.5026737967914439,0.49732620320855614
562,283,279,0.50355871886121,0.49644128113879005
563,283,280,0.5026642984014209,0.49733570159857904
564,284,280,0.5035460992907801,0.49645390070921985
565,284,281,0.5026548672566372,0.49734513274336284
566,285,281,0.5035335689045937,0.49646643109540634
567,286,281,0.5044091710758377,0.49559082892416223
568,286,282,0.5035211267605634,0.4964788732394366
569,286,283,0.5026362038664324,0.4973637961335677
570,287,283,0.5035087719298246,0.4964912280701754
571,287,284,0.5026269702276708,0.4973730297723292
572,288,284,0.5034965034965035,0.4965034965034965
573,289,284,0.5043630017452007,0.4956369982547993
574,289,285,0.5034843205574913,0.4965156794425087
575,290,285,0.5043478260869565,0.4956521739130435
576,291,285,0.5052083333333334,0.4947916666666667
577,291,286,0.5043327556325823,0.49566724436741766
578,291,287,0.5034602076124568,0.49653979238754326
579,292,287,0.5043177892918825,0.49568221070811747
580,293,287,0.5051724137931034,0.49482758620689654
581,294,287,0.5060240963855421,0.4939759036144578
582,295,287,0.506872852233677,0.49312714776632305
583,295,288,0.5060034305317325,0.4939965694682676
584,295,289,0.5051369863013698,0.4948630136986301
585,296,289,0.505982905982906,0.49401709401709404
586,296,290,0.5051194539249146,0.4948805460750853
587,296,291,0.504258943781942,0.4957410562180579
588,297,291,0.5051020408163265,0.49489795918367346
589,297,292,0.5042444821731749,0.49575551782682514
590,298,292,0.5050847457627119,0.49491525423728816
591,298,293,0.5042301184433164,0.4957698815566836
592,298,294,0.5033783783783784,0.4966216216216216
593,298,295,0.5025295109612141,0.4974704890387858
594,299,295,0.5033670033670034,0.49663299663299665
595,300,295,0.5042016806722689,0.4957983193277311
596,300,296,0.5033557046979866,0.4966442953020134
597,300,297,0.5025125628140703,0.49748743718592964
598,300,298,0.5016722408026756,0.4983277591973244
599,301,298,0.5025041736227045,0.4974958263772955
600,302,298,0.5033333333333333,0.49666666666666665
601,302,299,0.502495840266223,0.49750415973377704
602,303,299,0.5033222591362126,0.49667774086378735
603,304,299,0.5041459369817579,0.49585406301824214
604,304,300,0.5033112582781457,0.4966887417218543
605,305,300,0.5041322314049587,0.49586776859504134
606,305,301,0.5033003300330033,0.4966996699669967
607,305,302,0.5024711696869851,0.4975288303130148
608,306,302,0.5032894736842105,0.4967105263157895
609,306,303,0.5024630541871922,0.4975369458128079
610,307,303,0.5032786885245901,0.4967213114754098
611,308,303,0.5040916530278232,0.4959083469721768
612,308,304,0.5032679738562091,0.49673202614379086
613,308,305,0.5024469820554649,0.49755301794453505
614,308,306,0.501628664495114,0.498371335504886
615,308,307,0.5008130081300813,0.4991869918699187
616,309,307,0.5016233766233766,0.49837662337662336
617,309,308,0.5008103727714749,0.4991896272285251
618,310,308,0.5016181229773463,0.49838187702265374
619,310,309,0.5008077544426495,0.4991922455573506
620,310,310,0.5,0.5
621,310,311,0.499194847020934,0.500805152979066
622,310,312,0.4983922829581994,0.5016077170418006
623,311,312,0.49919743178170145,0.5008025682182986
624,312,312,0.5,0.5
625,313,312,0.5008,0.4992
626,313,313,0.5,0.5
627,313,314,0.49920255183413076,0.5007974481658692
628,313,315,0.4984076433121019,0.5015923566878981
629,314,315,0.49920508744038156,0.5007949125596184
630,314,316,0.4984126984126984,0.5015873015873016
631,314,317,0.4976228209191759,0.5023771790808241
632,314,318,0.49683544303797467,0.5031645569620253
633,315,318,0.4976303317535545,0.5023696682464455
634,315,319,0.4968454258675079,0.5031545741324921
635,316,319,0.49763779527559054,0.5023622047244094
636,316,320,0.4968553459119497,0.5031446540880503
637,317,320,0.4976452119309262,0.5023547880690737
638,318,320,0.49843260188087773,0.5015673981191222
639,319,320,0.49921752738654146,0.5007824726134585
640,319,321,0.4984375,0.5015625
641,320,321,0.49921996879875197,0.500780031201248
642,320,322,0.4984423676012461,0.5015576323987538
643,321,322,0.49922239502332816,0.5007776049766719
644,322,322,0.5,0.5
645,322,323,0.4992248062015504,0.5007751937984496
646,322,324,0.4984520123839009,0.5015479876160991
647,323,324,0.4992272024729521,0.500772797527048
648,324,324,0.5,0.5
649,324,325,0.49922958397534667,0.5007704160246533
650,324,326,0.49846153846153846,0.5015384615384615
651,325,326,0.49923195084485406,0.500768049155146
652,326,326,0.5,0.5
653,327,326,0.5007656967840735,0.4992343032159265
654,328,326,0.5015290519877675,0.4984709480122324
655,328,327,0.500763358778626,0.49923664122137407
656,328,328,0.5,0.5
657,329,328,0.5007610350076104,0.4992389649923896
658,330,328,0.5015197568389058,0.49848024316109424
659,330,329,0.5007587253414264,0.4992412746585736
660,330,330,0.5,0.5
661,330,331,0.49924357034795763,0.5007564296520424
662,330,332,0.4984894259818731,0.5015105740181269
663,330,333,0.497737556561086,0.502262443438914
664,330,334,0.49698795180722893,0.5030120481927711
665,330,335,0.49624060150375937,0.5037593984962406
666,331,335,0.496996996996997,0.503003003003003
667,332,335,0.49775112443778113,0.5022488755622189
668,333,335,0.49850299401197606,0.5014970059880239
669,334,335,0.4992526158445441,0.5007473841554559
670,335,335,0.5,0.5
671,336,335,0.5007451564828614,0.4992548435171386
672,336,336,0.5,0.5
673,337,336,0.5007429420505201,0.49925705794947994
674,337,337,0.5,0.5
675,337,338,0.49925925925925924,0.5007407407407407
676,338,338,0.5,0.5
677,339,338,0.5007385524372231,0.49926144756277696
678,339,339,0.5,0.5
679,339,340,0.4992636229749632,0.5007363770250368
680,339,341,0.4985294117647059,0.5014705882352941
681,339,342,0.4977973568281938,0.5022026431718062
682,340,342,0.49853372434017595,0.501466275659824
683,340,343,0.4978038067349927,0.5021961932650073
684,341,343,0.49853801169590645,0.5014619883040936
685,342,343,0.4992700729927007,0.5007299270072992
686,342,344,0.49854227405247814,0.5014577259475219
687,342,345,0.4978165938864629,0.5021834061135371
688,342,346,0.49709302325581395,0.502906976744186
689,342,347,0.49637155297532654,0.5036284470246735
690,342,348,0.4956521739130435,0.5043478260869565
691,343,348,0.4963820549927641,0.5036179450072359
692,344,348,0.49710982658959535,0.5028901734104047
693,344,349,0.4963924963924964,0.5036075036075036
694,345,349,0.49711815561959655,0.5028818443804035
695,345,350,0.49640287769784175,0.5035971223021583
696,345,351,0.4956896551724138,0.5043103448275862
697,345,352,0.4949784791965567,0.5050215208034433
698,346,352,0.49570200573065903,0.504297994269341
699,347,352,0.49642346208869814,0.5035765379113019
700,347,353,0.4957142857142857,0.5042857142857143
701,348,353,0.4964336661911555,0.5035663338088445
702,348,354,0.49572649572649574,0.5042735042735043
703,348,355,0.4950213371266003,0.5049786628733998
704,349,355,0.49573863636363635,0.5042613636363636
705,349,356,0.4950354609929078,0.5049645390070922
706,350,356,0.49575070821529743,0.5042492917847026
707,350,357,0.49504950495049505,0.504950495049505
708,351,357,0.4957627118644068,0.5042372881355932
709,351,358,0.49506346967559944,0.5049365303244006
710,352,358,0.49577464788732395,0.504225352112676
711,352,359,0.49507735583684953,0.5049226441631505
712,353,359,0.4957865168539326,0.5042134831460674
713,354,359,0.4964936886395512,0.5035063113604488
714,354,360,0.4957983193277311,0.5042016806722689
715,355,360,0.4965034965034965,0.5034965034965035
716,356,360,0.4972067039106145,0.5027932960893855
717,356,361,0.496513249651325,0.5034867503486751
718,357,361,0.4972144846796657,0.5027855153203342
719,357,362,0.4965229485396384,0.5034770514603616
720,357,363,0.49583333333333335,0.5041666666666667
721,358,363,0.49653259361997226,0.5034674063800277
722,358,364,0.49584487534626037,0.5041551246537396
723,358,365,0.4951590594744122,0.5048409405255878
724,358,366,0.494475138121547,0.505524861878453
725,359,366,0.49517241379310345,0.5048275862068966
726,359,367,0.49449035812672176,0.5055096418732782
727,359,368,0.4938101788170564,0.5061898211829436
728,360,368,0.4945054945054945,0.5054945054945055
729,361,368,0.49519890260631,0.50480109739369
730,362,368,0.4958904109589041,0.5041095890410959
731,362,369,0.4952120383036936,0.5047879616963065
732,363,369,0.4959016393442623,0.5040983606557377
733,363,370,0.495225102319236,0.504774897680764
734,364,370,0.49591280653950953,0.5040871934604905
735,364,371,0.49523809523809526,0.5047619047619047
736,365,371,0.49592391304347827,0.5040760869565217
737,366,371,0.4966078697421981,0.5033921302578019
738,367,371,0.497289972899729,0.502710027100271
739,367,372,0.496617050067659,0.503382949932341
740,368,372,0.4972972972972973,0.5027027027027027
741,369,372,0.4979757085020243,0.5020242914979757
742,370,372,0.49865229110512127,0.5013477088948787
743,371,372,0.4993270524899058,0.5006729475100942
744,372,372,0.5,0.5
745,372,373,0.4993288590604027,0.5006711409395973
746,373,373,0.5,0.5
747,373,374,0.499330655957162,0.500669344042838
748,374,374,0.5,0.5
749,375,374,0.5006675567423231,0.4993324432576769
750,376,374,0.5013333333333333,0.49866666666666665
751,376,375,0.5006657789613849,0.4993342210386152
752,376,376,0.5,0.5
753,377,376,0.50066401062417,0.49933598937583
754,378,376,0.5013262599469496,0.4986737400530504
755,379,376,0.5019867549668874,0.49801324503311256
756,380,376,0.5026455026455027,0.4973544973544973
757,380,377,0.5019815059445178,0.49801849405548215
758,381,377,0.5026385224274407,0.4973614775725594
759,382,377,0.5032938076416338,0.49670619235836627
760,382,378,0.5026315789473684,0.49736842105263157
761,382,379,0.5019710906701709,0.4980289093298292
762,383,379,0.5026246719160105,0.4973753280839895
763,383,380,0.5019659239842726,0.4980340760157274
764,383,381,0.5013089005235603,0.4986910994764398
765,383,382,0.5006535947712418,0.4993464052287582
766,383,383,0.5,0.5
767,383,384,0.49934810951760106,0.500651890482399
768,384,384,0.5,0.5
769,385,384,0.5006501950585176,0.49934980494148246
770,386,384,0.5012987012987012,0.4987012987012987
771,386,385,0.5006485084306096,0.4993514915693904
772,387,385,0.5012953367875648,0.49870466321243523
773,387,386,0.500646830530401,0.49935316946959896
774,388,386,0.5012919896640827,0.49870801033591733
775,389,386,0.5019354838709678,0.49806451612903224
776,389,387,0.5012886597938144,0.49871134020618557
777,390,387,0.5019305019305019,0.4980694980694981
778,390,388,0.5012853470437018,0.4987146529562982
779,390,389,0.5006418485237484,0.4993581514762516
780,390,390,0.5,0.5
781,391,390,0.5006402048655569,0.499359795134443
782,391,391,0.5,0.5
783,392,391,0.5006385696040868,0.49936143039591313
784,392,392,0.5,0.5
785,393,392,0.5006369426751592,0.49936305732484076
786,393,393,0.5,0.5
787,393,394,0.4993646759847522,0.5006353240152478
788,393,395,0.4987309644670051,0.501269035532995
789,393,396,0.49809885931558934,0.5019011406844106
790,393,397,0.49746835443037973,0.5025316455696203
791,393,398,0.4968394437420986,0.5031605562579013
792,393,399,0.4962121212121212,0.5037878787878788
793,393,400,0.49558638083228246,0.5044136191677175
794,393,401,0.49496221662468515,0.5050377833753149
795,393,402,0.49433962264150944,0.5056603773584906
796,393,403,0.4937185929648241,0.5062814070351759
797,393,404,0.493099121706399,0.506900878293601
798,393,405,0.4924812030075188,0.5075187969924813
799,393,406,0.4918648310387985,0.5081351689612015
800,393,407,0.49125,0.50875
801,393,408,0.49063670411985016,0.5093632958801498
802,394,408,0.4912718204488778,0.5087281795511222
803,395,408,0.4919053549190536,0.5080946450809465
804,396,408,0.4925373134328358,0.5074626865671642
805,397,408,0.493167701863354,0.506832298136646
806,397,409,0.49255583126550867,0.5074441687344913
807,397,410,0.4919454770755886,0.5080545229244114
808,397,411,0.49133663366336633,0.5086633663366337
809,398,411,0.4919653893695921,0.5080346106304079
810,399,411,0.4925925925925926,0.5074074074074074
811,399,412,0.4919852034525277,0.5080147965474723
812,399,413,0.49137931034482757,0.5086206896551724
813,399,414,0.4907749077490775,0.5092250922509225
814,400,414,0.4914004914004914,0.5085995085995086
815,401,414,0.4920245398773006,0.5079754601226993
816,401,415,0.49142156862745096,0.508578431372549
817,401,416,0.4908200734394125,0.5091799265605875
818,401,417,0.4902200488997555,0.5097799511002445
819,402,417,0.4908424908424908,0.5091575091575091
820,403,417,0.49146341463414633,0.5085365853658537
821,403,418,0.49086479902557856,0.5091352009744214
822,403,419,0.4902676399026764,0.5097323600973236
823,403,420,0.4896719319562576,0.5103280680437424
824,403,421,0.4890776699029126,0.5109223300970874
825,404,421,0.4896969696969697,0.5103030303030303
826,405,421,0.49031476997578693,0.5096852300242131
827,405,422,0.48972188633615477,0.5102781136638452
828,405,423,0.4891304347826087,0.5108695652173914
829,406,423,0.4897466827503016,0.5102533172496985
830,406,424,0.4891566265060241,0.5108433734939759
831,406,425,0.48856799037304455,0.5114320096269555
832,407,425,0.4891826923076923,0.5108173076923077
833,407,426,0.4885954381752701,0.5114045618247299
834,408,426,0.4892086330935252,0.5107913669064749
835,409,426,0.48982035928143713,0.5101796407185629
836,409,427,0.4892344497607656,0.5107655502392344
837,410,427,0.48984468339307047,0.5101553166069295
838,411,427,0.4904534606205251,0.5095465393794749
839,412,427,0.49106078665077474,0.5089392133492253
840,413,427,0.49166666666666664,0.5083333333333333
841,413,428,0.49108204518430437,0.5089179548156956
842,414,428,0.4916864608076009,0.5083135391923991
843,414,429,0.49110320284697506,0.5088967971530249
844,414,430,0.490521327014218,0.509478672985782
845,414,431,0.48994082840236686,0.5100591715976331
846,414,432,0.48936170212765956,0.5106382978723404
847,414,433,0.4887839433293979,0.5112160566706021
848,415,433,0.4893867924528302,0.5106132075471698
849,416,433,0.48998822143698467,0.5100117785630153
850,416,434,0.4894117647058824,0.5105882352941177
851,416,435,0.4888366627497062,0.5111633372502937
852,416,436,0.48826291079812206,0.5117370892018779
853,417,436,0.488862837045721,0.511137162954279
854,417,437,0.4882903981264637,0.5117096018735363
855,418,437,0.4888888888888889,0.5111111111111111
856,418,438,0.4883177570093458,0.5116822429906542
857,418,439,0.48774795799299886,0.5122520420070011
858,418,440,0.48717948717948717,0.5128205128205128
859,419,440,0.48777648428405124,0.5122235157159488
860,420,440,0.4883720930232558,0.5116279069767442
861,421,440,0.4889663182346109,0.5110336817653891
862,421,441,0.48839907192575405,0.511600928074246
863,422,441,0.48899188876013905,0.5110081112398609
864,423,441,0.4895833333333333,0.5104166666666666
865,424,441,0.49017341040462425,0.5098265895953757
866,425,441,0.4907621247113164,0.5092378752886836
867,425,442,0.49019607843137253,0.5098039215686274
868,425,443,0.48963133640552997,0.5103686635944701
869,425,444,0.4890678941311853,0.5109321058688148
870,425,445,0.4885057471264368,0.5114942528735632
871,425,446,0.48794489092996557,0.5120551090700345
872,425,447,0.4873853211009174,0.5126146788990825
873,426,447,0.4879725085910653,0.5120274914089347
874,426,448,0.4874141876430206,0.5125858123569794
875,427,448,0.488,0.512
876,427,449,0.4874429223744292,0.5125570776255708
877,428,449,0.4880273660205245,0.5119726339794755
878,429,449,0.4886104783599089,0.5113895216400911
879,429,450,0.4880546075085324,0.5119453924914675
880,430,450,0.48863636363636365,0.5113636363636364
881,431,450,0.489216799091941,0.5107832009080591
882,432,450,0.4897959183673469,0.5102040816326531
883,433,450,0.49037372593431483,0.5096262740656852
884,433,451,0.48981900452488686,0.5101809954751131
885,433,452,0.48926553672316386,0.5107344632768361
886,433,453,0.4887133182844244,0.5112866817155757
887,433,454,0.4881623449830891,0.5118376550169109
888,434,454,0.48873873873873874,0.5112612612612613
889,434,455,0.4881889763779528,0.5118110236220472
890,434,456,0.48764044943820223,0.5123595505617977
891,434,457,0.48709315375982043,0.5129068462401796
892,435,457,0.4876681614349776,0.5123318385650224
893,436,457,0.48824188129899215,0.5117581187010078
894,437,457,0.4888143176733781,0.5111856823266219
895,437,458,0.488268156424581,0.511731843575419
896,437,459,0.4877232142857143,0.5122767857142857
897,438,459,0.4882943143812709,0.5117056856187291
898,438,460,0.48775055679287305,0.512249443207127
899,438,461,0.4872080088987764,0.5127919911012235
900,438,462,0.4866666666666667,0.5133333333333333
901,438,463,0.48612652608213097,0.5138734739178691
902,439,463,0.4866962305986696,0.5133037694013304
903,439,464,0.48615725359911405,0.5138427464008859
904,439,465,0.4856194690265487,0.5143805309734514
905,440,465,0.4861878453038674,0.5138121546961326
906,440,466,0.4856512141280353,0.5143487858719646
907,441,466,0.4862183020948181,0.5137816979051819
908,441,467,0.4856828193832599,0.51431718061674
909,442,467,0.48624862486248627,0.5137513751375138
910,442,468,0.4857142857142857,0.5142857142857142
911,442,469,0.48518111964873767,0.5148188803512623
912,442,470,0.48464912280701755,0.5153508771929824
913,442,471,0.484118291347207,0.515881708652793
914,442,472,0.48358862144420134,0.5164113785557987
915,443,472,0.48415300546448087,0.5158469945355191
916,444,472,0.4847161572052402,0.5152838427947598
917,444,473,0.4841875681570338,0.5158124318429662
918,444,474,0.48366013071895425,0.5163398692810458
919,444,475,0.48313384113166485,0.5168661588683352
920,444,476,0.4826086956521739,0.5173913043478261
921,445,476,0.4831704668838219,0.5168295331161781
922,446,476,0.4837310195227766,0.5162689804772235
923,446,477,0.48320693391115926,0.5167930660888408
924,446,478,0.48268398268398266,0.5173160173160173
925,446,479,0.4821621621621622,0.5178378378378379
926,447,479,0.48272138228941686,0.5172786177105831
927,448,479,0.48327939590075514,0.5167206040992449
928,449,479,0.4838362068965517,0.5161637931034483
929,450,479,0.48439181916038754,0.5156081808396125
930,450,480,0.4838709677419355,0.5161290322580645
931,450,481,0.4833512352309345,0.5166487647690655
932,451,481,0.48390557939914164,0.5160944206008584
933,451,482,0.4833869239013934,0.5166130760986066
934,452,482,0.48394004282655245,0.5160599571734475
935,453,482,0.4844919786096257,0.5155080213903743
936,454,482,0.48504273504273504,0.5149572649572649
937,454,483,0.48452508004268946,0.5154749199573105
938,454,484,0.4840085287846482,0.5159914712153518
939,455,484,0.4845580404685836,0.5154419595314164
940,456,484,0.4851063829787234,0.5148936170212766
941,457,484,0.485653560042508,0.5143464399574921
942,458,484,0.4861995753715499,0.5138004246284501
943,458,485,0.48568398727465534,0.5143160127253447
944,459,485,0.486228813559322,0.513771186440678
945,460,485,0.48677248677248675,0.5132275132275133
946,460,486,0.48625792811839325,0.5137420718816068
947,460,487,0.4857444561774023,0.5142555438225976
948,461,487,0.48628691983122363,0.5137130801687764
949,462,487,0.4868282402528978,0.5131717597471022
950,463,487,0.48736842105263156,0.5126315789473684
951,464,487,0.4879074658254469,0.5120925341745531
952,464,488,0.48739495798319327,0.5126050420168067
953,465,488,0.4879328436516264,0.5120671563483735
954,465,489,0.48742138364779874,0.5125786163522013
955,465,490,0.4869109947643979,0.5130890052356021
956,466,490,0.4874476987447699,0.5125523012552301
957,466,491,0.48693834900731453,0.5130616509926855
958,467,491,0.48747390396659707,0.5125260960334029
959,468,491,0.4880083420229406,0.5119916579770595
960,468,492,0.4875,0.5125
961,469,492,0.48803329864724243,0.5119667013527576
962,470,492,0.4885654885654886,0.5114345114345115
963,471,492,0.48909657320872274,0.5109034267912772
964,471,493,0.48858921161825725,0.5114107883817427
965,472,493,0.48911917098445595,0.510880829015544
966,472,494,0.4886128364389234,0.5113871635610766
967,473,494,0.4891416752843847,0.5108583247156153
968,473,495,0.48863636363636365,0.5113636363636364
969,474,495,0.4891640866873065,0.5108359133126935
970,475,495,0.4896907216494845,0.5103092783505154
971,475,496,0.48918640576725025,0.5108135942327497
972,475,497,0.4886831275720165,0.5113168724279835
973,475,498,0.4881808838643371,0.5118191161356629
974,475,499,0.48767967145790553,0.5123203285420944
975,475,500,0.48717948717948717,0.5128205128205128
976,475,501,0.48668032786885246,0.5133196721311475
977,475,502,0.48618219037871035,0.5138178096212896
978,475,503,0.48568507157464214,0.5143149284253579
979,476,503,0.48621041879468846,0.5137895812053116
980,476,504,0.4857142857142857,0.5142857142857142
981,476,505,0.48521916411824667,0.5147808358817533
982,477,505,0.48574338085539714,0.5142566191446029
983,478,505,0.4862665310274669,0.513733468972533
984,478,506,0.48577235772357724,0.5142276422764228
985,479,506,0.4862944162436548,0.5137055837563452
986,480,506,0.486815415821501,0.513184584178499
987,481,506,0.48733535967578523,0.5126646403242148
988,481,507,0.4868421052631579,0.5131578947368421
989,481,508,0.4863498483316481,0.5136501516683518
990,482,508,0.4868686868686869,0.5131313131313131
991,482,509,0.4863773965691221,0.513622603430878
992,483,509,0.48689516129032256,0.5131048387096774
993,483,510,0.486404833836858,0.513595166163142
994,484,510,0.4869215291750503,0.5130784708249497
995,484,511,0.4864321608040201,0.5135678391959799
996,485,511,0.48694779116465864,0.5130522088353414
997,485,512,0.4864593781344032,0.5135406218655968
998,485,513,0.48597194388777554,0.5140280561122245
999,486,513,0.4864864864864865,0.5135135135135135
1000,487,513,0.487,0.513
1001,488,513,0.4875124875124875,0.5124875124875125
1002,489,513,0.4880239520958084,0.5119760479041916
1003,490,513,0.4885343968095713,0.5114656031904287
1004,491,513,0.48904382470119523,0.5109561752988048
1005,492,513,0.48955223880597015,0.5104477611940299
1006,492,514,0.48906560636182905,0.510934393638171
1007,493,514,0.48957298907646474,0.5104270109235353
1008,494,514,0.49007936507936506,0.5099206349206349
1009,494,515,0.489593657086224,0.5104063429137761
1010,494,516,0.4891089108910891,0.5108910891089109
1011,495,516,0.4896142433234421,0.5103857566765578
1012,496,516,0.4901185770750988,0.5098814229249012
1013,497,516,0.4906219151036525,0.5093780848963475
1014,498,516,0.4911242603550296,0.5088757396449705
1015,499,516,0.4916256157635468,0.5083743842364532
1016,500,516,0.4921259842519685,0.5078740157480315
1017,501,516,0.49262536873156343,0.5073746312684366
1018,502,516,0.4931237721021611,0.5068762278978389
1019,502,517,0.492639842983317,0.507360157016683
1020,503,517,0.4931372549019608,0.5068627450980392
1021,503,518,0.4926542605288932,0.5073457394711067
1022,503,519,0.49217221135029354,0.5078277886497065
1023,504,519,0.49266862170087977,0.5073313782991202
1024,504,520,0.4921875,0.5078125
1025,505,520,0.4926829268292683,0.5073170731707317
1026,506,520,0.49317738791423,0.50682261208577
1027,507,520,0.4936708860759494,0.5063291139240507
1028,508,520,0.49416342412451364,0.5058365758754864
1029,509,520,0.4946550048590865,0.5053449951409135
1030,509,521,0.4941747572815534,0.5058252427184466
1031,510,521,0.49466537342386036,0.5053346265761397
1032,511,521,0.4951550387596899,0.5048449612403101
1033,511,522,0.494675701839303,0.505324298160697
1034,512,522,0.4951644100580271,0.504835589941973
1035,512,523,0.49468599033816424,0.5053140096618357
1036,513,523,0.4951737451737452,0.5048262548262549
1037,513,524,0.49469623915139826,0.5053037608486017
1038,514,524,0.4951830443159923,0.5048169556840078
1039,515,524,0.4956689124157844,0.5043310875842156
1040,515,525,0.4951923076923077,0.5048076923076923
1041,516,525,0.4956772334293948,0.5043227665706052
1042,517,525,0.4961612284069098,0.5038387715930902
1043,518,525,0.4966442953020134,0.5033557046979866
1044,519,525,0.49712643678160917,0.5028735632183908
1045,520,525,0.49760765550239233,0.5023923444976076
1046,520,526,0.497131931166348,0.502868068833652
1047,521,526,0.4976122254059217,0.5023877745940784
1048,521,527,0.49713740458015265,0.5028625954198473
1049,521,528,0.4966634890371783,0.5033365109628217
1050,521,529,0.4961904761904762,0.5038095238095238
1051,521,530,0.49571836346336823,0.5042816365366318
1052,522,530,0.49619771863117873,0.5038022813688213
1053,523,530,0.49667616334283,0.50332383665717
1054,523,531,0.49620493358633777,0.5037950664136622
1055,524,531,0.4966824644549763,0.5033175355450237
1056,525,531,0.4971590909090909,0.5028409090909091
1057,526,531,0.49763481551561023,0.5023651844843898
1058,527,531,0.498109640831758,0.501890359168242
1059,527,532,0.4976392823418319,0.502360717658168
1060,527,533,0.4971698113207547,0.5028301886792453
1061,527,534,0.49670122525918947,0.5032987747408105
1062,527,535,0.4962335216572505,0.5037664783427496
1063,528,535,0.4967074317968015,0.5032925682031985
1064,528,536,0.49624060150375937,0.5037593984962406
1065,529,536,0.49671361502347416,0.5032863849765258
1066,529,537,0.49624765478424016,0.5037523452157598
1067,530,537,0.4967197750702905,0.5032802249297095
1068,531,537,0.49719101123595505,0.5028089887640449
1069,532,537,0.4976613657623948,0.5023386342376053
1070,532,538,0.497196261682243,0.502803738317757
1071,533,538,0.4976657329598506,0.5023342670401494
1072,533,539,0.49720149253731344,0.5027985074626866
1073,534,539,0.4976700838769804,0.5023299161230196
1074,534,540,0.4972067039106145,0.5027932960893855
1075,534,541,0.4967441860465116,0.5032558139534884
1076,535,541,0.4972118959107807,0.5027881040892194
1077,535,542,0.49675023212627667,0.5032497678737233
1078,535,543,0.4962894248608534,0.5037105751391465
1079,535,544,0.49582947173308617,0.5041705282669138
1080,536,544,0.4962962962962963,0.5037037037037037
1081,536,545,0.4958371877890842,0.5041628122109159
1082,536,546,0.4953789279112754,0.5046210720887245
1083,537,546,0.49584487534626037,0.5041551246537396
1084,537,547,0.49538745387453875,0.5046125461254612
1085,537,548,0.4949308755760369,0.5050691244239631
1086,537,549,0.494475138121547,0.505524861878453
1087,538,549,0.49494020239190434,0.5050597976080957
1088,538,550,0.4944852941176471,0.5055147058823529
1089,538,551,0.49403122130394855,0.5059687786960514
1090,538,552,0.4935779816513762,0.5064220183486239
1091,539,552,0.4940421631530706,0.5059578368469294
1092,539,553,0.4935897435897436,0.5064102564102564
1093,539,554,0.4931381518755718,0.5068618481244281
1094,540,554,0.4936014625228519,0.506398537477148
1095,541,554,0.4940639269406393,0.5059360730593607
1096,542,554,0.49452554744525545,0.5054744525547445
1097,543,554,0.4949863263445761,0.5050136736554239
1098,544,554,0.49544626593806923,0.5045537340619308
1099,545,554,0.4959053685168335,0.5040946314831665
1100,546,554,0.49636363636363634,0.5036363636363637
1101,547,554,0.49682107175295187,0.5031789282470481
1102,548,554,0.49727767695099817,0.5027223230490018
1103,549,554,0.49773345421577514,0.5022665457842248
1104,549,555,0.49728260869565216,0.5027173913043478
1105,550,555,0.497737556561086,0.502262443438914
1106,551,555,0.49819168173598555,0.5018083182640145
1107,551,556,0.4977416440831075,0.5022583559168925
1108,552,556,0.4981949458483754,0.5018050541516246
1109,553,556,0.49864743011722273,0.5013525698827773
1110,554,556,0.4990990990990991,0.5009009009009009
1111,554,557,0.49864986498649866,0.5013501350135013
1112,554,558,0.4982014388489209,0.5017985611510791
1113,554,559,0.4977538185085355,0.5022461814914645
1114,554,560,0.49730700179533216,0.5026929982046678
1115,554,561,0.4968609865470852,0.5031390134529148
1116,555,561,0.49731182795698925,0.5026881720430108
1117,556,561,0.4977618621307073,0.5022381378692927
1118,556,562,0.49731663685152055,0.5026833631484794
1119,557,562,0.49776586237712245,0.5022341376228776
1120,558,562,0.4982142857142857,0.5017857142857143
1121,558,563,0.4977698483496878,0.5022301516503123
1122,559,563,0.4982174688057041,0.5017825311942959
1123,559,564,0.4977738201246661,0.5022261798753339
1124,559,565,0.4973309608540925,0.5026690391459074
1125,560,565,0.49777777777777776,0.5022222222222222
1126,560,566,0.49733570159857904,0.5026642984014209
1127,561,566,0.49778172138420584,0.5022182786157942
1128,561,567,0.4973404255319149,0.5026595744680851
1129,561,568,0.49689991142604073,0.5031000885739593
1130,562,568,0.49734513274336284,0.5026548672566372
1131,562,569,0.4969053934571176,0.5030946065428824
1132,562,570,0.49646643109540634,0.5035335689045937
1133,562,571,0.4960282436010591,0.5039717563989409
1134,562,572,0.49559082892416223,0.5044091710758377
1135,562,573,0.4951541850220264,0.5048458149779735
1136,563,573,0.49559859154929575,0.5044014084507042
1137,563,574,0.4951627088830255,0.5048372911169745
1138,563,575,0.4947275922671353,0.5052724077328646
1139,563,576,0.4942932396839333,0.5057067603160668
1140,563,577,0.493859649122807,0.506140350877193
1141,564,577,0.49430324276950044,0.5056967572304996
1142,565,577,0.4947460595446585,0.5052539404553416
1143,566,577,0.49518810148731407,0.5048118985126859
1144,567,577,0.4956293706293706,0.5043706293706294
1145,568,577,0.4960698689956332,0.5039301310043668
1146,568,578,0.4956369982547993,0.5043630017452007
1147,568,579,0.4952048823016565,0.5047951176983435
1148,569,579,0.49564459930313587,0.5043554006968641
1149,570,579,0.4960835509138381,0.5039164490861618
1150,570,580,0.4956521739130435,0.5043478260869565
1151,570,581,0.4952215464813206,0.5047784535186794
1152,571,581,0.4956597222222222,0.5043402777777778
1153,572,581,0.49609713790112747,0.5039028620988725
1154,573,581,0.4965337954939341,0.5034662045060658
1155,574,581,0.49696969696969695,0.503030303030303
1156,574,582,0.49653979238754326,0.5034602076124568
1157,575,582,0.4969749351771824,0.5030250648228176
1158,576,582,0.49740932642487046,0.5025906735751295
1159,577,582,0.49784296807592754,0.5021570319240725
1160,578,582,0.4982758620689655,0.5017241379310344
1161,578,583,0.49784668389319553,0.5021533161068045
1162,578,584,0.4974182444061962,0.5025817555938038
1163,578,585,0.49699054170249357,0.5030094582975064
1164,578,586,0.4965635738831615,0.5034364261168385
1165,578,587,0.496137339055794,0.503862660944206
1166,578,588,0.4957118353344768,0.5042881646655232
1167,579,588,0.4961439588688946,0.5038560411311054
1168,580,588,0.4965753424657534,0.5034246575342466
1169,581,588,0.49700598802395207,0.5029940119760479
1170,582,588,0.49743589743589745,0.5025641025641026
1171,583,588,0.49786507258753204,0.502134927412468
1172,583,589,0.4974402730375427,0.5025597269624573
1173,584,589,0.4978687127024723,0.5021312872975278
1174,585,589,0.49829642248722317,0.5017035775127768
1175,585,590,0.4978723404255319,0.502127659574468
1176,585,591,0.49744897959183676,0.5025510204081632
1177,585,592,0.4970263381478335,0.5029736618521665
1178,585,593,0.4966044142614601,0.5033955857385399
1179,586,593,0.49703138252756573,0.5029686174724343
1180,586,594,0.4966101694915254,0.5033898305084745
1181,586,595,0.4961896697713802,0.5038103302286198
1182,587,595,0.4966159052453469,0.5033840947546532
1183,588,595,0.4970414201183432,0.5029585798816568
1184,588,596,0.4966216216216216,0.5033783783783784
1185,588,597,0.4962025316455696,0.5037974683544304
1186,589,597,0.4966273187183811,0.5033726812816189
1187,590,597,0.4970513900589722,0.5029486099410277
1188,590,598,0.49663299663299665,0.5033670033670034
1189,591,598,0.49705634987384356,0.5029436501261564
1190,591,599,0.4966386554621849,0.5033613445378151
1191,591,600,0.49622166246851385,0.5037783375314862
1192,591,601,0.49580536912751677,0.5041946308724832
1193,591,602,0.4953897736797988,0.5046102263202011
1194,591,603,0.4949748743718593,0.5050251256281407
1195,592,603,0.49539748953974894,0.5046025104602511
1196,593,603,0.49581939799331104,0.504180602006689
1197,594,603,0.49624060150375937,0.5037593984962406
1198,594,604,0.4958263772954925,0.5041736227045075
1199,595,604,0.4962468723936614,0.5037531276063386
1200,596,604,0.49666666666666665,0.5033333333333333
1201,596,605,0.4962531223980017,0.5037468776019983
1202,596,606,0.49584026622296173,0.5041597337770383
1203,597,606,0.49625935162094764,0.5037406483790524
1204,598,606,0.49667774086378735,0.5033222591362126
1205,599,606,0.4970954356846473,0.5029045643153527
1206,600,606,0.4975124378109453,0.5024875621890548
1207,601,606,0.4979287489643745,0.5020712510356256
1208,602,606,0.49834437086092714,0.5016556291390728
1209,603,606,0.4987593052109181,0.5012406947890818
1210,604,606,0.4991735537190083,0.5008264462809917
1211,605,606,0.4995871180842279,0.500412881915772
1212,606,606,0.5,0.5
1213,606,607,0.49958779884583676,0.5004122011541632
1214,607,607,0.5,0.5
1215,607,608,0.49958847736625517,0.5004115226337449
1216,607,609,0.49917763157894735,0.5008223684210527
1217,608,609,0.49958915365653245,0.5004108463434676
1218,608,610,0.49917898193760263,0.5008210180623974
1219,608,611,0.49876948318293685,0.5012305168170632
1220,609,611,0.49918032786885247,0.5008196721311475
1221,609,612,0.4987714987714988,0.5012285012285013
1222,609,613,0.4983633387888707,0.5016366612111293
1223,610,613,0.4987735077677841,0.5012264922322158
1224,611,613,0.4991830065359477,0.5008169934640523
1225,612,613,0.4995918367346939,0.5004081632653061
1226,613,613,0.5,0.5
1227,613,614,0.49959250203748984,0.5004074979625102
1228,613,615,0.499185667752443,0.500814332247557
1229,613,616,0.49877949552481693,0.5012205044751831
1230,614,616,0.4991869918699187,0.5008130081300813
1231,614,617,0.49878147847278637,0.5012185215272137
1232,615,617,0.4991883116883117,0.5008116883116883
1233,616,617,0.49959448499594483,0.5004055150040552
1234,617,617,0.5,0.5
1235,618,617,0.5004048582995951,0.49959514170040487
1236,618,618,0.5,0.5
1237,619,618,0.5004042037186742,0.4995957962813258
1238,619,619,0.5,0.5
1239,620,619,0.5004035512510089,0.4995964487489911
1240,621,619,0.5008064516129033,0.4991935483870968
1241,622,619,0.5012087026591459,0.49879129734085415
1242,622,620,0.500805152979066,0.499194847020934
1243,622,621,0.500402252614642,0.499597747385358
1244,623,621,0.5008038585209004,0.4991961414790997
1245,623,622,0.5004016064257029,0.4995983935742972
1246,623,623,0.5,0.5
1247,624,623,0.5004009623095429,0.4995990376904571
1248,624,624,0.5,0.5
1249,624,625,0.49959967974379504,0.500400320256205
1250,625,625,0.5,0.5
1251,625,626,0.49960031974420466,0.5003996802557954
1252,626,626,0.5,0.5
1253,627,626,0.5003990422984836,0.49960095770151636
1254,627,627,0.5,0.5
1255,627,628,0.499601593625498,0.500398406374502
1256,628,628,0.5,0.5
1257,629,628,0.5003977724741447,0.4996022275258552
1258,630,628,0.5007949125596184,0.49920508744038156
1259,630,629,0.5003971405877681,0.4996028594122319
1260,631,629,0.5007936507936508,0.4992063492063492
1261,632,629,0.5011895321173672,0.49881046788263284
1262,633,629,0.5015847860538827,0.49841521394611726
1263,633,630,0.501187648456057,0.498812351543943
1264,634,630,0.5015822784810127,0.49841772151898733
1265,635,630,0.5019762845849802,0.4980237154150198
1266,636,630,0.5023696682464455,0.4976303317535545
1267,636,631,0.5019731649565904,0.4980268350434096
1268,636,632,0.501577287066246,0.49842271293375395
1269,636,633,0.5011820330969267,0.4988179669030733
1270,636,634,0.5007874015748032,0.49921259842519683
1271,636,635,0.5003933910306845,0.4996066089693155
1272,637,635,0.5007861635220126,0.4992138364779874
1273,637,636,0.5003927729772192,0.4996072270227808
1274,637,637,0.5,0.5
1275,637,638,0.4996078431372549,0.5003921568627451
1276,638,638,0.5,0.5
1277,639,638,0.5003915426781519,0.49960845732184805
1278,639,639,0.5,0.5
1279,639,640,0.49960906958561374,0.5003909304143862
1280,640,640,0.5,0.5
1281,641,640,0.5003903200624512,0.4996096799375488
1282,641,641,0.5,0.5
1283,642,641,0.5003897116134061,0.49961028838659394
1284,643,641,0.5007788161993769,0.4992211838006231
1285,644,641,0.5011673151750973,0.49883268482490273
1286,645,641,0.5015552099533437,0.4984447900466563
1287,645,642,0.5011655011655012,0.4988344988344988
1288,645,643,0.5007763975155279,0.49922360248447206
1289,646,643,0.5011636927851048,0.49883630721489525
1290,646,644,0.5007751937984496,0.4992248062015504
1291,646,645,0.5003872966692486,0.49961270333075136
1292,646,646,0.5,0.5
1293,647,646,0.5003866976024749,0.49961330239752516
1294,647,647,0.5,0.5
1295,647,648,0.4996138996138996,0.5003861003861004
1296,648,648,0.5,0.5
1297,648,649,0.49961449498843485,0.5003855050115652
1298,648,650,0.49922958397534667,0.5007704160246533
1299,648,651,0.49884526558891457,0.5011547344110855
1300,648,652,0.49846153846153846,0.5015384615384615
1301,649,652,0.49884704073789393,0.5011529592621061
1302,650,652,0.49923195084485406,0.500768049155146
1303,651,652,0.49961627014581733,0.5003837298541827
1304,652,652,0.5,0.5
1305,652,653,0.49961685823754787,0.5003831417624521
1306,652,654,0.4992343032159265,0.5007656967840735
1307,652,655,0.49885233358837033,0.5011476664116297
1308,653,655,0.49923547400611623,0.5007645259938838
1309,653,656,0.4988540870893812,0.5011459129106188
1310,653,657,0.4984732824427481,0.5015267175572519
1311,653,658,0.498093058733791,0.501906941266209
1312,653,659,0.49771341463414637,0.5022865853658537
1313,654,659,0.49809596344249807,0.5019040365575019
1314,655,659,0.4984779299847793,0.5015220700152208
1315,656,659,0.4988593155893536,0.5011406844106464
1316,657,659,0.4992401215805471,0.5007598784194529
1317,657,660,0.4988610478359909,0.5011389521640092
1318,658,660,0.4992412746585736,0.5007587253414264
1319,659,660,0.49962092494313876,0.5003790750568613
1320,660,660,0.5,0.5
1321,660,661,0.4996214988644966,0.5003785011355034
1322,660,662,0.49924357034795763,0.5007564296520424
1323,661,662,0.4996220710506425,0.5003779289493575
1324,661,663,0.49924471299093653,0.5007552870090635
1325,662,663,0.499622641509434,0.5003773584905661
1326,662,664,0.49924585218702866,0.5007541478129713
1327,662,665,0.49886963074604374,0.5011303692539563
1328,663,665,0.4992469879518072,0.5007530120481928
1329,663,666,0.49887133182844245,0.5011286681715575
1330,663,667,0.49849624060150377,0.5015037593984962
1331,663,668,0.49812171299774605,0.5018782870022539
1332,664,668,0.4984984984984985,0.5015015015015015
1333,664,669,0.4981245311327832,0.5018754688672168
1334,665,669,0.4985007496251874,0.5014992503748126
1335,666,669,0.49887640449438203,0.501123595505618
1336,666,670,0.49850299401197606,0.5014970059880239
1337,666,671,0.4981301421091997,0.5018698578908003
1338,667,671,0.49850523168908817,0.5014947683109118
1339,668,671,0.4988797610156833,0.5011202389843167
1340,669,671,0.4992537313432836,0.5007462686567165
1341,669,672,0.4988814317673378,0.5011185682326622
1342,669,673,0.49850968703427717,0.5014903129657228
1343,669,674,0.498138495904691,0.501861504095309
1344,670,674,0.49851190476190477,0.5014880952380952
1345,670,675,0.49814126394052044,0.5018587360594795
1346,670,676,0.49777117384843983,0.5022288261515602
1347,671,676,0.4981440237564959,0.5018559762435041
1348,671,677,0.4977744807121662,0.5022255192878339
1349,671,678,0.49740548554484804,0.502594514455152
1350,671,679,0.49703703703703705,0.502962962962963
1351,671,680,0.4966691339748335,0.5033308660251665
1352,671,681,0.496301775147929,0.503698224852071
1353,671,682,0.4959349593495935,0.5040650406504065
1354,671,683,0.49556868537666177,0.5044313146233382
1355,672,683,0.4959409594095941,0.5040590405904058
1356,673,683,0.4963126843657817,0.5036873156342183
1357,673,684,0.49594694178334564,0.5040530582166544
1358,674,684,0.4963181148748159,0.5036818851251841
1359,675,684,0.4966887417218543,0.5033112582781457
1360,675,685,0.4963235294117647,0.5036764705882353
1361,675,686,0.49595885378398236,0.5040411462160176
1362,676,686,0.49632892804698975,0.5036710719530103
1363,676,687,0.495964783565664,0.504035216434336
1364,677,687,0.4963343108504399,0.5036656891495601
1365,677,688,0.495970695970696,0.504029304029304
1366,677,689,0.4956076134699854,0.5043923865300146
1367,677,690,0.4952450621799561,0.5047549378200439
1368,678,690,0.4956140350877193,0.5043859649122807
1369,679,690,0.4959824689554419,0.504017531044558
1370,679,691,0.49562043795620436,0.5043795620437956
1371,679,692,0.49525893508388036,0.5047410649161196
1372,679,693,0.49489795918367346,0.5051020408163265
1373,679,694,0.4945375091041515,0.5054624908958485
1374,679,695,0.49417758369723436,0.5058224163027657
1375,680,695,0.49454545454545457,0.5054545454545455
1376,681,695,0.4949127906976744,0.5050872093023255
1377,682,695,0.495279593318809,0.504720406681191
1378,682,696,0.4949201741654572,0.5050798258345428
1379,682,697,0.4945612762871646,0.5054387237128354
1380,682,698,0.49420289855072463,0.5057971014492754
1381,682,699,0.49384503982621286,0.5061549601737871
1382,683,699,0.49421128798842257,0.5057887120115774
1383,683,700,0.4938539407086045,0.5061460592913956
1384,683,701,0.4934971098265896,0.5065028901734104
1385,683,702,0.49314079422382673,0.5068592057761733
1386,684,702,0.4935064935064935,0.5064935064935064
1387,684,703,0.4931506849315068,0.5068493150684932
1388,684,704,0.49279538904899134,0.5072046109510087
1389,685,704,0.4931605471562275,0.5068394528437725
1390,685,705,0.49280575539568344,0.5071942446043165
1391,686,705,0.4931703810208483,0.5068296189791517
1392,686,706,0.492816091954023,0.507183908045977
1393,686,707,0.49246231155778897,0.507537688442211
1394,686,708,0.4921090387374462,0.5078909612625538
1395,686,709,0.4917562724014337,0.5082437275985663
1396,687,709,0.49212034383954156,0.5078796561604585
1397,687,710,0.4917680744452398,0.5082319255547602
1398,687,711,0.49141630901287553,0.5085836909871244
1399,688,711,0.49177984274481773,0.5082201572551823
1400,689,711,0.49214285714285716,0.5078571428571429
1401,690,711,0.4925053533190578,0.5074946466809421
1402,690,712,0.4921540656205421,0.5078459343794579
1403,690,713,0.4918032786885246,0.5081967213114754
1404,690,714,0.49145299145299143,0.5085470085470085
1405,691,714,0.4918149466192171,0.5081850533807829
1406,691,715,0.4914651493598862,0.5085348506401138
1407,691,716,0.49111584932480457,0.5088841506751954
1408,692,716,0.4914772727272727,0.5085227272727273
1409,692,717,0.49112845990063875,0.5088715400993612
1410,693,717,0.49148936170212765,0.5085106382978724
1411,694,717,0.49184975194897235,0.5081502480510276
1412,695,717,0.4922096317280453,0.5077903682719547
1413,695,718,0.49186128803963197,0.508138711960368
1414,695,719,0.4915134370579915,0.5084865629420084
1415,695,720,0.4911660777385159,0.508833922261484
1416,695,721,0.490819209039548,0.509180790960452
1417,696,721,0.4911785462244178,0.5088214537755822
1418,696,722,0.4908321579689704,0.5091678420310296
1419,696,723,0.4904862579281184,0.5095137420718816
1420,696,724,0.49014084507042255,0.5098591549295775
1421,696,725,0.4897959183673469,0.5102040816326531
1422,697,725,0.490154711673699,0.5098452883263009
1423,698,725,0.4905130007027407,0.5094869992972593
1424,698,726,0.4901685393258427,0.5098314606741573
1425,699,726,0.4905263157894737,0.5094736842105263
1426,700,726,0.4908835904628331,0.5091164095371669
1427,700,727,0.4905395935529082,0.5094604064470918
1428,700,728,0.49019607843137253,0.5098039215686274
1429,701,728,0.4905528341497551,0.509447165850245
1430,701,729,0.4902097902097902,0.5097902097902098
1431,701,730,0.48986722571628233,0.5101327742837177
1432,701,731,0.4895251396648045,0.5104748603351955
1433,701,732,0.4891835310537334,0.5108164689462665
1434,702,732,0.4895397489539749,0.5104602510460251
1435,702,733,0.489198606271777,0.510801393728223
1436,702,734,0.48885793871866295,0.5111420612813371
1437,703,734,0.4892136395267919,0.510786360473208
1438,704,734,0.48956884561891517,0.5104311543810849
1439,704,735,0.48922863099374564,0.5107713690062543
1440,704,736,0.4888888888888889,0.5111111111111111
1441,704,737,0.48854961832061067,0.5114503816793893
1442,705,737,0.48890429958391124,0.5110957004160888
1443,705,738,0.4885654885654886,0.5114345114345115
1444,706,738,0.4889196675900277,0.5110803324099723
1445,707,738,0.4892733564013841,0.510726643598616
1446,707,739,0.48893499308437066,0.5110650069156293
1447,707,740,0.48859709744298546,0.5114029025570145
1448,707,741,0.4882596685082873,0.5117403314917127
1449,707,742,0.48792270531400966,0.5120772946859904
1450,707,743,0.48758620689655174,0.5124137931034483
1451,707,744,0.487250172294969,0.512749827705031
1452,707,745,0.4869146005509642,0.5130853994490359
1453,707,746,0.4865794907088782,0.5134205092911218
1454,708,746,0.48693259972489683,0.5130674002751031
1455,709,746,0.4872852233676976,0.5127147766323024
1456,710,746,0.4876373626373626,0.5123626373626373
1457,710,747,0.48730267673301303,0.5126973232669869
1458,711,747,0.4876543209876543,0.5123456790123457
1459,711,748,0.4873200822481151,0.5126799177518848
1460,711,749,0.48698630136986304,0.513013698630137
1461,711,750,0.486652977412731,0.5133470225872689
1462,712,750,0.48700410396716826,0.5129958960328317
1463,713,750,0.48735475051264526,0.5126452494873548
1464,713,751,0.4870218579234973,0.5129781420765027
1465,714,751,0.48737201365187716,0.5126279863481229
1466,715,751,0.4877216916780355,0.5122783083219645
1467,716,751,0.48807089297886846,0.5119291070211316
1468,716,752,0.4877384196185286,0.5122615803814714
1469,717,752,0.48808713410483323,0.5119128658951668
1470,717,753,0.48775510204081635,0.5122448979591837
1471,717,754,0.4874235214140041,0.512576478585996
1472,718,754,0.48777173913043476,0.5122282608695652
1473,718,755,0.4874405974202308,0.5125594025797692
1474,718,756,0.4871099050203528,0.5128900949796472
1475,718,757,0.48677966101694914,0.5132203389830509
1476,719,757,0.48712737127371275,0.5128726287262872
1477,719,758,0.4867975626269465,0.5132024373730535
1478,719,759,0.486468200270636,0.513531799729364
1479,720,759,0.486815415821501,0.513184584178499
1480,721,759,0.4871621621621622,0.5128378378378379
1481,722,759,0.487508440243079,0.512491559756921
1482,723,759,0.48785425101214575,0.5121457489878543
1483,723,760,0.4875252865812542,0.5124747134187457
1484,723,761,0.4871967654986523,0.5128032345013477
1485,724,761,0.48754208754208755,0.5124579124579125
1486,724,762,0.48721399730820997,0.5127860026917901
1487,724,763,0.48688634835238737,0.5131136516476127
1488,725,763,0.48723118279569894,0.5127688172043011
1489,726,763,0.48757555406312963,0.5124244459368704
1490,726,764,0.487248322147651,0.512751677852349
1491,726,765,0.4869215291750503,0.5130784708249497
1492,727,765,0.48726541554959785,0.5127345844504021
1493,727,766,0.4869390488948426,0.5130609511051574
1494,727,767,0.4866131191432396,0.5133868808567604
1495,728,767,0.48695652173913045,0.5130434782608696
1496,729,767,0.4872994652406417,0.5127005347593583
1497,730,767,0.4876419505678023,0.5123580494321978
1498,731,767,0.48798397863818427,0.5120160213618158
1499,732,767,0.4883255503669113,0.5116744496330887
1500,732,768,0.488,0.512
1501,732,769,0.4876748834110593,0.5123251165889408
1502,733,769,0.48801597869507324,0.5119840213049268
1503,734,769,0.48835662009314706,0.5116433799068529
1504,734,770,0.488031914893617,0.511968085106383
1505,734,771,0.4877076411960133,0.5122923588039867
1506,734,772,0.48738379814077026,0.5126162018592297
1507,734,773,0.4870603848706038,0.5129396151293961
1508,734,774,0.48673740053050396,0.513262599469496
1509,734,775,0.48641484426772696,0.513585155732273
1510,735,775,0.4867549668874172,0.5132450331125827
1511,736,775,0.4870946393117141,0.5129053606882858
1512,737,775,0.48743386243386244,0.5125661375661376
1513,737,776,0.4871116986120291,0.5128883013879709
1514,738,776,0.48745046235138706,0.512549537648613
1515,738,777,0.4871287128712871,0.5128712871287129
1516,738,778,0.4868073878627968,0.5131926121372031
1517,738,779,0.4864864864864865,0.5135135135135135
1518,738,780,0.48616600790513836,0.5138339920948617
1519,738,781,0.4858459512837393,0.5141540487162607
1520,738,782,0.4855263157894737,0.5144736842105263
1521,739,782,0.48586456278763973,0.5141354372123603
1522,740,782,0.48620236530880423,0.5137976346911958
1523,741,782,0.4865397242284964,0.5134602757715037
1524,741,783,0.4862204724409449,0.5137795275590551
1525,741,784,0.4859016393442623,0.5140983606557377
1526,741,785,0.4855832241153342,0.5144167758846658
1527,741,786,0.48526522593320237,0.5147347740667977
1528,742,786,0.4856020942408377,0.5143979057591623
1529,743,786,0.48593852190974496,0.514061478090255
1530,744,786,0.48627450980392156,0.5137254901960784
1531,745,786,0.48661005878510777,0.5133899412148922
1532,745,787,0.48629242819843344,0.5137075718015666
1533,746,787,0.4866275277234181,0.5133724722765819
1534,746,788,0.4863102998696219,0.5136897001303781
1535,746,789,0.4859934853420195,0.5140065146579804
1536,747,789,0.486328125,0.513671875
1537,748,789,0.4866623292127521,0.5133376707872479
1538,749,789,0.4869960988296489,0.5130039011703511
1539,750,789,0.4873294346978557,0.5126705653021443
1540,750,790,0.487012987012987,0.512987012987013
1541,751,790,0.4873458792991564,0.5126541207008436
1542,751,791,0.48702983138780803,0.5129701686121919
1543,751,792,0.4867141931302657,0.5132858068697342
1544,751,793,0.48639896373056996,0.5136010362694301
1545,751,794,0.486084142394822,0.513915857605178
1546,752,794,0.48641655886157825,0.5135834411384217
1547,752,795,0.4861021331609567,0.5138978668390433
1548,752,796,0.48578811369509045,0.5142118863049095
1549,753,796,0.48612007746933505,0.513879922530665
1550,754,796,0.4864516129032258,0.5135483870967742
1551,754,797,0.48613797549967763,0.5138620245003224
1552,755,797,0.48646907216494845,0.5135309278350515
1553,755,798,0.4861558274307791,0.5138441725692209
1554,756,798,0.4864864864864865,0.5135135135135135
1555,757,798,0.4868167202572347,0.5131832797427652
1556,758,798,0.487146529562982,0.512853470437018
1557,759,798,0.48747591522157996,0.51252408477842
1558,760,798,0.4878048780487805,0.5121951219512195
1559,761,798,0.48813341885824246,0.5118665811417575
1560,761,799,0.4878205128205128,0.5121794871794871
1561,761,800,0.4875080076873799,0.5124919923126201
1562,761,801,0.4871959026888604,0.5128040973111395
1563,762,801,0.4875239923224568,0.5124760076775432
1564,763,801,0.48785166240409206,0.5121483375959079
1565,764,801,0.4881789137380192,0.5118210862619809
1566,764,802,0.4878671775223499,0.51213282247765
1567,764,803,0.48755583918315254,0.5124441608168475
1568,765,803,0.48788265306122447,0.5121173469387755
1569,765,804,0.4875717017208413,0.5124282982791587
1570,765,805,0.4872611464968153,0.5127388535031847
1571,765,806,0.486950986632718,0.513049013367282
1572,765,807,0.4866412213740458,0.5133587786259542
1573,765,808,0.4863318499682136,0.5136681500317863
1574,766,808,0.4866581956797967,0.5133418043202033
1575,766,809,0.48634920634920636,0.5136507936507937
1576,766,810,0.4860406091370558,0.5139593908629442
1577,767,810,0.48636651870640457,0.5136334812935954
1578,768,810,0.4866920152091255,0.5133079847908745
1579,768,811,0.4863837872070931,0.5136162127929069
1580,769,811,0.48670886075949366,0.5132911392405063
1581,770,811,0.48703352308665404,0.512966476913346
1582,771,811,0.48735777496839444,0.5126422250316056
1583,772,811,0.48768161718256475,0.5123183828174352
1584,772,812,0.48737373737373735,0.5126262626262627
1585,773,812,0.48769716088328074,0.5123028391167193
1586,774,812,0.4880201765447667,0.5119798234552333
1587,775,812,0.48834278512917456,0.5116572148708255
1588,776,812,0.48866498740554154,0.5113350125944585
1589,776,813,0.4883574575204531,0.5116425424795469
1590,776,814,0.4880503144654088,0.5119496855345912
1591,776,815,0.48774355751099935,0.5122564424890006
1592,777,815,0.4880653266331658,0.5119346733668342
1593,778,815,0.4883866917765223,0.5116133082234777
1594,778,816,0.4880803011292346,0.5119196988707654
1595,778,817,0.4877742946708464,0.5122257053291536
1596,778,818,0.487468671679198,0.5125313283208021
1597,779,818,0.48778960551033185,0.5122103944896681
1598,780,818,0.4881101376720901,0.5118898623279099
1599,781,818,0.4884302689180738,0.5115697310819262
1600,782,818,0.48875,0.51125
1601,783,818,0.48906933166770766,0.5109306683322923
1602,783,819,0.4887640449438202,0.5112359550561798
1603,783,820,0.48845913911416095,0.511540860885839
1604,783,821,0.48815461346633415,0.5118453865336658
1605,783,822,0.48785046728971965,0.5121495327102804
1606,784,822,0.48816936488169366,0.5118306351183064
1607,785,822,0.4884878655880523,0.5115121344119478
1608,786,822,0.48880597014925375,0.5111940298507462
1609,786,823,0.4885021752641392,0.5114978247358608
1610,786,824,0.48819875776397514,0.5118012422360249
1611,786,825,0.48789571694599626,0.5121042830540037
1612,786,826,0.48759305210918114,0.5124069478908189
1613,786,827,0.48729076255424675,0.5127092374457533
1614,786,828,0.48698884758364314,0.5130111524163569
1615,787,828,0.4873065015479876,0.5126934984520124
1616,787,829,0.4870049504950495,0.5129950495049505
1617,788,829,0.4873222016079159,0.5126777983920842
1618,789,829,0.48763906056860323,0.5123609394313968
1619,790,829,0.48795552810376774,0.5120444718962323
1620,790,830,0.4876543209876543,0.5123456790123457
1621,790,831,0.4873534855027761,0.512646514497224
1622,790,832,0.4870530209617756,0.5129469790382244
1623,790,833,0.4867529266789895,0.5132470733210105
1624,790,834,0.48645320197044334,0.5135467980295566
1625,791,834,0.4867692307692308,0.5132307692307693
1626,792,834,0.4870848708487085,0.5129151291512916
1627,793,834,0.48740012292563,0.51259987707437
1628,794,834,0.4877149877149877,0.5122850122850123
1629,795,834,0.4880294659300184,0.5119705340699816
1630,795,835,0.48773006134969327,0.5122699386503068
1631,796,835,0.4880441446965052,0.5119558553034947
1632,797,835,0.4883578431372549,0.5116421568627451
1633,798,835,0.488671157379057,0.511328842620943
1634,798,836,0.4883720930232558,0.5116279069767442
1635,798,837,0.48807339449541287,0.5119266055045871
1636,799,837,0.4883863080684597,0.5116136919315404
1637,800,837,0.48869883934025654,0.5113011606597434
1638,801,837,0.489010989010989,0.510989010989011
1639,802,837,0.48932275777913364,0.5106772422208664
1640,802,838,0.48902439024390243,0.5109756097560976
1641,803,838,0.4893357708714199,0.5106642291285801
1642,803,839,0.4890377588306943,0.5109622411693058
1643,804,839,0.4893487522824102,0.5106512477175897
1644,804,840,0.48905109489051096,0.5109489051094891
1645,805,840,0.48936170212765956,0.5106382978723404
1646,805,841,0.4890643985419198,0.5109356014580801
1647,806,841,0.4893746205221615,0.5106253794778385
1648,807,841,0.48968446601941745,0.5103155339805825
1649,808,841,0.4899939357186173,0.5100060642813826
1650,809,841,0.4903030303030303,0.5096969696969696
1651,810,841,0.49061175045427013,0.5093882495457298
1652,810,842,0.49031476997578693,0.5096852300242131
1653,811,842,0.4906231094978826,0.5093768905021173
1654,812,842,0.4909310761789601,0.5090689238210399
1655,812,843,0.4906344410876133,0.5093655589123867
1656,813,843,0.49094202898550726,0.5090579710144928
1657,814,843,0.4912492456246228,0.5087507543753772
1658,814,844,0.49095295536791317,0.5090470446320868
1659,815,844,0.4912597950572634,0.5087402049427366
1660,815,845,0.49096385542168675,0.5090361445783133
1661,816,845,0.4912703190848886,0.5087296809151114
1662,816,846,0.49097472924187724,0.5090252707581228
1663,816,847,0.4906794948887553,0.5093205051112447
1664,816,848,0.49038461538461536,0.5096153846153846
1665,817,848,0.4906906906906907,0.5093093093093093
1666,818,848,0.4909963985594238,0.5090036014405762
1667,818,849,0.4907018596280744,0.5092981403719257
1668,819,849,0.4910071942446043,0.5089928057553957
1669,820,849,0.49131216297183944,0.5086878370281606
1670,820,850,0.49101796407185627,0.5089820359281437
1671,821,850,0.49132256134051466,0.5086774386594853
1672,821,851,0.4910287081339713,0.5089712918660287
1673,822,851,0.4913329348475792,0.5086670651524208
1674,822,852,0.4910394265232975,0.5089605734767025
1675,822,853,0.49074626865671644,0.5092537313432836
1676,822,854,0.4904534606205251,0.5095465393794749
1677,823,854,0.4907573047107931,0.509242695289207
1678,823,855,0.4904648390941597,0.5095351609058403
1679,824,855,0.49076831447290054,0.5092316855270994
1680,824,856,0.49047619047619045,0.5095238095238095
1681,824,857,0.49018441403926233,0.5098155859607376
1682,825,857,0.49048751486325803,0.509512485136742
1683,826,857,0.49079025549613786,0.5092097445038621
1684,826,858,0.49049881235154397,0.5095011876484561
1685,827,858,0.4908011869436202,0.5091988130563798
1686,827,859,0.4905100830367734,0.5094899169632265
1687,827,860,0.4902193242442205,0.5097806757557795
1688,827,861,0.48992890995260663,0.5100710900473934
1689,827,862,0.4896388395500296,0.5103611604499704
1690,827,863,0.4893491124260355,0.5106508875739645
1691,827,864,0.48905972797161446,0.5109402720283855
1692,828,864,0.48936170212765956,0.5106382978723404
1693,829,864,0.4896633195510927,0.5103366804489072
1694,829,865,0.48937426210153484,0.5106257378984652
1695,830,865,0.4896755162241888,0.5103244837758112
1696,830,866,0.4893867924528302,0.5106132075471698
1697,831,866,0.48968768414849734,0.5103123158515026
1698,831,867,0.48939929328621906,0.5106007067137809
1699,831,868,0.4891112419070041,0.5108887580929958
1700,832,868,0.4894117647058824,0.5105882352941177
1701,832,869,0.48912404467960025,0.5108759553203998
1702,833,869,0.4894242068155112,0.5105757931844889
1703,833,870,0.4891368173810922,0.5108631826189078
1704,834,870,0.4894366197183099,0.5105633802816901
1705,835,870,0.4897360703812317,0.5102639296187683
1706,835,871,0.4894490035169988,0.5105509964830012
1707,836,871,0.4897480960749854,0.5102519039250146
1708,836,872,0.4894613583138173,0.5105386416861827
1709,837,872,0.4897600936220012,0.5102399063779989
1710,838,872,0.49005847953216375,0.5099415204678363
1711,838,873,0.48977206312098187,0.5102279368790181
1712,838,874,0.4894859813084112,0.5105140186915887
1713,838,875,0.4892002335084647,0.5107997664915354
1714,839,875,0.4894982497082847,0.5105017502917153
1715,840,875,0.4897959183673469,0.5102040816326531
1716,840,876,0.48951048951048953,0.5104895104895105
1717,840,877,0.48922539312754804,0.5107746068724519
1718,841,877,0.48952270081490107,0.510477299185099
1719,841,878,0.48923792902850494,0.5107620709714951
1720,842,878,0.48953488372093024,0.5104651162790698
1721,842,879,0.48925043579314353,0.5107495642068565
1722,842,880,0.4889663182346109,0.5110336817653891
1723,843,880,0.4892629135229251,0.5107370864770748
1724,843,881,0.48897911832946633,0.5110208816705336
1725,843,882,0.48869565217391303,0.5113043478260869
1726,843,883,0.4884125144843569,0.5115874855156431
1727,843,884,0.4881297046902142,0.5118702953097858
1728,843,885,0.4878472222222222,0.5121527777777778
1729,844,885,0.48814343551185657,0.5118565644881434
1730,845,885,0.4884393063583815,0.5115606936416185
1731,846,885,0.48873483535528595,0.511265164644714
1732,846,886,0.4884526558891455,0.5115473441108545
1733,847,886,0.4887478361223312,0.5112521638776688
1734,847,887,0.4884659746251442,0.5115340253748558
1735,848,887,0.48876080691642654,0.5112391930835735
1736,849,887,0.4890552995391705,0.5109447004608295
1737,849,888,0.48877374784110533,0.5112262521588946
1738,849,889,0.48849252013808975,0.5115074798619103
1739,849,890,0.48821161587119033,0.5117883841288097
1740,850,890,0.4885057471264368,0.5114942528735632
1741,850,891,0.48822515795519816,0.5117748420448018
1742,851,891,0.48851894374282434,0.5114810562571757
1743,852,891,0.48881239242685026,0.5111876075731497
1744,853,891,0.48910550458715596,0.510894495412844
1745,853,892,0.4888252148997135,0.5111747851002866
1746,854,892,0.48911798396334477,0.5108820160366552
1747,855,892,0.48941041785918715,0.5105895821408128
1748,856,892,0.4897025171624714,0.5102974828375286
1749,857,892,0.48999428244711263,0.5100057175528874
1750,858,892,0.49028571428571427,0.5097142857142857
1751,859,892,0.4905768132495717,0.5094231867504283
1752,859,893,0.490296803652968,0.509703196347032
1753,859,894,0.4900171135196805,0.5099828864803194
1754,860,894,0.4903078677309008,0.5096921322690992
1755,860,895,0.49002849002849,0.50997150997151
1756,860,896,0.489749430523918,0.510250569476082
1757,861,896,0.4900398406374502,0.5099601593625498
1758,862,896,0.49032992036405004,0.5096700796359499
1759,862,897,0.4900511654349062,0.5099488345650938
1760,862,898,0.48977272727272725,0.5102272727272728
1761,863,898,0.4900624645088018,0.5099375354911981
1762,864,898,0.49035187287173665,0.5096481271282634
1763,864,899,0.4900737379466818,0.5099262620533183
1764,865,899,0.49036281179138325,0.5096371882086168
1765,865,900,0.49008498583569404,0.509915014164306
1766,866,900,0.49037372593431483,0.5096262740656852
1767,866,901,0.490096208262592,0.5099037917374081
1768,866,902,0.48981900452488686,0.5101809954751131
1769,867,902,0.4901074053137366,0.5098925946862635
1770,868,902,0.4903954802259887,0.5096045197740113
1771,869,902,0.4906832298136646,0.5093167701863354
1772,870,902,0.4909706546275395,0.5090293453724605
1773,871,902,0.4912577552171461,0.5087422447828539
1774,872,902,0.4915445321307779,0.5084554678692221
1775,872,903,0.49126760563380284,0.5087323943661972
1776,872,904,0.49099099099099097,0.509009009009009
1777,873,904,0.4912774338773213,0.5087225661226786
1778,874,904,0.4915635545556805,0.5084364454443194
1779,874,905,0.49128724002248453,0.5087127599775154
1780,874,906,0.4910112359550562,0.5089887640449439
1781,875,906,0.4912970241437395,0.5087029758562606
1782,876,906,0.49158249158249157,0.5084175084175084
1783,877,906,0.4918676388109927,0.5081323611890073
1784,878,906,0.492152466367713,0.507847533632287
1785,878,907,0.4918767507002801,0.5081232492997199
1786,878,908,0.4916013437849944,0.5083986562150056
1787,878,909,0.49132624510352546,0.5086737548964745
1788,878,910,0.49105145413870244,0.5089485458612976
1789,879,910,0.4913359418669648,0.5086640581330352
1790,879,911,0.4910614525139665,0.5089385474860335
1791,880,911,0.49134561697375767,0.5086543830262423
1792,881,911,0.4916294642857143,0.5083705357142857
1793,882,911,0.49191299498047963,0.5080870050195203
1794,883,911,0.4921962095875139,0.507803790412486
1795,883,912,0.49192200557103066,0.5080779944289694
1796,883,913,0.4916481069042316,0.5083518930957683
1797,883,914,0.49137451307735114,0.5086254869226489
1798,884,914,0.4916573971078977,0.5083426028921023
1799,885,914,0.4919399666481378,0.5080600333518621
1800,885,915,0.49166666666666664,0.5083333333333333
1801,885,916,0.49139367018323155,0.5086063298167685
1802,885,917,0.4911209766925638,0.5088790233074362
1803,885,918,0.4908485856905158,0.5091514143094842
1804,885,919,0.49057649667405767,0.5094235033259423
1805,886,919,0.49085872576177286,0.5091412742382272
1806,886,920,0.49058693244739754,0.5094130675526024
1807,886,921,0.49031543995572774,0.5096845600442723
1808,887,921,0.4905973451327434,0.5094026548672567
1809,887,922,0.49032614704256494,0.5096738529574351
1810,887,923,0.4900552486187845,0.5099447513812154
1811,888,923,0.49033683048039756,0.5096631695196024
1812,888,924,0.4900662251655629,0.5099337748344371
1813,888,925,0.4897959183673469,0.5102040816326531
1814,889,925,0.490077177508269,0.5099228224917309
1815,889,926,0.48980716253443524,0.5101928374655648
1816,890,926,0.4900881057268722,0.5099118942731278
1817,891,926,0.49036873968079253,0.5096312603192075
1818,892,926,0.49064906490649063,0.5093509350935094
1819,893,926,0.4909290819131391,0.5090709180868609
1820,893,927,0.49065934065934064,0.5093406593406593
1821,893,928,0.4903898956617243,0.5096101043382757
1822,894,928,0.49066959385290887,0.5093304061470911
1823,894,929,0.49040043883708173,0.5095995611629183
1824,894,930,0.4901315789473684,0.5098684210526315
1825,894,931,0.4898630136986301,0.5101369863013698
1826,895,931,0.49014238773274915,0.5098576122672508
1827,895,932,0.48987411056376573,0.5101258894362343
1828,895,933,0.4896061269146608,0.5103938730853391
1829,895,934,0.48933843630399126,0.5106615636960088
1830,895,935,0.4890710382513661,0.5109289617486339
1831,896,935,0.4893500819224468,0.5106499180775532
1832,896,936,0.4890829694323144,0.5109170305676856
1833,897,936,0.48936170212765956,0.5106382978723404
1834,897,937,0.48909487459105777,0.5109051254089422
1835,897,938,0.4888283378746594,0.5111716621253406
1836,897,939,0.48856209150326796,0.511437908496732
1837,897,940,0.48829613500272184,0.5117038649972782
1838,897,941,0.4880304678998912,0.5119695321001088
1839,898,941,0.4883088635127787,0.5116911364872213
1840,899,941,0.4885869565217391,0.5114130434782609
1841,899,942,0.48832156436719176,0.5116784356328082
1842,900,942,0.48859934853420195,0.511400651465798
1843,901,942,0.4888768312533912,0.5111231687466088
1844,902,942,0.4891540130151844,0.5108459869848156
1845,903,942,0.4894308943089431,0.510569105691057
1846,903,943,0.4891657638136511,0.5108342361863488
1847,904,943,0.4894423389279913,0.5105576610720086
1848,905,943,0.4897186147186147,0.5102813852813853
1849,905,944,0.48945375878853437,0.5105462412114656
1850,905,945,0.4891891891891892,0.5108108108108108
1851,905,946,0.48892490545651,0.51107509454349
1852,905,947,0.4886609071274298,0.5113390928725702
1853,906,947,0.48893685914732865,0.5110631408526713
1854,907,947,0.4892125134843581,0.5107874865156419
1855,907,948,0.4889487870619946,0.5110512129380054
1856,908,948,0.4892241379310345,0.5107758620689655
1857,908,949,0.48896068928379105,0.5110393107162089
1858,909,949,0.4892357373519914,0.5107642626480086
1859,909,950,0.4889725658956428,0.5110274341043571
1860,910,950,0.489247311827957,0.510752688172043
1861,911,950,0.48952176249328316,0.5104782375067168
1862,912,950,0.4897959183673469,0.5102040816326531
1863,913,950,0.4900697799248524,0.5099302200751477
1864,913,951,0.4898068669527897,0.5101931330472103
1865,914,951,0.4900804289544236,0.5099195710455764
1866,914,952,0.48981779206859594,0.5101822079314041
1867,914,953,0.4895554365291912,0.5104445634708088
1868,915,953,0.48982869379014987,0.5101713062098501
1869,916,953,0.4901016586409845,0.5098983413590155
1870,916,954,0.4898395721925134,0.5101604278074866
1871,916,955,0.48957776590058794,0.5104222340994121
1872,916,956,0.4893162393162393,0.5106837606837606
1873,917,956,0.48958889482114254,0.5104111051788575
1874,917,957,0.48932764140875135,0.5106723585912487
1875,918,957,0.4896,0.5104
1876,919,957,0.4898720682302772,0.5101279317697228
1877,919,958,0.48961108151305277,0.5103889184869472
1878,920,958,0.4898828541001065,0.5101171458998935
1879,920,959,0.48962213943587013,0.5103778605641298
1880,920,960,0.48936170212765956,0.5106382978723404
1881,921,960,0.48963317384370014,0.5103668261562998
1882,921,961,0.4893730074388948,0.5106269925611052
1883,922,961,0.48964418481147104,0.5103558151885289
1884,922,962,0.4893842887473461,0.5106157112526539
1885,923,962,0.4896551724137931,0.5103448275862069
1886,924,962,0.4899257688229056,0.5100742311770944
1887,924,963,0.48966613672496023,0.5103338632750397
1888,925,963,0.4899364406779661,0.5100635593220338
1889,925,964,0.4896770778189518,0.5103229221810481
1890,925,965,0.4894179894179894,0.5105820105820106
1891,925,966,0.48915917503966155,0.5108408249603384
1892,925,967,0.48890063424947144,0.5110993657505285
1893,926,967,0.4891706286318014,0.5108293713681986
1894,926,968,0.48891235480464623,0.5110876451953538
1895,926,969,0.48865435356200526,0.5113456464379947
1896,926,970,0.4883966244725738,0.5116033755274262
1897,926,971,0.4881391671059568,0.5118608328940433
1898,927,971,0.48840885142255,0.5115911485774499
1899,928,971,0.4886782517114271,0.5113217482885729
1900,929,971,0.48894736842105263,0.5110526315789473
1901,930,971,0.48921620199894794,0.5107837980010521
1902,930,972,0.4889589905362776,0.5110410094637224
1903,930,973,0.488702049395691,0.5112979506043089
1904,931,973,0.4889705882352941,0.5110294117647058
1905,931,974,0.48871391076115483,0.5112860892388451
1906,931,975,0.48845750262329485,0.5115424973767051
1907,931,976,0.48820136339800735,0.5117986366019927
1908,932,976,0.48846960167714887,0.5115303983228512
1909,933,976,0.48873755893137766,0.5112624410686223
1910,933,977,0.4884816753926702,0.5115183246073298
1911,933,978,0.48822605965463106,0.5117739403453689
1912,934,978,0.4884937238493724,0.5115062761506276
1913,935,978,0.4887611082070047,0.5112388917929953
1914,935,979,0.4885057471264368,0.5114942528735632
1915,935,980,0.48825065274151436,0.5117493472584856
1916,935,981,0.4879958246346555,0.5120041753653445
1917,936,981,0.48826291079812206,0.5117370892018779
1918,936,982,0.4880083420229406,0.5119916579770595
1919,937,982,0.48827514330380406,0.5117248566961959
1920,938,982,0.48854166666666665,0.5114583333333333
1921,938,983,0.48828735033836546,0.5117126496616345
1922,938,984,0.48803329864724243,0.5119667013527576
1923,939,984,0.48829953198127923,0.5117004680187207
1924,939,985,0.48804573804573803,0.511954261954262
1925,939,986,0.4877922077922078,0.5122077922077922
1926,939,987,0.48753894080996885,0.5124610591900312
1927,940,987,0.4878048780487805,0.5121951219512195
1928,940,988,0.487551867219917,0.5124481327800829
1929,941,988,0.487817522032141,0.512182477967859
1930,941,989,0.4875647668393782,0.5124352331606218
1931,942,989,0.4878301398239254,0.5121698601760746
1932,943,989,0.4880952380952381,0.5119047619047619
1933,943,990,0.48784273150543195,0.512157268494568
1934,943,991,0.4875904860392968,0.5124095139607032
1935,944,991,0.4878552971576227,0.5121447028423772
1936,945,991,0.4881198347107438,0.5118801652892562
1937,946,991,0.48838409912235414,0.5116159008776459
1938,947,991,0.4886480908152735,0.5113519091847265
1939,947,992,0.4883960804538422,0.5116039195461578
1940,948,992,0.488659793814433,0.511340206185567
1941,949,992,0.4889232354456466,0.5110767645543535
1942,949,993,0.4886714727085479,0.5113285272914521
1943,950,993,0.4889346371590324,0.5110653628409676
1944,950,994,0.4886831275720165,0.5113168724279835
1945,950,995,0.4884318766066838,0.5115681233933161
1946,951,995,0.4886947584789311,0.5113052415210688
1947,952,995,0.4889573703133025,0.5110426296866974
1948,953,995,0.48921971252566737,0.5107802874743327
1949,953,996,0.48896870189840946,0.5110312981015905
1950,954,996,0.48923076923076925,0.5107692307692308
1951,954,997,0.48898001025115323,0.5110199897488468
1952,955,997,0.48924180327868855,0.5107581967213115
1953,956,997,0.48950332821300563,0.5104966717869943
1954,956,998,0.48925281473899696,0.510747185261003
1955,957,998,0.4895140664961637,0.5104859335038363
1956,957,999,0.4892638036809816,0.5107361963190185
1957,958,999,0.4895247828308636,0.5104752171691365
1958,959,999,0.48978549540347294,0.5102145045965271
1959,960,999,0.4900459418070444,0.5099540581929556
1960,960,1000,0.4897959183673469,0.5102040816326531
1961,960,1001,0.4895461499235084,0.5104538500764916
1962,960,1002,0.4892966360856269,0.5107033639143731
1963,960,1003,0.489047376464595,0.5109526235354049
1964,960,1004,0.48879837067209775,0.5112016293279023
1965,960,1005,0.48854961832061067,0.5114503816793893
1966,960,1006,0.4883011190233978,0.5116988809766022
1967,961,1006,0.4885612608032537,0.5114387391967463
1968,961,1007,0.4883130081300813,0.5116869918699187
1969,962,1007,0.48857287963433216,0.5114271203656678
1970,963,1007,0.4888324873096447,0.5111675126903553
1971,963,1008,0.4885844748858447,0.5114155251141552
1972,964,1008,0.48884381338742394,0.5111561866125761
1973,964,1009,0.48859604662949824,0.5114039533705018
1974,965,1009,0.488855116514691,0.5111448834853091
1975,966,1009,0.4891139240506329,0.5108860759493671
1976,966,1010,0.4888663967611336,0.5111336032388664
1977,966,1011,0.48861911987860396,0.511380880121396
1978,966,1012,0.4883720930232558,0.5116279069767442
1979,966,1013,0.4881253158160687,0.5118746841839312
1980,967,1013,0.48838383838383836,0.5116161616161616
1981,968,1013,0.48864209994952046,0.5113579000504795
1982,969,1013,0.48890010090817354,0.5110998990918264
1983,970,1013,0.4891578416540595,0.5108421583459405
1984,970,1014,0.4889112903225806,0.5110887096774194
1985,970,1015,0.48866498740554154,0.5113350125944585
1986,970,1016,0.48841893252769386,0.5115810674723061
1987,971,1016,0.4886763965777554,0.5113236034222446
1988,971,1017,0.48843058350100604,0.511569416498994
1989,972,1017,0.48868778280542985,0.5113122171945701
1990,973,1017,0.48894472361809044,0.5110552763819095
1991,974,1017,0.48920140632847814,0.5107985936715218
1992,975,1017,0.4894578313253012,0.5105421686746988
1993,975,1018,0.4892122428499749,0.5107877571500251
1994,976,1018,0.48946840521564694,0.5105315947843531
1995,976,1019,0.4892230576441103,0.5107769423558898
1996,976,1020,0.48897795591182364,0.5110220440881763
1997,977,1020,0.48923385077616427,0.5107661492238358
1998,978,1020,0.4894894894894895,0.5105105105105106
1999,978,1021,0.48924462231115556,0.5107553776888444
2000,978,1022,0.489,0.511
2001,978,1023,0.48875562218890556,0.5112443778110944
2002,979,1023,0.489010989010989,0.510989010989011
2003,979,1024,0.4887668497254119,0.5112331502745882
2004,979,1025,0.48852295409181634,0.5114770459081837
2005,979,1026,0.4882793017456359,0.5117206982543641
2006,980,1026,0.4885343968095713,0.5114656031904287
2007,980,1027,0.48829098156452416,0.5117090184354758
2008,981,1027,0.48854581673306774,0.5114541832669323
2009,982,1027,0.4888003982080637,0.5111996017919362
2010,982,1028,0.48855721393034823,0.5114427860696518
2011,982,1029,0.4883142715067131,0.511685728493287
2012,982,1030,0.48807157057654077,0.5119284294234593
2013,983,1030,0.4883258817685047,0.5116741182314953
2014,983,1031,0.48808341608738826,0.5119165839126117
2015,984,1031,0.48833746898263025,0.5116625310173697
2016,984,1032,0.4880952380952381,0.5119047619047619
2017,985,1032,0.48834903321765,0.51165096678235
2018,986,1032,0.4886025768087215,0.5113974231912785
2019,987,1032,0.4888558692421991,0.5111441307578009
2020,987,1033,0.4886138613861386,0.5113861386138614
2021,988,1033,0.4888668975754577,0.5111331024245424
2022,988,1034,0.4886251236399604,0.5113748763600395
2023,988,1035,0.48838358872960946,0.5116164112703905
2024,988,1036,0.4881422924901186,0.5118577075098815
2025,988,1037,0.48790123456790124,0.5120987654320988
2026,989,1037,0.48815399802566634,0.5118460019743336
2027,990,1037,0.48840651208682784,0.5115934879131722
2028,990,1038,0.4881656804733728,0.5118343195266272
2029,991,1038,0.48841793987185805,0.5115820601281419
2030,992,1038,0.4886699507389163,0.5113300492610837
2031,993,1038,0.48892171344165436,0.5110782865583456
2032,993,1039,0.48868110236220474,0.5113188976377953
2033,993,1040,0.48844072798819477,0.5115592720118052
2034,994,1040,0.4886922320550639,0.511307767944936
2035,994,1041,0.48845208845208843,0.5115479115479116
2036,995,1041,0.48870333988212183,0.5112966601178782
2037,996,1041,0.4889543446244477,0.5110456553755522
2038,997,1041,0.4892051030421982,0.5107948969578018
2039,997,1042,0.4889651790093183,0.5110348209906818
2040,997,1043,0.4887254901960784,0.5112745098039215
2041,997,1044,0.48848603625673687,0.5115139637432631
2042,998,1044,0.4887365328109696,0.5112634671890304
2043,999,1044,0.4889867841409692,0.5110132158590308
2044,999,1045,0.48874755381604695,0.511252446183953
2045,999,1046,0.4885085574572127,0.5114914425427873
2046,999,1047,0.48826979472140764,0.5117302052785924
2047,1000,1047,0.48851978505129456,0.5114802149487054
2048,1000,1048,0.48828125,0.51171875
2049,1001,1048,0.488530990727184,0.511469009272816
2050,1002,1048,0.48878048780487804,0.511219512195122
2051,1003,1048,0.48902974158946855,0.5109702584105315
2052,1003,1049,0.48879142300194933,0.5112085769980507
2053,1003,1050,0.48855333658061373,0.5114466634193863
2054,1003,1051,0.48831548198636804,0.5116845180136319
2055,1003,1052,0.4880778588807786,0.5119221411192214
2056,1004,1052,0.4883268482490272,0.5116731517509727
2057,1004,1053,0.48808945065629555,0.5119105493437044
2058,1005,1053,0.48833819241982507,0.5116618075801749
2059,1006,1053,0.48858669256920834,0.5114133074307916
2060,1006,1054,0.4883495145631068,0.5116504854368932
2061,1006,1055,0.4881125667151868,0.5118874332848132
2062,1006,1056,0.48787584869059164,0.5121241513094084
2063,1006,1057,0.4876393601551139,0.5123606398448861
2064,1007,1057,0.4878875968992248,0.5121124031007752
2065,1007,1058,0.48765133171912833,0.5123486682808717
2066,1007,1059,0.4874152952565344,0.5125847047434656
2067,1007,1060,0.48717948717948717,0.5128205128205128
2068,1008,1060,0.4874274661508704,0.5125725338491296
2069,1008,1061,0.4871918801353311,0.5128081198646689
2070,1008,1062,0.48695652173913045,0.5130434782608696
2071,1008,1063,0.48672139063254466,0.5132786093674553
2072,1008,1064,0.4864864864864865,0.5135135135135135
2073,1008,1065,0.48625180897250364,0.5137481910274964
2074,1008,1066,0.48601735776277727,0.5139826422372228
2075,1008,1067,0.4857831325301205,0.5142168674698795
2076,1008,1068,0.48554913294797686,0.5144508670520231
2077,1008,1069,0.48531535869041886,0.5146846413095811
2078,1008,1070,0.4850818094321463,0.5149181905678537
2079,1009,1070,0.48532948532948533,0.5146705146705147
2080,1010,1070,0.4855769230769231,0.5144230769230769
2081,1011,1070,0.48582412301777994,0.5141758769822201
2082,1011,1071,0.48559077809798273,0.5144092219020173
2083,1011,1072,0.485357657225156,0.514642342774844
2084,1012,1072,0.4856046065259117,0.5143953934740882
2085,1013,1072,0.4858513189448441,0.5141486810551559
2086,1013,1073,0.4856184084372004,0.5143815915627996
2087,1013,1074,0.4853857211308098,0.5146142788691902
2088,1013,1075,0.48515325670498083,0.5148467432950191
2089,1014,1075,0.48539971278123506,0.5146002872187649
2090,1014,1076,0.4851674641148325,0.5148325358851674
2091,1014,1077,0.48493543758967,0.5150645624103299
2092,1015,1077,0.48518164435946465,0.5148183556405354
2093,1015,1078,0.48494983277591974,0.5150501672240803
2094,1016,1078,0.48519579751671443,0.5148042024832856
2095,1016,1079,0.48496420047732697,0.515035799522673
2096,1017,1079,0.48520992366412213,0.5147900763358778
2097,1018,1079,0.4854554124940391,0.5145445875059609
2098,1018,1080,0.4852240228789323,0.5147759771210677
2099,1019,1080,0.48546927108146737,0.5145307289185327
2100,1019,1081,0.48523809523809525,0.5147619047619048
2101,1019,1082,0.48500713945740126,0.5149928605425987
2102,1020,1082,0.48525214081826834,0.5147478591817317
2103,1021,1082,0.48549690917736565,0.5145030908226343
2104,1022,1082,0.48574144486692017,0.5142585551330798
2105,1023,1082,0.4859857482185273,0.5140142517814726
2106,1023,1083,0.48575498575498577,0.5142450142450142
2107,1024,1083,0.48599905078310396,0.5140009492168961
2108,1024,1084,0.4857685009487666,0.5142314990512334
2109,1024,1085,0.48553816974869607,0.514461830251304
2110,1024,1086,0.48530805687203793,0.5146919431279621
2111,1025,1086,0.4855518711511132,0.5144481288488868
2112,1025,1087,0.4853219696969697,0.5146780303030303
2113,1026,1087,0.4855655466161855,0.5144344533838144
2114,1027,1087,0.4858088930936613,0.5141911069063387
2115,1027,1088,0.48557919621749407,0.5144208037825059
2116,1027,1089,0.4853497164461248,0.5146502835538752
2117,1028,1089,0.485592820028342,0.514407179971658
2118,1029,1089,0.48583569405099153,0.5141643059490085
2119,1030,1089,0.48607833883907503,0.513921661160925
2120,1030,1090,0.4858490566037736,0.5141509433962265
2121,1030,1091,0.4856199905704856,0.5143800094295143
2122,1031,1091,0.4858623939679548,0.5141376060320453
2123,1031,1092,0.48563353744700893,0.514366462552991
2124,1031,1093,0.4854048964218456,0.5145951035781544
2125,1032,1093,0.48564705882352943,0.5143529411764706
2126,1032,1094,0.4854186265286924,0.5145813734713076
2127,1033,1094,0.48566055477197934,0.5143394452280207
2128,1033,1095,0.48543233082706766,0.5145676691729323
2129,1034,1095,0.48567402536402066,0.5143259746359793
2130,1034,1096,0.48544600938967136,0.5145539906103287
2131,1034,1097,0.48521820741435945,0.5147817925856405
2132,1035,1097,0.48545966228893056,0.5145403377110694
2133,1036,1097,0.4857008907641819,0.5142991092358181
2134,1037,1097,0.485941893158388,0.514058106841612
2135,1037,1098,0.4857142857142857,0.5142857142857142
2136,1038,1098,0.4859550561797753,0.5140449438202247
2137,1039,1098,0.486195601310248,0.513804398689752
2138,1039,1099,0.4859681945743686,0.5140318054256314
2139,1040,1099,0.48620850864890136,0.5137914913510987
2140,1040,1100,0.48598130841121495,0.514018691588785
2141,1040,1101,0.4857543204110229,0.5142456795889772
2142,1041,1101,0.48599439775910364,0.5140056022408963
2143,1042,1101,0.48623425104993,0.51376574895007
2144,1043,1101,0.4864738805970149,0.5135261194029851
2145,1043,1102,0.48624708624708624,0.5137529137529138
2146,1044,1102,0.4864864864864865,0.5135135135135135
2147,1044,1103,0.4862598975314392,0.5137401024685608
2148,1045,1103,0.4864990689013035,0.5135009310986964
2149,1045,1104,0.4862726849697534,0.5137273150302466
2150,1045,1105,0.48604651162790696,0.513953488372093
2151,1046,1105,0.48628544862854484,0.5137145513714552
2152,1047,1105,0.48652416356877326,0.5134758364312267
2153,1047,1106,0.4862981885740827,0.5137018114259173
2154,1047,1107,0.4860724233983287,0.5139275766016713
2155,1047,1108,0.48584686774941993,0.51415313225058
2156,1047,1109,0.48562152133580705,0.514378478664193
2157,1047,1110,0.4853963838664812,0.5146036161335188
2158,1047,1111,0.48517145505097314,0.5148285449490269
2159,1047,1112,0.48494673459935156,0.5150532654006484
2160,1048,1112,0.48518518518518516,0.5148148148148148
2161,1048,1113,0.48496066635816754,0.5150393336418325
2162,1049,1113,0.48519888991674376,0.5148011100832562
2163,1049,1114,0.4849745723532131,0.5150254276467868
2164,1049,1115,0.48475046210720885,0.5152495378927912
2165,1050,1115,0.48498845265588914,0.5150115473441108
2166,1050,1116,0.48476454293628807,0.5152354570637119
2167,1050,1117,0.4845408398707891,0.5154591601292109
2168,1050,1118,0.4843173431734317,0.5156826568265682
2169,1051,1118,0.48455509451360074,0.5154449054863992
2170,1051,1119,0.48433179723502306,0.5156682027649769
2171,1052,1119,0.4845693228926762,0.5154306771073238
2172,1052,1120,0.4843462246777164,0.5156537753222836
2173,1052,1121,0.48412333179935574,0.5158766682006443
2174,1052,1122,0.48390064397424104,0.516099356025759
2175,1052,1123,0.48367816091954025,0.5163218390804598
2176,1053,1123,0.48391544117647056,0.5160845588235294
2177,1054,1123,0.48415250344510796,0.515847496554892
2178,1055,1123,0.48438934802571165,0.5156106519742883
2179,1055,1124,0.48416704910509406,0.5158329508949059
2180,1055,1125,0.48394495412844035,0.5160550458715596
2181,1055,1126,0.48372306281522237,0.5162769371847776
2182,1056,1126,0.48395967002749773,0.5160403299725023
2183,1056,1127,0.483737975263399,0.516262024736601
2184,1057,1127,0.483974358974359,0.5160256410256411
2185,1058,1127,0.4842105263157895,0.5157894736842106
2186,1058,1128,0.4839890210430009,0.5160109789569991
2187,1059,1128,0.4842249657064472,0.5157750342935528
2188,1060,1128,0.4844606946983547,0.5155393053016454
2189,1060,1129,0.4842393787117405,0.5157606212882595
2190,1061,1129,0.48447488584474885,0.5155251141552512
2191,1061,1130,0.4842537654039252,0.5157462345960748
2192,1061,1131,0.4840328467153285,0.5159671532846716
2193,1061,1132,0.483812129502964,0.5161878704970361
2194,1062,1132,0.4840474020054695,0.5159525979945305
2195,1062,1133,0.4838268792710706,0.5161731207289294
2196,1062,1134,0.48360655737704916,0.5163934426229508
2197,1062,1135,0.48338643604915793,0.516613563950842
2198,1062,1136,0.48316651501364877,0.5168334849863512
2199,1062,1137,0.4829467939972715,0.5170532060027285
2200,1063,1137,0.48318181818181816,0.5168181818181818
2201,1063,1138,0.4829622898682417,0.5170377101317583
2202,1063,1139,0.48274296094459584,0.5172570390554042
2203,1064,1139,0.4829777576032683,0.5170222423967318
2204,1065,1139,0.48321234119782214,0.5167876588021778
2205,1066,1139,0.4834467120181406,0.5165532879818594
2206,1066,1140,0.48322756119673616,0.5167724388032638
2207,1066,1141,0.4830086089714545,0.5169913910285455
2208,1066,1142,0.48278985507246375,0.5172101449275363
2209,1067,1142,0.48302399275690355,0.5169760072430964
2210,1067,1143,0.4828054298642534,0.5171945701357467
2211,1067,1144,0.48258706467661694,0.5174129353233831
2212,1068,1144,0.48282097649186256,0.5171790235081374
2213,1068,1145,0.482602801626751,0.5173971983732489
2214,1068,1146,0.4823848238482385,0.5176151761517616
2215,1068,1147,0.4821670428893905,0.5178329571106095
2216,1068,1148,0.48194945848375453,0.5180505415162455
2217,1069,1148,0.4821831303563374,0.5178168696436626
2218,1070,1148,0.4824165915238954,0.5175834084761046
2219,1070,1149,0.4821991888237945,0.5178008111762055
2220,1071,1149,0.48243243243243245,0.5175675675675676
2221,1072,1149,0.48266546600630345,0.5173345339936966
2222,1072,1150,0.48244824482448245,0.5175517551755175
2223,1072,1151,0.48223121907332434,0.5177687809266757
2224,1072,1152,0.48201438848920863,0.5179856115107914
2225,1073,1152,0.482247191011236,0.5177528089887641
2226,1074,1152,0.48247978436657685,0.5175202156334232
2227,1075,1152,0.48271216883700047,0.5172878311629996
2228,1075,1153,0.48249551166965887,0.5175044883303411
2229,1075,1154,0.4822790489008524,0.5177209510991476
2230,1076,1154,0.48251121076233183,0.5174887892376682
2231,1077,1154,0.48274316450022414,0.5172568354997759
2232,1078,1154,0.4829749103942652,0.5170250896057348
2233,1078,1155,0.4827586206896552,0.5172413793103449
2234,1079,1155,0.4829901521933751,0.5170098478066248
2235,1079,1156,0.48277404921700223,0.5172259507829977
2236,1079,1157,0.48255813953488375,0.5174418604651163
2237,1079,1158,0.48234242288779616,0.5176575771122038
2238,1079,1159,0.48212689901697947,0.5178731009830205
2239,1080,1159,0.482358195623046,0.517641804376954
2240,1080,1160,0.48214285714285715,0.5178571428571429
2241,1080,1161,0.4819277108433735,0.5180722891566265
2242,1080,1162,0.4817127564674398,0.5182872435325602
2243,1081,1162,0.48194382523406154,0.5180561747659385
2244,1082,1162,0.482174688057041,0.517825311942959
2245,1082,1163,0.48195991091314033,0.5180400890868597
2246,1083,1163,0.4821905609973286,0.5178094390026714
2247,1083,1164,0.4819759679572764,0.5180240320427236
2248,1084,1164,0.4822064056939502,0.5177935943060499
2249,1085,1164,0.48243663850600266,0.5175633614939973
2250,1086,1164,0.4826666666666667,0.5173333333333333
2251,1087,1164,0.4828964904486895,0.5171035095513106
2252,1088,1164,0.48312611012433393,0.5168738898756661
2253,1088,1165,0.4829116733244563,0.5170883266755437
2254,1088,1166,0.48269742679680566,0.5173025732031943
2255,1088,1167,0.48248337028824834,0.5175166297117516
2256,1089,1167,0.48271276595744683,0.5172872340425532
2257,1090,1167,0.48294195835179443,0.5170580416482056
2258,1090,1168,0.48272807794508416,0.5172719220549159
2259,1090,1169,0.482514386896857,0.517485613103143
2260,1091,1169,0.4827433628318584,0.5172566371681416
2261,1091,1170,0.4825298540468819,0.5174701459531181
2262,1092,1170,0.4827586206896552,0.5172413793103449
2263,1093,1170,0.4829871851524525,0.5170128148475475
2264,1093,1171,0.482773851590106,0.517226148409894
2265,1094,1171,0.48300220750551875,0.5169977924944812
2266,1094,1172,0.48278905560458957,0.5172109443954104
2267,1094,1173,0.4825760917512131,0.5174239082487869
2268,1095,1173,0.4828042328042328,0.5171957671957672
2269,1096,1173,0.4830321727633319,0.5169678272366681
2270,1097,1173,0.48325991189427314,0.5167400881057269
2271,1098,1173,0.48348745046235136,0.5165125495376486
2272,1098,1174,0.48327464788732394,0.516725352112676
2273,1099,1174,0.48350197976242854,0.5164980202375715
2274,1100,1174,0.4837291116974494,0.5162708883025505
2275,1100,1175,0.4835164835164835,0.5164835164835165
2276,1101,1175,0.4837434094903339,0.5162565905096661
2277,1101,1176,0.48353096179183136,0.5164690382081687
2278,1101,1177,0.4833187006145742,0.5166812993854258
2279,1101,1178,0.48310662571303203,0.516893374286968
2280,1101,1179,0.48289473684210527,0.5171052631578947
2281,1101,1180,0.48268303375712407,0.5173169662428759
2282,1101,1181,0.4824715162138475,0.5175284837861525
2283,1102,1181,0.4826982041173894,0.5173017958826106
2284,1102,1182,0.48248686514886163,0.5175131348511384
2285,1102,1183,0.48227571115973744,0.5177242888402626
2286,1103,1183,0.48250218722659666,0.5174978127734033
2287,1103,1184,0.48229121119370355,0.5177087888062964
2288,1103,1185,0.4820804195804196,0.5179195804195804
2289,1103,1186,0.4818698121450415,0.5181301878549585
2290,1103,1187,0.4816593886462882,0.5183406113537118
2291,1103,1188,0.48144914884329987,0.5185508511567001
2292,1104,1188,0.4816753926701571,0.518324607329843
2293,1104,1189,0.48146532926297425,0.5185346707370257
2294,1105,1189,0.481691368788143,0.518308631211857
2295,1106,1189,0.481917211328976,0.518082788671024
2296,1107,1189,0.48214285714285715,0.5178571428571429
2297,1108,1189,0.4823683064867218,0.5176316935132782
2298,1108,1190,0.4821583986074848,0.5178416013925152
2299,1109,1190,0.4823836450630709,0.5176163549369291
2300,1110,1190,0.4826086956521739,0.5173913043478261
2301,1110,1191,0.48239895697522817,0.5176010430247718
2302,1111,1191,0.4826238053866203,0.5173761946133797
2303,1111,1192,0.4824142422926617,0.5175857577073383
2304,1112,1192,0.4826388888888889,0.5173611111111112
2305,1112,1193,0.4824295010845987,0.5175704989154013
2306,1113,1193,0.4826539462272333,0.5173460537727667
2307,1114,1193,0.48287819679237104,0.5171218032076289
2308,1114,1194,0.4826689774696707,0.5173310225303293
2309,1115,1194,0.48289302728453876,0.5171069727154612
2310,1116,1194,0.4831168831168831,0.5168831168831168
2311,1117,1194,0.4833405452185201,0.5166594547814799
2312,1117,1195,0.48313148788927335,0.5168685121107266
2313,1118,1195,0.4833549502810203,0.5166450497189797
2314,1119,1195,0.48357821953327573,0.5164217804667243
2315,1120,1195,0.4838012958963283,0.5161987041036717
2316,1121,1195,0.4840241796200345,0.5159758203799655
2317,1122,1195,0.4842468709538196,0.5157531290461804
2318,1123,1195,0.4844693701466782,0.5155306298533219
2319,1124,1195,0.4846916774471755,0.5153083225528244
2320,1124,1196,0.4844827586206897,0.5155172413793103
2321,1124,1197,0.4842740198190435,0.5157259801809565
2322,1124,1198,0.48406546080964685,0.5159345391903531
2323,1125,1198,0.48428755919070166,0.5157124408092983
2324,1125,1199,0.48407917383821,0.51592082616179
2325,1125,1200,0.4838709677419355,0.5161290322580645
2326,1126,1200,0.48409286328460877,0.5159071367153912
2327,1126,1201,0.48388483025354534,0.5161151697464547
2328,1127,1201,0.484106529209622,0.5158934707903781
2329,1128,1201,0.4843280377844568,0.5156719622155431
2330,1129,1201,0.48454935622317596,0.515450643776824
2331,1129,1202,0.48434148434148433,0.5156585156585156
2332,1129,1203,0.4841337907375643,0.5158662092624356
2333,1129,1204,0.4839262751821689,0.5160737248178311
2334,1130,1204,0.48414738646101113,0.5158526135389888
2335,1130,1205,0.48394004282655245,0.5160599571734475
2336,1130,1206,0.4837328767123288,0.5162671232876712
2337,1131,1206,0.4839537869062901,0.5160462130937099
2338,1132,1206,0.48417450812660395,0.5158254918733961
2339,1133,1206,0.4843950406156477,0.5156049593843522
2340,1134,1206,0.4846153846153846,0.5153846153846153
2341,1135,1206,0.48483554036736437,0.5151644596326356
2342,1136,1206,0.4850555081127242,0.5149444918872759
2343,1137,1206,0.4852752880921895,0.5147247119078106
2344,1138,1206,0.4854948805460751,0.514505119453925
2345,1139,1206,0.4857142857142857,0.5142857142857142
2346,1140,1206,0.4859335038363171,0.5140664961636828
2347,1141,1206,0.48615253515125695,0.5138474648487431
2348,1142,1206,0.48637137989778534,0.5136286201022147
2349,1142,1207,0.48616432524478503,0.513835674755215
2350,1142,1208,0.48595744680851066,0.5140425531914894
2351,1142,1209,0.4857507443641004,0.5142492556358996
2352,1142,1210,0.48554421768707484,0.5144557823129252
2353,1143,1210,0.4857628559286018,0.5142371440713982
2354,1144,1210,0.48598130841121495,0.514018691588785
2355,1145,1210,0.4861995753715499,0.5138004246284501
2356,1146,1210,0.4864176570458404,0.5135823429541596
2357,1146,1211,0.4862112855324565,0.5137887144675435
2358,1146,1212,0.4860050890585242,0.5139949109414759
2359,1147,1212,0.4862229758372192,0.5137770241627808
2360,1147,1213,0.4860169491525424,0.5139830508474577
2361,1148,1213,0.4862346463362982,0.5137653536637018
2362,1148,1214,0.48602878916172737,0.5139712108382727
2363,1149,1214,0.48624629707998307,0.5137537029200169
2364,1150,1214,0.48646362098138746,0.5135363790186125
2365,1151,1214,0.48668076109936576,0.5133192389006342
2366,1152,1214,0.48689771766694845,0.5131022823330516
2367,1152,1215,0.4866920152091255,0.5133079847908745
2368,1152,1216,0.4864864864864865,0.5135135135135135
2369,1152,1217,0.4862811312790207,0.5137188687209793
2370,1153,1217,0.48649789029535867,0.5135021097046414
2371,1154,1217,0.48671446646984395,0.513285533530156
2372,1155,1217,0.4869308600337268,0.5130691399662732
2373,1156,1217,0.48714707121786766,0.5128529287821323
2374,1156,1218,0.4869418702611626,0.5130581297388374
2375,1156,1219,0.48673684210526313,0.5132631578947369
2376,1156,1220,0.48653198653198654,0.5134680134680135
2377,1156,1221,0.48632730332351704,0.513672696676483
2378,1156,1222,0.4861227922624054,0.5138772077375946
2379,1157,1222,0.48633879781420764,0.5136612021857924
2380,1158,1222,0.4865546218487395,0.5134453781512605
2381,1159,1222,0.4867702645947081,0.5132297354052919
2382,1159,1223,0.48656591099916036,0.5134340890008396
2383,1160,1223,0.4867813680234998,0.5132186319765002
2384,1160,1224,0.4865771812080537,0.5134228187919463
2385,1161,1224,0.4867924528301887,0.5132075471698113
2386,1161,1225,0.4865884325230511,0.5134115674769488
2387,1161,1226,0.4863845831587767,0.5136154168412232
2388,1162,1226,0.48659966499162477,0.5134003350083752
2389,1163,1226,0.48681456676433654,0.5131854332356635
2390,1164,1226,0.4870292887029289,0.5129707112970712
2391,1164,1227,0.4868255959849435,0.5131744040150564
2392,1165,1227,0.4870401337792642,0.5129598662207357
2393,1165,1228,0.4868366067697451,0.513163393230255
2394,1165,1229,0.48663324979114453,0.5133667502088555
2395,1166,1229,0.4868475991649269,0.5131524008350731
2396,1166,1230,0.48664440734557596,0.513355592654424
2397,1166,1231,0.48644138506466417,0.5135586149353358
2398,1166,1232,0.48623853211009177,0.5137614678899083
2399,1166,1233,0.48603584827011254,0.5139641517298874
2400,1167,1233,0.48625,0.51375
2401,1167,1234,0.4860474802165764,0.5139525197834236
2402,1167,1235,0.4858451290591174,0.5141548709408826
2403,1168,1235,0.48605909280066584,0.5139409071993342
2404,1169,1235,0.4862728785357737,0.5137271214642263
2405,1169,1236,0.4860706860706861,0.513929313929314
2406,1169,1237,0.4858686616791355,0.5141313383208646
2407,1169,1238,0.48566680515164107,0.5143331948483589
2408,1169,1239,0.48546511627906974,0.5145348837209303
2409,1170,1239,0.48567870485678705,0.5143212951432129
2410,1170,1240,0.4854771784232365,0.5145228215767634
2411,1170,1241,0.4852758191621734,0.5147241808378267
2412,1171,1241,0.4854892205638474,0.5145107794361525
2413,1171,1242,0.4852880232076254,0.5147119767923747
2414,1171,1243,0.4850869925434963,0.5149130074565037
2415,1171,1244,0.4848861283643892,0.5151138716356107
2416,1171,1245,0.48468543046357615,0.5153145695364238
2417,1171,1246,0.4844848986346711,0.515515101365329
2418,1171,1247,0.48428453267162946,0.5157154673283706
2419,1172,1247,0.48449772633319554,0.5155022736668045
2420,1173,1247,0.4847107438016529,0.5152892561983471
2421,1173,1248,0.48451053283767037,0.5154894671623296
2422,1173,1249,0.4843104872006606,0.5156895127993394
2423,1173,1250,0.48411060668592654,0.5158893933140735
2424,1174,1250,0.48432343234323433,0.5156765676567657
2425,1174,1251,0.4841237113402062,0.5158762886597938
2426,1174,1252,0.48392415498763397,0.516075845012366
2427,1175,1252,0.48413679439637414,0.5158632056036259
2428,1175,1253,0.4839373970345964,0.5160626029654036
2429,1176,1253,0.484149855907781,0.515850144092219
2430,1177,1253,0.4843621399176955,0.5156378600823045
2431,1178,1253,0.48457424928013165,0.5154257507198684
2432,1179,1253,0.4847861842105263,0.5152138157894737
2433,1180,1253,0.4849979449239622,0.5150020550760378
2434,1180,1254,0.4847986852917009,0.5152013147082991
2435,1181,1254,0.48501026694045174,0.5149897330595482
2436,1181,1255,0.4848111658456486,0.5151888341543513
2437,1181,1256,0.484612228149364,0.515387771850636
2438,1181,1257,0.48441345365053323,0.5155865463494668
2439,1182,1257,0.48462484624846247,0.5153751537515375
2440,1183,1257,0.4848360655737705,0.5151639344262295
2441,1184,1257,0.48504711183941007,0.5149528881605899
2442,1185,1257,0.48525798525798525,0.5147420147420148
2443,1185,1258,0.48505935325419564,0.5149406467458043
2444,1185,1259,0.484860883797054,0.515139116202946
2445,1185,1260,0.48466257668711654,0.5153374233128835
2446,1185,1261,0.48446443172526577,0.5155355682747342
2447,1186,1261,0.4846751123825092,0.5153248876174908
2448,1187,1261,0.4848856209150327,0.5151143790849673
2449,1187,1262,0.4846876276031033,0.5153123723968966
2450,1187,1263,0.4844897959183673,0.5155102040816326
2451,1188,1263,0.4847001223990208,0.5152998776009792
2452,1188,1264,0.48450244698205547,0.5154975530179445
2453,1189,1264,0.48471259682022017,0.5152874031797798
2454,1189,1265,0.48451507742461286,0.5154849225753871
2455,1189,1266,0.48431771894093684,0.5156822810590631
2456,1189,1267,0.48412052117263843,0.5158794788273615
2457,1190,1267,0.4843304843304843,0.5156695156695157
2458,1191,1267,0.48454027664768107,0.5154597233523189
2459,1191,1268,0.4843432289548597,0.5156567710451403
2460,1191,1269,0.4841463414634146,0.5158536585365854
2461,1192,1269,0.48435595286468913,0.5156440471353109
2462,1192,1270,0.4841592201462226,0.5158407798537774
2463,1192,1271,0.48396264717823795,0.5160373528217621
2464,1192,1272,0.4837662337662338,0.5162337662337663
2465,1193,1272,0.48397565922920893,0.5160243407707911
2466,1193,1273,0.483779399837794,0.5162206001622061
2467,1193,1274,0.48358329955411433,0.5164167004458857
2468,1194,1274,0.4837925445705024,0.5162074554294975
2469,1195,1274,0.4840016200891049,0.5159983799108951
2470,1196,1274,0.4842105263157895,0.5157894736842106
2471,1197,1274,0.48441926345609065,0.5155807365439093
2472,1197,1275,0.4842233009708738,0.5157766990291263
2473,1198,1275,0.48443186413263245,0.5155681358673676
2474,1198,1276,0.48423605497170574,0.5157639450282943
2475,1198,1277,0.48404040404040405,0.515959595959596
2476,1198,1278,0.48384491114701134,0.5161550888529887
2477,1199,1278,0.4840532902704885,0.5159467097295115
2478,1199,1279,0.4838579499596449,0.5161420500403551
2479,1199,1280,0.4836627672448568,0.5163372327551432
2480,1199,1281,0.48346774193548386,0.5165322580645161
2481,1200,1281,0.4836759371221282,0.5163240628778718
2482,1201,1281,0.483883964544722,0.516116035455278
2483,1201,1282,0.48368908578332664,0.5163109142166734
2484,1201,1283,0.4834943639291465,0.5165056360708534
2485,1202,1283,0.48370221327967805,0.5162977867203219
2486,1203,1283,0.48390989541432017,0.5160901045856798
2487,1204,1283,0.48411741053478086,0.5158825894652191
2488,1204,1284,0.48392282958199356,0.5160771704180064
2489,1204,1285,0.48372840498192043,0.5162715950180795
2490,1205,1285,0.4839357429718876,0.5160642570281124
2491,1206,1285,0.48414291449217184,0.5158570855078282
2492,1207,1285,0.48434991974317815,0.5156500802568218
2493,1208,1285,0.48455675892498995,0.51544324107501
2494,1209,1285,0.4847634322373697,0.5152365677626303
2495,1209,1286,0.4845691382765531,0.5154308617234469
2496,1210,1286,0.484775641025641,0.5152243589743589
2497,1210,1287,0.4845814977973568,0.5154185022026432
2498,1211,1287,0.48478783026421135,0.5152121697357886
2499,1211,1288,0.484593837535014,0.5154061624649859
2500,1212,1288,0.4848,0.5152
2501,1213,1288,0.48500599760095964,0.5149940023990404
2502,1213,1289,0.4848121502797762,0.5151878497202238
2503,1213,1290,0.48461845785057933,0.5153815421494207
2504,1213,1291,0.48442492012779553,0.5155750798722045
2505,1213,1292,0.48423153692614773,0.5157684630738523
2506,1213,1293,0.48403830806065445,0.5159616919393456
2507,1214,1293,0.48424411647387317,0.5157558835261269
2508,1214,1294,0.4840510366826156,0.5159489633173844
2509,1214,1295,0.48385811080111596,0.516141889198884
2510,1215,1295,0.48406374501992033,0.5159362549800797
2511,1216,1295,0.4842692154520111,0.5157307845479888
2512,1217,1295,0.48447452229299365,0.5155254777070064
2513,1218,1295,0.48467966573816157,0.5153203342618384
2514,1218,1296,0.48448687350835323,0.5155131264916468
2515,1218,1297,0.4842942345924453,0.5157057654075546
2516,1218,1298,0.4841017488076312,0.5158982511923689
2517,1218,1299,0.48390941597139453,0.5160905840286055
2518,1219,1299,0.4841143764892772,0.5158856235107228
2519,1219,1300,0.48392219134577213,0.5160778086542279
2520,1220,1300,0.48412698412698413,0.5158730158730159
2521,1220,1301,0.4839349464498215,0.5160650535501785
2522,1220,1302,0.4837430610626487,0.5162569389373514
2523,1220,1303,0.48355132778438364,0.5164486722156163
2524,1220,1304,0.48335974643423135,0.5166402535657686
2525,1220,1305,0.48316831683168315,0.5168316831683168
2526,1220,1306,0.4829770387965162,0.5170229612034838
2527,1221,1306,0.48318163830629207,0.516818361693708
2528,1221,1307,0.48299050632911394,0.5170094936708861
2529,1222,1307,0.4831949387109529,0.516805061289047
2530,1222,1308,0.48300395256916995,0.51699604743083
2531,1222,1309,0.48281311734492294,0.5171868826550771
2532,1223,1309,0.4830173775671406,0.5169826224328594
2533,1224,1309,0.48322147651006714,0.5167785234899329
2534,1225,1309,0.48342541436464087,0.5165745856353591
2535,1225,1310,0.4832347140039448,0.5167652859960552
2536,1225,1311,0.4830441640378549,0.5169558359621451
2537,1226,1311,0.4832479306267245,0.5167520693732756
2538,1227,1311,0.483451536643026,0.516548463356974
2539,1228,1311,0.4836549822764868,0.5163450177235132
2540,1228,1312,0.48346456692913387,0.5165354330708661
2541,1229,1312,0.4836678473042109,0.516332152695789
2542,1229,1313,0.48347757671125097,0.516522423288749
2543,1229,1314,0.4832874557609123,0.5167125442390877
2544,1229,1315,0.48309748427672955,0.5169025157232704
2545,1229,1316,0.48290766208251473,0.5170923379174852
2546,1230,1316,0.4831107619795758,0.5168892380204242
2547,1230,1317,0.4829210836277974,0.5170789163722026
2548,1231,1317,0.4831240188383045,0.5168759811616954
2549,1231,1318,0.48293448411141626,0.5170655158885837
2550,1231,1319,0.48274509803921567,0.5172549019607843
2551,1231,1320,0.4825558604468836,0.5174441395531164
2552,1232,1320,0.4827586206896552,0.5172413793103449
2553,1233,1320,0.48296122209165687,0.5170387779083431
2554,1234,1320,0.4831636648394675,0.5168363351605325
2555,1234,1321,0.48297455968688846,0.5170254403131116
2556,1234,1322,0.48278560250391234,0.5172143974960877
2557,1234,1323,0.48259679311693393,0.5174032068830661
2558,1234,1324,0.48240813135261923,0.5175918686473807
2559,1235,1324,0.482610394685424,0.517389605314576
2560,1236,1324,0.4828125,0.5171875
2561,1236,1325,0.4826239750097618,0.5173760249902382
2562,1237,1325,0.48282591725214674,0.5171740827478533
2563,1237,1326,0.4826375341396801,0.51736246586032
2564,1237,1327,0.4824492979719189,0.5175507020280812
2565,1238,1327,0.48265107212475633,0.5173489278752437
2566,1238,1328,0.48246297739672644,0.5175370226032736
2567,1238,1329,0.4822750292169848,0.5177249707830152
2568,1239,1329,0.4824766355140187,0.5175233644859814
2569,1240,1329,0.48267808485792135,0.5173219151420786
2570,1241,1329,0.4828793774319066,0.5171206225680934
2571,1241,1330,0.4826915597043952,0.5173084402956049
2572,1241,1331,0.48250388802488337,0.5174961119751167
2573,1242,1331,0.48270501360279827,0.5172949863972017
2574,1243,1331,0.4829059829059829,0.5170940170940171
2575,1243,1332,0.48271844660194174,0.5172815533980583
2576,1244,1332,0.4829192546583851,0.5170807453416149
2577,1245,1332,0.4831199068684517,0.5168800931315483
2578,1245,1333,0.4829325058184639,0.5170674941815361
2579,1246,1333,0.4831329972857697,0.5168670027142304
2580,1247,1333,0.48333333333333334,0.5166666666666667
2581,1247,1334,0.48314606741573035,0.5168539325842697
2582,1247,1335,0.48295894655305965,0.5170410534469404
2583,1247,1336,0.4827719705768486,0.5172280294231514
2584,1248,1336,0.48297213622291024,0.5170278637770898
2585,1248,1337,0.4827852998065764,0.5172147001934236
2586,1248,1338,0.48259860788863107,0.5174013921113689
2587,1248,1339,0.4824120603015075,0.5175879396984925
2588,1248,1340,0.482225656877898,0.517774343122102
2589,1248,1341,0.4820393974507532,0.5179606025492468
2590,1248,1342,0.48185328185328186,0.5181467181467182
2591,1249,1342,0.48205326128907755,0.5179467387109224
2592,1249,1343,0.4818672839506173,0.5181327160493827
2593,1250,1343,0.4820671037408407,0.5179328962591593
2594,1250,1344,0.4818812644564379,0.518118735543562
2595,1250,1345,0.4816955684007707,0.5183044315992292
2596,1251,1345,0.48189522342064717,0.5181047765793528
2597,1252,1345,0.4820947246823258,0.5179052753176743
2598,1252,1346,0.4819091608929946,0.5180908391070054
2599,1253,1346,0.48210850327048865,0.5178914967295114
2600,1254,1346,0.4823076923076923,0.5176923076923077
2601,1254,1347,0.48212226066897346,0.5178777393310265
2602,1254,1348,0.4819369715603382,0.5180630284396618
2603,1254,1349,0.48175182481751827,0.5182481751824818
2604,1254,1350,0.4815668202764977,0.5184331797235023
2605,1255,1350,0.4817658349328215,0.5182341650671785
2606,1255,1351,0.48158096699923253,0.5184190330007674
2607,1255,1352,0.4813962408899118,0.5186037591100883
2608,1255,1353,0.4812116564417178,0.5187883435582822
2609,1255,1354,0.4810272134917593,0.5189727865082407
2610,1256,1354,0.4812260536398467,0.5187739463601533
2611,1256,1355,0.4810417464572961,0.518958253542704
2612,1256,1356,0.48085758039816234,0.5191424196018377
2613,1256,1357,0.480673555300421,0.519326444699579
2614,1257,1357,0.48087222647283856,0.5191277735271614
2615,1258,1357,0.48107074569789676,0.5189292543021032
2616,1259,1357,0.4812691131498471,0.5187308868501529
2617,1259,1358,0.4810852120748949,0.518914787925105
2618,1260,1358,0.48128342245989303,0.5187165775401069
2619,1261,1358,0.48148148148148145,0.5185185185185185
2620,1261,1359,0.4812977099236641,0.5187022900763358
2621,1261,1360,0.48111407859595573,0.5188859214040442
2622,1262,1360,0.4813119755911518,0.5186880244088482
2623,1263,1360,0.4815097216927183,0.5184902783072818
2624,1264,1360,0.4817073170731707,0.5182926829268293
2625,1265,1360,0.4819047619047619,0.518095238095238
2626,1266,1360,0.4821020563594821,0.5178979436405179
2627,1266,1361,0.48191853825656644,0.5180814617434336
2628,1267,1361,0.4821156773211568,0.5178843226788432
2629,1267,1362,0.48193229364777485,0.5180677063522252
2630,1267,1363,0.4817490494296578,0.5182509505703422
2631,1268,1363,0.48194602812618775,0.5180539718738122
2632,1269,1363,0.48214285714285715,0.5178571428571429
2633,1270,1363,0.4823395366502089,0.5176604633497911
2634,1271,1363,0.48253606681852695,0.517463933181473
2635,1272,1363,0.4827324478178368,0.5172675521821631
2636,1273,1363,0.48292867981790594,0.5170713201820941
2637,1273,1364,0.4827455441789913,0.5172544558210087
2638,1274,1364,0.4829416224412434,0.5170583775587566
2639,1275,1364,0.48313755210306936,0.5168624478969307
2640,1275,1365,0.48295454545454547,0.5170454545454546
2641,1276,1365,0.48315032184778495,0.516849678152215
2642,1276,1366,0.4829674489023467,0.5170325510976533
2643,1276,1367,0.48278471433976544,0.5172152856602346
2644,1277,1367,0.4829803328290469,0.5170196671709532
2645,1278,1367,0.4831758034026465,0.5168241965973535
2646,1279,1367,0.4833711262282691,0.516628873771731
2647,1280,1367,0.4835663014733661,0.5164336985266339
2648,1281,1367,0.48376132930513593,0.5162386706948641
2649,1282,1367,0.48395620989052474,0.5160437901094753
2650,1283,1367,0.48415094339622644,0.5158490566037736
2651,1284,1367,0.4843455299886835,0.5156544700113165
2652,1285,1367,0.4845399698340875,0.5154600301659125
2653,1285,1368,0.48435733132303055,0.5156426686769695
2654,1285,1369,0.4841748304446119,0.515825169555388
2655,1286,1369,0.48436911487758944,0.5156308851224105
2656,1287,1369,0.48456325301204817,0.5154367469879518
2657,1288,1369,0.48475724501317274,0.5152427549868273
2658,1288,1370,0.48457486832204666,0.5154251316779533
2659,1288,1371,0.48439262880782247,0.5156073711921775
2660,1288,1372,0.4842105263157895,0.5157894736842106
2661,1288,1373,0.4840285606914694,0.5159714393085306
2662,1289,1373,0.48422238918106686,0.5157776108189331
2663,1290,1373,0.4844160720991363,0.5155839279008637
2664,1291,1373,0.48460960960960964,0.5153903903903904
2665,1291,1374,0.48442776735459664,0.5155722326454034
2666,1291,1375,0.48424606151537886,0.5157539384846211
2667,1291,1376,0.4840644919385077,0.5159355080614924
2668,1292,1376,0.48425787106446777,0.5157421289355323
2669,1292,1377,0.4840764331210191,0.5159235668789809
2670,1293,1377,0.4842696629213483,0.5157303370786517
2671,1293,1378,0.48408835642081616,0.5159116435791838
2672,1293,1379,0.4839071856287425,0.5160928143712575
2673,1294,1379,0.4841002618780397,0.5158997381219603
2674,1294,1380,0.4839192221391174,0.5160807778608826
2675,1295,1380,0.48411214953271026,0.5158878504672897
2676,1295,1381,0.48393124065769805,0.5160687593423019
2677,1295,1382,0.48375046694060514,0.5162495330593948
2678,1296,1382,0.4839432412247946,0.5160567587752054
2679,1296,1383,0.48376259798432253,0.5162374020156775
2680,1296,1384,0.4835820895522388,0.5164179104477612
2681,1297,1384,0.4837747109287579,0.5162252890712421
2682,1298,1384,0.48396718866517524,0.5160328113348247
2683,1299,1384,0.4841595229221021,0.5158404770778979
2684,1300,1384,0.4843517138599106,0.5156482861400894
2685,1300,1385,0.48417132216014896,0.515828677839851
2686,1300,1386,0.48399106478034254,0.5160089352196575
2687,1301,1386,0.4841831038332713,0.5158168961667287
2688,1301,1387,0.48400297619047616,0.5159970238095238
2689,1301,1388,0.4838229825213834,0.5161770174786166
2690,1301,1389,0.48364312267657994,0.5163568773234201
2691,1302,1389,0.483835005574136,0.5161649944258639
2692,1303,1389,0.4840267459138187,0.5159732540861813
2693,1303,1390,0.4838470107686595,0.5161529892313406
2694,1303,1391,0.48366740905716404,0.5163325909428359
2695,1303,1392,0.48348794063079775,0.5165120593692022
2696,1303,1393,0.4833086053412463,0.5166913946587537
2697,1303,1394,0.4831294030404153,0.5168705969595847
2698,1304,1394,0.48332097850259453,0.5166790214974055
2699,1305,1394,0.4835124120044461,0.5164875879955539
2700,1306,1394,0.4837037037037037,0.5162962962962963
2701,1307,1394,0.48389485375786745,0.5161051462421326
2702,1308,1394,0.4840858623242043,0.5159141376757957
2703,1309,1394,0.48427672955974843,0.5157232704402516
2704,1309,1395,0.48409763313609466,0.5159023668639053
2705,1309,1396,0.48391866913123843,0.5160813308687615
2706,1310,1396,0.48410938654841096,0.515890613451589
2707,1311,1396,0.4842999630587366,0.5157000369412634
2708,1312,1396,0.4844903988183161,0.5155096011816839
2709,1312,1397,0.48431155407899595,0.515688445921004
2710,1312,1398,0.4841328413284133,0.5158671586715867
2711,1312,1399,0.48395426042050904,0.516045739579491
2712,1313,1399,0.48414454277286134,0.5158554572271387
2713,1314,1399,0.4843346848507188,0.5156653151492813
2714,1314,1400,0.48415622697126015,0.5158437730287398
2715,1315,1400,0.4843462246777164,0.5156537753222836
2716,1315,1401,0.4841678939617084,0.5158321060382917
2717,1315,1402,0.4839896945160103,0.5160103054839897
2718,1316,1402,0.4841795437821928,0.5158204562178073
2719,1317,1402,0.484369253401986,0.515630746598014
2720,1318,1402,0.48455882352941176,0.5154411764705882
2721,1318,1403,0.48438074237412715,0.5156192576258728
2722,1319,1403,0.48457016899338723,0.5154298310066128
2723,1320,1403,0.4847594564818215,0.5152405435181785
2724,1321,1403,0.48494860499265785,0.5150513950073421
2725,1321,1404,0.48477064220183486,0.5152293577981651
2726,1322,1404,0.48495964783565665,0.5150403521643434
2727,1323,1404,0.48514851485148514,0.5148514851485149
2728,1323,1405,0.48497067448680353,0.5150293255131965
2729,1324,1405,0.48515939904727007,0.51484060095273
2730,1324,1406,0.484981684981685,0.515018315018315
2731,1325,1406,0.4851702673013548,0.5148297326986452
2732,1326,1406,0.48535871156661786,0.5146412884333821
2733,1327,1406,0.4855470179290157,0.5144529820709842
2734,1327,1407,0.48536942209217265,0.5146305779078274
2735,1327,1408,0.4851919561243144,0.5148080438756856
2736,1328,1408,0.4853801169590643,0.5146198830409356
2737,1329,1408,0.4855681402995981,0.514431859700402
2738,1329,1409,0.485390796201607,0.514609203798393
2739,1329,1410,0.48521358159912376,0.5147864184008762
2740,1330,1410,0.4854014598540146,0.5145985401459854
2741,1331,1410,0.485589201021525,0.514410798978475
2742,1332,1410,0.48577680525164113,0.5142231947483589
2743,1332,1411,0.4855997083485235,0.5144002916514765
2744,1332,1412,0.48542274052478135,0.5145772594752187
2745,1333,1412,0.48561020036429875,0.5143897996357013
2746,1333,1413,0.48543335761107065,0.5145666423889294
2747,1334,1413,0.4856206771022934,0.5143793228977066
2748,1335,1413,0.48580786026200873,0.5141921397379913
2749,1335,1414,0.48563113859585305,0.514368861404147
2750,1335,1415,0.48545454545454547,0.5145454545454545
2751,1336,1415,0.4856415848782261,0.5143584151217739
2752,1337,1415,0.485828488372093,0.514171511627907
2753,1338,1415,0.4860152560842717,0.5139847439157283
2754,1339,1415,0.48620188816267246,0.5137981118373275
2755,1340,1415,0.4863883847549909,0.5136116152450091
2756,1340,1416,0.4862119013062409,0.5137880986937591
2757,1340,1417,0.4860355458832064,0.5139644541167936
2758,1341,1417,0.48622189992748366,0.5137781000725163
2759,1341,1418,0.48604566872055094,0.5139543312794491
2760,1341,1419,0.48586956521739133,0.5141304347826087
2761,1342,1419,0.4860557768924303,0.5139442231075697
2762,1343,1419,0.48624185372918177,0.5137581462708183
2763,1344,1419,0.48642779587404994,0.5135722041259501
2764,1345,1419,0.4866136034732272,0.5133863965267728
2765,1346,1419,0.4867992766726944,0.5132007233273056
2766,1346,1420,0.4866232827187274,0.5133767172812725
2767,1346,1421,0.48644741597397906,0.513552584026021
2768,1347,1421,0.4866329479768786,0.5133670520231214
2769,1348,1421,0.48681834597327556,0.5131816540267244
2770,1349,1421,0.48700361010830323,0.5129963898916967
2771,1349,1422,0.48682785997834715,0.5131721400216528
2772,1350,1422,0.487012987012987,0.512987012987013
2773,1351,1422,0.4871979805265056,0.5128020194734945
2774,1351,1423,0.4870223503965393,0.5129776496034607
2775,1352,1423,0.4872072072072072,0.5127927927927928
2776,1353,1423,0.48739193083573484,0.5126080691642652
2777,1354,1423,0.4875765214259993,0.5124234785740007
2778,1354,1424,0.48740100791936647,0.5125989920806335
2779,1354,1425,0.4872256207268802,0.5127743792731199
2780,1354,1426,0.4870503597122302,0.5129496402877698
2781,1354,1427,0.4868752247393024,0.5131247752606976
2782,1354,1428,0.4867002156721783,0.5132997843278218
2783,1355,1428,0.48688465684513116,0.5131153431548688
2784,1356,1428,0.4870689655172414,0.5129310344827587
2785,1357,1428,0.4872531418312388,0.5127468581687612
2786,1357,1429,0.48707824838478103,0.5129217516152189
2787,1358,1429,0.4872622891998565,0.5127377108001435
2788,1358,1430,0.48708751793400284,0.5129124820659972
2789,1359,1430,0.487271423449265,0.512728576550735
2790,1359,1431,0.4870967741935484,0.5129032258064516
2791,1360,1431,0.4872805446076675,0.5127194553923325
2792,1360,1432,0.4871060171919771,0.5128939828080229
2793,1361,1432,0.4872896527031865,0.5127103472968134
2794,1362,1432,0.4874731567644954,0.5125268432355047
2795,1362,1433,0.48729874776386406,0.5127012522361359
2796,1362,1434,0.4871244635193133,0.5128755364806867
2797,1362,1435,0.48695030389703253,0.5130496961029675
2798,1363,1435,0.4871336669049321,0.5128663330950679
2799,1363,1436,0.48695962843872814,0.5130403715612719
2800,1364,1436,0.48714285714285716,0.5128571428571429
2801,1365,1436,0.4873259550160657,0.5126740449839343
2802,1366,1436,0.4875089221984297,0.5124910778015703
2803,1366,1437,0.4873349982161969,0.512665001783803
2804,1367,1437,0.4875178316690442,0.5124821683309557
2805,1367,1438,0.48734402852049913,0.5126559714795009
2806,1368,1438,0.48752672843905914,0.5124732715609408
2807,1369,1438,0.48770929818311365,0.5122907018168864
2808,1369,1439,0.48753561253561256,0.5124643874643875
2809,1369,1440,0.48736205055179777,0.5126379494482022
2810,1370,1440,0.4875444839857651,0.5124555160142349
2811,1371,1440,0.48772678762006405,0.512273212379936
2812,1372,1440,0.4879089615931721,0.5120910384068279
2813,1372,1441,0.48773551368645574,0.5122644863135443
2814,1372,1442,0.48756218905472637,0.5124378109452736
2815,1373,1442,0.48774422735346357,0.5122557726465364
2816,1373,1443,0.4875710227272727,0.5124289772727273
2817,1374,1443,0.48775292864749736,0.5122470713525027
2818,1375,1443,0.4879347054648687,0.5120652945351313
2819,1375,1444,0.4877616175948918,0.5122383824051082
2820,1375,1445,0.4875886524822695,0.5124113475177305
2821,1376,1445,0.48777029422190715,0.5122297057780929
2822,1376,1446,0.4875974486180014,0.5124025513819985
2823,1376,1447,0.48742472546935883,0.5125752745306411
2824,1377,1447,0.4876062322946176,0.5123937677053825
2825,1377,1448,0.48743362831858406,0.5125663716814159
2826,1378,1448,0.4876150035385704,0.5123849964614295
2827,1378,1449,0.48744251857092324,0.5125574814290768
2828,1378,1450,0.4872701555869873,0.5127298444130127
2829,1379,1450,0.487451396253093,0.512548603746907
2830,1379,1451,0.4872791519434629,0.5127208480565371
2831,1379,1452,0.4871070293182621,0.5128929706817379
2832,1380,1452,0.4872881355932203,0.5127118644067796
2833,1380,1453,0.4871161313095658,0.5128838686904341
2834,1380,1454,0.48694424841213835,0.5130557515878617
2835,1380,1455,0.48677248677248675,0.5132275132275133
2836,1381,1455,0.4869534555712271,0.513046544428773
2837,1381,1456,0.4867818117729997,0.5132181882270004
2838,1382,1456,0.4869626497533474,0.5130373502466525
2839,1383,1456,0.48714336033814726,0.5128566396618528
2840,1384,1456,0.48732394366197185,0.5126760563380282
2841,1384,1457,0.4871524111228441,0.512847588877156
2842,1385,1457,0.4873328641801548,0.5126671358198451
2843,1386,1457,0.4875131902919451,0.5124868097080548
2844,1387,1457,0.48769338959212377,0.5123066104078763
2845,1388,1457,0.48787346221441125,0.5121265377855887
2846,1389,1457,0.4880534082923401,0.5119465917076599
2847,1389,1458,0.48788198103266595,0.512118018967334
2848,1389,1459,0.48771067415730335,0.5122893258426966
2849,1390,1459,0.4878904878904879,0.512109512109512
2850,1391,1459,0.4880701754385965,0.5119298245614035
2851,1391,1460,0.48789898281304805,0.512101017186952
2852,1391,1461,0.48772791023842915,0.5122720897615708
2853,1391,1462,0.4875569575885033,0.5124430424114966
2854,1392,1462,0.4877365101611773,0.5122634898388227
2855,1392,1463,0.48756567425569175,0.5124343257443082
2856,1393,1463,0.4877450980392157,0.5122549019607843
2857,1393,1464,0.48757437871893594,0.5124256212810641
2858,1393,1465,0.4874037788663401,0.5125962211336599
2859,1394,1465,0.4875830710038475,0.5124169289961525
2860,1394,1466,0.4874125874125874,0.5125874125874126
2861,1394,1467,0.4872422229989514,0.5127577770010486
2862,1394,1468,0.48707197763801535,0.5129280223619846
2863,1395,1468,0.4872511351728956,0.5127488648271045
2864,1396,1468,0.48743016759776536,0.5125698324022346
2865,1396,1469,0.487260034904014,0.5127399650959861
2866,1396,1470,0.4870900209351012,0.5129099790648988
2867,1396,1471,0.48692012556679454,0.5130798744332055
2868,1397,1471,0.4870990237099024,0.5129009762900977
2869,1398,1471,0.48727779714186126,0.5127222028581387
2870,1399,1471,0.48745644599303134,0.5125435540069686
2871,1400,1471,0.4876349703935911,0.512365029606409
2872,1400,1472,0.48746518105849584,0.5125348189415042
2873,1400,1473,0.4872955099199443,0.5127044900800557
2874,1400,1474,0.4871259568545581,0.5128740431454419
2875,1401,1474,0.48730434782608695,0.512695652173913
2876,1402,1474,0.4874826147426982,0.5125173852573018
2877,1402,1475,0.4873131734445603,0.5126868265554397
2878,1403,1475,0.48749131341209173,0.5125086865879083
2879,1403,1476,0.48732198680097255,0.5126780131990274
2880,1404,1476,0.4875,0.5125
2881,1405,1476,0.48767788962165914,0.5123221103783409
2882,1405,1477,0.4875086745315753,0.5124913254684247
2883,1406,1477,0.48768643773846687,0.5123135622615331
2884,1406,1478,0.48751733703190014,0.5124826629680999
2885,1407,1478,0.48769497400346623,0.5123050259965338
2886,1408,1478,0.4878724878724879,0.5121275121275122
2887,1408,1479,0.4877034984412885,0.5122965015587114
2888,1409,1479,0.4878808864265928,0.5121191135734072
2889,1409,1480,0.48771201107649703,0.5122879889235029
2890,1409,1481,0.4875432525951557,0.5124567474048443
2891,1409,1482,0.4873746108612937,0.5126253891387064
2892,1410,1482,0.487551867219917,0.5124481327800829
2893,1410,1483,0.4873833390943657,0.5126166609056343
2894,1410,1484,0.48721492743607464,0.5127850725639254
2895,1410,1485,0.48704663212435234,0.5129533678756477
2896,1411,1485,0.48722375690607733,0.5127762430939227
2897,1412,1485,0.48740075940628236,0.5125992405937176
2898,1412,1486,0.48723257418909593,0.5127674258109041
2899,1413,1486,0.4874094515350121,0.512590548464988
2900,1414,1486,0.48758620689655174,0.5124137931034483
2901,1415,1486,0.4877628403998621,0.5122371596001379
2902,1416,1486,0.4879393521709166,0.5120606478290833
2903,1417,1486,0.48811574233551497,0.511884257664485
2904,1418,1486,0.48829201101928377,0.5117079889807162
2905,1418,1487,0.4881239242685026,0.5118760757314974
2906,1418,1488,0.4879559532002753,0.5120440467997247
2907,1419,1488,0.48813209494324045,0.5118679050567595
2908,1420,1488,0.48830811554332876,0.5116918844566712
2909,1421,1488,0.4884840151254727,0.5115159848745273
2910,1422,1488,0.488659793814433,0.511340206185567
2911,1422,1489,0.48849192717279283,0.5115080728272071
2912,1423,1489,0.4886675824175824,0.5113324175824175
2913,1424,1489,0.4888431170614487,0.5111568829385513
2914,1424,1490,0.4886753603294441,0.511324639670556
2915,1425,1490,0.4888507718696398,0.5111492281303602
2916,1425,1491,0.4886831275720165,0.5113168724279835
2917,1426,1491,0.4888584161810079,0.5111415838189921
2918,1426,1492,0.4886908841672378,0.5113091158327622
2919,1426,1493,0.4885234669407331,0.5114765330592669
2920,1427,1493,0.4886986301369863,0.5113013698630137
2921,1428,1493,0.4888736733995207,0.5111263266004793
2922,1428,1494,0.4887063655030801,0.5112936344969199
2923,1428,1495,0.48853917208347586,0.5114608279165241
2924,1428,1496,0.4883720930232558,0.5116279069767442
2925,1428,1497,0.4882051282051282,0.5117948717948718
2926,1428,1498,0.4880382775119617,0.5119617224880383
2927,1429,1498,0.48821318756405874,0.5117868124359413
2928,1429,1499,0.4880464480874317,0.5119535519125683
2929,1429,1500,0.4878798224650051,0.5121201775349948
2930,1430,1500,0.4880546075085324,0.5119453924914675
2931,1431,1500,0.4882292732855681,0.5117707267144319
2932,1432,1500,0.48840381991814463,0.5115961800818554
2933,1433,1500,0.4885782475281282,0.5114217524718718
2934,1434,1500,0.4887525562372188,0.5112474437627812
2935,1435,1500,0.4889267461669506,0.5110732538330494
2936,1436,1500,0.4891008174386921,0.510899182561308
2937,1437,1500,0.48927477017364657,0.5107252298263534
2938,1438,1500,0.48944860449285227,0.5105513955071477
2939,1438,1501,0.48928206873086083,0.5107179312691391
2940,1439,1501,0.4894557823129252,0.5105442176870748
2941,1439,1502,0.4892893573614417,0.5107106426385584
2942,1440,1502,0.4894629503738953,0.5105370496261047
2943,1440,1503,0.4892966360856269,0.5107033639143731
2944,1440,1504,0.4891304347826087,0.5108695652173914
2945,1441,1504,0.4893039049235993,0.5106960950764007
2946,1442,1504,0.4894772572980312,0.5105227427019687
2947,1443,1504,0.4896504920257889,0.5103495079742111
2948,1443,1505,0.48948439620081413,0.5105156037991859
2949,1443,1506,0.4893184130213632,0.5106815869786369
2950,1444,1506,0.4894915254237288,0.5105084745762711
2951,1445,1506,0.4896645205015249,0.5103354794984751
2952,1446,1506,0.4898373983739837,0.5101626016260162
2953,1447,1506,0.4900101591601761,0.5099898408398239
2954,1447,1507,0.489844278943805,0.510155721056195
2955,1447,1508,0.48967851099830795,0.510321489001692
2956,1447,1509,0.4895128552097429,0.5104871447902571
2957,1447,1510,0.4893473114643219,0.510652688535678
2958,1447,1511,0.4891818796484111,0.5108181203515889
2959,1448,1511,0.48935451165934435,0.5106454883406556
2960,1448,1512,0.4891891891891892,0.5108108108108108
2961,1448,1513,0.4890239783856805,0.5109760216143195
2962,1449,1513,0.4891964888588791,0.5108035111411209
2963,1450,1513,0.4893688828889639,0.5106311171110361
2964,1450,1514,0.4892037786774629,0.5107962213225371
2965,1451,1514,0.4893760539629005,0.5106239460370995
2966,1452,1514,0.48954821308159135,0.5104517869184086
2967,1453,1514,0.4897202561509943,0.5102797438490058
2968,1454,1514,0.4898921832884097,0.5101078167115903
2969,1454,1515,0.48972718086897943,0.5102728191310205
2970,1455,1515,0.4898989898989899,0.51010101010101
2971,1456,1515,0.49007068327162573,0.5099293167283743
2972,1457,1515,0.4902422611036339,0.5097577388963661
2973,1458,1515,0.49041372351160445,0.5095862764883956
2974,1459,1515,0.49058507061197043,0.5094149293880296
2975,1459,1516,0.4904201680672269,0.5095798319327731
2976,1460,1516,0.4905913978494624,0.5094086021505376
2977,1461,1516,0.4907625125965737,0.5092374874034262
2978,1461,1517,0.4905977165883143,0.5094022834116857
2979,1461,1518,0.4904330312185297,0.5095669687814703
2980,1462,1518,0.4906040268456376,0.5093959731543625
2981,1463,1518,0.4907749077490775,0.5092250922509225
2982,1463,1519,0.49061032863849763,0.5093896713615024
2983,1464,1519,0.49078109285953736,0.5092189071404626
2984,1464,1520,0.4906166219839142,0.5093833780160858
2985,1464,1521,0.4904522613065327,0.5095477386934674
2986,1464,1522,0.4902880107166778,0.5097119892833222
2987,1465,1522,0.4904586541680616,0.5095413458319384
2988,1465,1523,0.4902945113788487,0.5097054886211513
2989,1465,1524,0.49013047842087654,0.5098695215791235
2990,1466,1524,0.4903010033444816,0.5096989966555184
2991,1466,1525,0.49013707790036776,0.5098629220996322
2992,1467,1525,0.49030748663101603,0.5096925133689839
2993,1468,1525,0.49047778149014365,0.5095222185098564
2994,1468,1526,0.49031396125584503,0.509686038744155
2995,1469,1526,0.4904841402337229,0.5095158597662771
2996,1469,1527,0.4903204272363151,0.5096795727636849
2997,1470,1527,0.4904904904904905,0.5095095095095095
2998,1471,1527,0.490660440293529,0.5093395597064709
2999,1472,1527,0.49083027675891966,0.5091697232410803
3000,1473,1527,0.491,0.509
3001,1473,1528,0.49083638787070977,0.5091636121292903
3002,1474,1528,0.49100599600266487,0.5089940039973351
3003,1474,1529,0.4908424908424908,0.5091575091575091
3004,1474,1530,0.49067909454061254,0.5093209054593875
3005,1475,1530,0.4908485856905158,0.5091514143094842
3006,1475,1531,0.4906852960745176,0.5093147039254824
3007,1475,1532,0.49052211506484866,0.5094778849351513
3008,1476,1532,0.49069148936170215,0.5093085106382979
3009,1477,1532,0.490860751080093,0.5091392489199069
3010,1477,1533,0.4906976744186046,0.5093023255813953
3011,1477,1534,0.49053470607771504,0.5094652939222849
3012,1478,1534,0.4907038512616202,0.5092961487383798
3013,1478,1535,0.490540989047461,0.509459010952539
3014,1479,1535,0.4907100199071002,0.5092899800928998
3015,1479,1536,0.490547263681592,0.5094527363184079
3016,1479,1537,0.49038461538461536,0.5096153846153846
3017,1480,1537,0.49055352999668544,0.5094464700033146
3018,1480,1538,0.49039098740888004,0.5096090125911199
3019,1480,1539,0.4902285525008281,0.5097714474991719
3020,1480,1540,0.4900662251655629,0.5099337748344371
3021,1481,1540,0.4902350215160543,0.5097649784839458
3022,1482,1540,0.49040370615486434,0.5095962938451357
3023,1483,1540,0.4905722791928548,0.5094277208071453
3024,1484,1540,0.49074074074074076,0.5092592592592593
3025,1485,1540,0.4909090909090909,0.509090909090909
3026,1486,1540,0.4910773298083278,0.5089226701916721
3027,1486,1541,0.4909150974562273,0.5090849025437727
3028,1486,1542,0.4907529722589168,0.5092470277410832
3029,1486,1543,0.49059095411026743,0.5094090458897326
3030,1486,1544,0.4904290429042904,0.5095709570957095
3031,1487,1544,0.4905971626525899,0.5094028373474101
3032,1487,1545,0.4904353562005277,0.5095646437994723
3033,1487,1546,0.49027365644576326,0.5097263435542367
3034,1488,1546,0.4904416611733685,0.5095583388266315
3035,1488,1547,0.49028006589785833,0.5097199341021417
3036,1489,1547,0.4904479578392622,0.5095520421607378
3037,1489,1548,0.49028646690813305,0.509713533091867
3038,1489,1549,0.4901250822909809,0.509874917709019
3039,1489,1550,0.4899638038828562,0.5100361961171438
3040,1489,1551,0.4898026315789474,0.5101973684210527
3041,1489,1552,0.48964156527458075,0.5103584347254193
3042,1489,1553,0.48948060486522027,0.5105193951347797
3043,1490,1553,0.4896483733158068,0.5103516266841932
3044,1491,1553,0.48981603153745074,0.5101839684625493
3045,1492,1553,0.48998357963875205,0.510016420361248
3046,1492,1554,0.489822718319107,0.5101772816808929
3047,1493,1554,0.489990154250082,0.5100098457499179
3048,1494,1554,0.49015748031496065,0.5098425196850394
3049,1495,1554,0.49032469662184325,0.5096753033781568
3050,1496,1554,0.4904918032786885,0.5095081967213114
3051,1497,1554,0.49065880039331367,0.5093411996066863
3052,1497,1555,0.4904980340760157,0.5095019659239842
3053,1498,1555,0.4906649197510645,0.5093350802489355
3054,1498,1556,0.4905042567125082,0.5094957432874918
3055,1499,1556,0.490671031096563,0.509328968903437
3056,1500,1556,0.4908376963350785,0.5091623036649214
3057,1500,1557,0.49067713444553485,0.5093228655544652
3058,1500,1558,0.49051667756703726,0.5094833224329627
3059,1500,1559,0.4903563255966002,0.5096436744033997
3060,1500,1560,0.49019607843137253,0.5098039215686274
3061,1501,1560,0.4903626265926168,0.5096373734073832
3062,1502,1560,0.49052906596995427,0.5094709340300457
3063,1502,1561,0.49036891936010446,0.5096310806398955
3064,1503,1561,0.49053524804177545,0.5094647519582245
3065,1503,1562,0.4903752039151713,0.5096247960848287
3066,1503,1563,0.49021526418786693,0.5097847358121331
3067,1504,1563,0.4903814802738833,0.5096185197261167
3068,1505,1563,0.49054758800521514,0.5094524119947849
3069,1506,1563,0.49071358748778104,0.509286412512219
3070,1506,1564,0.4905537459283388,0.5094462540716612
3071,1506,1565,0.4903940084662976,0.5096059915337023
3072,1506,1566,0.490234375,0.509765625
3073,1506,1567,0.4900748454279206,0.5099251545720794
3074,1507,1567,0.49024072869225765,0.5097592713077423
3075,1507,1568,0.4900813008130081,0.5099186991869918
3076,1508,1568,0.49024707412223667,0.5097529258777633
3077,1508,1569,0.4900877478063048,0.5099122521936952
3078,1508,1570,0.4899285250162443,0.5100714749837557
3079,1508,1571,0.48976940565118543,0.5102305943488146
3080,1509,1571,0.48993506493506495,0.5100649350649351
3081,1510,1571,0.4901006166828952,0.5098993833171048
3082,1510,1572,0.4899415963659961,0.5100584036340039
3083,1511,1572,0.4901070385987674,0.5098929614012325
3084,1511,1573,0.4899481193255512,0.5100518806744487
3085,1511,1574,0.48978930307941654,0.5102106969205835
3086,1511,1575,0.4896305897602074,0.5103694102397927
3087,1511,1576,0.48947197926789765,0.5105280207321024
3088,1512,1576,0.4896373056994819,0.5103626943005182
3089,1513,1576,0.48980252508902555,0.5101974749109744
3090,1513,1577,0.48964401294498383,0.5103559870550162
3091,1514,1577,0.48980912326108056,0.5101908767389195
3092,1515,1577,0.48997412677878394,0.5100258732212161
3093,1515,1578,0.489815712900097,0.510184287099903
3094,1516,1578,0.48998060762766643,0.5100193923723335
3095,1516,1579,0.4898222940226171,0.5101777059773829
3096,1516,1580,0.4896640826873385,0.5103359173126615
3097,1516,1581,0.489505973522764,0.5104940264772361
3098,1517,1581,0.4896707553260168,0.5103292446739832
3099,1517,1582,0.489512746047112,0.5104872539528881
3100,1518,1582,0.4896774193548387,0.5103225806451613
3101,1519,1582,0.4898419864559819,0.510158013544018
3102,1519,1583,0.4896840747904578,0.5103159252095423
3103,1520,1583,0.4898485336770867,0.5101514663229133
3104,1521,1583,0.4900128865979381,0.5099871134020618
3105,1522,1583,0.4901771336553945,0.5098228663446055
3106,1523,1583,0.4903412749517064,0.5096587250482936
3107,1524,1583,0.4905053105889926,0.5094946894110074
3108,1525,1583,0.49066924066924067,0.5093307593307593
3109,1526,1583,0.49083306529430687,0.5091669347056932
3110,1527,1583,0.4909967845659164,0.5090032154340836
3111,1527,1584,0.49083895853423337,0.5091610414657667
3112,1527,1585,0.49068123393316193,0.509318766066838
3113,1528,1585,0.4908448442017347,0.5091551557982653
3114,1528,1586,0.49068721901091844,0.5093127809890816
3115,1529,1586,0.4908507223113965,0.5091492776886035
3116,1529,1587,0.4906931964056483,0.5093068035943518
3117,1529,1588,0.4905357715752326,0.5094642284247674
3118,1530,1588,0.490699166132136,0.5093008338678641
3119,1531,1588,0.4908624559153575,0.5091375440846425
3120,1532,1588,0.491025641025641,0.5089743589743589
3121,1533,1588,0.4911887215636014,0.5088112784363986
3122,1534,1588,0.4913516976297245,0.5086483023702755
3123,1534,1589,0.4911943643932117,0.5088056356067884
3124,1535,1589,0.4913572343149808,0.5086427656850192
3125,1535,1590,0.4912,0.5088
3126,1535,1591,0.4910428662827895,0.5089571337172105
3127,1536,1591,0.4912056283978254,0.5087943716021746
3128,1536,1592,0.49104859335038364,0.5089514066496164
3129,1537,1592,0.4912112496005113,0.5087887503994887
3130,1537,1593,0.4910543130990415,0.5089456869009584
3131,1537,1594,0.4908974768444586,0.5091025231555414
3132,1537,1595,0.49074074074074076,0.5092592592592593
3133,1538,1595,0.4909032875837855,0.5090967124162145
3134,1538,1596,0.4907466496490108,0.5092533503509892
3135,1538,1597,0.49059011164274324,0.5094098883572568
3136,1538,1598,0.49043367346938777,0.5095663265306123
3137,1539,1598,0.4905961109340134,0.5094038890659867
3138,1539,1599,0.4904397705544933,0.5095602294455067
3139,1539,1600,0.4902835297865562,0.5097164702134438
3140,1539,1601,0.49012738853503185,0.5098726114649682
3141,1539,1602,0.4899713467048711,0.5100286532951289
3142,1539,1603,0.4898154042011458,0.5101845957988542
3143,1539,1604,0.48965956092904867,0.5103404390709513
3144,1539,1605,0.48950381679389315,0.5104961832061069
3145,1539,1606,0.4893481717011129,0.5106518282988871
3146,1540,1606,0.48951048951048953,0.5104895104895105
3147,1541,1606,0.48967270416269465,0.5103272958373054
3148,1542,1606,0.4898348157560356,0.5101651842439644
3149,1543,1606,0.4899968243886948,0.5100031756113051
3150,1544,1606,0.4901587301587302,0.5098412698412699
3151,1545,1606,0.4903205331640749,0.5096794668359251
3152,1546,1606,0.49048223350253806,0.5095177664974619
3153,1547,1606,0.4906438312718046,0.5093561687281953
3154,1548,1606,0.49080532656943565,0.5091946734305643
3155,1549,1606,0.49096671949286846,0.5090332805071316
3156,1549,1607,0.49081115335868186,0.5091888466413181
3157,1550,1607,0.4909724421919544,0.5090275578080456
3158,1551,1607,0.4911336288790374,0.5088663711209627
3159,1552,1607,0.49129471351693577,0.5087052864830642
3160,1553,1607,0.49145569620253166,0.5085443037974684
3161,1553,1608,0.49130022144890856,0.5086997785510914
3162,1554,1608,0.49146110056925996,0.50853889943074
3163,1555,1608,0.4916218779639583,0.5083781220360417
3164,1555,1609,0.49146649810366627,0.5085335018963337
3165,1555,1610,0.4913112164296998,0.5086887835703001
3166,1555,1611,0.4911560328490209,0.5088439671509791
3167,1556,1611,0.4913167035048942,0.5086832964951058
3168,1557,1611,0.4914772727272727,0.5085227272727273
3169,1557,1612,0.4913221836541496,0.5086778163458504
3170,1558,1612,0.4914826498422713,0.5085173501577287
3171,1559,1612,0.49164301482182277,0.5083569851781772
3172,1559,1613,0.49148802017654475,0.5085119798234552
3173,1560,1613,0.4916482823826032,0.5083517176173968
3174,1561,1613,0.49180844360428483,0.5081915563957152
3175,1561,1614,0.4916535433070866,0.5083464566929133
3176,1562,1614,0.49181360201511337,0.5081863979848866
3177,1563,1614,0.4919735599622285,0.5080264400377715
3178,1564,1614,0.4921334172435494,0.5078665827564506
3179,1565,1614,0.4922931739540736,0.5077068260459264
3180,1565,1615,0.4921383647798742,0.5078616352201258
3181,1566,1615,0.4922980194907262,0.5077019805092738
3182,1567,1615,0.4924575738529227,0.5075424261470773
3183,1568,1615,0.49261702796104306,0.507382972038957
3184,1568,1616,0.49246231155778897,0.507537688442211
3185,1569,1616,0.4926216640502355,0.5073783359497646
3186,1569,1617,0.4924670433145009,0.507532956685499
3187,1570,1617,0.4926262943206777,0.5073737056793223
3188,1571,1617,0.4927854454203262,0.5072145545796738
3189,1571,1618,0.49263091878331766,0.5073690812166823
3190,1572,1618,0.4927899686520376,0.5072100313479624
3191,1573,1618,0.49294891883422126,0.5070510811657788
3192,1573,1619,0.49279448621553884,0.5072055137844611
3193,1573,1620,0.49264015032884434,0.5073598496711557
3194,1573,1621,0.49248591108328116,0.5075140889167189
3195,1573,1622,0.49233176838810644,0.5076682316118936
3196,1573,1623,0.49217772215269084,0.5078222778473092
3197,1574,1623,0.49233656553018457,0.5076634344698154
3198,1574,1624,0.49218261413383363,0.5078173858661663
3199,1574,1625,0.4920287589871835,0.5079712410128165
3200,1574,1626,0.491875,0.508125
3201,1574,1627,0.4917213370821618,0.5082786629178382
3202,1574,1628,0.4915677701436602,0.5084322298563397
3203,1575,1628,0.4917265064002498,0.5082734935997503
3204,1575,1629,0.49157303370786515,0.5084269662921348
3205,1576,1629,0.49173166926677064,0.5082683307332293
3206,1577,1629,0.491890205864005,0.508109794135995
3207,1577,1630,0.49173682569379484,0.5082631743062052
3208,1578,1630,0.4918952618453865,0.5081047381546134
3209,1578,1631,0.4917419756933624,0.5082580243066376
3210,1579,1631,0.4919003115264797,0.5080996884735203
3211,1579,1632,0.49174711927748366,0.5082528807225164
3212,1579,1633,0.49159402241594025,0.5084059775840598
3213,1579,1634,0.49144102085278557,0.5085589791472145
3214,1580,1634,0.4915992532669571,0.5084007467330429
3215,1581,1634,0.4917573872472784,0.5082426127527216
3216,1582,1634,0.49191542288557216,0.5080845771144279
3217,1583,1634,0.49207336027354676,0.5079266397264532
3218,1584,1634,0.49223119950279676,0.5077688004972032
3219,1585,1634,0.4923889406648027,0.5076110593351972
3220,1586,1634,0.4925465838509317,0.5074534161490684
3221,1587,1634,0.4927041291524371,0.5072958708475629
3222,1587,1635,0.4925512104283054,0.5074487895716946
3223,1588,1635,0.4927086565311821,0.5072913434688179
3224,1589,1635,0.49286600496277916,0.5071339950372209
3225,1590,1635,0.4930232558139535,0.5069767441860465
3226,1591,1635,0.4931804091754495,0.5068195908245505
3227,1592,1635,0.493337465137899,0.506662534862101
3228,1592,1636,0.49318463444857497,0.506815365551425
3229,1592,1637,0.49303189842056366,0.5069681015794364
3230,1592,1638,0.49287925696594426,0.5071207430340557
3231,1592,1639,0.492726709996905,0.5072732900030951
3232,1592,1640,0.49257425742574257,0.5074257425742574
3233,1592,1641,0.49242189916486234,0.5075781008351377
3234,1592,1642,0.49226963512677796,0.507730364873222
3235,1593,1642,0.49242658423493046,0.5075734157650695
3236,1593,1643,0.492274412855377,0.507725587144623
3237,1594,1643,0.49243126351560085,0.5075687364843992
3238,1595,1643,0.4925880172946263,0.5074119827053737
3239,1596,1643,0.4927446742821859,0.5072553257178142
3240,1597,1643,0.49290123456790125,0.5070987654320988
3241,1598,1643,0.49305769824128354,0.5069423017587165
3242,1599,1643,0.4932140653917335,0.5067859346082665
3243,1600,1643,0.4933703361085415,0.5066296638914586
3244,1601,1643,0.4935265104808878,0.5064734895191122
3245,1601,1644,0.4933744221879815,0.5066255778120184
3246,1602,1644,0.49353049907578556,0.5064695009242144
3247,1602,1645,0.49337850323375426,0.5066214967662458
3248,1603,1645,0.49353448275862066,0.5064655172413793
3249,1604,1645,0.49369036626654356,0.5063096337334565
3250,1604,1646,0.49353846153846154,0.5064615384615384
3251,1605,1646,0.4936942479237158,0.5063057520762843
3252,1605,1647,0.4935424354243542,0.5064575645756457
3253,1606,1647,0.4936981248078697,0.5063018751921303
3254,1606,1648,0.49354640442532266,0.5064535955746773
3255,1607,1648,0.49370199692780337,0.5062980030721966
3256,1608,1648,0.49385749385749383,0.5061425061425061
3257,1609,1648,0.49401289530242554,0.5059871046975745
3258,1609,1649,0.49386126457949664,0.5061387354205034
3259,1609,1650,0.4937097269100951,0.5062902730899049
3260,1610,1650,0.4938650306748466,0.5061349693251533
3261,1610,1651,0.49371358478994176,0.5062864152100582
3262,1611,1651,0.493868792152054,0.5061312078479461
3263,1612,1651,0.4940239043824701,0.5059760956175299
3264,1612,1652,0.49387254901960786,0.5061274509803921
3265,1612,1653,0.49372128637059726,0.5062787136294028
3266,1612,1654,0.4935701163502756,0.5064298836497244
3267,1613,1654,0.49372513008876645,0.5062748699112335
3268,1613,1655,0.49357405140758875,0.5064259485924113
3269,1614,1655,0.49372896910370145,0.5062710308962985
3270,1615,1655,0.4938837920489297,0.5061162079510704
3271,1616,1655,0.49403852033017426,0.5059614796698257
3272,1617,1655,0.4941931540342298,0.5058068459657702
3273,1617,1656,0.4940421631530706,0.5059578368469294
3274,1618,1656,0.49419670128283444,0.5058032987171656
3275,1618,1657,0.49404580152671757,0.5059541984732825
3276,1619,1657,0.4942002442002442,0.5057997557997558
3277,1620,1657,0.4943545926151968,0.5056454073848031
3278,1621,1657,0.49450884685784013,0.5054911531421599
3279,1621,1658,0.4943580359865813,0.5056419640134188
3280,1622,1658,0.4945121951219512,0.5054878048780488
3281,1622,1659,0.49436147516001216,0.5056385248399878
3282,1622,1660,0.4942108470444851,0.505789152955515
3283,1623,1660,0.49436491014316175,0.5056350898568382
3284,1623,1661,0.4942143727161998,0.5057856272838003
3285,1624,1661,0.4943683409436834,0.5056316590563166
3286,1624,1662,0.49421789409616557,0.5057821059038344
3287,1624,1663,0.4940675387891695,0.5059324612108306
3288,1625,1663,0.49422141119221413,0.5057785888077859
3289,1625,1664,0.49407114624505927,0.5059288537549407
3290,1626,1664,0.49422492401215806,0.505775075987842
3291,1626,1665,0.49407474931631723,0.5059252506836828
3292,1627,1665,0.494228432563791,0.505771567436209
3293,1627,1666,0.49407834801093226,0.5059216519890677
3294,1627,1667,0.4939283545840923,0.5060716454159077
3295,1628,1667,0.494081942336874,0.5059180576631259
3296,1629,1667,0.49423543689320387,0.5057645631067961
3297,1630,1667,0.49438883833788294,0.5056111616621171
3298,1631,1667,0.4945421467556095,0.5054578532443905
3299,1632,1667,0.4946953622309791,0.5053046377690209
3300,1632,1668,0.49454545454545457,0.5054545454545455
3301,1632,1669,0.49439563768554984,0.5056043623144502
3302,1633,1669,0.4945487583282859,0.5054512416717141
3303,1633,1670,0.4943990311837723,0.5056009688162276
3304,1634,1670,0.49455205811138014,0.5054479418886199
3305,1634,1671,0.49440242057488654,0.5055975794251135
3306,1635,1671,0.4945553539019964,0.5054446460980037
3307,1635,1672,0.49440580586634414,0.5055941941336559
3308,1635,1673,0.49425634824667475,0.5057436517533253
3309,1635,1674,0.4941069809610154,0.5058930190389845
3310,1635,1675,0.49395770392749244,0.5060422960725075
3311,1635,1676,0.49380851706433104,0.506191482935669
3312,1636,1676,0.4939613526570048,0.5060386473429952
3313,1637,1676,0.49411409598551165,0.5058859040144884
3314,1638,1676,0.49426674713337354,0.5057332528666264
3315,1638,1677,0.49411764705882355,0.5058823529411764
3316,1638,1678,0.4939686369119421,0.5060313630880579
3317,1638,1679,0.49381971661139584,0.5061802833886042
3318,1639,1679,0.4939722724532851,0.5060277275467149
3319,1639,1680,0.4938234407954203,0.5061765592045797
3320,1640,1680,0.4939759036144578,0.5060240963855421
3321,1641,1680,0.4941282746160795,0.5058717253839206
3322,1641,1681,0.49397953040337145,0.5060204695966285
3323,1641,1682,0.4938308757147156,0.5061691242852844
3324,1642,1682,0.49398315282791816,0.5060168471720818
3325,1643,1682,0.49413533834586465,0.5058646616541354
3326,1644,1682,0.49428743235117256,0.5057125676488274
3327,1644,1683,0.49413886384129846,0.5058611361587015
3328,1644,1684,0.49399038461538464,0.5060096153846154
3329,1644,1685,0.49384199459297085,0.5061580054070292
3330,1644,1686,0.4936936936936937,0.5063063063063064
3331,1645,1686,0.49384569198438905,0.5061543080156109
3332,1646,1686,0.4939975990396158,0.5060024009603842
3333,1647,1686,0.49414941494149417,0.5058505850585059
3334,1648,1686,0.4943011397720456,0.5056988602279544
3335,1649,1686,0.4944527736131934,0.5055472263868066
3336,1650,1686,0.49460431654676257,0.5053956834532374
3337,1650,1687,0.4944560982918789,0.505543901708121
3338,1651,1687,0.4946075494307969,0.5053924505692031
3339,1651,1688,0.4944594189877209,0.5055405810122792
3340,1652,1688,0.4946107784431138,0.5053892215568863
3341,1652,1689,0.4944627357078719,0.5055372642921281
3342,1653,1689,0.49461400359066426,0.5053859964093357
3343,1654,1689,0.494765180975172,0.505234819024828
3344,1654,1690,0.4946172248803828,0.5053827751196173
3345,1655,1690,0.4947683109118087,0.5052316890881914
3346,1656,1690,0.4949193066347878,0.5050806933652122
3347,1656,1691,0.49477143710785776,0.5052285628921422
3348,1657,1691,0.49492234169653526,0.5050776583034647
3349,1657,1692,0.4947745595700209,0.5052254404299791
3350,1658,1692,0.4949253731343284,0.5050746268656716
3351,1659,1692,0.495076096687556,0.5049239033124441
3352,1659,1693,0.49492840095465396,0.505071599045346
3353,1659,1694,0.49478079331941544,0.5052192066805845
3354,1659,1695,0.49463327370304117,0.5053667262969589
3355,1659,1696,0.4944858420268256,0.5055141579731743
3356,1659,1697,0.4943384982121573,0.5056615017878426
3357,1659,1698,0.4941912421805183,0.5058087578194816
3358,1660,1698,0.49434187016081,0.50565812983919
3359,1660,1699,0.49419470080381067,0.5058052991961893
3360,1660,1700,0.49404761904761907,0.5059523809523809
3361,1661,1700,0.4941981553109194,0.5058018446890806
3362,1661,1701,0.49405116002379534,0.5059488399762047
3363,1662,1701,0.49420160570918825,0.5057983942908117
3364,1663,1701,0.4943519619500594,0.5056480380499405
3365,1664,1701,0.4945022288261516,0.5054977711738484
3366,1665,1701,0.4946524064171123,0.5053475935828877
3367,1666,1701,0.49480249480249483,0.5051975051975052
3368,1667,1701,0.49495249406175773,0.5050475059382423
3369,1667,1702,0.4948055802908875,0.5051944197091125
3370,1668,1702,0.49495548961424335,0.5050445103857567
3371,1668,1703,0.49480866211806585,0.5051913378819342
3372,1668,1704,0.49466192170818507,0.505338078291815
3373,1668,1705,0.494515268307145,0.505484731692855
3374,1668,1706,0.4943687018375815,0.5056312981624185
3375,1668,1707,0.49422222222222223,0.5057777777777778
3376,1669,1707,0.4943720379146919,0.505627962085308
3377,1669,1708,0.49422564406277764,0.5057743559372224
3378,1669,1709,0.4940793368857312,0.5059206631142688
3379,1670,1709,0.4942290618526191,0.5057709381473808
3380,1670,1710,0.4940828402366864,0.5059171597633136
3381,1671,1710,0.49423247559893524,0.5057675244010648
3382,1672,1710,0.4943820224719101,0.5056179775280899
3383,1673,1710,0.49453148093408217,0.5054685190659178
3384,1674,1710,0.4946808510638298,0.5053191489361702
3385,1674,1711,0.49453471196454946,0.5054652880354505
3386,1674,1712,0.4943886591848789,0.505611340815121
3387,1675,1712,0.4945379391792146,0.5054620608207854
3388,1676,1712,0.4946871310507674,0.5053128689492326
3389,1676,1713,0.49454116258483327,0.5054588374151667
3390,1677,1713,0.4946902654867257,0.5053097345132743
3391,1678,1713,0.4948392804482454,0.5051607195517547
3392,1678,1714,0.4946933962264151,0.5053066037735849
3393,1679,1714,0.4948423224285293,0.5051576775714707
3394,1680,1714,0.4949911608721273,0.5050088391278728
3395,1681,1714,0.495139911634757,0.504860088365243
3396,1682,1714,0.49528857479387517,0.5047114252061249
3397,1682,1715,0.4951427730350309,0.504857226964969
3398,1682,1716,0.4949970570924073,0.5050029429075927
3399,1683,1716,0.49514563106796117,0.5048543689320388
3400,1684,1716,0.49529411764705883,0.5047058823529412
3401,1684,1717,0.4951484857394884,0.5048515142605117
3402,1685,1717,0.49529688418577306,0.5047031158142269
3403,1686,1717,0.49544519541580956,0.5045548045841904
3404,1686,1718,0.49529964747356053,0.5047003525264395
3405,1686,1719,0.4951541850220264,0.5048458149779735
3406,1686,1720,0.49500880798590724,0.5049911920140928
3407,1686,1721,0.4948635162899912,0.5051364837100089
3408,1686,1722,0.49471830985915494,0.5052816901408451
3409,1686,1723,0.49457318861836314,0.5054268113816368
3410,1686,1724,0.49442815249266864,0.5055718475073314
3411,1687,1724,0.4945763705658165,0.5054236294341835
3412,1687,1725,0.4944314185228605,0.5055685814771395
3413,1687,1726,0.4942865514210372,0.5057134485789628
3414,1688,1726,0.4944346807264206,0.5055653192735794
3415,1688,1727,0.49428989751098096,0.505710102489019
3416,1688,1728,0.49414519906323184,0.5058548009367682
3417,1689,1728,0.4942932396839333,0.5057067603160668
3418,1689,1729,0.4941486249268578,0.5058513750731422
3419,1689,1730,0.49400409476455104,0.5059959052354489
3420,1690,1730,0.49415204678362573,0.5058479532163743
3421,1691,1730,0.4942999123063432,0.5057000876936568
3422,1691,1731,0.4941554646405611,0.505844535359439
3423,1691,1732,0.4940111013730646,0.5059888986269354
3424,1692,1732,0.4941588785046729,0.5058411214953271
3425,1692,1733,0.494014598540146,0.505985401459854
3426,1693,1733,0.4941622883829539,0.5058377116170462
3427,1694,1733,0.49430989203384884,0.5056901079661511
3428,1695,1733,0.4944574095682614,0.5055425904317387
3429,1696,1733,0.49460484106153396,0.505395158938466
3430,1697,1733,0.4947521865889213,0.5052478134110787
3431,1697,1734,0.49460798600990963,0.5053920139900904
3432,1698,1734,0.49475524475524474,0.5052447552447552
3433,1699,1734,0.49490241771045734,0.5050975822895427
3434,1699,1735,0.4947582993593477,0.5052417006406523
3435,1699,1736,0.49461426491994176,0.5053857350800582
3436,1700,1736,0.4947613504074505,0.5052386495925495
3437,1701,1736,0.49490835030549896,0.505091649694501
3438,1701,1737,0.49476439790575916,0.5052356020942408
3439,1701,1738,0.4946205292236115,0.5053794707763885
3440,1701,1739,0.49447674418604654,0.5055232558139535
3441,1702,1739,0.4946236559139785,0.5053763440860215
3442,1703,1739,0.4947704822777455,0.5052295177222546
3443,1704,1739,0.49491722335172816,0.5050827766482718
3444,1705,1739,0.49506387921022066,0.5049361207897793
3445,1705,1740,0.4949201741654572,0.5050798258345428
3446,1706,1740,0.4950667440510737,0.5049332559489262
3447,1706,1741,0.49492312155497536,0.5050768784450247
3448,1706,1742,0.4947795823665893,0.5052204176334106
3449,1707,1742,0.49492606552623947,0.5050739344737605
3450,1708,1742,0.4950724637681159,0.504927536231884
3451,1709,1742,0.49521877716603885,0.5047812228339612
3452,1710,1742,0.49536500579374276,0.5046349942062572
3453,1711,1742,0.4955111497248769,0.5044888502751231
3454,1711,1743,0.49536768963520555,0.5046323103647944
3455,1711,1744,0.49522431259044863,0.5047756874095514
3456,1711,1745,0.49508101851851855,0.5049189814814815
3457,1711,1746,0.49493780734741105,0.505062192652589
3458,1712,1746,0.4950838635049161,0.5049161364950838
3459,1712,1747,0.4949407343162764,0.5050592656837236
3460,1713,1747,0.4950867052023121,0.5049132947976879
3461,1714,1747,0.49523259173649237,0.5047674082635076
3462,1714,1748,0.4950895436164067,0.5049104563835933
3463,1714,1749,0.49494657811146403,0.505053421888536
3464,1715,1749,0.49509237875288686,0.5049076212471132
3465,1715,1750,0.494949494949495,0.5050505050505051
3466,1716,1750,0.49509521061742645,0.5049047893825735
3467,1716,1751,0.49495240842226707,0.5050475915777329
3468,1717,1751,0.4950980392156863,0.5049019607843137
3469,1718,1751,0.4952435860478524,0.5047564139521475
3470,1719,1751,0.49538904899135444,0.5046109510086455
3471,1720,1751,0.4955344281186978,0.5044655718813023
3472,1720,1752,0.49539170506912444,0.5046082949308756
3473,1721,1752,0.4955369997120645,0.5044630002879354
3474,1721,1753,0.4953943580886586,0.5046056419113414
3475,1721,1754,0.4952517985611511,0.5047482014388489
3476,1722,1754,0.4953970080552359,0.5046029919447641
3477,1723,1754,0.49554213402358355,0.5044578659764164
3478,1723,1755,0.4953996549741231,0.5046003450258769
3479,1723,1756,0.4952572578327106,0.5047427421672894
3480,1723,1757,0.4951149425287356,0.5048850574712643
3481,1724,1757,0.4952599827635737,0.5047400172364264
3482,1725,1757,0.49540493968983346,0.5045950603101665
3483,1726,1757,0.49554981337927073,0.5044501866207293
3484,1726,1758,0.4954075774971297,0.5045924225028703
3485,1726,1759,0.4952654232424677,0.5047345767575323
3486,1726,1760,0.4951233505450373,0.5048766494549627
3487,1727,1760,0.4952681388012618,0.5047318611987381
3488,1728,1760,0.4954128440366973,0.5045871559633027
3489,1729,1760,0.49555746632272857,0.5044425336772714
3490,1730,1760,0.49570200573065903,0.504297994269341
3491,1731,1760,0.4958464623317101,0.5041535376682899
3492,1731,1761,0.4957044673539519,0.5042955326460481
3493,1732,1761,0.4958488405382193,0.5041511594617807
3494,1733,1761,0.4959931310818546,0.5040068689181454
3495,1734,1761,0.496137339055794,0.503862660944206
3496,1734,1762,0.4959954233409611,0.5040045766590389
3497,1735,1762,0.49613954818415784,0.5038604518158422
3498,1735,1763,0.49599771297884504,0.5040022870211549
3499,1736,1763,0.496141754787082,0.503858245212918
3500,1736,1764,0.496,0.504
3501,1736,1765,0.4958583261925164,0.5041416738074835
3502,1737,1765,0.4960022844089092,0.5039977155910909
3503,1737,1766,0.4958606908364259,0.5041393091635741
3504,1738,1766,0.4960045662100457,0.5039954337899544
3505,1738,1767,0.49586305278174037,0.5041369472182596
3506,1739,1767,0.4960068454078722,0.5039931545921278
3507,1740,1767,0.49615055603079555,0.5038494439692045
3508,1741,1767,0.4962941847206385,0.5037058152793614
3509,1741,1768,0.4961527500712454,0.5038472499287546
3510,1741,1769,0.496011396011396,0.503988603988604
3511,1741,1770,0.4958701224722301,0.5041298775277698
3512,1742,1770,0.4960136674259681,0.5039863325740319
3513,1743,1770,0.4961571306575576,0.5038428693424424
3514,1744,1770,0.49630051223676724,0.5036994877632328
3515,1744,1771,0.4961593172119488,0.5038406827880512
3516,1745,1771,0.49630261660978386,0.5036973833902162
3517,1745,1772,0.4961615012794996,0.5038384987205005
3518,1745,1773,0.4960204661739625,0.5039795338260376
3519,1746,1773,0.4961636828644501,0.5038363171355499
3520,1746,1774,0.4960227272727273,0.5039772727272728
3521,1747,1774,0.49616586197103096,0.503834138028969
3522,1748,1774,0.49630891538898353,0.5036910846110164
3523,1748,1775,0.496168038603463,0.5038319613965371
3524,1748,1776,0.4960272417707151,0.5039727582292849
3525,1749,1776,0.49617021276595746,0.5038297872340426
3526,1749,1777,0.49602949517867273,0.5039705048213273
3527,1749,1778,0.49588885738588034,0.5041111426141196
3528,1749,1779,0.4957482993197279,0.5042517006802721
3529,1749,1780,0.49560782091243977,0.5043921790875602
3530,1750,1780,0.49575070821529743,0.5042492917847026
3531,1751,1780,0.4958935145851034,0.5041064854148967
3532,1751,1781,0.49575311438278596,0.5042468856172141
3533,1751,1782,0.4956127936597792,0.5043872063402208
3534,1751,1783,0.4954725523486135,0.5045274476513866
3535,1751,1784,0.49533239038189536,0.5046676096181046
3536,1752,1784,0.49547511312217196,0.504524886877828
3537,1753,1784,0.4956177551597399,0.5043822448402601
3538,1754,1784,0.49576031656302993,0.50423968343697
3539,1755,1784,0.4959027974003956,0.5040972025996044
3540,1755,1785,0.4957627118644068,0.5042372881355932
3541,1755,1786,0.49562270545043774,0.5043772945495623
3542,1756,1786,0.4957651044607566,0.5042348955392434
3543,1756,1787,0.49562517640417725,0.5043748235958228
3544,1757,1787,0.4957674943566591,0.5042325056433409
3545,1758,1787,0.49590973201692523,0.5040902679830748
3546,1759,1787,0.4960518894529047,0.5039481105470953
3547,1759,1788,0.49591203834226105,0.504087961657739
3548,1759,1789,0.49577226606538893,0.5042277339346111
3549,1759,1790,0.49563257255564946,0.5043674274443505
3550,1760,1790,0.49577464788732395,0.504225352112676
3551,1761,1790,0.49591664319909884,0.5040833568009011
3552,1762,1790,0.49605855855855857,0.5039414414414415
3553,1762,1791,0.4959189417393752,0.5040810582606248
3554,1762,1792,0.49577940348902644,0.5042205965109735
3555,1763,1792,0.4959212376933896,0.5040787623066104
3556,1763,1793,0.4957817772778403,0.5042182227221598
3557,1764,1793,0.49592353106550463,0.5040764689344953
3558,1765,1793,0.49606520517144465,0.5039347948285554
3559,1766,1793,0.49620679966282666,0.5037932003371733
3560,1767,1793,0.49634831460674156,0.5036516853932584
3561,1767,1794,0.4962089300758214,0.5037910699241785
3562,1768,1794,0.49635036496350365,0.5036496350364964
3563,1769,1794,0.4964917204602863,0.5035082795397138
3564,1769,1795,0.4963524130190797,0.5036475869809203
3565,1769,1796,0.49621318373071527,0.5037868162692847
3566,1769,1797,0.49607403252944476,0.5039259674705553
3567,1769,1798,0.4959349593495935,0.5040650406504065
3568,1769,1799,0.49579596412556054,0.5042040358744395
3569,1770,1799,0.4959372373213785,0.5040627626786215
3570,1770,1800,0.4957983193277311,0.5042016806722689
3571,1771,1800,0.495939512741529,0.504060487258471
3572,1771,1801,0.4958006718924972,0.5041993281075028
3573,1772,1801,0.4959417856143297,0.5040582143856703
3574,1772,1802,0.49580302182428654,0.5041969781757135
3575,1772,1803,0.49566433566433565,0.5043356643356643
3576,1773,1803,0.49580536912751677,0.5041946308724832
3577,1773,1804,0.49566675985462677,0.5043332401453732
3578,1774,1804,0.4958077138065959,0.5041922861934042
3579,1775,1804,0.49594858899133837,0.5040514110086617
3580,1775,1805,0.4958100558659218,0.5041899441340782
3581,1775,1806,0.49567160011170064,0.5043283998882994
3582,1776,1806,0.49581239530988275,0.5041876046901173
3583,1777,1806,0.49595311191738767,0.5040468880826123
3584,1778,1806,0.49609375,0.50390625
3585,1778,1807,0.49595536959553693,0.504044630404463
3586,1778,1808,0.49581706636921363,0.5041829336307864
3587,1779,1808,0.4959576247560636,0.5040423752439365
3588,1780,1808,0.496098104793757,0.5039018952062431
3589,1781,1808,0.4962385065477849,0.5037614934522151
3590,1782,1808,0.4963788300835655,0.5036211699164346
3591,1782,1809,0.49624060150375937,0.5037593984962406
3592,1782,1810,0.49610244988864144,0.5038975501113586
3593,1782,1811,0.49596437517394937,0.5040356248260507
3594,1783,1811,0.4961046188091263,0.5038953811908736
3595,1783,1812,0.49596662030598054,0.5040333796940195
3596,1784,1812,0.4961067853170189,0.5038932146829811
3597,1784,1813,0.49596886294134,0.50403113705866
3598,1785,1813,0.4961089494163424,0.5038910505836576
3599,1786,1813,0.49624895804390107,0.5037510419560989
3600,1787,1813,0.4963888888888889,0.5036111111111111
3601,1787,1814,0.4962510413773952,0.5037489586226048
3602,1788,1814,0.4963908939478068,0.5036091060521932
3603,1789,1814,0.49653066888703856,0.5034693311129614
3604,1790,1814,0.49667036625971145,0.5033296337402886
3605,1790,1815,0.49653259361997226,0.5034674063800277
3606,1791,1815,0.4966722129783694,0.5033277870216306
3607,1792,1815,0.49681175492098695,0.503188245079013
3608,1793,1815,0.4969512195121951,0.5030487804878049
3609,1794,1815,0.4970906068162926,0.5029093931837074
3610,1794,1816,0.4969529085872576,0.5030470914127424
3611,1795,1816,0.49709221822209915,0.5029077817779009
3612,1795,1817,0.4969545957918051,0.5030454042081949
3613,1796,1817,0.49709382784389705,0.502906172156103
3614,1797,1817,0.49723298284449363,0.5027670171555063
3615,1798,1817,0.49737206085753805,0.502627939142462
3616,1798,1818,0.49723451327433627,0.5027654867256637
3617,1798,1819,0.4970970417473044,0.5029029582526956
3618,1799,1819,0.4972360420121614,0.5027639579878386
3619,1800,1819,0.4973749654600718,0.5026250345399281
3620,1800,1820,0.4972375690607735,0.5027624309392266
3621,1801,1820,0.49737641535487437,0.5026235846451257
3622,1802,1820,0.49751518498067365,0.5024848150193263
3623,1802,1821,0.49737786364890973,0.5026221363510902
3624,1802,1822,0.49724061810154524,0.5027593818984547
3625,1803,1822,0.4973793103448276,0.5026206896551724
3626,1804,1822,0.49751792608935463,0.5024820739106454
3627,1805,1822,0.49765646539840086,0.5023435346015991
3628,1806,1822,0.4977949283351709,0.5022050716648291
3629,1806,1823,0.49765775695783965,0.5023422430421604
3630,1806,1824,0.4975206611570248,0.5024793388429752
3631,1807,1824,0.49765904709446435,0.5023409529055357
3632,1807,1825,0.49752202643171806,0.5024779735682819
3633,1808,1825,0.49766033581062485,0.5023396641893751
3634,1808,1826,0.49752339020363234,0.5024766097963677
3635,1809,1826,0.49766162310866574,0.5023383768913342
3636,1810,1826,0.4977997799779978,0.5022002200220022
3637,1811,1826,0.497937860874347,0.502062139125653
3638,1812,1826,0.49807586586036284,0.5019241341396372
3639,1812,1827,0.49793899422918386,0.5020610057708161
3640,1812,1828,0.4978021978021978,0.5021978021978022
3641,1812,1829,0.49766547651744025,0.5023345234825597
3642,1812,1830,0.4975288303130148,0.5024711696869851
3643,1813,1830,0.4976667581663464,0.5023332418336536
3644,1814,1830,0.4978046103183315,0.5021953896816685
3645,1814,1831,0.49766803840877916,0.5023319615912208
3646,1814,1832,0.4975315414152496,0.5024684585847504
3647,1815,1832,0.4976693172470524,0.5023306827529477
3648,1816,1832,0.49780701754385964,0.5021929824561403
3649,1816,1833,0.4976705946834749,0.502329405316525
3650,1816,1834,0.49753424657534245,0.5024657534246575
3651,1816,1835,0.4973979731580389,0.5026020268419611
3652,1817,1835,0.4975355969331873,0.5024644030668127
3653,1818,1835,0.4976731453599781,0.5023268546400219
3654,1818,1836,0.4975369458128079,0.5024630541871922
3655,1819,1836,0.49767441860465117,0.5023255813953489
3656,1820,1836,0.49781181619256015,0.5021881838074398
3657,1821,1836,0.49794913863822804,0.5020508613617719
3658,1822,1836,0.4980863860032805,0.5019136139967195
3659,1822,1837,0.4979502596337797,0.5020497403662203
3660,1823,1837,0.49808743169398906,0.5019125683060109
3661,1823,1838,0.49795137940453427,0.5020486205954657
3662,1823,1839,0.4978154014199891,0.502184598580011
3663,1824,1839,0.49795249795249796,0.502047502047502
3664,1824,1840,0.4978165938864629,0.5021834061135371
3665,1825,1840,0.4979536152796726,0.5020463847203275
3666,1825,1841,0.4978177850518276,0.5021822149481724
3667,1825,1842,0.49768202890646307,0.5023179710935369
3668,1826,1842,0.49781897491821153,0.5021810250817884
3669,1827,1842,0.49795584627964024,0.5020441537203598
3670,1827,1843,0.49782016348773844,0.5021798365122616
3671,1828,1843,0.49795695995641515,0.5020430400435849
3672,1828,1844,0.49782135076252726,0.5021786492374728
3673,1829,1844,0.49795807242036483,0.5020419275796352
3674,1830,1844,0.4980947196516059,0.5019052803483941
3675,1830,1845,0.49795918367346936,0.5020408163265306
3676,1831,1845,0.49809575625680086,0.5019042437431991
3677,1832,1845,0.49823225455534403,0.501767745444656
3678,1833,1845,0.49836867862969003,0.50163132137031
3679,1834,1845,0.4985050285403642,0.5014949714596357
3680,1835,1845,0.4986413043478261,0.501358695652174
3681,1836,1845,0.49877750611246946,0.5012224938875306
3682,1837,1845,0.4989136338946225,0.5010863661053775
3683,1838,1845,0.49904968775454794,0.5009503122454521
3684,1839,1845,0.499185667752443,0.500814332247557
3685,1840,1845,0.4993215739484396,0.5006784260515604
3686,1840,1846,0.4991861096039067,0.5008138903960934
3687,1840,1847,0.4990507187415243,0.5009492812584757
3688,1840,1848,0.49891540130151846,0.5010845986984815
3689,1840,1849,0.49878015722418,0.50121984277582
3690,1841,1849,0.4989159891598916,0.5010840108401085
3691,1842,1849,0.4990517474939041,0.5009482525060959
3692,1843,1849,0.49918743228602386,0.5008125677139762
3693,1843,1850,0.4990522610343894,0.5009477389656106
3694,1843,1851,0.49891716296697347,0.5010828370330266
3695,1844,1851,0.49905277401894454,0.5009472259810555
3696,1845,1851,0.4991883116883117,0.5008116883116883
3697,1845,1852,0.49905328644847174,0.5009467135515283
3698,1845,1853,0.4989183342347215,0.5010816657652786
3699,1846,1853,0.4990537983238713,0.5009462016761287
3700,1846,1854,0.49891891891891893,0.5010810810810811
3701,1846,1855,0.4987841124020535,0.5012158875979466
3702,1847,1855,0.49891950297136684,0.5010804970286332
3703,1848,1855,0.499054820415879,0.500945179584121
3704,1848,1856,0.49892008639308855,0.5010799136069114
3705,1849,1856,0.499055330634278,0.500944669365722
3706,1849,1857,0.49892066918510525,0.5010793308148948
3707,1850,1857,0.4990558403021311,0.5009441596978689
3708,1850,1858,0.4989212513484358,0.5010787486515642
3709,1851,1858,0.49905634942032895,0.500943650579671
3710,1852,1858,0.4991913746630728,0.5008086253369273
3711,1852,1859,0.4990568579897602,0.5009431420102398
3712,1853,1859,0.49919181034482757,0.5008081896551724
3713,1854,1859,0.4993266900080797,0.5006733099919203
3714,1854,1860,0.4991922455573506,0.5008077544426495
3715,1854,1861,0.4990578734858681,0.500942126514132
3716,1854,1862,0.49892357373519913,0.5010764262648009
3717,1855,1862,0.4990583804143126,0.5009416195856874
3718,1855,1863,0.4989241527703066,0.5010758472296933
3719,1855,1864,0.4987899973111051,0.5012100026888948
3720,1856,1864,0.4989247311827957,0.5010752688172043
3721,1856,1865,0.4987906476753561,0.5012093523246439
3722,1856,1866,0.4986566362170876,0.5013433637829124
3723,1856,1867,0.4985226967499328,0.5014773032500671
3724,1857,1867,0.4986573576799141,0.501342642320086
3725,1857,1868,0.4985234899328859,0.5014765100671141
3726,1857,1869,0.49838969404186795,0.501610305958132
3727,1857,1870,0.49825596994902066,0.5017440300509793
3728,1857,1871,0.4981223175965665,0.5018776824034334
3729,1857,1872,0.49798873692679,0.50201126307321
3730,1857,1873,0.4978552278820375,0.5021447721179625
3731,1857,1874,0.49772179040471726,0.5022782095952828
3732,1857,1875,0.49758842443729906,0.502411575562701
3733,1858,1875,0.4977230109831235,0.5022769890168765
3734,1858,1876,0.49758971612212105,0.502410283877879
3735,1859,1876,0.49772423025435075,0.5022757697456492
3736,1859,1877,0.49759100642398285,0.5024089935760171
3737,1860,1877,0.49772544822049775,0.5022745517795023
3738,1861,1877,0.49785981808453716,0.5021401819154628
3739,1861,1878,0.49772666488365874,0.5022733351163413
3740,1861,1879,0.49759358288770056,0.5024064171122995
3741,1862,1879,0.49772788024592357,0.5022721197540765
3742,1863,1879,0.4978621058257616,0.5021378941742384
3743,1863,1880,0.4977290943093775,0.5022709056906225
3744,1864,1880,0.49786324786324787,0.5021367521367521
3745,1864,1881,0.49773030707610144,0.5022696929238986
3746,1865,1881,0.49786438868126,0.50213561131874
3747,1866,1881,0.49799839871897517,0.5020016012810248
3748,1866,1882,0.4978655282817503,0.5021344717182498
3749,1866,1883,0.4977327287276607,0.5022672712723393
3750,1866,1884,0.4976,0.5024
3751,1867,1884,0.4977339376166356,0.5022660623833645
3752,1867,1885,0.4976012793176972,0.5023987206823027
3753,1868,1885,0.4977351452171596,0.5022648547828404
3754,1868,1886,0.49760255727224295,0.5023974427277571
3755,1868,1887,0.49747003994673766,0.5025299600532623
3756,1868,1888,0.49733759318423854,0.5026624068157615
3757,1868,1889,0.4972052169284003,0.5027947830715996
3758,1869,1889,0.49733901011176157,0.5026609898882384
3759,1869,1890,0.4972067039106145,0.5027932960893855
3760,1870,1890,0.4973404255319149,0.5026595744680851
3761,1870,1891,0.49720818931135335,0.5027918106886466
3762,1871,1891,0.4973418394471026,0.5026581605528974
3763,1872,1891,0.49747541854903005,0.50252458145097
3764,1873,1891,0.49760892667375134,0.5023910733262487
3765,1873,1892,0.4974767596281541,0.5025232403718459
3766,1873,1893,0.49734466277217204,0.502655337227828
3767,1874,1893,0.49747809928324926,0.5025219007167507
3768,1875,1893,0.49761146496815284,0.5023885350318471
3769,1875,1894,0.49747943751658263,0.5025205624834174
3770,1875,1895,0.4973474801061008,0.5026525198938993
3771,1876,1895,0.4974807743304163,0.5025192256695836
3772,1877,1895,0.4976139978791092,0.5023860021208908
3773,1877,1896,0.4974821097270077,0.5025178902729923
3774,1878,1896,0.49761526232114467,0.5023847376788553
3775,1878,1897,0.49748344370860925,0.5025165562913907
3776,1878,1898,0.4973516949152542,0.5026483050847458
3777,1879,1898,0.4974847762774689,0.5025152237225311
3778,1879,1899,0.4973530968766543,0.5026469031233457
3779,1879,1900,0.4972214871659169,0.502778512834083
3780,1880,1900,0.4973544973544973,0.5026455026455027
3781,1880,1901,0.49722295688971174,0.5027770431102883
3782,1881,1901,0.497355896351137,0.502644103648863
3783,1882,1901,0.49748876553000265,0.5025112344699973
3784,1882,1902,0.4973572938689218,0.5026427061310782
3785,1882,1903,0.49722589167767506,0.5027741083223249
3786,1883,1903,0.49735868991019544,0.5026413100898045
3787,1883,1904,0.49722735674676527,0.5027726432532348
3788,1883,1905,0.4970960929250264,0.5029039070749736
3789,1883,1906,0.4969648983900765,0.5030351016099235
3790,1883,1907,0.4968337730870712,0.5031662269129288
3791,1883,1908,0.496702716961224,0.5032972830387761
3792,1884,1908,0.49683544303797467,0.5031645569620253
3793,1884,1909,0.4967044555760612,0.5032955444239389
3794,1885,1909,0.49683711122825513,0.5031628887717449
3795,1886,1909,0.49696969696969695,0.503030303030303
3796,1886,1910,0.49683877766069545,0.5031612223393045
3797,1886,1911,0.496707927311035,0.5032920726889649
3798,1887,1911,0.4968404423380727,0.5031595576619273
3799,1888,1911,0.49697288760200053,0.5030271123979995
3800,1888,1912,0.4968421052631579,0.5031578947368421
3801,1888,1913,0.4967113917390161,0.503288608260984
3802,1888,1914,0.49658074697527615,0.5034192530247238
3803,1889,1914,0.4967131212200894,0.5032868787799106
3804,1889,1915,0.49658254468980023,0.5034174553101998
3805,1889,1916,0.4964520367936925,0.5035479632063075
3806,1889,1917,0.49632159747766685,0.5036784025223332
3807,1890,1917,0.49645390070921985,0.5035460992907801
3808,1890,1918,0.4963235294117647,0.5036764705882353
3809,1890,1919,0.49619322656865317,0.5038067734313468
3810,1891,1919,0.4963254593175853,0.5036745406824147
3811,1892,1919,0.4964576226712149,0.5035423773287852
3812,1892,1920,0.4963273871983211,0.5036726128016789
3813,1893,1920,0.4964594807238395,0.5035405192761605
3814,1893,1921,0.49632931305715783,0.5036706869428421
3815,1894,1921,0.4964613368283093,0.5035386631716907
3816,1894,1922,0.49633123689727465,0.5036687631027253
3817,1894,1923,0.4962012051349227,0.5037987948650773
3818,1894,1924,0.4960712414876899,0.5039287585123101
3819,1894,1925,0.4959413459020686,0.5040586540979314
3820,1894,1926,0.49581151832460735,0.5041884816753927
3821,1895,1926,0.4959434702957341,0.504056529704266
3822,1896,1926,0.49607535321821034,0.5039246467817896
3823,1897,1926,0.49620716714622026,0.5037928328537797
3824,1898,1926,0.4963389121338912,0.5036610878661087
3825,1899,1926,0.4964705882352941,0.5035294117647059
3826,1900,1926,0.4966021955044433,0.5033978044955567
3827,1900,1927,0.4964724327149203,0.5035275672850797
3828,1900,1928,0.49634273772204807,0.5036572622779519
3829,1900,1929,0.4962131104727083,0.5037868895272917
3830,1901,1929,0.49634464751958224,0.5036553524804177
3831,1902,1929,0.4964761158966327,0.5035238841033672
3832,1902,1930,0.4963465553235908,0.5036534446764092
3833,1902,1931,0.4962170623532481,0.5037829376467519
3834,1903,1931,0.49634846113719355,0.5036515388628064
3835,1904,1931,0.4964797913950456,0.5035202086049544
3836,1904,1932,0.49635036496350365,0.5036496350364964
3837,1904,1933,0.49622100599426633,0.5037789940057337
3838,1905,1933,0.49635226680562794,0.5036477331943721
3839,1905,1934,0.49622297473300336,0.5037770252669966
3840,1906,1934,0.49635416666666665,0.5036458333333333
3841,1907,1934,0.49648529028898725,0.5035147097110128
3842,1907,1935,0.4963560645497137,0.5036439354502863
3843,1908,1935,0.4964871194379391,0.5035128805620609
3844,1908,1936,0.4963579604578564,0.5036420395421436
3845,1908,1937,0.4962288686605982,0.5037711313394018
3846,1908,1938,0.4960998439937597,0.5039001560062403
3847,1909,1938,0.4962308292175721,0.5037691707824279
3848,1910,1938,0.49636174636174635,0.5036382536382537
3849,1910,1939,0.4962327877370746,0.5037672122629254
3850,1911,1939,0.49636363636363634,0.5036363636363637
3851,1911,1940,0.4962347442222799,0.50376525577772
3852,1911,1941,0.4961059190031153,0.5038940809968847
3853,1912,1941,0.4962366986763561,0.5037633013236439
3854,1913,1941,0.49636741048261546,0.5036325895173845
3855,1914,1941,0.4964980544747082,0.5035019455252918
3856,1915,1941,0.4966286307053942,0.5033713692946058
3857,1916,1941,0.4967591392273788,0.5032408607726212
3858,1917,1941,0.4968895800933126,0.5031104199066874
3859,1917,1942,0.4967608188649909,0.5032391811350091
3860,1918,1942,0.4968911917098446,0.5031088082901555
3861,1919,1942,0.497021497021497,0.502978502978503
3862,1920,1942,0.4971517348524081,0.502848265147592
3863,1921,1942,0.49728190525498317,0.5027180947450168
3864,1922,1942,0.4974120082815735,0.5025879917184265
3865,1923,1942,0.49754204398447605,0.5024579560155239
3866,1924,1942,0.4976720124159338,0.5023279875840663
3867,1925,1942,0.49780191362813553,0.5021980863718645
3868,1926,1942,0.49793174767321613,0.5020682523267839
3869,1927,1942,0.49806151460325665,0.5019384853967434
3870,1928,1942,0.49819121447028425,0.5018087855297158
3871,1929,1942,0.4983208473262723,0.5016791526737278
3872,1930,1942,0.4984504132231405,0.5015495867768595
3873,1931,1942,0.498579912212755,0.501420087787245
3874,1932,1942,0.49870934434692826,0.5012906556530717
3875,1932,1943,0.4985806451612903,0.5014193548387097
3876,1933,1943,0.49871001031991746,0.5012899896800825
3877,1933,1944,0.49858137735362396,0.501418622646376
3878,1934,1944,0.4987106756059825,0.5012893243940175
3879,1935,1944,0.4988399071925754,0.5011600928074246
3880,1935,1945,0.49871134020618557,0.5012886597938144
3881,1936,1945,0.49884050502447824,0.5011594949755218
3882,1937,1945,0.49896960329726947,0.5010303967027305
3883,1938,1945,0.4990986350759722,0.5009013649240278
3884,1939,1945,0.49922760041194647,0.5007723995880535
3885,1939,1946,0.4990990990990991,0.5009009009009009
3886,1940,1946,0.49922799794132783,0.5007720020586721
3887,1940,1947,0.49909956264471317,0.5009004373552869
3888,1940,1948,0.49897119341563784,0.5010288065843621
3889,1941,1948,0.49910002571355105,0.500899974286449
3890,1942,1948,0.49922879177377893,0.5007712082262211
3891,1942,1949,0.49910048830634796,0.500899511693652
3892,1942,1950,0.4989722507708119,0.501027749229188
3893,1942,1951,0.4988440791163627,0.5011559208836373
3894,1942,1952,0.4987159732922445,0.5012840267077555
3895,1943,1952,0.4988446726572529,0.5011553273427471
3896,1943,1953,0.4987166324435318,0.5012833675564682
3897,1944,1953,0.49884526558891457,0.5011547344110855
3898,1944,1954,0.4987172909184197,0.5012827090815803
3899,1944,1955,0.498589381892793,0.501410618107207
3900,1944,1956,0.49846153846153846,0.5015384615384615
3901,1944,1957,0.49833376057421175,0.5016662394257883
3902,1945,1957,0.49846232701178883,0.5015376729882112
3903,1945,1958,0.49833461439918014,0.5016653856008199
3904,1945,1959,0.49820696721311475,0.5017930327868853
3905,1946,1959,0.49833546734955186,0.5016645326504482
3906,1947,1959,0.49846390168970817,0.5015360983102919
3907,1947,1960,0.49833631942667006,0.5016636805733299
3908,1947,1961,0.4982088024564995,0.5017911975435005
3909,1947,1962,0.4980813507290867,0.5019186492709132
3910,1948,1962,0.49820971867007674,0.5017902813299233
3911,1949,1962,0.49833802096650476,0.5016619790334953
3912,1950,1962,0.49846625766871167,0.5015337423312883
3913,1950,1963,0.4983388704318937,0.5016611295681063
3914,1950,1964,0.4982115482881962,0.5017884517118038
3915,1950,1965,0.49808429118773945,0.5019157088122606
3916,1951,1965,0.4982124616956078,0.5017875383043923
3917,1952,1965,0.4983405667602757,0.5016594332397243
3918,1952,1966,0.49821337417049516,0.5017866258295048
3919,1953,1966,0.498341413625925,0.501658586374075
3920,1954,1966,0.498469387755102,0.5015306122448979
3921,1955,1966,0.49859729660800817,0.5014027033919919
3922,1956,1966,0.4987251402345742,0.5012748597654259
3923,1956,1967,0.4985980117257201,0.5014019882742798
3924,1957,1967,0.4987257900101937,0.5012742099898063
3925,1958,1967,0.4988535031847134,0.5011464968152867
3926,1958,1968,0.4987264391237901,0.5012735608762099
3927,1959,1968,0.4988540870893812,0.5011459129106188
3928,1959,1969,0.49872708757637474,0.5012729124236253
3929,1959,1970,0.49860015271061336,0.5013998472893866
3930,1960,1970,0.49872773536895676,0.5012722646310432
3931,1961,1970,0.4988552531162554,0.5011447468837446
3932,1961,1971,0.49872838250254325,0.5012716174974567
3933,1961,1972,0.4986015764047801,0.5013984235952199
3934,1962,1972,0.4987290289781393,0.5012709710218607
3935,1963,1972,0.498856416772554,0.501143583227446
3936,1963,1973,0.49872967479674796,0.501270325203252
3937,1964,1973,0.49885699771399544,0.5011430022860046
3938,1964,1974,0.4987303199593702,0.5012696800406298
3939,1965,1974,0.49885757806549885,0.5011424219345011
3940,1966,1974,0.49898477157360405,0.5010152284263959
3941,1966,1975,0.49885815782796245,0.5011418421720375
3942,1967,1975,0.49898528665651953,0.5010147133434805
3943,1968,1975,0.4991123510017753,0.5008876489982247
3944,1968,1976,0.49898580121703856,0.5010141987829615
3945,1968,1977,0.4988593155893536,0.5011406844106464
3946,1969,1977,0.4989863152559554,0.5010136847440446
3947,1970,1977,0.4991132505700532,0.5008867494299468
3948,1970,1978,0.4989868287740628,0.5010131712259371
3949,1970,1979,0.49886047100531783,0.5011395289946822
3950,1971,1979,0.49898734177215187,0.5010126582278481
3951,1971,1980,0.4988610478359909,0.5011389521640092
3952,1972,1980,0.49898785425101216,0.5010121457489879
3953,1973,1980,0.49911459650898055,0.5008854034910195
3954,1974,1980,0.4992412746585736,0.5007587253414264
3955,1975,1980,0.4993678887484197,0.5006321112515802
3956,1975,1981,0.49924165824064715,0.5007583417593529
3957,1976,1981,0.4993682082385646,0.5006317917614355
3958,1977,1981,0.4994946942900455,0.5005053057099546
3959,1977,1982,0.4993685274059106,0.5006314725940895
3960,1977,1983,0.49924242424242427,0.5007575757575757
3961,1978,1983,0.49936884625094674,0.5006311537490533
3962,1979,1983,0.4994952044422009,0.5005047955577991
3963,1980,1983,0.4996214988644966,0.5003785011355034
3964,1981,1983,0.49974772956609487,0.5002522704339052
3965,1982,1983,0.4998738965952081,0.5001261034047919
3966,1983,1983,0.5,0.5
3967,1984,1983,0.5001260398285858,0.49987396017141417
3968,1984,1984,0.5,0.5
3969,1985,1984,0.5001259763164525,0.4998740236835475
3970,1986,1984,0.5002518891687657,0.49974811083123427
3971,1987,1984,0.5003777386048854,0.49962226139511456
3972,1987,1985,0.5002517623363545,0.4997482376636455
3973,1988,1985,0.5003775484520514,0.49962245154794865
3974,1989,1985,0.5005032712632109,0.49949672873678913
3975,1989,1986,0.5003773584905661,0.499622641509434
3976,1989,1987,0.5002515090543259,0.49974849094567403
3977,1989,1988,0.5001257229067136,0.4998742770932864
3978,1990,1988,0.5002513826043238,0.4997486173956762
3979,1991,1988,0.5003769791404875,0.49962302085951243
3980,1992,1988,0.5005025125628141,0.4994974874371859
3981,1993,1988,0.5006279829188646,0.4993720170811354
3982,1993,1989,0.5005022601707685,0.49949773982923157
3983,1994,1989,0.5006276675872458,0.4993723324127542
3984,1995,1989,0.5007530120481928,0.4992469879518072
3985,1995,1990,0.5006273525721455,0.4993726474278545
3986,1995,1991,0.5005017561465128,0.4994982438534872
3987,1995,1992,0.5003762227238525,0.4996237772761475
3988,1995,1993,0.5002507522567703,0.4997492477432297
3989,1995,1994,0.5001253446979192,0.4998746553020807
3990,1996,1994,0.5002506265664161,0.49974937343358394
3991,1996,1995,0.5001252818842395,0.49987471811576045
3992,1996,1996,0.5,0.5
3993,1996,1997,0.4998747808665164,0.5001252191334836
3994,1997,1997,0.5,0.5
3995,1998,1997,0.500125156445557,0.49987484355444306
3996,1999,1997,0.5002502502502503,0.4997497497497497
3997,2000,1997,0.5003752814610958,0.49962471853890417
3998,2000,1998,0.5002501250625313,0.49974987493746875
3999,2001,1998,0.5003750937734434,0.49962490622655664
4000,2001,1999,0.50025,0.49975
4001,2001,2000,0.5001249687578105,0.49987503124218946
4002,2002,2000,0.5002498750624688,0.49975012493753124
4003,2002,2001,0.5001249063202599,0.4998750936797402
4004,2002,2002,0.5,0.5
4005,2002,2003,0.4998751560549313,0.5001248439450686
4006,2003,2003,0.5,0.5
4007,2003,2004,0.49987521836785626,0.5001247816321438
4008,2003,2005,0.49975049900199603,0.500249500998004
4009,2004,2005,0.49987528061860814,0.5001247193813919
4010,2004,2006,0.49975062344139654,0.5002493765586035
4011,2005,2006,0.49987534280727997,0.50012465719272
4012,2005,2007,0.4997507477567298,0.5002492522432702
4013,2006,2007,0.4998754049339646,0.5001245950660353
4014,2006,2008,0.49975087194818135,0.5002491280518186
4015,2006,2009,0.499626400996264,0.500373599003736
4016,2006,2010,0.4995019920318725,0.5004980079681275
4017,2007,2010,0.4996265870052278,0.5003734129947722
4018,2008,2010,0.4997511199601792,0.5002488800398208
4019,2009,2010,0.49987559094302064,0.5001244090569793
4020,2010,2010,0.5,0.5
4021,2010,2011,0.4998756528226809,0.5001243471773191
4022,2010,2012,0.4997513674788662,0.5002486325211337
4023,2011,2012,0.4998757146408153,0.5001242853591847
4024,2011,2013,0.49975149105367794,0.5002485089463221
4025,2011,2014,0.4996273291925466,0.5003726708074534
4026,2011,2015,0.49950322901142574,0.5004967709885743
4027,2012,2015,0.49962751427861934,0.5003724857213807
4028,2012,2016,0.49950347567030784,0.5004965243296922
4029,2012,2017,0.499379498634897,0.500620501365103
4030,2013,2017,0.4995037220843672,0.5004962779156328
4031,2014,2017,0.49962788389977675,0.5003721161002233
4032,2015,2017,0.49975198412698413,0.5002480158730159
4033,2015,2018,0.4996280684354079,0.5003719315645921
4034,2015,2019,0.4995042141794745,0.5004957858205256
4035,2016,2019,0.4996282527881041,0.5003717472118959
4036,2017,2019,0.4997522299306244,0.5002477700693756
4037,2018,2019,0.49987614565271243,0.5001238543472876
4038,2018,2020,0.49975235264982665,0.5002476473501734
4039,2019,2020,0.4998762069819262,0.5001237930180737
4040,2019,2021,0.49975247524752475,0.5002475247524752
4041,2019,2022,0.49962880475129917,0.5003711952487008
4042,2019,2023,0.49950519544779814,0.5004948045522019
4043,2019,2024,0.49938164729161516,0.5006183527083848
4044,2020,2024,0.49950544015825915,0.5004945598417408
4045,2020,2025,0.49938195302843014,0.5006180469715699
4046,2021,2025,0.4995056846267919,0.5004943153732081
4047,2022,2025,0.49962935507783546,0.5003706449221645
4048,2023,2025,0.49975296442687744,0.5002470355731226
4049,2023,2026,0.4996295381575698,0.5003704618424303
4050,2024,2026,0.4997530864197531,0.5002469135802469
4051,2025,2026,0.49987657368550975,0.5001234263144902
4052,2026,2026,0.5,0.5
4053,2027,2026,0.5001233654083395,0.4998766345916605
4054,2027,2027,0.5,0.5
4055,2027,2028,0.4998766954377312,0.5001233045622688
4056,2027,2029,0.4997534516765286,0.5002465483234714
4057,2028,2029,0.49987675622381067,0.5001232437761893
4058,2028,2030,0.49975357318876296,0.5002464268112371
4059,2028,2031,0.49963045084996305,0.500369549150037
4060,2029,2031,0.49975369458128077,0.5002463054187192
4061,2029,2032,0.49963063284905196,0.500369367150948
4062,2029,2033,0.499507631708518,0.500492368291482
4063,2030,2033,0.4996308146689638,0.5003691853310361
4064,2031,2033,0.499753937007874,0.500246062992126
4065,2031,2034,0.4996309963099631,0.5003690036900369
4066,2032,2034,0.499754058042302,0.500245941957698
4067,2032,2035,0.49963117777231375,0.5003688222276863
4068,2033,2035,0.4997541789577188,0.5002458210422812
4069,2034,2035,0.4998771196854264,0.5001228803145736
4070,2034,2036,0.49975429975429975,0.5002457002457003
4071,2035,2036,0.4998771800540408,0.5001228199459592
4072,2036,2036,0.5,0.5
4073,2037,2036,0.5001227596366314,0.4998772403633685
4074,2037,2037,0.5,0.5
4075,2037,2038,0.49987730061349694,0.5001226993865031
4076,2038,2038,0.5,0.5
4077,2039,2038,0.5001226391954868,0.4998773608045131
4078,2040,2038,0.5002452182442374,0.49975478175576266
4079,2041,2038,0.5003677371904879,0.4996322628095121
4080,2041,2039,0.5002450980392157,0.4997549019607843
4081,2042,2039,0.5003675569713305,0.49963244302866944
4082,2042,2040,0.5002449779519843,0.4997550220480157
4083,2042,2041,0.500122458976243,0.49987754102375703
4084,2043,2041,0.5002448579823702,0.49975514201762977
4085,2043,2042,0.5001223990208078,0.49987760097919215
4086,2044,2042,0.5002447381302007,0.4997552618697993
4087,2044,2043,0.5001223391240519,0.49987766087594815
4088,2045,2043,0.5002446183953033,0.4997553816046967
4089,2045,2044,0.5001222792858889,0.499877720714111
4090,2045,2045,0.5,0.5
4091,2045,2046,0.4998777804937668,0.5001222195062331
4092,2045,2047,0.49975562072336266,0.5002443792766373
4093,2045,2048,0.49963352064500366,0.5003664793549963
4094,2045,2049,0.4995114802149487,0.5004885197850513
4095,2046,2049,0.49963369963369964,0.5003663003663004
4096,2046,2050,0.49951171875,0.50048828125
4097,2046,2051,0.49938979741274103,0.500610202587259
4098,2046,2052,0.4992679355783309,0.5007320644216691
4099,2047,2052,0.49939009514515736,0.5006099048548427
4100,2048,2052,0.4995121951219512,0.5004878048780488
4101,2048,2053,0.4993903925871739,0.5006096074128261
4102,2048,2054,0.4992686494392979,0.5007313505607021
4103,2049,2054,0.4993906897392152,0.5006093102607848
4104,2049,2055,0.4992690058479532,0.5007309941520468
4105,2049,2056,0.49914738124238733,0.5008526187576127
4106,2050,2056,0.49926936190940086,0.5007306380905991
4107,2050,2057,0.4991477964450937,0.5008522035549062
4108,2051,2057,0.499269717624148,0.500730282375852
4109,2051,2058,0.4991482112436116,0.5008517887563884
4110,2051,2059,0.49902676399026763,0.5009732360097323
4111,2052,2059,0.4991486256385308,0.5008513743614692
4112,2052,2060,0.4990272373540856,0.5009727626459144
4113,2052,2061,0.4989059080962801,0.5010940919037199
4114,2052,2062,0.498784637822071,0.5012153621779291
4115,2053,2062,0.498906439854192,0.501093560145808
4116,2053,2063,0.4987852283770651,0.5012147716229349
4117,2053,2064,0.4986640757833374,0.5013359242166626
4118,2054,2064,0.49878581835842645,0.5012141816415736
4119,2055,2064,0.4989075018208303,0.5010924981791697
4120,2055,2065,0.4987864077669903,0.5012135922330098
4121,2056,2065,0.49890803203106043,0.5010919679689396
4122,2056,2066,0.4987869966035905,0.5012130033964095
4123,2056,2067,0.49866601988843073,0.5013339801115693
4124,2056,2068,0.498545101842871,0.501454898157129
4125,2056,2069,0.49842424242424244,0.5015757575757576
4126,2056,2070,0.4983034415899176,0.5016965584100824
4127,2056,2071,0.4981826992973104,0.5018173007026896
4128,2057,2071,0.49830426356589147,0.5016957364341085
4129,2057,2072,0.49818357955921533,0.5018164204407847
4130,2057,2073,0.4980629539951574,0.5019370460048426
4131,2058,2073,0.49818445896877267,0.5018155410312273
4132,2059,2073,0.49830590513068734,0.5016940948693127
4133,2060,2073,0.49842729252359064,0.5015727074764094
4134,2060,2074,0.4983067247218191,0.501693275278181
4135,2060,2075,0.49818621523579204,0.501813784764208
4136,2061,2075,0.4983075435203095,0.5016924564796905
4137,2062,2075,0.49842881314962534,0.5015711868503747
4138,2063,2075,0.49855002416626387,0.5014499758337361
4139,2064,2075,0.4986711766127084,0.5013288233872916
4140,2065,2075,0.49879227053140096,0.501207729468599
4141,2066,2075,0.4989133059647428,0.5010866940352572
4142,2067,2075,0.49903428295509417,0.5009657170449059
4143,2067,2076,0.498913830557567,0.501086169442433
4144,2067,2077,0.4987934362934363,0.5012065637065637
4145,2068,2077,0.49891435464414957,0.5010856453558504
4146,2068,2078,0.49879401833092135,0.5012059816690786
4147,2069,2078,0.49891487822522307,0.5010851217747769
4148,2070,2078,0.4990356798457088,0.5009643201542913
4149,2070,2079,0.49891540130151846,0.5010845986984815
4150,2071,2079,0.49903614457831325,0.5009638554216868
4151,2072,2079,0.4991568296795953,0.5008431703204047
4152,2072,2080,0.49903660886319845,0.5009633911368016
4153,2073,2080,0.4991572357332049,0.5008427642667951
4154,2073,2081,0.49903707270101105,0.500962927298989
4155,2073,2082,0.49891696750902526,0.5010830324909747
4156,2074,2082,0.49903753609239654,0.5009624639076035
4157,2074,2083,0.4989174885734905,0.5010825114265095
4158,2075,2083,0.49903799903799906,0.5009620009620009
4159,2076,2083,0.4991584515508536,0.5008415484491464
4160,2077,2083,0.49927884615384616,0.5007211538461539
4161,2077,2084,0.4991588560442201,0.5008411439557798
4162,2078,2084,0.49927919269581933,0.5007208073041807
4163,2079,2084,0.49939947153495073,0.5006005284650492
4164,2080,2084,0.49951969260326606,0.5004803073967339
4165,2080,2085,0.49939975990396157,0.5006002400960384
4166,2080,2086,0.49927988478156504,0.500720115218435
4167,2080,2087,0.4991600671946244,0.5008399328053755
4168,2081,2087,0.4992802303262956,0.5007197696737045
4169,2081,2088,0.49916047013672343,0.5008395298632765
4170,2081,2089,0.4990407673860911,0.5009592326139088
4171,2082,2089,0.4991608726923999,0.5008391273076
4172,2083,2089,0.49928092042186,0.50071907957814
4173,2083,2090,0.49916127486220946,0.5008387251377906
4174,2083,2091,0.49904168663152854,0.5009583133684715
4175,2084,2091,0.4991616766467066,0.5008383233532934
4176,2084,2092,0.4990421455938697,0.5009578544061303
4177,2085,2092,0.4991620780464448,0.5008379219535551
4178,2085,2093,0.4990426041168023,0.5009573958831977
4179,2085,2094,0.4989231873653984,0.5010768126346016
4180,2086,2094,0.49904306220095696,0.500956937799043
4181,2086,2095,0.49892370246352546,0.5010762975364745
4182,2086,2096,0.49880439980870395,0.501195600191296
4183,2086,2097,0.4986851541955534,0.5013148458044465
4184,2087,2097,0.4988049713193117,0.5011950286806883
4185,2088,2097,0.4989247311827957,0.5010752688172043
4186,2089,2097,0.4990444338270425,0.5009555661729574
4187,2090,2097,0.4991640792930499,0.50083592070695
4188,2091,2097,0.4992836676217765,0.5007163323782235
4189,2091,2098,0.4991644783957985,0.5008355216042015
4190,2092,2098,0.4992840095465394,0.5007159904534606
4191,2093,2098,0.4994034836554522,0.5005965163445478
4192,2093,2099,0.49928435114503816,0.5007156488549618
4193,2094,2099,0.4994037681850704,0.5005962318149296
4194,2095,2099,0.4995231282784931,0.5004768717215069
4195,2096,2099,0.499642431466031,0.5003575685339691
4196,2097,2099,0.4997616777883699,0.5002383222116301
4197,2098,2099,0.49988086728615677,0.5001191327138432
4198,2098,2100,0.4997617913292044,0.5002382086707956
4199,2099,2100,0.4998809240295308,0.5001190759704691
4200,2100,2100,0.5,0.5
4201,2101,2100,0.5001190192811236,0.49988098071887643
4202,2101,2101,0.5,0.5
4203,2102,2101,0.5001189626457292,0.49988103735427075
4204,2102,2102,0.5,0.5
4205,2102,2103,0.4998810939357907,0.5001189060642093
4206,2102,2104,0.4997622444127437,0.5002377555872562
4207,2103,2104,0.49988115046351317,0.5001188495364868
4208,2103,2105,0.4997623574144487,0.5002376425855514
4209,2103,2106,0.49964362081254454,0.5003563791874555
4210,2104,2106,0.4997624703087886,0.5002375296912114
4211,2104,2107,0.4996437900736167,0.5003562099263833
4212,2105,2107,0.4997625830959164,0.5002374169040835
4213,2106,2107,0.49988131972466177,0.5001186802753382
4214,2106,2108,0.4997626957759848,0.5002373042240151
4215,2106,2109,0.499644128113879,0.500355871886121
4216,2106,2110,0.4995256166982922,0.5004743833017078
4217,2106,2111,0.4994071614892103,0.5005928385107896
4218,2106,2112,0.4992887624466572,0.5007112375533428
4219,2107,2112,0.49940744252192465,0.5005925574780754
4220,2107,2113,0.49928909952606637,0.5007109004739336
4221,2108,2113,0.4994077232883203,0.5005922767116797
4222,2109,2113,0.49952629085741357,0.5004737091425865
4223,2110,2113,0.49964480227326546,0.5003551977267345
4224,2110,2114,0.49952651515151514,0.5004734848484849
4225,2110,2115,0.49940828402366866,0.5005917159763313
4226,2111,2115,0.4995267392333176,0.5004732607666824
4227,2112,2115,0.49964513839602553,0.5003548616039745
4228,2113,2115,0.49976348155156103,0.500236518448439
4229,2113,2116,0.4996453062189643,0.5003546937810357
4230,2114,2116,0.49976359338061466,0.5002364066193853
4231,2114,2117,0.4996454738832427,0.5003545261167572
4232,2114,2118,0.4995274102079395,0.5004725897920604
4233,2115,2118,0.49964564138908574,0.5003543586109143
4234,2115,2119,0.4995276334435522,0.5004723665564478
4235,2115,2120,0.49940968122786306,0.500590318772137
4236,2116,2120,0.4995278564683664,0.5004721435316336
4237,2116,2121,0.49940995987727166,0.5005900401227283
4238,2117,2121,0.4995280792826805,0.5004719207173195
4239,2117,2122,0.4994102382637414,0.5005897617362586
4240,2117,2123,0.4992924528301887,0.5007075471698114
4241,2118,2123,0.49941051638764444,0.5005894836123556
4242,2119,2123,0.49952852428099953,0.5004714757190005
4243,2119,2124,0.49941079424935186,0.5005892057506481
4244,2120,2124,0.49952874646559847,0.5004712535344015
4245,2121,2124,0.49964664310954066,0.5003533568904593
4246,2121,2125,0.4995289684408855,0.5004710315591144
4247,2122,2125,0.4996468095125971,0.5003531904874029
4248,2123,2125,0.4997645951035782,0.5002354048964218
4249,2124,2125,0.4998823252530007,0.5001176747469993
4250,2124,2126,0.49976470588235294,0.5002352941176471
4251,2125,2126,0.49988238061632556,0.5001176193836744
4252,2126,2126,0.5,0.5
4253,2127,2126,0.5001175640724195,0.4998824359275805
4254,2128,2126,0.5002350728725905,0.4997649271274095
4255,2129,2126,0.5003525264394829,0.49964747356051703
4256,2129,2127,0.5002349624060151,0.49976503759398494
4257,2130,2127,0.5003523608174771,0.4996476391825229
4258,2131,2127,0.5004697040864255,0.49953029591357445
4259,2132,2127,0.5005869922517022,0.4994130077482977
4260,2132,2128,0.5004694835680751,0.49953051643192486
4261,2133,2128,0.5005867167331612,0.49941328326683876
4262,2133,2129,0.500469263256687,0.499530736743313
4263,2133,2130,0.5003518648838846,0.4996481351161154
4264,2133,2131,0.500234521575985,0.49976547842401503
4265,2134,2131,0.5003516998827667,0.49964830011723327
4266,2135,2131,0.5004688232536334,0.4995311767463666
4267,2135,2132,0.5003515350363252,0.4996484649636747
4268,2135,2133,0.5002343017806935,0.49976569821930644
4269,2136,2133,0.500351370344343,0.49964862965565704
4270,2137,2133,0.5004683840749414,0.49953161592505857
4271,2138,2133,0.5005853430110044,0.49941465698899556
4272,2139,2133,0.5007022471910112,0.49929775280898875
4273,2140,2133,0.5008190966534051,0.4991809033465949
4274,2141,2133,0.5009358914365933,0.49906410856340666
4275,2142,2133,0.5010526315789474,0.49894736842105264
4276,2143,2133,0.5011693171188026,0.49883068288119736
4277,2143,2134,0.5010521393500117,0.4989478606499883
4278,2143,2135,0.5009350163627864,0.49906498363721363
4279,2143,2136,0.5008179481187194,0.4991820518812807
4280,2144,2136,0.5009345794392523,0.49906542056074765
4281,2144,2137,0.5008175659892549,0.49918243401074514
4282,2145,2137,0.5009341429238674,0.49906585707613266
4283,2146,2137,0.5010506654214336,0.49894933457856644
4284,2147,2137,0.5011671335200747,0.4988328664799253
4285,2147,2138,0.5010501750291715,0.49894982497082846
4286,2148,2138,0.5011665888940737,0.49883341110592627
4287,2148,2139,0.5010496850944717,0.4989503149055283
4288,2148,2140,0.5009328358208955,0.49906716417910446
4289,2148,2141,0.5008160410352064,0.4991839589647937
4290,2148,2142,0.5006993006993007,0.4993006993006993
4291,2148,2143,0.5005826147751107,0.4994173852248893
4292,2148,2144,0.5004659832246039,0.4995340167753961
4293,2149,2144,0.5005823433496389,0.49941765665036103
4294,2149,2145,0.500465766185375,0.4995342338146251
4295,2150,2145,0.5005820721769499,0.49941792782305006
4296,2150,2146,0.500465549348231,0.4995344506517691
4297,2150,2147,0.5003490807540144,0.4996509192459856
4298,2150,2148,0.5002326663564448,0.49976733364355513
4299,2150,2149,0.5001163061177017,0.4998836938822982
4300,2150,2150,0.5,0.5
4301,2151,2150,0.5001162520344106,0.4998837479655894
4302,2152,2150,0.500232450023245,0.499767549976755
4303,2153,2150,0.5003485940041831,0.49965140599581687
4304,2154,2150,0.5004646840148699,0.4995353159851301
4305,2154,2151,0.5003484320557491,0.49965156794425086
4306,2155,2151,0.5004644681839294,0.4995355318160706
4307,2156,2151,0.5005804504295334,0.4994195495704667
4308,2156,2152,0.500464252553389,0.49953574744661094
4309,2156,2153,0.5003481086098863,0.49965189139011373
4310,2156,2154,0.5002320185614849,0.4997679814385151
4311,2156,2155,0.5001159823706797,0.49988401762932033
4312,2156,2156,0.5,0.5
4313,2157,2156,0.5001159285879898,0.4998840714120102
4314,2157,2157,0.5,0.5
4315,2158,2157,0.5001158748551564,0.4998841251448436
4316,2159,2157,0.5002316960148285,0.49976830398517147
4317,2159,2158,0.5001158211721103,0.4998841788278897
4318,2160,2158,0.5002315886984715,0.4997684113015285
4319,2161,2158,0.5003473026163464,0.49965269738365364
4320,2162,2158,0.500462962962963,0.49953703703703706
4321,2162,2159,0.5003471418653089,0.49965285813469107
4322,2163,2159,0.500462748727441,0.499537251272559
4323,2163,2160,0.5003469812630118,0.4996530187369882
4324,2164,2160,0.5004625346901017,0.49953746530989823
4325,2164,2161,0.5003468208092485,0.4996531791907514
4326,2164,2162,0.5002311604253352,0.49976883957466484
4327,2165,2162,0.5003466605038133,0.49965333949618673
4328,2166,2162,0.5004621072088724,0.49953789279112754
4329,2166,2163,0.5003465003465003,0.49965349965349964
4330,2166,2164,0.5002309468822171,0.4997690531177829
4331,2167,2164,0.5003463403371046,0.4996536596628954
4332,2168,2164,0.5004616805170822,0.4995383194829178
4333,2169,2164,0.5005769674590353,0.4994230325409647
4334,2170,2164,0.5006922011998154,0.4993077988001846
4335,2171,2164,0.50080738177624,0.4991926182237601
4336,2172,2164,0.5009225092250923,0.49907749077490776
4337,2172,2165,0.5008070094535393,0.4991929905464607
4338,2172,2166,0.5006915629322268,0.49930843706777317
4339,2173,2166,0.5008066374740724,0.4991933625259276
4340,2173,2167,0.5006912442396313,0.49930875576036865
4341,2174,2167,0.5008062658373647,0.49919373416263535
4342,2174,2168,0.5006909258406265,0.49930907415937353
4343,2175,2168,0.5008058945429427,0.49919410545705734
4344,2176,2168,0.5009208103130756,0.4990791896869245
4345,2176,2169,0.5008055235903337,0.4991944764096663
4346,2177,2169,0.5009203865623562,0.4990796134376438
4347,2178,2169,0.5010351966873706,0.4989648033126294
4348,2178,2170,0.5009199632014719,0.4990800367985281
4349,2179,2170,0.5010347206254311,0.49896527937456886
4350,2180,2170,0.5011494252873563,0.49885057471264366
4351,2181,2170,0.5012640772236268,0.49873592277637324
4352,2181,2171,0.5011488970588235,0.49885110294117646
4353,2181,2172,0.5010337698139214,0.49896623018607855
4354,2181,2173,0.5009186954524575,0.4990813045475425
4355,2182,2173,0.5010332950631458,0.4989667049368542
4356,2183,2173,0.501147842056933,0.49885215794306703
4357,2183,2174,0.5010328207482213,0.49896717925177875
4358,2184,2174,0.5011473152822395,0.49885268471776045
4359,2185,2174,0.5012617572837806,0.4987382427162193
4360,2186,2174,0.5013761467889908,0.49862385321100916
4361,2187,2174,0.501490483833983,0.49850951616601696
4362,2188,2174,0.5016047684548373,0.49839523154516274
4363,2189,2174,0.5017190006876002,0.4982809993123997
4364,2189,2175,0.5016040329972502,0.4983959670027498
4365,2189,2176,0.5014891179839633,0.49851088201603666
4366,2190,2176,0.5016032982134677,0.4983967017865323
4367,2191,2176,0.5017174261506755,0.4982825738493245
4368,2192,2176,0.5018315018315018,0.4981684981684982
4369,2192,2177,0.5017166399633783,0.49828336003662166
4370,2192,2178,0.5016018306636155,0.4983981693363844
4371,2192,2179,0.5014870738961336,0.4985129261038664
4372,2193,2179,0.5016010978957,0.4983989021043001
4373,2193,2180,0.5014863937800137,0.4985136062199863
4374,2194,2180,0.5016003657978967,0.4983996342021033
4375,2195,2180,0.5017142857142857,0.4982857142857143
4376,2195,2181,0.501599634369287,0.498400365630713
4377,2195,2182,0.5014850354123829,0.49851496458761707
4378,2195,2183,0.5013704888076748,0.49862951119232524
4379,2195,2184,0.5012559945192966,0.49874400548070336
4380,2196,2184,0.5013698630136987,0.4986301369863014
4381,2196,2185,0.5012554211367267,0.4987445788632732
4382,2197,2185,0.501369237790963,0.49863076220903696
4383,2197,2186,0.5012548482774355,0.49874515172256445
4384,2197,2187,0.5011405109489051,0.4988594890510949
4385,2198,2187,0.5012542759407069,0.49874572405929307
4386,2199,2187,0.5013679890560876,0.49863201094391246
4387,2200,2187,0.5014816503305219,0.498518349669478
4388,2201,2187,0.5015952597994531,0.4984047402005469
4389,2202,2187,0.5017088174982912,0.49829118250170884
4390,2202,2188,0.5015945330296128,0.49840546697038723
4391,2202,2189,0.5014803006148941,0.4985196993851059
4392,2202,2190,0.5013661202185792,0.49863387978142076
4393,2203,2190,0.5014796266788072,0.4985203733211928
4394,2204,2190,0.5015930814747382,0.4984069185252617
4395,2205,2190,0.5017064846416383,0.49829351535836175
4396,2206,2190,0.5018198362147407,0.4981801637852593
4397,2206,2191,0.5017057084375711,0.49829429156242894
4398,2207,2191,0.501819008640291,0.49818099135970895
4399,2208,2191,0.5019322573312116,0.49806774266878834
4400,2208,2192,0.5018181818181818,0.49818181818181817
4401,2208,2193,0.501704158145876,0.49829584185412407
4402,2208,2194,0.5015901862789641,0.4984098137210359
4403,2209,2194,0.5017033840563252,0.49829661594367475
4404,2210,2194,0.5018165304268847,0.4981834695731153
4405,2210,2195,0.5017026106696936,0.4982973893303065
4406,2210,2196,0.501588742623695,0.49841125737630504
4407,2211,2196,0.5017018379850239,0.4982981620149762
4408,2212,2196,0.5018148820326679,0.4981851179673321
4409,2212,2197,0.5017010660013609,0.49829893399863917
4410,2213,2197,0.5018140589569161,0.4981859410430839
4411,2213,2198,0.5017002947177511,0.49829970528224893
4412,2213,2199,0.5015865820489573,0.4984134179510426
4413,2214,2199,0.5016995241332427,0.4983004758667573
4414,2214,2200,0.5015858631626643,0.49841413683733576
4415,2215,2200,0.5016987542468856,0.4983012457531144
4416,2216,2200,0.5018115942028986,0.49818840579710144
4417,2216,2201,0.5016979850577314,0.4983020149422685
4418,2217,2201,0.5018107741059303,0.4981892258940697
4419,2218,2201,0.5019235121068115,0.4980764878931885
4420,2218,2202,0.5018099547511312,0.4981900452488688
4421,2218,2203,0.5016964487672473,0.4983035512327528
4422,2219,2203,0.5018091361374943,0.49819086386250566
4423,2220,2203,0.5019217725525661,0.49807822744743385
4424,2221,2203,0.5020343580470162,0.4979656419529837
4425,2221,2204,0.5019209039548023,0.49807909604519773
4426,2222,2204,0.5020334387708992,0.49796656122910077
4427,2223,2204,0.5021459227467812,0.4978540772532189
4428,2223,2205,0.5020325203252033,0.49796747967479676
4429,2223,2206,0.5019191691126665,0.49808083088733346
4430,2223,2207,0.5018058690744921,0.4981941309255079
4431,2224,2207,0.5019183028661701,0.4980816971338298
4432,2224,2208,0.5018050541516246,0.4981949458483754
4433,2225,2208,0.5019174374013083,0.49808256259869166
4434,2225,2209,0.5018042399639152,0.4981957600360848
4435,2225,2210,0.5016910935738444,0.4983089064261556
4436,2225,2211,0.5015779981965734,0.4984220018034265
4437,2225,2212,0.501464953797611,0.498535046202389
4438,2225,2213,0.5013519603424966,0.4986480396575034
4439,2226,2213,0.5014642937598558,0.49853570624014415
4440,2226,2214,0.5013513513513513,0.49864864864864866
4441,2227,2214,0.5014636343165954,0.49853636568340465
4442,2228,2214,0.5015758667266997,0.4984241332733003
4443,2228,2215,0.5014629754670268,0.4985370245329732
4444,2229,2215,0.5015751575157515,0.4984248424842484
4445,2229,2216,0.5014623172103487,0.49853768278965127
4446,2230,2216,0.50157444894287,0.49842555105713
4447,2230,2217,0.5014616595457612,0.49853834045423884
4448,2230,2218,0.5013489208633094,0.49865107913669066
4449,2231,2218,0.5014610024724657,0.4985389975275343
4450,2231,2219,0.5013483146067416,0.49865168539325844
4451,2231,2220,0.5012356773758706,0.4987643226241294
4452,2231,2221,0.5011230907457322,0.49887690925426775
4453,2231,2222,0.5010105546822367,0.4989894453177633
4454,2231,2223,0.5008980691513246,0.4991019308486753
4455,2232,2223,0.501010101010101,0.498989898989899
4456,2232,2224,0.5008976660682226,0.4991023339317774
4457,2232,2225,0.5007852815795378,0.49921471842046217
4458,2233,2225,0.5008972633467923,0.4991027366532077
4459,2234,2225,0.5010091948867459,0.4989908051132541
4460,2234,2226,0.5008968609865471,0.49910313901345293
4461,2235,2226,0.5010087424344317,0.4989912575655683
4462,2235,2227,0.5008964589870013,0.49910354101299864
4463,2236,2227,0.5010082903876316,0.4989917096123684
4464,2236,2228,0.5008960573476703,0.49910394265232977
4465,2237,2228,0.5010078387458007,0.4989921612541993
4466,2237,2229,0.5008956560680698,0.49910434393193015
4467,2238,2229,0.5010073875083949,0.4989926124916051
4468,2238,2230,0.500895255147717,0.4991047448522829
4469,2239,2230,0.5010069366748713,0.49899306332512866
4470,2239,2231,0.5008948545861297,0.49910514541387024
4471,2240,2231,0.501006486244688,0.49899351375531203
4472,2240,2232,0.5008944543828264,0.4991055456171735
4473,2241,2232,0.5010060362173038,0.49899396378269617
4474,2241,2233,0.5008940545373268,0.49910594546267323
4475,2241,2234,0.5007821229050279,0.49921787709497206
4476,2241,2235,0.5006702412868632,0.49932975871313673
4477,2242,2235,0.5007817735090463,0.49921822649095376
4478,2242,2236,0.5006699419383653,0.49933005806163466
4479,2242,2237,0.5005581603036392,0.4994418396963608
4480,2243,2237,0.5006696428571429,0.4993303571428571
4481,2244,2237,0.5007810756527561,0.4992189243472439
4482,2244,2238,0.500669344042838,0.499330655957162
4483,2245,2238,0.5007807271916127,0.49921927280838724
4484,2245,2239,0.5006690454950936,0.49933095450490633
4485,2245,2240,0.5005574136008919,0.49944258639910816
4486,2245,2241,0.5004458314757022,0.4995541685242978
4487,2245,2242,0.5003342990862492,0.49966570091375084
4488,2246,2242,0.500445632798574,0.49955436720142604
4489,2246,2243,0.5003341501447984,0.4996658498552016
4490,2246,2244,0.5002227171492205,0.4997772828507795
4491,2246,2245,0.5001113337786685,0.49988866622133155
4492,2247,2245,0.5002226179875334,0.49977738201246663
4493,2247,2246,0.5001112842198976,0.49988871578010236
4494,2248,2246,0.5002225189141077,0.4997774810858923
4495,2249,2246,0.5003337041156841,0.4996662958843159
4496,2250,2246,0.5004448398576512,0.49955516014234874
4497,2251,2246,0.5005559261730043,0.4994440738269958
4498,2251,2247,0.5004446420631392,0.49955535793686084
4499,2251,2248,0.500333407423872,0.49966659257612805
4500,2251,2249,0.5002222222222222,0.49977777777777777
4501,2252,2249,0.5003332592757165,0.4996667407242835
4502,2253,2249,0.5004442470013327,0.4995557529986673
4503,2254,2249,0.5005551854319342,0.4994448145680657
4504,2255,2249,0.5006660746003553,0.4993339253996448
4505,2256,2249,0.5007769145394007,0.49922308546059935
4506,2257,2249,0.5008877052818465,0.49911229471815355
4507,2258,2249,0.5009984468604393,0.4990015531395607
4508,2259,2249,0.501109139307897,0.4988908606921029
4509,2259,2250,0.500998003992016,0.499001996007984
4510,2260,2250,0.5011086474501109,0.49889135254988914
4511,2260,2251,0.5009975615162935,0.4990024384837065
4512,2260,2252,0.500886524822695,0.499113475177305
4513,2261,2252,0.5009971194327498,0.4990028805672502
4514,2261,2253,0.500886132033673,0.499113867966327
4515,2261,2254,0.5007751937984496,0.4992248062015504
4516,2262,2254,0.5008857395925598,0.4991142604074402
4517,2263,2254,0.5009962364401152,0.4990037635598849
4518,2264,2254,0.5011066843736166,0.49889331562638334
4519,2265,2254,0.5012170834255366,0.4987829165744634
4520,2265,2255,0.5011061946902655,0.49889380530973454
4521,2266,2255,0.5012165450121655,0.49878345498783455
4522,2266,2256,0.5011057054400707,0.49889429455992923
4523,2267,2256,0.5012160070749503,0.49878399292504977
4524,2267,2257,0.501105216622458,0.498894783377542
4525,2268,2257,0.5012154696132597,0.4987845303867403
4526,2268,2258,0.5011047282368537,0.49889527176314624
4527,2269,2258,0.5012149326264634,0.49878506737353656
4528,2270,2258,0.5013250883392226,0.4986749116607774
4529,2270,2259,0.5012143961139325,0.4987856038860676
4530,2271,2259,0.5013245033112583,0.4986754966887417
4531,2271,2260,0.5012138600750387,0.4987861399249614
4532,2271,2261,0.5011032656663724,0.4988967343336275
4533,2271,2262,0.500992720052945,0.4990072799470549
4534,2271,2263,0.5008822232024702,0.4991177767975298
4535,2271,2264,0.5007717750826902,0.49922822491730984
4536,2272,2264,0.5008818342151675,0.4991181657848324
4537,2272,2265,0.5007714348688561,0.49922856513114394
4538,2272,2266,0.500661084178052,0.499338915821948
4539,2273,2266,0.5007710949548358,0.49922890504516415
4540,2273,2267,0.5006607929515419,0.49933920704845813
4541,2274,2267,0.5007707553402334,0.4992292446597666
4542,2275,2267,0.5008806693086746,0.4991193306913254
4543,2276,2267,0.5009905348888399,0.49900946511116
4544,2276,2268,0.5008802816901409,0.49911971830985913
4545,2276,2269,0.5007700770077008,0.49922992299229924
4546,2276,2270,0.5006599208095028,0.49934007919049717
4547,2277,2270,0.5007697382889817,0.49923026171101825
4548,2278,2270,0.5008795074758136,0.49912049252418644
4549,2279,2270,0.5009892284018466,0.49901077159815344
4550,2279,2271,0.5008791208791209,0.4991208791208791
4551,2280,2271,0.5009887936717206,0.4990112063282795
4552,2281,2271,0.5010984182776801,0.49890158172231985
4553,2282,2271,0.5012079947287503,0.4987920052712497
4554,2282,2272,0.5010979358805446,0.4989020641194554
4555,2282,2273,0.5009879253567509,0.4990120746432492
4556,2283,2273,0.5010974539069359,0.4989025460930641
4557,2284,2273,0.5012069343866579,0.49879306561334213
4558,2285,2273,0.501316366827556,0.4986836331724441
4559,2286,2273,0.5014257512612414,0.4985742487387585
4560,2287,2273,0.5015350877192982,0.4984649122807018
4561,2288,2273,0.5016443762332822,0.4983556237667178
4562,2289,2273,0.5017536168347216,0.49824638316527836
4563,2290,2273,0.5018628095551172,0.49813719044488275
4564,2290,2274,0.5017528483786152,0.4982471516213848
4565,2290,2275,0.5016429353778752,0.49835706462212487
4566,2291,2275,0.5017520805957074,0.4982479194042926
4567,2291,2276,0.5016422158966499,0.49835778410335013
4568,2291,2277,0.5015323992994746,0.49846760070052537
4569,2291,2278,0.501422630772598,0.49857736922740203
4570,2291,2279,0.5013129102844639,0.4986870897155361
4571,2291,2280,0.501203237803544,0.4987967621964559
4572,2292,2280,0.5013123359580053,0.49868766404199477
4573,2293,2280,0.5014213863984256,0.49857861360157446
4574,2293,2281,0.5013117621337997,0.49868823786620026
4575,2294,2281,0.5014207650273224,0.4985792349726776
4576,2295,2281,0.5015297202797203,0.49847027972027974
4577,2295,2282,0.5014201441992572,0.4985798558007428
4578,2296,2282,0.5015290519877675,0.4984709480122324
4579,2296,2283,0.5014195239135182,0.49858047608648176
4580,2296,2284,0.5013100436681223,0.49868995633187774
4581,2297,2284,0.5014189041693953,0.49858109583060467
4582,2298,2284,0.5015277171540812,0.4984722828459188
4583,2298,2285,0.5014182849661794,0.49858171503382065
4584,2299,2285,0.5015270506108203,0.49847294938917974
4585,2299,2286,0.5014176663031625,0.4985823336968375
4586,2300,2286,0.5015263846489315,0.4984736153510685
4587,2301,2286,0.5016350555918901,0.49836494440810986
4588,2301,2287,0.5015257192676548,0.49847428073234523
4589,2301,2288,0.5014164305949008,0.4985835694050991
4590,2301,2289,0.5013071895424837,0.49869281045751634
4591,2302,2289,0.5014158135482466,0.49858418645175345
4592,2303,2289,0.5015243902439024,0.49847560975609756
4593,2304,2289,0.5016329196603527,0.4983670803396473
4594,2304,2290,0.501523726599913,0.49847627340008704
4595,2304,2291,0.5014145810663765,0.4985854189336235
4596,2304,2292,0.5013054830287206,0.49869451697127937
4597,2305,2292,0.5014139656297585,0.49858603437024146
4598,2306,2292,0.5015224010439322,0.49847759895606786
4599,2306,2293,0.5014133507284192,0.49858664927158075
4600,2306,2294,0.5013043478260869,0.49869565217391304
4601,2306,2295,0.5011953923060204,0.49880460769397955
4602,2306,2296,0.5010864841373316,0.4989135158626684
4603,2307,2296,0.5011948729089724,0.4988051270910276
4604,2308,2296,0.5013032145960035,0.49869678540399653
4605,2309,2296,0.5014115092290988,0.49858849077090117
4606,2309,2297,0.501302648719062,0.4986973512809379
4607,2310,2297,0.5014108964619058,0.4985891035380942
4608,2311,2297,0.5015190972222222,0.4984809027777778
4609,2311,2298,0.5014102842265133,0.49858971577348665
4610,2312,2298,0.5015184381778742,0.49848156182212583
4611,2312,2299,0.5014096725222295,0.49859032747777055
4612,2313,2299,0.5015177797051171,0.4984822202948829
4613,2314,2299,0.5016258400173423,0.4983741599826577
4614,2315,2299,0.5017338534893802,0.49826614651061985
4615,2315,2300,0.5016251354279523,0.49837486457204766
4616,2316,2300,0.5017331022530329,0.4982668977469671
4617,2317,2300,0.5018410223088585,0.4981589776911414
4618,2317,2301,0.5017323516673885,0.4982676483326115
4619,2317,2302,0.5016237280796709,0.4983762719203291
4620,2318,2302,0.5017316017316017,0.49826839826839825
4621,2319,2302,0.5018394286950877,0.49816057130491237
4622,2319,2303,0.5017308524448291,0.49826914755517093
4623,2319,2304,0.5016223231667748,0.4983776768332252
4624,2319,2305,0.5015138408304498,0.4984861591695502
4625,2319,2306,0.5014054054054055,0.4985945945945946
4626,2320,2306,0.5015131863380891,0.49848681366191094
4627,2321,2306,0.501620920682948,0.4983790793170521
4628,2322,2306,0.5017286084701815,0.4982713915298185
4629,2323,2306,0.5018362497299633,0.49816375027003673
4630,2324,2306,0.5019438444924406,0.4980561555075594
4631,2324,2307,0.5018354567048153,0.4981645432951846
4632,2325,2307,0.5019430051813472,0.49805699481865284
4633,2325,2308,0.5018346643643428,0.49816533563565724
4634,2325,2309,0.5017263703064307,0.49827362969356925
4635,2326,2309,0.5018338727076591,0.4981661272923409
4636,2327,2309,0.5019413287316652,0.49805867126833475
4637,2327,2310,0.5018330817338796,0.49816691826612036
4638,2328,2310,0.5019404915912031,0.49805950840879687
4639,2328,2311,0.5018322914421212,0.49816770855787884
4640,2329,2311,0.5019396551724138,0.4980603448275862
4641,2330,2311,0.5020469726352079,0.4979530273647921
4642,2331,2311,0.502154243860405,0.497845756139595
4643,2331,2312,0.5020460908895111,0.4979539091104889
4644,2332,2312,0.5021533161068045,0.49784668389319553
4645,2333,2312,0.5022604951560818,0.4977395048439182
4646,2334,2312,0.5023676280671545,0.4976323719328455
4647,2335,2312,0.5024747148698084,0.4975252851301915
4648,2335,2313,0.5023666092943201,0.49763339070567986
4649,2335,2314,0.502258550225855,0.497741449774145
4650,2336,2314,0.5023655913978494,0.4976344086021505
4651,2336,2315,0.5022575790152656,0.4977424209847345
4652,2337,2315,0.5023645743766122,0.4976354256233878
4653,2338,2315,0.5024715237481195,0.4975284762518805
4654,2338,2316,0.50236355822948,0.49763644177051997
4655,2339,2316,0.5024704618689582,0.4975295381310419
4656,2339,2317,0.5023625429553265,0.49763745704467355
4657,2340,2317,0.5024694009018682,0.49753059909813185
4658,2340,2318,0.5023615285530271,0.49763847144697293
4659,2341,2318,0.502468340845675,0.49753165915432496
4660,2341,2319,0.5023605150214592,0.49763948497854077
4661,2341,2320,0.5022527354644926,0.4977472645355074
4662,2342,2320,0.5023595023595023,0.4976404976404976
4663,2342,2321,0.5022517692472657,0.4977482307527343
4664,2342,2322,0.5021440823327615,0.4978559176672384
4665,2343,2322,0.5022508038585209,0.4977491961414791
4666,2343,2323,0.5021431633090442,0.4978568366909559
4667,2344,2323,0.502249839297193,0.4977501607028069
4668,2345,2323,0.5023564695801199,0.49764353041988
4669,2346,2323,0.5024630541871922,0.4975369458128079
4670,2346,2324,0.502355460385439,0.497644539614561
4671,2347,2324,0.5024619995718261,0.49753800042817387
4672,2347,2325,0.5023544520547946,0.4976455479452055
4673,2348,2325,0.5024609458591911,0.4975390541408089
4674,2348,2326,0.5023534445870774,0.4976465554129226
4675,2349,2326,0.5024598930481283,0.4975401069518717
4676,2349,2327,0.5023524379811805,0.4976475620188195
4677,2349,2328,0.5022450288646568,0.49775497113534317
4678,2350,2328,0.5023514322359983,0.49764856776400174
4679,2351,2328,0.5024577901260954,0.4975422098739047
4680,2351,2329,0.5023504273504273,0.49764957264957266
4681,2352,2329,0.5024567400128178,0.49754325998718224
4682,2352,2330,0.5023494233233661,0.4976505766766339
4683,2353,2330,0.502455690796498,0.497544309203502
4684,2354,2330,0.5025619128949615,0.49743808710503845
4685,2355,2330,0.5026680896478122,0.4973319103521878
4686,2356,2330,0.5027742210840802,0.49722577891591974
4687,2357,2330,0.5028803072327716,0.4971196927672285
4688,2358,2330,0.5029863481228669,0.4970136518771331
4689,2358,2331,0.5028790786948176,0.4971209213051823
4690,2359,2331,0.5029850746268657,0.49701492537313435
4691,2360,2331,0.5030910253677254,0.49690897463227457
4692,2360,2332,0.5029838022165388,0.49701619778346123
4693,2361,2332,0.5030897080758576,0.4969102919241423
4694,2362,2332,0.5031955688112484,0.4968044311887516
4695,2362,2333,0.5030883919062833,0.4969116080937167
4696,2363,2333,0.5031942078364565,0.4968057921635434
4697,2364,2333,0.5032999787098148,0.4967000212901852
4698,2365,2333,0.5034057045551299,0.49659429544487016
4699,2366,2333,0.5035113854011491,0.4964886145988508
4700,2366,2334,0.5034042553191489,0.49659574468085105
4701,2366,2335,0.5032971708147203,0.49670282918527975
4702,2367,2335,0.5034028073160357,0.4965971926839643
4703,2367,2336,0.5032957686583032,0.4967042313416968
4704,2367,2337,0.5031887755102041,0.4968112244897959
4705,2367,2338,0.5030818278427205,0.4969181721572795
4706,2367,2339,0.5029749256268593,0.4970250743731407
4707,2368,2339,0.5030805183768855,0.4969194816231145
4708,2368,2340,0.5029736618521665,0.4970263381478335
4709,2369,2340,0.5030792100233595,0.49692078997664046
4710,2369,2341,0.5029723991507431,0.4970276008492569
4711,2369,2342,0.5028656336234345,0.4971343663765655
4712,2369,2343,0.5027589134125636,0.4972410865874363
4713,2369,2344,0.502652238489285,0.497347761510715
4714,2370,2344,0.5027577428935087,0.4972422571064913
4715,2370,2345,0.5026511134676565,0.4973488865323436
4716,2370,2346,0.5025445292620865,0.49745547073791346
4717,2371,2346,0.5026499894000424,0.4973500105999576
4718,2372,2346,0.5027554048325562,0.49724459516744385
4719,2373,2346,0.5028607755880483,0.4971392244119517
4720,2374,2346,0.5029661016949153,0.49703389830508476
4721,2375,2346,0.5030713831815293,0.49692861681847067
4722,2376,2346,0.5031766200762389,0.49682337992376113
4723,2377,2346,0.5032818124073682,0.4967181875926318
4724,2377,2347,0.5031752751905165,0.4968247248094835
4725,2377,2348,0.5030687830687831,0.49693121693121695
4726,2377,2349,0.5029623360135421,0.4970376639864579
4727,2377,2350,0.5028559339961921,0.4971440660038079
4728,2377,2351,0.5027495769881557,0.49725042301184436
4729,2377,2352,0.5026432649608796,0.4973567350391203
4730,2377,2353,0.5025369978858351,0.4974630021141649
4731,2377,2354,0.502430775734517,0.497569224265483
4732,2377,2355,0.5023245984784447,0.49767540152155537
4733,2377,2356,0.5022184660891612,0.4977815339108388
4734,2378,2356,0.5023236163920575,0.49767638360794253
4735,2378,2357,0.5022175290390708,0.49778247096092926
4736,2379,2357,0.5023226351351351,0.49767736486486486
4737,2380,2357,0.5024276968545492,0.4975723031454507
4738,2380,2358,0.5023216547066273,0.49767834529337274
4739,2381,2358,0.5024266722937328,0.49757332770626717
4740,2381,2359,0.5023206751054853,0.4976793248945148
4741,2381,2360,0.502214722632356,0.49778527736764394
4742,2381,2361,0.5021088148460565,0.4978911851539435
4743,2382,2361,0.502213788741303,0.49778621125869704
4744,2382,2362,0.5021079258010118,0.4978920741989882
4745,2382,2363,0.5020021074815595,0.49799789251844045
4746,2382,2364,0.5018963337547409,0.49810366624525915
4747,2382,2365,0.5017906045923741,0.4982093954076259
4748,2383,2365,0.5018955349620893,0.4981044650379107
4749,2383,2366,0.501789850494841,0.49821014950515896
4750,2383,2367,0.5016842105263158,0.4983157894736842
4751,2383,2368,0.501578615028415,0.49842138497158495
4752,2383,2369,0.501473063973064,0.49852693602693604
4753,2384,2369,0.501577950767936,0.49842204923206396
4754,2385,2369,0.5016827934371056,0.4983172065628944
4755,2385,2370,0.501577287066246,0.49842271293375395
4756,2385,2371,0.5014718250630782,0.4985281749369218
4757,2386,2371,0.5015766239226404,0.4984233760773597
4758,2387,2371,0.5016813787305591,0.49831862126944093
4759,2387,2372,0.5015759613364152,0.4984240386635848
4760,2388,2372,0.5016806722689076,0.49831932773109244
4761,2389,2372,0.5017853392144508,0.49821466078554927
4762,2389,2373,0.501679966400672,0.498320033599328
4763,2389,2374,0.5015746378332984,0.49842536216670164
4764,2390,2374,0.501679261125105,0.49832073887489503
4765,2390,2375,0.5015739769150053,0.49842602308499473
4766,2391,2375,0.5016785564414603,0.49832144355853963
4767,2392,2375,0.5017830920914621,0.49821690790853784
4768,2393,2375,0.5018875838926175,0.49811241610738255
4769,2394,2375,0.50199203187251,0.49800796812749004
4770,2395,2375,0.5020964360587002,0.4979035639412998
4771,2396,2375,0.5022007964787256,0.4977992035212744
4772,2397,2375,0.5023051131601006,0.49769488683989943
4773,2398,2375,0.5024093861303164,0.4975906138696836
4774,2398,2376,0.5023041474654378,0.4976958525345622
4775,2399,2376,0.5024083769633508,0.4975916230366492
4776,2400,2376,0.5025125628140703,0.49748743718592964
4777,2400,2377,0.5024073686414068,0.4975926313585933
4778,2400,2378,0.5023022185014651,0.49769778149853494
4779,2401,2378,0.5024063611634233,0.4975936388365767
4780,2401,2379,0.5023012552301255,0.49769874476987447
4781,2402,2379,0.5024053545283413,0.49759464547165866
4782,2402,2380,0.5023002927645337,0.49769970723546636
4783,2403,2380,0.5024043487351035,0.4975956512648965
4784,2404,2380,0.5025083612040134,0.4974916387959866
4785,2404,2381,0.5024033437826542,0.4975966562173459
4786,2405,2381,0.5025073129962391,0.497492687003761
4787,2406,2381,0.5026112387716732,0.4973887612283267
4788,2406,2382,0.5025062656641605,0.4974937343358396
4789,2406,2383,0.5024013363959073,0.4975986636040927
4790,2406,2384,0.5022964509394572,0.4977035490605428
4791,2407,2384,0.5024003339595075,0.4975996660404926
4792,2408,2384,0.5025041736227045,0.4974958263772955
4793,2408,2385,0.5023993323596913,0.4976006676403088
4794,2409,2385,0.5025031289111389,0.4974968710888611
4795,2409,2386,0.5023983315954119,0.49760166840458814
4796,2410,2386,0.5025020850708924,0.4974979149291076
4797,2411,2386,0.5026057952887221,0.4973942047112779
4798,2412,2386,0.5027094622759483,0.4972905377240517
4799,2413,2386,0.5028130860595957,0.49718691394040426
4800,2413,2387,0.5027083333333333,0.4972916666666667
4801,2413,2388,0.502603624244949,0.497396375755051
4802,2413,2389,0.5024989587671803,0.4975010412328197
4803,2413,2390,0.5023943368727879,0.49760566312721216
4804,2413,2391,0.5022897585345545,0.49771024146544546
4805,2413,2392,0.5021852237252862,0.4978147762747138
4806,2413,2393,0.502080732417811,0.4979192675821889
4807,2413,2394,0.5019762845849802,0.4980237154150198
4808,2413,2395,0.5018718801996672,0.4981281198003328
4809,2413,2396,0.5017675192347681,0.49823248076523186
4810,2413,2397,0.5016632016632017,0.49833679833679834
4811,2413,2398,0.501558927457909,0.498441072542091
4812,2414,2398,0.50166251039069,0.49833748960931007
4813,2415,2398,0.5017660502804904,0.4982339497195097
4814,2416,2398,0.5018695471541338,0.4981304528458662
4815,2416,2399,0.5017653167185877,0.49823468328141224
4816,2417,2399,0.5018687707641196,0.4981312292358804
4817,2418,2399,0.501972181855927,0.4980278181440731
4818,2418,2400,0.50186799501868,0.49813200498132004
4819,2419,2400,0.5019713633533929,0.4980286366466072
4820,2420,2400,0.5020746887966805,0.4979253112033195
4821,2421,2400,0.5021779713752333,0.49782202862476665
4822,2421,2401,0.5020738282870179,0.49792617171298215
4823,2422,2401,0.502177068214804,0.49782293178519593
4824,2423,2401,0.5022802653399668,0.49771973466003316
4825,2423,2402,0.5021761658031088,0.4978238341968912
4826,2423,2403,0.5020721094073767,0.49792789059262327
4827,2423,2404,0.5019680961259582,0.49803190387404184
4828,2424,2404,0.5020712510356256,0.4979287489643745
4829,2424,2405,0.5019672810105612,0.4980327189894388
4830,2425,2405,0.5020703933747412,0.4979296066252588
4831,2426,2405,0.5021734630511281,0.49782653694887186
4832,2427,2405,0.5022764900662252,0.49772350993377484
4833,2427,2406,0.5021725636250776,0.4978274363749224
4834,2428,2406,0.5022755482002482,0.4977244517997518
4835,2429,2406,0.5023784901758015,0.49762150982419856
4836,2430,2406,0.5024813895781638,0.4975186104218362
4837,2431,2406,0.5025842464337399,0.49741575356626005
4838,2432,2406,0.5026870607689128,0.4973129392310872
4839,2432,2407,0.5025831783426328,0.4974168216573672
4840,2433,2407,0.5026859504132232,0.4973140495867769
4841,2433,2408,0.5025821111340633,0.4974178888659368
4842,2434,2408,0.5026848409748038,0.4973151590251962
4843,2434,2409,0.5025810448069379,0.4974189551930622
4844,2435,2409,0.5026837324525186,0.4973162675474814
4845,2436,2409,0.5027863777089784,0.4972136222910217
4846,2437,2409,0.5028889806025588,0.4971110193974412
4847,2437,2410,0.5027852279760676,0.4972147720239323
4848,2437,2411,0.5026815181518152,0.49731848184818483
4849,2437,2412,0.5025778511033203,0.49742214889667974
4850,2438,2412,0.502680412371134,0.49731958762886597
4851,2439,2412,0.5027829313543599,0.4972170686456401
4852,2439,2413,0.502679307502061,0.497320692497939
4853,2440,2413,0.5027817844632186,0.49721821553678136
4854,2440,2414,0.5026782035434693,0.4973217964565307
4855,2440,2415,0.5025746652935118,0.49742533470648814
4856,2441,2415,0.502677100494234,0.4973228995057661
4857,2441,2416,0.5025736051060326,0.49742639489396745
4858,2441,2417,0.5024701523260601,0.4975298476739399
4859,2441,2418,0.5023667421280099,0.49763325787199014
4860,2442,2418,0.5024691358024691,0.49753086419753084
4861,2443,2418,0.5025714873482823,0.4974285126517178
4862,2444,2418,0.5026737967914439,0.49732620320855614
4863,2445,2418,0.5027760641579272,0.4972239358420728
4864,2445,2419,0.502672697368421,0.4973273026315789
4865,2445,2420,0.5025693730729702,0.49743062692702983
4866,2446,2420,0.5026715988491575,0.4973284011508426
4867,2446,2421,0.5025683172385453,0.4974316827614547
4868,2447,2421,0.502670501232539,0.49732949876746096
4869,2447,2422,0.5025672622715136,0.49743273772848634
4870,2447,2423,0.5024640657084188,0.4975359342915811
4871,2448,2423,0.5025662081708068,0.4974337918291932
4872,2449,2423,0.5026683087027914,0.49733169129720856
4873,2449,2424,0.5025651549353581,0.4974348450646419
4874,2450,2424,0.5026672137874436,0.49733278621255644
4875,2451,2424,0.5027692307692307,0.49723076923076925
4876,2452,2424,0.5028712059064807,0.4971287940935193
4877,2452,2425,0.5027680951404552,0.4972319048595448
4878,2453,2425,0.502870028700287,0.497129971299713
4879,2453,2426,0.5027669604427136,0.4972330395572863
4880,2453,2427,0.5026639344262295,0.49733606557377047
4881,2454,2427,0.5027658266748617,0.4972341733251383
4882,2454,2428,0.5026628430970913,0.49733715690290864
4883,2455,2428,0.5027646938357567,0.4972353061642433
4884,2455,2429,0.5026617526617526,0.49733824733824733
4885,2455,2430,0.5025588536335721,0.49744114636642783
4886,2456,2430,0.5026606631191158,0.49733933688088416
4887,2456,2431,0.5025578064252098,0.49744219357479025
4888,2456,2432,0.502454991816694,0.49754500818330605
4889,2457,2432,0.5025567600736347,0.4974432399263653
4890,2458,2432,0.5026584867075664,0.49734151329243353
4891,2458,2433,0.5025557145777959,0.49744428542220404
4892,2458,2434,0.5024529844644318,0.4975470155355683
4893,2458,2435,0.5023502963417127,0.49764970365828737
4894,2458,2436,0.5022476501838986,0.49775234981610134
4895,2458,2437,0.5021450459652707,0.4978549540347293
4896,2458,2438,0.5020424836601307,0.4979575163398693
4897,2459,2438,0.5021441698999387,0.49785583010006124
4898,2459,2439,0.5020416496529195,0.4979583503470804
4899,2460,2439,0.5021432945499081,0.49785670545009186
4900,2460,2440,0.5020408163265306,0.49795918367346936
4901,2460,2441,0.5019383799224648,0.4980616200775352
4902,2461,2441,0.5020399836801306,0.4979600163198694
4903,2461,2442,0.501937589231083,0.498062410768917
4904,2462,2442,0.5020391517128875,0.49796084828711257
4905,2463,2442,0.5021406727828747,0.4978593272171254
4906,2463,2443,0.5020383204239707,0.4979616795760293
4907,2464,2443,0.5021398002853067,0.4978601997146933
4908,2465,2443,0.502241238793806,0.49775876120619394
4909,2465,2444,0.5021389284986759,0.4978610715013241
4910,2466,2444,0.5022403258655804,0.49775967413441957
4911,2467,2444,0.5023416819385054,0.49765831806149463
4912,2468,2444,0.502442996742671,0.497557003257329
4913,2468,2445,0.5023407286790149,0.49765927132098514
4914,2469,2445,0.5024420024420024,0.49755799755799757
4915,2470,2445,0.5025432349949135,0.49745676500508645
4916,2471,2445,0.5026444263628966,0.4973555736371033
4917,2472,2445,0.5027455765710799,0.49725442342892007
4918,2472,2446,0.502643350955673,0.49735664904432697
4919,2472,2447,0.5025411669038422,0.49745883309615774
4920,2472,2448,0.5024390243902439,0.4975609756097561
4921,2473,2448,0.5025401341190815,0.4974598658809185
4922,2474,2448,0.5026412027631044,0.4973587972368956
4923,2474,2449,0.5025391021734714,0.4974608978265285
4924,2474,2450,0.5024370430544273,0.49756295694557273
4925,2475,2450,0.5025380710659898,0.49746192893401014
4926,2476,2450,0.5026390580592773,0.4973609419407227
4927,2477,2450,0.5027400040592652,0.4972599959407347
4928,2477,2451,0.502637987012987,0.497362012987013
4929,2478,2451,0.5027388922702374,0.4972611077297626
4930,2478,2452,0.5026369168356998,0.4973630831643002
4931,2479,2452,0.5027377813830866,0.4972622186169134
4932,2479,2453,0.5026358475263585,0.4973641524736415
4933,2479,2454,0.5025339549969593,0.49746604500304076
4934,2480,2454,0.5026347790839076,0.4973652209160924
4935,2481,2454,0.5027355623100304,0.4972644376899696
4936,2481,2455,0.5026337115072933,0.49736628849270664
4937,2481,2456,0.502531901964756,0.49746809803524406
4938,2481,2457,0.5024301336573511,0.4975698663426488
4939,2482,2457,0.5025308766956874,0.4974691233043126
4940,2483,2457,0.5026315789473684,0.49736842105263157
4941,2483,2458,0.5025298522566282,0.4974701477433718
4942,2483,2459,0.5024281667341157,0.4975718332658843
4943,2484,2459,0.5025288286465709,0.4974711713534291
4944,2485,2459,0.5026294498381877,0.4973705501618123
4945,2485,2460,0.5025278058645096,0.4974721941354904
4946,2486,2460,0.5026283865750101,0.49737161342498987
4947,2486,2461,0.5025267839094401,0.49747321609055994
4948,2487,2461,0.5026273241713823,0.4973726758286176
4949,2488,2461,0.5027278238027885,0.49727217619721154
4950,2489,2461,0.5028282828282828,0.49717171717171715
4951,2490,2461,0.5029287012724702,0.4970712987275298
4952,2490,2462,0.502827140549273,0.497172859450727
4953,2491,2462,0.5029275186755502,0.4970724813244498
4954,2492,2462,0.5030278562777554,0.49697214372224463
4955,2493,2462,0.5031281533804238,0.4968718466195762
4956,2493,2463,0.5030266343825666,0.49697336561743344
4957,2494,2463,0.503126891264878,0.496873108735122
4958,2494,2464,0.5030254134731746,0.49697458652682536
4959,2494,2465,0.5029239766081871,0.49707602339181284
4960,2495,2465,0.5030241935483871,0.4969758064516129
4961,2496,2465,0.5031243700866761,0.4968756299133239
4962,2496,2466,0.5030229746070133,0.4969770253929867
4963,2497,2466,0.5031231110215595,0.49687688897844046
4964,2497,2467,0.5030217566478646,0.49697824335213536
4965,2498,2467,0.5031218529707956,0.4968781470292044
4966,2499,2467,0.5032219089810713,0.4967780910189287
4967,2500,2467,0.50332192470304,0.49667807529695995
4968,2501,2467,0.5034219001610306,0.4965780998389694
4969,2502,2467,0.503521835379352,0.49647816462064803
4970,2503,2467,0.5036217303822937,0.49637826961770626
4971,2503,2468,0.5035204184268759,0.4964795815731241
4972,2503,2469,0.5034191472244569,0.49658085277554304
4973,2503,2470,0.5033179167504525,0.49668208324954755
4974,2504,2470,0.5034177724165662,0.49658222758343384
4975,2505,2470,0.5035175879396985,0.4964824120603015
4976,2505,2471,0.5034163987138264,0.4965836012861736
4977,2505,2472,0.5033152501506932,0.49668474984930683
4978,2505,2473,0.5032141422257935,0.49678585777420653
4979,2505,2474,0.5031130749146415,0.49688692508535853
4980,2505,2475,0.5030120481927711,0.49698795180722893
4981,2505,2476,0.5029110620357358,0.4970889379642642
4982,2505,2477,0.5028101164191088,0.4971898835808912
4983,2506,2477,0.5029098936383705,0.49709010636162954
4984,2507,2477,0.5030096308186196,0.4969903691813804
4985,2508,2477,0.5031093279839518,0.49689067201604814
4986,2508,2478,0.5030084235860409,0.4969915764139591
4987,2509,2478,0.5031080810106277,0.49689191898937235
4988,2509,2479,0.5030072173215717,0.4969927826784282
4989,2509,2480,0.5029063940669473,0.49709360593305274
4990,2510,2480,0.503006012024048,0.4969939879759519
4991,2511,2480,0.5031055900621118,0.4968944099378882
4992,2512,2480,0.5032051282051282,0.4967948717948718
4993,2512,2481,0.5031043460845184,0.4968956539154817
4994,2512,2482,0.5030036043251902,0.4969963956748098
4995,2512,2483,0.5029029029029028,0.4970970970970971
4996,2513,2483,0.5030024019215372,0.4969975980784628
4997,2514,2483,0.50310186111667,0.49689813888333
4998,2514,2484,0.503001200480192,0.4969987995198079
4999,2515,2484,0.5031006201240248,0.4968993798759752
5000,2515,2485,0.503,0.497
