Toss,HH,HT,TH,TT,P(HH),P(HT),P(TH),P(TT)
1,0,0,1,0,0.0,0.0,1.0,0.0
2,1,0,1,0,0.5,0.0,0.5,0.0
3,1,0,2,0,0.3333333333333333,0.0,0.6666666666666666,0.0
4,2,0,2,0,0.5,0.0,0.5,0.0
5,2,0,2,1,0.4,0.0,0.4,0.2
6,2,1,2,1,0.3333333333333333,0.16666666666666666,0.3333333333333333,0.16666666666666666
7,2,2,2,1,0.2857142857142857,0.2857142857142857,0.2857142857142857,0.14285714285714285
8,2,2,3,1,0.25,0.25,0.375,0.125
9,2,3,3,1,0.2222222222222222,0.3333333333333333,0.3333333333333333,0.1111111111111111
10,2,3,3,2,0.2,0.3,0.3,0.2
11,2,4,3,2,0.18181818181818182,0.36363636363636365,0.2727272727272727,0.18181818181818182
12,2,4,4,2,0.16666666666666666,0.3333333333333333,0.3333333333333333,0.16666666666666666
13,3,4,4,2,0.23076923076923078,0.3076923076923077,0.3076923076923077,0.15384615384615385
14,3,5,4,2,0.21428571428571427,0.35714285714285715,0.2857142857142857,0.14285714285714285
15,4,5,4,2,0.26666666666666666,0.3333333333333333,0.26666666666666666,0.13333333333333333
16,4,6,4,2,0.25,0.375,0.25,0.125
17,4,6,4,3,0.23529411764705882,0.35294117647058826,0.23529411764705882,0.17647058823529413
18,4,6,4,4,0.2222222222222222,0.3333333333333333,0.2222222222222222,0.2222222222222222
19,4,6,5,4,0.21052631578947367,0.3157894736842105,0.2631578947368421,0.21052631578947367
20,4,7,5,4,0.2,0.35,0.25,0.2
21,5,7,5,4,0.23809523809523808,0.3333333333333333,0.23809523809523808,0.19047619047619047
22,5,8,5,4,0.22727272727272727,0.36363636363636365,0.22727272727272727,0.18181818181818182
23,5,9,5,4,0.21739130434782608,0.391304347826087,0.21739130434782608,0.17391304347826086
24,5,9,5,5,0.20833333333333334,0.375,0.20833333333333334,0.20833333333333334
25,5,9,5,6,0.2,0.36,0.2,0.24
26,5,10,5,6,0.19230769230769232,0.38461538461538464,0.19230769230769232,0.23076923076923078
27,5,10,6,6,0.18518518518518517,0.37037037037037035,0.2222222222222222,0.2222222222222222
28,5,10,7,6,0.17857142857142858,0.35714285714285715,0.25,0.21428571428571427
29,5,10,7,7,0.1724137931034483,0.3448275862068966,0.2413793103448276,0.2413793103448276
30,5,10,7,8,0.16666666666666666,0.3333333333333333,0.23333333333333334,0.26666666666666666
31,5,11,7,8,0.16129032258064516,0.3548387096774194,0.22580645161290322,0.25806451612903225
32,5,12,7,8,0.15625,0.375,0.21875,0.25
33,6,12,7,8,0.18181818181818182,0.36363636363636365,0.21212121212121213,0.24242424242424243
34,7,12,7,8,0.20588235294117646,0.35294117647058826,0.20588235294117646,0.23529411764705882
35,7,13,7,8,0.2,0.37142857142857144,0.2,0.22857142857142856
36,7,13,8,8,0.19444444444444445,0.3611111111111111,0.2222222222222222,0.2222222222222222
37,7,14,8,8,0.1891891891891892,0.3783783783783784,0.21621621621621623,0.21621621621621623
38,7,14,9,8,0.18421052631578946,0.3684210526315789,0.23684210526315788,0.21052631578947367
39,7,14,10,8,0.1794871794871795,0.358974358974359,0.2564102564102564,0.20512820512820512
40,7,14,11,8,0.175,0.35,0.275,0.2
41,7,14,12,8,0.17073170731707318,0.34146341463414637,0.2926829268292683,0.1951219512195122
42,8,14,12,8,0.19047619047619047,0.3333333333333333,0.2857142857142857,0.19047619047619047
43,9,14,12,8,0.20930232558139536,0.32558139534883723,0.27906976744186046,0.18604651162790697
44,10,14,12,8,0.22727272727272727,0.3181818181818182,0.2727272727272727,0.18181818181818182
45,10,14,13,8,0.2222222222222222,0.3111111111111111,0.28888888888888886,0.17777777777777778
46,10,14,14,8,0.21739130434782608,0.30434782608695654,0.30434782608695654,0.17391304347826086
47,10,15,14,8,0.2127659574468085,0.3191489361702128,0.2978723404255319,0.1702127659574468
48,11,15,14,8,0.22916666666666666,0.3125,0.2916666666666667,0.16666666666666666
49,11,16,14,8,0.22448979591836735,0.32653061224489793,0.2857142857142857,0.16326530612244897
50,11,17,14,8,0.22,0.34,0.28,0.16
51,11,17,15,8,0.21568627450980393,0.3333333333333333,0.29411764705882354,0.1568627450980392
52,11,17,15,9,0.21153846153846154,0.3269230769230769,0.28846153846153844,0.17307692307692307
53,11,18,15,9,0.20754716981132076,0.33962264150943394,0.2830188679245283,0.16981132075471697
54,11,19,15,9,0.2037037037037037,0.35185185185185186,0.2777777777777778,0.16666666666666666
55,12,19,15,9,0.21818181818181817,0.34545454545454546,0.2727272727272727,0.16363636363636364
56,12,19,15,10,0.21428571428571427,0.3392857142857143,0.26785714285714285,0.17857142857142858
57,12,20,15,10,0.21052631578947367,0.3508771929824561,0.2631578947368421,0.17543859649122806
58,12,20,15,11,0.20689655172413793,0.3448275862068966,0.25862068965517243,0.1896551724137931
59,12,20,16,11,0.2033898305084746,0.3389830508474576,0.2711864406779661,0.1864406779661017
60,12,21,16,11,0.2,0.35,0.26666666666666666,0.18333333333333332
61,13,21,16,11,0.21311475409836064,0.3442622950819672,0.26229508196721313,0.18032786885245902
62,13,21,17,11,0.20967741935483872,0.3387096774193548,0.27419354838709675,0.1774193548387097
63,13,21,18,11,0.20634920634920634,0.3333333333333333,0.2857142857142857,0.1746031746031746
64,13,21,18,12,0.203125,0.328125,0.28125,0.1875
65,13,21,18,13,0.2,0.3230769230769231,0.27692307692307694,0.2
66,13,21,18,14,0.19696969696969696,0.3181818181818182,0.2727272727272727,0.21212121212121213
67,13,21,19,14,0.19402985074626866,0.31343283582089554,0.2835820895522388,0.208955223880597
68,13,21,19,15,0.19117647058823528,0.3088235294117647,0.27941176470588236,0.22058823529411764
69,13,22,19,15,0.18840579710144928,0.3188405797101449,0.2753623188405797,0.21739130434782608
70,13,23,19,15,0.18571428571428572,0.32857142857142857,0.2714285714285714,0.21428571428571427
71,14,23,19,15,0.19718309859154928,0.323943661971831,0.2676056338028169,0.2112676056338028
72,14,24,19,15,0.19444444444444445,0.3333333333333333,0.2638888888888889,0.20833333333333334
73,15,24,19,15,0.2054794520547945,0.3287671232876712,0.2602739726027397,0.2054794520547945
74,15,24,20,15,0.20270270270270271,0.32432432432432434,0.2702702702702703,0.20270270270270271
75,15,25,20,15,0.2,0.3333333333333333,0.26666666666666666,0.2
76,15,26,20,15,0.19736842105263158,0.34210526315789475,0.2631578947368421,0.19736842105263158
77,15,27,20,15,0.19480519480519481,0.35064935064935066,0.2597402597402597,0.19480519480519481
78,16,27,20,15,0.20512820512820512,0.34615384615384615,0.2564102564102564,0.19230769230769232
79,16,28,20,15,0.20253164556962025,0.35443037974683544,0.25316455696202533,0.189873417721519
80,16,28,21,15,0.2,0.35,0.2625,0.1875
81,16,28,21,16,0.19753086419753085,0.345679012345679,0.25925925925925924,0.19753086419753085
82,17,28,21,16,0.2073170731707317,0.34146341463414637,0.25609756097560976,0.1951219512195122
83,17,28,22,16,0.20481927710843373,0.3373493975903614,0.26506024096385544,0.1927710843373494
84,17,28,23,16,0.20238095238095238,0.3333333333333333,0.27380952380952384,0.19047619047619047
85,17,28,23,17,0.2,0.32941176470588235,0.27058823529411763,0.2
86,17,28,23,18,0.19767441860465115,0.32558139534883723,0.26744186046511625,0.20930232558139536
87,17,28,24,18,0.19540229885057472,0.3218390804597701,0.27586206896551724,0.20689655172413793
88,18,28,24,18,0.20454545454545456,0.3181818181818182,0.2727272727272727,0.20454545454545456
89,18,28,25,18,0.20224719101123595,0.3146067415730337,0.2808988764044944,0.20224719101123595
90,18,28,25,19,0.2,0.3111111111111111,0.2777777777777778,0.2111111111111111
91,18,29,25,19,0.1978021978021978,0.31868131868131866,0.27472527472527475,0.2087912087912088
92,18,29,25,20,0.1956521739130435,0.31521739130434784,0.2717391304347826,0.21739130434782608
93,18,29,25,21,0.1935483870967742,0.3118279569892473,0.26881720430107525,0.22580645161290322
94,18,29,26,21,0.19148936170212766,0.30851063829787234,0.2765957446808511,0.22340425531914893
95,18,29,26,22,0.18947368421052632,0.30526315789473685,0.2736842105263158,0.23157894736842105
96,18,29,26,23,0.1875,0.3020833333333333,0.2708333333333333,0.23958333333333334
97,18,30,26,23,0.18556701030927836,0.30927835051546393,0.26804123711340205,0.23711340206185566
98,19,30,26,23,0.19387755102040816,0.30612244897959184,0.2653061224489796,0.23469387755102042
99,19,30,27,23,0.1919191919191919,0.30303030303030304,0.2727272727272727,0.23232323232323232
100,20,30,27,23,0.2,0.3,0.27,0.23
101,20,30,28,23,0.19801980198019803,0.297029702970297,0.27722772277227725,0.22772277227722773
102,21,30,28,23,0.20588235294117646,0.29411764705882354,0.27450980392156865,0.22549019607843138
103,21,30,28,24,0.20388349514563106,0.2912621359223301,0.27184466019417475,0.23300970873786409
104,21,30,28,25,0.20192307692307693,0.28846153846153844,0.2692307692307692,0.2403846153846154
105,22,30,28,25,0.20952380952380953,0.2857142857142857,0.26666666666666666,0.23809523809523808
106,23,30,28,25,0.2169811320754717,0.2830188679245283,0.2641509433962264,0.2358490566037736
107,23,30,28,26,0.21495327102803738,0.2803738317757009,0.2616822429906542,0.24299065420560748
108,23,30,29,26,0.21296296296296297,0.2777777777777778,0.26851851851851855,0.24074074074074073
109,23,30,29,27,0.21100917431192662,0.27522935779816515,0.26605504587155965,0.24770642201834864
110,24,30,29,27,0.21818181818181817,0.2727272727272727,0.2636363636363636,0.24545454545454545
111,24,31,29,27,0.21621621621621623,0.27927927927927926,0.26126126126126126,0.24324324324324326
112,24,32,29,27,0.21428571428571427,0.2857142857142857,0.25892857142857145,0.24107142857142858
113,24,32,29,28,0.21238938053097345,0.2831858407079646,0.25663716814159293,0.24778761061946902
114,25,32,29,28,0.21929824561403508,0.2807017543859649,0.2543859649122807,0.24561403508771928
115,25,33,29,28,0.21739130434782608,0.28695652173913044,0.25217391304347825,0.24347826086956523
116,25,34,29,28,0.21551724137931033,0.29310344827586204,0.25,0.2413793103448276
117,25,34,29,29,0.21367521367521367,0.2905982905982906,0.24786324786324787,0.24786324786324787
118,26,34,29,29,0.22033898305084745,0.288135593220339,0.2457627118644068,0.2457627118644068
119,26,34,30,29,0.2184873949579832,0.2857142857142857,0.25210084033613445,0.24369747899159663
120,27,34,30,29,0.225,0.2833333333333333,0.25,0.24166666666666667
121,27,35,30,29,0.2231404958677686,0.2892561983471074,0.24793388429752067,0.2396694214876033
122,27,36,30,29,0.22131147540983606,0.29508196721311475,0.2459016393442623,0.23770491803278687
123,27,36,31,29,0.21951219512195122,0.2926829268292683,0.25203252032520324,0.23577235772357724
124,27,36,31,30,0.21774193548387097,0.2903225806451613,0.25,0.24193548387096775
125,27,37,31,30,0.216,0.296,0.248,0.24
126,27,37,32,30,0.21428571428571427,0.29365079365079366,0.25396825396825395,0.23809523809523808
127,27,37,33,30,0.2125984251968504,0.29133858267716534,0.25984251968503935,0.23622047244094488
128,27,38,33,30,0.2109375,0.296875,0.2578125,0.234375
129,27,39,33,30,0.20930232558139536,0.3023255813953488,0.2558139534883721,0.23255813953488372
130,27,40,33,30,0.2076923076923077,0.3076923076923077,0.25384615384615383,0.23076923076923078
131,27,40,34,30,0.20610687022900764,0.3053435114503817,0.2595419847328244,0.22900763358778625
132,27,41,34,30,0.20454545454545456,0.3106060606060606,0.25757575757575757,0.22727272727272727
133,27,41,34,31,0.20300751879699247,0.3082706766917293,0.2556390977443609,0.23308270676691728
134,28,41,34,31,0.208955223880597,0.30597014925373134,0.2537313432835821,0.23134328358208955
135,29,41,34,31,0.21481481481481482,0.3037037037037037,0.2518518518518518,0.22962962962962963
136,29,42,34,31,0.21323529411764705,0.3088235294117647,0.25,0.22794117647058823
137,30,42,34,31,0.21897810218978103,0.30656934306569344,0.24817518248175183,0.22627737226277372
138,31,42,34,31,0.2246376811594203,0.30434782608695654,0.2463768115942029,0.2246376811594203
139,32,42,34,31,0.2302158273381295,0.302158273381295,0.2446043165467626,0.22302158273381295
140,32,43,34,31,0.22857142857142856,0.30714285714285716,0.24285714285714285,0.22142857142857142
141,33,43,34,31,0.23404255319148937,0.3049645390070922,0.24113475177304963,0.2198581560283688
142,33,43,35,31,0.2323943661971831,0.3028169014084507,0.24647887323943662,0.21830985915492956
143,33,43,36,31,0.23076923076923078,0.3006993006993007,0.2517482517482518,0.21678321678321677
144,34,43,36,31,0.2361111111111111,0.2986111111111111,0.25,0.2152777777777778
145,34,44,36,31,0.23448275862068965,0.30344827586206896,0.2482758620689655,0.21379310344827587
146,34,45,36,31,0.2328767123287671,0.3082191780821918,0.2465753424657534,0.21232876712328766
147,34,45,37,31,0.23129251700680273,0.30612244897959184,0.25170068027210885,0.2108843537414966
148,34,45,38,31,0.22972972972972974,0.30405405405405406,0.25675675675675674,0.20945945945945946
149,34,45,38,32,0.22818791946308725,0.30201342281879195,0.2550335570469799,0.21476510067114093
150,34,45,38,33,0.22666666666666666,0.3,0.25333333333333335,0.22
151,35,45,38,33,0.23178807947019867,0.2980132450331126,0.25165562913907286,0.2185430463576159
152,35,46,38,33,0.23026315789473684,0.3026315789473684,0.25,0.21710526315789475
153,35,46,39,33,0.22875816993464052,0.3006535947712418,0.2549019607843137,0.21568627450980393
154,35,47,39,33,0.22727272727272727,0.3051948051948052,0.2532467532467532,0.21428571428571427
155,36,47,39,33,0.23225806451612904,0.3032258064516129,0.25161290322580643,0.2129032258064516
156,37,47,39,33,0.23717948717948717,0.30128205128205127,0.25,0.21153846153846154
157,37,48,39,33,0.2356687898089172,0.3057324840764331,0.2484076433121019,0.21019108280254778
158,37,49,39,33,0.23417721518987342,0.310126582278481,0.2468354430379747,0.2088607594936709
159,38,49,39,33,0.2389937106918239,0.3081761006289308,0.24528301886792453,0.20754716981132076
160,39,49,39,33,0.24375,0.30625,0.24375,0.20625
161,39,49,40,33,0.2422360248447205,0.30434782608695654,0.2484472049689441,0.20496894409937888
162,39,49,41,33,0.24074074074074073,0.30246913580246915,0.25308641975308643,0.2037037037037037
163,39,49,42,33,0.2392638036809816,0.3006134969325153,0.25766871165644173,0.20245398773006135
164,39,50,42,33,0.23780487804878048,0.3048780487804878,0.25609756097560976,0.20121951219512196
165,39,50,43,33,0.23636363636363636,0.30303030303030304,0.2606060606060606,0.2
166,39,50,44,33,0.23493975903614459,0.30120481927710846,0.26506024096385544,0.19879518072289157
167,39,50,45,33,0.23353293413173654,0.2994011976047904,0.2694610778443114,0.19760479041916168
168,39,50,45,34,0.23214285714285715,0.2976190476190476,0.26785714285714285,0.20238095238095238
169,39,50,45,35,0.23076923076923078,0.2958579881656805,0.26627218934911245,0.20710059171597633
170,40,50,45,35,0.23529411764705882,0.29411764705882354,0.2647058823529412,0.20588235294117646
171,41,50,45,35,0.23976608187134502,0.29239766081871343,0.2631578947368421,0.2046783625730994
172,41,50,46,35,0.23837209302325582,0.29069767441860467,0.26744186046511625,0.20348837209302326
173,41,50,46,36,0.23699421965317918,0.28901734104046245,0.2658959537572254,0.20809248554913296
174,41,51,46,36,0.23563218390804597,0.29310344827586204,0.26436781609195403,0.20689655172413793
175,41,51,47,36,0.2342857142857143,0.2914285714285714,0.26857142857142857,0.2057142857142857
176,41,51,48,36,0.23295454545454544,0.2897727272727273,0.2727272727272727,0.20454545454545456
177,41,51,48,37,0.23163841807909605,0.288135593220339,0.2711864406779661,0.20903954802259886
178,41,51,49,37,0.2303370786516854,0.28651685393258425,0.2752808988764045,0.20786516853932585
179,42,51,49,37,0.2346368715083799,0.2849162011173184,0.2737430167597765,0.20670391061452514
180,42,52,49,37,0.23333333333333334,0.28888888888888886,0.2722222222222222,0.20555555555555555
181,43,52,49,37,0.23756906077348067,0.287292817679558,0.27071823204419887,0.20441988950276244
182,44,52,49,37,0.24175824175824176,0.2857142857142857,0.2692307692307692,0.2032967032967033
183,44,52,49,38,0.24043715846994534,0.28415300546448086,0.2677595628415301,0.20765027322404372
184,44,52,50,38,0.2391304347826087,0.2826086956521739,0.2717391304347826,0.20652173913043478
185,44,53,50,38,0.23783783783783785,0.2864864864864865,0.2702702702702703,0.20540540540540542
186,44,53,51,38,0.23655913978494625,0.2849462365591398,0.27419354838709675,0.20430107526881722
187,44,53,52,38,0.23529411764705882,0.28342245989304815,0.27807486631016043,0.20320855614973263
188,44,53,53,38,0.23404255319148937,0.28191489361702127,0.28191489361702127,0.20212765957446807
189,44,53,54,38,0.2328042328042328,0.2804232804232804,0.2857142857142857,0.20105820105820105
190,45,53,54,38,0.23684210526315788,0.2789473684210526,0.28421052631578947,0.2
191,45,53,54,39,0.2356020942408377,0.2774869109947644,0.28272251308900526,0.20418848167539266
192,45,53,55,39,0.234375,0.2760416666666667,0.2864583333333333,0.203125
193,46,53,55,39,0.23834196891191708,0.27461139896373055,0.2849740932642487,0.20207253886010362
194,46,54,55,39,0.23711340206185566,0.27835051546391754,0.28350515463917525,0.20103092783505155
195,46,54,56,39,0.2358974358974359,0.27692307692307694,0.28717948717948716,0.2
196,46,54,57,39,0.23469387755102042,0.2755102040816326,0.29081632653061223,0.1989795918367347
197,46,55,57,39,0.233502538071066,0.27918781725888325,0.2893401015228426,0.19796954314720813
198,46,56,57,39,0.23232323232323232,0.2828282828282828,0.2878787878787879,0.19696969696969696
199,46,56,58,39,0.23115577889447236,0.2814070351758794,0.2914572864321608,0.19597989949748743
200,46,56,59,39,0.23,0.28,0.295,0.195
201,46,56,59,40,0.22885572139303484,0.27860696517412936,0.2935323383084577,0.19900497512437812
202,46,56,60,40,0.22772277227722773,0.27722772277227725,0.297029702970297,0.19801980198019803
203,47,56,60,40,0.2315270935960591,0.27586206896551724,0.2955665024630542,0.19704433497536947
204,48,56,60,40,0.23529411764705882,0.27450980392156865,0.29411764705882354,0.19607843137254902
205,49,56,60,40,0.23902439024390243,0.2731707317073171,0.2926829268292683,0.1951219512195122
206,49,57,60,40,0.23786407766990292,0.2766990291262136,0.2912621359223301,0.1941747572815534
207,50,57,60,40,0.24154589371980675,0.2753623188405797,0.2898550724637681,0.1932367149758454
208,50,57,61,40,0.2403846153846154,0.27403846153846156,0.2932692307692308,0.19230769230769232
209,50,57,62,40,0.23923444976076555,0.2727272727272727,0.2966507177033493,0.19138755980861244
210,50,57,62,41,0.23809523809523808,0.2714285714285714,0.29523809523809524,0.19523809523809524
211,50,58,62,41,0.23696682464454977,0.27488151658767773,0.2938388625592417,0.1943127962085308
212,50,58,62,42,0.2358490566037736,0.27358490566037735,0.29245283018867924,0.19811320754716982
213,51,58,62,42,0.23943661971830985,0.27230046948356806,0.29107981220657275,0.19718309859154928
214,51,58,63,42,0.2383177570093458,0.27102803738317754,0.29439252336448596,0.19626168224299065
215,51,58,63,43,0.2372093023255814,0.26976744186046514,0.2930232558139535,0.2
216,51,59,63,43,0.2361111111111111,0.27314814814814814,0.2916666666666667,0.19907407407407407
217,52,59,63,43,0.23963133640552994,0.271889400921659,0.2903225806451613,0.19815668202764977
218,52,59,64,43,0.23853211009174313,0.2706422018348624,0.29357798165137616,0.19724770642201836
219,52,60,64,43,0.2374429223744292,0.273972602739726,0.2922374429223744,0.1963470319634703
220,53,60,64,43,0.2409090909090909,0.2727272727272727,0.2909090909090909,0.19545454545454546
221,54,60,64,43,0.24434389140271492,0.27149321266968324,0.2895927601809955,0.19457013574660634
222,55,60,64,43,0.24774774774774774,0.2702702702702703,0.2882882882882883,0.19369369369369369
223,56,60,64,43,0.25112107623318386,0.26905829596412556,0.28699551569506726,0.19282511210762332
224,56,60,64,44,0.25,0.26785714285714285,0.2857142857142857,0.19642857142857142
225,56,60,64,45,0.24888888888888888,0.26666666666666666,0.28444444444444444,0.2
226,56,60,65,45,0.24778761061946902,0.26548672566371684,0.28761061946902655,0.19911504424778761
227,56,60,65,46,0.24669603524229075,0.2643171806167401,0.28634361233480177,0.2026431718061674
228,56,61,65,46,0.24561403508771928,0.2675438596491228,0.2850877192982456,0.20175438596491227
229,56,62,65,46,0.2445414847161572,0.27074235807860264,0.2838427947598253,0.20087336244541484
230,56,63,65,46,0.24347826086956523,0.27391304347826084,0.2826086956521739,0.2
231,57,63,65,46,0.24675324675324675,0.2727272727272727,0.2813852813852814,0.19913419913419914
232,57,63,65,47,0.24568965517241378,0.27155172413793105,0.2801724137931034,0.2025862068965517
233,57,63,66,47,0.2446351931330472,0.2703862660944206,0.2832618025751073,0.2017167381974249
234,58,63,66,47,0.24786324786324787,0.2692307692307692,0.28205128205128205,0.20085470085470086
235,58,64,66,47,0.24680851063829787,0.2723404255319149,0.28085106382978725,0.2
236,58,64,66,48,0.2457627118644068,0.2711864406779661,0.2796610169491525,0.2033898305084746
237,58,65,66,48,0.24472573839662448,0.2742616033755274,0.27848101265822783,0.20253164556962025
238,58,65,66,49,0.24369747899159663,0.27310924369747897,0.2773109243697479,0.20588235294117646
239,58,65,66,50,0.24267782426778242,0.2719665271966527,0.27615062761506276,0.20920502092050208
240,58,65,67,50,0.24166666666666667,0.2708333333333333,0.2791666666666667,0.20833333333333334
241,58,66,67,50,0.24066390041493776,0.27385892116182575,0.27800829875518673,0.2074688796680498
242,58,66,67,51,0.2396694214876033,0.2727272727272727,0.2768595041322314,0.21074380165289255
243,58,67,67,51,0.23868312757201646,0.2757201646090535,0.2757201646090535,0.20987654320987653
244,58,68,67,51,0.23770491803278687,0.2786885245901639,0.27459016393442626,0.20901639344262296
245,58,68,67,52,0.23673469387755103,0.27755102040816326,0.27346938775510204,0.21224489795918366
246,58,69,67,52,0.23577235772357724,0.2804878048780488,0.27235772357723576,0.21138211382113822
247,58,69,68,52,0.23481781376518218,0.2793522267206478,0.27530364372469635,0.21052631578947367
248,58,69,68,53,0.23387096774193547,0.2782258064516129,0.27419354838709675,0.21370967741935484
249,58,69,69,53,0.23293172690763053,0.27710843373493976,0.27710843373493976,0.21285140562248997
250,58,69,69,54,0.232,0.276,0.276,0.216
251,58,69,69,55,0.23107569721115537,0.2749003984063745,0.2749003984063745,0.21912350597609562
252,58,70,69,55,0.23015873015873015,0.2777777777777778,0.27380952380952384,0.21825396825396826
253,59,70,69,55,0.233201581027668,0.2766798418972332,0.2727272727272727,0.21739130434782608
254,59,70,69,56,0.23228346456692914,0.2755905511811024,0.27165354330708663,0.2204724409448819
255,59,71,69,56,0.23137254901960785,0.2784313725490196,0.27058823529411763,0.2196078431372549
256,59,71,69,57,0.23046875,0.27734375,0.26953125,0.22265625
257,59,71,70,57,0.22957198443579765,0.27626459143968873,0.2723735408560311,0.22178988326848248
258,60,71,70,57,0.23255813953488372,0.2751937984496124,0.2713178294573643,0.22093023255813954
259,61,71,70,57,0.23552123552123552,0.27413127413127414,0.2702702702702703,0.22007722007722008
260,61,71,70,58,0.23461538461538461,0.27307692307692305,0.2692307692307692,0.2230769230769231
261,61,71,71,58,0.23371647509578544,0.2720306513409962,0.2720306513409962,0.2222222222222222
262,61,71,72,58,0.23282442748091603,0.27099236641221375,0.2748091603053435,0.22137404580152673
263,61,72,72,58,0.23193916349809887,0.2737642585551331,0.2737642585551331,0.22053231939163498
264,61,73,72,58,0.23106060606060605,0.2765151515151515,0.2727272727272727,0.2196969696969697
265,61,73,73,58,0.23018867924528302,0.27547169811320754,0.27547169811320754,0.2188679245283019
266,61,74,73,58,0.22932330827067668,0.2781954887218045,0.2744360902255639,0.21804511278195488
267,61,75,73,58,0.22846441947565543,0.2808988764044944,0.27340823970037453,0.21722846441947566
268,61,75,73,59,0.22761194029850745,0.2798507462686567,0.27238805970149255,0.22014925373134328
269,61,75,74,59,0.22676579925650558,0.2788104089219331,0.275092936802974,0.21933085501858737
270,62,75,74,59,0.22962962962962963,0.2777777777777778,0.2740740740740741,0.21851851851851853
271,62,76,74,59,0.22878228782287824,0.28044280442804426,0.2730627306273063,0.2177121771217712
272,62,77,74,59,0.22794117647058823,0.28308823529411764,0.27205882352941174,0.21691176470588236
273,62,78,74,59,0.2271062271062271,0.2857142857142857,0.27106227106227104,0.21611721611721613
274,62,79,74,59,0.22627737226277372,0.28832116788321166,0.27007299270072993,0.21532846715328466
275,62,80,74,59,0.22545454545454546,0.2909090909090909,0.2690909090909091,0.21454545454545454
276,62,81,74,59,0.2246376811594203,0.29347826086956524,0.26811594202898553,0.213768115942029
277,62,81,74,60,0.22382671480144403,0.2924187725631769,0.26714801444043323,0.21660649819494585
278,63,81,74,60,0.22661870503597123,0.29136690647482016,0.26618705035971224,0.2158273381294964
279,63,81,74,61,0.22580645161290322,0.2903225806451613,0.26523297491039427,0.21863799283154123
280,63,82,74,61,0.225,0.29285714285714287,0.2642857142857143,0.21785714285714286
281,64,82,74,61,0.2277580071174377,0.2918149466192171,0.26334519572953735,0.21708185053380782
282,64,82,75,61,0.22695035460992907,0.2907801418439716,0.26595744680851063,0.21631205673758866
283,64,82,76,61,0.22614840989399293,0.28975265017667845,0.26855123674911663,0.21554770318021202
284,64,83,76,61,0.22535211267605634,0.29225352112676056,0.2676056338028169,0.2147887323943662
285,64,83,76,62,0.22456140350877193,0.2912280701754386,0.26666666666666666,0.21754385964912282
286,64,83,77,62,0.22377622377622378,0.2902097902097902,0.2692307692307692,0.21678321678321677
287,64,83,77,63,0.2229965156794425,0.289198606271777,0.2682926829268293,0.21951219512195122
288,64,83,77,64,0.2222222222222222,0.2881944444444444,0.2673611111111111,0.2222222222222222
289,65,83,77,64,0.22491349480968859,0.28719723183391005,0.2664359861591695,0.22145328719723184
290,66,83,77,64,0.22758620689655173,0.28620689655172415,0.2655172413793103,0.2206896551724138
291,66,83,77,65,0.2268041237113402,0.2852233676975945,0.2646048109965636,0.22336769759450173
292,66,84,77,65,0.22602739726027396,0.2876712328767123,0.2636986301369863,0.2226027397260274
293,67,84,77,65,0.22866894197952217,0.28668941979522183,0.2627986348122867,0.22184300341296928
294,67,84,78,65,0.22789115646258504,0.2857142857142857,0.2653061224489796,0.22108843537414966
295,67,85,78,65,0.2271186440677966,0.288135593220339,0.26440677966101694,0.22033898305084745
296,67,85,79,65,0.22635135135135134,0.28716216216216217,0.2668918918918919,0.2195945945945946
297,68,85,79,65,0.22895622895622897,0.28619528619528617,0.265993265993266,0.21885521885521886
298,68,85,80,65,0.22818791946308725,0.28523489932885904,0.2684563758389262,0.2181208053691275
299,68,86,80,65,0.22742474916387959,0.28762541806020064,0.26755852842809363,0.21739130434782608
300,68,86,81,65,0.22666666666666666,0.2866666666666667,0.27,0.21666666666666667
301,69,86,81,65,0.2292358803986711,0.2857142857142857,0.2691029900332226,0.2159468438538206
302,69,86,82,65,0.22847682119205298,0.2847682119205298,0.271523178807947,0.2152317880794702
303,69,86,82,66,0.22772277227722773,0.2838283828382838,0.2706270627062706,0.21782178217821782
304,69,87,82,66,0.22697368421052633,0.28618421052631576,0.26973684210526316,0.21710526315789475
305,69,87,83,66,0.2262295081967213,0.28524590163934427,0.2721311475409836,0.21639344262295082
306,69,87,83,67,0.22549019607843138,0.28431372549019607,0.27124183006535946,0.21895424836601307
307,69,87,83,68,0.2247557003257329,0.28338762214983715,0.2703583061889251,0.22149837133550487
308,69,87,83,69,0.22402597402597402,0.2824675324675325,0.2694805194805195,0.22402597402597402
309,69,87,83,70,0.22330097087378642,0.2815533980582524,0.2686084142394822,0.22653721682847897
310,69,87,84,70,0.22258064516129034,0.2806451612903226,0.2709677419354839,0.22580645161290322
311,69,87,85,70,0.22186495176848875,0.2797427652733119,0.2733118971061093,0.22508038585209003
312,69,88,85,70,0.22115384615384615,0.28205128205128205,0.2724358974358974,0.22435897435897437
313,70,88,85,70,0.22364217252396165,0.28115015974440893,0.2715654952076677,0.22364217252396165
314,70,88,85,71,0.2229299363057325,0.2802547770700637,0.27070063694267515,0.22611464968152867
315,70,88,85,72,0.2222222222222222,0.27936507936507937,0.2698412698412698,0.22857142857142856
316,71,88,85,72,0.22468354430379747,0.27848101265822783,0.2689873417721519,0.22784810126582278
317,71,89,85,72,0.22397476340694006,0.2807570977917981,0.26813880126182965,0.22712933753943218
318,71,90,85,72,0.22327044025157233,0.2830188679245283,0.2672955974842767,0.22641509433962265
319,71,90,85,73,0.2225705329153605,0.28213166144200624,0.2664576802507837,0.22884012539184953
320,71,90,86,73,0.221875,0.28125,0.26875,0.228125
321,71,90,86,74,0.22118380062305296,0.2803738317757009,0.26791277258566976,0.23052959501557632
322,71,90,86,75,0.2204968944099379,0.2795031055900621,0.2670807453416149,0.2329192546583851
323,71,90,87,75,0.21981424148606812,0.2786377708978328,0.2693498452012384,0.23219814241486067
324,71,90,87,76,0.2191358024691358,0.2777777777777778,0.26851851851851855,0.2345679012345679
325,72,90,87,76,0.22153846153846155,0.27692307692307694,0.2676923076923077,0.23384615384615384
326,72,91,87,76,0.22085889570552147,0.2791411042944785,0.2668711656441718,0.2331288343558282
327,72,91,87,77,0.22018348623853212,0.2782874617737003,0.26605504587155965,0.23547400611620795
328,72,91,87,78,0.21951219512195122,0.2774390243902439,0.2652439024390244,0.23780487804878048
329,72,92,87,78,0.2188449848024316,0.2796352583586626,0.26443768996960487,0.23708206686930092
330,72,92,87,79,0.21818181818181817,0.2787878787878788,0.2636363636363636,0.23939393939393938
331,73,92,87,79,0.22054380664652568,0.27794561933534745,0.2628398791540785,0.23867069486404835
332,73,92,87,80,0.21987951807228914,0.27710843373493976,0.2620481927710843,0.24096385542168675
333,73,93,87,80,0.21921921921921922,0.27927927927927926,0.26126126126126126,0.24024024024024024
334,73,93,87,81,0.218562874251497,0.27844311377245506,0.26047904191616766,0.24251497005988024
335,73,93,87,82,0.21791044776119403,0.27761194029850744,0.25970149253731345,0.24477611940298508
336,74,93,87,82,0.22023809523809523,0.2767857142857143,0.25892857142857145,0.24404761904761904
337,74,93,88,82,0.2195845697329377,0.27596439169139464,0.26112759643916916,0.2433234421364985
338,74,93,88,83,0.21893491124260356,0.27514792899408286,0.2603550295857988,0.2455621301775148
339,74,93,88,84,0.2182890855457227,0.2743362831858407,0.25958702064896755,0.24778761061946902
340,74,94,88,84,0.21764705882352942,0.27647058823529413,0.25882352941176473,0.24705882352941178
341,74,95,88,84,0.21700879765395895,0.2785923753665689,0.25806451612903225,0.24633431085043989
342,75,95,88,84,0.21929824561403508,0.2777777777777778,0.2573099415204678,0.24561403508771928
343,76,95,88,84,0.22157434402332363,0.27696793002915454,0.2565597667638484,0.24489795918367346
344,76,95,89,84,0.22093023255813954,0.2761627906976744,0.25872093023255816,0.2441860465116279
345,77,95,89,84,0.22318840579710145,0.2753623188405797,0.2579710144927536,0.24347826086956523
346,77,95,90,84,0.22254335260115607,0.2745664739884393,0.26011560693641617,0.24277456647398843
347,78,95,90,84,0.22478386167146974,0.2737752161383285,0.25936599423631124,0.2420749279538905
348,78,95,91,84,0.22413793103448276,0.27298850574712646,0.2614942528735632,0.2413793103448276
349,78,95,91,85,0.22349570200573066,0.2722063037249284,0.2607449856733524,0.24355300859598855
350,79,95,91,85,0.2257142857142857,0.2714285714285714,0.26,0.24285714285714285
351,79,95,91,86,0.22507122507122507,0.2706552706552707,0.25925925925925924,0.245014245014245
352,79,95,92,86,0.22443181818181818,0.26988636363636365,0.26136363636363635,0.24431818181818182
353,80,95,92,86,0.22662889518413598,0.26912181303116145,0.26062322946175637,0.24362606232294617
354,80,95,92,87,0.22598870056497175,0.268361581920904,0.2598870056497175,0.2457627118644068
355,80,96,92,87,0.22535211267605634,0.2704225352112676,0.2591549295774648,0.24507042253521127
356,80,96,93,87,0.2247191011235955,0.2696629213483146,0.2612359550561798,0.2443820224719101
357,80,96,94,87,0.22408963585434175,0.2689075630252101,0.26330532212885155,0.24369747899159663
358,80,96,95,87,0.22346368715083798,0.2681564245810056,0.26536312849162014,0.2430167597765363
359,80,96,95,88,0.22284122562674094,0.26740947075208915,0.2646239554317549,0.24512534818941503
360,80,97,95,88,0.2222222222222222,0.26944444444444443,0.2638888888888889,0.24444444444444444
361,80,98,95,88,0.22160664819944598,0.27146814404432135,0.2631578947368421,0.24376731301939059
362,81,98,95,88,0.22375690607734808,0.27071823204419887,0.26243093922651933,0.2430939226519337
363,81,98,95,89,0.2231404958677686,0.2699724517906336,0.26170798898071623,0.24517906336088155
364,82,98,95,89,0.22527472527472528,0.2692307692307692,0.260989010989011,0.2445054945054945
365,82,98,96,89,0.22465753424657534,0.2684931506849315,0.26301369863013696,0.24383561643835616
366,82,99,96,89,0.22404371584699453,0.27049180327868855,0.26229508196721313,0.24316939890710382
367,82,99,96,90,0.22343324250681199,0.26975476839237056,0.2615803814713896,0.2452316076294278
368,82,99,97,90,0.22282608695652173,0.26902173913043476,0.26358695652173914,0.24456521739130435
369,82,99,98,90,0.2222222222222222,0.2682926829268293,0.26558265582655827,0.24390243902439024
370,82,100,98,90,0.22162162162162163,0.2702702702702703,0.2648648648648649,0.24324324324324326
371,83,100,98,90,0.22371967654986524,0.2695417789757412,0.2641509433962264,0.24258760107816713
372,83,100,99,90,0.22311827956989247,0.26881720430107525,0.2661290322580645,0.24193548387096775
373,84,100,99,90,0.225201072386059,0.2680965147453083,0.26541554959785524,0.24128686327077747
374,84,100,99,91,0.22459893048128343,0.26737967914438504,0.2647058823529412,0.24331550802139038
375,84,100,100,91,0.224,0.26666666666666666,0.26666666666666666,0.24266666666666667
376,84,100,101,91,0.22340425531914893,0.26595744680851063,0.26861702127659576,0.24202127659574468
377,84,100,101,92,0.22281167108753316,0.26525198938992045,0.26790450928381965,0.2440318302387268
378,84,100,102,92,0.2222222222222222,0.26455026455026454,0.2698412698412698,0.24338624338624337
379,84,100,102,93,0.22163588390501318,0.2638522427440633,0.2691292875989446,0.24538258575197888
380,84,101,102,93,0.22105263157894736,0.2657894736842105,0.26842105263157895,0.24473684210526317
381,84,101,103,93,0.2204724409448819,0.2650918635170604,0.27034120734908135,0.2440944881889764
382,84,101,104,93,0.2198952879581152,0.2643979057591623,0.27225130890052357,0.24345549738219896
383,85,101,104,93,0.22193211488250653,0.26370757180156656,0.27154046997389036,0.24281984334203655
384,85,101,104,94,0.22135416666666666,0.2630208333333333,0.2708333333333333,0.24479166666666666
385,85,101,104,95,0.22077922077922077,0.2623376623376623,0.2701298701298701,0.24675324675324675
386,86,101,104,95,0.22279792746113988,0.2616580310880829,0.2694300518134715,0.24611398963730569
387,87,101,104,95,0.2248062015503876,0.26098191214470284,0.268733850129199,0.2454780361757106
388,87,101,104,96,0.22422680412371135,0.2603092783505155,0.26804123711340205,0.24742268041237114
389,87,102,104,96,0.2236503856041131,0.2622107969151671,0.26735218508997427,0.2467866323907455
390,87,102,104,97,0.2230769230769231,0.26153846153846155,0.26666666666666666,0.24871794871794872
391,87,102,105,97,0.22250639386189258,0.2608695652173913,0.26854219948849106,0.24808184143222506
392,87,102,106,97,0.22193877551020408,0.2602040816326531,0.27040816326530615,0.24744897959183673
393,88,102,106,97,0.22391857506361323,0.2595419847328244,0.2697201017811705,0.24681933842239187
394,89,102,106,97,0.22588832487309646,0.25888324873096447,0.26903553299492383,0.24619289340101522
395,90,102,106,97,0.22784810126582278,0.2582278481012658,0.2683544303797468,0.24556962025316456
396,90,103,106,97,0.22727272727272727,0.2601010101010101,0.2676767676767677,0.24494949494949494
397,90,103,106,98,0.22670025188916876,0.2594458438287154,0.26700251889168763,0.24685138539042822
398,91,103,106,98,0.228643216080402,0.25879396984924624,0.2663316582914573,0.24623115577889448
399,92,103,106,98,0.23057644110275688,0.2581453634085213,0.2656641604010025,0.24561403508771928
400,92,103,106,99,0.23,0.2575,0.265,0.2475
401,92,103,106,100,0.22942643391521197,0.256857855361596,0.26433915211970077,0.24937655860349128
402,92,103,107,100,0.22885572139303484,0.2562189054726368,0.26616915422885573,0.24875621890547264
403,92,103,108,100,0.228287841191067,0.2555831265508685,0.2679900744416873,0.24813895781637718
404,92,104,108,100,0.22772277227722773,0.25742574257425743,0.26732673267326734,0.24752475247524752
405,93,104,108,100,0.22962962962962963,0.25679012345679014,0.26666666666666666,0.24691358024691357
406,93,104,109,100,0.229064039408867,0.2561576354679803,0.2684729064039409,0.24630541871921183
407,94,104,109,100,0.23095823095823095,0.25552825552825553,0.2678132678132678,0.2457002457002457
408,94,104,109,101,0.23039215686274508,0.2549019607843137,0.26715686274509803,0.24754901960784315
409,95,104,109,101,0.23227383863080683,0.254278728606357,0.2665036674816626,0.2469437652811736
410,95,104,109,102,0.23170731707317074,0.25365853658536586,0.2658536585365854,0.24878048780487805
411,95,105,109,102,0.23114355231143552,0.25547445255474455,0.26520681265206814,0.24817518248175183
412,95,106,109,102,0.23058252427184467,0.25728155339805825,0.2645631067961165,0.24757281553398058
413,95,106,110,102,0.23002421307506055,0.2566585956416465,0.26634382566585957,0.2469733656174334
414,95,106,111,102,0.22946859903381642,0.2560386473429952,0.26811594202898553,0.2463768115942029
415,95,106,111,103,0.2289156626506024,0.25542168674698795,0.2674698795180723,0.24819277108433735
416,96,106,111,103,0.23076923076923078,0.2548076923076923,0.2668269230769231,0.24759615384615385
417,97,106,111,103,0.23261390887290168,0.2541966426858513,0.26618705035971224,0.24700239808153476
418,97,106,111,104,0.23205741626794257,0.2535885167464115,0.26555023923444976,0.24880382775119617
419,97,107,111,104,0.2315035799522673,0.2553699284009546,0.2649164677804296,0.24821002386634844
420,98,107,111,104,0.23333333333333334,0.25476190476190474,0.2642857142857143,0.24761904761904763
421,98,108,111,104,0.2327790973871734,0.25653206650831356,0.26365795724465557,0.24703087885985747
422,99,108,111,104,0.23459715639810427,0.2559241706161137,0.26303317535545023,0.24644549763033174
423,100,108,111,104,0.2364066193853428,0.2553191489361702,0.2624113475177305,0.2458628841607565
424,100,109,111,104,0.2358490566037736,0.25707547169811323,0.2617924528301887,0.24528301886792453
425,101,109,111,104,0.2376470588235294,0.2564705882352941,0.2611764705882353,0.2447058823529412
426,102,109,111,104,0.23943661971830985,0.25586854460093894,0.2605633802816901,0.24413145539906103
427,102,110,111,104,0.2388758782201405,0.2576112412177986,0.25995316159250587,0.24355971896955503
428,102,111,111,104,0.2383177570093458,0.25934579439252337,0.25934579439252337,0.24299065420560748
429,102,111,112,104,0.23776223776223776,0.25874125874125875,0.26107226107226106,0.24242424242424243
430,102,112,112,104,0.2372093023255814,0.26046511627906976,0.26046511627906976,0.24186046511627907
431,102,112,112,105,0.23665893271461716,0.25986078886310904,0.25986078886310904,0.24361948955916474
432,103,112,112,105,0.23842592592592593,0.25925925925925924,0.25925925925925924,0.24305555555555555
433,104,112,112,105,0.24018475750577367,0.2586605080831409,0.2586605080831409,0.24249422632794457
434,104,112,112,106,0.23963133640552994,0.25806451612903225,0.25806451612903225,0.24423963133640553
435,104,112,113,106,0.23908045977011494,0.2574712643678161,0.2597701149425287,0.24367816091954023
436,105,112,113,106,0.2408256880733945,0.25688073394495414,0.2591743119266055,0.24311926605504589
437,105,112,113,107,0.2402745995423341,0.2562929061784897,0.2585812356979405,0.2448512585812357
438,106,112,113,107,0.2420091324200913,0.2557077625570776,0.2579908675799087,0.24429223744292236
439,107,112,113,107,0.2437357630979499,0.255125284738041,0.25740318906605925,0.2437357630979499
440,107,112,113,108,0.2431818181818182,0.2545454545454545,0.25681818181818183,0.24545454545454545
441,107,112,114,108,0.24263038548752835,0.25396825396825395,0.2585034013605442,0.24489795918367346
442,107,112,114,109,0.2420814479638009,0.25339366515837103,0.2579185520361991,0.24660633484162897
443,107,112,114,110,0.24153498871331827,0.2528216704288939,0.25733634311512416,0.24830699774266365
444,108,112,114,110,0.24324324324324326,0.25225225225225223,0.25675675675675674,0.24774774774774774
445,109,112,114,110,0.2449438202247191,0.251685393258427,0.25617977528089886,0.24719101123595505
446,110,112,114,110,0.24663677130044842,0.25112107623318386,0.2556053811659193,0.24663677130044842
447,110,112,114,111,0.24608501118568232,0.2505592841163311,0.2550335570469799,0.2483221476510067
448,110,112,114,112,0.24553571428571427,0.25,0.2544642857142857,0.25
449,110,112,114,113,0.24498886414253898,0.24944320712694878,0.25389755011135856,0.2516703786191537
450,110,112,114,114,0.24444444444444444,0.24888888888888888,0.25333333333333335,0.25333333333333335
451,110,112,115,114,0.24390243902439024,0.24833702882483372,0.2549889135254989,0.25277161862527714
452,111,112,115,114,0.24557522123893805,0.24778761061946902,0.25442477876106195,0.252212389380531
453,111,112,115,115,0.24503311258278146,0.24724061810154527,0.25386313465783666,0.25386313465783666
454,111,112,115,116,0.2444933920704846,0.24669603524229075,0.2533039647577093,0.2555066079295154
455,111,112,115,117,0.24395604395604395,0.24615384615384617,0.25274725274725274,0.2571428571428571
456,111,112,115,118,0.24342105263157895,0.24561403508771928,0.25219298245614036,0.25877192982456143
457,111,113,115,118,0.24288840262582057,0.24726477024070023,0.25164113785557984,0.25820568927789933
458,111,113,116,118,0.2423580786026201,0.24672489082969432,0.25327510917030566,0.2576419213973799
459,111,114,116,118,0.24183006535947713,0.24836601307189543,0.25272331154684097,0.2570806100217865
460,111,115,116,118,0.24130434782608695,0.25,0.25217391304347825,0.2565217391304348
461,111,116,116,118,0.24078091106290672,0.25162689804772237,0.25162689804772237,0.2559652928416486
462,111,116,117,118,0.24025974025974026,0.2510822510822511,0.2532467532467532,0.2554112554112554
463,112,116,117,118,0.24190064794816415,0.2505399568034557,0.2526997840172786,0.2548596112311015
464,112,116,117,119,0.2413793103448276,0.25,0.2521551724137931,0.25646551724137934
465,112,116,118,119,0.24086021505376345,0.24946236559139784,0.2537634408602151,0.25591397849462366
466,113,116,118,119,0.24248927038626608,0.24892703862660945,0.2532188841201717,0.2553648068669528
467,113,117,118,119,0.24197002141327623,0.2505353319057816,0.25267665952890794,0.25481798715203424
468,113,117,118,120,0.24145299145299146,0.25,0.25213675213675213,0.2564102564102564
469,113,117,119,120,0.24093816631130063,0.24946695095948826,0.2537313432835821,0.255863539445629
470,114,117,119,120,0.2425531914893617,0.24893617021276596,0.2531914893617021,0.2553191489361702
471,114,117,119,121,0.24203821656050956,0.2484076433121019,0.2526539278131635,0.25690021231422505
472,114,118,119,121,0.24152542372881355,0.25,0.2521186440677966,0.2563559322033898
473,114,118,119,122,0.24101479915433405,0.24947145877378435,0.25158562367864695,0.25792811839323465
474,114,118,119,123,0.24050632911392406,0.2489451476793249,0.2510548523206751,0.25949367088607594
475,114,119,119,123,0.24,0.2505263157894737,0.2505263157894737,0.25894736842105265
476,114,119,119,124,0.23949579831932774,0.25,0.25,0.2605042016806723
477,114,119,120,124,0.2389937106918239,0.24947589098532494,0.25157232704402516,0.259958071278826
478,114,119,120,125,0.2384937238493724,0.2489539748953975,0.2510460251046025,0.2615062761506276
479,115,119,120,125,0.24008350730688935,0.24843423799582465,0.25052192066805845,0.2609603340292276
480,116,119,120,125,0.24166666666666667,0.24791666666666667,0.25,0.2604166666666667
481,116,120,120,125,0.24116424116424118,0.2494802494802495,0.2494802494802495,0.2598752598752599
482,117,120,120,125,0.24273858921161826,0.24896265560165975,0.24896265560165975,0.25933609958506226
483,118,120,120,125,0.2443064182194617,0.2484472049689441,0.2484472049689441,0.2587991718426501
484,118,121,120,125,0.24380165289256198,0.25,0.24793388429752067,0.25826446280991733
485,118,122,120,125,0.24329896907216494,0.2515463917525773,0.24742268041237114,0.25773195876288657
486,118,122,121,125,0.24279835390946503,0.25102880658436216,0.24897119341563786,0.257201646090535
487,118,123,121,125,0.24229979466119098,0.25256673511293637,0.24845995893223818,0.25667351129363447
488,118,124,121,125,0.24180327868852458,0.2540983606557377,0.24795081967213115,0.25614754098360654
489,118,124,122,125,0.24130879345603273,0.25357873210633947,0.24948875255623723,0.2556237218813906
490,119,124,122,125,0.24285714285714285,0.2530612244897959,0.24897959183673468,0.25510204081632654
491,119,125,122,125,0.24236252545824846,0.2545824847250509,0.2484725050916497,0.2545824847250509
492,119,126,122,125,0.241869918699187,0.25609756097560976,0.24796747967479674,0.2540650406504065
493,119,126,122,126,0.2413793103448276,0.25557809330628806,0.24746450304259635,0.25557809330628806
494,119,126,122,127,0.2408906882591093,0.2550607287449393,0.24696356275303644,0.25708502024291496
495,119,127,122,127,0.2404040404040404,0.25656565656565655,0.24646464646464647,0.25656565656565655
496,119,127,122,128,0.2399193548387097,0.2560483870967742,0.24596774193548387,0.25806451612903225
497,119,127,122,129,0.23943661971830985,0.25553319919517103,0.2454728370221328,0.2595573440643863
498,119,128,122,129,0.2389558232931727,0.2570281124497992,0.24497991967871485,0.25903614457831325
499,120,128,122,129,0.24048096192384769,0.2565130260521042,0.24448897795591182,0.25851703406813625
500,121,128,122,129,0.242,0.256,0.244,0.258
501,121,128,123,129,0.24151696606786427,0.2554890219560878,0.24550898203592814,0.25748502994011974
502,121,128,124,129,0.2410358565737052,0.2549800796812749,0.24701195219123506,0.25697211155378485
503,122,128,124,129,0.24254473161033796,0.2544731610337972,0.24652087475149106,0.25646123260437376
504,122,128,124,130,0.24206349206349206,0.25396825396825395,0.24603174603174602,0.25793650793650796
505,122,128,124,131,0.24158415841584158,0.25346534653465347,0.24554455445544554,0.2594059405940594
506,122,129,124,131,0.24110671936758893,0.2549407114624506,0.2450592885375494,0.25889328063241107
507,123,129,124,131,0.24260355029585798,0.25443786982248523,0.2445759368836292,0.2583826429980276
508,123,130,124,131,0.2421259842519685,0.2559055118110236,0.2440944881889764,0.2578740157480315
509,123,131,124,131,0.24165029469548133,0.25736738703339884,0.24361493123772102,0.25736738703339884
510,123,132,124,131,0.2411764705882353,0.25882352941176473,0.24313725490196078,0.2568627450980392
511,123,132,124,132,0.24070450097847357,0.2583170254403131,0.24266144814090018,0.2583170254403131
512,123,132,125,132,0.240234375,0.2578125,0.244140625,0.2578125
513,124,132,125,132,0.24171539961013644,0.2573099415204678,0.24366471734892786,0.2573099415204678
514,124,132,125,133,0.24124513618677043,0.25680933852140075,0.24319066147859922,0.2587548638132296
515,124,132,126,133,0.2407766990291262,0.2563106796116505,0.2446601941747573,0.258252427184466
516,125,132,126,133,0.24224806201550386,0.2558139534883721,0.2441860465116279,0.25775193798449614
517,125,132,126,134,0.24177949709864605,0.2553191489361702,0.2437137330754352,0.25918762088974856
518,126,132,126,134,0.24324324324324326,0.2548262548262548,0.24324324324324326,0.25868725868725867
519,126,133,126,134,0.24277456647398843,0.25626204238921,0.24277456647398843,0.2581888246628131
520,127,133,126,134,0.24423076923076922,0.25576923076923075,0.2423076923076923,0.25769230769230766
521,127,134,126,134,0.2437619961612284,0.2571976967370441,0.2418426103646833,0.2571976967370441
522,127,134,126,135,0.24329501915708812,0.2567049808429119,0.2413793103448276,0.25862068965517243
523,127,134,126,136,0.24282982791587,0.25621414913957935,0.24091778202676864,0.26003824091778205
524,128,134,126,136,0.24427480916030533,0.25572519083969464,0.24045801526717558,0.2595419847328244
525,128,134,126,137,0.2438095238095238,0.25523809523809526,0.24,0.26095238095238094
526,128,135,126,137,0.24334600760456274,0.25665399239543724,0.23954372623574144,0.26045627376425856
527,129,135,126,137,0.24478178368121442,0.25616698292220114,0.23908918406072105,0.25996204933586337
528,129,135,126,138,0.24431818181818182,0.2556818181818182,0.23863636363636365,0.26136363636363635
529,129,135,127,138,0.2438563327032136,0.2551984877126654,0.24007561436672967,0.2608695652173913
530,129,136,127,138,0.24339622641509434,0.25660377358490566,0.23962264150943396,0.26037735849056604
531,130,136,127,138,0.2448210922787194,0.256120527306968,0.2391713747645951,0.2598870056497175
532,130,136,127,139,0.24436090225563908,0.2556390977443609,0.2387218045112782,0.26127819548872183
533,130,136,127,140,0.24390243902439024,0.2551594746716698,0.23827392120075047,0.2626641651031895
534,130,136,128,140,0.24344569288389514,0.2546816479400749,0.2397003745318352,0.26217228464419473
535,131,136,128,140,0.24485981308411214,0.2542056074766355,0.23925233644859814,0.2616822429906542
536,131,136,128,141,0.24440298507462688,0.2537313432835821,0.23880597014925373,0.2630597014925373
537,131,136,129,141,0.24394785847299813,0.2532588454376164,0.24022346368715083,0.26256983240223464
538,131,136,129,142,0.24349442379182157,0.2527881040892193,0.23977695167286245,0.26394052044609667
539,131,137,129,142,0.24304267161410018,0.2541743970315399,0.23933209647495363,0.2634508348794063
540,132,137,129,142,0.24444444444444444,0.2537037037037037,0.2388888888888889,0.26296296296296295
541,132,138,129,142,0.24399260628465805,0.25508317929759705,0.23844731977818853,0.26247689463955637
542,132,138,130,142,0.24354243542435425,0.25461254612546125,0.23985239852398524,0.26199261992619927
543,133,138,130,142,0.24493554327808473,0.2541436464088398,0.23941068139963168,0.26151012891344383
544,133,138,131,142,0.24448529411764705,0.2536764705882353,0.24080882352941177,0.2610294117647059
545,134,138,131,142,0.24587155963302754,0.25321100917431194,0.24036697247706423,0.26055045871559634
546,134,138,131,143,0.2454212454212454,0.25274725274725274,0.23992673992673993,0.2619047619047619
547,134,138,132,143,0.2449725776965265,0.2522851919561243,0.2413162705667276,0.26142595978062155
548,134,138,133,143,0.24452554744525548,0.2518248175182482,0.2427007299270073,0.26094890510948904
549,135,138,133,143,0.2459016393442623,0.25136612021857924,0.24225865209471767,0.2604735883424408
550,135,139,133,143,0.24545454545454545,0.25272727272727274,0.24181818181818182,0.26
551,135,139,133,144,0.24500907441016334,0.25226860254083483,0.2413793103448276,0.2613430127041742
552,136,139,133,144,0.2463768115942029,0.25181159420289856,0.24094202898550723,0.2608695652173913
553,136,139,133,145,0.24593128390596744,0.2513562386980108,0.24050632911392406,0.26220614828209765
554,136,140,133,145,0.24548736462093862,0.2527075812274368,0.24007220216606498,0.26173285198555957
555,136,140,134,145,0.24504504504504504,0.25225225225225223,0.24144144144144145,0.26126126126126126
556,137,140,134,145,0.24640287769784172,0.2517985611510791,0.24100719424460432,0.2607913669064748
557,137,140,135,145,0.2459605026929982,0.2513464991023339,0.24236983842010773,0.26032315978456017
558,137,140,135,146,0.24551971326164876,0.25089605734767023,0.24193548387096775,0.2616487455197133
559,138,140,135,146,0.24686940966010734,0.2504472271914132,0.24150268336314848,0.26118067978533094
560,139,140,135,146,0.24821428571428572,0.25,0.24107142857142858,0.26071428571428573
561,139,141,135,146,0.24777183600713013,0.25133689839572193,0.24064171122994651,0.26024955436720143
562,140,141,135,146,0.2491103202846975,0.2508896797153025,0.2402135231316726,0.2597864768683274
563,141,141,135,146,0.25044404973357015,0.25044404973357015,0.23978685612788633,0.25932504440497334
564,141,142,135,146,0.25,0.25177304964539005,0.2393617021276596,0.25886524822695034
565,141,142,136,146,0.24955752212389382,0.2513274336283186,0.2407079646017699,0.2584070796460177
566,141,142,137,146,0.24911660777385158,0.2508833922261484,0.2420494699646643,0.2579505300353357
567,141,143,137,146,0.24867724867724866,0.25220458553791886,0.24162257495590828,0.25749559082892415
568,141,144,137,146,0.2482394366197183,0.2535211267605634,0.24119718309859156,0.25704225352112675
569,141,144,137,147,0.2478031634446397,0.2530755711775044,0.24077328646748683,0.2583479789103691
570,141,144,138,147,0.24736842105263157,0.25263157894736843,0.24210526315789474,0.2578947368421053
571,142,144,138,147,0.2486865148861646,0.2521891418563923,0.24168126094570927,0.2574430823117338
572,142,144,138,148,0.24825174825174826,0.2517482517482518,0.24125874125874125,0.25874125874125875
573,142,144,138,149,0.24781849912739964,0.2513089005235602,0.24083769633507854,0.2600349040139616
574,142,144,139,149,0.24738675958188153,0.2508710801393728,0.2421602787456446,0.259581881533101
575,142,145,139,149,0.24695652173913044,0.25217391304347825,0.2417391304347826,0.2591304347826087
576,142,146,139,149,0.2465277777777778,0.2534722222222222,0.24131944444444445,0.2586805555555556
577,143,146,139,149,0.24783362218370883,0.2530329289428076,0.24090121317157712,0.2582322357019064
578,143,146,140,149,0.24740484429065743,0.25259515570934254,0.2422145328719723,0.2577854671280277
579,143,146,141,149,0.2469775474956822,0.25215889464594127,0.24352331606217617,0.25734024179620035
580,143,146,141,150,0.24655172413793103,0.2517241379310345,0.24310344827586206,0.25862068965517243
581,143,146,141,151,0.24612736660929432,0.2512908777969019,0.24268502581755594,0.25989672977624784
582,143,147,141,151,0.24570446735395188,0.25257731958762886,0.2422680412371134,0.25945017182130586
583,143,148,141,151,0.24528301886792453,0.2538593481989708,0.241852487135506,0.25900514579759865
584,143,149,141,151,0.24486301369863014,0.2551369863013699,0.24143835616438356,0.2585616438356164
585,144,149,141,151,0.24615384615384617,0.2547008547008547,0.24102564102564103,0.25811965811965815
586,144,150,141,151,0.24573378839590443,0.25597269624573377,0.24061433447098976,0.257679180887372
587,144,150,141,152,0.2453151618398637,0.2555366269165247,0.2402044293015332,0.25894378194207834
588,144,150,142,152,0.24489795918367346,0.25510204081632654,0.24149659863945577,0.2585034013605442
589,144,151,142,152,0.24448217317487267,0.2563667232597623,0.24108658743633277,0.25806451612903225
590,145,151,142,152,0.2457627118644068,0.2559322033898305,0.24067796610169492,0.2576271186440678
591,146,151,142,152,0.2470389170896785,0.25549915397631134,0.24027072758037224,0.2571912013536379
592,146,151,143,152,0.24662162162162163,0.25506756756756754,0.24155405405405406,0.25675675675675674
593,146,151,144,152,0.24620573355817876,0.25463743676222594,0.24283305227655985,0.2563237774030354
594,146,152,144,152,0.24579124579124578,0.2558922558922559,0.24242424242424243,0.2558922558922559
595,146,153,144,152,0.2453781512605042,0.2571428571428571,0.24201680672268908,0.25546218487394956
596,147,153,144,152,0.24664429530201343,0.25671140939597314,0.24161073825503357,0.2550335570469799
597,147,153,145,152,0.24623115577889448,0.2562814070351759,0.24288107202680068,0.254606365159129
598,148,153,145,152,0.24749163879598662,0.25585284280936454,0.24247491638795987,0.25418060200668896
599,148,154,145,152,0.24707846410684475,0.2570951585976628,0.24207011686143573,0.25375626043405675
600,148,155,145,152,0.24666666666666667,0.25833333333333336,0.24166666666666667,0.25333333333333335
601,148,155,145,153,0.24625623960066556,0.2579034941763727,0.24126455906821964,0.2545757071547421
602,148,155,145,154,0.24584717607973422,0.2574750830564784,0.24086378737541528,0.2558139534883721
603,148,156,145,154,0.24543946932006633,0.25870646766169153,0.24046434494195687,0.25538971807628524
604,148,157,145,154,0.24503311258278146,0.2599337748344371,0.24006622516556292,0.25496688741721857
605,148,158,145,154,0.24462809917355371,0.2611570247933884,0.2396694214876033,0.2545454545454545
606,148,158,146,154,0.24422442244224424,0.2607260726072607,0.24092409240924093,0.25412541254125415
607,148,159,146,154,0.24382207578253706,0.26194398682042835,0.24052718286655683,0.25370675453047775
608,148,159,146,155,0.24342105263157895,0.26151315789473684,0.24013157894736842,0.25493421052631576
609,149,159,146,155,0.24466338259441708,0.26108374384236455,0.23973727422003285,0.2545155993431856
610,149,159,146,156,0.2442622950819672,0.260655737704918,0.23934426229508196,0.25573770491803277
611,149,160,146,156,0.24386252045826515,0.2618657937806874,0.23895253682487724,0.2553191489361702
612,149,161,146,156,0.2434640522875817,0.2630718954248366,0.238562091503268,0.2549019607843137
613,150,161,146,156,0.24469820554649266,0.2626427406199021,0.23817292006525284,0.2544861337683524
614,150,161,146,157,0.24429967426710097,0.26221498371335505,0.23778501628664495,0.255700325732899
615,151,161,146,157,0.24552845528455283,0.26178861788617885,0.23739837398373984,0.2552845528455285
616,151,161,146,158,0.24512987012987014,0.26136363636363635,0.237012987012987,0.2564935064935065
617,152,161,146,158,0.24635332252836303,0.26094003241491087,0.2366288492706645,0.2560777957860616
618,152,161,146,159,0.2459546925566343,0.2605177993527508,0.23624595469255663,0.25728155339805825
619,153,161,146,159,0.24717285945072698,0.26009693053311794,0.2358642972536349,0.2568659127625202
620,153,162,146,159,0.2467741935483871,0.26129032258064516,0.23548387096774193,0.2564516129032258
621,154,162,146,159,0.24798711755233493,0.2608695652173913,0.23510466988727857,0.2560386473429952
622,155,162,146,159,0.2491961414790997,0.2604501607717042,0.2347266881028939,0.25562700964630225
623,155,162,147,159,0.24879614767255218,0.26003210272873195,0.23595505617977527,0.2552166934189406
624,155,162,147,160,0.2483974358974359,0.25961538461538464,0.23557692307692307,0.2564102564102564
625,155,162,147,161,0.248,0.2592,0.2352,0.2576
626,156,162,147,161,0.24920127795527156,0.25878594249201275,0.23482428115015974,0.2571884984025559
627,157,162,147,161,0.2503987240829346,0.2583732057416268,0.23444976076555024,0.2567783094098884
628,157,162,147,162,0.25,0.25796178343949044,0.2340764331210191,0.25796178343949044
629,157,163,147,162,0.24960254372019078,0.2591414944356121,0.23370429252782193,0.2575516693163752
630,157,164,147,162,0.2492063492063492,0.26031746031746034,0.23333333333333334,0.2571428571428571
631,158,164,147,162,0.25039619651347067,0.25990491283676703,0.2329635499207607,0.25673534072900156
632,159,164,147,162,0.25158227848101267,0.25949367088607594,0.23259493670886075,0.2563291139240506
633,159,165,147,162,0.25118483412322273,0.26066350710900477,0.23222748815165878,0.2559241706161137
634,159,166,147,162,0.250788643533123,0.2618296529968454,0.23186119873817035,0.2555205047318612
635,159,166,148,162,0.2503937007874016,0.2614173228346457,0.23307086614173228,0.2551181102362205
636,160,166,148,162,0.25157232704402516,0.2610062893081761,0.23270440251572327,0.25471698113207547
637,160,166,148,163,0.25117739403453687,0.260596546310832,0.23233908948194662,0.25588697017268447
638,160,167,148,163,0.2507836990595611,0.2617554858934169,0.23197492163009403,0.2554858934169279
639,160,167,149,163,0.25039123630672927,0.26134585289514867,0.23317683881064163,0.25508607198748046
640,161,167,149,163,0.2515625,0.2609375,0.2328125,0.2546875
641,161,167,149,164,0.25117004680187205,0.26053042121684866,0.23244929797191888,0.25585023400936036
642,161,167,150,164,0.2507788161993769,0.2601246105919003,0.2336448598130841,0.2554517133956386
643,161,167,151,164,0.25038880248833595,0.25972006220839816,0.23483670295489892,0.25505443234836706
644,161,167,152,164,0.25,0.2593167701863354,0.2360248447204969,0.2546583850931677
645,161,167,153,164,0.2496124031007752,0.2589147286821705,0.2372093023255814,0.25426356589147286
646,162,167,153,164,0.25077399380804954,0.2585139318885449,0.23684210526315788,0.25386996904024767
647,163,167,153,164,0.25193199381761977,0.2581143740340031,0.23647604327666152,0.2534775888717156
648,163,167,154,164,0.2515432098765432,0.25771604938271603,0.23765432098765432,0.25308641975308643
649,164,167,154,164,0.2526964560862866,0.2573189522342065,0.23728813559322035,0.2526964560862866
650,164,168,154,164,0.2523076923076923,0.25846153846153846,0.23692307692307693,0.2523076923076923
651,164,168,155,164,0.2519201228878648,0.25806451612903225,0.23809523809523808,0.2519201228878648
652,165,168,155,164,0.25306748466257667,0.25766871165644173,0.23773006134969324,0.25153374233128833
653,166,168,155,164,0.2542113323124043,0.2572741194486983,0.23736600306278713,0.25114854517611024
654,167,168,155,164,0.25535168195718655,0.25688073394495414,0.23700305810397554,0.25076452599388377
655,167,168,156,164,0.2549618320610687,0.2564885496183206,0.2381679389312977,0.250381679389313
656,168,168,156,164,0.25609756097560976,0.25609756097560976,0.23780487804878048,0.25
657,169,168,156,164,0.2572298325722983,0.2557077625570776,0.2374429223744292,0.2496194824961948
658,169,168,156,165,0.256838905775076,0.2553191489361702,0.23708206686930092,0.2507598784194529
659,169,168,156,166,0.2564491654021244,0.2549317147192716,0.23672230652503792,0.251896813353566
660,169,169,156,166,0.25606060606060604,0.25606060606060604,0.23636363636363636,0.2515151515151515
661,169,170,156,166,0.2556732223903177,0.25718608169440244,0.23600605143721634,0.25113464447806355
662,169,170,157,166,0.2552870090634441,0.256797583081571,0.23716012084592145,0.25075528700906347
663,169,170,157,167,0.2549019607843137,0.2564102564102564,0.2368024132730015,0.25188536953242835
664,169,171,157,167,0.2545180722891566,0.2575301204819277,0.23644578313253012,0.25150602409638556
665,169,171,157,168,0.25413533834586466,0.2571428571428571,0.23609022556390977,0.25263157894736843
666,169,171,158,168,0.25375375375375375,0.25675675675675674,0.23723723723723725,0.25225225225225223
667,169,171,158,169,0.25337331334332835,0.2563718140929535,0.2368815592203898,0.25337331334332835
668,170,171,158,169,0.25449101796407186,0.2559880239520958,0.23652694610778444,0.25299401197604793
669,171,171,158,169,0.2556053811659193,0.2556053811659193,0.23617339312406577,0.2526158445440957
670,171,172,158,169,0.25522388059701495,0.25671641791044775,0.23582089552238805,0.25223880597014925
671,172,172,158,169,0.2563338301043219,0.2563338301043219,0.23546944858420268,0.2518628912071535
672,172,172,159,169,0.25595238095238093,0.25595238095238093,0.23660714285714285,0.25148809523809523
673,173,172,159,169,0.25705794947994054,0.2555720653789004,0.2362555720653789,0.2511144130757801
674,173,172,160,169,0.25667655786350146,0.2551928783382789,0.23738872403560832,0.2507418397626113
675,173,172,160,170,0.2562962962962963,0.2548148148148148,0.23703703703703705,0.2518518518518518
676,173,173,160,170,0.2559171597633136,0.2559171597633136,0.23668639053254437,0.2514792899408284
677,173,173,160,171,0.2555391432791728,0.2555391432791728,0.2363367799113737,0.25258493353028066
678,174,173,160,171,0.25663716814159293,0.2551622418879056,0.2359882005899705,0.252212389380531
679,174,173,161,171,0.25625920471281294,0.2547864506627393,0.23711340206185566,0.25184094256259204
680,174,174,161,171,0.25588235294117645,0.25588235294117645,0.23676470588235293,0.2514705882352941
681,174,174,161,172,0.2555066079295154,0.2555066079295154,0.23641703377386197,0.2525697503671072
682,174,174,162,172,0.25513196480938416,0.25513196480938416,0.2375366568914956,0.25219941348973607
683,175,174,162,172,0.2562225475841874,0.2547584187408492,0.23718887262079064,0.2518301610541728
684,175,174,162,173,0.25584795321637427,0.2543859649122807,0.23684210526315788,0.25292397660818716
685,175,175,162,173,0.25547445255474455,0.25547445255474455,0.2364963503649635,0.25255474452554744
686,175,175,163,173,0.25510204081632654,0.25510204081632654,0.23760932944606414,0.2521865889212828
687,175,175,164,173,0.2547307132459971,0.2547307132459971,0.23871906841339155,0.25181950509461426
688,175,175,164,174,0.2543604651162791,0.2543604651162791,0.23837209302325582,0.25290697674418605
689,176,175,164,174,0.25544267053701014,0.2539912917271408,0.23802612481857766,0.2525399129172714
690,176,175,164,175,0.25507246376811593,0.2536231884057971,0.23768115942028986,0.2536231884057971
691,176,175,164,176,0.25470332850940663,0.2532561505065123,0.23733719247467439,0.25470332850940663
692,176,175,165,176,0.2543352601156069,0.25289017341040465,0.2384393063583815,0.2543352601156069
693,176,175,165,177,0.25396825396825395,0.25252525252525254,0.23809523809523808,0.2554112554112554
694,176,175,165,178,0.25360230547550433,0.2521613832853026,0.2377521613832853,0.2564841498559078
695,176,176,165,178,0.25323741007194245,0.25323741007194245,0.23741007194244604,0.25611510791366904
696,176,176,166,178,0.25287356321839083,0.25287356321839083,0.23850574712643677,0.2557471264367816
697,176,177,166,178,0.25251076040172166,0.2539454806312769,0.2381635581061693,0.25538020086083213
698,176,177,167,178,0.2521489971346705,0.25358166189111747,0.23925501432664756,0.25501432664756446
699,176,177,167,179,0.25178826895565093,0.2532188841201717,0.23891273247496422,0.25608011444921314
700,176,178,167,179,0.25142857142857145,0.2542857142857143,0.23857142857142857,0.2557142857142857
701,176,178,167,180,0.25106990014265335,0.25392296718972895,0.23823109843081314,0.25677603423680456
702,176,178,168,180,0.25071225071225073,0.2535612535612536,0.23931623931623933,0.2564102564102564
703,177,178,168,180,0.25177809388335703,0.2532005689900427,0.23897581792318634,0.25604551920341395
704,177,179,168,180,0.25142045454545453,0.25426136363636365,0.23863636363636365,0.2556818181818182
705,177,180,168,180,0.251063829787234,0.2553191489361702,0.23829787234042554,0.2553191489361702
706,177,181,168,180,0.2507082152974504,0.2563739376770538,0.23796033994334279,0.254957507082153
707,177,181,169,180,0.25035360678925034,0.256011315417256,0.23903818953323905,0.2545968882602546
708,178,181,169,180,0.2514124293785311,0.2556497175141243,0.2387005649717514,0.2542372881355932
709,178,182,169,180,0.25105782792665726,0.2566995768688293,0.2383638928067701,0.2538787023977433
710,178,183,169,180,0.2507042253521127,0.2577464788732394,0.2380281690140845,0.2535211267605634
711,178,183,170,180,0.25035161744022505,0.25738396624472576,0.2390998593530239,0.25316455696202533
712,178,183,170,181,0.25,0.25702247191011235,0.23876404494382023,0.2542134831460674
713,179,183,170,181,0.25105189340813466,0.25666199158485276,0.23842917251051893,0.2538569424964937
714,179,183,170,182,0.2507002801120448,0.25630252100840334,0.23809523809523808,0.2549019607843137
715,180,183,170,182,0.2517482517482518,0.25594405594405595,0.23776223776223776,0.2545454545454545
716,181,183,170,182,0.2527932960893855,0.25558659217877094,0.23743016759776536,0.2541899441340782
717,181,184,170,182,0.2524407252440725,0.25662482566248257,0.23709902370990238,0.25383542538354253
718,181,185,170,182,0.2520891364902507,0.2576601671309192,0.23676880222841226,0.25348189415041783
719,182,185,170,182,0.25312934631432543,0.2573018080667594,0.2364394993045897,0.25312934631432543
720,182,186,170,182,0.25277777777777777,0.25833333333333336,0.2361111111111111,0.25277777777777777
721,182,186,171,182,0.2524271844660194,0.2579750346740638,0.23717059639389737,0.2524271844660194
722,182,187,171,182,0.2520775623268698,0.2590027700831025,0.23684210526315788,0.2520775623268698
723,183,187,171,182,0.25311203319502074,0.25864453665283543,0.23651452282157676,0.2517289073305671
724,183,187,172,182,0.2527624309392265,0.25828729281767954,0.23756906077348067,0.2513812154696133
725,184,187,172,182,0.2537931034482759,0.2579310344827586,0.23724137931034484,0.25103448275862067
726,185,187,172,182,0.2548209366391185,0.25757575757575757,0.2369146005509642,0.25068870523415976
727,185,187,172,183,0.2544704264099037,0.25722145804676755,0.23658872077028886,0.2517193947730399
728,185,188,172,183,0.2541208791208791,0.25824175824175827,0.23626373626373626,0.25137362637362637
729,185,189,172,183,0.25377229080932784,0.25925925925925924,0.23593964334705075,0.25102880658436216
730,185,190,172,183,0.2534246575342466,0.2602739726027397,0.2356164383561644,0.25068493150684934
731,185,191,172,183,0.253077975376197,0.2612859097127223,0.23529411764705882,0.2503419972640219
732,185,192,172,183,0.2527322404371585,0.26229508196721313,0.23497267759562843,0.25
733,185,192,173,183,0.252387448840382,0.26193724420190995,0.23601637107776263,0.24965893587994542
734,185,192,173,184,0.25204359673024523,0.2615803814713896,0.2356948228882834,0.2506811989100817
735,185,193,173,184,0.25170068027210885,0.26258503401360545,0.23537414965986395,0.2503401360544218
736,185,194,173,184,0.2513586956521739,0.26358695652173914,0.23505434782608695,0.25
737,185,194,174,184,0.2510176390773406,0.26322930800542743,0.23609226594301222,0.2496607869742198
738,186,194,174,184,0.25203252032520324,0.26287262872628725,0.23577235772357724,0.24932249322493225
739,186,194,174,185,0.2516914749661705,0.2625169147496617,0.2354533152909337,0.2503382949932341
740,186,194,174,186,0.25135135135135134,0.26216216216216215,0.23513513513513515,0.25135135135135134
741,186,194,174,187,0.25101214574898784,0.26180836707152494,0.23481781376518218,0.252361673414305
742,187,194,174,187,0.25202156334231807,0.261455525606469,0.23450134770889489,0.25202156334231807
743,187,195,174,187,0.25168236877523553,0.26244952893674295,0.23418573351278602,0.25168236877523553
744,187,196,174,187,0.2513440860215054,0.26344086021505375,0.23387096774193547,0.2513440860215054
745,187,197,174,187,0.25100671140939596,0.2644295302013423,0.23355704697986576,0.25100671140939596
746,187,197,174,188,0.25067024128686327,0.2640750670241287,0.23324396782841822,0.2520107238605898
747,188,197,174,188,0.25167336010709507,0.2637215528781794,0.23293172690763053,0.25167336010709507
748,188,197,175,188,0.25133689839572193,0.26336898395721925,0.2339572192513369,0.25133689839572193
749,188,197,175,189,0.25100133511348466,0.2630173564753004,0.2336448598130841,0.2523364485981308
750,189,197,175,189,0.252,0.26266666666666666,0.23333333333333334,0.252
751,189,197,176,189,0.25166444740346205,0.2623169107856192,0.23435419440745672,0.25166444740346205
752,189,197,176,190,0.25132978723404253,0.261968085106383,0.23404255319148937,0.2526595744680851
753,189,198,176,190,0.250996015936255,0.26294820717131473,0.2337317397078353,0.25232403718459495
754,189,198,177,190,0.2506631299734748,0.2625994694960212,0.23474801061007958,0.2519893899204244
755,189,198,178,190,0.2503311258278146,0.26225165562913905,0.23576158940397351,0.25165562913907286
756,189,198,179,190,0.25,0.2619047619047619,0.23677248677248677,0.25132275132275134
757,189,198,180,190,0.24966974900924702,0.261558784676354,0.23778071334214002,0.2509907529722589
758,189,198,180,191,0.24934036939313983,0.2612137203166227,0.23746701846965698,0.2519788918205805
759,190,198,180,191,0.2503293807641634,0.2608695652173913,0.23715415019762845,0.2516469038208169
760,191,198,180,191,0.2513157894736842,0.26052631578947366,0.23684210526315788,0.2513157894736842
761,191,198,181,191,0.25098554533508544,0.26018396846254926,0.2378449408672799,0.25098554533508544
762,191,198,182,191,0.25065616797900264,0.25984251968503935,0.2388451443569554,0.25065616797900264
763,191,198,183,191,0.2503276539973788,0.2595019659239843,0.2398427260812582,0.2503276539973788
764,192,198,183,191,0.2513089005235602,0.2591623036649215,0.2395287958115183,0.25
765,192,199,183,191,0.25098039215686274,0.2601307189542484,0.23921568627450981,0.2496732026143791
766,192,200,183,191,0.2506527415143603,0.26109660574412535,0.23890339425587467,0.24934725848563968
767,192,200,183,192,0.2503259452411995,0.2607561929595828,0.23859191655801826,0.2503259452411995
768,192,200,183,193,0.25,0.2604166666666667,0.23828125,0.2513020833333333
769,192,200,184,193,0.24967490247074123,0.26007802340702213,0.23927178153446033,0.25097529258777634
770,193,200,184,193,0.2506493506493506,0.2597402597402597,0.23896103896103896,0.2506493506493506
771,193,200,184,194,0.2503242542153048,0.2594033722438392,0.23865110246433205,0.251621271076524
772,193,201,184,194,0.25,0.2603626943005181,0.23834196891191708,0.25129533678756477
773,193,201,185,194,0.24967658473479948,0.26002587322121606,0.23932729624838292,0.25097024579560157
774,193,201,186,194,0.24935400516795866,0.2596899224806202,0.24031007751937986,0.25064599483204136
775,193,202,186,194,0.24903225806451612,0.26064516129032256,0.24,0.2503225806451613
776,193,203,186,194,0.24871134020618557,0.2615979381443299,0.23969072164948454,0.25
777,194,203,186,194,0.24967824967824967,0.26126126126126126,0.23938223938223938,0.24967824967824967
778,194,203,186,195,0.2493573264781491,0.2609254498714653,0.2390745501285347,0.2506426735218509
779,194,203,186,196,0.2490372272143774,0.2605905006418485,0.23876765083440307,0.251604621309371
780,195,203,186,196,0.25,0.2602564102564103,0.23846153846153847,0.2512820512820513
781,195,203,187,196,0.2496798975672215,0.2599231754161332,0.23943661971830985,0.25096030729833546
782,195,203,188,196,0.24936061381074168,0.2595907928388747,0.24040920716112532,0.2506393861892583
783,195,204,188,196,0.24904214559386972,0.26053639846743293,0.24010217113665389,0.2503192848020434
784,195,204,189,196,0.24872448979591838,0.2602040816326531,0.24107142857142858,0.25
785,195,204,189,197,0.2484076433121019,0.25987261146496815,0.24076433121019108,0.25095541401273885
786,195,204,190,197,0.2480916030534351,0.2595419847328244,0.24173027989821882,0.2506361323155216
787,196,204,190,197,0.24904701397712833,0.25921219822109276,0.241423125794155,0.2503176620076239
788,196,204,190,198,0.24873096446700507,0.25888324873096447,0.24111675126903553,0.2512690355329949
789,196,205,190,198,0.24841571609632446,0.2598225602027883,0.24081115335868186,0.2509505703422053
790,196,205,191,198,0.2481012658227848,0.25949367088607594,0.2417721518987342,0.25063291139240507
791,196,206,191,198,0.24778761061946902,0.2604298356510746,0.24146649810366624,0.2503160556257901
792,196,207,191,198,0.2474747474747475,0.26136363636363635,0.24116161616161616,0.25
793,197,207,191,198,0.2484237074401009,0.2610340479192938,0.2408575031525851,0.24968474148802017
794,197,208,191,198,0.24811083123425692,0.2619647355163728,0.24055415617128464,0.24937027707808565
795,197,208,192,198,0.24779874213836478,0.26163522012578616,0.24150943396226415,0.2490566037735849
796,197,208,193,198,0.24748743718592964,0.2613065326633166,0.24246231155778894,0.24874371859296482
797,198,208,193,198,0.24843161856963614,0.26097867001254704,0.24215809284818068,0.24843161856963614
798,199,208,193,198,0.24937343358395989,0.2606516290726817,0.24185463659147868,0.24812030075187969
799,199,209,193,198,0.2490613266583229,0.2615769712140175,0.24155193992490614,0.24780976220275344
800,200,209,193,198,0.25,0.26125,0.24125,0.2475
801,201,209,193,198,0.250936329588015,0.26092384519350814,0.24094881398252185,0.24719101123595505
802,202,209,193,198,0.2518703241895262,0.26059850374064836,0.24064837905236908,0.24688279301745636
803,202,210,193,198,0.25155666251556663,0.261519302615193,0.2403486924034869,0.2465753424657534
804,202,210,193,199,0.2512437810945274,0.26119402985074625,0.24004975124378108,0.24751243781094528
805,202,211,193,199,0.25093167701863356,0.26211180124223604,0.23975155279503105,0.24720496894409938
806,203,211,193,199,0.2518610421836228,0.2617866004962779,0.23945409429280398,0.24689826302729528
807,203,211,193,200,0.25154894671623296,0.2614622057001239,0.23915737298636927,0.24783147459727387
808,204,211,193,200,0.2524752475247525,0.26113861386138615,0.23886138613861385,0.24752475247524752
809,204,211,194,200,0.2521631644004944,0.26081582200247216,0.23980222496909764,0.24721878862793573
810,205,211,194,200,0.25308641975308643,0.26049382716049385,0.23950617283950618,0.24691358024691357
811,205,211,195,200,0.2527743526510481,0.2601726263871763,0.2404438964241677,0.2466091245376079
812,205,211,196,200,0.2524630541871921,0.25985221674876846,0.2413793103448276,0.24630541871921183
813,205,211,196,201,0.2521525215252153,0.25953259532595324,0.24108241082410825,0.24723247232472326
814,206,211,196,201,0.25307125307125306,0.2592137592137592,0.24078624078624078,0.24692874692874692
815,206,211,196,202,0.252760736196319,0.2588957055214724,0.24049079754601227,0.24785276073619633
816,206,211,197,202,0.25245098039215685,0.25857843137254904,0.24142156862745098,0.24754901960784315
817,206,212,197,202,0.2521419828641371,0.2594859241126071,0.24112607099143207,0.24724602203182375
818,207,212,197,202,0.2530562347188264,0.2591687041564792,0.24083129584352078,0.2469437652811736
819,207,213,197,202,0.25274725274725274,0.2600732600732601,0.24053724053724054,0.24664224664224665
820,207,214,197,202,0.2524390243902439,0.26097560975609757,0.24024390243902438,0.24634146341463414
821,208,214,197,202,0.25334957369062117,0.26065773447015833,0.23995127892813642,0.24604141291108406
822,208,214,197,203,0.25304136253041365,0.26034063260340634,0.2396593673965937,0.24695863746958638
823,208,214,198,203,0.25273390036452004,0.2600243013365735,0.24058323207776428,0.24665856622114216
824,208,214,198,204,0.2524271844660194,0.25970873786407767,0.24029126213592233,0.24757281553398058
825,209,214,198,204,0.25333333333333335,0.2593939393939394,0.24,0.24727272727272728
826,210,214,198,204,0.2542372881355932,0.25907990314769974,0.2397094430992736,0.2469733656174334
827,210,215,198,204,0.2539298669891173,0.2599758162031439,0.23941958887545345,0.24667472793228537
828,210,215,199,204,0.2536231884057971,0.25966183574879226,0.24033816425120774,0.2463768115942029
829,210,215,200,204,0.25331724969843183,0.25934861278648974,0.24125452352231605,0.24607961399276237
830,210,215,200,205,0.25301204819277107,0.25903614457831325,0.24096385542168675,0.2469879518072289
831,210,216,200,205,0.2527075812274368,0.259927797833935,0.24067388688327315,0.246690734055355
832,210,216,201,205,0.25240384615384615,0.25961538461538464,0.24158653846153846,0.24639423076923078
833,210,216,202,205,0.25210084033613445,0.25930372148859543,0.2424969987995198,0.2460984393757503
834,210,217,202,205,0.2517985611510791,0.26019184652278177,0.2422062350119904,0.24580335731414868
835,210,217,202,206,0.25149700598802394,0.25988023952095807,0.24191616766467067,0.2467065868263473
836,210,217,202,207,0.2511961722488038,0.2595693779904306,0.24162679425837322,0.24760765550239233
837,210,218,202,207,0.25089605734767023,0.26045400238948624,0.24133811230585425,0.24731182795698925
838,210,219,202,207,0.25059665871121717,0.2613365155131265,0.24105011933174225,0.24701670644391407
839,210,219,202,208,0.25029797377830754,0.26102502979737785,0.24076281287246723,0.24791418355184744
840,210,219,203,208,0.25,0.26071428571428573,0.24166666666666667,0.24761904761904763
841,211,219,203,208,0.25089179548156954,0.26040428061831156,0.2413793103448276,0.2473246135552913
842,211,220,203,208,0.2505938242280285,0.26128266033254155,0.24109263657957244,0.24703087885985747
843,211,220,204,208,0.25029655990510086,0.2609727164887307,0.24199288256227758,0.24673784104389088
844,211,220,205,208,0.25,0.26066350710900477,0.24289099526066352,0.24644549763033174
845,211,221,205,208,0.24970414201183433,0.26153846153846155,0.24260355029585798,0.24615384615384617
846,212,221,205,208,0.25059101654846333,0.26122931442080377,0.24231678486997635,0.2458628841607565
847,212,221,205,209,0.2502951593860685,0.26092089728453366,0.24203069657615112,0.24675324675324675
848,213,221,205,209,0.2511792452830189,0.2606132075471698,0.2417452830188679,0.24646226415094338
849,213,222,205,209,0.2508833922261484,0.26148409893992935,0.2414605418138987,0.24617196702002356
850,213,223,205,209,0.25058823529411767,0.26235294117647057,0.2411764705882353,0.24588235294117647
851,213,223,206,209,0.2502937720329025,0.2620446533490012,0.24206815511163338,0.245593419506463
852,213,224,206,209,0.25,0.26291079812206575,0.24178403755868544,0.24530516431924881
853,213,224,207,209,0.24970691676436108,0.26260257913247365,0.24267291910902697,0.24501758499413834
854,213,225,207,209,0.24941451990632318,0.26346604215456676,0.2423887587822014,0.24473067915690866
855,213,226,207,209,0.24912280701754386,0.26432748538011697,0.24210526315789474,0.24444444444444444
856,214,226,207,209,0.25,0.26401869158878505,0.24182242990654207,0.2441588785046729
857,215,226,207,209,0.2508751458576429,0.2637106184364061,0.24154025670945156,0.24387397899649943
858,215,227,207,209,0.2505827505827506,0.26456876456876455,0.24125874125874125,0.24358974358974358
859,216,227,207,209,0.25145518044237486,0.26426076833527357,0.2409778812572759,0.24330616996507567
860,216,228,207,209,0.25116279069767444,0.2651162790697674,0.24069767441860465,0.24302325581395348
861,217,228,207,209,0.25203252032520324,0.26480836236933797,0.24041811846689895,0.24274099883855982
862,217,229,207,209,0.2517401392111369,0.265661252900232,0.24013921113689096,0.24245939675174014
863,218,229,207,209,0.2526071842410197,0.2653534183082271,0.2398609501738123,0.2421784472769409
864,218,230,207,209,0.2523148148148148,0.2662037037037037,0.23958333333333334,0.24189814814814814
865,218,230,208,209,0.2520231213872832,0.2658959537572254,0.24046242774566473,0.24161849710982658
866,218,230,209,209,0.2517321016166282,0.26558891454965355,0.24133949191685913,0.24133949191685913
867,218,231,209,209,0.25144175317185696,0.2664359861591695,0.24106113033448673,0.24106113033448673
868,219,231,209,209,0.2523041474654378,0.2661290322580645,0.24078341013824886,0.24078341013824886
869,219,232,209,209,0.2520138089758343,0.2669735327963176,0.24050632911392406,0.24050632911392406
870,219,233,209,209,0.2517241379310345,0.267816091954023,0.24022988505747125,0.24022988505747125
871,220,233,209,209,0.2525832376578645,0.2675086107921929,0.2399540757749713,0.2399540757749713
872,220,234,209,209,0.25229357798165136,0.268348623853211,0.2396788990825688,0.2396788990825688
873,220,235,209,209,0.2520045819014891,0.26918671248568155,0.23940435280641467,0.23940435280641467
874,221,235,209,209,0.2528604118993135,0.26887871853546913,0.2391304347826087,0.2391304347826087
875,221,235,210,209,0.25257142857142856,0.26857142857142857,0.24,0.23885714285714285
876,222,235,210,209,0.2534246575342466,0.2682648401826484,0.23972602739726026,0.23858447488584475
877,222,236,210,209,0.2531356898517674,0.2690992018244014,0.2394526795895097,0.23831242873432154
878,223,236,210,209,0.2539863325740319,0.26879271070615035,0.23917995444191345,0.23804100227790434
879,224,236,210,209,0.25483503981797495,0.2684869169510808,0.23890784982935154,0.23777019340159272
880,224,236,210,210,0.2545454545454545,0.2681818181818182,0.23863636363636365,0.23863636363636365
881,224,236,210,211,0.2542565266742338,0.26787741203178206,0.2383654937570942,0.2395005675368899
882,224,237,210,211,0.25396825396825395,0.2687074829931973,0.23809523809523808,0.23922902494331066
883,224,237,210,212,0.2536806342015855,0.26840317100792754,0.23782559456398641,0.24009060022650056
884,225,237,210,212,0.25452488687782804,0.2680995475113122,0.23755656108597284,0.2398190045248869
885,225,238,210,212,0.2542372881355932,0.2689265536723164,0.23728813559322035,0.23954802259887006
886,225,239,210,212,0.25395033860045146,0.2697516930022573,0.23702031602708803,0.23927765237020315
887,225,239,211,212,0.25366403607666294,0.26944757609921083,0.237880496054115,0.23900789177001128
888,226,239,211,212,0.2545045045045045,0.26914414414414417,0.2376126126126126,0.23873873873873874
889,226,240,211,212,0.2542182227221597,0.26996625421822273,0.2373453318335208,0.23847019122609675
890,226,241,211,212,0.2539325842696629,0.27078651685393257,0.23707865168539327,0.23820224719101124
891,226,242,211,212,0.2536475869809203,0.2716049382716049,0.23681257014590348,0.23793490460157127
892,227,242,211,212,0.25448430493273544,0.2713004484304933,0.2365470852017937,0.23766816143497757
893,228,242,211,212,0.2553191489361702,0.270996640537514,0.23628219484882418,0.2374020156774916
894,228,242,211,213,0.2550335570469799,0.27069351230425054,0.2360178970917226,0.23825503355704697
895,228,242,212,213,0.2547486033519553,0.27039106145251396,0.23687150837988827,0.23798882681564246
896,229,242,212,213,0.25558035714285715,0.2700892857142857,0.23660714285714285,0.23772321428571427
897,229,242,212,214,0.2552954292084727,0.2697881828316611,0.23634336677814938,0.23857302118171683
898,230,242,212,214,0.2561247216035635,0.26948775055679286,0.23608017817371937,0.2383073496659243
899,230,243,212,214,0.25583982202447164,0.27030033370411566,0.23581757508342602,0.23804226918798665
900,230,243,212,215,0.25555555555555554,0.27,0.23555555555555555,0.2388888888888889
901,230,243,212,216,0.25527192008879024,0.26970033296337403,0.23529411764705882,0.2397336293007769
902,230,243,213,216,0.2549889135254989,0.26940133037694014,0.2361419068736142,0.2394678492239468
903,230,244,213,216,0.2547065337763012,0.2702104097452935,0.23588039867109634,0.23920265780730898
904,230,245,213,216,0.25442477876106195,0.27101769911504425,0.23561946902654868,0.23893805309734514
905,230,245,213,217,0.2541436464088398,0.27071823204419887,0.23535911602209944,0.23977900552486187
906,230,246,213,217,0.25386313465783666,0.271523178807947,0.23509933774834438,0.23951434878587197
907,230,247,213,217,0.2535832414553473,0.2723263506063947,0.2348401323042999,0.2392502756339581
908,230,247,213,218,0.2533039647577093,0.2720264317180617,0.23458149779735682,0.24008810572687225
909,231,247,213,218,0.25412541254125415,0.2717271727172717,0.23432343234323433,0.23982398239823982
910,231,247,214,218,0.25384615384615383,0.2714285714285714,0.23516483516483516,0.23956043956043957
911,231,248,214,218,0.2535675082327113,0.2722283205268935,0.2349066959385291,0.23929747530186607
912,231,248,215,218,0.2532894736842105,0.2719298245614035,0.23574561403508773,0.23903508771929824
913,232,248,215,218,0.25410733844468786,0.27163198247535597,0.23548740416210295,0.23877327491785322
914,233,248,215,218,0.2549234135667396,0.2713347921225383,0.23522975929978118,0.23851203501094093
915,233,248,216,218,0.2546448087431694,0.2710382513661202,0.2360655737704918,0.23825136612021858
916,233,248,216,219,0.25436681222707425,0.27074235807860264,0.23580786026200873,0.2390829694323144
917,233,248,217,219,0.25408942202835333,0.27044711014176664,0.2366412213740458,0.23882224645583425
918,234,248,217,219,0.2549019607843137,0.2701525054466231,0.23638344226579522,0.238562091503268
919,235,248,217,219,0.25571273122959737,0.26985854189336234,0.23612622415669204,0.2383025027203482
920,235,248,217,220,0.2554347826086957,0.26956521739130435,0.2358695652173913,0.2391304347826087
921,235,248,217,221,0.255157437567861,0.2692725298588491,0.23561346362649294,0.23995656894679696
922,235,248,217,222,0.25488069414316705,0.26898047722342733,0.23535791757049893,0.24078091106290672
923,235,248,217,223,0.25460455037919827,0.26868905742145177,0.23510292524377033,0.24160346695557963
924,236,248,217,223,0.2554112554112554,0.2683982683982684,0.23484848484848486,0.24134199134199133
925,236,248,218,223,0.25513513513513514,0.2681081081081081,0.23567567567567568,0.2410810810810811
926,237,248,218,223,0.25593952483801297,0.2678185745140389,0.23542116630669546,0.2408207343412527
927,237,248,219,223,0.255663430420712,0.267529665587918,0.23624595469255663,0.2405609492988134
928,237,248,220,223,0.25538793103448276,0.2672413793103448,0.23706896551724138,0.24030172413793102
929,237,248,220,224,0.25511302475780406,0.26695371367061355,0.23681377825618946,0.2411194833153929
930,237,248,221,224,0.25483870967741934,0.26666666666666666,0.23763440860215054,0.24086021505376345
931,238,248,221,224,0.2556390977443609,0.2663802363050483,0.23737916219119226,0.24060150375939848
932,238,249,221,224,0.2553648068669528,0.26716738197424894,0.2371244635193133,0.24034334763948498
933,239,249,221,224,0.25616291532690244,0.26688102893890675,0.23687031082529475,0.24008574490889603
934,239,250,221,224,0.2558886509635974,0.2676659528907923,0.2366167023554604,0.2398286937901499
935,240,250,221,224,0.25668449197860965,0.26737967914438504,0.23636363636363636,0.23957219251336898
936,240,250,222,224,0.2564102564102564,0.2670940170940171,0.23717948717948717,0.23931623931623933
937,240,251,222,224,0.256136606189968,0.2678762006403415,0.23692636072572038,0.2390608324439701
938,240,251,222,225,0.255863539445629,0.267590618336887,0.23667377398720682,0.23987206823027718
939,240,251,222,226,0.25559105431309903,0.2673056443024494,0.2364217252396166,0.24068157614483493
940,241,251,222,226,0.25638297872340426,0.2670212765957447,0.23617021276595745,0.2404255319148936
941,241,252,222,226,0.2561105207226355,0.2678002125398512,0.2359192348565356,0.24017003188097769
942,241,252,222,227,0.25583864118895966,0.267515923566879,0.2356687898089172,0.24097664543524416
943,242,252,222,227,0.256627783669141,0.2672322375397667,0.2354188759278897,0.24072110286320256
944,242,253,222,227,0.2563559322033898,0.2680084745762712,0.23516949152542374,0.24046610169491525
945,243,253,222,227,0.2571428571428571,0.2677248677248677,0.23492063492063492,0.2402116402116402
946,243,253,222,228,0.2568710359408034,0.26744186046511625,0.2346723044397463,0.24101479915433405
947,243,253,222,229,0.2565997888067582,0.26715945089757126,0.23442449841605068,0.24181626187961985
948,243,253,223,229,0.2563291139240506,0.2668776371308017,0.23523206751054854,0.24156118143459915
949,243,253,223,230,0.256059009483667,0.2665964172813488,0.23498419388830347,0.24236037934668073
950,243,254,223,230,0.2557894736842105,0.2673684210526316,0.23473684210526316,0.24210526315789474
951,243,255,223,230,0.2555205047318612,0.26813880126182965,0.23449001051524712,0.24185068349106204
952,243,255,223,231,0.2552521008403361,0.26785714285714285,0.2342436974789916,0.2426470588235294
953,244,255,223,231,0.25603357817418676,0.2675760755508919,0.23399790136411333,0.24239244491080797
954,245,255,223,231,0.25681341719077566,0.2672955974842767,0.23375262054507337,0.24213836477987422
955,246,255,223,231,0.25759162303664923,0.2670157068062827,0.23350785340314137,0.2418848167539267
956,246,256,223,231,0.25732217573221755,0.26778242677824265,0.23326359832635984,0.24163179916317992
957,246,256,223,232,0.25705329153605017,0.26750261233019856,0.2330198537095089,0.24242424242424243
958,246,256,223,233,0.2567849686847599,0.267223382045929,0.23277661795407098,0.24321503131524008
959,246,256,224,233,0.25651720542231493,0.2669447340980188,0.23357664233576642,0.2429614181438999
960,247,256,224,233,0.25729166666666664,0.26666666666666666,0.23333333333333334,0.24270833333333333
961,247,256,224,234,0.2570239334027055,0.2663891779396462,0.23309053069719043,0.24349635796045785
962,248,256,224,234,0.2577962577962578,0.2661122661122661,0.23284823284823286,0.24324324324324326
963,248,256,224,235,0.25752855659397716,0.26583592938733125,0.23260643821391486,0.24402907580477673
964,248,257,224,235,0.2572614107883817,0.266597510373444,0.23236514522821577,0.2437759336099585
965,248,258,224,235,0.25699481865284973,0.26735751295336785,0.23212435233160622,0.24352331606217617
966,248,259,224,235,0.2567287784679089,0.26811594202898553,0.2318840579710145,0.2432712215320911
967,248,259,224,236,0.2564632885211996,0.2678386763185109,0.23164426059979318,0.24405377456049637
968,249,259,224,236,0.2572314049586777,0.2675619834710744,0.23140495867768596,0.24380165289256198
969,249,259,225,236,0.25696594427244585,0.2672858617131063,0.23219814241486067,0.2435500515995872
970,249,259,225,237,0.256701030927835,0.2670103092783505,0.23195876288659795,0.2443298969072165
971,250,259,225,237,0.25746652935118436,0.266735324407827,0.23171987641606592,0.24407826982492276
972,250,260,225,237,0.257201646090535,0.2674897119341564,0.23148148148148148,0.24382716049382716
973,250,260,226,237,0.2569373072970195,0.2672147995889003,0.23227132579650564,0.24357656731757452
974,250,260,226,238,0.25667351129363447,0.2669404517453799,0.23203285420944558,0.24435318275154005
975,250,261,226,238,0.2564102564102564,0.2676923076923077,0.2317948717948718,0.2441025641025641
976,250,261,226,239,0.25614754098360654,0.26741803278688525,0.23155737704918034,0.24487704918032788
977,250,261,226,240,0.25588536335721596,0.2671443193449335,0.23132036847492324,0.24564994882292732
978,250,261,226,241,0.2556237218813906,0.2668711656441718,0.2310838445807771,0.24642126789366053
979,250,261,227,241,0.2553626149131767,0.2665985699693565,0.23186925434116445,0.24616956077630234
980,250,261,227,242,0.25510204081632654,0.26632653061224487,0.2316326530612245,0.24693877551020407
981,250,261,228,242,0.254841997961264,0.26605504587155965,0.2324159021406728,0.24668705402650357
982,250,261,228,243,0.2545824847250509,0.26578411405295316,0.23217922606924643,0.24745417515274948
983,250,261,228,244,0.254323499491353,0.26551373346897256,0.23194303153611392,0.24821973550356052
984,251,261,228,244,0.2550813008130081,0.2652439024390244,0.23170731707317074,0.24796747967479674
985,251,261,228,245,0.2548223350253807,0.2649746192893401,0.23147208121827412,0.24873096446700507
986,251,262,228,245,0.25456389452332656,0.2657200811359026,0.23123732251521298,0.2484787018255578
987,251,262,228,246,0.25430597771023306,0.26545086119554206,0.23100303951367782,0.24924012158054712
988,251,262,229,246,0.2540485829959514,0.2651821862348178,0.23178137651821862,0.24898785425101214
989,251,263,229,246,0.2537917087967644,0.2659251769464105,0.23154701718907988,0.2487360970677452
990,251,263,229,247,0.25353535353535356,0.26565656565656565,0.2313131313131313,0.2494949494949495
991,252,263,229,247,0.2542885973763875,0.26538849646821394,0.23107971745711403,0.24924318869828457
992,252,263,230,247,0.2540322580645161,0.2651209677419355,0.2318548387096774,0.24899193548387097
993,252,264,230,247,0.2537764350453172,0.26586102719033233,0.23162134944612287,0.24874118831822759
994,252,265,230,247,0.2535211267605634,0.2665995975855131,0.23138832997987926,0.24849094567404426
995,252,265,230,248,0.25326633165829143,0.2663316582914573,0.23115577889447236,0.2492462311557789
996,253,265,230,248,0.2540160642570281,0.2660642570281124,0.23092369477911648,0.24899598393574296
997,253,266,230,248,0.25376128385155466,0.2668004012036108,0.23069207622868607,0.24874623871614845
998,253,266,231,248,0.2535070140280561,0.2665330661322645,0.23146292585170342,0.24849699398797595
999,254,266,231,248,0.25425425425425424,0.26626626626626626,0.23123123123123124,0.24824824824824826
1000,254,267,231,248,0.254,0.267,0.231,0.248
1001,255,267,231,248,0.2547452547452547,0.26673326673326675,0.23076923076923078,0.24775224775224775
1002,255,268,231,248,0.25449101796407186,0.26746506986027946,0.23053892215568864,0.24750499001996007
1003,255,269,231,248,0.2542372881355932,0.26819541375872386,0.23030907278165502,0.2472582253240279
1004,256,269,231,248,0.2549800796812749,0.2679282868525896,0.2300796812749004,0.24701195219123506
1005,257,269,231,248,0.2557213930348259,0.2676616915422886,0.2298507462686567,0.24676616915422886
1006,258,269,231,248,0.25646123260437376,0.2673956262425447,0.22962226640159045,0.24652087475149106
1007,258,270,231,248,0.25620655412115195,0.26812313803376364,0.22939424031777558,0.24627606752730885
1008,258,270,232,248,0.25595238095238093,0.26785714285714285,0.23015873015873015,0.24603174603174602
1009,258,271,232,248,0.2556987115956392,0.26858275520317143,0.22993062438057482,0.24578790882061446
1010,258,271,233,248,0.25544554455445545,0.26831683168316833,0.2306930693069307,0.24554455445544554
1011,258,272,233,248,0.2551928783382789,0.26904055390702275,0.2304648862512364,0.24530168150346193
1012,258,272,233,249,0.2549407114624506,0.26877470355731226,0.23023715415019763,0.24604743083003952
1013,259,272,233,249,0.25567620927936824,0.26850937808489633,0.23000987166831194,0.2458045409674235
1014,259,272,234,249,0.25542406311637084,0.2682445759368836,0.23076923076923078,0.2455621301775148
1015,259,272,235,249,0.25517241379310346,0.26798029556650244,0.2315270935960591,0.24532019704433497
1016,259,272,235,250,0.2549212598425197,0.2677165354330709,0.2312992125984252,0.24606299212598426
1017,259,273,235,250,0.25467059980334317,0.26843657817109146,0.23107177974434612,0.24582104228121926
1018,259,273,235,251,0.2544204322200393,0.2681728880157171,0.23084479371316308,0.24656188605108054
1019,259,273,236,251,0.25417075564278707,0.267909715407262,0.23159960745829244,0.2463199214916585
1020,260,273,236,251,0.2549019607843137,0.2676470588235294,0.23137254901960785,0.246078431372549
1021,260,273,237,251,0.2546523016650343,0.267384916748286,0.23212536728697356,0.24583741429970618
1022,260,274,237,251,0.25440313111545987,0.26810176125244617,0.2318982387475538,0.2455968688845401
1023,260,275,237,251,0.2541544477028348,0.26881720430107525,0.2316715542521994,0.24535679374389052
1024,260,275,237,252,0.25390625,0.2685546875,0.2314453125,0.24609375
1025,260,275,238,252,0.25365853658536586,0.2682926829268293,0.23219512195121952,0.24585365853658536
1026,260,275,238,253,0.253411306042885,0.2680311890838207,0.23196881091617932,0.246588693957115
1027,260,276,238,253,0.25316455696202533,0.26874391431353456,0.2317429406037001,0.24634858812074
1028,260,276,239,253,0.2529182879377432,0.26848249027237353,0.23249027237354086,0.24610894941634243
1029,260,277,239,253,0.25267249757045673,0.2691933916423712,0.23226433430515064,0.24586977648202138
1030,261,277,239,253,0.25339805825242717,0.2689320388349515,0.2320388349514563,0.24563106796116504
1031,262,277,239,253,0.2541222114451988,0.26867119301648884,0.2318137730358875,0.24539282250242483
1032,263,277,239,253,0.2548449612403101,0.26841085271317827,0.2315891472868217,0.2451550387596899
1033,264,277,239,253,0.25556631171345595,0.2681510164569216,0.2313649564375605,0.24491771539206195
1034,264,277,239,254,0.2553191489361702,0.2678916827852998,0.2311411992263056,0.24564796905222436
1035,264,277,239,255,0.25507246376811593,0.26763285024154587,0.23091787439613526,0.2463768115942029
1036,264,278,239,255,0.2548262548262548,0.26833976833976836,0.2306949806949807,0.24613899613899615
1037,264,278,239,256,0.25458052073288334,0.26808100289296044,0.2304725168756027,0.24686595949855353
1038,264,278,240,256,0.2543352601156069,0.2678227360308285,0.23121387283236994,0.2466281310211946
1039,265,278,240,256,0.2550529355149182,0.26756496631376325,0.23099133782483156,0.24639076034648702
1040,265,278,240,257,0.2548076923076923,0.2673076923076923,0.23076923076923078,0.24711538461538463
1041,265,278,240,258,0.25456292026897215,0.2670509125840538,0.23054755043227665,0.2478386167146974
1042,266,278,240,258,0.255278310940499,0.2667946257197697,0.23032629558541268,0.2476007677543186
1043,266,278,240,259,0.2550335570469799,0.2665388302972196,0.23010546500479387,0.2483221476510067
1044,266,278,240,260,0.2547892720306513,0.2662835249042146,0.22988505747126436,0.24904214559386972
1045,266,278,240,261,0.2545454545454545,0.2660287081339713,0.22966507177033493,0.24976076555023924
1046,266,279,240,261,0.25430210325047803,0.26673040152963673,0.2294455066921606,0.24952198852772467
1047,266,279,240,262,0.25405921680993315,0.2664756446991404,0.22922636103151864,0.2502387774594078
1048,266,280,240,262,0.2538167938931298,0.26717557251908397,0.22900763358778625,0.25
1049,267,280,240,262,0.25452812202097236,0.2669208770257388,0.22878932316491898,0.24976167778836988
1050,267,280,240,263,0.2542857142857143,0.26666666666666666,0.22857142857142856,0.25047619047619046
1051,267,281,240,263,0.25404376784015226,0.26736441484300666,0.22835394862036157,0.25023786869647957
1052,268,281,240,263,0.25475285171102663,0.2671102661596958,0.22813688212927757,0.25
1053,268,282,240,263,0.25451092117758783,0.2678062678062678,0.22792022792022792,0.24976258309591642
1054,269,282,240,263,0.25521821631878555,0.2675521821631879,0.22770398481973433,0.2495256166982922
1055,269,282,241,263,0.25497630331753557,0.2672985781990521,0.22843601895734597,0.24928909952606634
1056,269,282,241,264,0.2547348484848485,0.26704545454545453,0.22821969696969696,0.25
1057,269,282,241,265,0.25449385052034057,0.2667928098391675,0.228003784295175,0.2507095553453169
1058,269,282,242,265,0.2542533081285444,0.2665406427221172,0.22873345935727787,0.2504725897920605
1059,269,282,242,266,0.25401322001888577,0.26628895184135976,0.22851746931067043,0.251180358829084
1060,269,283,242,266,0.2537735849056604,0.2669811320754717,0.22830188679245284,0.2509433962264151
1061,269,283,242,267,0.2535344015080113,0.26672950047125354,0.22808671065032987,0.25164938737040526
1062,269,283,242,268,0.2532956685499058,0.2664783427495292,0.2278719397363465,0.2523540489642185
1063,269,284,242,268,0.2530573847601129,0.2671683913452493,0.22765757290686736,0.2521166509877705
1064,269,284,243,268,0.25281954887218044,0.2669172932330827,0.22838345864661655,0.2518796992481203
1065,269,284,243,269,0.25258215962441316,0.26666666666666666,0.22816901408450704,0.25258215962441316
1066,269,284,244,269,0.2523452157598499,0.26641651031894936,0.22889305816135083,0.2523452157598499
1067,269,285,244,269,0.2521087160262418,0.26710402999062793,0.22867853795688847,0.2521087160262418
1068,269,285,245,269,0.25187265917602997,0.26685393258426965,0.22940074906367042,0.25187265917602997
1069,269,285,245,270,0.2516370439663237,0.2666043030869972,0.2291861552853134,0.25257249766136575
1070,269,286,245,270,0.2514018691588785,0.2672897196261682,0.22897196261682243,0.2523364485981308
1071,269,286,245,271,0.2511671335200747,0.26704014939309056,0.22875816993464052,0.2530345471521942
1072,269,286,246,271,0.25093283582089554,0.2667910447761194,0.2294776119402985,0.25279850746268656
1073,270,286,246,271,0.2516309412861137,0.26654240447343897,0.22926374650512582,0.25256290773532153
1074,270,286,246,272,0.25139664804469275,0.26629422718808193,0.22905027932960895,0.2532588454376164
1075,270,286,246,273,0.25116279069767444,0.266046511627907,0.2288372093023256,0.25395348837209303
1076,270,286,247,273,0.25092936802973975,0.26579925650557623,0.2295539033457249,0.2537174721189591
1077,270,286,248,273,0.25069637883008355,0.265552460538533,0.23026926648096566,0.25348189415041783
1078,270,286,248,274,0.2504638218923933,0.2653061224489796,0.2300556586270872,0.2541743970315399
1079,270,287,248,274,0.25023169601482853,0.2659870250231696,0.22984244670991658,0.25393883225208524
1080,270,287,249,274,0.25,0.2657407407407407,0.23055555555555557,0.2537037037037037
1081,271,287,249,274,0.2506938020351526,0.26549491211840887,0.2303422756706753,0.2534690101757632
1082,272,287,249,274,0.2513863216266174,0.26524953789279115,0.2301293900184843,0.2532347504621072
1083,272,287,249,275,0.25115420129270544,0.26500461680517085,0.2299168975069252,0.25392428439519854
1084,272,287,250,275,0.25092250922509224,0.26476014760147604,0.23062730627306274,0.253690036900369
1085,273,287,250,275,0.25161290322580643,0.2645161290322581,0.2304147465437788,0.2534562211981567
1086,274,287,250,275,0.2523020257826888,0.26427255985267034,0.2302025782688766,0.2532228360957643
1087,274,287,251,275,0.25206991720331184,0.2640294388224471,0.23091076356945722,0.2529898804047838
1088,275,287,251,275,0.25275735294117646,0.26378676470588236,0.23069852941176472,0.25275735294117646
1089,275,287,251,276,0.25252525252525254,0.263544536271809,0.23048668503213957,0.2534435261707989
1090,275,287,251,277,0.25229357798165136,0.26330275229357797,0.23027522935779818,0.25412844036697246
1091,275,288,251,277,0.2520623281393217,0.26397800183318054,0.23006416131989002,0.2538955087076077
1092,275,288,252,277,0.2518315018315018,0.26373626373626374,0.23076923076923078,0.25366300366300365
1093,275,288,253,277,0.2516010978956999,0.26349496797804206,0.23147301006404392,0.25343092406221407
1094,275,289,253,277,0.2513711151736746,0.26416819012797077,0.2312614259597806,0.253199268738574
1095,275,289,254,277,0.2511415525114155,0.2639269406392694,0.2319634703196347,0.25296803652968036
1096,276,289,254,277,0.2518248175182482,0.2636861313868613,0.23175182481751824,0.2527372262773723
1097,277,289,254,277,0.25250683682771197,0.2634457611668186,0.2315405651777575,0.25250683682771197
1098,278,289,254,277,0.25318761384335153,0.26320582877959925,0.23132969034608378,0.2522768670309654
1099,278,289,254,278,0.2529572338489536,0.2629663330300273,0.2311191992720655,0.2529572338489536
1100,278,289,254,279,0.25272727272727274,0.26272727272727275,0.2309090909090909,0.25363636363636366
1101,278,289,254,280,0.2524977293369664,0.26248864668483196,0.23069936421435058,0.254314259763851
1102,278,290,254,280,0.25226860254083483,0.2631578947368421,0.23049001814882034,0.2540834845735027
1103,279,290,254,280,0.25294650951949227,0.2629193109700816,0.2302810516772439,0.25385312783318226
1104,280,290,254,280,0.2536231884057971,0.26268115942028986,0.23007246376811594,0.2536231884057971
1105,280,290,255,280,0.25339366515837103,0.26244343891402716,0.23076923076923078,0.25339366515837103
1106,280,290,256,280,0.25316455696202533,0.26220614828209765,0.2314647377938517,0.25316455696202533
1107,280,290,257,280,0.2529358626919603,0.26196928635953026,0.23215898825654924,0.2529358626919603
1108,280,290,257,281,0.2527075812274368,0.26173285198555957,0.2319494584837545,0.2536101083032491
1109,280,290,258,281,0.25247971145175835,0.26149684400360684,0.23264201983769162,0.2533814247069432
1110,281,290,258,281,0.2531531531531532,0.26126126126126126,0.23243243243243245,0.2531531531531532
1111,281,290,259,281,0.25292529252925294,0.26102610261026105,0.23312331233123312,0.25292529252925294
1112,281,291,259,281,0.2526978417266187,0.26169064748201437,0.2329136690647482,0.2526978417266187
1113,281,291,259,282,0.252470799640611,0.261455525606469,0.23270440251572327,0.25336927223719674
1114,281,291,260,282,0.25224416517055653,0.2612208258527828,0.2333931777378815,0.25314183123877915
1115,281,292,260,282,0.2520179372197309,0.26188340807174887,0.23318385650224216,0.25291479820627805
1116,282,292,260,282,0.25268817204301075,0.2616487455197133,0.23297491039426524,0.25268817204301075
1117,282,292,260,283,0.25246195165622204,0.26141450313339304,0.23276633840644584,0.25335720680393914
1118,282,292,260,284,0.2522361359570662,0.26118067978533094,0.23255813953488372,0.25402504472271914
1119,282,292,261,284,0.2520107238605898,0.2609472743521001,0.23324396782841822,0.2537980339588919
1120,282,292,262,284,0.2517857142857143,0.26071428571428573,0.23392857142857143,0.25357142857142856
1121,283,292,262,284,0.25245316681534347,0.2604817127564674,0.23371989295272078,0.25334522747546834
1122,283,293,262,284,0.2522281639928699,0.2611408199643494,0.23351158645276293,0.2531194295900178
1123,283,293,262,285,0.25200356188780054,0.26090828138913624,0.23330365093499555,0.25378450578806766
1124,283,293,263,285,0.251779359430605,0.2606761565836299,0.23398576512455516,0.25355871886120995
1125,284,293,263,285,0.25244444444444447,0.2604444444444444,0.23377777777777778,0.25333333333333335
1126,284,293,263,286,0.2522202486678508,0.2602131438721137,0.23357015985790408,0.2539964476021314
1127,284,293,263,287,0.25199645075421473,0.25998225377107365,0.23336291038154391,0.2546583850931677
1128,285,293,263,287,0.2526595744680851,0.25975177304964536,0.23315602836879432,0.25443262411347517
1129,285,293,263,288,0.2524357838795394,0.2595217006200177,0.2329495128432241,0.2550930026572188
1130,285,294,263,288,0.252212389380531,0.26017699115044246,0.2327433628318584,0.25486725663716814
1131,285,295,263,288,0.2519893899204244,0.2608311229000884,0.23253757736516356,0.2546419098143236
1132,285,295,264,288,0.25176678445229683,0.26060070671378094,0.2332155477031802,0.254416961130742
1133,285,296,264,288,0.25154457193292146,0.2612533097969991,0.23300970873786409,0.25419240953221534
1134,285,296,265,288,0.25132275132275134,0.26102292768959434,0.23368606701940034,0.25396825396825395
1135,286,296,265,288,0.25198237885462554,0.2607929515418502,0.23348017621145375,0.2537444933920705
1136,286,296,265,289,0.2517605633802817,0.2605633802816901,0.23327464788732394,0.25440140845070425
1137,287,296,265,289,0.25241864555848725,0.26033421284080915,0.23306948109058928,0.2541776605101143
1138,288,296,265,289,0.2530755711775044,0.2601054481546573,0.23286467486818982,0.2539543057996485
1139,288,296,266,289,0.2528533801580334,0.2598770851624232,0.23353819139596138,0.2537313432835821
1140,288,296,267,289,0.25263157894736843,0.2596491228070175,0.23421052631578948,0.2535087719298246
1141,288,296,268,289,0.25241016652059595,0.25942156003505695,0.23488168273444346,0.2532865907099036
1142,288,296,268,290,0.2521891418563923,0.2591943957968476,0.23467600700525393,0.2539404553415061
1143,288,296,268,291,0.25196850393700787,0.2589676290463692,0.23447069116360456,0.2545931758530184
1144,288,297,268,291,0.2517482517482518,0.25961538461538464,0.23426573426573427,0.2543706293706294
1145,288,298,268,291,0.251528384279476,0.26026200873362443,0.23406113537117904,0.2541484716157205
1146,288,299,268,291,0.2513089005235602,0.26090750436300175,0.2338568935427574,0.25392670157068065
1147,289,299,268,291,0.25196163905841323,0.26068003487358327,0.23365300784655624,0.25370531822144726
1148,289,299,268,292,0.25174216027874563,0.2604529616724739,0.23344947735191637,0.25435540069686413
1149,290,299,268,292,0.2523933855526545,0.26022628372497825,0.23324630113141862,0.25413402959094866
1150,290,299,269,292,0.25217391304347825,0.26,0.23391304347826086,0.2539130434782609
1151,291,299,269,292,0.2528236316246742,0.25977410947002605,0.23370981754995657,0.2536924413553432
1152,291,299,269,293,0.2526041666666667,0.2595486111111111,0.23350694444444445,0.2543402777777778
1153,291,299,270,293,0.2523850823937554,0.2593235039028621,0.2341717259323504,0.2541196877710321
1154,291,300,270,293,0.25216637781629114,0.25996533795493937,0.2339688041594454,0.2538994800693241
1155,291,300,270,294,0.2519480519480519,0.2597402597402597,0.23376623376623376,0.2545454545454545
1156,291,300,270,295,0.2517301038062284,0.25951557093425603,0.23356401384083045,0.25519031141868515
1157,291,300,271,295,0.2515125324114088,0.25929127052722556,0.23422644770959378,0.2549697493517718
1158,291,300,272,295,0.25129533678756477,0.25906735751295334,0.23488773747841105,0.2547495682210708
1159,292,300,272,295,0.25194132873166525,0.25884383088869717,0.23468507333908542,0.2545297670405522
1160,293,300,272,295,0.2525862068965517,0.25862068965517243,0.23448275862068965,0.2543103448275862
1161,294,300,272,295,0.2532299741602067,0.25839793281653745,0.23428079242032732,0.2540913006029285
1162,294,300,272,296,0.25301204819277107,0.25817555938037867,0.23407917383820998,0.2547332185886403
1163,294,301,272,296,0.2527944969905417,0.2588134135855546,0.23387790197764402,0.2545141874462597
1164,294,302,272,296,0.25257731958762886,0.25945017182130586,0.23367697594501718,0.2542955326460481
1165,294,303,272,296,0.25236051502145923,0.26008583690987125,0.2334763948497854,0.25407725321888414
1166,294,303,273,296,0.2521440823327616,0.25986277873070324,0.23413379073756432,0.2538593481989708
1167,294,303,274,296,0.2519280205655527,0.2596401028277635,0.23479005998286204,0.2536418166238218
1168,294,304,274,296,0.2517123287671233,0.2602739726027397,0.2345890410958904,0.2534246575342466
1169,294,304,275,296,0.25149700598802394,0.2600513259195894,0.2352437981180496,0.25320786997433703
1170,294,305,275,296,0.2512820512820513,0.2606837606837607,0.23504273504273504,0.252991452991453
1171,294,305,275,297,0.251067463706234,0.2604611443210931,0.23484201537147736,0.25362937660119556
1172,294,306,275,297,0.2508532423208191,0.26109215017064846,0.23464163822525597,0.25341296928327645
1173,294,306,275,298,0.2506393861892583,0.2608695652173913,0.23444160272804773,0.25404944586530265
1174,294,306,276,298,0.2504258943781942,0.2606473594548552,0.23509369676320271,0.25383304940374785
1175,295,306,276,298,0.251063829787234,0.2604255319148936,0.2348936170212766,0.25361702127659574
1176,295,306,277,298,0.2508503401360544,0.2602040816326531,0.23554421768707484,0.2534013605442177
1177,295,306,278,298,0.2506372132540357,0.2599830076465591,0.23619371282922685,0.2531860662701784
1178,295,307,278,298,0.25042444821731746,0.2606112054329372,0.23599320882852293,0.2529711375212224
1179,296,307,278,298,0.2510602205258694,0.26039016115351993,0.2357930449533503,0.2527565733672604
1180,296,307,278,299,0.25084745762711863,0.26016949152542374,0.23559322033898306,0.2533898305084746
1181,296,308,278,299,0.2506350550381033,0.26079593564775616,0.23539373412362405,0.2531752751905165
1182,296,309,278,299,0.25042301184433163,0.2614213197969543,0.23519458544839256,0.2529610829103215
1183,296,310,278,299,0.2502113271344041,0.26204564666103125,0.23499577345731193,0.25274725274725274
1184,296,311,278,299,0.25,0.2626689189189189,0.23479729729729729,0.25253378378378377
1185,297,311,278,299,0.25063291139240507,0.26244725738396624,0.23459915611814347,0.2523206751054852
1186,297,311,279,299,0.25042158516020235,0.2622259696458685,0.23524451939291738,0.2521079258010118
1187,297,311,279,300,0.2502106149957877,0.2620050547598989,0.2350463352990733,0.2527379949452401
1188,298,311,279,300,0.25084175084175087,0.2617845117845118,0.23484848484848486,0.25252525252525254
1189,298,311,279,301,0.25063078216989065,0.26156433978132887,0.23465096719932715,0.2531539108494533
1190,298,312,279,301,0.2504201680672269,0.26218487394957984,0.23445378151260504,0.2529411764705882
1191,298,312,279,302,0.2502099076406381,0.2619647355163728,0.23425692695214106,0.25356842989084805
1192,298,312,280,302,0.25,0.26174496644295303,0.2348993288590604,0.2533557046979866
1193,298,312,281,302,0.24979044425817268,0.26152556580050296,0.2355406538139145,0.2531433361274099
1194,299,312,281,302,0.25041876046901174,0.2613065326633166,0.23534338358458962,0.2529313232830821
1195,299,312,282,302,0.2502092050209205,0.2610878661087866,0.23598326359832636,0.25271966527196654
1196,299,313,282,302,0.25,0.2617056856187291,0.23578595317725753,0.2525083612040134
1197,300,313,282,302,0.2506265664160401,0.26148705096073516,0.23558897243107768,0.252297410192147
1198,300,314,282,302,0.25041736227045075,0.2621035058430718,0.2353923205342237,0.25208681135225375
1199,300,314,283,302,0.25020850708924103,0.2618849040867389,0.23603002502085071,0.2518765638031693
1200,301,314,283,302,0.25083333333333335,0.26166666666666666,0.23583333333333334,0.25166666666666665
1201,301,314,283,303,0.25062447960033307,0.2614487926727727,0.23563696919233973,0.25228975853455454
1202,302,314,283,303,0.2512479201331115,0.2612312811980033,0.23544093178036607,0.25207986688851913
1203,302,315,283,303,0.2510390689941812,0.26184538653366585,0.23524522028262676,0.2518703241895262
1204,303,315,283,303,0.2516611295681063,0.2616279069767442,0.2350498338870432,0.2516611295681063
1205,303,315,284,303,0.25145228215767634,0.26141078838174275,0.23568464730290456,0.25145228215767634
1206,303,315,285,303,0.2512437810945274,0.26119402985074625,0.236318407960199,0.2512437810945274
1207,303,315,285,304,0.2510356255178128,0.2609776304888152,0.23612261806130902,0.251864125932063
1208,303,316,285,304,0.2508278145695364,0.26158940397350994,0.2359271523178808,0.25165562913907286
1209,303,317,285,304,0.2506203473945409,0.26220016542597185,0.23573200992555832,0.25144747725392885
1210,304,317,285,304,0.2512396694214876,0.2619834710743802,0.23553719008264462,0.2512396694214876
1211,305,317,285,304,0.2518579686209744,0.2617671345995045,0.23534269199009084,0.2510322047894302
1212,306,317,285,304,0.2524752475247525,0.2615511551155115,0.23514851485148514,0.2508250825082508
1213,306,317,286,304,0.2522671063478978,0.26133553173948887,0.23577906018136852,0.25061830173124483
1214,307,317,286,304,0.2528830313014827,0.26112026359143325,0.2355848434925865,0.2504118616144975
1215,308,317,286,304,0.25349794238683127,0.2609053497942387,0.2353909465020576,0.25020576131687244
1216,308,317,286,305,0.2532894736842105,0.26069078947368424,0.23519736842105263,0.25082236842105265
1217,309,317,286,305,0.25390304026294164,0.26047658175842237,0.23500410846343467,0.25061626951520133
1218,309,317,287,305,0.2536945812807882,0.2602627257799672,0.23563218390804597,0.2504105090311987
1219,309,318,287,305,0.2534864643150123,0.2608695652173913,0.23543888433141918,0.2502050861361772
1220,309,318,288,305,0.2532786885245902,0.260655737704918,0.2360655737704918,0.25
1221,309,318,289,305,0.25307125307125306,0.26044226044226043,0.23669123669123668,0.2497952497952498
1222,309,318,289,306,0.2528641571194763,0.2602291325695581,0.23649754500818332,0.25040916530278234
1223,309,318,289,307,0.2526573998364677,0.26001635322976285,0.23630417007358953,0.2510220768601799
1224,309,318,289,308,0.25245098039215685,0.25980392156862747,0.2361111111111111,0.25163398692810457
1225,309,318,289,309,0.2522448979591837,0.2595918367346939,0.23591836734693877,0.2522448979591837
1226,309,318,289,310,0.25203915171288743,0.25938009787928223,0.23572593800978792,0.2528548123980424
1227,309,318,289,311,0.25183374083129584,0.2591687041564792,0.23553382233088835,0.2534637326813366
1228,309,318,290,311,0.251628664495114,0.25895765472312704,0.23615635179153094,0.253257328990228
1229,310,318,290,311,0.25223759153783565,0.25874694873881204,0.23596419853539463,0.2530512611879577
1230,310,318,290,312,0.25203252032520324,0.25853658536585367,0.23577235772357724,0.25365853658536586
1231,310,318,291,312,0.2518277822908205,0.25832656376929325,0.23639317627944761,0.25345247766043866
1232,310,318,291,313,0.25162337662337664,0.25811688311688313,0.2362012987012987,0.25405844155844154
1233,310,318,292,313,0.25141930251419303,0.25790754257907544,0.23682076236820762,0.25385239253852393
1234,311,318,292,313,0.2520259319286872,0.2576985413290113,0.2366288492706645,0.25364667747163694
1235,311,318,293,313,0.25182186234817816,0.2574898785425101,0.23724696356275304,0.2534412955465587
1236,311,319,293,313,0.25161812297734626,0.2580906148867314,0.23705501618122976,0.2532362459546926
1237,311,319,294,313,0.2514147130153597,0.25788197251414713,0.23767178658043653,0.25303152789005656
1238,311,319,295,313,0.25121163166397414,0.25767366720516965,0.2382875605815832,0.252827140549273
1239,311,319,296,313,0.2510088781275222,0.25746569814366427,0.23890234059725585,0.25262308313155774
1240,312,319,296,313,0.25161290322580643,0.25725806451612904,0.23870967741935484,0.2524193548387097
1241,312,320,296,313,0.25141015310233683,0.257856567284448,0.23851732473811443,0.25221595487510073
1242,313,320,296,313,0.25201288244766507,0.2576489533011272,0.23832528180354268,0.25201288244766507
1243,313,320,296,314,0.251810136765889,0.2574416733708769,0.23813354786806115,0.252614641995173
1244,314,320,296,314,0.25241157556270094,0.2572347266881029,0.2379421221864952,0.25241157556270094
1245,314,321,296,314,0.25220883534136546,0.25783132530120484,0.23775100401606425,0.25220883534136546
1246,314,321,297,314,0.2520064205457464,0.2576243980738363,0.23836276083467095,0.2520064205457464
1247,314,321,298,314,0.2518043303929431,0.2574178027265437,0.23897353648757017,0.2518043303929431
1248,314,321,299,314,0.2516025641025641,0.25721153846153844,0.23958333333333334,0.2516025641025641
1249,314,321,300,314,0.2514011208967174,0.2570056044835869,0.2401921537229784,0.2514011208967174
1250,315,321,300,314,0.252,0.2568,0.24,0.2512
1251,315,321,300,315,0.2517985611510791,0.2565947242206235,0.23980815347721823,0.2517985611510791
1252,315,322,300,315,0.2515974440894569,0.2571884984025559,0.23961661341853036,0.2515974440894569
1253,315,322,300,316,0.25139664804469275,0.2569832402234637,0.23942537909018355,0.25219473264166004
1254,315,323,300,316,0.2511961722488038,0.25757575757575757,0.23923444976076555,0.25199362041467305
1255,315,323,300,317,0.250996015936255,0.25737051792828686,0.23904382470119523,0.25258964143426293
1256,315,323,300,318,0.25079617834394907,0.2571656050955414,0.23885350318471338,0.2531847133757962
1257,316,323,300,318,0.25139220365950676,0.2569610182975338,0.2386634844868735,0.2529832935560859
1258,316,323,300,319,0.25119236883942764,0.25675675675675674,0.2384737678855326,0.25357710651828297
1259,316,323,300,320,0.2509928514694202,0.2565528196981732,0.23828435266084194,0.2541699761715647
1260,316,323,300,321,0.2507936507936508,0.2563492063492063,0.23809523809523808,0.25476190476190474
1261,317,323,300,321,0.2513877874702617,0.25614591593973035,0.23790642347343377,0.25455987311657413
1262,317,323,300,322,0.25118858954041207,0.2559429477020602,0.23771790808240886,0.2551505546751189
1263,317,324,300,322,0.2509897070467142,0.25653206650831356,0.2375296912114014,0.25494853523357086
1264,317,325,300,322,0.25079113924050633,0.25712025316455694,0.23734177215189872,0.254746835443038
1265,317,326,300,322,0.25059288537549407,0.25770750988142294,0.23715415019762845,0.2545454545454545
1266,317,326,301,322,0.25039494470774093,0.2575039494470774,0.2377567140600316,0.25434439178515006
1267,318,326,301,322,0.2509865824782952,0.2573007103393844,0.23756906077348067,0.2541436464088398
1268,318,326,302,322,0.250788643533123,0.25709779179810727,0.23817034700315456,0.2539432176656151
1269,318,326,302,323,0.25059101654846333,0.2568951930654058,0.23798266351457842,0.2545311268715524
1270,318,326,303,323,0.2503937007874016,0.2566929133858268,0.23858267716535433,0.2543307086614173
1271,318,327,303,323,0.25019669551534224,0.25727773406766324,0.23839496459480725,0.25413060582218727
1272,319,327,303,323,0.2507861635220126,0.25707547169811323,0.23820754716981132,0.2539308176100629
1273,319,327,303,324,0.25058915946582877,0.25687352710133543,0.2380204241948154,0.2545168892380204
1274,320,327,303,324,0.25117739403453687,0.2566718995290424,0.23783359497645212,0.2543171114599686
1275,320,328,303,324,0.25098039215686274,0.2572549019607843,0.2376470588235294,0.2541176470588235
1276,321,328,303,324,0.25156739811912227,0.25705329153605017,0.23746081504702193,0.25391849529780564
1277,321,329,303,324,0.2513703993735317,0.2576350822239624,0.23727486296006264,0.25371965544244324
1278,321,329,304,324,0.2511737089201878,0.257433489827856,0.2378716744913928,0.2535211267605634
1279,321,329,304,325,0.2509773260359656,0.25723221266614543,0.23768569194683348,0.2541047693510555
1280,321,330,304,325,0.25078125,0.2578125,0.2375,0.25390625
1281,321,331,304,325,0.2505854800936768,0.258391881342701,0.2373145979703357,0.2537080405932865
1282,321,332,304,325,0.250390015600624,0.2589703588143526,0.23712948517940718,0.2535101404056162
1283,321,332,305,325,0.25019485580670303,0.2587685113016368,0.2377240841777085,0.2533125487139517
1284,322,332,305,325,0.2507788161993769,0.2585669781931464,0.23753894080996885,0.2531152647975078
1285,322,332,305,326,0.25058365758754864,0.25836575875486384,0.23735408560311283,0.2536964980544747
1286,322,333,305,326,0.25038880248833595,0.25894245723172626,0.23716951788491447,0.2534992223950233
1287,323,333,305,326,0.25097125097125095,0.25874125874125875,0.236985236985237,0.2533022533022533
1288,323,333,306,326,0.25077639751552794,0.25854037267080743,0.2375776397515528,0.2531055900621118
1289,323,333,306,327,0.2505818463925524,0.2583397982932506,0.2373933281613654,0.25368502715283164
1290,323,334,306,327,0.2503875968992248,0.2589147286821705,0.2372093023255814,0.2534883720930233
1291,323,334,307,327,0.2501936483346243,0.2587141750580945,0.2378001549186677,0.2532920216886135
1292,324,334,307,327,0.25077399380804954,0.2585139318885449,0.23761609907120743,0.2530959752321981
1293,324,334,308,327,0.2505800464037123,0.25831399845320957,0.23820572312451663,0.2529002320185615
1294,324,334,309,327,0.250386398763524,0.2581143740340031,0.23879443585780524,0.2527047913446677
1295,324,334,309,328,0.2501930501930502,0.2579150579150579,0.2386100386100386,0.25328185328185326
1296,325,334,309,328,0.2507716049382716,0.25771604938271603,0.23842592592592593,0.25308641975308643
1297,325,334,309,329,0.25057825751734775,0.25751734772552043,0.2382420971472629,0.2536622976098689
1298,325,334,310,329,0.25038520801232667,0.2573189522342065,0.23882896764252695,0.25346687211093993
1299,325,335,310,329,0.2501924557351809,0.25789068514241725,0.23864511162432642,0.25327174749807546
1300,326,335,310,329,0.25076923076923074,0.25769230769230766,0.23846153846153847,0.2530769230769231
1301,326,335,311,329,0.25057647963105306,0.25749423520368947,0.23904688700999233,0.2528823981552652
1302,326,335,311,330,0.250384024577573,0.2572964669738863,0.23886328725038403,0.2534562211981567
1303,326,335,312,330,0.25019186492709133,0.25709900230237914,0.23944742900997698,0.25326170376055257
1304,326,335,313,330,0.25,0.25690184049079756,0.24003067484662577,0.25306748466257667
1305,326,335,313,331,0.24980842911877393,0.2567049808429119,0.23984674329501915,0.25363984674329504
1306,326,335,313,332,0.24961715160796324,0.2565084226646248,0.23966309341500766,0.2542113323124043
1307,326,335,314,332,0.24942616679418517,0.2563121652639633,0.24024483550114767,0.2540168324407039
1308,326,335,315,332,0.2492354740061162,0.2561162079510703,0.2408256880733945,0.25382262996941896
1309,326,336,315,332,0.24904507257448433,0.25668449197860965,0.24064171122994651,0.25362872421695953
1310,326,336,315,333,0.24885496183206107,0.2564885496183206,0.24045801526717558,0.25419847328244277
1311,326,337,315,333,0.2486651411136537,0.2570556826849733,0.2402745995423341,0.2540045766590389
1312,326,337,315,334,0.24847560975609756,0.25685975609756095,0.24009146341463414,0.2545731707317073
1313,327,337,315,334,0.24904798172124903,0.25666412795125665,0.2399086062452399,0.25437928408225435
1314,327,337,316,334,0.24885844748858446,0.256468797564688,0.2404870624048706,0.2541856925418569
1315,328,337,316,334,0.2494296577946768,0.25627376425855514,0.2403041825095057,0.2539923954372624
1316,328,337,317,334,0.24924012158054712,0.2560790273556231,0.24088145896656535,0.25379939209726443
1317,328,338,317,334,0.24905087319665908,0.25664388762338647,0.24069855732725892,0.2536066818526955
1318,329,338,317,334,0.2496206373292868,0.2564491654021244,0.24051593323216997,0.2534142640364188
1319,329,338,318,334,0.2494313874147081,0.2562547384382108,0.24109173616376042,0.2532221379833207
1320,329,339,318,334,0.24924242424242424,0.25681818181818183,0.2409090909090909,0.25303030303030305
1321,329,339,319,334,0.24905374716124148,0.25662376987130964,0.24148372445117336,0.2528387585162756
1322,329,339,319,335,0.24886535552193645,0.25642965204236007,0.24130105900151286,0.2534039334341906
1323,329,339,320,335,0.24867724867724866,0.2562358276643991,0.2418745275888133,0.25321239606953894
1324,330,339,320,335,0.24924471299093656,0.25604229607250756,0.24169184290030213,0.25302114803625375
1325,331,339,320,335,0.249811320754717,0.2558490566037736,0.24150943396226415,0.2528301886792453
1326,331,340,320,335,0.24962292609351433,0.2564102564102564,0.24132730015082957,0.2526395173453997
1327,332,340,320,335,0.25018839487565936,0.2562170308967596,0.24114544084400905,0.25244913338357194
1328,333,340,320,335,0.2507530120481928,0.2560240963855422,0.24096385542168675,0.2522590361445783
1329,333,341,320,335,0.2505643340857788,0.2565838976674191,0.24078254326561324,0.2520692249811889
1330,334,341,320,335,0.2511278195488722,0.256390977443609,0.24060150375939848,0.2518796992481203
1331,334,341,321,335,0.25093914350112695,0.256198347107438,0.24117205108940645,0.2516904583020286
1332,334,341,321,336,0.25075075075075076,0.256006006006006,0.240990990990991,0.25225225225225223
1333,334,341,321,337,0.25056264066016504,0.2558139534883721,0.24081020255063765,0.2528132033008252
1334,334,341,321,338,0.25037481259370314,0.2556221889055472,0.24062968515742128,0.25337331334332835
1335,334,341,321,339,0.250187265917603,0.2554307116104869,0.24044943820224718,0.2539325842696629
1336,334,341,321,340,0.25,0.25523952095808383,0.2402694610778443,0.25449101796407186
1337,334,341,322,340,0.24981301421091998,0.2550486163051608,0.24083769633507854,0.2543006731488407
1338,334,342,322,340,0.24962630792227206,0.2556053811659193,0.2406576980568012,0.25411061285500747
1339,335,342,322,340,0.2501867064973861,0.2554144884241972,0.24047796863330845,0.25392083644510827
1340,335,342,323,340,0.25,0.25522388059701495,0.24104477611940298,0.2537313432835821
1341,335,343,323,340,0.24981357196122297,0.255779269202088,0.24086502609992544,0.2535421327367636
1342,336,343,323,340,0.2503725782414307,0.2555886736214605,0.2406855439642325,0.2533532041728763
1343,336,344,323,340,0.2501861504095309,0.2561429635145197,0.24050632911392406,0.25316455696202533
1344,336,344,323,341,0.25,0.25595238095238093,0.24032738095238096,0.2537202380952381
1345,337,344,323,341,0.2505576208178439,0.25576208178438664,0.24014869888475837,0.25353159851301116
1346,337,345,323,341,0.25037147102526003,0.2563150074294205,0.2399702823179792,0.25334323922734026
1347,337,345,324,341,0.2501855976243504,0.2561247216035635,0.24053452115812918,0.25315515961395696
1348,337,346,324,341,0.25,0.25667655786350146,0.2403560830860534,0.2529673590504451
1349,337,346,325,341,0.24981467753891773,0.25648628613787994,0.24091919940696813,0.25277983691623424
1350,337,346,326,341,0.24962962962962962,0.2562962962962963,0.2414814814814815,0.2525925925925926
1351,337,347,326,341,0.24944485566247224,0.25684678016284235,0.24130273871206515,0.2524056254626203
1352,338,347,326,341,0.25,0.2566568047337278,0.2411242603550296,0.2522189349112426
1353,338,348,326,341,0.24981522542498152,0.2572062084257206,0.2409460458240946,0.25203252032520324
1354,338,348,327,341,0.24963072378138848,0.2570162481536189,0.241506646971935,0.2518463810930576
1355,338,348,327,342,0.24944649446494466,0.2568265682656827,0.24132841328413285,0.2523985239852399
1356,339,348,327,342,0.25,0.25663716814159293,0.2411504424778761,0.252212389380531
1357,340,348,327,342,0.2505526897568165,0.25644804716285924,0.24097273397199706,0.2520265291083272
1358,340,348,328,342,0.2503681885125184,0.25625920471281294,0.24153166421207659,0.25184094256259204
1359,341,348,328,342,0.2509197939661516,0.2560706401766004,0.24135393671817512,0.25165562913907286
1360,341,348,329,342,0.25073529411764706,0.25588235294117645,0.24191176470588235,0.2514705882352941
1361,342,348,329,342,0.25128581925055105,0.2556943423952976,0.2417340191036003,0.25128581925055105
1362,342,348,329,343,0.2511013215859031,0.2555066079295154,0.24155653450807635,0.25183553597650515
1363,342,348,330,343,0.2509170946441673,0.2553191489361702,0.2421129860601614,0.2516507703595011
1364,343,348,330,343,0.25146627565982405,0.25513196480938416,0.24193548387096775,0.25146627565982405
1365,343,348,330,344,0.2512820512820513,0.2549450549450549,0.24175824175824176,0.252014652014652
1366,343,348,331,344,0.25109809663250365,0.2547584187408492,0.24231332357247437,0.2518301610541728
1367,344,348,331,344,0.2516459400146306,0.25457205559619606,0.2421360643745428,0.2516459400146306
1368,345,348,331,344,0.25219298245614036,0.2543859649122807,0.24195906432748537,0.25146198830409355
1369,346,348,331,344,0.2527392257121987,0.254200146092038,0.24178232286340395,0.2512783053323594
1370,346,348,331,345,0.25255474452554744,0.25401459854014596,0.2416058394160584,0.2518248175182482
1371,346,348,331,346,0.2523705324580598,0.2538293216630197,0.2414296134208607,0.2523705324580598
1372,346,349,331,346,0.2521865889212828,0.2543731778425656,0.24125364431486881,0.2521865889212828
1373,346,350,331,346,0.2520029133284778,0.25491624180626365,0.24107793153678078,0.2520029133284778
1374,346,350,331,347,0.25181950509461426,0.2547307132459971,0.24090247452692867,0.25254730713246
1375,346,351,331,347,0.25163636363636366,0.25527272727272726,0.24072727272727273,0.25236363636363635
1376,347,351,331,347,0.25218023255813954,0.2550872093023256,0.24055232558139536,0.25218023255813954
1377,347,352,331,347,0.25199709513435004,0.25562817719680464,0.2403776325344953,0.25199709513435004
1378,347,353,331,347,0.25181422351233673,0.25616835994194487,0.24020319303338172,0.25181422351233673
1379,348,353,331,347,0.252356780275562,0.25598259608411894,0.24002900652646847,0.2516316171138506
1380,348,354,331,347,0.25217391304347825,0.2565217391304348,0.2398550724637681,0.2514492753623188
1381,348,355,331,347,0.2519913106444605,0.25706010137581464,0.23968139029688632,0.2512671976828385
1382,349,355,331,347,0.25253256150506515,0.2568740955137482,0.23950795947901593,0.25108538350217074
1383,350,355,331,347,0.2530730296456978,0.25668835864063627,0.2393347794649313,0.25090383224873464
1384,350,355,332,347,0.25289017341040465,0.2565028901734104,0.2398843930635838,0.25072254335260113
1385,351,355,332,347,0.25342960288808664,0.2563176895306859,0.23971119133574006,0.2505415162454874
1386,351,355,332,348,0.2532467532467532,0.25613275613275616,0.23953823953823955,0.2510822510822511
1387,351,355,333,348,0.25306416726748376,0.25594808940158614,0.24008651766402306,0.250901225666907
1388,351,355,333,349,0.25288184438040345,0.2557636887608069,0.23991354466858789,0.25144092219020175
1389,351,355,333,350,0.2526997840172786,0.25557955363570917,0.23974082073434125,0.251979841612671
1390,352,355,333,350,0.25323741007194245,0.25539568345323743,0.239568345323741,0.2517985611510791
1391,353,355,333,350,0.2537742631200575,0.25521207764198417,0.2393961179007908,0.2516175413371675
1392,353,355,334,350,0.2535919540229885,0.2550287356321839,0.23994252873563218,0.2514367816091954
1393,354,355,334,350,0.2541277817659727,0.2548456568557071,0.239770279971285,0.25125628140703515
1394,354,356,334,350,0.2539454806312769,0.25538020086083213,0.23959827833572453,0.25107604017216645
1395,354,357,334,350,0.2537634408602151,0.25591397849462366,0.23942652329749103,0.25089605734767023
1396,355,357,334,350,0.25429799426934097,0.25573065902578795,0.23925501432664756,0.2507163323782235
1397,355,357,334,351,0.2541159627773801,0.25554760200429494,0.23908375089477452,0.25125268432355047
1398,355,358,334,351,0.25393419170243203,0.25608011444921314,0.23891273247496422,0.2510729613733906
1399,356,358,334,351,0.2544674767691208,0.2558970693352395,0.23874195854181557,0.25089349535382416
1400,356,359,334,351,0.2542857142857143,0.25642857142857145,0.23857142857142857,0.2507142857142857
1401,356,359,335,351,0.2541042112776588,0.25624553890078516,0.23911491791577444,0.2505353319057816
1402,357,359,335,351,0.25463623395149787,0.25606276747503565,0.23894436519258203,0.25035663338088443
1403,357,360,335,351,0.25445473984319317,0.25659301496792586,0.23877405559515325,0.25017818959372773
1404,357,360,336,351,0.25427350427350426,0.2564102564102564,0.23931623931623933,0.25
1405,357,360,336,352,0.25409252669039145,0.25622775800711745,0.2391459074733096,0.2505338078291815
1406,357,361,336,352,0.25391180654338547,0.25675675675675674,0.23897581792318634,0.2503556187766714
1407,357,362,336,352,0.2537313432835821,0.2572850035536603,0.23880597014925373,0.2501776830135039
1408,357,362,337,352,0.25355113636363635,0.2571022727272727,0.2393465909090909,0.25
1409,357,362,338,352,0.25337118523775726,0.25691980127750175,0.23988644428672817,0.24982256919801277
1410,357,362,339,352,0.2531914893617021,0.25673758865248225,0.2404255319148936,0.24964539007092199
1411,357,362,339,353,0.25301204819277107,0.2565556343019135,0.24025513819985825,0.25017717930545713
1412,357,362,339,354,0.2528328611898017,0.2563739376770538,0.24008498583569404,0.2507082152974504
1413,357,363,339,354,0.2526539278131635,0.25690021231422505,0.23991507430997877,0.2505307855626327
1414,358,363,339,354,0.2531824611032532,0.2567185289957567,0.23974540311173975,0.25035360678925034
1415,358,364,339,354,0.2530035335689046,0.25724381625441695,0.23957597173144876,0.25017667844522967
1416,359,364,339,354,0.2535310734463277,0.2570621468926554,0.23940677966101695,0.25
1417,359,364,339,355,0.25335215243472126,0.25688073394495414,0.2392378263937897,0.25052928722653495
1418,359,364,340,355,0.2531734837799718,0.2566995768688293,0.2397743300423131,0.25035260930888575
1419,360,364,340,355,0.2536997885835095,0.25651867512332627,0.23960535588442566,0.25017618040873857
1420,360,364,341,355,0.2535211267605634,0.2563380281690141,0.24014084507042255,0.25
1421,360,364,341,356,0.2533427163969036,0.2561576354679803,0.23997185080928923,0.25052779732582686
1422,360,364,342,356,0.25316455696202533,0.2559774964838256,0.24050632911392406,0.25035161744022505
1423,360,364,342,357,0.25298664792691494,0.25579761068165846,0.24033731553056922,0.25087842586085735
1424,360,365,342,357,0.25280898876404495,0.2563202247191011,0.2401685393258427,0.25070224719101125
1425,361,365,342,357,0.25333333333333335,0.256140350877193,0.24,0.2505263157894737
1426,361,365,342,358,0.25315568022440393,0.255960729312763,0.23983169705469845,0.25105189340813466
1427,361,365,343,358,0.2529782761037141,0.255781359495445,0.24036440084092503,0.2508759635599159
1428,362,365,343,358,0.2535014005602241,0.2556022408963585,0.24019607843137256,0.2507002801120448
1429,362,366,343,358,0.25332400279916023,0.2561231630510847,0.24002799160251925,0.25052484254723584
1430,362,366,343,359,0.25314685314685315,0.25594405594405595,0.23986013986013985,0.25104895104895103
1431,362,366,344,359,0.2529699510831586,0.2557651991614256,0.24039133473095736,0.2508735150244584
1432,363,366,344,359,0.2534916201117318,0.25558659217877094,0.24022346368715083,0.2506983240223464
1433,364,366,344,359,0.2540125610607118,0.25540823447313327,0.24005582693649685,0.2505233775296581
1434,364,367,344,359,0.25383542538354253,0.25592747559274753,0.2398884239888424,0.2503486750348675
1435,364,368,344,359,0.25365853658536586,0.2564459930313589,0.2397212543554007,0.25017421602787454
1436,364,368,344,360,0.25348189415041783,0.2562674094707521,0.2395543175487465,0.25069637883008355
1437,365,368,344,360,0.25400139178844816,0.25608907446068196,0.23938761308281142,0.25052192066805845
1438,365,368,345,360,0.25382475660639775,0.25591098748261476,0.23991655076495133,0.25034770514603616
1439,365,368,345,361,0.25364836692147325,0.25573314801945796,0.23974982626824184,0.250868658790827
1440,365,368,346,361,0.2534722222222222,0.25555555555555554,0.24027777777777778,0.25069444444444444
1441,365,368,346,362,0.2532963219986121,0.25537820957668284,0.24011103400416378,0.2512144344205413
1442,365,368,347,362,0.25312066574202496,0.2552011095700416,0.2406380027739251,0.2510402219140083
1443,365,369,347,362,0.25294525294525294,0.25571725571725573,0.24047124047124047,0.25086625086625086
1444,365,369,348,362,0.25277008310249305,0.25554016620498615,0.2409972299168975,0.25069252077562326
1445,365,369,349,362,0.25259515570934254,0.255363321799308,0.24152249134948098,0.2505190311418685
1446,366,369,349,362,0.25311203319502074,0.2551867219917012,0.2413554633471646,0.2503457814661134
1447,366,370,349,362,0.25293711126468554,0.25570145127850724,0.24118866620594334,0.25017277125086385
1448,366,371,349,362,0.2527624309392265,0.2562154696132597,0.24102209944751382,0.25
1449,366,372,349,362,0.2525879917184265,0.2567287784679089,0.24085576259489302,0.24982746721877155
1450,366,372,349,363,0.2524137931034483,0.25655172413793104,0.24068965517241378,0.2503448275862069
1451,366,373,349,363,0.25223983459682975,0.2570640937284631,0.2405237767057202,0.2501722949689869
1452,366,373,349,364,0.25206611570247933,0.2568870523415978,0.2403581267217631,0.25068870523415976
1453,366,374,349,364,0.251892635925671,0.25739848589125947,0.2401927047487956,0.2505161734342739
1454,366,374,350,364,0.2517193947730399,0.25722145804676755,0.2407152682255846,0.25034387895460797
1455,366,375,350,364,0.2515463917525773,0.25773195876288657,0.24054982817869416,0.2501718213058419
1456,366,376,350,364,0.25137362637362637,0.25824175824175827,0.2403846153846154,0.25
1457,366,376,351,364,0.25120109814687713,0.25806451612903225,0.24090597117364448,0.24982841455044613
1458,367,376,351,364,0.25171467764060357,0.2578875171467764,0.24074074074074073,0.2496570644718793
1459,367,376,352,364,0.25154215215901304,0.2577107607950651,0.24126113776559288,0.249485949280329
1460,367,376,353,364,0.2513698630136986,0.25753424657534246,0.24178082191780823,0.2493150684931507
1461,368,376,353,364,0.2518822724161533,0.25735797399041754,0.24161533196440793,0.24914442162902123
1462,368,376,354,364,0.25170998632010944,0.25718194254445964,0.2421340629274966,0.24897400820793433
1463,368,377,354,364,0.25153793574846206,0.2576896787423103,0.24196855775803144,0.24880382775119617
1464,368,378,354,364,0.25136612021857924,0.2581967213114754,0.24180327868852458,0.24863387978142076
1465,369,378,354,364,0.25187713310580206,0.25802047781569964,0.2416382252559727,0.2484641638225256
1466,369,378,355,364,0.25170532060027284,0.2578444747612551,0.2421555252387449,0.24829467939972716
1467,369,378,356,364,0.25153374233128833,0.25766871165644173,0.24267211997273347,0.24812542603953647
1468,369,379,356,364,0.2513623978201635,0.25817438692098094,0.24250681198910082,0.24795640326975477
1469,369,380,356,364,0.25119128658951667,0.2586793737236215,0.2423417290673928,0.24778761061946902
1470,369,380,357,364,0.2510204081632653,0.2585034013605442,0.24285714285714285,0.24761904761904763
1471,369,381,357,364,0.25084976206662135,0.2590074779061863,0.24269204622705642,0.24745071380013597
1472,370,381,357,364,0.2513586956521739,0.25883152173913043,0.2425271739130435,0.24728260869565216
1473,370,382,357,364,0.25118805159538354,0.2593346911065852,0.24236252545824846,0.24711473183978275
1474,370,383,357,364,0.2510176390773406,0.2598371777476255,0.24219810040705564,0.24694708276797828
1475,370,383,357,365,0.25084745762711863,0.25966101694915256,0.24203389830508473,0.24745762711864408
1476,370,383,357,366,0.2506775067750677,0.2594850948509485,0.241869918699187,0.24796747967479674
1477,370,383,358,366,0.25050778605280977,0.2593094109681787,0.24238320920785375,0.24779959377115776
1478,370,383,359,366,0.2503382949932341,0.2591339648173207,0.2428958051420839,0.2476319350473613
1479,371,383,359,366,0.2508451656524679,0.2589587559161596,0.2427315753887762,0.24746450304259635
1480,371,383,359,367,0.25067567567567567,0.2587837837837838,0.24256756756756756,0.24797297297297297
1481,371,383,359,368,0.25050641458474004,0.2586090479405807,0.24240378122889938,0.24848075624577987
1482,371,383,359,369,0.25033738191632926,0.2584345479082321,0.24224021592442646,0.24898785425101214
1483,371,384,359,369,0.25016857720836144,0.2589345920431558,0.24207687120701282,0.24881995954147
1484,371,384,360,369,0.25,0.2587601078167116,0.24258760107816713,0.2486522911051213
1485,372,384,360,369,0.2505050505050505,0.2585858585858586,0.24242424242424243,0.24848484848484848
1486,373,384,360,369,0.2510094212651413,0.25841184387617766,0.24226110363391656,0.24831763122476447
1487,373,384,360,370,0.2508406186953598,0.2582380632145259,0.242098184263618,0.2488231338264963
1488,373,384,361,370,0.2506720430107527,0.25806451612903225,0.24260752688172044,0.24865591397849462
1489,373,384,361,371,0.25050369375419745,0.25789120214909333,0.24244459368703827,0.2491605104096709
1490,373,384,362,371,0.25033557046979865,0.25771812080536916,0.24295302013422818,0.24899328859060402
1491,374,384,362,371,0.25083836351441985,0.2575452716297787,0.24279007377598927,0.24882629107981222
1492,374,385,362,371,0.25067024128686327,0.25804289544235925,0.24262734584450402,0.24865951742627346
1493,374,385,362,372,0.2505023442732753,0.2578700602813128,0.24246483590087073,0.2491627595445412
1494,374,386,362,372,0.250334672021419,0.2583668005354752,0.24230254350736277,0.24899598393574296
1495,374,386,363,372,0.25016722408026754,0.2581939799331104,0.24280936454849497,0.24882943143812708
1496,374,386,364,372,0.25,0.2580213903743315,0.24331550802139038,0.24866310160427807
1497,374,386,364,373,0.24983299933199732,0.2578490313961256,0.24315297261189045,0.24916499665998665
1498,374,387,364,373,0.24966622162883845,0.2583444592790387,0.24299065420560748,0.24899866488651534
1499,375,387,364,373,0.2501667778519013,0.2581721147431621,0.2428285523682455,0.24883255503669113
1500,375,387,364,374,0.25,0.258,0.24266666666666667,0.24933333333333332
1501,375,388,364,374,0.2498334443704197,0.25849433710859426,0.24250499666888742,0.2491672218520986
1502,376,388,364,374,0.25033288948069243,0.2583222370173103,0.24234354194407456,0.24900133155792276
1503,376,389,364,374,0.25016633399866933,0.2588157019294744,0.24218230206254157,0.2488356620093147
1504,376,390,364,374,0.25,0.25930851063829785,0.24202127659574468,0.24867021276595744
1505,376,391,364,374,0.24983388704318937,0.25980066445182726,0.24186046511627907,0.24850498338870433
1506,376,391,364,375,0.249667994687915,0.2596281540504648,0.24169986719787517,0.24900398406374502
1507,376,392,364,375,0.24950232249502322,0.2601194426011944,0.24153948241539483,0.24883875248838752
1508,377,392,364,375,0.25,0.259946949602122,0.2413793103448276,0.2486737400530504
1509,378,392,364,375,0.2504970178926441,0.2597746852220013,0.24121935056328694,0.2485089463220676
1510,378,392,364,376,0.2503311258278146,0.2596026490066225,0.2410596026490066,0.24900662251655628
1511,378,392,365,376,0.2501654533421575,0.25943084050297816,0.2415618795499669,0.24884182660489743
1512,378,392,366,376,0.25,0.25925925925925924,0.24206349206349206,0.24867724867724866
1513,379,392,366,376,0.25049570389953735,0.2590879048248513,0.2419035029742234,0.24851288830138796
1514,379,392,367,376,0.25033025099075296,0.25891677675033026,0.24240422721268165,0.24834874504623514
1515,379,392,368,376,0.2501650165016502,0.25874587458745874,0.2429042904290429,0.24818481848184817
1516,379,392,369,376,0.25,0.25857519788918204,0.2434036939313984,0.24802110817941952
1517,380,392,369,376,0.2504943968358603,0.2584047462096243,0.24324324324324326,0.24785761371127224
1518,380,392,369,377,0.2503293807641634,0.25823451910408435,0.24308300395256918,0.24835309617918314
1519,380,392,369,378,0.250164581961817,0.25806451612903225,0.24292297564186965,0.2488479262672811
1520,381,392,369,378,0.2506578947368421,0.2578947368421053,0.24276315789473685,0.24868421052631579
1521,381,392,369,379,0.2504930966469428,0.2577251808021039,0.24260355029585798,0.24917817225509534
1522,382,392,369,379,0.25098554533508544,0.2575558475689882,0.24244415243101183,0.2490144546649146
1523,382,392,369,380,0.2508207485226527,0.2573867367038739,0.242284963887065,0.2495075508864084
1524,382,393,369,380,0.25065616797900264,0.2578740157480315,0.2421259842519685,0.24934383202099739
1525,382,393,369,381,0.25049180327868853,0.2577049180327869,0.2419672131147541,0.2498360655737705
1526,383,393,369,381,0.2509829619921363,0.2575360419397117,0.2418086500655308,0.24967234600262123
1527,383,394,369,381,0.2508185985592665,0.25802226588081206,0.24165029469548133,0.24950884086444008
1528,383,394,370,381,0.2506544502617801,0.25785340314136124,0.24214659685863874,0.2493455497382199
1529,383,395,370,381,0.25049051667756705,0.25833878351863965,0.2419882275997384,0.24918247220405493
1530,384,395,370,381,0.25098039215686274,0.2581699346405229,0.24183006535947713,0.24901960784313726
1531,384,395,371,381,0.25081645983017636,0.25800130633572826,0.24232527759634226,0.2488569562377531
1532,385,395,371,381,0.25130548302872063,0.25783289817232374,0.24216710182767623,0.24869451697127937
1533,385,396,371,381,0.2511415525114155,0.2583170254403131,0.2420091324200913,0.24853228962818003
1534,385,397,371,381,0.25097783572359844,0.2588005215123859,0.24185136897001303,0.24837027379400262
1535,385,397,372,381,0.250814332247557,0.2586319218241042,0.24234527687296417,0.24820846905537458
1536,385,397,373,381,0.2506510416666667,0.2584635416666667,0.24283854166666666,0.248046875
1537,385,398,373,381,0.2504879635653871,0.25894599869876384,0.24268054651919324,0.24788549121665582
1538,385,399,373,381,0.2503250975292588,0.25942782834850453,0.2425227568270481,0.24772431729518857
1539,385,399,374,381,0.25016244314489927,0.25925925925925924,0.24301494476933072,0.2475633528265107
1540,385,400,374,381,0.25,0.2597402597402597,0.24285714285714285,0.2474025974025974
1541,385,400,375,381,0.24983776768332253,0.25957170668397145,0.24334847501622323,0.2472420506164828
1542,385,400,376,381,0.2496757457846952,0.2594033722438392,0.2438391699092088,0.24708171206225682
1543,385,400,376,382,0.24951393389500973,0.2592352559948153,0.2436811406351264,0.2475696694750486
1544,385,400,377,382,0.24935233160621761,0.25906735751295334,0.24417098445595856,0.24740932642487046
1545,385,400,377,383,0.24919093851132687,0.2588996763754045,0.24401294498381876,0.24789644012944984
1546,385,401,377,383,0.24902975420439843,0.259379042690815,0.24385510996119017,0.24773609314359638
1547,386,401,377,383,0.24951519069166128,0.2592113768584357,0.24369747899159663,0.2475759534583064
1548,386,402,377,383,0.24935400516795866,0.2596899224806202,0.24354005167958656,0.24741602067183463
1549,387,402,377,383,0.24983860555196902,0.25952227243382825,0.2433828276307295,0.2472562943834732
1550,388,402,377,383,0.2503225806451613,0.2593548387096774,0.2432258064516129,0.2470967741935484
1551,388,402,377,384,0.2501611863313991,0.25918762088974856,0.24306898774983882,0.24758220502901354
1552,388,403,377,384,0.25,0.25966494845360827,0.24291237113402062,0.24742268041237114
1553,388,403,377,385,0.2498390212491951,0.25949774629748873,0.2427559562137798,0.24790727623953637
1554,388,404,377,385,0.24967824967824967,0.25997425997426,0.2425997425997426,0.24774774774774774
1555,388,405,377,385,0.24951768488745982,0.2604501607717042,0.24244372990353696,0.24758842443729903
1556,388,405,377,386,0.2493573264781491,0.2602827763496144,0.2422879177377892,0.2480719794344473
1557,388,406,377,386,0.2491971740526654,0.2607578676942839,0.24213230571612074,0.24791265253692998
1558,388,407,377,386,0.2490372272143774,0.2612323491655969,0.24197689345314505,0.24775353016688062
1559,388,407,377,387,0.24887748556767159,0.2610647851186658,0.2418216805644644,0.2482360487491982
1560,388,407,377,388,0.24871794871794872,0.2608974358974359,0.24166666666666667,0.24871794871794872
1561,388,408,377,388,0.24855861627162076,0.26137091607943624,0.24151185137732223,0.24855861627162076
1562,389,408,377,388,0.24903969270166454,0.2612035851472471,0.2413572343149808,0.24839948783610755
1563,390,408,377,388,0.2495201535508637,0.26103646833013433,0.24120281509916827,0.24824056301983366
1564,390,409,377,388,0.24936061381074168,0.2615089514066496,0.24104859335038364,0.24808184143222506
1565,391,409,377,388,0.2498402555910543,0.2613418530351438,0.24089456869009584,0.24792332268370607
1566,391,410,377,388,0.24968071519795657,0.26181353767560667,0.24074074074074073,0.24776500638569604
1567,391,410,378,388,0.24952137843012126,0.2616464582003829,0.2412252712188896,0.24760689215060624
1568,391,410,378,389,0.2493622448979592,0.2614795918367347,0.24107142857142858,0.24808673469387754
1569,391,410,379,389,0.24920331421287445,0.26131293817718293,0.24155513065646908,0.24792861695347354
1570,391,410,379,390,0.24904458598726115,0.2611464968152866,0.24140127388535032,0.2484076433121019
1571,392,410,379,390,0.2495225970719287,0.2609802673456397,0.24124761298535966,0.24824952259707192
1572,393,410,379,390,0.25,0.2608142493638677,0.2410941475826972,0.2480916030534351
1573,393,410,380,390,0.2498410680228862,0.2606484424666243,0.24157660521296884,0.24793388429752067
1574,393,410,380,391,0.2496823379923761,0.2604828462515883,0.241423125794155,0.24841168996188057
1575,393,410,380,392,0.24952380952380954,0.26031746031746034,0.24126984126984127,0.24888888888888888
1576,394,410,380,392,0.25,0.26015228426395937,0.24111675126903553,0.24873096446700507
1577,395,410,380,392,0.25047558655675334,0.25998731769181993,0.24096385542168675,0.24857324032974001
1578,395,410,381,392,0.2503168567807351,0.2598225602027883,0.2414448669201521,0.24841571609632446
1579,396,410,381,392,0.25079164027865736,0.25965801139962,0.24129195693476885,0.24825839138695377
1580,396,410,381,393,0.25063291139240507,0.25949367088607594,0.24113924050632912,0.24873417721518987
1581,396,410,381,394,0.2504743833017078,0.2593295382669197,0.2409867172675522,0.24920936116382036
1582,396,411,381,394,0.2503160556257901,0.25979772439949433,0.24083438685208597,0.24905183312262957
1583,396,411,381,395,0.25015792798483893,0.25963360707517374,0.2406822488945041,0.24952621604548325
1584,396,411,382,395,0.25,0.25946969696969696,0.24116161616161616,0.24936868686868688
1585,396,412,382,395,0.24984227129337538,0.2599369085173502,0.24100946372239748,0.24921135646687698
1586,396,413,382,395,0.24968474148802017,0.2604035308953342,0.2408575031525851,0.24905422446406053
1587,397,413,382,395,0.25015752993068685,0.260239445494644,0.240705734089477,0.24889729048519219
1588,397,413,382,396,0.25,0.2600755667506297,0.24055415617128464,0.24937027707808565
1589,397,413,383,396,0.24984266834487098,0.2599118942731278,0.24103209565764633,0.24921334172435494
1590,397,414,383,396,0.24968553459119497,0.26037735849056604,0.2408805031446541,0.2490566037735849
1591,398,414,383,396,0.2501571338780641,0.26021370207416716,0.24072910119421748,0.24890006285355123
1592,399,414,383,396,0.2506281407035176,0.2600502512562814,0.24057788944723618,0.24874371859296482
1593,399,415,383,396,0.2504708097928437,0.26051475204017577,0.24042686754551162,0.24858757062146894
1594,399,415,383,397,0.25031367628607276,0.2603513174404015,0.24027603513174403,0.2490589711417817
1595,399,415,384,397,0.2501567398119122,0.2601880877742947,0.24075235109717869,0.24890282131661443
1596,400,415,384,397,0.2506265664160401,0.2600250626566416,0.24060150375939848,0.2487468671679198
1597,401,415,384,397,0.2510958046336882,0.2598622417031935,0.24045084533500313,0.2485911083281152
1598,402,415,384,397,0.25156445556946183,0.2596996245306633,0.24030037546933666,0.24843554443053817
1599,402,415,385,397,0.25140712945590993,0.2595372107567229,0.2407754846779237,0.2482801751094434
1600,402,416,385,397,0.25125,0.26,0.240625,0.248125
1601,402,417,385,397,0.25109306683322924,0.26046221111805123,0.24047470331043097,0.24797001873828858
1602,402,417,385,398,0.250936329588015,0.2602996254681648,0.24032459425717853,0.2484394506866417
1603,402,417,386,398,0.25077978789769184,0.2601372426699938,0.24079850280723644,0.24828446662507797
1604,402,417,386,399,0.2506234413965087,0.25997506234413964,0.24064837905236908,0.24875311720698254
1605,402,417,387,399,0.2504672897196262,0.25981308411214954,0.2411214953271028,0.2485981308411215
1606,402,417,388,399,0.2503113325031133,0.25965130759651306,0.24159402241594022,0.24844333748443337
1607,402,417,389,399,0.25015556938394523,0.2594897324206596,0.24206596141879277,0.24828873677660238
1608,402,417,389,400,0.25,0.2593283582089552,0.24191542288557213,0.24875621890547264
1609,402,417,389,401,0.24984462399005594,0.2591671845866998,0.24176507147296458,0.24922311995027968
1610,402,418,389,401,0.2496894409937888,0.2596273291925466,0.24161490683229814,0.24906832298136647
1611,403,418,389,401,0.250155183116077,0.2594661700806952,0.2414649286157666,0.2489137181874612
1612,403,418,390,401,0.25,0.25930521091811415,0.24193548387096775,0.2487593052109181
1613,403,419,390,401,0.24984500929944203,0.2597644141351519,0.24178549287042778,0.2486050836949783
1614,403,420,390,401,0.2496902106567534,0.26022304832713755,0.241635687732342,0.24845105328376704
1615,403,420,390,402,0.24953560371517028,0.26006191950464397,0.24148606811145512,0.24891640866873066
1616,404,420,390,402,0.25,0.2599009900990099,0.24133663366336633,0.24876237623762376
1617,404,420,390,403,0.24984539270253556,0.2597402597402597,0.24118738404452691,0.24922696351267778
1618,404,420,391,403,0.24969097651421507,0.2595797280593325,0.24165636588380718,0.24907292954264523
1619,404,421,391,403,0.24953675108091414,0.2600370599135269,0.24150710315009266,0.24891908585546635
1620,404,421,392,403,0.24938271604938272,0.2598765432098765,0.2419753086419753,0.24876543209876542
1621,405,421,392,403,0.2498457742134485,0.25971622455274523,0.2418260333127699,0.2486119679210364
1622,405,421,392,404,0.249691738594328,0.2595561035758323,0.24167694204685575,0.24907521578298397
1623,405,422,392,404,0.24953789279112754,0.26001232285890324,0.24152803450400492,0.24892174984596427
1624,405,423,392,404,0.24938423645320196,0.2604679802955665,0.2413793103448276,0.24876847290640394
1625,406,423,392,404,0.24984615384615386,0.2603076923076923,0.24123076923076922,0.24861538461538463
1626,406,423,393,404,0.24969249692496925,0.26014760147601473,0.24169741697416974,0.24846248462484624
1627,407,423,393,404,0.2501536570374923,0.2599877074370006,0.24154886293792255,0.24830977258758452
1628,407,423,394,404,0.25,0.25982800982800985,0.24201474201474202,0.24815724815724816
1629,408,423,394,404,0.2504604051565378,0.2596685082872928,0.24186617556783302,0.2480049109883364
1630,408,423,394,405,0.25030674846625767,0.25950920245398773,0.24171779141104294,0.24846625766871167
1631,408,423,394,406,0.25015328019619865,0.2593500919681177,0.24156958920907418,0.24892703862660945
1632,408,423,395,406,0.25,0.25919117647058826,0.2420343137254902,0.24877450980392157
1633,408,423,396,406,0.24984690753214941,0.25903245560318433,0.2424984690753215,0.24862216778934476
1634,408,424,396,406,0.24969400244798043,0.2594859241126071,0.2423500611995104,0.2484700122399021
1635,409,424,396,406,0.25015290519877675,0.25932721712538226,0.24220183486238533,0.24831804281345565
1636,410,424,396,406,0.2506112469437653,0.2591687041564792,0.24205378973105135,0.24816625916870416
1637,410,424,397,406,0.25045815516188147,0.259010384850336,0.24251679902260231,0.2480146609651802
1638,410,425,397,406,0.2503052503052503,0.2594627594627595,0.24236874236874237,0.24786324786324787
1639,410,425,398,406,0.25015253203172666,0.2593044539353264,0.24283099450884685,0.24771201952410007
1640,410,426,398,406,0.25,0.2597560975609756,0.2426829268292683,0.2475609756097561
1641,411,426,398,406,0.25045703839122485,0.2595978062157221,0.2425350396099939,0.2474101157830591
1642,412,426,398,406,0.25091352009744217,0.25943970767356883,0.24238733252131547,0.24725943970767356
1643,413,426,398,406,0.2513694461351187,0.2592818015824711,0.24223980523432745,0.24710894704808278
1644,413,426,398,407,0.25121654501216545,0.2591240875912409,0.24209245742092458,0.2475669099756691
1645,414,426,398,407,0.25167173252279634,0.2589665653495441,0.2419452887537994,0.2474164133738602
1646,415,426,398,407,0.25212636695018226,0.25880923450789795,0.24179829890643986,0.24726609963547996
1647,416,426,398,407,0.25258044930176077,0.2586520947176685,0.2416514875531269,0.24711596842744385
1648,417,426,398,407,0.2530339805825243,0.25849514563106796,0.24150485436893204,0.24696601941747573
1649,417,427,398,407,0.25288053365676166,0.25894481503941785,0.24135839902971498,0.24681625227410553
1650,418,427,398,407,0.25333333333333335,0.2587878787878788,0.2412121212121212,0.24666666666666667
1651,418,427,398,408,0.2531798909751666,0.2586311326468807,0.24106602059357965,0.2471229557843731
1652,418,427,399,408,0.25302663438256656,0.2584745762711864,0.24152542372881355,0.2469733656174334
1653,419,427,399,408,0.2534785238959468,0.25831820931639443,0.2413793103448276,0.24682395644283123
1654,419,428,399,408,0.25332527206771466,0.2587666263603386,0.24123337363966144,0.24667472793228537
1655,419,429,399,408,0.25317220543806646,0.259214501510574,0.24108761329305137,0.24652567975830816
1656,419,429,400,408,0.2530193236714976,0.25905797101449274,0.24154589371980675,0.2463768115942029
1657,420,429,400,408,0.25347012673506336,0.25890162945081474,0.24140012070006034,0.24622812311406156
1658,420,429,401,408,0.25331724969843183,0.258745476477684,0.24185765983112184,0.24607961399276237
1659,420,430,401,408,0.25316455696202533,0.2591922845087402,0.24171187462326701,0.24593128390596744
1660,421,430,401,408,0.2536144578313253,0.25903614457831325,0.24156626506024095,0.2457831325301205
1661,422,430,401,408,0.2540638169777243,0.2588801926550271,0.24142083082480434,0.2456351595424443
1662,422,430,402,408,0.2539109506618532,0.25872442839951865,0.24187725631768953,0.24548736462093862
1663,422,430,403,408,0.25375826819001807,0.25856885147324116,0.2423331328923632,0.24533974744437764
1664,422,431,403,408,0.2536057692307692,0.2590144230769231,0.2421875,0.24519230769230768
1665,422,432,403,408,0.25345345345345344,0.2594594594594595,0.24204204204204205,0.24504504504504504
1666,422,433,403,408,0.2533013205282113,0.25990396158463386,0.2418967587034814,0.24489795918367346
1667,422,434,403,408,0.2531493701259748,0.26034793041391724,0.241751649670066,0.244751049790042
1668,422,435,403,408,0.2529976019184652,0.2607913669064748,0.24160671462829736,0.2446043165467626
1669,422,436,403,408,0.25284601557819053,0.26123427201917315,0.2414619532654284,0.2444577591372079
1670,423,436,403,408,0.25329341317365267,0.26107784431137726,0.24131736526946107,0.24431137724550897
1671,423,436,404,408,0.25314183123877915,0.26092160383004187,0.24177139437462597,0.24416517055655296
1672,424,436,404,408,0.2535885167464115,0.2607655502392344,0.24162679425837322,0.24401913875598086
1673,424,437,404,408,0.2534369396294083,0.2612074118350269,0.24148236700537956,0.2438732815301853
1674,424,437,405,408,0.2532855436081243,0.26105137395459976,0.24193548387096775,0.24372759856630824
1675,425,437,405,408,0.2537313432835821,0.2608955223880597,0.2417910447761194,0.2435820895522388
1676,425,438,405,408,0.2535799522673031,0.2613365155131265,0.24164677804295942,0.24343675417661098
1677,426,438,405,408,0.25402504472271914,0.26118067978533094,0.24150268336314848,0.24329159212880144
1678,426,439,405,408,0.25387365911799764,0.26162097735399287,0.24135876042908225,0.2431466030989273
1679,426,439,406,408,0.2537224538415724,0.2614651578320429,0.2418106015485408,0.24300178677784395
1680,427,439,406,408,0.25416666666666665,0.2613095238095238,0.24166666666666667,0.24285714285714285
1681,427,439,406,409,0.2540154669839381,0.2611540749553837,0.2415229030339084,0.2433075550267698
1682,428,439,406,409,0.2544589774078478,0.2609988109393579,0.2413793103448276,0.2431629013079667
1683,428,439,407,409,0.25430778371954843,0.2608437314319667,0.24183006535947713,0.24301841948900774
1684,428,439,407,410,0.25415676959619954,0.26068883610451304,0.24168646080760095,0.24346793349168647
1685,429,439,407,410,0.2545994065281899,0.2605341246290801,0.24154302670623146,0.2433234421364985
1686,430,439,407,410,0.25504151838671413,0.26037959667852906,0.24139976275207592,0.2431791221826809
1687,430,439,408,410,0.2548903378778897,0.26022525192649676,0.24184943687018376,0.24303497332542975
1688,431,439,408,410,0.2553317535545024,0.26007109004739337,0.24170616113744076,0.24289099526066352
1689,432,439,408,410,0.2557726465364121,0.2599171107164002,0.24156305506216696,0.2427471876850207
1690,432,439,409,410,0.2556213017751479,0.25976331360946747,0.24201183431952664,0.24260355029585798
1691,432,439,409,411,0.2554701360141928,0.25960969840331166,0.24186871673565938,0.2430514488468362
1692,432,439,410,411,0.2553191489361702,0.2594562647754137,0.24231678486997635,0.2429078014184397
1693,432,440,410,411,0.2551683402244536,0.2598936798582398,0.24217365623154163,0.24276432368576492
1694,432,440,410,412,0.2550177095631641,0.2597402597402597,0.24203069657615112,0.24321133412042503
1695,432,440,410,413,0.25486725663716814,0.25958702064896755,0.24188790560471976,0.24365781710914455
1696,432,440,410,414,0.25471698113207547,0.25943396226415094,0.2417452830188679,0.24410377358490565
1697,432,441,410,414,0.2545668827342369,0.25987035945786685,0.24160282852091927,0.24395992928697702
1698,432,441,410,415,0.254416961130742,0.2597173144876325,0.2414605418138987,0.24440518256772673
1699,433,441,410,415,0.2548557975279576,0.2595644496762802,0.2413184226015303,0.2442613301942319
1700,433,441,410,416,0.25470588235294117,0.25941176470588234,0.2411764705882353,0.2447058823529412
1701,434,441,410,416,0.2551440329218107,0.25925925925925924,0.24103468547912993,0.24456202233980012
1702,434,441,410,417,0.25499412455934195,0.2591069330199765,0.2408930669800235,0.24500587544065805
1703,434,442,410,417,0.25484439224897243,0.2595419847328244,0.24075161479741633,0.24486200822078685
1704,434,442,411,417,0.2546948356807512,0.25938967136150237,0.24119718309859156,0.24471830985915494
1705,434,443,411,417,0.2545454545454545,0.2598240469208211,0.24105571847507332,0.24457478005865102
1706,434,443,411,418,0.2543962485345838,0.2596717467760844,0.24091441969519342,0.24501758499413834
1707,435,443,411,418,0.2548330404217926,0.2595196250732279,0.24077328646748683,0.2448740480374927
1708,435,443,411,419,0.2546838407494145,0.25936768149882905,0.24063231850117095,0.24531615925058547
1709,436,443,411,419,0.25511995318899944,0.2592159157401989,0.24049151550614395,0.2451726155646577
1710,436,443,411,420,0.2549707602339181,0.2590643274853801,0.24035087719298245,0.24561403508771928
1711,437,443,411,420,0.255406195207481,0.25891291642314435,0.2402104032729398,0.24547048509643482
1712,437,443,411,421,0.2552570093457944,0.2587616822429907,0.24007009345794392,0.24591121495327103
1713,437,443,411,422,0.2551079976649154,0.258610624635143,0.23992994746059546,0.24635143023934616
1714,437,444,411,422,0.25495915985997664,0.2590431738623104,0.2397899649941657,0.24620770128354727
1715,437,445,411,422,0.2548104956268222,0.2594752186588921,0.23965014577259475,0.24606413994169096
1716,437,445,411,423,0.25466200466200467,0.25932400932400934,0.2395104895104895,0.2465034965034965
1717,437,446,411,423,0.2545136866627839,0.2597553873034362,0.23937099592312172,0.24635993011065813
1718,438,446,411,423,0.2549476135040745,0.259604190919674,0.23923166472642607,0.24621653084982537
1719,438,446,411,424,0.2547993019197208,0.25945317044793487,0.23909249563699825,0.24665503199534614
1720,438,446,411,425,0.25465116279069766,0.2593023255813954,0.23895348837209301,0.24709302325581395
1721,438,446,412,425,0.2545031958163858,0.25915165601394535,0.23939570017431724,0.24694944799535154
1722,438,446,413,425,0.25435540069686413,0.2590011614401858,0.23983739837398374,0.24680603948896632
1723,438,447,413,425,0.2542077771329077,0.2594312246082414,0.23969820081253626,0.24666279744631456
1724,438,447,413,426,0.25406032482598606,0.25928074245939675,0.23955916473317865,0.2470997679814385
1725,439,447,413,426,0.2544927536231884,0.2591304347826087,0.23942028985507247,0.24695652173913044
1726,439,447,413,427,0.25434530706836617,0.2589803012746234,0.23928157589803012,0.2473928157589803
1727,439,447,413,428,0.254198031268095,0.2588303416328894,0.23914302258251302,0.2478286045165026
1728,439,447,413,429,0.25405092592592593,0.2586805555555556,0.23900462962962962,0.2482638888888889
1729,440,447,413,429,0.25448235974551764,0.25853094274146904,0.2388663967611336,0.24812030075187969
1730,440,448,413,429,0.2543352601156069,0.2589595375722543,0.23872832369942196,0.24797687861271675
1731,440,448,413,430,0.2541883304448296,0.2588099364529174,0.2385904101675332,0.24841132293471982
1732,440,449,413,430,0.2540415704387991,0.2592378752886836,0.2384526558891455,0.24826789838337182
1733,441,449,413,430,0.25447201384881707,0.2590882862088863,0.23831506058857474,0.24812463935372187
1734,441,449,413,431,0.25432525951557095,0.25893886966551327,0.23817762399077277,0.248558246828143
1735,441,449,413,432,0.25417867435158503,0.25878962536023054,0.23804034582132566,0.2489913544668588
1736,441,449,413,433,0.2540322580645161,0.2586405529953917,0.23790322580645162,0.24942396313364054
1737,442,449,413,433,0.25446171560161196,0.2584916522740357,0.2377662636729994,0.2492803684513529
1738,442,449,414,433,0.25431530494821636,0.2583429228998849,0.238204833141542,0.24913693901035674
1739,442,449,414,434,0.25416906267970096,0.2581943645773433,0.2380678550891317,0.24956871765382405
1740,442,450,414,434,0.2540229885057471,0.25862068965517243,0.23793103448275862,0.24942528735632183
1741,442,451,414,434,0.25387708213670307,0.25904652498564046,0.23779437105112006,0.24928202182653647
1742,443,451,414,434,0.25430539609644087,0.25889781859931116,0.23765786452353616,0.24913892078071181
1743,443,452,414,434,0.25415949512335057,0.2593230063109581,0.23752151462994836,0.24899598393574296
1744,444,452,414,434,0.2545871559633027,0.2591743119266055,0.23738532110091742,0.24885321100917432
1745,444,452,414,435,0.2544412607449857,0.25902578796561604,0.23724928366762177,0.2492836676217765
1746,444,452,415,435,0.2542955326460481,0.2588774341351661,0.2376861397479954,0.24914089347079038
1747,445,452,415,435,0.25472238122495705,0.25872925014310244,0.23755008586147683,0.24899828277046365
1748,445,452,416,435,0.2545766590389016,0.2585812356979405,0.2379862700228833,0.2488558352402746
1749,445,453,416,435,0.25443110348770726,0.25900514579759865,0.23785020011435107,0.24871355060034306
1750,445,454,416,435,0.2542857142857143,0.25942857142857145,0.2377142857142857,0.24857142857142858
1751,445,455,416,435,0.2541404911479155,0.25985151342090235,0.23757852655625358,0.24842946887492862
1752,445,455,417,435,0.2539954337899543,0.259703196347032,0.238013698630137,0.2482876712328767
1753,445,456,417,435,0.25385054192812323,0.26012549914432403,0.2378779235596121,0.24814603536794066
1754,445,456,417,436,0.2537058152793615,0.25997719498289623,0.2377423033067275,0.24857468643101482
1755,445,457,417,436,0.2535612535612536,0.2603988603988604,0.2376068376068376,0.24843304843304842
1756,445,458,417,436,0.25341685649202733,0.2608200455580866,0.23747152619589978,0.24829157175398633
1757,445,458,417,437,0.2532726237905521,0.26067159931701767,0.2373363688104724,0.2487194080819579
1758,445,458,417,438,0.25312855517633676,0.2605233219567691,0.23720136518771331,0.24914675767918087
1759,445,458,418,438,0.25298465036952816,0.2603752131893121,0.23763501989766914,0.2490051165434906
1760,446,458,418,438,0.2534090909090909,0.26022727272727275,0.2375,0.24886363636363637
1761,447,458,418,438,0.25383304940374785,0.26007950028392957,0.23736513344690516,0.24872231686541738
1762,448,458,418,438,0.2542565266742338,0.2599318955732123,0.23723041997729852,0.24858115777525538
1763,449,458,418,438,0.2546795235394214,0.2597844583096994,0.23709585933068633,0.24844015882019285
1764,449,459,418,438,0.2545351473922903,0.2602040816326531,0.23696145124716553,0.24829931972789115
1765,450,459,418,438,0.254957507082153,0.26005665722379606,0.2368271954674221,0.2481586402266289
1766,450,459,419,438,0.2548131370328426,0.2599093997734994,0.23725934314835787,0.2480181200453001
1767,450,459,419,439,0.2546689303904924,0.2597623089983022,0.23712507074136954,0.2484436898698359
1768,451,459,419,439,0.25509049773755654,0.25961538461538464,0.23699095022624433,0.24830316742081449
1769,452,459,419,439,0.25551158846806105,0.2594686263425664,0.23685698134539288,0.24816280384397965
1770,452,460,419,439,0.25536723163841807,0.2598870056497175,0.23672316384180792,0.2480225988700565
1771,453,460,419,439,0.25578769057029926,0.2597402597402597,0.2365894974590627,0.2478825522303783
1772,453,461,419,439,0.25564334085778784,0.2601580135440181,0.23645598194130926,0.24774266365688488
1773,453,461,419,440,0.25549915397631134,0.26001128031584886,0.23632261703327692,0.24816694867456288
1774,453,462,419,440,0.25535512965050733,0.26042841037204056,0.23618940248027057,0.2480270574971815
1775,453,462,420,440,0.2552112676056338,0.26028169014084507,0.23661971830985915,0.24788732394366197
1776,453,462,421,440,0.25506756756756754,0.26013513513513514,0.23704954954954954,0.24774774774774774
1777,454,462,421,440,0.2554867754642656,0.25998874507597075,0.236916150815982,0.24760832864378166
1778,455,462,421,440,0.2559055118110236,0.25984251968503935,0.23678290213723285,0.24746906636670415
1779,455,462,422,440,0.25576166385609894,0.2596964586846543,0.23721191680719506,0.2473299606520517
1780,455,462,422,441,0.2556179775280899,0.2595505617977528,0.23707865168539327,0.24775280898876403
1781,455,462,422,442,0.25547445255474455,0.25940482874789444,0.2369455362156092,0.24817518248175183
1782,455,463,422,442,0.255331088664422,0.25982042648709314,0.23681257014590348,0.24803591470258138
1783,456,463,422,442,0.2557487380818845,0.2596747055524397,0.23667975322490184,0.24789680314077397
1784,456,463,423,442,0.2556053811659193,0.2595291479820628,0.23710762331838564,0.24775784753363228
1785,457,463,423,442,0.2560224089635854,0.2593837535014006,0.23697478991596638,0.24761904761904763
1786,457,463,424,442,0.2558790593505039,0.25923852183650614,0.2374020156774916,0.24748040313549832
1787,457,464,424,442,0.2557358701734751,0.259653049804141,0.23726916620033575,0.24734191382204812
1788,457,464,424,443,0.25559284116331094,0.2595078299776286,0.2371364653243848,0.2477628635346756
1789,457,464,424,444,0.2554499720514254,0.25936277249860257,0.23700391280044716,0.24818334264952488
1790,457,464,424,445,0.2553072625698324,0.25921787709497207,0.23687150837988827,0.24860335195530725
1791,457,465,424,445,0.25516471245114464,0.25963149078726966,0.2367392518146287,0.248464544946957
1792,457,466,424,445,0.25502232142857145,0.26004464285714285,0.23660714285714285,0.24832589285714285
1793,458,466,424,445,0.25543781372002233,0.2598996095928611,0.23647518126045733,0.24818739542665924
1794,459,466,424,445,0.25585284280936454,0.25975473801560756,0.23634336677814938,0.2480490523968785
1795,459,466,425,445,0.25571030640668524,0.2596100278551532,0.23676880222841226,0.2479108635097493
1796,459,467,425,445,0.25556792873051226,0.26002227171492204,0.2366369710467706,0.2477728285077951
1797,459,467,425,446,0.25542570951585974,0.2598775737340011,0.23650528658875905,0.24819143016138007
1798,460,467,425,446,0.25583982202447164,0.25973303670745274,0.2363737486095662,0.24805339265850945
1799,460,467,426,446,0.2556976097832129,0.2595886603668705,0.2367982212340189,0.24791550861589773
1800,460,468,426,446,0.25555555555555554,0.26,0.23666666666666666,0.2477777777777778
1801,460,468,426,447,0.25541365907828983,0.25985563575791226,0.23653525818989452,0.2481954469739034
1802,460,468,426,448,0.25527192008879024,0.2597114317425083,0.23640399556048836,0.2486126526082131
1803,460,469,426,448,0.25513033832501386,0.2601220188574598,0.23627287853577372,0.24847476428175264
1804,460,469,427,448,0.2549889135254989,0.25997782705099776,0.23669623059866962,0.24833702882483372
1805,460,469,427,449,0.2548476454293629,0.2598337950138504,0.2365650969529086,0.24875346260387812
1806,460,469,427,450,0.2547065337763012,0.2596899224806202,0.2364341085271318,0.24916943521594684
1807,461,469,427,450,0.25511898173768677,0.25954620918649696,0.2363032650802435,0.24903154399557278
1808,462,469,427,450,0.2555309734513274,0.2594026548672566,0.2361725663716814,0.2488938053097345
1809,462,469,427,451,0.25538971807628524,0.25925925925925924,0.23604201216141515,0.24930901050304036
1810,462,469,428,451,0.25524861878453037,0.2591160220994475,0.23646408839779007,0.24917127071823206
1811,463,469,428,451,0.25565985643291,0.25897294312534513,0.23633351739370514,0.24903368304803974
1812,463,469,429,451,0.25551876379690946,0.2588300220750552,0.2367549668874172,0.2488962472406181
1813,464,469,429,451,0.25592939878654164,0.25868725868725867,0.23662437948152235,0.24875896304467732
1814,464,470,429,451,0.2557883131201764,0.25909592061742004,0.2364939360529217,0.2486218302094818
1815,464,470,430,451,0.2556473829201102,0.25895316804407714,0.2369146005509642,0.24848484848484848
1816,464,471,430,451,0.2555066079295154,0.2593612334801762,0.236784140969163,0.24834801762114536
1817,464,471,430,452,0.2553659878921299,0.2592184920198129,0.23665382498624105,0.24876169510181617
1818,464,471,430,453,0.2552255225522552,0.2590759075907591,0.23652365236523654,0.24917491749174916
1819,464,472,430,453,0.25508521165475534,0.2594832325453546,0.23639362286970864,0.24903793293018142
1820,464,472,431,453,0.2549450549450549,0.25934065934065936,0.2368131868131868,0.2489010989010989
1821,464,472,431,454,0.25480505216913785,0.2591982427237781,0.23668314113124655,0.24931356397583745
1822,464,473,431,454,0.25466520307354557,0.25960482985729966,0.23655323819978047,0.2491767288693743
1823,464,473,431,455,0.2545255074053758,0.25946242457487656,0.23642347778387274,0.24958859023587493
1824,464,473,432,455,0.2543859649122807,0.2593201754385965,0.23684210526315788,0.24945175438596492
1825,465,473,432,455,0.2547945205479452,0.25917808219178085,0.23671232876712328,0.2493150684931507
1826,465,473,433,455,0.2546549835706462,0.25903614457831325,0.23713033953997809,0.24917853231106243
1827,466,473,433,455,0.25506294471811713,0.2588943623426382,0.23700054734537493,0.24904214559386972
1828,466,473,434,455,0.2549234135667396,0.2587527352297593,0.237417943107221,0.24890590809628008
1829,466,473,434,456,0.2547840349917988,0.25861126298523784,0.23728813559322035,0.24931656642974304
1830,466,473,434,457,0.2546448087431694,0.25846994535519124,0.2371584699453552,0.24972677595628415
1831,466,473,434,458,0.2545057345712725,0.2583287820862916,0.23702894593118515,0.2501365374112507
1832,466,473,435,458,0.25436681222707425,0.25818777292576417,0.23744541484716158,0.25
1833,466,473,436,458,0.254228041462084,0.2580469176213857,0.23786142935079105,0.24986361156573922
1834,466,473,437,458,0.25408942202835333,0.2579062159214831,0.23827699018538714,0.24972737186477645
1835,467,473,437,458,0.2544959128065395,0.25776566757493186,0.23814713896457765,0.24959128065395095
1836,467,473,438,458,0.25435729847494554,0.2576252723311547,0.238562091503268,0.2494553376906318
1837,467,473,438,459,0.2542188350571584,0.25748502994011974,0.23843222645617856,0.24986390854654328
1838,467,473,438,460,0.2540805223068553,0.2573449401523395,0.2383025027203482,0.250272034820457
1839,467,473,438,461,0.25394235997824904,0.2572050027188689,0.23817292006525284,0.25067971723762916
1840,467,473,439,461,0.25380434782608696,0.25706521739130433,0.23858695652173914,0.2505434782608696
1841,468,473,439,461,0.2542096686583379,0.25692558392178166,0.23845736013036392,0.25040738728951656
1842,468,473,439,462,0.254071661237785,0.25678610206297503,0.23832790445168295,0.250814332247557
1843,469,473,439,462,0.2544763971785133,0.2566467715680955,0.23819858925664678,0.25067824199674443
1844,469,474,439,462,0.2543383947939262,0.25704989154013014,0.2380694143167028,0.25054229934924077
1845,470,474,439,462,0.25474254742547425,0.25691056910569104,0.23794037940379403,0.25040650406504067
1846,470,474,439,463,0.25460455037919827,0.25677139761646806,0.23781148429035753,0.25081256771397614
1847,470,475,439,463,0.25446670276123445,0.25717379534380075,0.23768272874932322,0.2506767731456416
1848,470,475,440,463,0.25432900432900435,0.25703463203463206,0.23809523809523808,0.25054112554112556
1849,470,476,440,463,0.2541914548404543,0.2574364521362899,0.23796646836127636,0.25040562466197946
1850,470,476,441,463,0.25405405405405407,0.2572972972972973,0.23837837837837839,0.25027027027027027
1851,470,476,442,463,0.25391680172879527,0.25715829281469477,0.23878984332793085,0.25013506212857917
1852,470,476,442,464,0.25377969762419006,0.2570194384449244,0.2386609071274298,0.2505399568034557
1853,470,476,442,465,0.25364274150026983,0.25688073394495414,0.23853211009174313,0.2509444144630329
1854,470,476,443,465,0.2535059331175836,0.25674217907227614,0.2389428263214671,0.25080906148867316
1855,470,477,443,465,0.25336927223719674,0.2571428571428571,0.23881401617250675,0.25067385444743934
1856,471,477,443,465,0.25377155172413796,0.25700431034482757,0.23868534482758622,0.2505387931034483
1857,471,477,443,466,0.25363489499192243,0.2568659127625202,0.23855681206246634,0.250942380183091
1858,471,477,443,467,0.2534983853606028,0.25672766415500536,0.23842841765339073,0.2513455328310011
1859,472,477,443,467,0.2538999462076385,0.25658956428187196,0.23830016137708446,0.25121032813340505
1860,472,478,443,467,0.2537634408602151,0.256989247311828,0.23817204301075268,0.2510752688172043
1861,472,478,444,467,0.25362708221386354,0.2568511552928533,0.23858140784524448,0.2509403546480387
1862,473,478,444,467,0.2540279269602578,0.25671321160042965,0.23845327604726102,0.25080558539205156
1863,473,478,444,468,0.25389157273215246,0.2565754159957058,0.23832528180354268,0.25120772946859904
1864,473,478,444,469,0.25375536480686695,0.25643776824034337,0.23819742489270387,0.25160944206008584
1865,473,478,445,469,0.25361930294906165,0.25630026809651474,0.2386058981233244,0.2514745308310992
1866,474,478,445,469,0.2540192926045016,0.25616291532690244,0.2384780278670954,0.25133976420150056
1867,474,479,445,469,0.25388323513658273,0.256561328334226,0.23835029459025175,0.2512051419389395
1868,474,480,445,469,0.25374732334047106,0.2569593147751606,0.23822269807280513,0.2510706638115632
1869,475,480,445,469,0.2541466024612092,0.2568218298555377,0.23809523809523808,0.250936329588015
1870,475,480,445,470,0.2540106951871658,0.25668449197860965,0.23796791443850268,0.25133689839572193
1871,475,480,445,471,0.25387493319080706,0.256547300908605,0.23784072688401925,0.2517370390165687
1872,475,481,445,471,0.2537393162393162,0.2569444444444444,0.2377136752136752,0.2516025641025641
1873,475,482,445,471,0.25360384410037373,0.2573411639081687,0.2375867592098238,0.2514682327816337
1874,475,483,445,471,0.2534685165421558,0.25773745997865527,0.23745997865528282,0.2513340448239061
1875,475,484,445,471,0.25333333333333335,0.2581333333333333,0.23733333333333334,0.2512
1876,475,485,445,471,0.2531982942430704,0.2585287846481876,0.23720682302771856,0.2510660980810235
1877,475,485,445,472,0.25306339904102293,0.2583910495471497,0.2370804475226425,0.25146510388918486
1878,475,486,445,472,0.25292864749733757,0.25878594249201275,0.2369542066027689,0.25133120340788073
1879,475,487,445,472,0.2527940393826503,0.2591804151144226,0.2368281000532198,0.2511974454497073
1880,475,487,446,472,0.2526595744680851,0.2590425531914894,0.2372340425531915,0.251063829787234
1881,476,487,446,472,0.253056884635832,0.25890483785220625,0.23710792131844763,0.2509303561935141
1882,476,487,447,472,0.25292242295430395,0.2587672688629118,0.23751328374070138,0.2507970244420829
1883,476,487,448,472,0.2527881040892193,0.2586298459904408,0.2379182156133829,0.250663834306957
1884,476,487,449,472,0.2526539278131635,0.25849256900212314,0.23832271762208068,0.2505307855626327
1885,477,487,449,472,0.2530503978779841,0.2583554376657825,0.23819628647214855,0.25039787798408486
1886,477,487,449,473,0.25291622481442205,0.2582184517497349,0.23806998939554613,0.2507953340402969
1887,477,487,450,473,0.2527821939586645,0.2580816110227875,0.2384737678855326,0.25066242713301534
1888,477,487,451,473,0.2526483050847458,0.2579449152542373,0.2388771186440678,0.2505296610169492
1889,477,488,451,473,0.2525145579671784,0.2583377448385389,0.23875066172578083,0.25039703546850184
1890,477,488,452,473,0.2523809523809524,0.2582010582010582,0.23915343915343915,0.25026455026455025
1891,477,488,453,473,0.2522474881015336,0.25806451612903225,0.239555790586991,0.25013220518244317
1892,478,488,453,473,0.2526427061310782,0.25792811839323465,0.2394291754756871,0.25
1893,479,488,453,473,0.25303750660327523,0.2577918647649234,0.2393026941362916,0.24986793449550979
1894,479,488,454,473,0.2529039070749736,0.2576557550158395,0.23970432946145723,0.24973600844772967
1895,479,489,454,473,0.25277044854881264,0.25804749340369393,0.23957783641160948,0.24960422163588392
1896,480,489,454,473,0.25316455696202533,0.2579113924050633,0.23945147679324894,0.24947257383966245
1897,480,490,454,473,0.2530311017395888,0.25830258302583026,0.2393252503953611,0.24934106483921983
1898,480,491,454,473,0.2528977871443625,0.25869336143308747,0.23919915700737618,0.24920969441517388
1899,480,491,454,474,0.2527646129541864,0.2585571353343865,0.239073196419168,0.24960505529225907
1900,480,491,454,475,0.25263157894736843,0.25842105263157894,0.23894736842105263,0.25
1901,480,491,455,475,0.2524986849026828,0.25828511309836927,0.23934771173066807,0.24986849026827984
1902,480,491,456,475,0.25236593059936907,0.25814931650893796,0.23974763406940064,0.24973711882229233
1903,480,491,457,475,0.2522333158171308,0.2580136626379401,0.24014713610089333,0.24960588544403572
1904,480,491,457,476,0.25210084033613445,0.25787815126050423,0.24002100840336135,0.25
1905,480,491,457,477,0.25196850393700787,0.25774278215223095,0.2398950131233596,0.2503937007874016
1906,481,491,457,477,0.25236096537250785,0.25760755508919203,0.2397691500524659,0.2502623294858342
1907,481,492,457,477,0.25222863135815415,0.2579968536969061,0.23964341898269534,0.25013109596224437
1908,481,492,457,478,0.2520964360587002,0.2578616352201258,0.23951781970649896,0.25052410901467503
1909,481,493,457,478,0.25196437925615506,0.2582503928758512,0.2393923520167627,0.250392875851231
1910,481,493,458,478,0.2518324607329843,0.2581151832460733,0.23979057591623038,0.25026178010471206
1911,481,493,459,478,0.25170068027210885,0.25798011512297225,0.2401883830455259,0.250130821559393
1912,482,493,459,478,0.252092050209205,0.25784518828451886,0.24006276150627615,0.25
1913,483,493,459,478,0.25248301097752224,0.25771040250914795,0.23993727130162049,0.24986931521170935
1914,483,493,459,479,0.25235109717868337,0.25757575757575757,0.23981191222570533,0.2502612330198537
1915,484,493,459,479,0.25274151436031334,0.2574412532637076,0.23968668407310706,0.25013054830287207
1916,484,493,459,480,0.25260960334029225,0.25730688935281837,0.2395615866388309,0.25052192066805845
1917,484,493,460,480,0.2524778299426187,0.2571726656233698,0.23995826812728221,0.25039123630672927
1918,484,493,460,481,0.2523461939520334,0.2570385818561001,0.23983315954118875,0.2507820646506778
1919,485,493,460,481,0.25273579989577905,0.2569046378322043,0.23970818134445024,0.25065138092756645
1920,486,493,460,481,0.253125,0.25677083333333334,0.23958333333333334,0.25052083333333336
1921,487,493,460,481,0.25351379489849035,0.25663716814159293,0.2394586153045289,0.25039042165538783
1922,487,494,460,481,0.2533818938605619,0.2570239334027055,0.2393340270551509,0.25026014568158167
1923,487,495,460,481,0.2532501300052002,0.2574102964118565,0.2392095683827353,0.250130005200208
1924,487,496,460,481,0.2531185031185031,0.2577962577962578,0.2390852390852391,0.25
1925,487,496,460,482,0.252987012987013,0.25766233766233765,0.23896103896103896,0.2503896103896104
1926,487,496,460,483,0.2528556593977155,0.25752855659397716,0.23883696780893043,0.2507788161993769
1927,487,496,461,483,0.2527244421380384,0.25739491437467565,0.239231966787753,0.25064867669953295
1928,488,496,461,483,0.25311203319502074,0.2572614107883817,0.2391078838174274,0.2505186721991701
1929,489,496,461,483,0.2534992223950233,0.257128045619492,0.23898392949714878,0.25038880248833595
1930,489,496,462,483,0.2533678756476684,0.25699481865284973,0.23937823834196892,0.25025906735751297
1931,490,496,462,483,0.25375453133091663,0.25686172967374415,0.2392542723977214,0.2501294665976178
1932,490,497,462,483,0.2536231884057971,0.2572463768115942,0.2391304347826087,0.25
1933,490,498,462,483,0.25349198137609935,0.2576306259699948,0.23900672529746508,0.24987066735644076
1934,490,498,462,484,0.2533609100310238,0.25749741468459153,0.23888314374353672,0.250258531540848
1935,491,498,462,484,0.2537467700258398,0.25736434108527134,0.23875968992248062,0.2501291989664083
1936,491,498,463,484,0.25361570247933884,0.2572314049586777,0.23915289256198347,0.25
1937,491,498,463,485,0.25348477026329375,0.25709860609189467,0.23902942694889004,0.2503871966959215
1938,492,498,463,485,0.25386996904024767,0.25696594427244585,0.23890608875129,0.2502579979360165
1939,492,498,463,486,0.25373904074265086,0.25683341928829295,0.23878287777204746,0.25064466219700876
1940,492,498,463,487,0.2536082474226804,0.256701030927835,0.238659793814433,0.25103092783505154
1941,493,498,463,487,0.2539927872230809,0.25656877897990726,0.2385368366821226,0.25090159711488924
1942,493,498,464,487,0.25386199794026776,0.2564366632337796,0.23892893923789907,0.25077239958805353
1943,494,498,464,487,0.25424601132269686,0.25630468347915597,0.23880597014925373,0.25064333504889347
1944,494,498,465,487,0.25411522633744854,0.25617283950617287,0.23919753086419754,0.25051440329218105
1945,494,498,466,487,0.25398457583547557,0.25604113110539845,0.23958868894601543,0.25038560411311056
1946,494,498,466,488,0.2538540596094553,0.25590955806783144,0.2394655704008222,0.25077081192189105
1947,494,499,466,488,0.253723677452491,0.25629173086800205,0.23934257832562916,0.25064201335387776
1948,494,499,467,488,0.2535934291581109,0.2561601642710472,0.2397330595482546,0.25051334702258726
1949,494,499,467,489,0.2534633145202668,0.2560287326834274,0.23961005643919958,0.2508978963571062
1950,494,499,468,489,0.25333333333333335,0.2558974358974359,0.24,0.25076923076923074
1951,494,499,468,490,0.25320348539210663,0.2557662737057919,0.2398769861609431,0.2511532547411584
1952,495,499,468,490,0.2535860655737705,0.25563524590163933,0.23975409836065573,0.2510245901639344
1953,495,499,469,490,0.2534562211981567,0.25550435227854584,0.24014336917562723,0.25089605734767023
1954,495,500,469,490,0.2533265097236438,0.25588536335721596,0.24002047082906858,0.2507676560900716
1955,495,500,470,490,0.2531969309462916,0.2557544757033248,0.24040920716112532,0.2506393861892583
1956,496,500,470,490,0.25357873210633947,0.2556237218813906,0.24028629856850717,0.2505112474437628
1957,497,500,470,490,0.25396014307613696,0.2554931016862545,0.2401635155850792,0.2503832396525294
1958,497,501,470,490,0.25383043922369763,0.25587334014300306,0.24004085801838612,0.25025536261491316
1959,497,501,471,490,0.25370086778968864,0.2557427258805513,0.24042879019908117,0.2501276161306789
1960,497,501,471,491,0.25357142857142856,0.2556122448979592,0.2403061224489796,0.25051020408163266
1961,497,501,471,492,0.2534421213666497,0.25548189699133095,0.24018357980622132,0.2508924018357981
1962,497,501,471,493,0.2533129459734964,0.25535168195718655,0.2400611620795107,0.2512742099898063
1963,497,501,471,494,0.2531839021905247,0.25522159959246055,0.23993886907794193,0.25165562913907286
1964,497,502,471,494,0.2530549898167006,0.2556008146639511,0.23981670061099797,0.2515274949083503
1965,497,502,472,494,0.2529262086513995,0.255470737913486,0.24020356234096693,0.2513994910941476
1966,497,502,473,494,0.2527975584944049,0.25534079348931843,0.24059003051881994,0.25127161749745675
1967,497,502,473,495,0.2526690391459075,0.25521098118962887,0.24046771733604475,0.2516522623284189
1968,497,503,473,495,0.2525406504065041,0.25558943089430897,0.24034552845528456,0.25152439024390244
1969,497,503,474,495,0.25241239207719657,0.25545962417470797,0.24073133570340274,0.25139664804469275
1970,498,503,474,495,0.25279187817258886,0.25532994923857866,0.24060913705583756,0.2512690355329949
1971,498,503,474,496,0.2526636225266362,0.2552004058853374,0.2404870624048706,0.25164890918315574
1972,498,503,474,497,0.2525354969574036,0.2550709939148073,0.24036511156186613,0.25202839756592293
1973,498,504,474,497,0.2524075012671059,0.2554485554992397,0.2402432843385707,0.2519006588950836
1974,498,504,475,497,0.25227963525835867,0.2553191489361702,0.24062816616008106,0.25177304964539005
1975,499,504,475,497,0.25265822784810127,0.25518987341772154,0.24050632911392406,0.25164556962025314
1976,499,504,476,497,0.2525303643724696,0.2550607287449393,0.2408906882591093,0.2515182186234818
1977,499,504,476,498,0.25240263024785026,0.2549317147192716,0.2407688416793121,0.251896813353566
1978,499,505,476,498,0.2522750252780586,0.25530839231547015,0.24064711830131447,0.2517694641051567
1979,500,505,476,498,0.25265285497726125,0.25517938352703384,0.2405255179383527,0.2516422435573522
1980,500,505,476,499,0.25252525252525254,0.255050505050505,0.2404040404040404,0.25202020202020203
1981,500,505,477,499,0.2523977788995457,0.25492175668854117,0.2407874810701666,0.2518929833417466
1982,500,506,477,499,0.2522704339051463,0.25529767911200807,0.24066599394550958,0.25176589303733604
1983,501,506,477,499,0.2526475037821483,0.2551689359556228,0.2405446293494705,0.25163893091275846
1984,502,506,477,499,0.2530241935483871,0.2550403225806452,0.2404233870967742,0.25151209677419356
1985,503,506,477,499,0.2534005037783375,0.254911838790932,0.2403022670025189,0.25138539042821156
1986,503,506,478,499,0.25327291037260824,0.25478348439073517,0.2406847935548842,0.2512588116817724
1987,504,506,478,499,0.2536487166582788,0.25465525918470056,0.24056366381479619,0.25113236034222447
1988,504,506,478,500,0.2535211267605634,0.2545271629778672,0.24044265593561368,0.2515090543259557
1989,504,506,478,501,0.25339366515837103,0.25439919557566615,0.24032176973353445,0.25188536953242835
1990,504,506,479,501,0.25326633165829143,0.2542713567839196,0.2407035175879397,0.25175879396984924
1991,505,506,479,501,0.2536413862380713,0.2541436464088398,0.24058262179809142,0.25163234555499747
1992,505,506,479,502,0.2535140562248996,0.2540160642570281,0.24046184738955823,0.2520080321285141
1993,505,506,479,503,0.2533868539889614,0.25388861013547415,0.2403411941796287,0.2523833416959358
1994,505,507,479,503,0.253259779338014,0.2542627883650953,0.24022066198595787,0.2522567703109328
1995,505,508,479,503,0.2531328320802005,0.2546365914786967,0.24010025062656642,0.2521303258145363
1996,506,508,479,503,0.2535070140280561,0.2545090180360721,0.23997995991983967,0.25200400801603207
1997,506,509,479,503,0.25338007010515773,0.2548823234852278,0.2398597896845268,0.25187781672508763
1998,506,509,479,504,0.25325325325325326,0.25475475475475473,0.23973973973973975,0.25225225225225223
1999,507,509,479,504,0.25362681340670334,0.2546273136568284,0.23961980990495246,0.25212606303151575
2000,507,509,479,505,0.2535,0.2545,0.2395,0.2525
2001,507,510,479,505,0.25337331334332835,0.25487256371814093,0.23938030984507747,0.25237381309345325
2002,508,510,479,505,0.25374625374625376,0.2547452547452547,0.23926073926073926,0.25224775224775225
2003,508,511,479,505,0.25361957064403395,0.255117324013979,0.23914128806789814,0.2521218172740889
2004,508,512,479,505,0.25349301397205587,0.2554890219560878,0.23902195608782434,0.25199600798403193
2005,509,512,479,505,0.2538653366583541,0.25536159600997504,0.23890274314214463,0.2518703241895262
2006,509,512,479,506,0.25373878364905283,0.25523429710867396,0.23878364905284147,0.2522432701894317
2007,509,512,480,506,0.2536123567513702,0.255107125062282,0.23916292974588937,0.2521175884404584
2008,509,513,480,506,0.2534860557768924,0.2554780876494024,0.23904382470119523,0.25199203187250996
2009,509,514,480,506,0.2533598805375809,0.25584868093578894,0.2389248382279741,0.25186660029865604
2010,509,514,480,507,0.25323383084577117,0.2557213930348259,0.23880597014925373,0.25223880597014925
2011,509,514,481,507,0.25310790651417203,0.2555942317255097,0.23918448533068126,0.252113376429637
2012,509,514,482,507,0.2529821073558648,0.2554671968190855,0.23956262425447317,0.25198807157057657
2013,509,514,482,508,0.252856433184302,0.25534028812717335,0.23944361649279683,0.25235966219572775
2014,509,514,482,509,0.25273088381330683,0.25521350546176763,0.23932472691161866,0.25273088381330683
2015,509,514,483,509,0.25260545905707193,0.25508684863523573,0.23970223325062034,0.25260545905707193
2016,510,514,483,509,0.25297619047619047,0.25496031746031744,0.23958333333333334,0.2524801587301587
2017,510,515,483,509,0.2528507684680218,0.2553296975706495,0.23946455131383243,0.2523549826474963
2018,510,515,483,510,0.2527254707631318,0.25520317145688803,0.23934588701684836,0.2527254707631318
2019,510,515,484,510,0.2526002971768202,0.2550767706785537,0.23972263496780585,0.2526002971768202
2020,511,515,484,510,0.252970297029703,0.25495049504950495,0.2396039603960396,0.2524752475247525
2021,511,515,485,510,0.2528451261751608,0.25482434438396834,0.23998020781791193,0.25235032162295895
2022,511,515,486,510,0.25272007912957467,0.25469831849653807,0.2403560830860534,0.2522255192878338
2023,511,515,487,510,0.25259515570934254,0.254572417202175,0.240731586752348,0.25210084033613445
2024,511,516,487,510,0.2524703557312253,0.2549407114624506,0.24061264822134387,0.2519762845849802
2025,511,516,488,510,0.25234567901234567,0.2548148148148148,0.24098765432098765,0.2518518518518518
2026,511,516,488,511,0.25222112537018754,0.25468904244817375,0.24086870681145114,0.25222112537018754
2027,511,517,488,511,0.252096694622595,0.25505673408978785,0.2407498766650222,0.252096694622595
2028,511,517,489,511,0.2519723865877712,0.25493096646942803,0.2411242603550296,0.2519723865877712
2029,511,518,489,511,0.25184820108427797,0.25529817644159686,0.2410054213898472,0.25184820108427797
2030,511,518,489,512,0.2517241379310345,0.25517241379310346,0.24088669950738917,0.2522167487684729
2031,512,518,489,512,0.25209256523879864,0.2550467749876908,0.24076809453471196,0.25209256523879864
2032,512,518,489,513,0.25196850393700787,0.2549212598425197,0.2406496062992126,0.25246062992125984
2033,513,518,489,513,0.2523364485981308,0.2547958681751107,0.24053123462862763,0.2523364485981308
2034,513,518,489,514,0.252212389380531,0.25467059980334317,0.24041297935103245,0.2527040314650934
2035,514,518,489,514,0.2525798525798526,0.2545454545454545,0.2402948402948403,0.2525798525798526
2036,515,518,489,514,0.25294695481335955,0.2544204322200393,0.24017681728880158,0.25245579567779963
2037,515,519,489,514,0.25282277859597446,0.2547864506627393,0.24005891016200295,0.25233186057928325
2038,515,519,489,515,0.25269872423945045,0.2546614327772326,0.23994111874386653,0.25269872423945045
2039,516,519,489,515,0.25306522805296716,0.2545365375183914,0.23982344286414908,0.2525747915644924
2040,516,519,489,516,0.2529411764705882,0.25441176470588234,0.23970588235294119,0.2529411764705882
2041,516,519,490,516,0.2528172464478197,0.2542871141597256,0.24007839294463498,0.2528172464478197
2042,516,519,490,517,0.25269343780607245,0.2541625857002938,0.23996082272282077,0.2531831537708129
2043,516,519,491,517,0.2525697503671072,0.2540381791483113,0.24033284385707293,0.25305922662750857
2044,516,520,491,517,0.25244618395303325,0.25440313111545987,0.24021526418786693,0.25293542074363995
2045,516,520,492,517,0.2523227383863081,0.254278728606357,0.24058679706601466,0.2528117359413203
2046,516,521,492,517,0.25219941348973607,0.2546432062561095,0.2404692082111437,0.25268817204301075
2047,517,521,492,517,0.2525647288715193,0.2545188080117245,0.24035173424523693,0.2525647288715193
2048,517,521,493,517,0.25244140625,0.25439453125,0.24072265625,0.25244140625
2049,518,521,493,517,0.2528062469497316,0.25427037579306977,0.24060517325524647,0.25231820400195215
2050,518,521,493,518,0.2526829268292683,0.25414634146341464,0.24048780487804877,0.2526829268292683
2051,518,521,494,518,0.2525597269624573,0.25402242808386155,0.24085811799122378,0.2525597269624573
2052,518,521,495,518,0.2524366471734893,0.25389863547758285,0.2412280701754386,0.2524366471734893
2053,518,522,495,518,0.25231368728689724,0.2542620555284949,0.24111056989771068,0.25231368728689724
2054,518,523,495,518,0.25219084712755596,0.2546251217137293,0.2409931840311587,0.25219084712755596
2055,518,524,495,518,0.2520681265206813,0.25498783454987833,0.24087591240875914,0.2520681265206813
2056,518,524,496,518,0.2519455252918288,0.25486381322957197,0.24124513618677043,0.2519455252918288
2057,518,525,496,518,0.25182304326689353,0.2552260573650948,0.24112785610111814,0.25182304326689353
2058,518,525,496,519,0.25170068027210885,0.25510204081632654,0.24101068999028183,0.2521865889212828
2059,518,525,496,520,0.2515784361340457,0.25497814473045166,0.24089363768819816,0.2525497814473045
2060,519,525,496,520,0.2519417475728155,0.25485436893203883,0.2407766990291262,0.2524271844660194
2061,519,525,497,520,0.25181950509461426,0.2547307132459971,0.2411450752062106,0.2523047064531781
2062,520,525,497,520,0.2521823472356935,0.25460717749757517,0.24102812803103782,0.2521823472356935
2063,520,525,498,520,0.25206010664081435,0.25448376151236063,0.24139602520601067,0.25206010664081435
2064,521,525,498,520,0.25242248062015504,0.2543604651162791,0.24127906976744187,0.25193798449612403
2065,521,525,498,521,0.2523002421307506,0.2542372881355932,0.24116222760290557,0.2523002421307506
2066,521,525,498,522,0.2521781219748306,0.25411423039690223,0.24104549854791868,0.2526621490803485
2067,522,525,498,522,0.2525399129172714,0.2539912917271408,0.2409288824383164,0.2525399129172714
2068,523,525,498,522,0.25290135396518376,0.2538684719535783,0.24081237911025144,0.2524177949709865
2069,523,525,498,523,0.2527791203479942,0.2537457709038183,0.24069598840019332,0.2527791203479942
2070,524,525,498,523,0.2531400966183575,0.2536231884057971,0.24057971014492754,0.25265700483091785
2071,524,525,499,523,0.25301786576533075,0.2535007242877837,0.24094640270400772,0.25253500724287786
2072,525,525,499,523,0.2533783783783784,0.2533783783783784,0.24083011583011582,0.25241312741312744
2073,526,525,499,523,0.25373854317414374,0.2532561505065123,0.24071394114809455,0.2522913651712494
2074,527,525,499,523,0.2540983606557377,0.2531340405014465,0.24059787849566056,0.25216972034715524
2075,527,525,499,524,0.2539759036144578,0.25301204819277107,0.24048192771084337,0.2525301204819277
2076,528,525,499,524,0.2543352601156069,0.25289017341040465,0.24036608863198458,0.2524084778420039
2077,528,526,499,524,0.2542128069330766,0.2532498796340876,0.24025036109773712,0.2522869523350987
2078,528,527,499,524,0.25409047160731474,0.253609239653513,0.2401347449470645,0.2521655437921078
2079,528,528,499,524,0.25396825396825395,0.25396825396825395,0.24001924001924002,0.25204425204425207
2080,528,528,499,525,0.25384615384615383,0.25384615384615383,0.23990384615384616,0.25240384615384615
2081,528,528,499,526,0.25372417107160017,0.25372417107160017,0.23978856319077366,0.2527630946660259
2082,529,528,499,526,0.2540826128722382,0.25360230547550433,0.23967339097022095,0.2526416906820365
2083,530,528,499,526,0.25444071051368217,0.25348055688910226,0.23955832933269322,0.2525204032645223
2084,530,528,499,527,0.2543186180422265,0.2533589251439539,0.23944337811900193,0.2528790786948177
2085,530,529,499,527,0.2541966426858513,0.25371702637889687,0.23932853717026378,0.252757793764988
2086,531,529,499,527,0.2545541706615532,0.2535953978906999,0.2392138063279003,0.2526366251198466
2087,531,530,499,527,0.25443219932918065,0.2539530426449449,0.2390991854336368,0.25251557259223767
2088,531,531,499,527,0.2543103448275862,0.2543103448275862,0.2389846743295019,0.2523946360153257
2089,532,531,499,527,0.2546673049305888,0.25418860698898993,0.23887027285782672,0.25227381522259457
2090,533,531,499,527,0.2550239234449761,0.254066985645933,0.23875598086124403,0.2521531100478469
2091,533,531,499,528,0.2549019607843137,0.2539454806312769,0.23864179818268771,0.25251076040172166
2092,534,531,499,528,0.2552581261950287,0.2538240917782027,0.23852772466539196,0.25239005736137665
2093,534,531,499,529,0.25513616817964646,0.25370281892021024,0.2384137601528906,0.25274725274725274
2094,534,532,499,529,0.25501432664756446,0.25405921680993315,0.23829990448901622,0.25262655205348616
2095,534,532,500,529,0.2548926014319809,0.2539379474940334,0.2386634844868735,0.25250596658711216
2096,534,533,500,529,0.2547709923664122,0.25429389312977096,0.2385496183206107,0.2523854961832061
2097,534,533,500,530,0.25464949928469244,0.2541726275631855,0.23843586075345732,0.2527420123986648
2098,535,533,500,530,0.2550047664442326,0.2540514775977121,0.23832221163012393,0.2526215443279314
2099,535,533,500,531,0.25488327775131014,0.2539304430681277,0.23820867079561697,0.2529776083849452
2100,535,533,501,531,0.25476190476190474,0.2538095238095238,0.23857142857142857,0.25285714285714284
2101,536,533,501,531,0.2551166111375536,0.25368871965730605,0.23845787720133269,0.2527367920038077
2102,536,533,501,532,0.25499524262607043,0.25356803044719317,0.23834443387250237,0.2530922930542341
2103,537,533,501,532,0.2553495007132668,0.25344745601521634,0.23823109843081314,0.25297194484070373
2104,537,533,501,533,0.25522813688212925,0.25332699619771865,0.23811787072243346,0.25332699619771865
2105,537,533,501,534,0.2551068883610451,0.2532066508313539,0.23800475059382423,0.2536817102137767
2106,537,534,501,534,0.254985754985755,0.2535612535612536,0.2378917378917379,0.2535612535612536
2107,537,534,501,535,0.25486473659231135,0.2534409112482202,0.23777883246321785,0.2539155196962506
2108,538,534,501,535,0.25521821631878555,0.25332068311195444,0.23766603415559773,0.25379506641366223
2109,538,534,501,536,0.2550972024656235,0.2532005689900427,0.2375533428165007,0.2541488857278331
2110,538,534,501,537,0.25497630331753557,0.25308056872037915,0.23744075829383887,0.25450236966824646
2111,538,534,502,537,0.25485551871151113,0.25296068214116535,0.23780198957839888,0.2543818095689247
2112,539,534,502,537,0.2552083333333333,0.2528409090909091,0.23768939393939395,0.25426136363636365
2113,539,534,502,538,0.25508755324183624,0.25272124940842405,0.2375769048745859,0.2546142924751538
2114,539,534,503,538,0.25496688741721857,0.25260170293282874,0.23793755912961212,0.25449385052034057
2115,539,534,504,538,0.2548463356973995,0.2524822695035461,0.23829787234042554,0.2543735224586288
2116,540,534,504,538,0.2551984877126654,0.2523629489603025,0.2381852551984877,0.2542533081285444
2117,541,534,504,538,0.2555503070382617,0.2522437411431271,0.23807274444969295,0.25413320736891826
2118,542,534,504,538,0.2559017941454202,0.2521246458923513,0.23796033994334279,0.25401322001888577
2119,542,534,504,539,0.25578102878716374,0.25200566304860783,0.2378480415290231,0.2543652666352053
2120,543,534,504,539,0.25613207547169814,0.2518867924528302,0.23773584905660378,0.25424528301886795
2121,543,534,504,540,0.256011315417256,0.25176803394625175,0.2376237623762376,0.2545968882602546
2122,544,534,504,540,0.2563619227144204,0.25164938737040526,0.23751178133836004,0.2544769085768143
2123,544,534,504,541,0.2562411681582666,0.251530852567122,0.23739990579368817,0.25482807348092323
2124,544,534,505,541,0.256120527306968,0.2514124293785311,0.23775894538606404,0.2547080979284369
2125,544,534,505,542,0.256,0.25129411764705883,0.2376470588235294,0.2550588235294118
2126,545,534,505,542,0.25634995296331137,0.25117591721542804,0.23753527751646283,0.25493885230479774
2127,545,534,506,542,0.2562294311236483,0.25105782792665726,0.23789374706158908,0.2548189938881053
2128,546,534,506,542,0.2565789473684211,0.25093984962406013,0.23778195488721804,0.25469924812030076
2129,546,535,506,542,0.2564584311883513,0.2512916862376703,0.23767026773132927,0.2545796148426491
2130,547,535,506,542,0.2568075117370892,0.2511737089201878,0.2375586854460094,0.2544600938967136
2131,547,535,507,542,0.25668700140778977,0.25105584232754574,0.23791647114030973,0.25434068512435476
2132,547,535,507,543,0.25656660412757976,0.25093808630394,0.23780487804878048,0.25469043151969983
2133,547,536,507,543,0.25644631973745896,0.2512892639474918,0.23769338959212377,0.2545710267229255
2134,547,536,507,544,0.2563261480787254,0.2511715089034677,0.23758200562324275,0.2549203373945642
2135,548,536,507,544,0.2566744730679157,0.25105386416861825,0.23747072599531616,0.2548009367681499
2136,548,536,507,545,0.2565543071161049,0.250936329588015,0.23735955056179775,0.2551498127340824
2137,548,536,507,546,0.2564342536265793,0.2508189050070192,0.23724847917641553,0.25549836218998595
2138,548,536,507,547,0.25631431244153413,0.2507015902712816,0.23713751169317118,0.2558465855940131
2139,548,537,507,547,0.25619448340345957,0.25105189340813466,0.2370266479663394,0.2557269752220664
2140,548,538,507,547,0.2560747663551402,0.2514018691588785,0.2369158878504673,0.25560747663551403
2141,548,539,507,547,0.2559551611396544,0.25175151798225126,0.23680523120037367,0.2554880896777207
2142,548,540,507,547,0.25583566760037346,0.25210084033613445,0.23669467787114845,0.2553688141923436
2143,548,541,507,547,0.25571628558096127,0.25244983667755483,0.23658422771815213,0.2552496500233318
2144,548,541,507,548,0.2555970149253731,0.2523320895522388,0.23647388059701493,0.2555970149253731
2145,549,541,507,548,0.25594405594405595,0.2522144522144522,0.23636363636363636,0.25547785547785545
2146,549,541,508,548,0.25582479030754895,0.25209692451071763,0.23671947809878843,0.255358807082945
2147,550,541,508,548,0.25617140195621796,0.2519795062878435,0.23660922217047042,0.25523986958546807
2148,550,542,508,548,0.25605214152700184,0.25232774674115455,0.23649906890130354,0.25512104283054005
2149,550,542,509,548,0.2559329920893439,0.25221033038622614,0.2368543508608655,0.2550023266635644
2150,550,543,509,548,0.2558139534883721,0.2525581395348837,0.23674418604651162,0.25488372093023254
2151,551,543,509,548,0.25615992561599255,0.2524407252440725,0.23663412366341235,0.2547652254765225
2152,551,544,509,548,0.25604089219330856,0.2527881040892193,0.23652416356877323,0.25464684014869887
2153,551,545,509,548,0.25592196934509986,0.25313516024152344,0.23641430562006502,0.25452856479331165
2154,552,545,509,548,0.2562674094707521,0.2530176415970288,0.2363045496750232,0.25441039925719594
2155,553,545,509,548,0.2566125290023202,0.2529002320185615,0.23619489559164733,0.254292343387471
2156,553,545,509,549,0.2564935064935065,0.2527829313543599,0.23608534322820038,0.25463821892393323
2157,554,545,509,549,0.2568382012053778,0.2526657394529439,0.23597589244320816,0.2545201668984701
2158,554,545,510,549,0.2567191844300278,0.252548656163114,0.23632993512511585,0.25440222428174236
2159,554,545,511,549,0.2566002779064382,0.2524316813339509,0.23668364983788792,0.254284390921723
2160,554,545,512,549,0.2564814814814815,0.2523148148148148,0.23703703703703705,0.25416666666666665
2161,554,545,512,550,0.25636279500231374,0.25219805645534477,0.23692734844979177,0.25451180009254976
2162,555,545,512,550,0.2567067530064755,0.25208140610545793,0.23681776133209992,0.2543940795559667
2163,556,545,512,550,0.2570503929727231,0.25196486361534903,0.236708275543227,0.2542764678687009
2164,556,545,512,551,0.25693160813308685,0.25184842883548986,0.2365988909426987,0.2546210720887246
2165,556,545,513,551,0.25681293302540414,0.2517321016166282,0.2369515011547344,0.2545034642032333
2166,556,546,513,551,0.2566943674976916,0.2520775623268698,0.23684210526315788,0.2543859649122807
2167,557,546,513,551,0.25703737886479006,0.25196123673281035,0.23673281033687124,0.2542685740655284
2168,557,547,513,551,0.25691881918819187,0.2523062730627306,0.23662361623616235,0.25415129151291516
2169,557,548,513,551,0.25680036883356383,0.25265099124020285,0.23651452282157676,0.2540341171046565
2170,557,549,513,551,0.2566820276497696,0.25299539170506913,0.23640552995391706,0.25391705069124426
2171,557,549,513,552,0.25656379548595115,0.2528788576692768,0.2362966374942423,0.2542607093505297
2172,557,550,513,552,0.25644567219152853,0.2532228360957643,0.2361878453038674,0.2541436464088398
2173,557,551,513,552,0.2563276576161988,0.2535664979291302,0.23607915324436263,0.25402669121030835
2174,557,551,513,553,0.2562097516099356,0.2534498620055198,0.23597056117755288,0.2543698252069917
2175,557,552,513,553,0.2560919540229885,0.2537931034482759,0.23586206896551723,0.2542528735632184
2176,558,552,513,553,0.25643382352941174,0.2536764705882353,0.23575367647058823,0.2541360294117647
2177,558,552,514,553,0.2563160312356454,0.2535599448782728,0.23610473128158016,0.2540192926045016
2178,558,552,514,554,0.256198347107438,0.2534435261707989,0.2359963269054178,0.25436179981634527
2179,559,552,514,554,0.2565396971087655,0.2533272143184947,0.2358880220284534,0.25424506654428636
2180,560,552,514,554,0.25688073394495414,0.25321100917431194,0.23577981651376148,0.25412844036697246
2181,560,552,515,554,0.2567629527739569,0.2530949105914718,0.23613021549747823,0.2540119211370931
2182,560,552,515,555,0.2566452795600367,0.2529789184234647,0.23602199816681943,0.2543538038496792
2183,560,552,515,556,0.2565277141548328,0.25286303252404946,0.2359138799816766,0.25469537333944114
2184,560,553,515,556,0.2564102564102564,0.2532051282051282,0.2358058608058608,0.25457875457875456
2185,560,553,516,556,0.2562929061784897,0.25308924485125855,0.23615560640732267,0.25446224256292904
2186,561,553,516,556,0.2566331198536139,0.2529734675205855,0.23604757548032937,0.25434583714547115
2187,561,553,516,557,0.25651577503429357,0.2528577960676726,0.23593964334705075,0.25468678555098306
2188,561,553,517,557,0.2563985374771481,0.25274223034734916,0.2362888482632541,0.2545703839122486
2189,562,553,517,557,0.25673823663773415,0.2526267702147099,0.23618090452261306,0.2544540886249429
2190,563,553,517,557,0.25707762557077624,0.25251141552511414,0.23607305936073059,0.254337899543379
2191,563,553,518,557,0.25696029210406207,0.2523961661341853,0.2364217252396166,0.254221816522136
2192,563,554,518,557,0.2568430656934307,0.2527372262773723,0.2363138686131387,0.2541058394160584
2193,564,554,518,557,0.25718194254445964,0.25262197902416783,0.2362061103511172,0.25398996808025537
2194,564,554,518,558,0.25706472196900637,0.25250683682771197,0.23609845031905197,0.2543299908842297
2195,564,555,518,558,0.2569476082004556,0.2528473804100228,0.23599088838268792,0.2542141230068337
2196,564,555,519,558,0.2568306010928962,0.2527322404371585,0.23633879781420766,0.2540983606557377
2197,564,556,519,558,0.25671370050068276,0.25307237141556665,0.23623122439690486,0.2539827036868457
2198,564,556,520,558,0.25659690627843496,0.2529572338489536,0.23657870791628755,0.2538671519563239
2199,564,557,520,558,0.25648021828103684,0.2532969531605275,0.23647112323783537,0.25375170532060026
2200,564,558,520,558,0.25636363636363635,0.25363636363636366,0.23636363636363636,0.25363636363636366
2201,564,559,520,558,0.2562471603816447,0.25397546569741025,0.23625624716038165,0.2535211267605634
2202,565,559,520,558,0.25658492279745687,0.25386012715712986,0.23614895549500453,0.25340599455040874
2203,565,559,521,558,0.2564684521107581,0.253744893327281,0.23649568769859283,0.25329096686336816
2204,565,560,521,558,0.25635208711433755,0.2540834845735027,0.23638838475499094,0.2531760435571688
2205,565,560,522,558,0.2562358276643991,0.25396825396825395,0.23673469387755103,0.2530612244897959
2206,565,561,522,558,0.25611967361740706,0.2543064369900272,0.23662737987307345,0.25294650951949227
2207,566,561,522,558,0.2564567285908473,0.25419120978704124,0.23652016311735388,0.25283189850475757
2208,567,561,522,558,0.25679347826086957,0.25407608695652173,0.23641304347826086,0.25271739130434784
2209,567,561,523,558,0.25667722951561794,0.2539610683567225,0.23675871435038479,0.2526029877772748
2210,567,561,523,559,0.25656108597285066,0.25384615384615383,0.23665158371040723,0.2529411764705882
2211,567,561,524,559,0.2564450474898236,0.2537313432835821,0.2369968340117594,0.25282677521483493
2212,567,561,525,559,0.2563291139240506,0.25361663652802896,0.23734177215189872,0.2527124773960217
2213,567,561,525,560,0.2562132851333032,0.2535020334387709,0.23723452327157704,0.25305015815634885
2214,568,561,525,560,0.2565492321589883,0.25338753387533874,0.23712737127371275,0.2529358626919603
2215,568,561,526,560,0.2564334085778781,0.2532731376975169,0.23747178329571106,0.2528216704288939
2216,568,561,527,560,0.2563176895306859,0.25315884476534295,0.2378158844765343,0.2527075812274368
2217,568,562,527,560,0.25620207487595853,0.2534957149300857,0.2377086152458277,0.2525935949481281
2218,569,562,527,560,0.25653742110009015,0.2533814247069432,0.23760144274120829,0.25247971145175835
2219,569,563,527,560,0.25642181162685895,0.2537178909418657,0.23749436683190625,0.25236593059936907
2220,569,563,527,561,0.2563063063063063,0.2536036036036036,0.23738738738738738,0.2527027027027027
2221,569,563,528,561,0.25619090499774877,0.2534894191805493,0.23773075191355245,0.25258892390814947
2222,570,563,528,561,0.2565256525652565,0.25337533753375335,0.2376237623762376,0.2524752475247525
2223,570,564,528,561,0.2564102564102564,0.25371120107962214,0.23751686909581646,0.252361673414305
2224,570,565,528,561,0.256294964028777,0.25404676258992803,0.23741007194244604,0.2522482014388489
2225,570,566,528,561,0.25617977528089886,0.2543820224719101,0.23730337078651687,0.25213483146067417
2226,571,566,528,561,0.25651392632524705,0.25426774483378256,0.2371967654986523,0.25202156334231807
2227,571,566,529,561,0.25639874270318813,0.2541535698248765,0.23753929052537046,0.25190839694656486
2228,572,566,529,561,0.25673249551166966,0.2540394973070018,0.2374326750448833,0.2517953321364452
2229,572,567,529,561,0.2566173171825931,0.2543741588156124,0.237326155226559,0.25168236877523553
2230,573,567,529,561,0.2569506726457399,0.25426008968609864,0.23721973094170404,0.2515695067264574
2231,573,568,529,561,0.25683549977588527,0.2545943523083819,0.23711340206185566,0.2514567458538772
2232,574,568,529,561,0.257168458781362,0.25448028673835127,0.23700716845878136,0.2513440860215054
2233,574,568,530,561,0.25705329153605017,0.25436632333184056,0.23734885803851322,0.2512315270935961
2234,574,568,530,562,0.25693822739480754,0.25425246195165624,0.23724261414503134,0.25156669650850494
2235,574,568,531,562,0.2568232662192394,0.25413870246085013,0.23758389261744967,0.25145413870246086
2236,575,568,531,562,0.2571556350626118,0.25402504472271914,0.23747763864042934,0.2513416815742397
2237,575,568,531,563,0.2570406794814484,0.25391148860080465,0.2373714796602593,0.2516763522574877
2238,575,568,531,564,0.25692582663092045,0.2537980339588919,0.23726541554959785,0.2520107238605898
2239,576,568,531,564,0.2572577043322912,0.25368468066100935,0.23715944618133095,0.2518981688253685
2240,576,568,531,565,0.2571428571428571,0.25357142857142856,0.23705357142857142,0.25223214285714285
2241,576,568,532,565,0.2570281124497992,0.2534582775546631,0.23739402052655065,0.25211958946898705
2242,577,568,532,565,0.25735950044603034,0.25334522747546834,0.23728813559322035,0.252007136485281
2243,578,568,532,565,0.25769059295586266,0.25323227819884087,0.2371823450735622,0.2518947837717343
2244,578,568,533,565,0.25757575757575757,0.2531194295900178,0.2375222816399287,0.2517825311942959
2245,578,568,534,565,0.2574610244988864,0.25300668151447664,0.2378619153674833,0.2516703786191537
2246,578,568,535,565,0.25734639358860195,0.25289403383793413,0.2382012466607302,0.25155832591273375
2247,579,568,535,565,0.2576769025367156,0.25278148642634624,0.23809523809523808,0.2514463729417
2248,580,568,535,565,0.2580071174377224,0.2526690391459075,0.23798932384341637,0.2513345195729537
2249,580,569,535,565,0.25789239662072033,0.2530013339261894,0.23788350377945755,0.2512227656736327
2250,580,569,535,566,0.2577777777777778,0.2528888888888889,0.23777777777777778,0.25155555555555553
2251,580,569,536,566,0.2576632607729898,0.25277654375832964,0.23811639271434917,0.2514438027543314
2252,580,570,536,566,0.25754884547069273,0.2531083481349911,0.23801065719360567,0.25133214920071045
2253,581,570,536,566,0.25787838437638705,0.2529960053262317,0.23790501553484245,0.25122059476253883
2254,581,571,536,566,0.2577639751552795,0.25332741792369123,0.2377994676131322,0.2511091393078971
2255,581,572,536,566,0.25764966740576495,0.25365853658536586,0.2376940133037694,0.25099778270509976
2256,581,572,536,567,0.2575354609929078,0.25354609929078015,0.2375886524822695,0.25132978723404253
2257,582,572,536,567,0.25786442179884805,0.2534337616304829,0.23748338502436864,0.2512184315463004
2258,582,572,536,568,0.2577502214348981,0.2533215234720992,0.23737821080602303,0.25155004428697963
2259,582,572,537,568,0.25763612217795484,0.25320938468348825,0.23771580345285526,0.25143868968570166
2260,583,572,537,568,0.2579646017699115,0.25309734513274335,0.23761061946902653,0.2513274336283186
2261,583,573,537,568,0.25785050862450243,0.25342768686421935,0.23750552852720036,0.25121627598407786
2262,583,574,537,568,0.257736516357206,0.2537577365163572,0.23740053050397877,0.251105216622458
2263,583,574,537,569,0.25762262483429077,0.25364560318161733,0.23729562527618206,0.25143614670790987
2264,583,574,538,569,0.2575088339222615,0.25353356890459366,0.23763250883392226,0.2513250883392226
2265,583,574,538,570,0.25739514348785875,0.25342163355408387,0.23752759381898456,0.25165562913907286
2266,583,574,539,570,0.25728155339805825,0.2533097969991174,0.23786407766990292,0.25154457193292146
2267,583,574,539,571,0.2571680635200706,0.25319805910895454,0.23775915306572562,0.2518747243052492
2268,583,574,539,572,0.2570546737213404,0.25308641975308643,0.23765432098765432,0.25220458553791886
2269,583,574,539,573,0.25694138386954607,0.25297487880123404,0.2375495813133539,0.25253415601586604
2270,583,575,539,573,0.25682819383259914,0.2533039647577093,0.23744493392070484,0.25242290748898677
2271,583,575,540,573,0.2567151034786438,0.2531924262439454,0.23778071334214002,0.2523117569352708
2272,583,575,540,574,0.2566021126760563,0.25308098591549294,0.23767605633802816,0.25264084507042256
2273,583,576,540,574,0.2564892212934448,0.2534095908490981,0.23757149142102948,0.25252969643642764
2274,583,576,540,575,0.2563764291996482,0.2532981530343008,0.23746701846965698,0.25285839929639403
2275,583,577,540,575,0.2562637362637363,0.25362637362637364,0.23736263736263735,0.25274725274725274
2276,583,578,540,575,0.2561511423550088,0.2539543057996485,0.23725834797891038,0.2526362038664323
2277,583,579,540,575,0.2560386473429952,0.25428194993412384,0.23715415019762845,0.25252525252525254
2278,583,579,540,576,0.2559262510974539,0.25417032484635643,0.2370500438981563,0.2528533801580334
2279,584,579,540,576,0.25625274243089075,0.2540587977182975,0.2369460289600702,0.25274243089074155
2280,585,579,540,576,0.2565789473684211,0.25394736842105264,0.23684210526315788,0.25263157894736843
2281,585,580,540,576,0.256466462078036,0.2542744410346339,0.2367382726874178,0.25252082419991234
2282,586,580,540,576,0.2567922874671341,0.2541630148992112,0.2366345311130587,0.25241016652059595
2283,586,580,541,576,0.2566798072711345,0.25405168637757336,0.23696890056942618,0.25229960578186594
2284,586,581,541,576,0.2565674255691769,0.2543782837127846,0.23686514886164622,0.2521891418563923
2285,587,581,541,576,0.25689277899343543,0.25426695842450764,0.23676148796498905,0.25207877461706785
2286,587,581,541,577,0.2567804024496938,0.2541557305336833,0.23665791776027997,0.25240594925634297
2287,587,582,541,577,0.25666812418014867,0.2544818539571491,0.2365544381285527,0.25229558373414956
2288,587,582,541,578,0.25655594405594406,0.2543706293706294,0.23645104895104896,0.2526223776223776
2289,587,582,541,579,0.2564438619484491,0.254259501965924,0.236347750109218,0.2529488859764089
2290,587,583,541,579,0.25633187772925764,0.254585152838428,0.23624454148471616,0.25283842794759825
2291,587,583,541,580,0.2562199912701877,0.2544740288083806,0.23614142295940638,0.25316455696202533
2292,587,583,542,580,0.256108202443281,0.2543630017452007,0.23647469458987783,0.2530541012216405
2293,587,584,542,580,0.25599651112080246,0.2546881814217183,0.2363715656345399,0.2529437418229394
2294,587,584,542,581,0.25588491717523976,0.25457715780296425,0.23626852659110723,0.25326939843068874
2295,587,585,542,581,0.25577342047930285,0.2549019607843137,0.23616557734204793,0.25315904139433554
2296,587,585,542,582,0.2556620209059233,0.2547909407665505,0.23606271777003485,0.2534843205574913
2297,587,585,542,583,0.25555071832825427,0.2546800174140183,0.23595994775794515,0.25380931649978233
2298,587,585,543,583,0.2554395126196693,0.2545691906005222,0.2362924281984334,0.25369886858137514
2299,587,585,544,583,0.2553284036537625,0.254458460200087,0.23662461939973903,0.2535885167464115
2300,588,585,544,583,0.25565217391304346,0.2543478260869565,0.23652173913043478,0.2534782608695652
2301,588,585,544,584,0.25554106910039115,0.2542372881355932,0.23641894828335505,0.25380269448066056
2302,588,585,544,585,0.2554300608166811,0.25412684622067766,0.2363162467419635,0.25412684622067766
2303,588,585,544,586,0.2553191489361702,0.25401650021710814,0.23621363438992618,0.2544507164567955
2304,589,585,544,586,0.2556423611111111,0.25390625,0.2361111111111111,0.2543402777777778
2305,589,586,544,586,0.25553145336225597,0.2542299349240781,0.23600867678958784,0.2542299349240781
2306,589,586,545,586,0.2554206418039896,0.2541196877710321,0.23633998265394623,0.2541196877710321
2307,589,586,545,587,0.2553099263112267,0.2540095361941916,0.23623753792804508,0.25444299956653665
2308,589,586,545,588,0.2551993067590988,0.2538994800693241,0.23613518197573657,0.25476603119584057
2309,589,586,545,589,0.2550887830229537,0.2537895192724123,0.2360329146816804,0.2550887830229537
2310,589,586,545,590,0.25497835497835497,0.25367965367965367,0.23593073593073594,0.2554112554112554
2311,589,587,545,590,0.25486802250108176,0.2540025962786672,0.23582864560796193,0.25530073561228905
2312,590,587,545,590,0.25519031141868515,0.2538927335640138,0.23572664359861592,0.25519031141868515
2313,591,587,545,590,0.25551232166018156,0.25378296584522264,0.2356247297881539,0.25507998270644183
2314,591,587,546,590,0.2554019014693172,0.2536732929991357,0.23595505617977527,0.2549697493517718
2315,592,587,546,590,0.2557235421166307,0.25356371490280777,0.23585313174946004,0.2548596112311015
2316,592,588,546,590,0.2556131260794473,0.2538860103626943,0.23575129533678757,0.2547495682210708
2317,592,589,546,590,0.25550280535174796,0.2542080276219249,0.23564954682779457,0.2546396201985326
2318,593,589,546,590,0.2558239861949957,0.2540983606557377,0.2355478861087144,0.2545297670405522
2319,593,590,546,590,0.25571366968520914,0.25442000862440706,0.23544631306597671,0.25442000862440706
2320,593,590,546,591,0.25560344827586207,0.2543103448275862,0.2353448275862069,0.25474137931034485
2321,593,590,547,591,0.25549332184403273,0.25420077552778975,0.23567427832830676,0.25463162429987074
2322,593,590,548,591,0.2553832902670112,0.2540913006029285,0.2360034453057709,0.25452196382428943
2323,593,590,549,591,0.25527335342229873,0.25398191993112357,0.23633232888506242,0.2544123977615153
2324,593,591,549,591,0.25516351118760755,0.25430292598967297,0.23623063683304646,0.25430292598967297
2325,593,591,549,592,0.2550537634408602,0.2541935483870968,0.2361290322580645,0.2546236559139785
2326,593,591,550,592,0.2549441100601892,0.25408426483233015,0.236457437661221,0.2545141874462597
2327,594,591,550,592,0.25526428878384183,0.2539750752041255,0.23635582294800173,0.25440481306403095
2328,594,591,550,593,0.2551546391752577,0.2538659793814433,0.23625429553264604,0.2547250859106529
2329,595,591,550,593,0.25547445255474455,0.25375697724345214,0.23615285530270502,0.25461571489909834
2330,595,591,550,594,0.2553648068669528,0.2536480686695279,0.23605150214592274,0.2549356223175966
2331,596,591,550,594,0.2556842556842557,0.25353925353925355,0.23595023595023595,0.2548262548262548
2332,597,591,550,594,0.2560034305317324,0.25343053173241853,0.2358490566037736,0.25471698113207547
2333,597,591,551,594,0.2558936990998714,0.2533219031290184,0.23617659665666524,0.2546078011144449
2334,598,591,551,594,0.25621251071122536,0.2532133676092545,0.23607540702656385,0.2544987146529563
2335,598,592,551,594,0.25610278372591005,0.2535331905781585,0.2359743040685225,0.25438972162740897
2336,598,593,551,594,0.2559931506849315,0.2538527397260274,0.2358732876712329,0.2542808219178082
2337,598,594,551,594,0.2558836114676936,0.25417201540436457,0.23577235772357724,0.25417201540436457
2338,599,594,551,594,0.25620188195038496,0.2540633019674936,0.2356715141146279,0.2540633019674936
2339,599,595,551,594,0.25609234715690465,0.2543822146216332,0.23557075673364686,0.2539546814878153
2340,599,595,552,594,0.25598290598290596,0.25427350427350426,0.2358974358974359,0.25384615384615383
2341,599,595,553,594,0.2558735583084152,0.2541648868005126,0.23622383596753524,0.25373771892353697
2342,599,595,553,595,0.2557643040136635,0.25405636208368915,0.23612297181895817,0.25405636208368915
2343,599,595,554,595,0.25565514297908665,0.253947930004268,0.2364489970123773,0.253947930004268
2344,599,595,554,596,0.25554607508532423,0.253839590443686,0.2363481228668942,0.25426621160409557
2345,600,595,554,596,0.255863539445629,0.2537313432835821,0.23624733475479745,0.25415778251599147
2346,601,595,554,596,0.25618073316283035,0.2536231884057971,0.2361466325660699,0.25404944586530265
2347,602,595,554,596,0.25649765658287177,0.2535151256923732,0.23604601619088197,0.253941201533873
2348,602,595,554,597,0.2563884156729131,0.25340715502555367,0.23594548551959113,0.2542589437819421
2349,602,595,555,597,0.25627926777352067,0.25329927628778204,0.23627075351213284,0.2541507024265645
2350,602,595,556,597,0.2561702127659575,0.2531914893617021,0.23659574468085107,0.2540425531914894
2351,602,596,556,597,0.25606125053168866,0.2535091450446618,0.2364951084644832,0.25393449595916634
2352,602,596,557,597,0.25595238095238093,0.2534013605442177,0.23681972789115646,0.2538265306122449
2353,602,596,558,597,0.25584360390990224,0.2532936676583085,0.23714407139821506,0.25371865703357416
2354,602,596,558,598,0.25573491928632114,0.2531860662701784,0.23704333050127444,0.254035683942226
2355,602,596,559,598,0.2556263269639066,0.25307855626326964,0.23736730360934183,0.25392781316348195
2356,602,596,559,599,0.25551782682512736,0.2529711375212224,0.23726655348047537,0.25424448217317486
2357,602,596,560,599,0.25540941875265166,0.25286380992787444,0.23759015697921085,0.254136614340263
2358,603,596,560,599,0.25572519083969464,0.2527565733672604,0.23748939779474132,0.25402883799830367
2359,603,596,560,600,0.2556167867740568,0.2526494277236117,0.23738872403560832,0.2543450614667232
2360,603,596,560,601,0.2555084745762712,0.25254237288135595,0.23728813559322035,0.25466101694915255
2361,604,596,560,601,0.2558238034731046,0.2524354087251165,0.23718763235916984,0.2545531554426091
2362,604,596,561,601,0.2557154953429297,0.2523285351397121,0.23751058425063507,0.2544453852667231
2363,604,596,562,601,0.2556072788827761,0.25222175201015656,0.23783326280152348,0.2543377063055438
2364,604,596,563,601,0.25549915397631134,0.2521150592216582,0.23815566835871405,0.2542301184433164
2365,604,597,563,601,0.2553911205073996,0.25243128964059197,0.23805496828752643,0.254122621564482
2366,604,597,564,601,0.25528317836010145,0.25232459847844463,0.23837700760777683,0.25401521555367707
2367,604,597,564,602,0.25517532741867344,0.2522179974651457,0.23827629911280102,0.2543303760033798
2368,604,597,564,603,0.25506756756756754,0.2521114864864865,0.23817567567567569,0.2546452702702703
2369,604,598,564,603,0.254959898691431,0.2524271844660194,0.2380751371886872,0.2545377796538624
2370,604,599,564,603,0.2548523206751055,0.25274261603375525,0.2379746835443038,0.25443037974683547
2371,604,599,564,604,0.25474483340362714,0.2526360185575706,0.23787431463517503,0.25474483340362714
2372,604,599,564,605,0.25463743676222594,0.2525295109612142,0.23777403035413153,0.25505902192242835
2373,604,599,564,606,0.25453013063632535,0.2524230931310577,0.23767383059418457,0.2553729456384324
2374,604,599,564,607,0.2544229149115417,0.2523167649536647,0.2375737152485257,0.2556866048862679
2375,604,600,564,607,0.2543157894736842,0.25263157894736843,0.2374736842105263,0.25557894736842107
2376,604,601,564,607,0.2542087542087542,0.2529461279461279,0.23737373737373738,0.25547138047138046
2377,605,601,564,607,0.25452250736222126,0.25283971392511567,0.23727387463188893,0.2553639040807741
2378,605,602,564,607,0.25441547518923463,0.2531539108494533,0.23717409587888982,0.2552565180824222
2379,605,602,564,608,0.2543085329970576,0.2530474989491383,0.23707440100882723,0.2555695670449769
2380,605,602,565,608,0.2542016806722689,0.2529411764705882,0.23739495798319327,0.25546218487394956
2381,606,602,565,608,0.25451490970180596,0.252834943301134,0.2372952540949181,0.25535489290214197
2382,606,603,565,608,0.25440806045340053,0.2531486146095718,0.23719563392107473,0.25524769101595296
2383,606,603,566,608,0.25430130088124214,0.25304238355014685,0.23751573646663868,0.2551405791019723
2384,606,604,566,608,0.25419463087248323,0.2533557046979866,0.23741610738255034,0.2550335570469799
2385,606,605,566,608,0.2540880503144654,0.25366876310272535,0.23731656184486374,0.2549266247379455
2386,606,605,567,608,0.2539815590947192,0.25356244761106456,0.23763621123218776,0.2548197820620285
2387,606,605,567,609,0.25387515710096353,0.2534562211981567,0.2375366568914956,0.25513196480938416
2388,607,605,567,609,0.25418760469011725,0.2533500837520938,0.23743718592964824,0.2550251256281407
2389,607,605,568,609,0.2540812055253244,0.2532440351611553,0.2377563834240268,0.2549183758894935
2390,607,605,569,609,0.2539748953974895,0.25313807531380755,0.23807531380753139,0.25481171548117154
2391,607,605,570,609,0.25386867419489756,0.2530322040987035,0.2383939774153074,0.2547051442910916
2392,607,606,570,609,0.2537625418060201,0.25334448160535117,0.2382943143812709,0.2545986622073579
2393,607,606,571,609,0.25365649811951524,0.2532386126201421,0.23861262014208107,0.2544922691182616
2394,607,606,571,610,0.25355054302422725,0.2531328320802005,0.23851294903926482,0.2548036758563074
2395,607,607,571,610,0.2534446764091858,0.2534446764091858,0.2384133611691023,0.2546972860125261
2396,607,607,571,611,0.253338898163606,0.253338898163606,0.23831385642737896,0.255008347245409
2397,608,607,571,611,0.25365039632874425,0.25323320817688777,0.23821443471005424,0.2549019607843137
2398,608,607,572,611,0.2535446205170976,0.25312760633861553,0.23853211009174313,0.2547956630525438
2399,608,608,572,611,0.2534389328887036,0.2534389328887036,0.23843268028345144,0.25468945393914133
2400,608,608,573,611,0.25333333333333335,0.25333333333333335,0.23875,0.25458333333333333
2401,608,609,573,611,0.2532278217409413,0.2536443148688047,0.23865056226572262,0.25447730112453143
2402,608,609,574,611,0.2531223980016653,0.25353871773522063,0.23896752706078267,0.2543713572023314
2403,609,609,574,611,0.2534332084893883,0.2534332084893883,0.2388680815647108,0.25426550145651267
2404,609,610,574,611,0.2533277870216306,0.25374376039933444,0.23876871880199668,0.25415973377703827
2405,609,611,574,611,0.25322245322245324,0.25405405405405407,0.23866943866943868,0.25405405405405407
2406,610,611,574,611,0.25353283458021614,0.25394846217788863,0.23857024106400665,0.25394846217788863
2407,611,611,574,611,0.25384295803905277,0.25384295803905277,0.23847112588284172,0.25384295803905277
2408,611,611,575,611,0.2537375415282392,0.2537375415282392,0.2387873754152824,0.2537375415282392
2409,611,611,576,611,0.2536322125363221,0.2536322125363221,0.23910336239103364,0.2536322125363221
2410,611,611,576,612,0.25352697095435683,0.25352697095435683,0.23900414937759337,0.25394190871369293
2411,611,612,576,612,0.25342181667357944,0.253836582330983,0.23890501866445457,0.253836582330983
2412,611,612,577,612,0.2533167495854063,0.2537313432835821,0.2392205638474295,0.2537313432835821
2413,611,612,578,612,0.2532117695814339,0.25362619146290927,0.23953584749274762,0.25362619146290927
2414,611,613,578,612,0.2531068765534383,0.2539353769676885,0.23943661971830985,0.2535211267605634
2415,611,613,578,613,0.25300207039337475,0.25383022774327124,0.23933747412008283,0.25383022774327124
2416,611,613,579,613,0.25289735099337746,0.2537251655629139,0.2396523178807947,0.2537251655629139
2417,611,613,580,613,0.2527927182457592,0.25362019031857674,0.2399669011170873,0.25362019031857674
2418,611,613,581,613,0.25268817204301075,0.2535153019023987,0.24028122415219189,0.2535153019023987
2419,612,613,581,613,0.25299710624224886,0.253410500206697,0.24018189334435716,0.253410500206697
2420,612,613,582,613,0.2528925619834711,0.25330578512396695,0.24049586776859505,0.25330578512396695
2421,612,613,582,614,0.2527881040892193,0.25320115654688147,0.24039653035935563,0.25361420900454357
2422,612,613,583,614,0.2526837324525186,0.2530966143682907,0.24071015689512798,0.2535094962840628
2423,612,613,584,614,0.25257944696657036,0.25299215848122164,0.24102352455633513,0.25340486999587286
2424,612,613,584,615,0.2524752475247525,0.2528877887788779,0.24092409240924093,0.2537128712871287
2425,612,613,584,616,0.25237113402061856,0.25278350515463915,0.24082474226804124,0.25402061855670105
2426,612,613,585,616,0.2522671063478978,0.252679307502061,0.2411376751854905,0.2539159109645507
2427,612,613,585,617,0.2521631644004944,0.25257519571487436,0.24103831891223734,0.2542233209723939
2428,612,613,586,617,0.25205930807248766,0.2524711696869852,0.2413509060955519,0.2541186161449753
2429,613,613,586,617,0.2523672293124743,0.2523672293124743,0.24125154384520378,0.25401399752984766
2430,613,613,586,618,0.2522633744855967,0.2522633744855967,0.2411522633744856,0.254320987654321
2431,613,613,587,618,0.25215960510078156,0.25215960510078156,0.24146441793500617,0.2542163718634307
2432,613,613,587,619,0.2520559210526316,0.2520559210526316,0.24136513157894737,0.2545230263157895
2433,613,614,587,619,0.25195232223592273,0.25236333744348544,0.24126592683929304,0.2544184134812988
2434,614,614,587,619,0.2522596548890715,0.2522596548890715,0.24116680361544782,0.2543138866064092
2435,614,615,587,619,0.2521560574948665,0.25256673511293637,0.24106776180698153,0.25420944558521563
2436,615,615,587,619,0.2524630541871921,0.2524630541871921,0.2409688013136289,0.25410509031198686
2437,615,615,587,620,0.25235945835043083,0.25235945835043083,0.24086992203528929,0.254411161263849
2438,615,615,587,621,0.25225594749794916,0.25225594749794916,0.24077112387202626,0.25471698113207547
2439,615,615,587,622,0.2521525215252153,0.2521525215252153,0.24067240672406723,0.25502255022550224
2440,615,615,588,622,0.2520491803278688,0.2520491803278688,0.24098360655737705,0.25491803278688524
2441,615,615,588,623,0.2519459238017206,0.2519459238017206,0.24088488324457188,0.2552232691519869
2442,616,615,588,623,0.25225225225225223,0.25184275184275184,0.24078624078624078,0.2551187551187551
2443,616,616,588,623,0.2521489971346705,0.2521489971346705,0.24068767908309455,0.25501432664756446
2444,616,616,589,623,0.2520458265139116,0.2520458265139116,0.24099836333878888,0.2549099836333879
2445,616,617,589,623,0.2519427402862986,0.2523517382413088,0.2408997955010225,0.25480572597137013
2446,616,618,589,623,0.2518397383483238,0.2526573998364677,0.24080130825838103,0.2547015535568275
2447,616,619,589,623,0.251736820596649,0.2529628116060482,0.2407029015120556,0.25459746628524726
2448,616,619,589,624,0.25163398692810457,0.252859477124183,0.2406045751633987,0.2549019607843137
2449,616,620,589,624,0.2515312372396897,0.25316455696202533,0.24050632911392406,0.254797876684361
2450,616,620,589,625,0.25142857142857145,0.2530612244897959,0.24040816326530612,0.25510204081632654
2451,616,620,589,626,0.25132598939208484,0.2529579763361893,0.24031007751937986,0.255405956752346
2452,617,620,589,626,0.25163132137030997,0.2528548123980424,0.2402120717781403,0.2553017944535073
2453,617,621,589,626,0.251528740317978,0.2531593966571545,0.24011414594374236,0.25519771708112515
2454,617,622,589,626,0.2514262428687857,0.2534637326813366,0.2400162999185004,0.25509372453137735
2455,617,623,589,626,0.25132382892057026,0.25376782077393073,0.239918533604888,0.254989816700611
2456,617,623,590,626,0.2512214983713355,0.2536644951140065,0.24022801302931596,0.254885993485342
2457,617,623,590,627,0.2511192511192511,0.2535612535612536,0.24013024013024012,0.25518925518925517
2458,617,623,591,627,0.2510170870626526,0.2534580960130187,0.2404393816110659,0.25508543531326283
2459,617,624,591,627,0.2509150061000407,0.2537616917446116,0.24034160227734852,0.2549816998779992
2460,617,624,592,627,0.2508130081300813,0.25365853658536586,0.24065040650406505,0.2548780487804878
2461,618,624,592,627,0.2511174319382365,0.2535554652580252,0.24055262088581877,0.25477448191791957
2462,618,624,592,628,0.2510154346060114,0.25345247766043866,0.2404549147034931,0.2550771730300569
2463,618,625,592,628,0.25091352009744217,0.2537555826228177,0.24035728786033292,0.2549736094194072
2464,618,626,592,628,0.2508116883116883,0.25405844155844154,0.24025974025974026,0.25487012987012986
2465,618,626,592,629,0.25070993914807305,0.2539553752535497,0.24016227180527383,0.25517241379310346
2466,618,626,593,629,0.25060827250608275,0.25385239253852393,0.24047039740470397,0.2550689375506894
2467,618,626,593,630,0.2505066882853668,0.25374949331171465,0.24037292257803,0.25537089582488853
2468,618,627,593,630,0.25040518638573744,0.2540518638573744,0.24027552674230146,0.2552674230145867
2469,618,627,594,630,0.2503037667071689,0.25394896719319565,0.24058323207776428,0.2551640340218712
2470,618,627,594,631,0.25020242914979757,0.25384615384615383,0.24048582995951417,0.2554655870445344
2471,619,627,594,631,0.25050586806960745,0.2537434237150951,0.2403885066774585,0.25536220153783895
2472,619,627,594,632,0.25040453074433655,0.2536407766990291,0.24029126213592233,0.255663430420712
2473,619,627,595,632,0.2503032753740396,0.253538212697129,0.24059846340477153,0.25556004852405984
2474,620,627,595,632,0.25060630557801133,0.2534357316087308,0.24050121261115603,0.25545675020210185
2475,620,627,596,632,0.2505050505050505,0.25333333333333335,0.2408080808080808,0.25535353535353533
2476,621,627,596,632,0.2508077544426494,0.25323101777059775,0.2407108239095315,0.2552504038772213
2477,622,627,596,632,0.2511102139685103,0.2531287848203472,0.24061364553895842,0.2551473556721841
2478,622,627,597,632,0.2510088781275222,0.25302663438256656,0.24092009685230023,0.255044390637611
2479,622,628,597,632,0.2509076240419524,0.25332795482049214,0.2408229124647035,0.254941508672852
2480,622,628,598,632,0.2508064516129032,0.2532258064516129,0.2411290322580645,0.25483870967741934
2481,623,628,598,632,0.25110842402257155,0.25312374042724706,0.24103184199919386,0.2547359935509875
2482,623,628,598,633,0.2510072522159549,0.25302175664786464,0.24093473005640612,0.2550362610797744
2483,624,628,598,633,0.2513089005235602,0.25291985501409586,0.24083769633507854,0.25493354812726543
2484,624,629,598,633,0.25120772946859904,0.2532206119162641,0.24074074074074073,0.25483091787439616
2485,624,630,598,633,0.2511066398390342,0.2535211267605634,0.24064386317907444,0.254728370221328
2486,624,631,598,633,0.251005631536605,0.25382139983909896,0.24054706355591313,0.25462590506838295
2487,625,631,598,633,0.2513067953357459,0.25371934057096907,0.24045034177724164,0.2545235223160434
2488,625,632,598,633,0.2512057877813505,0.2540192926045016,0.24035369774919615,0.25442122186495175
2489,625,633,598,633,0.2511048613901165,0.25431900361591,0.24025713137806348,0.25431900361591
2490,625,633,598,634,0.25100401606425704,0.25421686746987954,0.24016064257028114,0.25461847389558234
2491,626,633,598,634,0.2513046969088719,0.25411481332798075,0.24006423123243678,0.2545162585307106
2492,626,634,598,634,0.25120385232744785,0.25441412520064205,0.23996789727126805,0.25441412520064205
2493,627,634,598,634,0.25150421179302046,0.25431207380665866,0.23987164059366226,0.25431207380665866
2494,627,635,598,634,0.25140336808340014,0.25461106655974336,0.23977546110665598,0.25421010425020046
2495,627,636,598,634,0.25130260521042086,0.25490981963927856,0.23967935871743487,0.25410821643286574
2496,627,636,598,635,0.2512019230769231,0.2548076923076923,0.23958333333333334,0.25440705128205127
2497,627,637,598,635,0.2511013215859031,0.2551061273528234,0.2394873848618342,0.2543051661994393
2498,627,637,598,636,0.2510008006405124,0.25500400320256206,0.23939151321056845,0.2546036829463571
2499,627,637,598,637,0.25090036014405764,0.2549019607843137,0.2392957182873149,0.2549019607843137
2500,627,637,598,638,0.2508,0.2548,0.2392,0.2552
2501,628,637,598,638,0.2510995601759296,0.25469812075169934,0.23910435825669732,0.2550979608156737
2502,628,637,598,639,0.2509992006394884,0.2545963229416467,0.2390087929656275,0.25539568345323743
2503,628,638,598,639,0.2508989212944467,0.25489412704754294,0.23891330403515781,0.25529364762285256
2504,629,638,598,639,0.2511980830670926,0.2547923322683706,0.2388178913738019,0.2551916932907348
2505,629,638,598,640,0.25109780439121754,0.25469061876247506,0.23872255489021957,0.2554890219560878
2506,629,639,598,640,0.2509976057462091,0.2549880287310455,0.2386272944932163,0.2553870710295291
2507,629,639,599,640,0.2508974870362984,0.25488631830873554,0.23893099321898684,0.25528520143597927
2508,629,639,599,641,0.25079744816586924,0.25478468899521534,0.23883572567783093,0.2555821371610845
2509,629,639,600,641,0.25069748903945793,0.2546831406935034,0.2391390992427262,0.2554802710243125
2510,629,639,600,642,0.250597609561753,0.2545816733067729,0.23904382470119523,0.2557768924302789
2511,629,639,601,642,0.2504978096375946,0.25448028673835127,0.23934687375547592,0.25567502986857826
2512,629,639,601,643,0.25039808917197454,0.25437898089171973,0.2392515923566879,0.2559713375796178
2513,630,639,601,643,0.25069637883008355,0.2542777556705133,0.23915638678869877,0.2558694787107043
2514,630,639,601,644,0.25059665871121717,0.2541766109785203,0.2390612569610183,0.2561654733492442
2515,630,640,601,644,0.2504970178926441,0.2544731610337972,0.2389662027833002,0.2560636182902585
2516,630,641,601,644,0.2503974562798092,0.25476947535771066,0.23887122416534182,0.2559618441971383
2517,630,641,602,644,0.25029797377830754,0.25466825586015096,0.2391736193881605,0.255860150973381
2518,630,641,603,644,0.25019857029388404,0.2545671167593328,0.23947577442414614,0.255758538522637
2519,630,642,603,644,0.25009924573243353,0.2548630408892418,0.23938070662961491,0.2556570067487098
2520,630,643,603,644,0.25,0.25515873015873014,0.2392857142857143,0.25555555555555554
2521,630,643,604,644,0.24990083300277668,0.2550575168583895,0.23958746529155098,0.25545418484728283
2522,630,644,604,644,0.24980174464710547,0.25535289452815224,0.23949246629659002,0.25535289452815224
2523,630,644,605,644,0.2497027348394768,0.2552516845025763,0.23979389615537058,0.2552516845025763
2524,630,644,605,645,0.24960380348652933,0.2551505546751189,0.23969889064976227,0.25554675118858955
2525,631,644,605,645,0.2499009900990099,0.25504950495049505,0.2396039603960396,0.25544554455445545
2526,631,644,606,645,0.24980205859065716,0.25494853523357086,0.23990498812351543,0.25534441805225655
2527,631,645,606,645,0.24970320538187574,0.2552433715868619,0.23981005144440048,0.2552433715868619
2528,631,645,606,646,0.24960443037974683,0.25514240506329117,0.23971518987341772,0.2555379746835443
2529,631,645,607,646,0.24950573349149863,0.25504151838671413,0.24001581652827206,0.2554369315935152
2530,631,645,607,647,0.24940711462450593,0.2549407114624506,0.2399209486166008,0.2557312252964427
2531,631,645,608,647,0.24930857368629,0.25483998419597,0.2402212564203872,0.25563018569735285
2532,631,646,608,647,0.24921011058451817,0.2551342812006319,0.2401263823064771,0.25552922590837285
2533,632,646,608,647,0.24950651401500198,0.2550335570469799,0.24003158310303987,0.2554283458349783
2534,633,646,608,647,0.24980268350434096,0.2549329123914759,0.23993685872138912,0.255327545382794
2535,633,647,608,647,0.24970414201183433,0.2552268244575937,0.2398422090729783,0.2552268244575937
2536,633,648,608,647,0.2496056782334385,0.2555205047318612,0.23974763406940064,0.2551261829652997
2537,633,648,608,648,0.2495072920772566,0.2554197871501774,0.23965313362238866,0.2554197871501774
2538,633,649,608,648,0.24940898345153664,0.2557131599684791,0.23955870764381404,0.2553191489361702
2539,633,650,608,648,0.24931075226467114,0.25600630169358013,0.23946435604568728,0.25521858999606145
2540,633,651,608,648,0.24921259842519686,0.2562992125984252,0.23937007874015748,0.2551181102362205
2541,633,651,609,648,0.24911452184179456,0.256198347107438,0.2396694214876033,0.2550177095631641
2542,633,652,609,648,0.24901652242328876,0.25649095200629424,0.23957513768686073,0.2549173878835563
2543,633,653,609,648,0.24891860007864727,0.2567833267793944,0.2394809280377507,0.2548171451042076
2544,633,653,609,649,0.24882075471698112,0.2566823899371069,0.23938679245283018,0.25511006289308175
2545,634,653,609,649,0.24911591355599214,0.25658153241650294,0.23929273084479372,0.2550098231827112
2546,634,653,609,650,0.24901806755695208,0.25648075412411625,0.2391987431264729,0.25530243519245877
2547,634,654,609,650,0.24892029839026306,0.25677267373380447,0.23910482921083628,0.2552021986650962
2548,634,655,609,650,0.2488226059654631,0.25706436420722134,0.23901098901098902,0.25510204081632654
2549,635,655,609,650,0.24911730090231463,0.2569635151039623,0.2389172224401726,0.2550019615535504
2550,635,655,609,651,0.24901960784313726,0.2568627450980392,0.2388235294117647,0.25529411764705884
2551,636,655,609,651,0.2493139945119561,0.25676205409643277,0.23872990983927872,0.25519404155233244
2552,637,655,609,651,0.24960815047021945,0.2566614420062696,0.23863636363636365,0.25509404388714735
2553,637,655,609,652,0.24951037994516256,0.2565609087348218,0.23854289071680376,0.2553858206032119
2554,637,656,609,652,0.2494126859827721,0.2568519968676586,0.2384494909945184,0.2552858261550509
2555,637,656,610,652,0.2493150684931507,0.25675146771037183,0.23874755381604695,0.2551859099804305
2556,638,656,610,652,0.24960876369327073,0.2566510172143975,0.23865414710485133,0.25508607198748046
2557,638,656,610,653,0.24951114587407117,0.2565506452874462,0.23856081345326555,0.25537739538521703
2558,638,657,610,653,0.24941360437842064,0.2568412822517592,0.23846755277560594,0.25527756059421425
2559,638,657,611,653,0.24931613911684253,0.2567409144196952,0.23876514263384135,0.25517780382962096
2560,638,658,611,653,0.24921875,0.25703125,0.238671875,0.255078125
2561,639,658,611,653,0.24951190941038656,0.2569308863725107,0.23857868020304568,0.254978524014057
2562,639,659,611,653,0.24941451990632318,0.2572209211553474,0.2384855581576893,0.25487900078064013
2563,639,659,611,654,0.24931720639875146,0.2571205618415919,0.23839250877877488,0.25516972298088175
2564,639,660,611,654,0.24921996879875194,0.2574102964118565,0.23829953198127926,0.2550702028081123
2565,639,660,612,654,0.24912280701754386,0.2573099415204678,0.23859649122807017,0.2549707602339181
2566,639,660,612,655,0.24902572096648481,0.2572096648480125,0.23850350740452064,0.25526110678098207
2567,639,661,612,655,0.2489287105570705,0.2574990261005064,0.23841059602649006,0.255161667315933
2568,640,661,612,655,0.24922118380062305,0.257398753894081,0.2383177570093458,0.25506230529595014
2569,640,661,612,656,0.2491241728298949,0.25729855975087584,0.238224990268587,0.2553522771506423
2570,640,661,613,656,0.2490272373540856,0.2571984435797665,0.23852140077821013,0.2552529182879377
2571,641,661,613,656,0.24931933099961104,0.2570984052897705,0.2384286269933878,0.2551536367172306
2572,641,661,613,657,0.24922239502332816,0.25699844479004663,0.23833592534992223,0.25544323483670295
2573,641,661,614,657,0.2491255343956471,0.2568985619898951,0.23863194714341235,0.25534395647104546
2574,641,661,614,658,0.24902874902874902,0.2567987567987568,0.23853923853923853,0.2556332556332556
2575,641,662,614,658,0.24893203883495146,0.2570873786407767,0.23844660194174758,0.25553398058252424
2576,641,663,614,658,0.24883540372670807,0.2573757763975155,0.23835403726708074,0.2554347826086957
2577,642,663,614,658,0.24912689173457508,0.2572759022118743,0.23826154443150951,0.25533566162204113
2578,642,663,615,658,0.24903025601241272,0.25717610550814585,0.23855702094647013,0.2552366175329713
2579,643,663,615,658,0.24932144241954246,0.2570763861962001,0.2384645211322218,0.25513765025203566
2580,643,663,615,659,0.24922480620155038,0.2569767441860465,0.23837209302325582,0.2554263565891473
2581,643,663,615,660,0.24912824486633087,0.25687717938783416,0.23827973653622628,0.2557148392096087
2582,644,663,615,660,0.24941905499612704,0.2567776917118513,0.23818745158791635,0.25561580170410536
2583,644,664,615,660,0.24932249322493225,0.2570654277971351,0.23809523809523808,0.25551684088269455
2584,644,665,615,660,0.24922600619195046,0.25735294117647056,0.2380030959752322,0.25541795665634676
2585,644,665,615,661,0.24912959381044486,0.2572533849129594,0.2379110251450677,0.25570599613152806
2586,645,665,615,661,0.2494199535962877,0.257153905645785,0.23781902552204176,0.25560711523588553
2587,645,665,616,661,0.24932354078082722,0.25705450328565904,0.23811364514882102,0.2555083107846927
2588,645,665,617,661,0.24922720247295208,0.25695517774343124,0.2384080370942813,0.2554095826893354
2589,645,665,618,661,0.24913093858632676,0.25685592893008885,0.23870220162224798,0.25531093086133644
2590,645,666,618,661,0.24903474903474904,0.2571428571428571,0.2386100386100386,0.2552123552123552
2591,645,667,618,661,0.24893863373214975,0.25742956387495175,0.23851794673871093,0.2551138556541876
2592,645,667,619,661,0.2488425925925926,0.25733024691358025,0.23881172839506173,0.2550154320987654
2593,645,667,619,662,0.24874662553027382,0.2572310065561126,0.23871962977246433,0.25530273814114923
2594,646,667,619,662,0.24903623747108714,0.2571318427139553,0.23862760215882806,0.25520431765612955
2595,647,667,619,662,0.24932562620423893,0.25703275529865127,0.23853564547206166,0.25510597302504817
2596,647,667,619,663,0.2492295839753467,0.2569337442218798,0.2384437596302003,0.2553929121725732
2597,648,667,619,663,0.24951867539468617,0.2568348093954563,0.23835194455140546,0.25529457065845207
2598,649,667,619,663,0.2498075442648191,0.2567359507313318,0.2382602001539646,0.25519630484988454
2599,649,668,619,663,0.24971142747210465,0.25702193151212005,0.23816852635629088,0.2550981146594844
2600,650,668,619,663,0.25,0.2569230769230769,0.23807692307692307,0.255
2601,651,668,619,663,0.2502883506343714,0.2568242983467897,0.2379853902345252,0.2549019607843137
2602,651,668,620,663,0.2501921598770177,0.25672559569561876,0.2382782475019216,0.254803996925442
2603,651,669,620,663,0.2500960430272762,0.25701114099116407,0.23818670764502498,0.2547061083365348
2604,651,669,621,663,0.25,0.2569124423963134,0.23847926267281105,0.25460829493087556
2605,652,669,621,663,0.25028790786948174,0.25681381957773514,0.2383877159309021,0.254510556621881
2606,653,669,621,663,0.250575594781274,0.2567152724481965,0.238296239447429,0.2544128933231005
2607,654,669,621,663,0.2508630609896433,0.2566168009205984,0.238204833141542,0.25431530494821636
2608,655,669,621,663,0.2511503067484663,0.25651840490797545,0.23811349693251535,0.25421779141104295
2609,655,669,622,663,0.25105404369490225,0.2564200843234956,0.23840551935607512,0.254120352625527
2610,655,669,623,663,0.2509578544061303,0.25632183908045975,0.23869731800766283,0.2540229885057471
2611,655,669,623,664,0.25086173879739565,0.2562236690923018,0.2386058981233244,0.2543086939869782
2612,655,669,624,664,0.2507656967840735,0.25612557427258803,0.23889739663093415,0.2542113323124043
2613,655,670,624,664,0.25066972828166856,0.2564102564102564,0.23880597014925373,0.2541140451588213
2614,656,670,624,664,0.25095638867635806,0.2563121652639633,0.23871461361897475,0.2540168324407039
2615,656,671,624,664,0.2508604206500956,0.25659655831739964,0.23862332695984703,0.25391969407265774
2616,656,672,624,664,0.25076452599388377,0.25688073394495414,0.23853211009174313,0.25382262996941896
2617,657,672,624,664,0.25105082155139474,0.25678257546809324,0.238440962934658,0.253725640045854
2618,657,673,624,664,0.2509549274255157,0.2570664629488159,0.23834988540870894,0.25362872421695953
2619,657,673,625,664,0.2508591065292096,0.25696830851470026,0.23864070255822833,0.2535318823978618
2620,658,673,625,664,0.2511450381679389,0.25687022900763357,0.2385496183206107,0.2534351145038168
2621,658,674,625,664,0.2510492178557802,0.2571537581075925,0.2384586035864174,0.2533384204502098
2622,658,674,625,665,0.2509534706331045,0.2570556826849733,0.2383676582761251,0.2536231884057971
2623,658,674,625,666,0.25085779641631717,0.2569576820434617,0.23827678231033167,0.25390773922988946
2624,659,674,625,666,0.25114329268292684,0.25685975609756095,0.2381859756097561,0.2538109756097561
2625,659,675,625,666,0.2510476190476191,0.2571428571428571,0.23809523809523808,0.2537142857142857
2626,659,675,625,667,0.25095201827875097,0.25704493526275707,0.238004569687738,0.253998476770754
2627,659,676,625,667,0.25085649029311,0.25732775028549676,0.2379139703083365,0.2539017891130567
2628,659,677,625,667,0.2507610350076104,0.2576103500761035,0.2378234398782344,0.2538051750380518
2629,659,677,626,667,0.2506656523392925,0.25751236211487255,0.23811335108406237,0.25370863446177255
2630,660,677,626,667,0.2509505703422053,0.25741444866920155,0.23802281368821293,0.2536121673003802
2631,660,677,627,667,0.2508551881413911,0.2573166096541239,0.23831242873432154,0.25351577347016346
2632,661,677,627,667,0.2511398176291793,0.2572188449848024,0.23822188449848025,0.253419452887538
2633,661,677,627,668,0.25104443600455756,0.2571211545765287,0.23813140903911886,0.25370300037979493
2634,661,678,627,668,0.2509491268033409,0.25740318906605925,0.23804100227790434,0.2536066818526955
2635,661,678,627,669,0.250853889943074,0.2573055028462998,0.2379506641366224,0.2538899430740038
2636,661,678,628,669,0.2507587253414264,0.2572078907435508,0.23823975720789076,0.253793626707132
2637,661,678,629,669,0.25066363291619265,0.2571103526734926,0.2385286310200986,0.25369738339021614
2638,661,678,629,670,0.2505686125852919,0.25701288855193327,0.23843821076573163,0.2539802880970432
2639,661,678,630,670,0.2504736642667677,0.25691549829480864,0.23872679045092837,0.2538840469874953
2640,661,678,631,670,0.25037878787878787,0.25681818181818183,0.2390151515151515,0.2537878787878788
2641,661,679,631,670,0.2502839833396441,0.25709958349110185,0.2389246497538811,0.25369178341537296
2642,661,679,632,670,0.2501892505677517,0.257002271006813,0.2392127176381529,0.25359576078728235
2643,661,680,632,670,0.25009458948164964,0.25728339008702233,0.23912220961029135,0.2534998108210367
2644,661,681,632,670,0.25,0.2575642965204236,0.23903177004538578,0.2534039334341906
2645,661,681,633,670,0.2499054820415879,0.2574669187145558,0.23931947069943288,0.2533081285444234
2646,661,681,634,670,0.24981103552532125,0.25736961451247165,0.23960695389266817,0.25321239606953894
2647,661,681,635,670,0.24971666037023044,0.2572723838307518,0.2398942198715527,0.25311673592746503
2648,661,681,636,670,0.24962235649546827,0.2571752265861027,0.24018126888217523,0.25302114803625375
2649,661,682,636,670,0.24952812382030956,0.2574556436391091,0.24009060022650056,0.2529256323140808
2650,662,682,636,670,0.249811320754717,0.2573584905660377,0.24,0.2528301886792453
2651,662,682,636,671,0.24971708789136174,0.2572614107883817,0.23990946812523575,0.25311203319502074
2652,662,683,636,671,0.24962292609351433,0.2575414781297134,0.2398190045248869,0.25301659125188536
2653,663,683,636,671,0.24990576705616283,0.25744440256313605,0.23972860912174895,0.2529212212589521
2654,663,684,636,671,0.2498116051243406,0.25772418990203466,0.23963828183873398,0.2528259231348907
2655,664,684,636,671,0.25009416195856876,0.2576271186440678,0.23954802259887006,0.2527306967984934
2656,665,684,636,671,0.2503765060240964,0.2575301204819277,0.2394578313253012,0.2526355421686747
2657,665,684,636,672,0.2502822732404968,0.2574331953330824,0.23936770794128717,0.2529168234851336
2658,665,685,636,672,0.25018811136192626,0.25771256583897667,0.23927765237020315,0.2528216704288939
2659,665,686,636,672,0.2500940203083866,0.257991726212862,0.2391876645355397,0.25272658894321176
2660,666,686,636,672,0.2503759398496241,0.2578947368421053,0.23909774436090225,0.25263157894736843
2661,667,686,636,672,0.2506576475009395,0.2577978203682826,0.23900789177001128,0.2525366403607666
2662,667,687,636,672,0.2505634861006762,0.25807663410969195,0.23891810668670171,0.25244177310293014
2663,667,688,636,672,0.2504693954187007,0.2583552384528727,0.238828389034923,0.25234697709350357
2664,667,688,637,672,0.25037537537537535,0.25825825825825827,0.23911411411411412,0.25225225225225223
2665,667,689,637,672,0.25028142589118196,0.25853658536585367,0.23902439024390243,0.25215759849906194
2666,667,689,638,672,0.2501875468867217,0.2584396099024756,0.23930982745686422,0.25206301575393847
2667,667,690,638,672,0.25009373828271464,0.25871766029246346,0.23922009748781403,0.25196850393700787
2668,667,691,638,672,0.25,0.2589955022488756,0.2391304347826087,0.2518740629685157
2669,667,692,638,672,0.2499063319595354,0.2592731360059948,0.23904083926564257,0.2517796927688273
2670,667,692,639,672,0.24981273408239701,0.2591760299625468,0.2393258426966292,0.251685393258427
2671,667,693,639,672,0.24971920628977912,0.25945338824410336,0.2392362411081992,0.2515911643579184
2672,667,694,639,672,0.24962574850299402,0.2597305389221557,0.23914670658682635,0.25149700598802394
2673,667,694,640,672,0.24953236064347176,0.25963337074448184,0.23943135054246165,0.25140291806958476
2674,667,694,641,672,0.2494390426327599,0.25953627524308154,0.23971578160059837,0.2513089005235602
2675,667,694,642,672,0.24934579439252336,0.2594392523364486,0.24,0.25121495327102805
2676,668,694,642,672,0.24962630792227206,0.2593423019431988,0.2399103139013453,0.25112107623318386
2677,668,694,642,673,0.24953305939484496,0.25924542398206946,0.23982069480762047,0.2514008218154651
2678,668,694,643,673,0.24943988050784166,0.2591486183719193,0.24010455563853622,0.25130694548170274
2679,668,695,643,673,0.24934677118327733,0.25942515864128407,0.24001493094438223,0.25121313923105637
2680,668,695,644,673,0.24925373134328357,0.2593283582089552,0.24029850746268658,0.2511194029850746
2681,669,695,644,673,0.2495337560611712,0.25923162998881016,0.2402088772845953,0.2510257366654233
2682,669,696,644,673,0.2494407158836689,0.2595078299776286,0.2401193139448173,0.25093214019388516
2683,669,696,645,673,0.24934774506149832,0.2594111069698099,0.24040253447633247,0.2508386134923593
2684,669,696,646,673,0.24925484351713859,0.2593144560357675,0.2406855439642325,0.2507451564828614
2685,669,696,647,673,0.24916201117318434,0.25921787709497207,0.2409683426443203,0.2506517690875233
2686,669,697,647,673,0.2490692479523455,0.25949367088607594,0.24087862993298587,0.2505584512285927
2687,669,698,647,673,0.24897655377744696,0.2597692593970971,0.2407889839970227,0.2504652028284332
2688,669,698,647,674,0.24888392857142858,0.25967261904761907,0.24069940476190477,0.2507440476190476
2689,670,698,647,674,0.2491632577166233,0.25957605057642247,0.24060989215321682,0.2506507995537374
2690,670,698,647,675,0.24907063197026022,0.2594795539033457,0.24052044609665427,0.25092936802973975
2691,670,698,647,676,0.24897807506503158,0.25938312894834636,0.24043106651802304,0.25120772946859904
2692,670,699,647,676,0.24888558692421991,0.2596582466567608,0.24034175334323923,0.2511144130757801
2693,670,700,647,676,0.24879316747122168,0.25993316004455996,0.240252506498329,0.25102116598588936
2694,671,700,647,676,0.24907201187824796,0.25983667409057165,0.24016332590942835,0.25092798812175204
2695,671,701,647,676,0.24897959183673468,0.2601113172541744,0.24007421150278294,0.250834879406308
2696,672,701,647,676,0.24925816023738873,0.2600148367952522,0.23998516320474778,0.2507418397626113
2697,672,701,648,676,0.24916573971078976,0.25991842788283276,0.24026696329254726,0.25064886911383016
2698,672,701,648,677,0.2490733876945886,0.259822090437361,0.24017790956263899,0.2509266123054114
2699,672,701,648,678,0.2489811041126343,0.2597258243793998,0.24008892182289737,0.25120414968506855
2700,673,701,648,678,0.24925925925925926,0.25962962962962965,0.24,0.2511111111111111
2701,673,701,648,679,0.24916697519437245,0.25953350610884857,0.23991114402073307,0.2513883746760459
2702,673,701,648,680,0.24907475943745375,0.2594374537379719,0.23982235381199113,0.25166543301258326
2703,673,701,648,681,0.2489826119126896,0.2593414724380318,0.2397336293007769,0.2519422863485017
2704,674,701,648,681,0.2492603550295858,0.2592455621301775,0.23964497041420119,0.2518491124260355
2705,674,701,648,682,0.2491682070240296,0.25914972273567466,0.23955637707948244,0.2521256931608133
2706,675,701,648,682,0.24944567627494457,0.2590539541759054,0.2394678492239468,0.25203252032520324
2707,675,701,649,682,0.24935352789065385,0.2589582563723679,0.23974879940893978,0.2519394163280384
2708,675,701,649,683,0.24926144756277696,0.2588626292466765,0.2396602658788774,0.2522156573116691
2709,675,701,649,684,0.24916943521594684,0.2587670727205611,0.2395717977113326,0.25249169435215946
2710,676,701,649,684,0.24944649446494466,0.25867158671586715,0.23948339483394834,0.2523985239852399
2711,676,701,649,685,0.24935448174105496,0.2585761711545555,0.23939505717447437,0.25267428992991514
2712,677,701,649,685,0.24963126843657818,0.2584808259587021,0.23930678466076696,0.2525811209439528
2713,677,701,650,685,0.24953925543678585,0.2583855510504976,0.2395871728713601,0.25248802064135645
2714,677,702,650,685,0.2494473102431835,0.25865880619012527,0.23949889462048637,0.2523949889462049
2715,677,702,650,686,0.24935543278084715,0.2585635359116022,0.23941068139963168,0.252670349907919
2716,677,703,650,686,0.24926362297496318,0.25883652430044185,0.23932253313696614,0.25257731958762886
2717,678,703,650,686,0.24953993375046007,0.25874125874125875,0.23923444976076555,0.25248435774751565
2718,678,704,650,686,0.24944812362030905,0.25901398086828553,0.23914643119941134,0.2523914643119941
2719,678,704,650,687,0.2493563810224347,0.25891872011769035,0.23905847738139022,0.2526664214784847
2720,678,705,650,687,0.24926470588235294,0.25919117647058826,0.23897058823529413,0.2525735294117647
2721,678,706,650,687,0.24917309812568908,0.25946343256155824,0.23888276368981992,0.25248070562293273
2722,678,707,650,687,0.2490815576781778,0.25973548861131524,0.2387950036737693,0.2523879500367377
2723,678,707,650,688,0.24899008446566287,0.2596401028277635,0.23870730811604848,0.25266250459052514
2724,678,708,650,688,0.2488986784140969,0.2599118942731278,0.23861967694566813,0.2525697503671072
2725,678,708,650,689,0.24880733944954128,0.2598165137614679,0.23853211009174313,0.2528440366972477
2726,678,708,651,689,0.2487160674981658,0.25972120322817316,0.2388114453411592,0.25275128393250185
2727,679,708,651,689,0.248991565823249,0.25962596259625964,0.23872387238723872,0.2526585991932527
2728,679,708,651,690,0.24890029325513197,0.2595307917888563,0.23863636363636365,0.2529325513196481
2729,679,708,652,690,0.24880908757786735,0.25943569072920486,0.23891535360938074,0.2528398680835471
2730,679,708,653,690,0.24871794871794872,0.25934065934065936,0.2391941391941392,0.25274725274725274
2731,680,708,653,690,0.24899304284145002,0.2592456975466862,0.23910655437568656,0.2526547052361772
2732,681,708,653,690,0.2492679355783309,0.2591508052708638,0.2390190336749634,0.2525622254758419
2733,681,708,654,690,0.2491767288693743,0.25905598243688255,0.23929747530186607,0.2524698133918771
2734,681,708,655,690,0.2490855888807608,0.25896122896854423,0.239575713240673,0.25237746891002194
2735,681,708,655,691,0.2489945155393053,0.25886654478976234,0.23948811700182815,0.2526508226691042
2736,682,708,655,691,0.24926900584795322,0.25877192982456143,0.23940058479532164,0.25255847953216376
2737,683,708,655,691,0.2495432955791012,0.25867738399707707,0.2393131165509682,0.2524662038728535
2738,683,708,655,692,0.24945215485756025,0.25858290723155586,0.23922571219868516,0.2527392257121987
2739,684,708,655,692,0.2497261774370208,0.25848849945235486,0.23913837166849214,0.2526469514421322
2740,685,708,655,692,0.25,0.2583941605839416,0.23905109489051096,0.25255474452554744
2741,685,709,655,692,0.24990879241152864,0.25866472090477927,0.23896388179496533,0.25246260488872674
2742,686,709,655,692,0.25018234865062,0.25857038657913933,0.2388767323121809,0.2523705324580598
2743,687,709,655,692,0.25045570543200874,0.2584761210353627,0.23878964637258476,0.25227852716004373
2744,688,709,655,692,0.25072886297376096,0.25838192419825073,0.23870262390670555,0.2521865889212828
2745,688,709,655,693,0.2506375227686703,0.258287795992714,0.23861566484517305,0.25245901639344265
2746,688,709,656,693,0.25054624908958484,0.25819373634377274,0.23889293517844137,0.252367079388201
2747,689,709,656,693,0.25081907535493264,0.25809974517655626,0.23880597014925373,0.2522752093192574
2748,689,709,656,694,0.2507278020378457,0.25800582241630277,0.23871906841339155,0.25254730713246
2749,689,709,656,695,0.2506365951255002,0.2579119679883594,0.23863222990178246,0.25281920698435795
2750,690,709,656,695,0.2509090909090909,0.25781818181818184,0.23854545454545453,0.25272727272727274
2751,690,709,657,695,0.25081788440567065,0.25772446383133407,0.23882224645583425,0.25263540530716105
2752,690,709,658,695,0.2507267441860465,0.25763081395348836,0.23909883720930233,0.25254360465116277
2753,690,709,659,695,0.25063567017798766,0.257537232110425,0.23937522702506356,0.2524518706865238
2754,690,709,660,695,0.25054466230936817,0.25744371822803197,0.23965141612200436,0.2523602033405955
2755,691,709,660,695,0.25081669691470054,0.2573502722323049,0.2395644283121597,0.25226860254083483
2756,691,710,660,695,0.25072568940493467,0.2576197387518142,0.23947750362844702,0.25217706821480407
2757,691,710,660,696,0.2506347479143997,0.2575262966993108,0.23939064200217627,0.25244831338411317
2758,691,710,660,697,0.25054387237128356,0.2574329224075417,0.23930384336475707,0.2527193618564177
2759,692,710,660,697,0.2508155128669808,0.2573396158028271,0.23921710764769843,0.2526277636824937
2760,692,710,660,698,0.25072463768115943,0.2572463768115942,0.2391304347826087,0.2528985507246377
2761,692,711,660,698,0.25063382832307135,0.2575153929735603,0.23904382470119523,0.2528069540021731
2762,693,711,660,698,0.2509051412020275,0.25742215785662564,0.2389572773352643,0.25271542360608257
2763,693,711,661,698,0.250814332247557,0.25732899022801303,0.23923271806007962,0.25262395946435034
2764,693,711,661,699,0.2507235890014472,0.2572358900144718,0.23914616497829233,0.2528943560057887
2765,694,711,661,699,0.25099457504520795,0.2571428571428571,0.23905967450271248,0.2528028933092224
2766,695,711,661,699,0.2512653651482285,0.25704989154013014,0.23897324656543745,0.2527114967462039
2767,695,711,661,700,0.25117455728225513,0.2569569931333574,0.23888688109866282,0.2529815684857246
2768,696,711,661,700,0.2514450867052023,0.256864161849711,0.23880057803468208,0.25289017341040465
2769,696,712,661,700,0.2513542795232936,0.25713253882267967,0.2387143373058866,0.25279884434814015
2770,696,713,661,700,0.2512635379061372,0.25740072202166064,0.23862815884476535,0.2527075812274368
2771,696,713,661,701,0.2511728617827499,0.2573078311079033,0.23854204258390474,0.25297726452544206
2772,697,713,661,701,0.25144300144300147,0.25721500721500723,0.23845598845598845,0.2528860028860029
2773,697,713,661,702,0.2513523260007212,0.2571222502704652,0.23836999639379733,0.2531554273350162
2774,697,713,662,702,0.2512617159336698,0.25702956020187456,0.23864455659697187,0.25306416726748376
2775,698,713,662,702,0.2515315315315315,0.2569369369369369,0.23855855855855856,0.252972972972973
2776,698,713,663,702,0.25144092219020175,0.2568443804034582,0.2388328530259366,0.25288184438040345
2777,699,713,663,702,0.25171047893410153,0.2567518905293482,0.23874684911775296,0.25279078141879724
2778,700,713,663,702,0.251979841612671,0.25665946724262056,0.2386609071274298,0.2526997840172786
2779,701,713,663,702,0.2522490104354084,0.2565671104713926,0.23857502698812522,0.2526088521050738
2780,701,714,663,702,0.252158273381295,0.2568345323741007,0.23848920863309353,0.2525179856115108
2781,701,715,663,702,0.2520676015821647,0.2571017619561309,0.238403451995685,0.2524271844660194
2782,701,716,663,702,0.2519769949676492,0.2573687994248742,0.2383177570093458,0.2523364485981308
2783,702,716,663,702,0.25224577793747754,0.2572763205174272,0.23823212360761767,0.25224577793747754
2784,702,716,663,703,0.2521551724137931,0.257183908045977,0.23814655172413793,0.25251436781609193
2785,702,716,663,704,0.25206463195691203,0.2570915619389587,0.23806104129263914,0.25278276481149015
2786,703,716,663,704,0.25233309404163673,0.25699928212491024,0.23797559224694903,0.25269203158650394
2787,703,716,664,704,0.2522425547183351,0.2569070685324722,0.23824901327592393,0.2526013634732687
2788,703,717,664,704,0.25215208034433284,0.2571736011477762,0.2381635581061693,0.25251076040172166
2789,703,717,665,704,0.25206167084976694,0.2570813911796343,0.23843671566869845,0.2524202223019003
2790,703,717,666,704,0.25197132616487455,0.256989247311828,0.23870967741935484,0.2523297491039427
2791,703,717,666,705,0.25188104621999285,0.25689716947330704,0.23862414905051954,0.25259763525618056
2792,703,717,666,706,0.25179083094555876,0.2568051575931232,0.23853868194842406,0.252865329512894
2793,703,718,666,706,0.25170068027210885,0.2570712495524526,0.23845327604726102,0.2527747941281776
2794,703,718,666,707,0.2516105941302792,0.25697924123120974,0.2383679312813171,0.253042233357194
2795,704,718,666,707,0.2518783542039356,0.25688729874776384,0.23828264758497317,0.25295169946332735
2796,704,718,666,708,0.25178826895565093,0.25679542203147354,0.23819742489270387,0.2532188841201717
2797,704,718,667,708,0.2516982481229889,0.25670361101179834,0.23846978905970684,0.2531283518055059
2798,704,718,668,708,0.2516082916368835,0.2566118656182988,0.23874195854181557,0.25303788420300216
2799,704,719,668,708,0.2515183994283673,0.2568774562343694,0.23865666309396213,0.2529474812433012
2800,705,719,668,708,0.2517857142857143,0.2567857142857143,0.23857142857142857,0.25285714285714284
2801,705,719,669,708,0.25169582292038556,0.25669403784362727,0.23884327026062122,0.25276686897536593
2802,705,719,670,708,0.25160599571734477,0.25660242683797285,0.23911491791577444,0.25267665952890794
2803,705,719,671,708,0.2515162326079201,0.2565108811987157,0.2393863717445594,0.25258651444880487
2804,706,719,671,708,0.25178316690442226,0.25641940085592013,0.23930099857346648,0.2524964336661912
2805,706,720,671,708,0.2516934046345811,0.25668449197860965,0.23921568627450981,0.25240641711229944
2806,706,720,672,708,0.25160370634354956,0.25659301496792586,0.23948681397006416,0.2523164647184604
2807,706,720,672,709,0.2515140719629498,0.2565016031350196,0.23940149625935161,0.252582828642679
2808,707,720,672,709,0.2517806267806268,0.2564102564102564,0.23931623931623933,0.25249287749287747
2809,707,720,673,709,0.25169099323602706,0.2563189747241011,0.2395870416518334,0.25240299038803843
2810,707,721,673,709,0.2516014234875445,0.2565836298932384,0.2395017793594306,0.2523131672597865
2811,707,722,673,709,0.25151191746709356,0.2568480967627179,0.23941657773034508,0.2522234080398435
2812,707,722,674,709,0.25142247510668564,0.25675675675675674,0.23968705547652916,0.25213371266002843
2813,707,723,674,709,0.2513330963384287,0.25702097404905794,0.23960184856025596,0.2520440810522574
2814,707,723,674,710,0.2512437810945274,0.25692963752665243,0.23951670220326937,0.2523098791755508
2815,708,723,674,710,0.2515097690941385,0.25683836589698045,0.2394316163410302,0.2522202486678508
2816,709,723,674,710,0.2517755681818182,0.2567471590909091,0.2393465909090909,0.2521306818181818
2817,710,723,674,710,0.25204117855875047,0.2566560170394036,0.2392616258430955,0.25204117855875047
2818,710,723,674,711,0.25195173882185945,0.25656493967352734,0.23917672107877927,0.2523066004258339
2819,710,723,674,712,0.2518623625399078,0.25647392692444126,0.23909187655196878,0.25257183398368216
2820,710,724,674,712,0.25177304964539005,0.25673758865248225,0.23900709219858157,0.2524822695035461
2821,710,724,675,712,0.25168380007089686,0.2566465792272244,0.239276852180078,0.25239276852180076
2822,710,725,675,712,0.2515946137491141,0.2569099929128278,0.23919206236711552,0.2523033309709426
2823,710,726,675,712,0.25150549061282323,0.25717321997874604,0.23910733262486716,0.25221395678356356
2824,710,727,675,712,0.2514164305949009,0.25743626062322944,0.2390226628895184,0.2521246458923513
2825,710,728,675,712,0.2513274336283186,0.2576991150442478,0.23893805309734514,0.25203539823008847
2826,710,728,675,713,0.251238499646143,0.25760792639773533,0.23885350318471338,0.25230007077140837
2827,710,729,675,713,0.2511496285815352,0.25787053413512556,0.23876901308807924,0.25221082419526
2828,710,730,675,713,0.25106082036775107,0.2581329561527581,0.23868458274398868,0.25212164073550214
2829,711,730,675,713,0.2513255567338282,0.25804171085189115,0.23860021208907742,0.25203252032520324
2830,711,730,675,714,0.25123674911660776,0.2579505300353357,0.23851590106007067,0.25229681978798585
2831,711,730,675,715,0.25114800423878486,0.25785941363475806,0.23843164959378313,0.252560932532674
2832,711,730,676,715,0.2510593220338983,0.2577683615819209,0.2387005649717514,0.2524717514124294
2833,711,730,676,716,0.2509707024355807,0.2576773738086834,0.23861630780091775,0.2527356159548182
2834,711,731,676,716,0.2508821453775582,0.257939308398024,0.23853211009174313,0.2526464361326747
2835,711,732,676,716,0.2507936507936508,0.2582010582010582,0.2384479717813051,0.2525573192239859
2836,711,732,677,716,0.2507052186177715,0.25811001410437234,0.23871650211565584,0.2524682651622003
2837,712,732,677,716,0.2509693338033134,0.2580190341910469,0.2386323581247797,0.25237927388086007
2838,713,732,677,716,0.2512332628611698,0.25792811839323465,0.23854827343199436,0.2522903453136011
2839,713,733,677,716,0.2511447692849595,0.2581895033462487,0.23846424797463897,0.2522014793941529
2840,713,733,677,717,0.251056338028169,0.25809859154929576,0.23838028169014083,0.25246478873239436
2841,713,733,678,717,0.2509679690249912,0.2580077437521999,0.23864836325237593,0.25237592397043296
2842,713,734,678,717,0.2508796622097115,0.2582688247712878,0.23856439127375087,0.2522871217452498
2843,713,734,679,717,0.2507914175167077,0.2581779810059796,0.23883221948645797,0.25219838199085476
2844,713,735,679,717,0.25070323488045004,0.25843881856540085,0.23874824191279886,0.2521097046413502
2845,714,735,679,717,0.2509666080843585,0.2583479789103691,0.23866432337434096,0.25202108963093145
2846,715,735,679,717,0.2512297962052003,0.258257203092059,0.23858046380885453,0.25193253689388617
2847,715,735,679,718,0.2511415525114155,0.2581664910432034,0.2384966631541974,0.2521952932911837
2848,716,735,679,718,0.25140449438202245,0.2580758426966292,0.2384129213483146,0.2521067415730337
2849,716,735,680,718,0.2513162513162513,0.257985257985258,0.2386802386802387,0.252018252018252
2850,716,735,680,719,0.2512280701754386,0.2578947368421053,0.23859649122807017,0.25228070175438594
2851,717,735,680,719,0.2514907050157839,0.2578042792002806,0.23851280252542967,0.25219221325850577
2852,717,735,681,719,0.25140252454417955,0.25771388499298736,0.23877980364656382,0.25210378681626927
2853,718,735,681,719,0.251664914125482,0.2576235541535226,0.2386961093585699,0.2520154223624255
2854,719,735,681,719,0.251927119831815,0.2575332866152768,0.2386124737210932,0.251927119831815
2855,719,735,681,720,0.25183887915936953,0.2574430823117338,0.23852889667250438,0.2521891418563923
2856,720,735,681,720,0.25210084033613445,0.25735294117647056,0.23844537815126052,0.25210084033613445
2857,721,735,681,720,0.25236261813090655,0.25726286314315716,0.2383619180959048,0.2520126006300315
2858,721,735,681,721,0.2522743177046886,0.25717284814555635,0.23827851644506648,0.2522743177046886
2859,722,735,681,721,0.25253585169639736,0.2570828961175236,0.23819517313746066,0.2521860790486184
2860,722,735,682,721,0.25244755244755246,0.256993006993007,0.23846153846153847,0.2520979020979021
2861,723,735,682,721,0.2527088430618665,0.25690318070604684,0.23837818944425027,0.2520097867878364
2862,724,735,682,721,0.2529699510831586,0.25681341719077566,0.23829489867225717,0.25192173305380855
2863,724,736,682,721,0.25288159273489347,0.257073000349284,0.2382116660845267,0.25183374083129584
2864,724,736,683,721,0.2527932960893855,0.2569832402234637,0.23847765363128492,0.25174581005586594
2865,724,736,684,721,0.25270506108202445,0.2568935427574171,0.2387434554973822,0.25165794066317626
2866,724,736,684,722,0.2526168876482903,0.2568039078855548,0.23866015352407538,0.25191905094207956
2867,725,736,684,722,0.25287757237530517,0.25671433554237877,0.23857690966166725,0.2518311824206488
2868,725,736,685,722,0.25278940027894004,0.25662482566248257,0.2388423988842399,0.25174337517433754
2869,726,736,685,722,0.25304984315092366,0.2565353781805507,0.23875914952945276,0.25165562913907286
2870,726,737,685,722,0.2529616724738676,0.25679442508710804,0.23867595818815332,0.2515679442508711
2871,726,737,686,722,0.25287356321839083,0.2567049808429119,0.23894113549285964,0.2514803204458377
2872,726,738,686,722,0.2527855153203343,0.25696378830083566,0.23885793871866295,0.2513927576601671
2873,726,739,686,722,0.2526975287156283,0.2572224155934563,0.2387747998607727,0.2513052558301427
2874,726,739,687,722,0.25260960334029225,0.25713291579679887,0.23903966597077245,0.2512178148921364
2875,726,739,687,723,0.2525217391304348,0.25704347826086954,0.23895652173913043,0.2514782608695652
2876,726,739,688,723,0.2524339360222531,0.25695410292072324,0.23922114047287898,0.25139082058414464
2877,727,739,688,723,0.2526937782412235,0.25686478971150506,0.2391379909628085,0.251303441084463
2878,728,739,688,723,0.2529534398888117,0.2567755385684503,0.23905489923558026,0.25121612230715773
2879,728,739,688,724,0.2528655783258076,0.25668634942688434,0.238971865230983,0.2514762070163251
2880,729,739,688,724,0.253125,0.2565972222222222,0.2388888888888889,0.2513888888888889
2881,730,739,688,724,0.2533842415827838,0.25650815688996875,0.23880597014925373,0.2513016313779938
2882,730,740,688,724,0.2532963219986121,0.25676613462873005,0.2387231089521166,0.2512144344205413
2883,730,740,688,725,0.25320846340617414,0.25667707249392996,0.23864030523759971,0.25147415886229624
2884,731,740,688,725,0.25346740638002774,0.2565880721220527,0.23855755894590847,0.2513869625520111
2885,731,740,689,725,0.2533795493934142,0.2564991334488735,0.2388214904679376,0.2512998266897747
2886,731,741,689,725,0.2532917532917533,0.25675675675675674,0.23873873873873874,0.2512127512127512
2887,731,741,689,726,0.25320401801177694,0.256667821267752,0.23865604433668167,0.2514721163837894
2888,731,741,689,727,0.2531163434903047,0.2565789473684211,0.23857340720221606,0.2517313019390582
2889,731,741,689,728,0.25302872966424367,0.2564901349948079,0.238490827275874,0.25199030806507444
2890,732,741,689,728,0.2532871972318339,0.25640138408304497,0.23840830449826989,0.2519031141868512
2891,732,741,689,729,0.25319958491871325,0.2563126945693532,0.2383258388101003,0.2521618817018333
2892,732,741,690,729,0.25311203319502074,0.25622406639004147,0.23858921161825727,0.2520746887966805
2893,732,741,691,729,0.253024541997926,0.2561354994815071,0.2388524023505012,0.2519875561700657
2894,732,742,691,729,0.25293711126468554,0.2563925362819627,0.23876986869384934,0.2519004837595024
2895,733,742,691,729,0.2531951640759931,0.25630397236614855,0.2386873920552677,0.25181347150259065
2896,733,742,692,729,0.25310773480662985,0.2562154696132597,0.23895027624309392,0.25172651933701656
2897,734,742,692,729,0.25336555056955473,0.25612702795995856,0.2388677942699344,0.2516396272005523
2898,735,742,692,729,0.2536231884057971,0.2560386473429952,0.23878536922015184,0.2515527950310559
2899,735,742,692,730,0.25353570196619524,0.2559503276992066,0.2387030010348396,0.25181096929975855
2900,735,743,692,730,0.253448275862069,0.25620689655172413,0.2386206896551724,0.2517241379310345
2901,735,743,693,730,0.2533609100310238,0.25611857980006897,0.23888314374353672,0.25163736642537055
2902,735,743,694,730,0.2532736044107512,0.25603032391454167,0.23914541695382494,0.25155065472088217
2903,735,743,695,730,0.2531863589390286,0.2559421288322425,0.239407509472959,0.2514640027557699
2904,736,743,695,730,0.2534435261707989,0.2558539944903581,0.2393250688705234,0.2513774104683196
2905,736,743,696,730,0.2533562822719449,0.2557659208261618,0.23958691910499139,0.2512908777969019
2906,737,743,696,730,0.25361321403991743,0.2556779077770131,0.23950447350309703,0.25120440467997246
2907,737,743,697,730,0.25352597179222564,0.2555899552803578,0.23976608187134502,0.2511179910560716
2908,737,743,698,730,0.2534387895460798,0.25550206327372765,0.24002751031636863,0.25103163686382396
2909,737,743,698,731,0.25335166723960123,0.2554142316947405,0.23994499828119628,0.25128910278446204
2910,738,743,698,731,0.2536082474226804,0.25532646048109964,0.23986254295532647,0.25120274914089347
2911,738,743,698,732,0.2535211267605634,0.2552387495705943,0.23978014428031605,0.25145997938852627
2912,738,743,698,733,0.2534340659340659,0.2551510989010989,0.2396978021978022,0.25171703296703296
2913,738,744,698,733,0.2533470648815654,0.2554067971163749,0.23961551664950223,0.2516306213525575
2914,738,744,699,733,0.25326012354152366,0.2553191489361702,0.23987645847632122,0.2515442690459849
2915,738,744,700,733,0.25317324185248713,0.25523156089193827,0.24013722126929674,0.2514579759862779
2916,738,744,700,734,0.25308641975308643,0.2551440329218107,0.24005486968449932,0.25171467764060357
2917,738,744,700,735,0.2529996571820363,0.25505656496400414,0.2399725745629071,0.25197120329105244
2918,739,744,700,735,0.2532556545579164,0.25496915695681976,0.23989033584647018,0.2518848526387937
2919,739,744,701,735,0.2531688934566632,0.25488180883864336,0.24015073655361424,0.2517985611510791
2920,739,744,701,736,0.2530821917808219,0.2547945205479452,0.24006849315068493,0.25205479452054796
2921,739,745,701,736,0.2529955494693598,0.2550496405340637,0.23998630605956864,0.25196850393700787
2922,739,745,702,736,0.2529089664613279,0.25496235455167693,0.2402464065708419,0.2518822724161533
2923,739,746,702,736,0.2528224426958604,0.25521724255901473,0.24016421484775916,0.25179609989736573
2924,739,746,702,737,0.25273597811217513,0.2551299589603283,0.24008207934336526,0.25205198358413133
2925,739,747,702,737,0.25264957264957266,0.2553846153846154,0.24,0.25196581196581197
2926,740,747,702,737,0.252904989747095,0.2552973342447027,0.23991797676008203,0.2518796992481203
2927,740,747,702,738,0.2528185855825077,0.2552101127434233,0.23983600956610865,0.2521352921079604
2928,740,748,702,738,0.2527322404371585,0.25546448087431695,0.23975409836065573,0.2520491803278688
2929,740,748,703,738,0.2526459542505975,0.25537726186411747,0.2400136565380676,0.2519631273472175
2930,740,748,703,739,0.2525597269624573,0.2552901023890785,0.23993174061433448,0.2522184300341297
2931,741,748,703,739,0.25281473899692936,0.2552030023882634,0.23984988058683043,0.2521323780279768
2932,741,748,703,740,0.2527285129604366,0.2551159618008186,0.2397680763983629,0.252387448840382
2933,742,748,703,740,0.2529832935560859,0.2550289805659734,0.23968632799181724,0.25230139788612344
2934,742,748,704,740,0.25289706884798907,0.2549420586230402,0.23994546693933197,0.25221540558963873
2935,742,748,705,740,0.25281090289608177,0.254855195911414,0.2402044293015332,0.252129471890971
2936,742,748,705,741,0.25272479564032696,0.2547683923705722,0.24012261580381472,0.2523841961852861
2937,743,748,705,741,0.2529792305073204,0.2546816479400749,0.24004085801838612,0.2522982635342186
2938,743,749,705,741,0.2528931245745405,0.2549353301565691,0.23995915588835942,0.252212389380531
2939,744,749,705,741,0.25314732902347736,0.25484858795508675,0.23987750935692412,0.25212657366451174
2940,745,749,705,741,0.2534013605442177,0.25476190476190474,0.23979591836734693,0.25204081632653064
2941,745,749,706,741,0.2533151989119347,0.254675280516831,0.24005440326419586,0.2519551173070384
2942,745,749,706,742,0.2532290958531611,0.2545887151597553,0.2399728076138681,0.2522093813732155
2943,746,749,706,742,0.25348284063880394,0.254502208630649,0.2398912674142032,0.2521236833163439
2944,746,750,706,742,0.25339673913043476,0.2547554347826087,0.23980978260869565,0.25203804347826086
2945,747,750,706,742,0.2536502546689304,0.2546689303904924,0.2397283531409168,0.25195246179966047
2946,748,750,706,742,0.25390359809911744,0.2545824847250509,0.2396469789545146,0.25186693822131706
2947,748,750,706,743,0.2538174414658975,0.2544960977265015,0.23956565999321344,0.25212080081438754
2948,748,751,706,743,0.2537313432835821,0.25474898236092264,0.2394843962008141,0.25203527815468113
2949,749,751,706,743,0.2539844014920312,0.2546625974906748,0.23940318752119363,0.25194981349610035
2950,749,752,706,743,0.25389830508474576,0.2549152542372881,0.2393220338983051,0.25186440677966104
2951,750,752,706,743,0.25415113520840393,0.25482887156895967,0.23924093527617757,0.25177905794645883
2952,750,752,707,743,0.2540650406504065,0.25474254742547425,0.23949864498644988,0.25169376693766937
2953,750,752,707,744,0.25397900440230275,0.25465628174737553,0.23941754148323738,0.2519471723670843
2954,750,753,707,744,0.25389302640487477,0.25490859851049424,0.23933649289099526,0.25186188219363576
2955,750,754,707,744,0.25380710659898476,0.255160744500846,0.23925549915397631,0.2517766497461929
2956,750,754,707,745,0.25372124492557513,0.2550744248985115,0.2391745602165088,0.2520297699594046
2957,750,754,708,745,0.2536354413256679,0.2549881636794048,0.23943185661143052,0.2519445383834968
2958,750,755,708,745,0.2535496957403651,0.25524002704530085,0.23935091277890466,0.25185936443542933
2959,750,756,708,745,0.25346400811084824,0.25549172017573507,0.23927002365664077,0.25177424805677595
2960,750,757,708,745,0.2533783783783784,0.25574324324324327,0.2391891891891892,0.2516891891891892
2961,750,757,709,745,0.25329280648429586,0.2556568726781493,0.23944613306315435,0.2516041877744005
2962,750,757,710,745,0.25320729237002026,0.25557056043214044,0.23970290344361916,0.25151924375422013
2963,750,758,710,745,0.2531218359770503,0.25582180222747214,0.23962200472494094,0.25143435707053663
2964,750,759,710,745,0.25303643724696356,0.2560728744939271,0.23954116059379219,0.25134952766531715
2965,750,759,710,746,0.25295109612141653,0.25598650927487354,0.23946037099494097,0.251602023608769
2966,750,759,710,747,0.2528658125421443,0.25590020229265004,0.23937963587322994,0.2518543492919757
2967,750,759,711,747,0.2527805864509606,0.2558139534883721,0.2396359959555106,0.2517694641051567
2968,750,760,711,747,0.2526954177897574,0.2560646900269542,0.23955525606469003,0.25168463611859837
2969,750,761,711,747,0.2526103065005052,0.2563152576625126,0.23947457056247895,0.2515998652745032
2970,750,761,711,748,0.25252525252525254,0.25622895622895625,0.23939393939393938,0.2518518518518518
2971,750,762,711,748,0.2524402558061259,0.2564792998990239,0.23931336250420734,0.2517670817906429
2972,750,762,712,748,0.25235531628532976,0.25639300134589504,0.2395693135935397,0.25168236877523553
2973,750,763,712,748,0.2522704339051463,0.25664312142616885,0.2394887319206189,0.2515977127480659
2974,750,763,713,748,0.25218560860793543,0.25655682582380634,0.23974445191661062,0.25151311365164764
2975,751,763,713,748,0.25243697478991595,0.2564705882352941,0.2396638655462185,0.25142857142857145
2976,752,763,713,748,0.25268817204301075,0.25638440860215056,0.23958333333333334,0.2513440860215054
2977,752,764,713,748,0.25260329190460196,0.2566341954988243,0.23950285522337925,0.2512596573731945
2978,752,764,713,749,0.2525184687709872,0.25654801880456685,0.2394224311618536,0.25151108126259236
2979,752,764,713,750,0.25243370258476,0.2564618999664317,0.23934206109432696,0.25176233635448136
2980,752,765,713,750,0.2523489932885906,0.25671140939597314,0.23926174496644295,0.2516778523489933
2981,752,765,714,750,0.2522643408252264,0.25662529352566255,0.2395169406239517,0.25159342502515936
2982,753,765,714,750,0.25251509054325955,0.25653923541247486,0.23943661971830985,0.2515090543259557
2983,753,765,715,750,0.25243043915521285,0.25645323499832384,0.23969158565202817,0.2514247401944351
2984,753,765,716,750,0.2523458445040214,0.25636729222520105,0.23994638069705093,0.25134048257372654
2985,753,765,716,751,0.2522613065326633,0.2562814070351759,0.23986599664991626,0.25159128978224454
2986,753,765,716,752,0.2521768251841929,0.25619557937039517,0.23978566644340255,0.25184192900200936
2987,753,765,717,752,0.25209240040174086,0.25610980917308335,0.24004017408771341,0.25175761633746235
2988,753,765,717,753,0.2520080321285141,0.2560240963855422,0.2399598393574297,0.2520080321285141
2989,753,765,717,754,0.25192372030779525,0.25593844095015056,0.23987955838072933,0.25225828036132486
2990,753,765,718,754,0.2518394648829431,0.25585284280936454,0.24013377926421406,0.25217391304347825
2991,753,765,719,754,0.25175526579739216,0.25576730190571717,0.24038783015713808,0.25208960213975257
2992,753,765,719,755,0.2516711229946524,0.2556818181818182,0.24030748663101603,0.25233957219251335
2993,753,765,720,755,0.2515870364183094,0.25559639158035413,0.24056130972268627,0.2522552622786502
2994,754,765,720,755,0.2518370073480294,0.25551102204408815,0.24048096192384769,0.25217100868403475
2995,754,766,720,755,0.2517529215358932,0.25575959933222037,0.24040066777963273,0.25208681135225375
2996,754,766,720,756,0.25166889185580776,0.25567423230974634,0.24032042723631508,0.2523364485981308
2997,754,766,720,757,0.2515849182515849,0.25558892225558894,0.24024024024024024,0.25258591925258594
2998,755,766,720,757,0.25183455637091395,0.2555036691127418,0.24016010673782523,0.252501667778519
2999,756,766,720,757,0.25208402800933644,0.25541847282427477,0.24008002667555853,0.2524174724908303
3000,756,766,721,757,0.252,0.25533333333333336,0.24033333333333334,0.25233333333333335
3001,757,766,721,757,0.2522492502499167,0.25524825058313894,0.24025324891702765,0.2522492502499167
3002,758,766,721,757,0.2524983344437042,0.2551632245169887,0.2401732178547635,0.25216522318454365
3003,758,767,721,757,0.2524142524142524,0.2554112554112554,0.2400932400932401,0.2520812520812521
3004,758,767,721,758,0.25233022636484687,0.25532623169107854,0.2400133155792277,0.25233022636484687
3005,758,768,721,758,0.2522462562396007,0.2555740432612313,0.2399334442595674,0.2522462562396007
3006,759,768,721,758,0.25249500998003993,0.2554890219560878,0.239853626081171,0.25216234198270127
3007,759,769,721,758,0.252411040904556,0.25573661456601265,0.23977386099102094,0.2520784835384104
3008,759,769,722,758,0.2523271276595745,0.2556515957446808,0.24002659574468085,0.25199468085106386
3009,759,770,722,758,0.2522432701894317,0.25589896975739446,0.23994682618810237,0.25191093386507146
3010,759,771,722,758,0.2521594684385382,0.25614617940199336,0.2398671096345515,0.25182724252491695
3011,759,771,723,758,0.25207572235137826,0.2560611092660246,0.24011956160743939,0.2517436067751578
3012,760,771,723,758,0.25232403718459495,0.2559760956175299,0.2400398406374502,0.25166002656042497
3013,760,771,723,759,0.2522402920677066,0.2558911384002655,0.23996017258546298,0.25190839694656486
3014,760,772,723,759,0.252156602521566,0.25613802256138024,0.23988055739880557,0.2518248175182482
3015,760,773,723,759,0.25207296849087896,0.2563847429519071,0.23980099502487562,0.2517412935323383
3016,760,773,723,760,0.2519893899204244,0.2562997347480106,0.23972148541114058,0.2519893899204244
3017,760,773,723,761,0.25190586675505466,0.25621478289691746,0.23964202850513755,0.25223732184289027
3018,760,774,723,761,0.25182239893969516,0.25646123260437376,0.23956262425447317,0.2521537442014579
3019,761,774,723,761,0.25207022192779066,0.25637628353759523,0.23948327260682345,0.25207022192779066
3020,761,774,723,762,0.25198675496688744,0.25629139072847684,0.23940397350993378,0.25231788079470197
3021,761,774,724,762,0.2519033432638199,0.25620655412115195,0.23965574313141344,0.2522343594836147
3022,761,774,724,763,0.25181998676373263,0.2561217736598279,0.23957643944407678,0.25248180013236265
3023,761,775,724,763,0.2517366854118425,0.2563678465100893,0.23949718822361893,0.25239827985444924
3024,762,775,724,763,0.251984126984127,0.2562830687830688,0.23941798941798942,0.2523148148148148
3025,763,775,724,763,0.2522314049586777,0.256198347107438,0.2393388429752066,0.2522314049586777
3026,763,775,725,763,0.25214805023132847,0.25611368142762725,0.23959021810971579,0.25214805023132847
3027,763,775,726,763,0.25206475057813016,0.2560290716881401,0.2398414271555996,0.25206475057813016
3028,763,775,727,763,0.25198150594451785,0.2559445178335535,0.24009247027741082,0.25198150594451785
3029,764,775,727,763,0.25222845823704193,0.25586001980851764,0.24001320567844173,0.2518983162759987
3030,765,775,727,763,0.2524752475247525,0.25577557755775576,0.23993399339933993,0.2518151815181518
3031,765,776,727,763,0.2523919498515341,0.256021115143517,0.2398548333883207,0.2517321016166282
3032,765,776,728,763,0.25230870712401055,0.2559366754617414,0.24010554089709762,0.2516490765171504
3033,766,776,728,763,0.25255522584899437,0.25585229146060007,0.24002637652489284,0.25156610616551267
3034,766,776,728,764,0.2524719841793013,0.25576796308503624,0.23994726433750824,0.25181278839815424
3035,767,776,728,764,0.2527182866556837,0.2556836902800659,0.23986820428336078,0.2517298187808896
3036,767,776,729,764,0.252635046113307,0.25559947299077734,0.24011857707509882,0.2516469038208169
3037,768,776,729,764,0.25288113269674023,0.2555153111623312,0.24003951267698387,0.2515640434639447
3038,768,776,730,764,0.25279789335088876,0.2554312047399605,0.24028966425279788,0.2514812376563529
3039,769,776,730,764,0.253043764396183,0.25534715366897004,0.24021059559065483,0.25139848634419215
3040,769,776,731,764,0.25296052631578947,0.25526315789473686,0.24046052631578949,0.2513157894736842
3041,770,776,731,764,0.2532061821769155,0.25517921736270965,0.24038145346925355,0.2512331469911213
3042,770,777,731,764,0.25312294543063774,0.25542406311637084,0.2403024326101249,0.2511505588428665
3043,770,778,731,764,0.25303976339139006,0.25566874794610583,0.24022346368715083,0.25106802497535324
3044,770,778,732,764,0.25295663600525625,0.2555847568988173,0.240473061760841,0.25098554533508544
3045,771,778,732,764,0.25320197044334974,0.2555008210180624,0.24039408866995074,0.2509031198686371
3046,771,779,732,764,0.2531188443860801,0.2557452396585686,0.24031516743269862,0.2508207485226527
3047,771,780,732,764,0.2530357728913686,0.2559894978667542,0.24023629799803084,0.2507384312438464
3048,771,781,732,764,0.2529527559055118,0.25623359580052496,0.24015748031496062,0.25065616797900264
3049,771,781,732,765,0.252869793374877,0.2561495572318793,0.24007871433256806,0.25090193506067565
3050,771,781,732,766,0.25278688524590165,0.25606557377049183,0.24,0.25114754098360653
3051,771,781,733,766,0.2527040314650934,0.2559816453621763,0.2402490986561783,0.25106522451655194
3052,771,782,733,766,0.25262123197903014,0.2562254259501966,0.24017038007863695,0.2509829619921363
3053,772,782,733,766,0.2528660334097609,0.25614150016377335,0.24009171306911234,0.2509007533573534
3054,772,783,733,766,0.25278323510150624,0.25638506876227896,0.24001309757694828,0.2508185985592665
3055,772,783,733,767,0.25270049099836334,0.2563011456628478,0.23993453355155483,0.251063829787234
3056,772,784,733,767,0.2526178010471204,0.25654450261780104,0.23985602094240838,0.25098167539267013
3057,773,784,733,767,0.25286228328426563,0.2564605822701995,0.23977755969905135,0.2508995747464835
3058,774,784,733,767,0.25310660562459125,0.2563767168083715,0.23969914977109222,0.25081752779594507
3059,774,784,733,768,0.2530238640078457,0.2562929061784897,0.2396207911082053,0.2510624387054593
3060,774,785,733,768,0.2529411764705882,0.2565359477124183,0.23954248366013073,0.25098039215686274
3061,775,785,733,768,0.25318523358379613,0.25645213982358706,0.23946422737667428,0.2508983992159425
3062,775,786,733,768,0.25310254735467014,0.2566949706074461,0.23938602220770738,0.25081645983017636
3063,775,786,734,768,0.25301991511589944,0.2566111655239961,0.2396343454129938,0.2507345739471107
3064,775,786,735,768,0.2529373368146214,0.2565274151436031,0.23988250652741513,0.2506527415143603
3065,776,786,735,768,0.2531810766721044,0.2564437194127243,0.2398042414355628,0.25057096247960847
3066,777,786,735,768,0.2534246575342466,0.2563600782778865,0.23972602739726026,0.25048923679060664
3067,778,786,735,768,0.25366807955656995,0.25627649168568634,0.2396478643625693,0.2504075643951744
3068,778,787,735,768,0.25358539765319427,0.2565189048239896,0.2395697522816167,0.2503259452411995
3069,778,787,735,769,0.2535027696318019,0.25643532095145,0.23949169110459434,0.2505702183121538
3070,778,788,735,769,0.2534201954397394,0.25667752442996744,0.23941368078175895,0.2504885993485342
3071,778,788,735,770,0.253337675024422,0.2565939433409313,0.2393357212634321,0.2507326603712146
3072,779,788,735,770,0.2535807291666667,0.2565104166666667,0.2392578125,0.2506510416666667
3073,779,788,735,771,0.253498210218028,0.2564269443540514,0.23917995444191345,0.25089489098600715
3074,779,788,735,772,0.2534157449577098,0.25634352635003255,0.2391021470396877,0.2511385816525699
3075,779,788,736,772,0.25333333333333335,0.25626016260162604,0.23934959349593496,0.2510569105691057
3076,779,788,737,772,0.2532509752925878,0.25617685305591675,0.23959687906371913,0.25097529258777634
3077,780,788,737,772,0.25349366265843354,0.2560935976600585,0.23951901202469938,0.25089372765680856
3078,781,788,737,772,0.2537361923326836,0.25601039636127354,0.23944119558154645,0.2508122157244964
3079,781,788,737,773,0.2536537836960052,0.2559272491068529,0.23936342968496266,0.2510555375121793
3080,781,788,738,773,0.25357142857142856,0.2558441558441558,0.2396103896103896,0.25097402597402596
3081,781,788,739,773,0.25348912690684844,0.2557611165206102,0.23985718922427784,0.25089256734826354
3082,782,788,739,773,0.2537313432835821,0.2556781310837119,0.23977936404931863,0.2508111615833874
3083,782,788,740,773,0.2536490431397989,0.255595199481025,0.24002594875121636,0.2507298086279598
3084,782,788,740,774,0.2535667963683528,0.25551232166018156,0.23994811932555124,0.2509727626459144
3085,782,789,740,774,0.253484602917342,0.25575364667747164,0.23987034035656402,0.25089141004862237
3086,782,789,740,775,0.25340246273493194,0.2556707712248866,0.23979261179520414,0.2511341542449773
3087,783,789,740,775,0.2536443148688047,0.2555879494655005,0.2397149335924846,0.25105280207321024
3088,783,789,741,775,0.2535621761658031,0.2555051813471503,0.23996113989637305,0.2509715025906736
3089,783,789,742,775,0.25348009064422145,0.2554224668177404,0.24020718679184203,0.25089025574619617
3090,783,789,742,776,0.25339805825242717,0.25533980582524274,0.2401294498381877,0.2511326860841424
3091,783,789,743,776,0.2533160789388547,0.25525719831769655,0.2403752830799094,0.2510514396635393
3092,783,790,743,776,0.25323415265200516,0.2554980595084088,0.24029754204398449,0.25097024579560157
3093,783,790,744,776,0.25315227934044615,0.2554154542515357,0.2405431619786615,0.25088910442935664
3094,783,790,744,777,0.2530704589528119,0.2553329023917259,0.24046541693600518,0.251131221719457
3095,783,790,745,777,0.2529886914378029,0.2552504038772213,0.2407108239095315,0.2510500807754443
3096,784,790,745,777,0.2532299741602067,0.25516795865633074,0.2406330749354005,0.250968992248062
3097,785,790,745,777,0.2534711010655473,0.25508556667742976,0.24055537617048756,0.25088795608653536
3098,786,790,745,777,0.2537120723047127,0.2550032278889606,0.24047772756617172,0.2508069722401549
3099,787,790,745,777,0.2539528880283963,0.25492094223943207,0.2404001290738948,0.25072604065827686
3100,787,790,745,778,0.25387096774193546,0.25483870967741934,0.2403225806451613,0.2509677419354839
3101,787,790,745,779,0.25378910029022894,0.254756530151564,0.2402450822315382,0.2512092873266688
3102,788,790,745,779,0.2540296582849774,0.2546744036105738,0.24016763378465505,0.25112830431979366
3103,789,790,745,779,0.2542700612310667,0.2545923300032227,0.24009023525620368,0.25104737350950695
3104,789,790,745,780,0.2541881443298969,0.2545103092783505,0.24001288659793815,0.25128865979381443
3105,789,790,745,781,0.2541062801932367,0.25442834138486314,0.23993558776167473,0.25152979066022546
3106,790,790,745,781,0.25434642627173215,0.25434642627173215,0.23985833869929168,0.25144880875724407
3107,790,790,746,781,0.25426456388799484,0.25426456388799484,0.24010299324106857,0.2513678789829417
3108,790,791,746,781,0.25418275418275416,0.2545045045045045,0.24002574002574004,0.25128700128700127
3109,790,791,747,781,0.2541009971051785,0.25442264393695724,0.24027018333869413,0.25120617561917014
3110,790,791,747,782,0.2540192926045016,0.2543408360128617,0.24019292604501608,0.2514469453376206
3111,791,791,747,782,0.2542590806814529,0.2542590806814529,0.24011571841851495,0.25136612021857924
3112,791,791,747,783,0.2541773778920309,0.2541773778920309,0.24003856041131105,0.25160668380462725
3113,791,791,748,783,0.2540957275939608,0.2540957275939608,0.24028268551236748,0.2515258592997109
3114,791,791,748,784,0.2540141297366731,0.2540141297366731,0.24020552344251767,0.25176621708413616
3115,791,791,749,784,0.2539325842696629,0.2539325842696629,0.24044943820224718,0.251685393258427
3116,791,791,750,784,0.2538510911424904,0.2538510911424904,0.24069319640564826,0.251604621309371
3117,791,791,751,784,0.2537696503047802,0.2537696503047802,0.2409367982034007,0.2515239011870388
3118,792,791,751,784,0.25400898011545864,0.25368826170622194,0.24085952533675434,0.2514432328415651
3119,792,791,751,785,0.2539275408784867,0.2536069252965694,0.24078230201987816,0.25168323180506574
3120,793,791,751,785,0.25416666666666665,0.253525641025641,0.2407051282051282,0.2516025641025641
3121,793,791,751,786,0.25408522909323933,0.2534444088433194,0.2406280038449215,0.2518423582185197
3122,793,791,752,786,0.25400384368994233,0.2533632286995516,0.24087123638693145,0.2517616912235746
3123,793,791,753,786,0.25392251040666025,0.2532821005443484,0.24111431316042267,0.2516810758885687
3124,793,791,754,786,0.25384122919334184,0.2532010243277849,0.2413572343149808,0.25160051216389245
3125,793,791,754,787,0.25376,0.25312,0.24128,0.25184
3126,793,792,754,787,0.25367882277671144,0.2533589251439539,0.24120281509916827,0.25175943698016634
3127,793,792,755,787,0.2535976974736169,0.25327790214262874,0.24144547489606652,0.2516789254876879
3128,794,792,755,787,0.2538363171355499,0.2531969309462916,0.2413682864450128,0.2515984654731458
3129,794,792,755,788,0.2537551933525088,0.25311601150527324,0.2412911473314158,0.2518376478108022
3130,794,793,755,788,0.2536741214057508,0.25335463258785945,0.24121405750798722,0.25175718849840256
3131,794,794,755,788,0.2535931012456084,0.2535931012456084,0.2411370169274992,0.25167678058128395
3132,794,794,756,788,0.25351213282247764,0.25351213282247764,0.2413793103448276,0.2515964240102171
3133,794,795,756,788,0.25343121608681773,0.25375039897861473,0.24130226619853176,0.25151611873603574
3134,794,796,756,788,0.25335035098915126,0.2539885130823229,0.2412252712188896,0.25143586470963625
3135,795,796,756,788,0.2535885167464115,0.2539074960127592,0.24114832535885167,0.25135566188197767
3136,795,796,757,788,0.25350765306122447,0.2538265306122449,0.24139030612244897,0.2512755102040816
3137,796,796,757,788,0.25374561683136754,0.25374561683136754,0.2413133567102327,0.2511954096270322
3138,796,796,758,788,0.2536647546207776,0.2536647546207776,0.24155513065646908,0.25111536010197577
3139,796,796,759,788,0.25358394393118827,0.25358394393118827,0.24179675055750238,0.2510353615801211
3140,796,796,760,788,0.2535031847133758,0.2535031847133758,0.24203821656050956,0.25095541401273885
3141,796,796,760,789,0.25342247691817893,0.25342247691817893,0.241961158866603,0.2511938872970392
3142,796,796,760,790,0.25334182049649906,0.25334182049649906,0.24188415022278803,0.25143220878421385
3143,796,796,761,790,0.2532612153993,0.2532612153993,0.24212535793827553,0.2513522112631244
3144,796,797,761,790,0.25318066157760816,0.25349872773536897,0.24204834605597964,0.25127226463104324
3145,796,797,762,790,0.2531001589825119,0.2534181240063593,0.2422893481717011,0.25119236883942764
3146,796,797,763,790,0.2530197075651621,0.2533375715193897,0.24253019707565163,0.25111252383979654
3147,796,797,764,790,0.25293930727677155,0.25325707022561167,0.24277089291388623,0.2510327295837305
3148,796,797,764,791,0.25285895806861497,0.25317662007623887,0.24269377382465057,0.25127064803049554
3149,796,798,764,791,0.2527786598920292,0.2534137821530645,0.24261670371546523,0.2511908542394411
3150,796,798,764,792,0.2526984126984127,0.25333333333333335,0.24253968253968253,0.25142857142857145
3151,796,798,765,792,0.25261821643922566,0.25325293557600764,0.24278006981910505,0.2513487781656617
3152,796,798,766,792,0.25253807106598986,0.25317258883248733,0.2430203045685279,0.2512690355329949
3153,796,799,766,792,0.2524579765302886,0.2534094513162068,0.24294322867110688,0.25118934348239774
3154,796,799,766,793,0.25237793278376663,0.2533291058972733,0.24286620164870007,0.25142675967026
3155,797,799,766,793,0.2526148969889065,0.2532488114104596,0.24278922345483359,0.2513470681458003
3156,797,800,766,793,0.25253485424588085,0.2534854245880862,0.24271229404309252,0.2512674271229404
3157,797,800,767,793,0.25245486221095975,0.25340513145391197,0.24295216978143808,0.2511878365536902
3158,798,800,767,793,0.2526915769474351,0.253324889170361,0.2428752374920836,0.25110829639012033
3159,798,801,767,793,0.2526115859449193,0.2535612535612536,0.24279835390946503,0.25102880658436216
3160,798,801,767,794,0.25253164556962027,0.25348101265822787,0.24272151898734176,0.25126582278481013
3161,798,802,767,794,0.2524517557734894,0.2537171781081936,0.2426447326795318,0.2511863334387852
3162,798,802,768,794,0.2523719165085389,0.25363693864642634,0.2428842504743833,0.2511068943706515
3163,799,802,768,794,0.2526082832753715,0.2535567499209611,0.2428074612709453,0.2510275055327221
3164,799,803,768,794,0.2525284450063211,0.25379266750948165,0.2427307206068268,0.2509481668773704
3165,799,804,768,794,0.2524486571879937,0.25402843601895736,0.24265402843601896,0.25086887835703003
3166,799,804,768,795,0.2523689197725837,0.2539481996209728,0.24257738471257106,0.2511054958938724
3167,800,804,768,795,0.25260498894853173,0.2538680138932744,0.24250078939059047,0.2510262077676034
3168,801,804,768,795,0.2528409090909091,0.2537878787878788,0.24242424242424243,0.2509469696969697
3169,801,804,768,796,0.25276112338277057,0.25370779425686335,0.2423477437677501,0.251183338592616
3170,801,804,768,797,0.2526813880126183,0.25362776025236594,0.24227129337539433,0.25141955835962143
3171,801,804,768,798,0.25260170293282874,0.2535477767265847,0.24219489120151372,0.25165562913907286
3172,802,804,768,798,0.25283732660781844,0.25346784363177804,0.2421185372005044,0.2515762925598991
3173,802,804,769,798,0.25275764260951783,0.2533879609202647,0.2423573904821935,0.25149700598802394
3174,803,804,769,798,0.25299306868304977,0.2533081285444234,0.2422810333963453,0.2514177693761815
3175,804,804,769,798,0.2532283464566929,0.2532283464566929,0.24220472440944882,0.25133858267716536
3176,804,804,769,799,0.2531486146095718,0.2531486146095718,0.24212846347607053,0.2515743073047859
3177,805,804,769,799,0.2533836953100409,0.2530689329556185,0.24205225055083412,0.2514951211835065
3178,805,804,769,800,0.2533039647577093,0.25298930144745124,0.2419760855884204,0.2517306482064191
3179,805,804,769,801,0.25322428436615285,0.2529097200377477,0.24189996854356716,0.25196602705253224
3180,805,805,769,801,0.2531446540880503,0.2531446540880503,0.24182389937106918,0.2518867924528302
3181,805,805,770,801,0.2530650738761396,0.2530650738761396,0.24206224457717698,0.25180760767054383
3182,805,806,770,801,0.25298554368321813,0.2532998114393463,0.24198617221873037,0.25172847265870524
3183,805,806,770,802,0.2529060634621426,0.25322023248507697,0.24191014765944077,0.2519635563933396
3184,806,806,770,802,0.25314070351758794,0.25314070351758794,0.24183417085427136,0.2518844221105528
3185,806,807,770,802,0.2530612244897959,0.2533751962323391,0.24175824175824176,0.25180533751962325
3186,806,807,771,802,0.2529817953546767,0.2532956685499058,0.24199623352165725,0.2517263025737602
3187,806,807,771,803,0.25290241606526515,0.25321619077502355,0.24192030122372138,0.25196109193599
3188,806,808,771,803,0.25282308657465496,0.2534504391468005,0.2418444165621079,0.2518820577164366
3189,806,808,771,804,0.25274380683599873,0.25337096268422704,0.24176857949200375,0.2521166509877705
3190,806,808,772,804,0.2526645768025078,0.25329153605015675,0.24200626959247648,0.25203761755485893
3191,807,808,772,804,0.25289877781259795,0.25321215919774365,0.24193042933249764,0.25195863365716076
3192,807,808,773,804,0.25281954887218044,0.2531328320802005,0.24216791979949875,0.2518796992481203
3193,807,808,773,805,0.252740369558409,0.2530535546507986,0.24209207641716254,0.2521139993736298
3194,807,809,773,805,0.25266123982467126,0.2532874139010645,0.24201628052598623,0.252035065748278
3195,807,809,773,806,0.25258215962441316,0.25320813771517997,0.24194053208137714,0.25226917057902976
3196,808,809,773,806,0.2528160200250313,0.25312891113892366,0.2418648310387985,0.2521902377972466
3197,808,809,774,806,0.25273694088207693,0.2530497341257429,0.2421019705974351,0.2521113543947451
3198,809,809,774,806,0.2529706066291432,0.2529706066291432,0.24202626641651032,0.25203252032520324
3199,809,809,774,807,0.2528915286026883,0.2528915286026883,0.24195060956548922,0.2522663332291341
3200,809,809,774,808,0.2528125,0.2528125,0.241875,0.2525
3201,809,809,775,808,0.2527335207747579,0.2527335207747579,0.24211184004998437,0.25242111840049986
3202,809,810,775,808,0.2526545908806996,0.25296689569019365,0.2420362273579013,0.2523422860712055
3203,809,810,776,808,0.25257571027162035,0.2528879175772713,0.24227286918513893,0.2522635029659694
3204,809,810,777,808,0.2524968789013733,0.25280898876404495,0.24250936329588016,0.25218476903870163
3205,809,810,777,809,0.25241809672386895,0.25273010920436817,0.2424336973478939,0.25241809672386895
3206,809,810,778,809,0.25233936369307547,0.2526512788521522,0.24266999376169682,0.25233936369307547
3207,809,810,778,810,0.2522606797630184,0.25257249766136575,0.24259432491425006,0.25257249766136575
3208,809,810,778,811,0.25218204488778057,0.2524937655860349,0.24251870324189526,0.2528054862842893
3209,809,810,779,811,0.25210345902150205,0.2524150825802431,0.2427547522592708,0.2527267061389841
3210,810,810,779,811,0.2523364485981308,0.2523364485981308,0.2426791277258567,0.2526479750778816
3211,810,811,779,811,0.25225786359389596,0.252569293055123,0.24260355029585798,0.252569293055123
3212,811,811,779,811,0.2524906600249066,0.2524906600249066,0.2425280199252802,0.2524906600249066
3213,811,811,780,811,0.2524120759414877,0.2524120759414877,0.24276377217553688,0.2524120759414877
3214,811,812,780,811,0.2523335407591786,0.2526446795270691,0.24268823895457373,0.2523335407591786
3215,811,812,780,812,0.25225505443234836,0.2525660964230171,0.24261275272161742,0.2525660964230171
3216,812,812,780,812,0.2524875621890547,0.2524875621890547,0.24253731343283583,0.2524875621890547
3217,812,812,780,813,0.25240907677960833,0.25240907677960833,0.24246192104445136,0.252719925396332
3218,813,812,780,813,0.2526413921690491,0.25233064014916096,0.24238657551274084,0.2526413921690491
3219,813,812,780,814,0.25256290773532153,0.25225225225225223,0.2423112767940354,0.25287356321839083
3220,813,812,780,815,0.25248447204968943,0.25217391304347825,0.2422360248447205,0.2531055900621118
3221,814,812,780,815,0.25271654765600743,0.25209562247749145,0.24216081962123565,0.25302701024526547
3222,815,812,780,815,0.25294847920546243,0.25201738050900063,0.24208566108007448,0.25294847920546243
3223,815,813,780,815,0.25286999689730066,0.25224945702761403,0.24201054917778467,0.25286999689730066
3224,815,814,780,815,0.25279156327543423,0.2524813895781638,0.24193548387096775,0.25279156327543423
3225,815,815,780,815,0.2527131782945736,0.2527131782945736,0.24186046511627907,0.2527131782945736
3226,815,815,780,816,0.25263484190948543,0.25263484190948543,0.24178549287042778,0.25294482331060136
3227,815,815,781,816,0.2525565540749923,0.2525565540749923,0.24202045243259993,0.25286643941741554
3228,815,816,781,816,0.25247831474597277,0.2527881040892193,0.2419454770755886,0.2527881040892193
3229,815,816,781,817,0.25240012387736144,0.2527098172808919,0.24187054815732426,0.2530195106844224
3230,816,816,781,817,0.25263157894736843,0.25263157894736843,0.24179566563467492,0.2529411764705882
3231,817,816,781,817,0.2528628907458991,0.2525533890436397,0.24172082946456205,0.2528628907458991
3232,817,817,781,817,0.2527846534653465,0.2527846534653465,0.2416460396039604,0.2527846534653465
3233,817,817,781,818,0.2527064645839777,0.2527064645839777,0.24157129600989793,0.2530157748221466
3234,817,818,781,818,0.2526283240568955,0.2529375386518244,0.24149659863945577,0.2529375386518244
3235,817,818,781,819,0.2525502318392581,0.25285935085007727,0.24142194744976817,0.2531684698608965
3236,817,818,782,819,0.25247218788627934,0.2527812113720643,0.24165636588380718,0.2530902348578492
3237,817,818,783,819,0.2523941921532283,0.2527031201729997,0.24189063948100092,0.25301204819277107
3238,817,819,783,819,0.2523162445954293,0.2529339098208771,0.24181593576281654,0.2529339098208771
3239,818,819,783,819,0.2525470824328496,0.2528558196974375,0.2417412781722754,0.2528558196974375
3240,818,819,784,819,0.25246913580246916,0.25277777777777777,0.2419753086419753,0.25277777777777777
3241,818,819,785,819,0.2523912372724468,0.2526997840172786,0.24220919469299598,0.2526997840172786
3242,819,819,785,819,0.2526218383713757,0.2526218383713757,0.2421344848858729,0.2526218383713757
3243,819,819,786,819,0.25254394079555964,0.25254394079555964,0.242368177613321,0.25254394079555964
3244,819,819,787,819,0.25246609124537606,0.25246609124537606,0.24260172626387178,0.25246609124537606
3245,820,819,787,819,0.2526964560862866,0.2523882896764253,0.24252696456086287,0.2523882896764253
3246,820,819,787,820,0.2526186075169439,0.25231053604436227,0.24245224892174985,0.2526186075169439
3247,820,820,787,820,0.2525408068986757,0.2525408068986757,0.24237757930397288,0.2525408068986757
3248,821,820,787,820,0.25277093596059114,0.2524630541871921,0.24230295566502463,0.2524630541871921
3249,821,820,787,821,0.252693136349646,0.2523853493382579,0.24222837796244998,0.252693136349646
3250,821,820,788,821,0.25261538461538463,0.2523076923076923,0.24246153846153845,0.25261538461538463
3251,822,820,788,821,0.25284527837588433,0.2522300830513688,0.24238695785912026,0.2525376807136266
3252,822,820,789,821,0.25276752767527677,0.2521525215252153,0.24261992619926198,0.252460024600246
3253,822,821,789,821,0.2526898247771288,0.25238241623117125,0.24254534276052875,0.25238241623117125
3254,822,821,789,822,0.2526121696373694,0.25230485556238474,0.24247080516287645,0.2526121696373694
3255,823,821,789,822,0.25284178187403994,0.2522273425499232,0.2423963133640553,0.25253456221198156
3256,823,822,789,822,0.25276412776412777,0.2524570024570025,0.24232186732186733,0.2524570024570025
3257,823,822,790,822,0.2526865213386552,0.2523794903285232,0.24255449800429843,0.2523794903285232
3258,823,822,791,822,0.25260896255371396,0.2523020257826888,0.24278698588090852,0.2523020257826888
3259,823,822,792,822,0.2525314513654495,0.2522246087756981,0.24301933108315435,0.2522246087756981
3260,823,822,792,823,0.25245398773006134,0.25214723926380367,0.24294478527607363,0.25245398773006134
3261,823,822,793,823,0.2523765716038025,0.25206991720331184,0.2431769395890831,0.2523765716038025
3262,823,822,794,823,0.25229920294297975,0.25199264255058246,0.24340895156345801,0.25229920294297975
3263,823,823,794,823,0.25222188170395343,0.25222188170395343,0.24333435488813976,0.25222188170395343
3264,823,823,795,823,0.25214460784313725,0.25214460784313725,0.24356617647058823,0.25214460784313725
3265,824,823,795,823,0.2523736600306279,0.25206738131699846,0.2434915773353752,0.25206738131699846
3266,824,823,796,823,0.25229638701775875,0.2519902020820576,0.24372320881812615,0.2519902020820576
3267,824,824,796,823,0.2522191613100704,0.2522191613100704,0.24364860728497093,0.2519130700948883
3268,824,825,796,823,0.2521419828641371,0.2524479804161567,0.24357405140758873,0.2518359853121175
3269,824,826,796,823,0.2520648516365861,0.25267665952890794,0.24349954114408076,0.2517589476904252
3270,825,826,796,823,0.25229357798165136,0.25259938837920487,0.2434250764525994,0.25168195718654435
3271,825,826,796,824,0.2522164475695506,0.25252216447569553,0.24335065729134822,0.2519107306634057
3272,825,826,797,824,0.25213936430317846,0.25244498777506114,0.24358190709046454,0.25183374083129584
3273,825,826,797,825,0.2520623281393217,0.25236785823403607,0.2435074854873205,0.2520623281393217
3274,826,826,797,825,0.25229077580940745,0.25229077580940745,0.2434331093463653,0.2519853390348198
3275,826,826,797,826,0.25221374045801526,0.25221374045801526,0.2433587786259542,0.25221374045801526
3276,826,826,798,826,0.25213675213675213,0.25213675213675213,0.24358974358974358,0.25213675213675213
3277,826,826,799,826,0.25205981080256334,0.25205981080256334,0.24382056759231005,0.25205981080256334
3278,826,826,800,826,0.25198291641244663,0.25198291641244663,0.24405125076266015,0.25198291641244663
3279,826,827,800,826,0.2519060689234523,0.25221103995120464,0.24397682220189082,0.2519060689234523
3280,826,827,800,827,0.25182926829268293,0.2521341463414634,0.24390243902439024,0.2521341463414634
3281,827,827,800,827,0.2520572996037793,0.2520572996037793,0.243828101188662,0.2520572996037793
3282,827,828,800,827,0.2519804996953077,0.2522851919561243,0.2437538086532602,0.2519804996953077
3283,827,829,800,827,0.25190374657325615,0.25251294547669817,0.24367956137678953,0.25190374657325615
3284,828,829,800,827,0.25213154689403167,0.25243605359317906,0.243605359317905,0.2518270401948843
3285,828,829,800,828,0.25205479452054796,0.25235920852359206,0.243531202435312,0.25205479452054796
3286,829,829,800,828,0.2522824102251978,0.2522824102251978,0.24345709068776628,0.2519780888618381
3287,829,829,800,829,0.2522056586553088,0.2522056586553088,0.24338302403407364,0.2522056586553088
3288,829,829,801,829,0.2521289537712895,0.2521289537712895,0.24361313868613138,0.2521289537712895
3289,830,829,801,829,0.25235633931286106,0.2520522955305564,0.24353906962602614,0.2520522955305564
3290,830,830,801,829,0.25227963525835867,0.25227963525835867,0.24346504559270515,0.2519756838905775
3291,830,830,802,829,0.2522029778182923,0.2522029778182923,0.2436949255545427,0.25189911880887267
3292,831,830,802,829,0.2524301336573512,0.25212636695018226,0.24362089914945323,0.25182260024301334
3293,832,830,802,829,0.252657151533556,0.25204980261160037,0.24354691770422107,0.25174612815062253
3294,832,830,803,829,0.25258044930176077,0.25197328476017,0.24377656344869458,0.25166970248937465
3295,833,830,803,829,0.2528072837632777,0.251896813353566,0.24370257966616085,0.25159332321699546
3296,833,831,803,829,0.25273058252427183,0.252123786407767,0.24362864077669902,0.2515169902912621
3297,833,831,804,829,0.2526539278131635,0.25204731574158323,0.24385805277525022,0.25144070367000304
3298,834,831,804,829,0.25288053365676166,0.25197089144936324,0.24378411158277744,0.25136446331109763
3299,834,831,804,830,0.25280387996362536,0.25189451348893604,0.24371021521673233,0.2515913913307063
3300,834,831,804,831,0.25272727272727274,0.25181818181818183,0.24363636363636362,0.25181818181818183
3301,834,831,805,831,0.25265071190548316,0.2517418963950318,0.2438654953044532,0.2517418963950318
3302,834,831,805,832,0.2525741974560872,0.2516656571774682,0.2437916414294367,0.25196850393700787
3303,835,831,805,832,0.2528004844081138,0.25158946412352406,0.2437178322736906,0.25189221919467153
3304,835,832,805,832,0.25272397094430993,0.25181598062953997,0.24364406779661016,0.25181598062953997
3305,835,832,806,832,0.2526475037821483,0.25173978819969745,0.24387291981845688,0.25173978819969745
3306,835,833,806,832,0.25257108287961283,0.2519661222020569,0.24379915305505143,0.2516636418632789
3307,836,833,806,832,0.25279709706682796,0.2518899304505594,0.24372543090414273,0.2515875415784699
3308,836,834,806,832,0.25272067714631197,0.25211608222490933,0.24365175332527206,0.25151148730350664
3309,836,834,806,833,0.252644303414929,0.25203989120580234,0.2435781202780296,0.25173768510123906
3310,836,835,806,833,0.2525679758308157,0.25226586102719034,0.24350453172205438,0.2516616314199396
3311,837,835,806,833,0.252793717909997,0.252189670794322,0.24343098761703413,0.25158562367864695
3312,837,835,806,834,0.25271739130434784,0.2521135265700483,0.2433574879227053,0.25181159420289856
3313,838,835,806,834,0.2529429520072442,0.25203742831270753,0.243284032598853,0.2517355870811953
3314,838,835,806,835,0.2528666264333132,0.25196137598068796,0.2432106216053108,0.25196137598068796
3315,838,835,806,836,0.25279034690799396,0.25188536953242835,0.24313725490196078,0.2521870286576169
3316,838,835,807,836,0.25271411338962607,0.25180940892641734,0.2433655006031363,0.25211097708082025
3317,838,836,807,836,0.25263792583659933,0.25203497135966235,0.24329213144407597,0.25203497135966235
3318,838,836,808,836,0.2525617842073538,0.25195901145268235,0.2435201928872815,0.25195901145268235
3319,838,836,808,837,0.2524856884603796,0.2518830973184694,0.24344682133172643,0.2521843928894245
3320,838,837,808,837,0.2524096385542169,0.25210843373493974,0.2433734939759036,0.25210843373493974
3321,838,838,808,837,0.2523336344474556,0.2523336344474556,0.2433002107798856,0.25203252032520324
3322,838,838,809,837,0.25225767609873573,0.25225767609873573,0.24352799518362434,0.25195665261890426
3323,838,838,810,837,0.2521817634667469,0.2521817634667469,0.24375564249172435,0.25188083057478183
3324,838,839,810,837,0.25210589651022863,0.25240673886883275,0.24368231046931407,0.2518050541516246
3325,838,839,811,837,0.25203007518796994,0.2523308270676692,0.24390977443609022,0.2517293233082707
3326,839,839,811,837,0.25225496091401084,0.25225496091401084,0.24383644016837042,0.25165363800360796
3327,839,839,812,837,0.2521791403666967,0.2521791403666967,0.24406372107003307,0.2515779981965735
3328,839,840,812,837,0.25210336538461536,0.25240384615384615,0.2439903846153846,0.25150240384615385
3329,839,840,813,837,0.25202763592670474,0.2523280264343647,0.24421748272754581,0.2514268549113848
3330,840,840,813,837,0.25225225225225223,0.25225225225225223,0.24414414414414415,0.25135135135135134
3331,841,840,813,837,0.2524767337135995,0.25217652356649656,0.2440708495947163,0.2512758931251876
3332,842,840,813,837,0.2527010804321729,0.25210084033613445,0.24399759903961585,0.25120048019207686
3333,842,840,813,838,0.2526252625262526,0.252025202520252,0.24392439243924394,0.2514251425142514
3334,842,840,814,838,0.2525494901019796,0.2519496100779844,0.24415116976604678,0.2513497300539892
3335,842,841,814,838,0.2524737631184408,0.25217391304347825,0.24407796101949025,0.2512743628185907
3336,843,841,814,838,0.2526978417266187,0.25209832134292565,0.24400479616306955,0.2511990407673861
3337,844,841,814,838,0.2529217860353611,0.2520227749475577,0.24393167515732694,0.25112376385975427
3338,844,841,814,839,0.25284601557819053,0.25194727381665666,0.243858597962852,0.2513481126423008
3339,844,842,814,839,0.2527702905061396,0.25217130877508237,0.24378556454028152,0.25127283617849655
3340,844,842,814,840,0.25269461077844313,0.25209580838323353,0.2437125748502994,0.25149700598802394
3341,844,843,814,840,0.2526189763543849,0.25231966477102663,0.24363962885363663,0.2514217300209518
3342,844,843,815,840,0.25254338719329744,0.25224416517055653,0.24386594853381208,0.2513464991023339
3343,844,843,816,840,0.2524678432545618,0.2521687107388573,0.24409213281483697,0.25127131319174395
3344,844,843,817,840,0.25239234449760767,0.2520933014354067,0.24431818181818182,0.2511961722488038
3345,844,844,817,840,0.2523168908819133,0.2523168908819133,0.24424514200298952,0.25112107623318386
3346,844,844,817,841,0.2522414823670054,0.2522414823670054,0.244172145845786,0.2513448894202032
3347,844,844,817,842,0.25216611891245894,0.25216611891245894,0.2440991933074395,0.2515685688676427
3348,845,844,817,842,0.252389486260454,0.2520908004778972,0.244026284348865,0.25149342891278376
3349,846,844,817,842,0.25261272021498954,0.25201552702299196,0.24395341893102418,0.2514183338309943
3350,847,844,817,842,0.25283582089552237,0.2519402985074627,0.24388059701492537,0.25134328358208957
3351,848,844,817,842,0.25305878842136675,0.25186511489107727,0.2438078185616234,0.25126827812593255
3352,849,844,817,842,0.25328162291169454,0.25178997613365156,0.24373508353221957,0.2511933174224344
3353,849,844,818,842,0.25320608410378764,0.2517148821950492,0.24396063226960932,0.25111840143155384
3354,849,844,818,843,0.25313059033989266,0.2516398330351819,0.24388789505068575,0.2513416815742397
3355,849,844,818,844,0.25305514157973175,0.2515648286140089,0.24381520119225036,0.2515648286140089
3356,849,844,818,845,0.2529797377830751,0.25148986889153757,0.24374255065554232,0.25178784266984505
3357,849,844,818,846,0.2529043789097408,0.2514149538278225,0.2436699434018469,0.2520107238605898
3358,849,844,819,846,0.252829064919595,0.25134008338296604,0.24389517569982133,0.2519356759976176
3359,850,844,819,846,0.25305150342363797,0.2512652575171182,0.24382256623995235,0.2518606728192915
3360,850,844,820,846,0.25297619047619047,0.2511904761904762,0.24404761904761904,0.2517857142857143
3361,851,844,820,846,0.25319845284141623,0.25111573936328474,0.24397500743826242,0.2517108003570366
3362,851,844,821,846,0.25312314098750743,0.2510410469958358,0.24419988102320048,0.25163593099345627
3363,851,844,821,847,0.2530478739220934,0.2509663990484686,0.24412726732084447,0.2518584597085935
3364,851,844,821,848,0.25297265160523186,0.25089179548156954,0.24405469678953626,0.2520808561236623
3365,851,845,821,848,0.2528974739970282,0.2511144130757801,0.2439821693907875,0.25200594353640415
3366,851,845,822,848,0.2528223410576352,0.2510398098633393,0.24420677361853832,0.2519310754604872
3367,852,845,822,848,0.25304425304425304,0.25096525096525096,0.24413424413424414,0.2518562518562519
3368,853,845,822,848,0.25326603325415675,0.25089073634204273,0.24406175771971497,0.2517814726840855
3369,853,846,822,848,0.25319085782131195,0.25111308993766696,0.2439893143365984,0.25170673790442266
3370,854,846,822,848,0.2534124629080119,0.2510385756676558,0.24391691394658754,0.2516320474777448
3371,854,847,822,848,0.2533372886383862,0.25126075348561255,0.24384455651142095,0.25155740136458027
3372,854,847,823,848,0.25326215895610915,0.2511862396204033,0.24406880189798338,0.2514827995255042
3373,854,848,823,848,0.2531870738215239,0.2514082419211385,0.24399644233619924,0.2514082419211385
3374,855,848,823,848,0.25340841730883223,0.25133372851215174,0.24392412566686425,0.25133372851215174
3375,855,849,823,848,0.25333333333333335,0.25155555555555553,0.24385185185185185,0.25125925925925924
3376,856,849,823,848,0.25355450236966826,0.25148104265402843,0.24377962085308058,0.25118483412322273
3377,857,849,823,848,0.25377554042049155,0.25140657388214394,0.24370743263251407,0.25111045306485047
3378,857,849,823,849,0.253700414446418,0.25133214920071045,0.24363528715216104,0.25133214920071045
3379,857,850,823,849,0.2536253329387393,0.25155371411660254,0.24356318437407518,0.251257768570583
3380,857,850,824,849,0.25355029585798816,0.2514792899408284,0.24378698224852072,0.25118343195266274
3381,857,850,824,850,0.25347530316474415,0.25140490979000296,0.24371487725524993,0.25140490979000296
3382,857,850,824,851,0.25340035481963336,0.25133057362507394,0.2436428149024246,0.25162625665286814
3383,857,850,824,852,0.2533254507833284,0.25125628140703515,0.24357079515223173,0.25184747265740465
3384,857,850,824,853,0.25325059101654845,0.2511820330969267,0.24349881796690306,0.25206855791962174
3385,858,850,824,853,0.2534711964549483,0.2511078286558346,0.24342688330871493,0.25199409158050223
3386,859,850,824,853,0.25369167158889544,0.25103366804489075,0.24335499113998818,0.25191966922622566
3387,859,850,825,853,0.25361677000295246,0.2509595512252731,0.24357838795394154,0.2518452908178329
3388,859,850,826,853,0.2535419126328217,0.25088547815820544,0.24380165289256198,0.2517709563164109
3389,859,850,826,854,0.25346709943936263,0.2508114488049572,0.24372971377987607,0.2519917379758041
3390,859,851,826,854,0.2533923303834808,0.2510324483775811,0.24365781710914455,0.2519174041297935
3391,859,851,827,854,0.25331760542612797,0.25095841934532587,0.24388086110291948,0.25184311412562665
3392,860,851,827,854,0.2535377358490566,0.2508844339622642,0.24380896226415094,0.2517688679245283
3393,860,852,827,854,0.25346301208370176,0.251105216622458,0.24373710580607133,0.2516946654877689
3394,860,853,827,854,0.253388332351208,0.2513258691809075,0.2436652916912198,0.2516205067766647
3395,860,853,827,855,0.2533136966126657,0.2512518409425626,0.24359351988217967,0.25184094256259204
3396,860,854,827,855,0.25323910482921086,0.251472320376914,0.24352179034157834,0.25176678445229683
3397,860,855,827,855,0.25316455696202533,0.25169267000294376,0.24345010303208714,0.25169267000294376
3398,860,856,827,855,0.25309005297233667,0.251912889935256,0.24337845791642143,0.2516185991759859
3399,860,857,827,855,0.25301559282141806,0.2521329802883201,0.2433068549573404,0.25154457193292146
3400,860,857,827,856,0.2529411764705882,0.2520588235294118,0.24323529411764705,0.25176470588235295
3401,860,857,828,856,0.2528668038812114,0.2519847103793002,0.2434578065274919,0.25169067921199645
3402,860,858,828,856,0.25279247501469726,0.25220458553791886,0.24338624338624337,0.2516166960611405
3403,860,858,828,857,0.2527181898325007,0.25213047311196,0.24331472230384954,0.25183661475168967
3404,860,858,828,858,0.2526439482961222,0.2520564042303173,0.24324324324324326,0.2520564042303173
3405,861,858,828,858,0.252863436123348,0.25198237885462554,0.2431718061674009,0.25198237885462554
3406,861,858,829,858,0.2527891955372871,0.25190839694656486,0.2433940105695831,0.25190839694656486
3407,861,858,829,859,0.25271499853243323,0.2518344584678603,0.24332257117698855,0.25212797182271796
3408,861,858,830,859,0.25264084507042256,0.2517605633802817,0.24354460093896713,0.2520539906103286
3409,861,859,830,859,0.25256673511293637,0.25198005280140806,0.2434731592842476,0.25198005280140806
3410,862,859,830,859,0.2527859237536657,0.25190615835777125,0.2434017595307918,0.25190615835777125
3411,862,860,830,859,0.25271181471709175,0.25212547639988275,0.2433304016417473,0.2518323072412782
3412,862,860,830,860,0.25263774912075027,0.25205158264947247,0.24325908558030482,0.25205158264947247
3413,862,860,831,860,0.2525637269264577,0.2519777322004102,0.24348080867272195,0.2519777322004102
3414,862,860,832,860,0.252489748096075,0.2519039250146456,0.24370240187463385,0.2519039250146456
3415,862,861,832,860,0.252415812591508,0.2521229868228404,0.24363103953147877,0.2518301610541728
3416,862,861,832,861,0.25234192037470726,0.2520491803278688,0.24355971896955503,0.2520491803278688
3417,862,861,832,862,0.25226807140766755,0.25197541703248466,0.24348844015218027,0.25226807140766755
3418,862,862,832,862,0.2521942656524283,0.2521942656524283,0.24341720304271502,0.2521942656524283
3419,862,863,832,862,0.2521205030710734,0.25241298625329045,0.24334600760456274,0.2521205030710734
3420,862,864,832,862,0.252046783625731,0.25263157894736843,0.2432748538011696,0.252046783625731
3421,862,865,832,862,0.2519731072785735,0.2528500438468284,0.24320374159602456,0.2519731072785735
3422,863,865,832,862,0.2521917007597896,0.25277615429573347,0.24313267095265925,0.25189947399181767
3423,863,865,833,862,0.2521180251241601,0.25270230791703185,0.24335378323108384,0.25182588372772424
3424,863,866,833,862,0.25204439252336447,0.25292056074766356,0.24328271028037382,0.2517523364485981
3425,864,866,833,862,0.25226277372262773,0.25284671532846714,0.24321167883211678,0.2516788321167883
3426,864,866,834,862,0.2521891418563923,0.2527729130180969,0.2434325744308231,0.2516053706946877
3427,864,866,835,862,0.2521155529617741,0.2526991537788153,0.24365334111467757,0.251531952144733
3428,864,866,835,863,0.25204200700116686,0.2526254375729288,0.24358226371061845,0.2517502917152859
3429,865,866,835,863,0.25226013414989795,0.252551764362788,0.24351122776319628,0.25167687372411784
3430,865,867,835,863,0.2521865889212828,0.25276967930029154,0.2434402332361516,0.25160349854227404
3431,865,867,836,863,0.25211308656368403,0.2526960069950452,0.24366074030894783,0.25153016613232293
3432,865,868,836,863,0.252039627039627,0.2529137529137529,0.24358974358974358,0.2514568764568765
3433,865,868,837,863,0.25196621031168076,0.25284008156131665,0.24381007864841248,0.25138362947859016
3434,865,869,837,863,0.2518928363424578,0.25305765870704716,0.24373907979033196,0.25131042516016305
3435,865,870,837,863,0.25181950509461426,0.25327510917030566,0.24366812227074236,0.2512372634643377
3436,865,870,837,864,0.25174621653084983,0.2532013969732247,0.24359720605355065,0.25145518044237486
3437,866,870,837,864,0.2519639220250218,0.2531277276694792,0.24352633110270586,0.2513820192027931
3438,866,870,837,865,0.25189063408958695,0.2530541012216405,0.24345549738219896,0.2515997673065736
3439,867,870,837,865,0.25210817097993604,0.2529805175923234,0.2433847048560628,0.2515266065716778
3440,868,870,837,865,0.25232558139534883,0.25290697674418605,0.2433139534883721,0.251453488372093
3441,868,871,837,865,0.25225225225225223,0.25312409183376927,0.24324324324324326,0.25138041267073524
3442,868,871,837,866,0.25217896571760606,0.25305055200464843,0.2431725740848344,0.2515979081929111
3443,868,871,838,866,0.25210572175428403,0.2529770548939878,0.24339239035724658,0.2515248329944816
3444,868,871,838,867,0.25203252032520324,0.25290360046457605,0.24332171893147503,0.25174216027874563
3445,868,871,839,867,0.25195936139332364,0.2528301886792453,0.24354136429608128,0.25166908563134976
3446,868,871,839,868,0.2518862449216483,0.2527568195008706,0.24347069065583285,0.2518862449216483
3447,869,871,839,868,0.25210327821293876,0.2526834928923702,0.24340005802146794,0.2518131708732231
3448,869,871,840,868,0.25203016241299303,0.2526102088167053,0.24361948955916474,0.2517401392111369
3449,869,872,840,868,0.25195708901130764,0.2528269063496666,0.2435488547405045,0.2516671498985213
3450,869,872,840,869,0.2518840579710145,0.2527536231884058,0.24347826086956523,0.2518840579710145
3451,869,873,840,869,0.25181106925528834,0.25297015357867286,0.2434077079107505,0.25181106925528834
3452,869,873,840,870,0.2517381228273465,0.25289687137891076,0.24333719582850522,0.25202780996523755
3453,869,873,840,871,0.2516652186504489,0.2528236316246742,0.24326672458731538,0.25224442513756157
3454,869,873,840,872,0.2515923566878981,0.2527504342790967,0.24319629415170815,0.25246091488129707
3455,869,873,841,872,0.2515195369030391,0.25267727930535455,0.2434153400868307,0.2523878437047757
3456,870,873,841,872,0.2517361111111111,0.2526041666666667,0.2433449074074074,0.2523148148148148
3457,870,873,841,873,0.25166329187156494,0.2525310963262945,0.2432745154758461,0.2525310963262945
3458,870,874,841,873,0.2515905147484095,0.25274725274725274,0.24320416425679584,0.2524580682475419
3459,870,875,841,873,0.2515177797051171,0.25296328418618097,0.24313385371494653,0.2523850823937554
3460,870,875,841,874,0.2514450867052023,0.25289017341040465,0.2430635838150289,0.2526011560693642
3461,870,876,841,874,0.2513724357122219,0.2531060387171338,0.2429933545218145,0.2525281710488298
3462,870,877,841,874,0.2512998266897747,0.2533217793183131,0.24292316580011555,0.25245522819179667
3463,870,877,841,875,0.2512272596015016,0.253248628356916,0.24285301761478487,0.2526710944267976
3464,870,877,842,875,0.25115473441108543,0.253175519630485,0.24307159353348728,0.25259815242494227
3465,870,878,842,875,0.2510822510822511,0.2533910533910534,0.243001443001443,0.25252525252525254
3466,870,879,842,875,0.2510098095787651,0.2536064627813041,0.24293133294864397,0.2524523946912868
3467,870,879,843,875,0.25093740986443613,0.25353331410441304,0.24314969714450532,0.25237957888664553
3468,870,880,843,875,0.2508650519031142,0.2537485582468281,0.2430795847750865,0.25230680507497116
3469,871,880,843,875,0.2510810031709426,0.253675410781205,0.24300951282790428,0.2522340732199481
3470,871,880,843,876,0.25100864553314123,0.25360230547550433,0.24293948126801151,0.2524495677233429
3471,872,880,843,876,0.2512244309997119,0.2535292422932872,0.2428694900605013,0.25237683664649957
3472,872,880,844,876,0.2511520737327189,0.2534562211981567,0.24308755760368664,0.2523041474654378
3473,872,881,844,876,0.25107975813417793,0.253671177656205,0.24301756406564928,0.2522315001439677
3474,872,881,844,877,0.2510074841681059,0.25359815774323546,0.2429476108232585,0.2524467472654001
3475,872,882,844,877,0.25093525179856113,0.2538129496402878,0.2428776978417266,0.25237410071942445
3476,873,882,844,877,0.251150747986191,0.2537399309551208,0.2428078250863061,0.25230149597238205
3477,873,882,844,878,0.25107851596203623,0.25366695427092323,0.24273799252228934,0.2525165372447512
3478,873,882,844,879,0.2510063254744106,0.2535940195514664,0.24266820011500861,0.2527314548591144
3479,873,883,844,879,0.2509341764874964,0.25380856567979304,0.24259844782983617,0.2526588100028744
3480,873,883,844,880,0.2508620689655172,0.25373563218390804,0.2425287356321839,0.25287356321839083
3481,873,884,844,880,0.2507900028727377,0.2539500143636886,0.2424590634875036,0.25280091927607007
3482,873,884,845,880,0.25071797817346353,0.25387708213670307,0.24267662263067202,0.2527283170591614
3483,873,885,845,880,0.25064599483204136,0.2540913006029285,0.24260694803330463,0.2526557565317255
3484,874,885,845,880,0.2508610792192882,0.25401836969001146,0.24253731343283583,0.2525832376578645
3485,874,886,845,880,0.2507890961262554,0.25423242467718793,0.242467718794835,0.25251076040172166
3486,874,887,845,880,0.2507171543316122,0.2544463568559954,0.24239816408491108,0.25243832472748134
3487,874,887,845,881,0.25064525379982794,0.25437338686550043,0.24232864926871236,0.2526527100659593
3488,874,887,845,882,0.2505733944954128,0.2543004587155963,0.24225917431192662,0.25286697247706424
3489,874,887,845,883,0.25050157638291776,0.2542275723703067,0.2421897391802809,0.2530811120664947
3490,874,887,846,883,0.2504297994269341,0.2541547277936963,0.24240687679083095,0.2530085959885387
3491,874,888,846,883,0.25035806359209395,0.25436837582354627,0.24233743912918934,0.2529361214551704
3492,875,888,846,883,0.25057273768613975,0.2542955326460481,0.2422680412371134,0.25286368843069873
3493,875,888,847,883,0.250501002004008,0.254222731176639,0.24248496993987975,0.2527912968794732
3494,875,888,848,883,0.25042930738408703,0.25414997137950773,0.24270177447052088,0.25271894676588436
3495,875,889,848,883,0.2503576537911302,0.2543633762517883,0.24263233190271816,0.2526466380543634
3496,875,890,848,883,0.25028604118993136,0.2545766590389016,0.2425629290617849,0.25257437070938216
3497,875,890,848,884,0.25021446954532456,0.25450386045181583,0.24249356591364027,0.2527881040892193
3498,876,890,848,884,0.2504288164665523,0.25443110348770726,0.24242424242424243,0.252715837621498
3499,876,891,848,884,0.250357244927122,0.25464418405258643,0.24235495855958844,0.25264361246070305
3500,876,891,849,884,0.2502857142857143,0.25457142857142856,0.24257142857142858,0.25257142857142856
3501,877,891,849,884,0.2504998571836618,0.2544987146529563,0.24250214224507283,0.25249928591830906
3502,878,891,849,884,0.25071387778412335,0.25442604226156484,0.24243289548829242,0.2524271844660194
3503,878,891,849,885,0.2506423065943477,0.25435341136169,0.24236368826719953,0.2526405937767628
3504,878,891,850,885,0.2505707762557078,0.2542808219178082,0.2425799086757991,0.2525684931506849
3505,878,891,851,885,0.25049928673323824,0.2542082738944365,0.2427960057061341,0.2524964336661912
3506,878,892,851,885,0.2504278379920137,0.25442099258414147,0.24272675413576725,0.2524244152880776
3507,878,892,852,885,0.2503564299971486,0.25434844596521244,0.24294268605645852,0.2523524379811805
3508,878,892,853,885,0.250285062713797,0.2542759407069555,0.24315849486887114,0.2522805017103763
3509,878,893,853,885,0.25021373610715303,0.2544884582502137,0.24308919920205185,0.25220860644058135
3510,878,893,854,885,0.2501424501424501,0.25441595441595444,0.2433048433048433,0.25213675213675213
3511,878,894,854,885,0.25007120478496153,0.2546283110225007,0.2432355454286528,0.2520649387638849
3512,878,894,854,886,0.25,0.25455580865603644,0.24316628701594534,0.2522779043280182
3513,878,894,855,886,0.24992883575291774,0.25448334756618274,0.24338172502134928,0.25220609165955027
3514,878,895,855,886,0.24985771200910642,0.2546955036994878,0.24331246442800228,0.2521343198634035
3515,878,896,855,886,0.24978662873399715,0.2549075391180654,0.24324324324324326,0.2520625889046942
3516,878,896,856,886,0.24971558589306028,0.25483503981797495,0.2434584755403868,0.25199089874857794
3517,879,896,856,886,0.2499289166903611,0.25476258174580607,0.2433892522035826,0.25191924936025023
3518,880,896,856,886,0.25014212620807275,0.2546901648664014,0.2433200682205799,0.251847640704946
3519,880,896,857,886,0.2500710429099176,0.2546177891446434,0.2435350951974993,0.2517760727479398
3520,880,896,857,887,0.25,0.2545454545454545,0.2434659090909091,0.2519886363636364
3521,881,896,857,887,0.25021300766827603,0.2544731610337972,0.2433967622834422,0.2519170690144845
3522,881,896,857,888,0.2501419647927314,0.25440090857467346,0.24332765474162407,0.252129471890971
3523,882,896,857,888,0.2503548112404201,0.25432869713312517,0.24325858643201817,0.25205790519443655
3524,882,897,857,888,0.25028376844494893,0.25454029511918275,0.24318955732122588,0.25198637911464244
3525,882,897,858,888,0.2502127659574468,0.25446808510638297,0.24340425531914894,0.2519148936170213
3526,882,898,858,888,0.25014180374361883,0.2546795235394214,0.24333522404991492,0.25184344866704483
3527,882,899,858,888,0.25007088176920894,0.2548908420754182,0.24326623192514885,0.251772044230224
3528,882,899,859,888,0.25,0.2548185941043084,0.24348072562358278,0.25170068027210885
3529,882,900,859,888,0.24992915840181354,0.2550297534712383,0.24341173136865968,0.25162935675828846
3530,883,900,859,888,0.2501416430594901,0.254957507082153,0.243342776203966,0.2515580736543909
3531,883,900,860,888,0.25007080147267063,0.2548853016142736,0.24355706598697252,0.25148683092608326
3532,883,900,861,888,0.25,0.2548131370328426,0.24377123442808607,0.25141562853907135
3533,883,900,862,888,0.24992923860741578,0.2547410133031418,0.2439852816303425,0.2513444664590999
3534,883,900,863,888,0.24985851726089417,0.2546689303904924,0.244199207696661,0.25127334465195245
3535,883,901,863,888,0.2497878359264498,0.2548797736916549,0.24413012729844413,0.2512022630834512
3536,883,902,863,888,0.24971719457013575,0.25509049773755654,0.24406108597285067,0.251131221719457
3537,883,902,863,889,0.24964659315804355,0.25501837715578174,0.24399208368674016,0.2513429459994346
3538,883,902,863,890,0.249576031656303,0.25494629734313173,0.2439231204070096,0.2515545505935557
3539,883,902,863,891,0.24950551003108223,0.2548742582650466,0.2438541961005934,0.25176603560327776
3540,883,902,863,892,0.24943502824858757,0.25480225988700567,0.24378531073446327,0.2519774011299435
3541,883,902,863,893,0.24936458627506355,0.25473030217452697,0.24371646427562835,0.25218864727478113
3542,883,902,864,893,0.24929418407679277,0.2546583850931677,0.24392998306041785,0.2521174477696217
3543,884,902,864,893,0.24950606830369743,0.25458650860852383,0.2438611346316681,0.25204628845611066
3544,884,903,864,893,0.24943566591422123,0.25479683972911965,0.24379232505643342,0.25197516930022573
3545,884,903,865,893,0.24936530324400563,0.25472496473906914,0.24400564174894218,0.25190409026798305
3546,884,903,866,893,0.24929498025944727,0.2546531302876481,0.24421883812746756,0.2518330513254371
3547,885,903,866,893,0.24950662531716944,0.2545813363405695,0.2441499859035805,0.25176205243868055
3548,885,903,867,893,0.24943630214205187,0.2545095828635851,0.2443630214205186,0.2516910935738444
3549,886,903,867,893,0.24964778810932656,0.25443786982248523,0.24429416737109044,0.2516201746970978
3550,886,904,867,893,0.24957746478873238,0.25464788732394367,0.24422535211267607,0.2515492957746479
3551,886,905,867,893,0.24950718107575331,0.2548577865390031,0.2441565756125035,0.25147845677274006
3552,887,905,867,893,0.24971846846846846,0.25478603603603606,0.24408783783783783,0.25140765765765766
3553,887,906,867,893,0.24964818463270474,0.25499577821559244,0.24401913875598086,0.25133689839572193
3554,887,906,867,894,0.24957794034890265,0.2549240292628025,0.24395047833427125,0.2515475520540236
3555,887,906,867,895,0.24950773558368494,0.2548523206751055,0.2438818565400844,0.2517580872011252
3556,887,907,867,895,0.24943757030371203,0.2550618672665917,0.2438132733408324,0.2516872890888639
3557,888,907,867,895,0.24964858026426764,0.2549901602473995,0.24374472870396402,0.25161653078436885
3558,889,907,867,895,0.24985947161326588,0.25491849353569423,0.2436762225969646,0.2515458122540753
3559,889,907,868,895,0.24978926664793483,0.2548468670974993,0.24388873279010959,0.2514751334644563
3560,889,907,868,896,0.2497191011235955,0.2547752808988764,0.24382022471910111,0.251685393258427
3561,889,907,868,897,0.2496489750070205,0.2547037349059253,0.2437517551249649,0.2518955349620893
3562,890,907,868,897,0.24985962942167322,0.25463222908478383,0.24368332397529477,0.2518248175182482
3563,890,907,868,898,0.24978950322761717,0.25456076340162787,0.24361493123772102,0.252034802133034
3564,891,907,868,898,0.25,0.25448933782267114,0.24354657687991021,0.25196408529741865
3565,891,908,868,898,0.24992987377279102,0.2546984572230014,0.24347826086956523,0.25189340813464234
3566,892,908,868,898,0.2501402131239484,0.2546270330902973,0.24340998317442514,0.25182277061132924
3567,892,909,868,898,0.2500700869077656,0.25483599663582845,0.24334174376226522,0.25175217269414074
3568,892,909,869,898,0.25,0.2547645739910314,0.24355381165919282,0.25168161434977576
3569,892,909,869,899,0.24992995236760998,0.2546931913701317,0.24348557018772765,0.2518912860745307
3570,892,910,869,899,0.24985994397759104,0.2549019607843137,0.2434173669467787,0.2518207282913165
3571,892,910,869,900,0.24978997479697565,0.25483057966956035,0.2433492019042285,0.2520302436292355
3572,892,910,869,901,0.24972004479283313,0.2547592385218365,0.2432810750279955,0.2522396416573348
3573,892,910,869,902,0.2496501539322698,0.25468793730758466,0.24321298628603413,0.2524489224741114
3574,893,910,869,902,0.24986010072747622,0.25461667599328486,0.24314493564633463,0.2523782876329043
3575,893,910,870,902,0.2497902097902098,0.2545454545454545,0.24335664335664337,0.2523076923076923
3576,893,911,870,902,0.24972035794183445,0.25475391498881433,0.24328859060402686,0.25223713646532436
3577,893,911,870,903,0.24965054514956667,0.25468269499580654,0.24322057590159352,0.25244618395303325
3578,893,912,870,903,0.2495807713806596,0.2548910005589715,0.24315259921743992,0.252375628842929
3579,893,912,870,904,0.2495110366024029,0.2548197820620285,0.24308466051969824,0.25258452081587035
3580,893,912,871,904,0.2494413407821229,0.2547486033519553,0.24329608938547487,0.25251396648044694
3581,893,912,872,904,0.24937168388718234,0.25467746439542027,0.24350740016755096,0.25244345154984643
3582,893,912,873,904,0.24930206588498047,0.254606365159129,0.24371859296482412,0.25237297599106645
3583,893,912,874,904,0.24923248674295284,0.2545353056098242,0.2439296678760815,0.2523025397711415
3584,893,912,875,904,0.24916294642857142,0.2544642857142857,0.244140625,0.25223214285714285
3585,893,913,875,904,0.24909344490934449,0.25467224546722456,0.24407252440725244,0.25216178521617855
3586,893,913,875,905,0.24902398215281651,0.254601226993865,0.24400446179587285,0.2523703290574456
3587,893,913,875,906,0.24895455812656817,0.2545302481182046,0.24393643713409535,0.2525787566211319
3588,893,913,876,906,0.2488851727982163,0.2544593088071349,0.24414715719063546,0.2525083612040134
3589,893,913,877,906,0.24881582613541375,0.2543884090275843,0.24435775982167734,0.2524380050153246
3590,893,914,877,906,0.24874651810584958,0.2545961002785515,0.24428969359331476,0.2523676880222841
3591,893,914,878,906,0.24867724867724866,0.25452520189362293,0.24450013923698133,0.252297410192147
3592,893,914,878,907,0.24860801781737193,0.2544543429844098,0.24443207126948774,0.2525055679287305
3593,893,914,878,908,0.24853882549401615,0.25438352351795157,0.2443640411912051,0.25271360979682717
3594,894,914,878,908,0.24874791318864775,0.25431274346132443,0.2442960489705064,0.25264329437952143
3595,894,915,878,908,0.2486787204450626,0.2545201668984701,0.24422809457579972,0.25257301808066757
3596,894,915,878,909,0.2486095661846496,0.2544493882091212,0.24416017797552836,0.2527808676307008
3597,895,915,878,909,0.24881845982763415,0.2543786488740617,0.2440922991381707,0.2527105921601334
3598,896,915,878,909,0.2490272373540856,0.25430794886047803,0.24402445803224013,0.2526403557531962
3599,897,915,878,909,0.24923589886079467,0.2542372881355932,0.24395665462628507,0.25257015837732705
3600,897,915,879,909,0.24916666666666668,0.25416666666666665,0.24416666666666667,0.2525
3601,898,915,879,909,0.2493751735628992,0.2540960844209942,0.24409886142738127,0.25242988058872534
3602,898,915,880,909,0.249305941143809,0.2540255413659078,0.24430871737923376,0.2523598001110494
3603,898,915,881,909,0.24923674715514849,0.253955037468776,0.24451845684152096,0.25228975853455454
3604,898,915,882,909,0.24916759156492785,0.2538845726970033,0.24472807991120976,0.25221975582685907
3605,898,915,882,910,0.24909847434119278,0.2538141470180305,0.2446601941747573,0.2524271844660194
3606,898,916,882,910,0.2490293954520244,0.2540210759844703,0.24459234608985025,0.252357182473655
3607,899,916,882,910,0.2492375935680621,0.2539506515109509,0.24452453562517326,0.2522872192958137
3608,899,917,882,910,0.24916851441241686,0.25415742793791574,0.24445676274944567,0.2522172949002217
3609,899,918,882,910,0.24909947353837628,0.2543640897755611,0.24438902743142144,0.2521474092546412
3610,900,918,882,910,0.24930747922437674,0.25429362880886425,0.2443213296398892,0.2520775623268698
3611,901,918,882,910,0.24951536970368318,0.2542232068679036,0.24425366934367213,0.2520077540847411
3612,901,919,882,910,0.24944629014396455,0.2544296788482835,0.2441860465116279,0.25193798449612403
3613,901,919,883,910,0.24937724882369222,0.25435925823415445,0.24439523941323,0.25186825352892334
3614,902,919,883,910,0.24958494742667406,0.2542888765910349,0.24432761483121196,0.2517985611510791
3615,902,919,884,910,0.24951590594744122,0.25421853388658366,0.244536652835408,0.2517289073305671
3616,902,919,885,910,0.24944690265486727,0.2541482300884956,0.24474557522123894,0.2516592920353982
3617,902,920,885,910,0.24937793751727952,0.2543544373790434,0.24467790987005805,0.251589715233619
3618,902,921,885,910,0.24930901050304036,0.25456053067993367,0.24461028192371476,0.25152017689331124
3619,903,921,885,910,0.2495164410058027,0.2544901906604034,0.244542691351202,0.2514506769825919
3620,903,921,886,910,0.2494475138121547,0.25441988950276245,0.2447513812154696,0.2513812154696133
3621,903,921,887,910,0.24937862468931235,0.2543496271748136,0.24495995581331123,0.25131179232256284
3622,904,921,887,910,0.2495858641634456,0.2542794036443954,0.24489232468249586,0.25124240750966315
3623,904,921,887,911,0.2495169748826939,0.25420921887938175,0.24482473088600606,0.2514490753519183
3624,904,922,887,911,0.24944812362030905,0.2544150110375276,0.24475717439293598,0.25137969094922735
3625,904,923,887,911,0.24937931034482758,0.2546206896551724,0.24468965517241378,0.2513103448275862
3626,904,924,887,911,0.24931053502482073,0.2548262548262548,0.24462217319360177,0.2512410369553227
3627,904,924,887,912,0.2492417976288944,0.2547559966914806,0.24455472842569617,0.25144747725392885
3628,904,925,887,912,0.24917309812568908,0.25496141124586547,0.24448732083792724,0.2513781697905182
3629,904,926,887,912,0.24910443648387987,0.25516671259300083,0.2444199503995591,0.2513089005235602
3630,904,927,887,912,0.2490358126721763,0.2553719008264463,0.2443526170798898,0.2512396694214876
3631,905,927,887,912,0.24924263288350318,0.2553015698154778,0.24428532084825116,0.25117047645276785
3632,906,927,887,912,0.24944933920704845,0.25523127753303965,0.2442180616740088,0.2511013215859031
3633,906,928,887,912,0.24938067712634188,0.2554362785576658,0.24415083952656208,0.2510322047894302
3634,906,928,887,913,0.24931205283434232,0.2553659878921299,0.24408365437534396,0.25123830489818383
3635,906,929,887,913,0.24924346629986244,0.2555708390646492,0.24401650618982118,0.2511691884456671
3636,906,930,887,913,0.24917491749174916,0.25577557755775576,0.24394939493949394,0.2511001100110011
3637,907,930,887,913,0.2493813582623041,0.25570525158097335,0.24388232059389606,0.2510310695628265
3638,907,930,887,914,0.24931280923584387,0.2556349642660803,0.24381528312259484,0.251236943375481
3639,908,930,887,914,0.24951909865347624,0.25556471558120364,0.24374828249519098,0.25116790327012917
3640,908,930,887,915,0.24945054945054945,0.2554945054945055,0.24368131868131868,0.25137362637362637
3641,908,930,888,915,0.24938203790167537,0.2554243339741829,0.24388904147212304,0.25130458665201866
3642,908,930,889,915,0.24931356397583745,0.2553542009884679,0.24409665019220209,0.25123558484349257
3643,908,930,889,916,0.24924512764205325,0.2552841065056272,0.24402964589623935,0.25144111995608015
3644,908,930,889,917,0.2491767288693743,0.2552140504939627,0.24396267837541163,0.2516465422612514
3645,909,930,889,917,0.24938271604938272,0.2551440329218107,0.2438957475994513,0.25157750342935525
3646,909,930,890,917,0.24931431705979154,0.2550740537575425,0.24410312671420736,0.2515085024684586
3647,909,931,890,917,0.2492459555799287,0.255278310940499,0.24403619413216343,0.2514395393474088
3648,909,932,890,917,0.24917763157894737,0.25548245614035087,0.24396929824561403,0.2513706140350877
3649,909,932,891,917,0.24910934502603452,0.2554124417648671,0.2441764867086873,0.25130172650041105
3650,910,932,891,917,0.2493150684931507,0.2553424657534247,0.2441095890410959,0.25123287671232875
3651,910,932,892,917,0.24924678170364284,0.2552725280745001,0.24431662558203232,0.2511640646398247
3652,910,932,893,917,0.24917853231106243,0.2552026286966046,0.2445235487404162,0.25109529025191674
3653,910,932,893,918,0.2491103202846975,0.2551327675882836,0.2444566110046537,0.2513003011223652
3654,910,932,894,918,0.24904214559386972,0.25506294471811713,0.24466338259441708,0.2512315270935961
3655,911,932,894,918,0.24924760601915186,0.25499316005471956,0.24459644322845417,0.25116279069767444
3656,911,932,895,918,0.24917943107221008,0.2549234135667396,0.2448030634573304,0.2510940919037199
3657,911,933,895,918,0.24911129340989882,0.2551271534044299,0.24473612250478535,0.25102543068088595
3658,911,934,895,918,0.24904319300164024,0.2553307818480044,0.24466921815199563,0.25095680699835976
3659,912,934,895,918,0.2492484285323859,0.25526100027329873,0.24460235036895325,0.2508882208253621
3660,912,935,895,918,0.24918032786885247,0.25546448087431695,0.24453551912568305,0.25081967213114753
3661,913,935,895,918,0.24938541382136029,0.25539470090139305,0.24446872439224257,0.2507511608850041
3662,913,935,895,919,0.2493173129437466,0.2553249590387766,0.244401966138722,0.2509557618787548
3663,913,935,895,920,0.24924924924924924,0.2552552552552553,0.24433524433524434,0.25116025116025115
3664,914,935,895,920,0.24945414847161573,0.25518558951965065,0.24426855895196506,0.25109170305676853
3665,915,935,895,920,0.24965893587994542,0.2551159618008186,0.24420190995907232,0.25102319236016374
3666,916,935,895,920,0.24986361156573922,0.2550463720676487,0.24413529732678668,0.2509547190398254
3667,916,936,895,920,0.24979547313880557,0.2552495227706572,0.24406872102536134,0.2508862830651759
3668,916,937,895,920,0.24972737186477645,0.2554525627044711,0.24400218102508178,0.25081788440567065
3669,916,937,895,921,0.24965930771327338,0.25538293813028073,0.243935677296266,0.2510220768601799
3670,916,937,896,921,0.24959128065395095,0.2553133514986376,0.244141689373297,0.2509536784741144
3671,916,938,896,921,0.24952329065649687,0.2555162081176791,0.2440751838736039,0.2508853173522201
3672,917,938,896,921,0.24972766884531591,0.25544662309368193,0.2440087145969499,0.2508169934640523
3673,917,939,896,921,0.24965967873672748,0.255649332970324,0.24394228151374897,0.2507487067791996
3674,917,939,896,922,0.24959172563962984,0.25557974959172564,0.24387588459444748,0.25095264017419705
3675,917,939,896,923,0.24952380952380954,0.25551020408163266,0.2438095238095238,0.251156462585034
3676,917,939,896,924,0.24945593035908598,0.25544069640914036,0.24374319912948858,0.2513601741022851
3677,917,939,897,924,0.2493880881153114,0.25537122654337774,0.2439488713625238,0.2512918139787871
3678,917,940,897,924,0.24932028276237087,0.255573681348559,0.24388254486133767,0.25122349102773245
3679,917,941,897,924,0.2492525142701821,0.2557760260940473,0.24381625441696114,0.25115520521880946
3680,918,941,897,924,0.24945652173913044,0.25570652173913044,0.24375,0.2510869565217391
3681,918,942,897,924,0.24938875305623473,0.25590872045639773,0.2436837815810921,0.25101874490627546
3682,918,942,897,925,0.24932102118413904,0.2558392178164041,0.2436175991309071,0.2512221618685497
3683,918,943,897,925,0.24925332609285908,0.25604127070323107,0.24355145262014663,0.2511539505837632
3684,918,944,897,925,0.249185667752443,0.256243213897937,0.24348534201954397,0.251085776330076
3685,918,945,897,925,0.2491180461329715,0.2564450474898236,0.24341926729986432,0.2510176390773406
3686,918,945,897,926,0.2490504612045578,0.2563754747693977,0.24335322843190452,0.25122083559414
3687,919,945,897,926,0.24925413615405478,0.2563059397884459,0.24328722538649308,0.25115269867100626
3688,919,945,898,926,0.24918655097613882,0.256236442516269,0.24349240780911063,0.25108459869848154
3689,919,945,898,927,0.24911900243968554,0.25616698292220114,0.2434264028191922,0.2512876118189211
3690,919,945,898,928,0.24905149051490516,0.25609756097560976,0.24336043360433604,0.25149051490514907
3691,920,945,898,928,0.24925494445949606,0.25602817664589544,0.24329450013546464,0.25142237875914386
3692,921,945,898,928,0.24945828819068255,0.25595882990249186,0.24322860238353197,0.2513542795232936
3693,922,945,898,928,0.24966152179799622,0.255889520714866,0.24316274031952342,0.2512862171676144
3694,922,946,898,928,0.24959393611261504,0.2560909583107742,0.24309691391445587,0.25121819166215487
3695,922,946,898,929,0.24952638700947227,0.25602165087956696,0.24303112313937753,0.25142083897158324
3696,922,946,899,929,0.24945887445887446,0.25595238095238093,0.24323593073593072,0.25135281385281383
3697,922,946,899,930,0.2493913984311604,0.2558831484987828,0.24317013794968895,0.2515553151203679
3698,923,946,899,930,0.24959437533802056,0.2558139534883721,0.24310438074634938,0.251487290427258
3699,923,946,900,930,0.24952689916193566,0.2557447958907813,0.24330900243309003,0.25141930251419303
3700,923,946,900,931,0.24945945945945946,0.2556756756756757,0.24324324324324326,0.2516216216216216
3701,923,947,900,931,0.24939205620102675,0.2558767900567414,0.2431775195893002,0.25155363415293164
3702,923,947,900,932,0.24932468935710428,0.25580767152890327,0.24311183144246354,0.2517558076715289
3703,923,947,901,932,0.24925735889819065,0.2557385903321631,0.24331623008371592,0.2516878206859303
3704,924,947,901,932,0.24946004319654427,0.2556695464362851,0.24325053995680346,0.25161987041036715
3705,924,947,901,933,0.2493927125506073,0.2556005398110661,0.24318488529014845,0.25182186234817816
3706,924,948,901,933,0.24932541824069077,0.2558014031300594,0.24311926605504589,0.251753912574204
3707,925,948,901,933,0.24952792015106556,0.2557323981656326,0.2430536822228217,0.25168599946048015
3708,926,948,901,933,0.24973031283710895,0.255663430420712,0.2429881337648328,0.25161812297734626
3709,926,949,901,933,0.24966298193583175,0.2558641143165274,0.24292262065246698,0.2515502830951739
3710,927,949,901,933,0.24986522911051212,0.25579514824797844,0.24285714285714285,0.25148247978436655
3711,927,950,901,933,0.2497978981406629,0.2559956884936675,0.2427917003503099,0.2514147130153597
3712,927,950,902,933,0.24973060344827586,0.25592672413793105,0.2429956896551724,0.25134698275862066
3713,927,950,902,934,0.24966334500403986,0.25585779692970645,0.24293024508483707,0.2515486129814166
3714,928,950,902,934,0.24986537425955843,0.25578890683898764,0.24286483575659665,0.2514808831448573
3715,928,951,902,934,0.24979811574697175,0.2559892328398385,0.24279946164199193,0.25141318977119786
3716,928,951,902,935,0.24973089343379978,0.2559203444564047,0.24273412271259417,0.2516146393972013
3717,928,952,902,935,0.24966370729082593,0.256120527306968,0.2426688189400054,0.2515469464622007
3718,928,952,903,935,0.24959655728886498,0.2560516406670253,0.24287251210328134,0.2514792899408284
3719,929,952,903,935,0.2497983328851842,0.25598279107286903,0.2428072062382361,0.25141166980371066
3720,929,952,903,936,0.24973118279569892,0.25591397849462366,0.24274193548387096,0.25161290322580643
3721,929,952,904,936,0.24966406879871003,0.25584520290244556,0.2429454447729105,0.2515452835259339
3722,929,952,904,937,0.24959699086512627,0.2557764642665234,0.24288017195056422,0.2517463729177861
3723,929,952,905,937,0.24952994896588773,0.2557077625570776,0.24308353478377653,0.25167875369325815
3724,929,952,905,938,0.24946294307196562,0.2556390977443609,0.24301825993555318,0.2518796992481203
3725,929,952,905,939,0.2493959731543624,0.2555704697986577,0.24295302013422818,0.2520805369127517
3726,929,953,905,939,0.24932903918411164,0.25577026301663985,0.24288781535158346,0.25201288244766507
3727,930,953,905,939,0.24953045344781324,0.25570163670512475,0.24282264555943117,0.2519452642876308
3728,930,954,905,939,0.2494635193133047,0.25590128755364805,0.24275751072961374,0.2518776824034335
3729,930,954,905,940,0.249396621078037,0.25583266291230894,0.24269241083400375,0.25207830517565033
3730,931,954,905,940,0.24959785522788203,0.25576407506702414,0.24262734584450402,0.2520107238605898
3731,931,954,906,940,0.24953095684803,0.25569552398820694,0.242830340391316,0.25194317877244704
3732,931,954,906,941,0.24946409431939978,0.25562700964630225,0.2427652733118971,0.2521436227224009
3733,931,954,906,942,0.24939726761317974,0.25555853201178674,0.24270024109295474,0.25234395928207876
3734,932,954,906,942,0.2495982860203535,0.25549009105516873,0.24263524370648099,0.2522763792179968
3735,932,954,907,942,0.24953145917001338,0.25542168674698795,0.2428380187416332,0.25220883534136546
3736,933,954,907,942,0.2497323340471092,0.25535331905781583,0.2427730192719486,0.25214132762312635
3737,933,955,907,942,0.24966550709124966,0.25555258228525557,0.24270805458924272,0.2520738560342521
3738,934,955,907,942,0.24986623863028357,0.25548421615837347,0.24264312466559657,0.2520064205457464
3739,935,955,907,942,0.2500668627975394,0.25541588660069536,0.24257822947312116,0.251939021128644
3740,935,955,907,943,0.25,0.2553475935828877,0.24251336898395723,0.2521390374331551
3741,935,955,908,943,0.24993317294840953,0.2552793370756482,0.24271585137663726,0.252071638599305
3742,935,955,908,944,0.2498663816141101,0.25521111704970606,0.2426509887760556,0.25227151256012825
3743,936,955,908,944,0.25006679134384185,0.2551429334758215,0.24258616083355597,0.25220411434678064
3744,936,955,908,945,0.25,0.2550747863247863,0.24252136752136752,0.25240384615384615
3745,937,955,908,945,0.25020026702269693,0.25500667556742324,0.242456608811749,0.2523364485981308
3746,938,955,908,945,0.25040042712226374,0.2549386011745862,0.2423918846769888,0.25226908702616124
3747,938,956,908,945,0.25033360021350415,0.2551374432879637,0.24232719508940487,0.2522017614091273
3748,938,957,908,945,0.2502668089647812,0.25533617929562435,0.24226254002134473,0.2521344717182497
3749,939,957,908,945,0.25046679114430515,0.25526807148572955,0.24219791944518537,0.25206721792477993
3750,939,957,908,946,0.2504,0.2552,0.24213333333333334,0.25226666666666664
3751,939,957,908,947,0.2503332444681418,0.25513196480938416,0.24206878165822449,0.25246600906424954
3752,939,958,908,947,0.2502665245202559,0.2553304904051173,0.2420042643923241,0.2523987206823028
3753,939,958,908,948,0.2501998401278977,0.2552624567013056,0.24193978150812684,0.25259792166266987
3754,940,958,908,948,0.2503995737879595,0.2551944592434736,0.24187533297815664,0.2525306339904102
3755,941,958,908,948,0.25059920106524636,0.2551264980026631,0.24181091877496672,0.25246338215712383
3756,941,959,908,948,0.2505324813631523,0.2553248136315229,0.2417465388711395,0.2523961661341853
3757,941,960,908,948,0.25046579717859996,0.25552302368911367,0.24168219323928666,0.25232898589299974
3758,942,960,908,948,0.2506652474720596,0.25545502927088876,0.24161788185204897,0.2522618414050027
3759,943,960,908,948,0.25086459164671454,0.2553870710295291,0.2415536046820963,0.25219473264166004
3760,943,960,909,948,0.25079787234042555,0.2553191489361702,0.24175531914893617,0.2521276595744681
3761,943,960,910,948,0.2507311885136932,0.2552512629619782,0.24195692634937516,0.25206062217495345
3762,943,961,910,948,0.25066454013822437,0.25544922913343965,0.24189261031366294,0.25199362041467305
3763,943,961,911,948,0.250597927185756,0.2553813446718044,0.24209407387722562,0.25192665426521393
3764,943,961,911,949,0.25053134962805523,0.2553134962805526,0.24202975557917109,0.25212539851222104
3765,944,961,911,949,0.250730411686587,0.2552456839309429,0.24196547144754316,0.25205843293492697
3766,944,961,912,949,0.250663834306957,0.25517790759426445,0.2421667551779076,0.25199150292087097
3767,945,961,912,949,0.25086275550836207,0.255110167241837,0.24210246880807007,0.2519246084417308
3768,945,962,912,949,0.25079617834394907,0.25530785562632696,0.24203821656050956,0.25185774946921446
3769,945,963,912,949,0.25072963650835767,0.25550543910851686,0.2419739984080658,0.2517909259750597
3770,945,964,912,949,0.2506631299734748,0.2557029177718833,0.24190981432360742,0.2517241379310345
3771,945,964,912,950,0.25059665871121717,0.25563511005038453,0.24184566428003182,0.25192256695836646
3772,945,964,913,950,0.25053022269353126,0.25556733828207845,0.24204665959703076,0.2518557794273595
3773,945,964,914,950,0.2504638218923933,0.25549960243837794,0.24224754836999735,0.25178902729923136
3774,945,964,914,951,0.2503974562798092,0.255431902490726,0.24218335983041867,0.2519872813990461
3775,946,964,914,951,0.25059602649006624,0.255364238410596,0.24211920529801326,0.2519205298013245
3776,947,964,914,951,0.2507944915254237,0.2552966101694915,0.2420550847457627,0.251853813559322
3777,947,965,914,951,0.2507280910775748,0.25549377813079166,0.24199099814667727,0.25178713264495634
3778,947,965,915,951,0.2506617257808364,0.2554261514028587,0.24219163578613023,0.2517204870301747
3779,947,965,916,951,0.25059539560730354,0.2553585604657317,0.2423921672400106,0.2516538766869542
3780,947,965,917,951,0.25052910052910055,0.2552910052910053,0.24259259259259258,0.2515873015873016
3781,947,966,917,951,0.25046284051838136,0.2554879661465221,0.24252843163184343,0.2515207617032531
3782,948,966,917,951,0.2506610259122158,0.2554204124801692,0.24246430460074034,0.2514542570068747
3783,948,966,918,951,0.2505947660586836,0.25535289452815224,0.24266455194290246,0.2513877874702617
3784,949,966,918,951,0.25079281183932345,0.25528541226215645,0.24260042283298097,0.2513213530655391
3785,949,966,918,952,0.25072655217965656,0.255217965653897,0.24253632760898283,0.25151915455746365
3786,949,966,919,952,0.25066032752245115,0.2551505546751189,0.2427363972530375,0.2514527205493925
3787,949,966,920,952,0.25059413783997886,0.25508317929759705,0.2429363612358067,0.2513863216266174
3788,949,967,920,952,0.25052798310454066,0.2552798310454065,0.24287222808870115,0.25131995776135163
3789,949,968,920,952,0.2504618632884666,0.2554763789918184,0.242808128793877,0.25125362892583797
3790,950,968,920,952,0.25065963060686014,0.2554089709762533,0.24274406332453827,0.2511873350923483
3791,950,968,921,952,0.2505935109469797,0.2553415985228172,0.24294381429701925,0.25112107623318386
3792,950,968,921,953,0.2505274261603376,0.2552742616033755,0.24287974683544303,0.2513185654008439
3793,950,968,921,954,0.25046137621935144,0.25520696018982336,0.24281571315581335,0.25151595043501185
3794,951,968,921,954,0.2506589351607802,0.2551396942540854,0.24275171323141803,0.2514496573537164
3795,951,968,922,954,0.25059288537549407,0.25507246376811593,0.24295125164690382,0.25138339920948616
3796,951,968,923,954,0.2505268703898841,0.25500526870389884,0.24315068493150685,0.2513171759747102
3797,951,969,923,954,0.2504608901764551,0.25520147484856465,0.24308664735317356,0.2512509876218067
3798,951,969,924,954,0.25039494470774093,0.2551342812006319,0.24328593996840442,0.25118483412322273
3799,951,970,924,954,0.2503290339563043,0.2553303500921295,0.24322190050013162,0.2511187154514346
3800,951,971,924,954,0.25026315789473685,0.25552631578947366,0.2431578947368421,0.25105263157894736
3801,951,971,924,955,0.250197316495659,0.25545908971323333,0.2430939226519337,0.2512496711391739
3802,951,972,924,955,0.25013150973172016,0.2556549184639663,0.2430299842188322,0.2511835875854813
3803,951,973,924,955,0.2500657375755982,0.2558506442282409,0.24296607941099133,0.2511175387851696
3804,951,973,925,955,0.25,0.2557833859095689,0.2431650893796004,0.2510515247108307
3805,952,973,925,955,0.2501971090670171,0.2557161629434954,0.24310118265440211,0.25098554533508544
3806,952,973,926,955,0.2501313715186548,0.25564897530215447,0.24330005254860745,0.2509196006305833
3807,953,973,926,955,0.2503283425269241,0.2555818229577095,0.2432361439453638,0.2508536905700026
3808,953,973,927,955,0.2502626050420168,0.2555147058823529,0.24343487394957983,0.2507878151260504
3809,953,974,927,955,0.25019690207403517,0.2557101601470202,0.24337096350748227,0.2507219742714623
3810,954,974,927,955,0.2503937007874016,0.25564304461942255,0.24330708661417322,0.25065616797900264
3811,954,975,927,955,0.25032799790081345,0.2558383626344791,0.24324324324324326,0.2505903962214642
3812,954,975,928,955,0.2502623294858342,0.25577124868835255,0.24344176285414482,0.2505246589716684
3813,954,976,928,955,0.25019669551534224,0.25596643063204827,0.24337791765014424,0.2504589562024653
3814,954,976,929,955,0.25013109596224437,0.2558993183009963,0.2435762978500262,0.2503932878867331
3815,955,976,929,955,0.2503276539973788,0.2558322411533421,0.2435124508519004,0.2503276539973788
3816,956,976,929,955,0.25052410901467503,0.2557651991614256,0.24344863731656186,0.2502620545073375
3817,956,976,930,955,0.2504584752423369,0.2556981922976159,0.24364684307047418,0.25019648938957295
3818,956,976,931,955,0.250392875851231,0.25563122053431114,0.24384494499738082,0.250130958617077
3819,956,976,931,956,0.2503273108143493,0.2555642838439382,0.24378109452736318,0.2503273108143493
3820,956,977,931,956,0.25026178010471206,0.2557591623036649,0.243717277486911,0.25026178010471206
3821,956,977,932,956,0.2501962836953677,0.2556922271656634,0.24391520544360115,0.2501962836953677
3822,956,977,933,956,0.250130821559393,0.2556253270538985,0.24411302982731553,0.250130821559393
3823,956,977,934,956,0.2500653936698928,0.2555584619408841,0.24431075071933037,0.2500653936698928
3824,956,977,934,957,0.25,0.2554916317991632,0.2442468619246862,0.2502615062761506
3825,956,977,935,957,0.2499346405228758,0.2554248366013072,0.24444444444444444,0.25019607843137254
3826,956,977,935,958,0.24986931521170935,0.25535807631991636,0.24438055410350235,0.25039205436487194
3827,956,977,935,959,0.2498040240397178,0.25529135092761956,0.24431669715181603,0.2505879278808466
3828,956,977,935,960,0.2497387669801463,0.2552246603970742,0.2442528735632184,0.2507836990595611
3829,956,977,935,961,0.24967354400626796,0.25515800470096633,0.2441890833115696,0.25097936798119613
3830,956,978,935,961,0.24960835509138382,0.25535248041775455,0.24412532637075718,0.2509138381201044
3831,957,978,935,961,0.24980422866092403,0.2552858261550509,0.2440616027146959,0.25084834246932913
3832,958,978,935,961,0.25,0.25521920668058456,0.24399791231732776,0.2507828810020877
3833,959,978,935,961,0.2501956691886251,0.25515262196712757,0.24393425515262196,0.25071745369162535
3834,959,978,935,962,0.25013041210224307,0.25508607198748046,0.24387063119457486,0.2509128847157016
3835,960,978,935,962,0.2503259452411995,0.25501955671447196,0.2438070404172099,0.25084745762711863
3836,960,978,935,963,0.2502606882168926,0.25495307612095935,0.2437434827945777,0.2510427528675704
3837,960,979,935,963,0.2501954652071931,0.2551472504560855,0.2436799583007558,0.2509773260359656
3838,960,979,936,963,0.2501302761855133,0.2550807712350182,0.24387701928087546,0.250911933298593
3839,960,979,936,964,0.25006512112529306,0.25501432664756446,0.24381349309716072,0.25110705912998177
3840,960,979,936,965,0.25,0.25494791666666666,0.24375,0.2513020833333333
3841,960,980,936,965,0.2499349127831294,0.25514189013277794,0.24368653996355116,0.25123665712054155
3842,960,980,937,965,0.24986985944820406,0.25507548152004167,0.24388339406559084,0.25117126496616343
3843,960,980,937,966,0.2498048399687744,0.2550091074681239,0.2438199323445225,0.25136612021857924
3844,960,981,937,966,0.2497398543184183,0.2552029136316337,0.24375650364203955,0.2513007284079084
3845,960,981,937,967,0.24967490247074123,0.25513654096228866,0.24369310793237972,0.2514954486345904
3846,960,981,938,967,0.24960998439937598,0.2550702028081123,0.2438897555902236,0.2514300572022881
3847,961,981,938,967,0.24980504289056407,0.25500389914218874,0.24382635820119575,0.25136469976605147
3848,961,981,939,967,0.24974012474012475,0.2549376299376299,0.24402286902286902,0.2512993762993763
3849,961,981,939,968,0.2496752403221616,0.254871395167576,0.24395946999220577,0.25149389451805665
3850,961,982,939,968,0.24961038961038962,0.25506493506493505,0.2438961038961039,0.25142857142857145
3851,961,982,939,969,0.24954557257855103,0.25499870163593874,0.24383277070890677,0.2516229550766035
3852,962,982,939,969,0.2497403946002077,0.254932502596054,0.24376947040498442,0.2515576323987539
3853,963,982,939,969,0.24993511549441993,0.25486633791850505,0.24370620295873346,0.25149234362834155
3854,963,983,939,969,0.2498702646600934,0.25505967825635706,0.24364296834457708,0.2514270887389725
3855,963,983,940,969,0.24980544747081712,0.2549935149156939,0.2438391699092088,0.25136186770428015
3856,964,983,940,969,0.25,0.25492738589211617,0.2437759336099585,0.2512966804979253
3857,964,983,941,969,0.24993518278454757,0.2548612911589318,0.24397199896292454,0.2512315270935961
3858,965,983,941,969,0.2501296008294453,0.2547952306894764,0.2439087610160705,0.2511664074650078
3859,965,984,941,969,0.2500647836227002,0.25498833894791395,0.24384555584348278,0.2511013215859031
3860,966,984,941,969,0.25025906735751297,0.2549222797927461,0.2437823834196891,0.2510362694300518
3861,966,984,941,970,0.2501942501942502,0.25485625485625485,0.24371924371924372,0.2512302512302512
3862,967,984,941,970,0.25038839979285343,0.2547902641118591,0.2436561367167271,0.25116519937856036
3863,967,984,942,970,0.2503235827077401,0.25472430753300546,0.24385192855293814,0.25110018120631633
3864,967,985,942,970,0.2502587991718426,0.25491718426501037,0.24378881987577639,0.2510351966873706
3865,967,985,943,970,0.2501940491591203,0.25485122897800777,0.24398447606727036,0.25097024579560157
3866,967,986,943,970,0.25012933264355924,0.25504397309881016,0.24392136575271597,0.25090532850491465
3867,967,986,943,971,0.25006464959917246,0.2549780191362814,0.2438582880786139,0.25109904318593224
3868,967,986,943,972,0.25,0.2549120992761117,0.2437952430196484,0.2512926577042399
3869,968,986,943,972,0.25019384853967436,0.2548462134918584,0.24373223055052987,0.25122770741793743
3870,968,987,943,972,0.2501291989664083,0.25503875968992246,0.24366925064599484,0.25116279069767444
3871,968,987,944,972,0.2500645827951434,0.2549728752260398,0.2438646344613795,0.2510979075174374
3872,968,988,944,972,0.25,0.25516528925619836,0.24380165289256198,0.2510330578512397
3873,968,988,945,972,0.24993545055512523,0.2550994061451072,0.243996901626646,0.2509682416731216
3874,968,989,945,972,0.24987093443469283,0.25529168817759423,0.24393391843056272,0.2509034589571502
3875,968,990,945,972,0.2498064516129032,0.25548387096774194,0.24387096774193548,0.25083870967741934
3876,969,990,945,972,0.25,0.25541795665634676,0.24380804953560373,0.25077399380804954
3877,969,990,945,973,0.24993551715243745,0.2553520763476915,0.24374516378643282,0.25096724271343823
3878,969,990,945,974,0.24987106756059824,0.2552862300154719,0.24368231046931407,0.25116039195461576
3879,970,990,945,974,0.25006444960041246,0.2552204176334107,0.24361948955916474,0.2510956432070121
3880,971,990,945,974,0.2502577319587629,0.2551546391752577,0.24355670103092783,0.25103092783505154
3881,971,990,945,975,0.25019324916258695,0.25508889461479,0.24349394485957226,0.2512239113630508
3882,971,991,945,975,0.25012879958784134,0.2552807831014941,0.24343122102009274,0.2511591962905719
3883,971,991,946,975,0.25006438320885915,0.2552150399175895,0.24362606232294617,0.2510945145506052
3884,972,991,946,975,0.25025746652935116,0.25514933058702366,0.24356333676622038,0.25102986611740474
3885,972,991,946,976,0.2501930501930502,0.2550836550836551,0.2435006435006435,0.25122265122265125
3886,972,992,946,976,0.2501286670097787,0.2552753474009264,0.24343798250128668,0.25115800308800823
3887,972,992,946,977,0.25006431695394904,0.2552096732698739,0.24337535374324673,0.2513506560329303
3888,972,992,946,978,0.25,0.2551440329218107,0.24331275720164608,0.2515432098765432
3889,973,992,946,978,0.25019285163281046,0.2550784263306763,0.24325019285163282,0.25147852918488045
3890,974,992,946,978,0.25038560411311056,0.255012853470437,0.24318766066838046,0.251413881748072
3891,974,992,946,979,0.2503212541763043,0.2549473143150861,0.24312516062708817,0.25160627088152143
3892,975,992,946,979,0.250513874614594,0.25488180883864336,0.24306269270298048,0.2515416238437821
3893,975,993,946,979,0.2504495247880812,0.25507320832263036,0.24300025687130747,0.251477010017981
3894,975,993,947,979,0.25038520801232667,0.25500770416024654,0.24319465844889573,0.2514124293785311
3895,976,993,947,979,0.2505776636713736,0.25494223363286267,0.24313222079589217,0.2513478818998716
3896,976,994,947,979,0.25051334702258726,0.2551334702258727,0.24306981519507187,0.2512833675564682
3897,976,995,947,979,0.2504490633820888,0.25532460867333845,0.24300744162176033,0.2512188863228124
3898,977,995,947,979,0.2506413545407902,0.2552591072344792,0.24294510005130837,0.25115443817342226
3899,977,995,947,980,0.2505770710438574,0.2551936393947166,0.24288279045909208,0.2513464991023339
3900,977,995,947,981,0.25051282051282053,0.2551282051282051,0.2428205128205128,0.25153846153846154
3901,977,996,947,981,0.2504486029223276,0.2553191489361702,0.24275826711099718,0.251473981030505
3902,977,996,947,982,0.2503844182470528,0.25525371604305486,0.24269605330599692,0.25166581240389546
3903,977,996,947,983,0.25032026646169614,0.25518831667947733,0.242633871380989,0.25185754547783756
3904,977,996,947,984,0.25025614754098363,0.2551229508196721,0.24257172131147542,0.2520491803278688
3905,977,996,947,985,0.2501920614596671,0.25505761843790015,0.24250960307298336,0.25224071702944945
3906,977,996,948,985,0.25012800819252434,0.25499231950844853,0.24270353302611367,0.2521761392729135
3907,977,996,949,985,0.25006398771435884,0.2549270540056309,0.2428973637061684,0.2521115945738418
3908,977,996,949,986,0.25,0.2548618219037871,0.24283520982599796,0.2523029682702149
3909,977,996,949,987,0.2499360450243029,0.2547966231772832,0.24277308774622666,0.25249424405218723
3910,978,996,949,987,0.2501278772378517,0.2547314578005115,0.24271099744245525,0.2524296675191816
3911,978,997,949,987,0.25006392227051905,0.25492201482996674,0.2426489388903094,0.2523651240092048
3912,979,997,949,987,0.25025562372188137,0.25485685071574643,0.24258691206543967,0.2523006134969325
3913,979,997,949,988,0.25019166879631993,0.254791719907999,0.2425249169435216,0.25249169435215946
3914,980,997,949,988,0.2503832396525294,0.2547266223811957,0.24246295350025548,0.2524271844660194
3915,980,998,949,988,0.2503192848020434,0.2549169859514687,0.24240102171136654,0.25236270753512136
3916,980,999,949,988,0.25025536261491316,0.25510725229826353,0.2423391215526047,0.2522982635342186
3917,980,999,950,988,0.25019147306612205,0.25504212407454685,0.24253255042124075,0.2522338524380904
3918,980,999,950,989,0.2501276161306789,0.2549770290964778,0.24247064828994386,0.25242470648289944
3919,980,1000,950,989,0.25006379178361826,0.25516713447307987,0.24240877774942587,0.252360295993876
3920,980,1001,950,989,0.25,0.25535714285714284,0.2423469387755102,0.25229591836734694
3921,980,1001,951,989,0.24993624075490947,0.25529201734251467,0.24254016832440703,0.25223157357816883
3922,980,1001,951,990,0.24987251402345742,0.2552269250382458,0.24247832738398775,0.25242223355430904
3923,980,1002,951,990,0.24980881978078,0.25541677287789954,0.2424165179709406,0.2523578893703798
3924,981,1002,951,990,0.25,0.25535168195718655,0.2423547400611621,0.25229357798165136
3925,981,1002,952,990,0.24993630573248407,0.25528662420382164,0.24254777070063693,0.2522292993630573
3926,981,1002,952,991,0.249872643912379,0.25522159959246055,0.24248599083036168,0.2524197656647988
3927,981,1003,952,991,0.24980901451489687,0.2554112554112554,0.24242424242424243,0.2523554876496053
3928,981,1004,952,991,0.24974541751527496,0.2556008146639511,0.24236252545824846,0.2522912423625255
3929,981,1004,952,992,0.24968185288877576,0.2555357597353016,0.24230083990837364,0.252481547467549
3930,981,1004,952,993,0.24961832061068703,0.255470737913486,0.24223918575063613,0.25267175572519085
3931,982,1004,952,993,0.24980920885270924,0.2554057491732384,0.24217756296107862,0.2526074790129738
3932,982,1004,953,993,0.24974567650050863,0.25534079348931843,0.24237029501525942,0.25254323499491355
3933,982,1004,953,994,0.24968217645563184,0.25527587083651154,0.24230867022629035,0.25273328248156623
3934,983,1004,953,994,0.24987290289781394,0.25521098118962887,0.24224707676664972,0.2526690391459075
3935,983,1004,953,995,0.24980940279542566,0.255146124523507,0.24218551461245236,0.25285895806861497
3936,983,1004,953,996,0.2497459349593496,0.2550813008130081,0.2421239837398374,0.2530487804878049
3937,983,1005,953,996,0.24968249936499873,0.25527051054102107,0.24206248412496825,0.25298450596901195
3938,983,1005,954,996,0.24961909598781107,0.255205688166582,0.24225495175215844,0.2529202640934485
3939,984,1005,954,996,0.24980959634424982,0.25514089870525514,0.2421934501142422,0.25285605483625284
3940,984,1005,955,996,0.24974619289340103,0.2550761421319797,0.24238578680203046,0.25279187817258886
3941,984,1006,955,996,0.24968282161887845,0.2552651611266176,0.24232428317685867,0.25272773407764526
3942,984,1007,955,996,0.2496194824961948,0.2554540842212075,0.24226281075596143,0.2526636225266362
3943,985,1007,955,996,0.2498097895003804,0.2553892974892214,0.24220136951559726,0.2525995434948009
3944,985,1008,955,996,0.24974645030425963,0.25557809330628806,0.2421399594320487,0.2525354969574036
3945,986,1008,955,996,0.24993662864385296,0.2555133079847909,0.2420785804816223,0.25247148288973387
3946,986,1008,956,996,0.24987328940699444,0.2554485554992397,0.2422706538266599,0.2524075012671059
3947,987,1008,956,996,0.2500633392449962,0.255383835824677,0.24220927286546745,0.25234355206485937
3948,987,1008,956,997,0.25,0.2553191489361702,0.24214792299898683,0.25253292806484295
3949,987,1008,957,997,0.24993669283362877,0.25525449480881235,0.24233983286908078,0.2524689794884781
3950,987,1008,958,997,0.249873417721519,0.25518987341772154,0.24253164556962026,0.25240506329113926
3951,987,1008,959,997,0.2498101746393318,0.255125284738041,0.24272336117438623,0.25234117944824097
3952,987,1008,960,997,0.24974696356275303,0.2550607287449393,0.242914979757085,0.2522773279352227
3953,988,1008,960,997,0.24993675689349862,0.2549962054136099,0.2428535289653428,0.2522135087275487
3954,989,1008,960,997,0.25012645422357105,0.2549317147192716,0.24279210925644917,0.25214972180070816
3955,989,1008,961,997,0.250063211125158,0.25486725663716814,0.24298356510745892,0.2520859671302149
3956,989,1008,962,997,0.25,0.25480283114256824,0.24317492416582406,0.25202224469160767
3957,989,1008,962,998,0.24993682082385646,0.25473843821076575,0.2431134698003538,0.252211271165024
3958,989,1008,963,998,0.24987367357251136,0.25467407781707935,0.2433046993431026,0.2521475492673067
3959,990,1008,963,998,0.2500631472594089,0.25460974993685276,0.24324324324324326,0.25208385956049506
3960,990,1008,964,998,0.25,0.2545454545454545,0.24343434343434345,0.25202020202020203
3961,990,1008,964,999,0.24993688462509467,0.2544811916182782,0.24337288563494067,0.25220903812168644
3962,990,1009,964,999,0.24987380111055021,0.2546693589096416,0.24331145885916203,0.25214538112064616
3963,990,1010,964,999,0.2498107494322483,0.2548574312389604,0.2432500630835226,0.25208175624526874
3964,990,1010,964,1000,0.24974772956609487,0.2547931382441978,0.24318869828456105,0.2522704339051463
3965,990,1010,964,1001,0.24968474148802017,0.2547288776796974,0.24312736443883984,0.25245901639344265
3966,990,1010,964,1002,0.24962178517397882,0.2546646495209279,0.24306606152294502,0.2526475037821483
3967,990,1010,964,1003,0.24955886059994958,0.2546004537433829,0.24300478951348625,0.25283589614318125
3968,990,1010,964,1004,0.24949596774193547,0.2545362903225806,0.24294354838709678,0.2530241935483871
3969,990,1010,965,1004,0.2494331065759637,0.254472159234064,0.24313429075333837,0.25296044343663393
3970,991,1010,965,1004,0.24962216624685138,0.25440806045340053,0.24307304785894207,0.25289672544080605
3971,991,1010,966,1004,0.249559304960967,0.25434399395618235,0.24326366154621,0.25283303953664066
3972,991,1010,966,1005,0.24949647532729105,0.2542799597180262,0.243202416918429,0.25302114803625375
3973,991,1011,966,1005,0.24943367732192298,0.2544676566826076,0.2431412031210672,0.25295746287440224
3974,991,1012,966,1005,0.2493709109209864,0.25465525918470056,0.24308002013085053,0.2528938097634625
3975,992,1012,966,1005,0.24955974842767295,0.2545911949685535,0.24301886792452831,0.2528301886792453
3976,992,1013,966,1005,0.24949698189134809,0.2547786720321932,0.24295774647887325,0.2527665995975855
3977,992,1013,966,1006,0.2494342469197888,0.25471460900176013,0.24289665577068142,0.2529544883077697
3978,992,1013,966,1007,0.24937154348919055,0.25465057817998993,0.24283559577677225,0.25314228255404725
3979,992,1013,966,1008,0.2493088715757728,0.25458657954259867,0.24277456647398843,0.2533299824076401
3980,993,1013,966,1008,0.24949748743718592,0.25452261306532664,0.24271356783919598,0.25326633165829143
3981,993,1013,967,1008,0.24943481537302187,0.25445867872393874,0.24290379301682993,0.2532027128862095
3982,993,1013,967,1009,0.24937217478653942,0.254394776494224,0.24284279256654948,0.25339025615268707
3983,993,1014,967,1009,0.24930956565402962,0.2545819733868943,0.24278182274667337,0.2533266382124027
3984,994,1014,967,1009,0.24949799196787148,0.2545180722891566,0.24272088353413654,0.2532630522088353
3985,994,1015,967,1009,0.249435382685069,0.2547051442910916,0.2426599749058971,0.2531994981179423
3986,994,1015,968,1009,0.249372804816859,0.2546412443552434,0.24284997491219268,0.25313597591570497
3987,995,1015,968,1009,0.24956107348883871,0.254577376473539,0.24278906445949336,0.2530724855781289
3988,996,1015,968,1009,0.24974924774322968,0.2545135406218656,0.242728184553661,0.25300902708124373
3989,997,1015,968,1009,0.24993732765104035,0.25444973677613436,0.24266733517172223,0.25294560040110303
3990,997,1015,968,1010,0.24987468671679197,0.2543859649122807,0.24260651629072683,0.2531328320802005
3991,997,1015,969,1010,0.24981207717364068,0.2543222250062641,0.24279629165622651,0.2530694061638687
3992,998,1015,969,1010,0.25,0.25425851703406815,0.24273547094188377,0.2530060120240481
3993,999,1015,969,1010,0.2501878287002254,0.2541948409717005,0.24267468069120962,0.2529426496368645
3994,999,1015,969,1011,0.25012518778167253,0.2541311967951928,0.24261392088132197,0.2531296945418127
3995,1000,1015,969,1011,0.2503128911138924,0.25406758448060074,0.2425531914893617,0.25306633291614516
3996,1000,1015,969,1012,0.2502502502502503,0.254004004004004,0.2424924924924925,0.25325325325325326
3997,1000,1016,969,1012,0.2501876407305479,0.2541906429822367,0.24243182386790094,0.2531898924193145
3998,1001,1016,969,1012,0.2503751875937969,0.2541270635317659,0.2423711855927964,0.2531265632816408
3999,1001,1016,969,1013,0.2503125781445361,0.25406351587896975,0.2423105776444111,0.25331332833208303
4000,1001,1016,970,1013,0.25025,0.254,0.2425,0.25325
4001,1001,1017,970,1013,0.2501874531367158,0.25418645338665335,0.24243939015246188,0.253186703324169
4002,1001,1017,971,1013,0.2501249375312344,0.25412293853073464,0.2426286856571714,0.2531234382808596
4003,1001,1017,972,1013,0.2500624531601299,0.25405945540844366,0.2428178865850612,0.2530602048463652
4004,1001,1017,972,1014,0.25,0.25399600399600397,0.24275724275724275,0.2532467532467532
4005,1001,1018,972,1014,0.24993757802746566,0.25418227215980027,0.24269662921348314,0.2531835205992509
4006,1001,1018,972,1015,0.24987518721917124,0.25411882176734896,0.24263604593110336,0.2533699450823764
4007,1001,1018,972,1016,0.24981282755178438,0.25405540304467183,0.24257549288744698,0.25355627651609686
4008,1002,1018,972,1016,0.25,0.25399201596806387,0.24251497005988024,0.25349301397205587
4009,1002,1018,973,1016,0.24993764030930407,0.25392866051384383,0.2427039161885757,0.2534297829882764
4010,1003,1018,973,1016,0.25012468827930173,0.2538653366583541,0.24264339152119702,0.2533665835411471
4011,1003,1019,973,1016,0.25006232859636,0.2540513587634006,0.2425828970331588,0.25330341560708053
4012,1003,1019,973,1017,0.25,0.25398803589232305,0.24252243270189433,0.2534895314057827
4013,1003,1019,974,1017,0.2499377024669823,0.2539247445801146,0.24271118863692998,0.2534263643159731
4014,1004,1019,974,1017,0.2501245640259093,0.2538614848031888,0.24265072247135028,0.2533632286995516
4015,1004,1019,975,1017,0.2500622665006227,0.25379825653798255,0.24283935242839352,0.25330012453300127
4016,1004,1019,975,1018,0.25,0.25373505976095617,0.2427788844621514,0.2534860557768924
4017,1004,1019,976,1018,0.2499377645008713,0.2536718944485935,0.24296738859845657,0.2534229524520787
4018,1004,1019,977,1018,0.2498755599800896,0.25360876057740167,0.24315579890492783,0.2533598805375809
4019,1004,1019,978,1018,0.249813386414531,0.25354565812391144,0.24334411545160486,0.25329684000995273
4020,1004,1020,978,1018,0.24975124378109453,0.2537313432835821,0.24328358208955222,0.25323383084577117
4021,1004,1021,978,1018,0.24968913205670232,0.2539169360855509,0.2432230788361104,0.2531708530216364
4022,1004,1021,979,1018,0.24962705121829937,0.25385380407757335,0.24341123818995525,0.25310790651417203
4023,1004,1022,979,1018,0.24956500124285358,0.25403927417350236,0.2433507332836192,0.25304499130002484
4024,1004,1022,980,1018,0.24950298210735586,0.2539761431411531,0.24353876739562624,0.2529821073558648
4025,1004,1023,980,1018,0.24944099378881987,0.2541614906832298,0.24347826086956523,0.2529192546583851
4026,1004,1023,981,1018,0.24937903626428218,0.2540983606557377,0.2436661698956781,0.252856433184302
4027,1004,1023,982,1018,0.24931710951080208,0.254035261981624,0.24385398559721877,0.2527936429103551
4028,1004,1024,982,1018,0.24925521350546176,0.2542204568023833,0.24379344587884808,0.25273088381330683
4029,1004,1024,982,1019,0.2491933482253661,0.25415735914619014,0.24373293621245967,0.2529163564159841
4030,1005,1024,982,1019,0.24937965260545905,0.2540942928039702,0.24367245657568237,0.2528535980148883
4031,1005,1025,982,1019,0.24931778714959069,0.2542793351525676,0.2436120069461672,0.2527908707516745
4032,1006,1025,982,1019,0.24950396825396826,0.2542162698412698,0.2435515873015873,0.2527281746031746
4033,1006,1025,983,1019,0.24944210265311184,0.25415323580461197,0.24373915199603274,0.2526655095462435
4034,1006,1026,983,1019,0.24938026772434307,0.2543381259295984,0.24367873078829946,0.25260287555775907
4035,1006,1026,983,1020,0.2493184634448575,0.25427509293680295,0.2436183395291202,0.2527881040892193
4036,1006,1026,984,1020,0.24925668979187315,0.25421209117938554,0.24380574826560952,0.2527254707631318
4037,1007,1026,984,1020,0.24944265543720584,0.25414912063413425,0.2437453554619767,0.2526628684666832
4038,1008,1026,984,1020,0.24962852897473997,0.2540861812778603,0.2436849925705795,0.2526002971768202
4039,1008,1026,985,1020,0.24956672443674177,0.25402327308739786,0.24387224560534787,0.2525377568705125
4040,1008,1026,985,1021,0.2495049504950495,0.25396039603960396,0.2438118811881188,0.2527227722772277
4041,1009,1026,985,1021,0.24969067062608266,0.25389755011135856,0.2437515466468696,0.2526602326156892
4042,1009,1026,986,1021,0.24962889658584858,0.25383473527956457,0.24393864423552697,0.2525977238990599
4043,1009,1026,986,1022,0.2495671531041306,0.2537719515211477,0.24387830818698986,0.2527825871877319
4044,1009,1026,986,1023,0.24950544015825915,0.25370919881305637,0.24381800197823936,0.2529673590504451
4045,1009,1027,986,1023,0.24944375772558713,0.25389369592089,0.24375772558714462,0.25290482076637827
4046,1009,1027,987,1023,0.24938210578348988,0.25383094414236285,0.24394463667820068,0.2528423133959466
4047,1010,1027,987,1023,0.24956758092414133,0.2537682233753398,0.24388435878428466,0.25277983691623424
4048,1011,1027,987,1023,0.24975296442687747,0.25370553359683795,0.24382411067193677,0.25271739130434784
4049,1012,1027,987,1023,0.24993825635959496,0.25364287478389724,0.24376389231909112,0.25265497653741664
4050,1012,1027,988,1023,0.24987654320987654,0.2535802469135802,0.24395061728395062,0.2525925925925926
4051,1013,1027,988,1023,0.2500617131572451,0.2535176499629721,0.24389039743273266,0.2525302394470501
4052,1014,1027,988,1023,0.2502467917077986,0.25345508390918065,0.24383020730503455,0.25246791707798616
4053,1014,1028,988,1023,0.25018504811250925,0.2536392795460153,0.24377004687885517,0.2524056254626203
4054,1014,1028,989,1023,0.2501233349777997,0.2535767143561914,0.2439565860878145,0.2523433645781944
4055,1014,1028,989,1024,0.2500616522811344,0.2535141800246609,0.2438964241676942,0.2525277435265105
4056,1015,1028,989,1024,0.2502465483234714,0.2534516765285996,0.243836291913215,0.252465483234714
4057,1015,1028,989,1025,0.25018486566428394,0.2533892038452058,0.24377618930244022,0.25264974118807
4058,1016,1028,989,1025,0.2503696402168556,0.25332676195170034,0.2437161163134549,0.25258748151798915
4059,1017,1028,989,1025,0.25055432372505543,0.25326435082532645,0.2436560729243656,0.25252525252525254
4060,1017,1028,989,1026,0.2504926108374384,0.25320197044334974,0.24359605911330048,0.25270935960591134
4061,1017,1029,989,1026,0.2504309283427727,0.2533858655503571,0.24353607485840925,0.25264713124846094
4062,1017,1029,990,1026,0.25036927621861155,0.2533234859675037,0.24372230428360414,0.25258493353028066
4063,1018,1029,990,1026,0.25055377799655426,0.2532611370908196,0.2436623184838789,0.2525227664287472
4064,1018,1029,991,1026,0.25049212598425197,0.2531988188976378,0.2438484251968504,0.25246062992125984
4065,1018,1030,991,1026,0.25043050430504304,0.25338253382533826,0.24378843788437884,0.2523985239852399
4066,1018,1030,991,1027,0.25036891293654695,0.2533202164289228,0.24372848007870143,0.2525823905558288
4067,1019,1030,991,1027,0.2505532333415294,0.25325792967789523,0.24366855175805263,0.25252028522252273
4068,1019,1030,992,1027,0.2504916420845624,0.25319567354965583,0.24385447394296952,0.2524582104228122
4069,1019,1030,992,1028,0.2504300811010076,0.25313344802162696,0.24379454411403292,0.2526419267633325
4070,1020,1030,992,1028,0.25061425061425063,0.25307125307125306,0.24373464373464374,0.2525798525798526
4071,1020,1030,993,1028,0.2505526897568165,0.25300908867600097,0.24392041267501843,0.2525178088921641
4072,1020,1030,993,1029,0.2504911591355599,0.25294695481335955,0.24386051080550097,0.25270137524557956
4073,1021,1030,993,1029,0.2506751780014731,0.25288485146083967,0.24380063835011048,0.2526393321875767
4074,1022,1030,993,1029,0.2508591065292096,0.25282277859597446,0.24374079528718703,0.25257731958762886
4075,1022,1030,994,1029,0.25079754601226995,0.252760736196319,0.24392638036809816,0.2525153374233129
4076,1022,1030,995,1029,0.2507360157016683,0.25269872423945045,0.24411187438665358,0.2524533856722277
4077,1022,1031,995,1029,0.25067451557517784,0.25288202109394164,0.24405199901888644,0.2523914643119941
4078,1023,1031,995,1029,0.2508582638548308,0.25282000980872976,0.2439921530161844,0.252329573320255
4079,1023,1031,996,1029,0.2507967639127237,0.252758028928659,0.24417749448394213,0.2522677126746752
4080,1023,1031,996,1030,0.25073529411764706,0.25269607843137254,0.24411764705882352,0.25245098039215685
4081,1024,1031,996,1030,0.2509188924283264,0.25263415829453567,0.24405782896348935,0.25238912031364863
4082,1024,1032,996,1030,0.2508574228319451,0.2528172464478197,0.24399804017638413,0.25232729054385106
4083,1024,1032,996,1031,0.25079598334557923,0.25275532696546654,0.24393828067597356,0.25251040901298066
4084,1024,1032,997,1031,0.2507345739471107,0.25269343780607245,0.24412340842311459,0.2524485798237023
4085,1024,1032,998,1031,0.2506731946144431,0.25263157894736843,0.24430844553243575,0.25238678090575273
4086,1025,1032,998,1031,0.2508565834557024,0.2525697503671072,0.2442486539402839,0.2523250122369065
4087,1025,1032,999,1031,0.25079520430633717,0.25250795204306337,0.24443356985563983,0.2522632737949596
4088,1025,1032,999,1032,0.25073385518590996,0.25244618395303325,0.24437377690802348,0.25244618395303325
4089,1026,1032,999,1032,0.2509170946441673,0.2523844460748349,0.2443140132061629,0.2523844460748349
4090,1026,1032,1000,1032,0.2508557457212714,0.2523227383863081,0.24449877750611246,0.2523227383863081
4091,1026,1032,1001,1032,0.2507944267905158,0.2522610608653141,0.24468345147885603,0.2522610608653141
4092,1026,1033,1001,1032,0.250733137829912,0.2524437927663734,0.2446236559139785,0.25219941348973607
4093,1026,1033,1002,1032,0.25067187881749325,0.25238211580747616,0.2448082091375519,0.2521377962374786
4094,1026,1033,1003,1032,0.25061064973131414,0.25232046897899363,0.24499267220322424,0.252076209086468
4095,1026,1033,1004,1032,0.25054945054945055,0.25225885225885225,0.24517704517704517,0.252014652014652
4096,1026,1034,1004,1032,0.25048828125,0.25244140625,0.2451171875,0.251953125
4097,1027,1034,1004,1032,0.25067122284598486,0.25237979009031,0.24505735904320233,0.2518916280205028
4098,1027,1034,1004,1033,0.2506100536847243,0.25231820400195215,0.2449975597852611,0.25207418252806246
4099,1028,1034,1004,1033,0.25079287631129543,0.2522566479629178,0.24493778970480606,0.2520126860209807
4100,1029,1034,1004,1033,0.25097560975609756,0.2521951219512195,0.2448780487804878,0.2519512195121951
4101,1029,1034,1005,1033,0.25091441111923923,0.25213362594489147,0.24506217995610827,0.25188978297976106
4102,1030,1034,1005,1033,0.25109702584105315,0.2520721599219893,0.24500243783520234,0.25182837640175526
4103,1030,1034,1006,1033,0.25103582744333414,0.2520107238605898,0.24518644893980016,0.2517669997562759
4104,1030,1034,1007,1033,0.25097465886939574,0.2519493177387914,0.24537037037037038,0.2517056530214425
4105,1031,1034,1007,1033,0.25115712545676006,0.2518879415347138,0.24531059683313033,0.25164433617539583
4106,1031,1034,1007,1034,0.25109595713589866,0.2518265952264978,0.2452508524111057,0.2518265952264978
4107,1031,1035,1007,1034,0.2510348186023862,0.252008765522279,0.24519113708302898,0.2517652787923058
4108,1031,1035,1007,1035,0.2509737098344693,0.25194741966893863,0.24513145082765336,0.25194741966893863
4109,1031,1035,1007,1036,0.25091263081041615,0.2518861036748601,0.24507179362375273,0.252129471890971
4110,1031,1035,1008,1036,0.25085158150851583,0.2518248175182482,0.24525547445255474,0.2520681265206813
4111,1031,1035,1008,1037,0.25079056190707855,0.2517635611773291,0.24519581610313793,0.2522500608124544
4112,1032,1035,1008,1037,0.2509727626459144,0.2517023346303502,0.245136186770428,0.2521887159533074
4113,1032,1035,1008,1038,0.25091174325309995,0.25164113785557984,0.24507658643326038,0.2523705324580598
4114,1032,1036,1008,1038,0.25085075352455033,0.25182304326689353,0.245017015070491,0.25230918813806513
4115,1032,1036,1008,1039,0.2507897934386391,0.2517618469015796,0.24495747266099635,0.2524908869987849
4116,1032,1036,1008,1040,0.25072886297376096,0.25170068027210885,0.24489795918367346,0.25267249757045673
4117,1032,1036,1008,1041,0.2506679621083313,0.2516395433568132,0.24483847461743988,0.2528540199174156
4118,1032,1036,1009,1041,0.2506070908207868,0.2515784361340457,0.2450218552695483,0.25279261777561923
4119,1032,1036,1010,1041,0.25054624908958484,0.25151735858218016,0.24520514688031075,0.25273124544792425
4120,1032,1036,1011,1041,0.2504854368932039,0.25145631067961166,0.24538834951456312,0.25266990291262137
4121,1032,1036,1011,1042,0.25042465421014315,0.2513952924047561,0.24532880368842513,0.25285124969667555
4122,1033,1036,1011,1042,0.25060650169820475,0.2513343037360505,0.24526928675400292,0.2527899078117419
4123,1033,1036,1012,1042,0.25054571913655105,0.25127334465195245,0.2454523405287412,0.2527285956827553
4124,1034,1036,1012,1042,0.2507274490785645,0.25121241513094084,0.24539282250242483,0.25266731328806985
4125,1034,1037,1012,1042,0.25066666666666665,0.2513939393939394,0.24533333333333332,0.2526060606060606
4126,1034,1038,1012,1042,0.2506059137178866,0.25157537566650506,0.24527387300048473,0.2525448376151236
4127,1035,1038,1012,1042,0.2507874969711655,0.25151441725224133,0.24521444148291738,0.2524836442936758
4128,1035,1038,1013,1042,0.2507267441860465,0.251453488372093,0.24539728682170542,0.25242248062015504
4129,1035,1038,1013,1043,0.2506660208282877,0.2513925890046016,0.24533785420198595,0.25260353596512475
4130,1035,1039,1013,1043,0.2506053268765133,0.2515738498789346,0.24527845036319612,0.25254237288135595
4131,1035,1039,1013,1044,0.25054466230936817,0.2515129508593561,0.24521907528443476,0.25272331154684097
4132,1036,1039,1013,1044,0.25072604065827686,0.2514520813165537,0.2451597289448209,0.2526621490803485
4133,1036,1039,1014,1044,0.25066537624001933,0.25139124122913137,0.2453423663198645,0.25260101621098474
4134,1036,1040,1014,1044,0.2506047411707789,0.25157232704402516,0.24528301886792453,0.2525399129172714
4135,1036,1041,1014,1044,0.2505441354292624,0.25175332527206773,0.24522370012091899,0.2524788391777509
4136,1036,1041,1014,1045,0.2504835589941973,0.2516924564796905,0.24516441005802708,0.2526595744680851
4137,1037,1041,1014,1045,0.25066473289823543,0.2516316171138506,0.24510514865844815,0.2525985013294658
4138,1038,1041,1014,1045,0.2508458192363461,0.2515708071532141,0.24504591590140165,0.2525374577090382
4139,1038,1042,1014,1045,0.2507852138197632,0.2517516308287026,0.24498671176612707,0.2524764435854071
4140,1039,1042,1014,1045,0.2509661835748792,0.25169082125603864,0.24492753623188407,0.2524154589371981
4141,1039,1042,1014,1046,0.2509055783627143,0.2516300410528858,0.24486838927795218,0.2525959913064477
4142,1040,1042,1014,1046,0.2510864316755191,0.251569290197972,0.2448092708836311,0.25253500724287786
4143,1040,1042,1015,1046,0.25102582669563117,0.25150856867004584,0.24499155201544776,0.25247405261887523
4144,1040,1042,1016,1046,0.25096525096525096,0.2514478764478765,0.24517374517374518,0.25241312741312744
4145,1041,1042,1016,1046,0.251145958986731,0.25138721351025334,0.2451145958986731,0.25235223160434256
4146,1042,1042,1016,1046,0.2513265798359865,0.2513265798359865,0.2450554751567776,0.2522913651712494
4147,1042,1043,1016,1046,0.25126597540390644,0.2515071135760791,0.2449963829274174,0.25223052809259705
4148,1043,1043,1016,1046,0.25144648023143684,0.25144648023143684,0.24493731918997108,0.25216972034715524
4149,1043,1043,1017,1046,0.25138587611472646,0.25138587611472646,0.24511930585683298,0.25210894191371414
4150,1043,1043,1017,1047,0.2513253012048193,0.2513253012048193,0.24506024096385542,0.25228915662650603
4151,1043,1043,1018,1047,0.25126475548060706,0.25126475548060706,0.24524211033485907,0.2522283787039268
4152,1043,1043,1019,1047,0.2512042389210019,0.2512042389210019,0.2454238921001927,0.25216763005780346
4153,1043,1043,1019,1048,0.2511437515049362,0.2511437515049362,0.24536479653262702,0.2523477004575006
4154,1043,1044,1019,1048,0.2510832932113625,0.2513240250361098,0.24530572941742898,0.2522869523350987
4155,1043,1045,1019,1048,0.2510228640192539,0.25150421179302046,0.24524669073405536,0.2522262334536703
4156,1043,1046,1019,1048,0.25096246390760346,0.2516843118383061,0.24518768046198267,0.2521655437921078
4157,1043,1047,1019,1048,0.2509020928554246,0.25186432523454416,0.24512869858070724,0.252104883329324
4158,1043,1047,1020,1048,0.25084175084175087,0.2518037518037518,0.2453102453102453,0.25204425204425207
4159,1043,1047,1020,1049,0.25078143784563595,0.25174320750180335,0.24525126232267372,0.252224092329887
4160,1043,1047,1021,1049,0.25072115384615384,0.2516826923076923,0.2454326923076923,0.25216346153846153
4161,1043,1047,1021,1050,0.25066089882239845,0.2516222062004326,0.24537370824321075,0.25234318673395817
4162,1044,1047,1021,1050,0.2508409418548775,0.25156174915905816,0.24531475252282556,0.2522825564632388
4163,1044,1048,1021,1050,0.250780687004564,0.2517415325486428,0.24525582512611097,0.2522219553206822
4164,1044,1048,1021,1051,0.2507204610951009,0.2516810758885687,0.2451969260326609,0.25240153698366957
4165,1044,1049,1021,1051,0.25066026410564224,0.2518607442977191,0.24513805522208884,0.2523409363745498
4166,1044,1049,1021,1052,0.2506000960153625,0.2518002880460874,0.24507921267402785,0.2525204032645223
4167,1045,1049,1021,1052,0.2507799376049916,0.2517398608111351,0.24502039836813055,0.25245980321574274
4168,1045,1049,1021,1053,0.2507197696737044,0.251679462571977,0.2449616122840691,0.2526391554702495
4169,1045,1049,1021,1054,0.25065963060686014,0.2516190933077477,0.24490285440153514,0.25281842168385704
4170,1045,1050,1021,1054,0.25059952038369304,0.2517985611510791,0.2448441247002398,0.252757793764988
4171,1045,1050,1021,1055,0.2505394389834572,0.25173819228002875,0.2447854231599137,0.25293694557660035
4172,1045,1050,1021,1056,0.25047938638542666,0.2516778523489933,0.2447267497603068,0.25311601150527324
4173,1045,1050,1021,1057,0.2504193625688953,0.2516175413371675,0.2446681044811886,0.2532949916127486
4174,1045,1050,1021,1058,0.25035936751317683,0.25155725922376615,0.24460948730234786,0.25347388596070913
4175,1045,1050,1022,1058,0.2502994011976048,0.25149700598802394,0.24479041916167665,0.2534131736526946
4176,1045,1050,1022,1059,0.25023946360153254,0.2514367816091954,0.24473180076628354,0.2535919540229885
4177,1046,1050,1022,1059,0.25041896097677757,0.25137658606655494,0.2446732104381135,0.25353124251855397
4178,1046,1051,1022,1059,0.25035902345619915,0.25155576831019627,0.24461464815701292,0.2534705600765917
4179,1046,1051,1022,1060,0.2502991146207227,0.2514955731036133,0.24455611390284757,0.25364919837281646
4180,1047,1051,1022,1060,0.2504784688995215,0.25143540669856457,0.24449760765550238,0.2535885167464115
4181,1048,1051,1022,1060,0.2506577373834011,0.2513752690743841,0.2444391293948816,0.2535278641473332
4182,1049,1051,1022,1060,0.25083692013390724,0.25131516021042566,0.24438067910090866,0.2534672405547585
4183,1049,1051,1023,1060,0.25077695433899116,0.2512550800860626,0.24456131962706193,0.2534066459478843
4184,1049,1052,1023,1060,0.250717017208413,0.251434034416826,0.24450286806883365,0.25334608030592737
4185,1049,1052,1023,1061,0.25065710872162483,0.25137395459976103,0.24444444444444444,0.2535244922341697
4186,1049,1052,1024,1061,0.25059722885809843,0.2513139034878165,0.24462494027711418,0.2534639273769709
4187,1050,1052,1024,1061,0.2507762120850251,0.2512538810604251,0.24456651540482446,0.25340339144972535
4188,1050,1052,1024,1062,0.2507163323782235,0.2511938872970392,0.24450811843361986,0.25358166189111747
4189,1050,1053,1024,1062,0.25065648126044404,0.2513726426354739,0.24444974934351874,0.2535211267605634
4190,1050,1054,1024,1062,0.25059665871121717,0.2515513126491647,0.24439140811455848,0.2534606205250597
4191,1050,1055,1024,1062,0.25053686471009307,0.2517298973991887,0.2443330947267955,0.2534001431639227
4192,1050,1055,1025,1062,0.25047709923664124,0.25166984732824427,0.24451335877862596,0.25333969465648853
4193,1050,1056,1025,1062,0.25041736227045075,0.2518483186262819,0.2444550441211543,0.25327927498211306
4194,1050,1057,1025,1062,0.2503576537911302,0.2520267048164044,0.24439675727229376,0.2532188841201717
4195,1051,1057,1025,1062,0.25053635280095354,0.2519666269368296,0.24433849821215733,0.2531585220500596
4196,1051,1058,1025,1062,0.25047664442326023,0.2521448999046711,0.24428026692087704,0.2530981887511916
4197,1051,1059,1025,1062,0.2504169644984513,0.2523230879199428,0.24422206337860378,0.25303788420300216
4198,1051,1060,1025,1062,0.2503573130061934,0.252501191043354,0.2441638875655074,0.2529776083849452
4199,1051,1060,1026,1062,0.2502976899261729,0.25244105739461775,0.24434389140271492,0.2529173612764944
4200,1051,1060,1027,1062,0.25023809523809526,0.2523809523809524,0.24452380952380953,0.25285714285714284
4201,1051,1060,1027,1063,0.2501785289216853,0.25232087598190905,0.2444656034277553,0.25303499166865034
4202,1051,1060,1027,1064,0.25011899095668727,0.2522608281770585,0.2444074250356973,0.25321275583055686
4203,1051,1060,1028,1064,0.2500594813228646,0.25220080894599095,0.24458719961931955,0.2531525101118249
4204,1051,1061,1028,1064,0.25,0.25237868696479543,0.2445290199809705,0.2530922930542341
4205,1051,1061,1028,1065,0.24994054696789536,0.2523186682520809,0.24447086801426873,0.25326991676575505
4206,1051,1062,1028,1065,0.24988112220637185,0.2524964336661912,0.24441274369947694,0.25320970042796004
4207,1052,1062,1028,1065,0.2500594247682434,0.25243641549797957,0.24435464701687665,0.2531495127169004
4208,1052,1062,1029,1065,0.25,0.2523764258555133,0.24453422053231938,0.2530893536121673
4209,1052,1063,1029,1065,0.24994060346875743,0.25255405084343074,0.2444761225944405,0.25302922309337134
4210,1053,1063,1029,1065,0.2501187648456057,0.2524940617577197,0.24441805225653207,0.2529691211401425
4211,1053,1063,1030,1065,0.2500593683210639,0.2524341011636191,0.24459748278318688,0.25290904773213013
4212,1054,1063,1030,1065,0.2502374169040836,0.2523741690408357,0.24453941120607786,0.25284900284900286
4213,1054,1063,1031,1065,0.25017802041300735,0.2523142653690957,0.24471872774744838,0.2527889864704486
4214,1054,1063,1031,1066,0.25011865211200757,0.25225439012814427,0.24466065495965827,0.25296630280018984
4215,1054,1063,1032,1066,0.25005931198102016,0.25219454329774615,0.24483985765124555,0.25290628706998813
4216,1055,1063,1032,1066,0.2502371916508539,0.252134724857685,0.24478178368121442,0.2528462998102467
4217,1055,1064,1032,1066,0.2501778515532369,0.2523120701920797,0.244723737253972,0.2527863410007114
4218,1055,1064,1033,1066,0.2501185395922238,0.25225225225225223,0.2449027975343765,0.2527264106211475
4219,1056,1064,1033,1066,0.2502962787390377,0.2521924626688789,0.24484474994074426,0.25266650865133916
4220,1057,1064,1033,1066,0.2504739336492891,0.25213270142180094,0.2447867298578199,0.25260663507109005
4221,1058,1064,1033,1066,0.25065150438284767,0.25207296849087896,0.2447287372660507,0.2525467898602227
4222,1059,1064,1033,1066,0.25082899099952627,0.25201326385599243,0.2446707721459024,0.25248697299857886
4223,1060,1064,1033,1066,0.2510063935590812,0.25195358749704,0.24461283447785934,0.2524271844660194
4224,1061,1064,1033,1066,0.2511837121212121,0.2518939393939394,0.24455492424242425,0.25236742424242425
4225,1061,1065,1033,1066,0.2511242603550296,0.25207100591715975,0.24449704142011836,0.2523076923076923
4226,1062,1065,1033,1066,0.2513014671083767,0.2520113582584004,0.24443918599148132,0.2522479886417416
4227,1063,1065,1033,1066,0.2514785900165602,0.25195173882185945,0.24438135793707122,0.25218831322450913
4228,1064,1065,1033,1066,0.25165562913907286,0.2518921475875118,0.24432355723746452,0.2521286660359508
4229,1064,1065,1034,1066,0.2515961220146607,0.2518325845353511,0.24450224639394655,0.2520690470560416
4230,1065,1065,1034,1066,0.25177304964539005,0.25177304964539005,0.24444444444444444,0.2520094562647754
4231,1065,1065,1034,1067,0.2517135428976601,0.2517135428976601,0.24438666981800994,0.2521862443866698
4232,1065,1066,1034,1067,0.2516540642722117,0.251890359168242,0.2443289224952741,0.2521266540642722
4233,1066,1066,1034,1067,0.25183085282305695,0.25183085282305695,0.24427120245688638,0.2520670918969998
4234,1066,1067,1034,1067,0.25177137458667925,0.25200755786490314,0.2442135096835144,0.25200755786490314
4235,1066,1068,1034,1067,0.25171192443919715,0.25218417945690674,0.24415584415584415,0.2519480519480519
4236,1066,1068,1035,1067,0.2516525023607177,0.2521246458923513,0.2443342776203966,0.2518885741265345
4237,1066,1068,1036,1067,0.25159310833136656,0.2520651404295492,0.24451262685862638,0.25182912438045785
4238,1066,1068,1037,1067,0.25153374233128833,0.25200566304860783,0.24469089193015572,0.2517697026899481
4239,1066,1069,1037,1067,0.2514744043406464,0.25218211842415666,0.24463316820004719,0.2517103090351498
4240,1066,1069,1037,1068,0.25141509433962267,0.252122641509434,0.2445754716981132,0.2518867924528302
4241,1067,1069,1037,1068,0.25159160575336004,0.2520631926432445,0.24451780240509313,0.25182739919830227
4242,1068,1069,1037,1068,0.25176803394625175,0.252003771805752,0.24446016030174447,0.25176803394625175
4243,1068,1069,1037,1069,0.25170869667687956,0.25194437897713884,0.2444025453688428,0.25194437897713884
4244,1069,1069,1037,1069,0.25188501413760606,0.25188501413760606,0.24434495758718192,0.25188501413760606
4245,1069,1069,1038,1069,0.25182567726737337,0.25182567726737337,0.24452296819787986,0.25182567726737337
4246,1070,1069,1038,1069,0.2520018841262365,0.2517663683466792,0.2444653791804051,0.2517663683466792
4247,1070,1069,1039,1069,0.2519425476807158,0.25170708735578057,0.2446432776077231,0.25170708735578057
4248,1070,1069,1040,1069,0.2518832391713748,0.2516478342749529,0.2448210922787194,0.2516478342749529
4249,1070,1069,1041,1069,0.25182395857848905,0.2515886090844905,0.24499882325253,0.2515886090844905
4250,1070,1069,1041,1070,0.25176470588235295,0.2515294117647059,0.24494117647058825,0.25176470588235295
4251,1070,1069,1041,1071,0.2517054810632792,0.25147024229593035,0.24488355681016233,0.2519407198306281
4252,1071,1069,1041,1071,0.2518814675446849,0.25141110065851363,0.24482596425211664,0.2518814675446849
4253,1071,1069,1041,1072,0.2518222431225018,0.2513519868328239,0.24476839877733364,0.2520573712673407
4254,1071,1069,1042,1072,0.25176304654442877,0.25129290079924776,0.2449459332393042,0.2519981194170193
4255,1071,1069,1042,1073,0.2517038777908343,0.25123384253819037,0.24488836662749705,0.25217391304347825
4256,1072,1069,1042,1073,0.2518796992481203,0.2511748120300752,0.24483082706766918,0.2521146616541353
4257,1073,1069,1042,1073,0.25205543810194975,0.25111580925534416,0.2447733145407564,0.25205543810194975
4258,1074,1069,1042,1073,0.2522310944105214,0.2510568341944575,0.24471582902771255,0.2519962423673086
4259,1075,1069,1042,1073,0.2524066682319793,0.25099788682789387,0.24465837050950928,0.2519370744306175
4260,1075,1070,1042,1073,0.25234741784037557,0.2511737089201878,0.24460093896713614,0.2518779342723005
4261,1075,1070,1043,1073,0.2522881952593288,0.25111476179300635,0.24477822107486505,0.2518188218727998
4262,1075,1070,1044,1073,0.2522290004692633,0.25105584232754574,0.24495541999061474,0.2517597372125763
4263,1075,1070,1044,1074,0.2521698334506216,0.2509969505043397,0.24489795918367346,0.25193525686136525
4264,1075,1070,1045,1074,0.2521106941838649,0.25093808630394,0.2450750469043152,0.2518761726078799
4265,1076,1070,1045,1074,0.2522860492379836,0.2508792497069168,0.24501758499413834,0.2518171160609613
4266,1077,1070,1045,1074,0.25246132208157523,0.2508204406938584,0.24496015002344115,0.2517580872011252
4267,1077,1070,1045,1075,0.25240215608155614,0.25076165924537147,0.24490274197328335,0.25193344269978907
4268,1077,1071,1045,1075,0.25234301780693535,0.2509372071227741,0.24484536082474226,0.25187441424554824
4269,1077,1071,1045,1076,0.2522839072382291,0.25087842586085735,0.24478800655891308,0.2520496603420005
4270,1078,1071,1045,1076,0.25245901639344265,0.25081967213114753,0.24473067915690866,0.25199063231850116
4271,1078,1071,1046,1076,0.2523999063451182,0.2507609459143058,0.2449075158042613,0.2519316319363147
4272,1078,1071,1047,1076,0.25234082397003743,0.25070224719101125,0.24508426966292135,0.25187265917602997
4273,1079,1071,1047,1076,0.25251579686403,0.2506435759419611,0.24502691317575473,0.25181371401825414
4274,1080,1071,1047,1076,0.2526906878802059,0.25058493214787086,0.24496958352831072,0.25175479644361254
4275,1080,1071,1047,1077,0.25263157894736843,0.2505263157894737,0.2449122807017544,0.2519298245614035
4276,1081,1071,1047,1077,0.2528063610851263,0.25046772684752105,0.24485500467726848,0.25187090739008416
4277,1081,1071,1047,1078,0.25274725274725274,0.25040916530278234,0.2447977554360533,0.2520458265139116
4278,1081,1071,1047,1079,0.25268817204301075,0.2503506311360449,0.2447405329593268,0.25222066386161757
4279,1081,1072,1047,1079,0.2526291189530264,0.2505258237906053,0.2446833372283244,0.25216172002804393
4280,1081,1072,1047,1080,0.2525700934579439,0.2504672897196262,0.24462616822429906,0.2523364485981308
4281,1081,1072,1047,1081,0.2525110955384256,0.25040878299462743,0.24456902592852137,0.2525110955384256
4282,1082,1072,1047,1081,0.25268566090611866,0.2503503035964503,0.2445119103222793,0.2524521251751518
4283,1082,1073,1047,1081,0.25262666355358393,0.2505253327107168,0.24445482138687835,0.2523931823488209
4284,1082,1073,1047,1082,0.2525676937441643,0.2504668534080299,0.24439775910364145,0.2525676937441643
4285,1082,1074,1047,1082,0.25250875145857643,0.25064177362893814,0.24434072345390898,0.25250875145857643
4286,1082,1075,1047,1082,0.25244983667755483,0.2508166122258516,0.24428371441903873,0.25244983667755483
4287,1083,1075,1047,1082,0.25262421273617913,0.2507581059015629,0.24422673198040587,0.25239094938185214
4288,1084,1075,1047,1082,0.25279850746268656,0.25069962686567165,0.244169776119403,0.2523320895522388
4289,1084,1075,1047,1083,0.25273956633247846,0.2506411750990907,0.24411284681743997,0.2525064117509909
4290,1084,1076,1047,1083,0.2526806526806527,0.25081585081585084,0.24405594405594405,0.25244755244755246
4291,1084,1076,1048,1083,0.2526217664879981,0.2507573992076439,0.2442321137264041,0.25238872057795386
4292,1084,1076,1048,1084,0.25256290773532153,0.2506989748369059,0.24417520969245107,0.25256290773532153
4293,1084,1077,1048,1084,0.25250407640344746,0.2508735150244584,0.24411833216864665,0.25250407640344746
4294,1084,1078,1048,1084,0.25244527247321846,0.2510479739170936,0.2440614811364695,0.25244527247321846
4295,1084,1078,1049,1084,0.2523864959254948,0.2509895227008149,0.24423748544819557,0.2523864959254948
4296,1084,1079,1049,1084,0.25232774674115455,0.2511638733705773,0.2441806331471136,0.25232774674115455
4297,1085,1079,1049,1084,0.2525017454037701,0.2511054223877124,0.24412380730742378,0.25226902490109376
4298,1085,1079,1050,1084,0.252442996742671,0.25104699860400187,0.24429967426710097,0.25221033038622614
4299,1086,1079,1050,1084,0.2526168876482903,0.25098860200046524,0.24424284717376135,0.2521516631774831
4300,1086,1079,1050,1085,0.2525581395348837,0.2509302325581395,0.2441860465116279,0.25232558139534883
4301,1086,1080,1050,1085,0.25249941873982795,0.25110439432690074,0.24412927226226458,0.25226691467100676
4302,1086,1080,1050,1086,0.2524407252440725,0.2510460251046025,0.24407252440725244,0.2524407252440725
4303,1086,1080,1051,1086,0.2523820590285847,0.2509876830118522,0.24424819893097838,0.2523820590285847
4304,1086,1081,1051,1086,0.25232342007434944,0.25116171003717475,0.24419144981412638,0.25232342007434944
4305,1086,1081,1052,1086,0.25226480836236936,0.2511033681765389,0.2443670150987224,0.25226480836236936
4306,1086,1081,1052,1087,0.25220622387366465,0.25104505341384115,0.24431026474686485,0.25243845796562936
4307,1086,1081,1053,1087,0.2521476665892733,0.2509867657302066,0.2444857209194335,0.2523798467610866
4308,1086,1081,1054,1087,0.2520891364902507,0.2509285051067781,0.244661095636026,0.2523212627669452
4309,1086,1082,1054,1087,0.25203063355766997,0.2511023439313066,0.2446043165467626,0.25226270596426087
4310,1087,1082,1054,1087,0.25220417633410674,0.2510440835266821,0.2445475638051044,0.25220417633410674
4311,1088,1082,1054,1087,0.252377638598933,0.25098585015077707,0.24449083739271632,0.25214567385757364
4312,1088,1083,1054,1087,0.2523191094619666,0.2511595547309833,0.24443413729128013,0.25208719851576994
4313,1088,1083,1054,1088,0.2522606074658011,0.2511013215859031,0.24437746348249478,0.2522606074658011
4314,1088,1083,1054,1089,0.2522021325915624,0.2510431154381085,0.24432081594807603,0.2524339360222531
4315,1088,1083,1055,1089,0.25214368482039395,0.2509849362688297,0.24449594438006952,0.2523754345307068
4316,1088,1084,1055,1089,0.2520852641334569,0.2511584800741427,0.24443929564411493,0.2523169601482855
4317,1088,1084,1055,1090,0.25202687051192957,0.2511003011350475,0.2443826731526523,0.2524901552003706
4318,1089,1084,1055,1090,0.2522000926354794,0.25104214914312184,0.2443260768874479,0.2524316813339509
4319,1090,1084,1055,1090,0.2523732345450336,0.2509840240796481,0.24426950683028478,0.2523732345450336
4320,1090,1085,1055,1090,0.2523148148148148,0.2511574074074074,0.24421296296296297,0.2523148148148148
4321,1090,1086,1055,1090,0.2522564221245082,0.2513307104836843,0.24415644526729924,0.2522564221245082
4322,1090,1086,1055,1091,0.25219805645534477,0.25127255900046275,0.24409995372512724,0.25242943081906527
4323,1090,1087,1055,1091,0.25213971778857275,0.25144575526254914,0.24404348831829747,0.25237103863058064
4324,1091,1087,1055,1091,0.2523126734505088,0.25138760407030525,0.24398704902867716,0.2523126734505088
4325,1091,1087,1056,1091,0.2522543352601156,0.2513294797687861,0.24416184971098265,0.2522543352601156
4326,1091,1088,1056,1091,0.25219602404068425,0.2515025427646787,0.24410540915395285,0.25219602404068425
4327,1091,1089,1056,1091,0.2521377397735151,0.2516755257684308,0.24404899468453894,0.2521377397735151
4328,1091,1090,1056,1091,0.25207948243992606,0.25184842883548986,0.24399260628465805,0.25207948243992606
4329,1091,1090,1056,1092,0.25202125202125203,0.2517902517902518,0.24393624393624394,0.25225225225225223
4330,1091,1091,1056,1092,0.25196304849884527,0.25196304849884527,0.24387990762124712,0.25219399538106235
4331,1091,1092,1056,1092,0.2519048718540753,0.252135765412145,0.24382359732163472,0.252135765412145
4332,1091,1092,1056,1093,0.2518467220683287,0.2520775623268698,0.24376731301939059,0.2523084025854109
4333,1091,1092,1056,1094,0.25178859912300944,0.2520193861066236,0.2437110546965151,0.25248096007385185
4334,1092,1092,1056,1094,0.25196123673281035,0.25196123673281035,0.2436548223350254,0.2524227041993539
4335,1093,1092,1056,1094,0.2521337946943483,0.2519031141868512,0.24359861591695503,0.25236447520184546
4336,1093,1092,1057,1094,0.2520756457564576,0.2518450184501845,0.2437730627306273,0.2523062730627306
4337,1093,1092,1057,1095,0.2520175236338483,0.2517869495042656,0.2437168549688725,0.2524786718930136
4338,1093,1093,1057,1095,0.251959428307976,0.251959428307976,0.24366067312125403,0.2524204702627939
4339,1093,1094,1057,1095,0.2519013597603134,0.2521318276100484,0.24360451716985482,0.25236229545978334
4340,1093,1094,1057,1096,0.2518433179723502,0.252073732718894,0.2435483870967742,0.25253456221198156
4341,1093,1095,1057,1096,0.2517853029255932,0.2522460262612301,0.24349228288412808,0.2524763879290486
4342,1093,1095,1057,1097,0.2517273146015661,0.2521879318286504,0.24343620451404882,0.2526485490557347
4343,1093,1096,1057,1097,0.2516693529818098,0.2523601197329035,0.24338015196868523,0.25259037531660145
4344,1094,1096,1057,1097,0.251841620626151,0.2523020257826888,0.24332412523020258,0.2525322283609576
4345,1094,1096,1057,1098,0.2517836593785961,0.2522439585730725,0.2432681242807825,0.2527042577675489
4346,1094,1096,1057,1099,0.25172572480441785,0.25218591808559593,0.2432121491026231,0.2528762080073631
4347,1094,1097,1057,1099,0.2516678168852082,0.2523579480101219,0.2431561996779388,0.2528180354267311
4348,1095,1097,1057,1099,0.2518399264029439,0.25229990800367985,0.24310027598896045,0.2527598896044158
4349,1095,1097,1058,1099,0.2517820188549092,0.2522418946884341,0.24327431593469764,0.2527017705219591
4350,1095,1097,1058,1100,0.2517241379310345,0.252183908045977,0.2432183908045977,0.25287356321839083
4351,1095,1097,1059,1100,0.25166628361296256,0.2521259480579177,0.24339232360376925,0.2528154447253505
4352,1095,1097,1059,1101,0.2516084558823529,0.25206801470588236,0.24333639705882354,0.2529871323529412
4353,1095,1097,1060,1101,0.25155065472088217,0.2520101079715139,0.24351022283482657,0.2529290144727774
4354,1095,1097,1060,1102,0.25149288011024346,0.2519522278364722,0.24345429490124024,0.2531005971520441
4355,1095,1097,1061,1102,0.25143513203214696,0.251894374282434,0.2436280137772675,0.25304247990815154
4356,1095,1097,1061,1103,0.2513774104683196,0.2518365472910927,0.2435720844811754,0.2532139577594123
4357,1096,1097,1061,1103,0.2515492311223319,0.25177874684415885,0.2435161808583888,0.2531558411751205
4358,1096,1097,1062,1103,0.25149150986691143,0.2517209729233593,0.24368976594768244,0.2530977512620468
4359,1096,1098,1062,1103,0.25143381509520535,0.251892635925671,0.24363386097728837,0.2530396880018353
4360,1096,1098,1063,1103,0.25137614678899084,0.2518348623853211,0.24380733944954128,0.2529816513761468
4361,1096,1098,1063,1104,0.2513185049300619,0.2517771153405182,0.24375143315753267,0.2531529465718872
4362,1096,1098,1063,1105,0.25126088950022923,0.2517193947730399,0.24369555249885375,0.2533241632278771
4363,1096,1099,1063,1105,0.25120330048132017,0.2518909007563603,0.243639697455879,0.2532661013064405
4364,1096,1100,1063,1105,0.25114573785517874,0.2520623281393217,0.24358386801099907,0.25320806599450046
4365,1097,1100,1063,1105,0.2513172966781214,0.2520045819014891,0.24352806414662084,0.2531500572737686
4366,1097,1100,1064,1105,0.2512597343105818,0.25194686211635364,0.24370132844709116,0.2530920751259734
4367,1098,1100,1064,1105,0.2514311884588963,0.2518891687657431,0.24364552324250058,0.2530341195328601
4368,1098,1100,1064,1106,0.25137362637362637,0.2518315018315018,0.24358974358974358,0.2532051282051282
4369,1099,1100,1064,1106,0.2515449759670405,0.25177386129549095,0.2435339894712749,0.2531471732661936
4370,1100,1100,1064,1106,0.2517162471395881,0.2517162471395881,0.24347826086956523,0.25308924485125855
4371,1100,1101,1064,1106,0.2516586593456875,0.25188743994509266,0.24342255776710134,0.2530313429421185
4372,1100,1101,1064,1107,0.2516010978956999,0.25182982616651417,0.2433668801463861,0.2532021957913998
4373,1100,1101,1065,1107,0.2515435627715527,0.25177223873770865,0.2435399039560942,0.25314429453464443
4374,1101,1101,1065,1107,0.25171467764060357,0.25171467764060357,0.24348422496570646,0.25308641975308643
4375,1101,1102,1065,1107,0.25165714285714286,0.25188571428571427,0.24342857142857144,0.25302857142857144
4376,1101,1102,1066,1107,0.251599634369287,0.25182815356489946,0.24360146252285192,0.2529707495429616
4377,1101,1102,1066,1108,0.25154215215901304,0.25177061914553345,0.24354580763079736,0.25314142106465615
4378,1102,1102,1066,1108,0.2517131110095934,0.2517131110095934,0.24349017816354498,0.25308359981726813
4379,1103,1102,1066,1108,0.25188399177894494,0.25165562913907286,0.24343457410367664,0.25302580497830557
4380,1104,1102,1066,1108,0.25205479452054796,0.25159817351598174,0.24337899543378996,0.25296803652968036
4381,1104,1103,1066,1108,0.25199726089933805,0.2517690025108423,0.2433234421364985,0.25291029445332114
4382,1104,1104,1066,1108,0.2519397535371976,0.2519397535371976,0.24326791419443178,0.252852578731173
4383,1104,1104,1067,1108,0.2518822724161533,0.2518822724161533,0.243440565822496,0.25279488934519734
4384,1104,1104,1068,1108,0.2518248175182482,0.2518248175182482,0.24361313868613138,0.2527372262773723
4385,1104,1105,1068,1108,0.2517673888255416,0.2519954389965792,0.243557582668187,0.25267958950969216
4386,1105,1105,1068,1108,0.25193798449612403,0.25193798449612403,0.24350205198358413,0.25262197902416783
4387,1105,1106,1068,1108,0.25188055618873945,0.25210850239343513,0.24344654661499887,0.25256439480282655
4388,1105,1106,1068,1109,0.2518231540565178,0.2520510483135825,0.24339106654512307,0.2527347310847767
4389,1105,1106,1068,1110,0.2517657780815676,0.25199362041467305,0.24333561175666438,0.252904989747095
4390,1106,1106,1068,1110,0.2519362186788155,0.2519362186788155,0.24328018223234624,0.2528473804100228
4391,1107,1106,1068,1110,0.25210658164427235,0.2518788430881348,0.24322477795490777,0.252789797312685
4392,1107,1106,1068,1111,0.2520491803278688,0.2518214936247723,0.24316939890710382,0.252959927140255
4393,1107,1106,1068,1112,0.25199180514454816,0.2517641702708855,0.24311404507170498,0.25312997951286137
4394,1107,1107,1068,1112,0.2519344560764679,0.2519344560764679,0.24305871643149748,0.25307237141556665
4395,1108,1107,1068,1112,0.2521046643913538,0.25187713310580206,0.24300341296928327,0.2530147895335609
4396,1108,1107,1069,1112,0.25204731574158323,0.2518198362147407,0.24317561419472247,0.2529572338489536
4397,1109,1107,1069,1112,0.25221742096884237,0.25176256538549013,0.24312030930179668,0.2528997043438708
4398,1110,1107,1069,1112,0.252387448840382,0.25170532060027284,0.2430650295588904,0.25284220100045474
4399,1110,1107,1069,1113,0.25233007501704935,0.2516481018413276,0.243009774948852,0.25301204819277107
4400,1110,1107,1069,1114,0.25227272727272726,0.2515909090909091,0.24295454545454545,0.2531818181818182
4401,1111,1107,1069,1114,0.2524426266757555,0.25153374233128833,0.24289934105885025,0.2531242899341059
4402,1112,1107,1069,1114,0.2526124488868696,0.2514766015447524,0.24284416174466153,0.2530667878237165
4403,1112,1107,1069,1115,0.25255507608448785,0.25141948671360437,0.24278900749488985,0.25323642970701793
4404,1112,1107,1069,1116,0.2524977293369664,0.2513623978201635,0.2427338782924614,0.25340599455040874
4405,1112,1107,1070,1116,0.25244040862656075,0.25130533484676504,0.24290578887627695,0.25334846765039726
4406,1112,1107,1070,1117,0.25238311393554247,0.25124829777576035,0.24285065819337268,0.2535179300953246
4407,1112,1107,1070,1118,0.2523258452461992,0.25119128658951667,0.2427955525300658,0.2536873156342183
4408,1113,1107,1070,1118,0.25249546279491836,0.2511343012704174,0.24274047186932848,0.25362976406533577
4409,1113,1107,1071,1118,0.25243819460195055,0.2510773418008619,0.24291222499432977,0.25357223860285777
4410,1113,1107,1071,1119,0.2523809523809524,0.2510204081632653,0.24285714285714285,0.2537414965986395
4411,1114,1107,1071,1119,0.25255044207662664,0.25096350034005893,0.2428020856948538,0.25368397188846065
4412,1114,1108,1071,1119,0.25249320036264733,0.2511332728921124,0.2427470534904805,0.25362647325475973
4413,1114,1108,1072,1119,0.2524359845909812,0.25107636528438704,0.2429186494448221,0.25356900067980964
4414,1114,1108,1073,1119,0.2523787947439964,0.2510194834617127,0.24309016764839148,0.25351155414589943
4415,1114,1108,1073,1120,0.252321630804077,0.2509626274065685,0.24303510758776897,0.2536806342015855
4416,1114,1108,1073,1121,0.25226449275362317,0.2509057971014493,0.24298007246376813,0.2538496376811594
4417,1115,1108,1073,1121,0.25243377858274846,0.2508489925288657,0.24292506225945212,0.25379216662893367
4418,1115,1108,1074,1121,0.2523766410140335,0.2507922136713445,0.2430964237211408,0.2537347215934812
4419,1116,1108,1074,1121,0.2525458248472505,0.2507354605114279,0.24304141208418195,0.2536773025571396
4420,1116,1108,1074,1122,0.2524886877828054,0.2506787330316742,0.2429864253393665,0.25384615384615383
4421,1117,1108,1074,1122,0.252657769735354,0.2506220312146573,0.2429314634698032,0.2537887355801855
4422,1117,1108,1074,1123,0.25260063319764814,0.250565355042967,0.24287652645861602,0.2539574853007689
4423,1117,1108,1074,1124,0.2525435224960434,0.2505087044992087,0.24282161428894417,0.25412615871580374
4424,1117,1108,1075,1124,0.25248643761301987,0.2504520795660036,0.24299276672694395,0.25406871609403253
4425,1117,1108,1076,1124,0.25242937853107345,0.2503954802259887,0.2431638418079096,0.25401129943502826
4426,1117,1108,1077,1124,0.2523723452327158,0.25033890646181656,0.24333483958427474,0.25395390872119294
4427,1117,1108,1078,1124,0.2523153377004744,0.2502823582561554,0.24350576010842556,0.25389654393494465
4428,1117,1108,1078,1125,0.2522583559168925,0.25022583559168926,0.24345076784101174,0.2540650406504065
4429,1117,1108,1078,1126,0.2522013998645292,0.2501693384511176,0.2433958004064123,0.25423346127794083
4430,1118,1108,1078,1126,0.25237020316027087,0.2501128668171558,0.2433408577878104,0.25417607223476296
4431,1118,1108,1079,1126,0.2523132475739111,0.2500564206725344,0.2435116226585421,0.2541187090950124
4432,1118,1108,1080,1126,0.25225631768953066,0.25,0.24368231046931407,0.25406137184115524
4433,1118,1108,1081,1126,0.25219941348973607,0.24994360478231445,0.24385292127227612,0.25400406045567336
4434,1118,1108,1081,1127,0.2521425349571493,0.2498872350022553,0.2437979251240415,0.2541723049165539
4435,1118,1108,1081,1128,0.2520856820744081,0.24983089064261557,0.24374295377677566,0.2543404735062007
4436,1118,1108,1082,1128,0.2520288548241659,0.2497745716862038,0.24391343552750225,0.25428313796212804
4437,1118,1108,1082,1129,0.2519720531890917,0.24971827811584404,0.24385846292540003,0.2544512057696642
4438,1118,1108,1083,1129,0.25191527715187023,0.24966200991437584,0.24402884182063994,0.254393871113114
4439,1118,1108,1083,1130,0.25185852669520165,0.2496057670646542,0.24397386798828566,0.2545618382518585
4440,1119,1108,1083,1130,0.252027027027027,0.24954954954954955,0.24391891891891893,0.2545045045045045
4441,1119,1108,1084,1130,0.2519702769646476,0.24949335735194775,0.24408916910605719,0.25444719657734743
4442,1119,1109,1084,1130,0.2519135524538496,0.24966231427285007,0.2440342188203512,0.2543899144529491
4443,1119,1109,1084,1131,0.2518568534773801,0.24960612198964663,0.24397929327031284,0.25455773126266035
4444,1119,1109,1085,1131,0.2518001800180018,0.24954995499549956,0.24414941494149414,0.2545004500450045
4445,1119,1109,1086,1131,0.2517435320584927,0.24949381327334083,0.24431946006749156,0.25444319460067494
4446,1119,1110,1086,1131,0.2516869095816464,0.2496626180836707,0.24426450742240216,0.2543859649122807
4447,1119,1111,1086,1131,0.2516303125702721,0.2498313469754891,0.24420957949179223,0.2543287609624466
4448,1119,1111,1086,1132,0.25157374100719426,0.2497751798561151,0.24415467625899281,0.25449640287769787
4449,1119,1111,1086,1133,0.25151719487525287,0.2497190379860643,0.24409979770734996,0.2546639694313329
4450,1120,1111,1086,1133,0.251685393258427,0.2496629213483146,0.2440449438202247,0.2546067415730337
4451,1120,1112,1086,1133,0.25162884745001124,0.249831498539654,0.24399011458099304,0.2545495394293417
4452,1120,1112,1086,1134,0.25157232704402516,0.24977538185085355,0.24393530997304583,0.25471698113207547
4453,1120,1112,1087,1134,0.25151583202335503,0.24971929036604537,0.24410509768695263,0.25465977992364697
4454,1120,1112,1087,1135,0.25145936237090255,0.24966322406825325,0.24405029187247418,0.25482712168837
4455,1120,1112,1088,1135,0.25140291806958476,0.2496071829405163,0.24421997755331087,0.2547699214365881
4456,1120,1113,1088,1135,0.2513464991023339,0.24977558348294435,0.24416517055655296,0.25471274685816875
4457,1120,1114,1088,1135,0.25129010545209784,0.24994390845860445,0.24411038815346645,0.25465559793583126
4458,1120,1115,1088,1135,0.2512337371018394,0.250112157918349,0.24405563032750113,0.25459847465231045
4459,1120,1115,1089,1135,0.25117739403453687,0.250056066382597,0.24422516259250954,0.25454137699035656
4460,1120,1115,1090,1135,0.25112107623318386,0.25,0.24439461883408073,0.25448430493273544
4461,1120,1115,1091,1135,0.25106478368078905,0.24994395875364267,0.24456399910334006,0.2544272584622282
4462,1120,1115,1092,1135,0.2510085163603765,0.24988794262662484,0.2447333034513671,0.2543702375616316
4463,1120,1115,1093,1135,0.25095227425498545,0.2498319516020614,0.24490253192919562,0.25431324221375756
4464,1121,1115,1093,1135,0.25112007168458783,0.24977598566308243,0.24484767025089607,0.25425627240143367
4465,1121,1115,1094,1135,0.251063829787234,0.24972004479283313,0.24501679731243,0.2541993281075028
4466,1121,1116,1094,1135,0.2510076130765786,0.24988804299149125,0.24496193461710702,0.2541424093148231
4467,1121,1117,1094,1135,0.25095142153570626,0.2500559659726886,0.24490709648533693,0.25408551600626816
4468,1121,1118,1094,1135,0.2508952551477171,0.25022381378692926,0.2448522829006267,0.2540286481647269
4469,1121,1118,1094,1136,0.2508391138957261,0.25016782277914523,0.2447974938464981,0.2541955694786306
4470,1121,1118,1094,1137,0.25078299776286356,0.2501118568232662,0.2447427293064877,0.2543624161073825
4471,1121,1118,1095,1137,0.25072690673227466,0.25005591590248266,0.2449116528740774,0.2543055244911653
4472,1121,1119,1095,1137,0.2506708407871199,0.2502236135957066,0.24485688729874777,0.25424865831842575
4473,1121,1120,1095,1137,0.25061479991057456,0.25039123630672927,0.24480214621059693,0.25419181757209924
4474,1121,1120,1096,1137,0.2505587840858292,0.25033527045149756,0.24497094322753687,0.25413500223513635
4475,1121,1120,1097,1137,0.2505027932960894,0.25027932960893856,0.24513966480446928,0.2540782122905028
4476,1121,1120,1097,1138,0.25044682752457553,0.25022341376228774,0.24508489722966934,0.25424486148346737
4477,1121,1120,1098,1138,0.25039088675452315,0.2501675228947956,0.2452535179807907,0.25418807236989055
4478,1122,1120,1098,1138,0.2505582849486378,0.25011165698972754,0.24519874944171505,0.2541313086199196
4479,1122,1120,1098,1139,0.2505023442732753,0.2500558160303639,0.2451440053583389,0.2542978343380219
4480,1122,1120,1098,1140,0.25044642857142857,0.25,0.2450892857142857,0.2544642857142857
4481,1122,1120,1098,1141,0.25039053782637805,0.249944208881946,0.24503459049319348,0.25463066279848245
4482,1123,1120,1098,1141,0.250557786702365,0.249888442659527,0.24497991967871485,0.2545738509593931
4483,1124,1120,1098,1141,0.25072496096364044,0.24983270131608298,0.24492527325451707,0.25451706446575956
4484,1124,1121,1098,1141,0.25066904549509367,0.25,0.2448706512042819,0.25446030330062447
4485,1124,1121,1098,1142,0.250613154960981,0.24994425863991082,0.24481605351170568,0.25462653288740245
4486,1125,1121,1098,1142,0.25078020508247884,0.24988854213107445,0.24476148016049934,0.2545697726259474
4487,1125,1121,1099,1142,0.2507243146868732,0.24983285045687542,0.24492979719188768,0.25451303766436373
4488,1126,1121,1099,1142,0.25089126559714797,0.24977718360071302,0.24487522281639929,0.25445632798573975
4489,1127,1121,1099,1142,0.2510581421251949,0.24972154154600135,0.24482067275562486,0.2543996435731789
4490,1127,1121,1099,1143,0.25100222717149223,0.24966592427616927,0.24476614699331847,0.25456570155902003
4491,1127,1121,1099,1144,0.2509463371186818,0.24961033177466044,0.24471164551324873,0.25473168559340903
4492,1127,1121,1099,1145,0.2508904719501336,0.2495547640249332,0.24465716829919856,0.2548975957257346
4493,1127,1121,1100,1145,0.25083463164923214,0.2494992210104607,0.24482528377476073,0.2548408635655464
4494,1128,1121,1100,1145,0.25100133511348466,0.24944370271473076,0.24477080551846908,0.25478415665331555
4495,1129,1121,1100,1145,0.2511679644048943,0.24938820912124582,0.2447163515016685,0.25472747497219134
4496,1130,1121,1100,1145,0.2513345195729537,0.24933274021352314,0.24466192170818504,0.25467081850533807
4497,1130,1122,1100,1145,0.2512786301979097,0.2494996664442962,0.24460751612185902,0.25461418723593504
4498,1130,1122,1100,1146,0.2512227656736327,0.24944419742107604,0.24455313472654513,0.25477990217874613
4499,1130,1123,1100,1146,0.2511669259835519,0.24961102467214938,0.24449877750611246,0.25472327183818627
4500,1131,1123,1100,1146,0.25133333333333335,0.24955555555555556,0.24444444444444444,0.25466666666666665
4501,1132,1123,1100,1146,0.25149966674072427,0.24950011108642525,0.24439013552543878,0.2546100866474117
4502,1133,1123,1100,1146,0.2516659262549978,0.24944469124833407,0.24433585073300756,0.2545535317636606
4503,1133,1124,1100,1146,0.2516100377526094,0.249611370197646,0.24428159005107705,0.25449700199866754
4504,1133,1124,1101,1146,0.2515541740674956,0.24955595026642985,0.244449378330373,0.2544404973357016
4505,1133,1124,1101,1147,0.25149833518312986,0.2495005549389567,0.2443951165371809,0.25460599334073253
4506,1134,1124,1101,1147,0.25166444740346205,0.24944518419884598,0.24434087882822902,0.25454948956946294
4507,1134,1124,1101,1148,0.2516086088307078,0.24938983802973153,0.24428666518748612,0.25471488795207453
4508,1134,1124,1101,1149,0.2515527950310559,0.24933451641526175,0.24423247559893524,0.2548802129547471
4509,1134,1124,1101,1150,0.25149700598802394,0.24927921933909958,0.24417831004657353,0.25504546462630295
4510,1134,1125,1101,1150,0.25144124168514415,0.24944567627494457,0.2441241685144124,0.2549889135254989
4511,1135,1125,1101,1150,0.2516071824429173,0.2493903790733762,0.2440700509864775,0.254932387497229
4512,1135,1125,1101,1151,0.2515514184397163,0.24933510638297873,0.2440159574468085,0.25509751773049644
4513,1136,1125,1101,1151,0.25171726124529137,0.24927985818745846,0.24396188787945933,0.25504099268779085
4514,1137,1125,1101,1151,0.25188303057155514,0.2492246344705361,0.24390784226849802,0.2549844926894107
4515,1137,1125,1101,1152,0.25182724252491695,0.24916943521594684,0.24385382059800664,0.25514950166112954
4516,1137,1125,1101,1153,0.25177147918511955,0.24911426040744022,0.2437998228520815,0.2553144375553587
4517,1137,1126,1101,1153,0.2517157405357538,0.2492804959043613,0.24374584901483284,0.25525791454505203
4518,1137,1127,1101,1153,0.25166002656042497,0.24944665781319167,0.24369189907038513,0.2552014165559982
4519,1137,1127,1102,1153,0.25160433724275283,0.2493914582872317,0.24385926089842885,0.2551449435715866
4520,1137,1128,1102,1153,0.2515486725663717,0.24955752212389382,0.24380530973451328,0.25508849557522123
4521,1137,1129,1102,1153,0.2514930325149303,0.24972351249723512,0.24375138243751382,0.25503207255032073
4522,1138,1129,1102,1153,0.2516585581601061,0.24966828836797877,0.24369747899159663,0.25497567448031844
4523,1138,1130,1102,1153,0.2516029184169799,0.24983418085341588,0.24364359938094185,0.2549193013486624
4524,1139,1130,1102,1153,0.2517683465959328,0.2497789566755084,0.24358974358974358,0.2548629531388152
4525,1139,1130,1103,1153,0.2517127071823204,0.24972375690607734,0.24375690607734807,0.2548066298342541
4526,1139,1130,1103,1154,0.2516570923552806,0.2496685815289439,0.24370304904993373,0.25497127706584183
4527,1139,1131,1103,1154,0.25160150209852,0.24983432736911862,0.24364921581621382,0.25491495471614756
4528,1139,1131,1104,1154,0.25154593639575973,0.2497791519434629,0.24381625441696114,0.25485865724381623
4529,1139,1131,1105,1154,0.25149039523073524,0.24972400088319718,0.2439832192536984,0.25480238463236915
4530,1139,1131,1106,1154,0.2514348785871965,0.24966887417218542,0.24415011037527592,0.25474613686534214
4531,1139,1131,1107,1154,0.2513793864489075,0.24961377179430588,0.244316927830501,0.2546899139262856
4532,1139,1131,1108,1154,0.25132391879964694,0.24955869373345102,0.2444836716681377,0.2546337157987643
4533,1140,1131,1108,1154,0.2514890800794176,0.24950363997352745,0.2444297374806971,0.25457754246635783
4534,1140,1131,1109,1154,0.2514336127040141,0.2494486104984561,0.24459638288486987,0.2545213939126599
4535,1140,1132,1109,1154,0.2513781697905182,0.24961411245865492,0.24454244762954797,0.25446527012127895
4536,1141,1132,1109,1154,0.2515432098765432,0.2495590828924162,0.24448853615520283,0.25440917107583777
4537,1142,1132,1109,1154,0.25170817720960986,0.24950407758430682,0.24443464844610976,0.25435309675997353
4538,1142,1132,1109,1155,0.25165271044513,0.24944909651829,0.24438078448655795,0.25451740855002203
4539,1142,1132,1110,1155,0.25159726812073147,0.24939413967834326,0.24454725710508923,0.25446133509583607
4540,1142,1132,1111,1155,0.2515418502202643,0.24933920704845816,0.2447136563876652,0.2544052863436123
4541,1143,1132,1111,1155,0.2517066725390883,0.2492842986126404,0.2446597665712398,0.2543492622770315
4542,1143,1133,1111,1155,0.25165125495376484,0.24944958168207837,0.24460590048436812,0.25429326287978865
4543,1143,1133,1112,1155,0.2515958617653533,0.24939467312348668,0.2447721769755668,0.2542372881355932
4544,1143,1133,1113,1155,0.2515404929577465,0.24933978873239437,0.24493838028169015,0.254181338028169
4545,1144,1133,1113,1155,0.2517051705170517,0.24928492849284928,0.2448844884488449,0.25412541254125415
4546,1144,1134,1113,1155,0.25164980202375714,0.24945006599208094,0.24483062032556094,0.254069511658601
4547,1144,1135,1113,1155,0.25159445788431933,0.24961513085550913,0.2447767758961953,0.25401363536397625
4548,1144,1135,1113,1156,0.2515391380826737,0.24956024626209322,0.24472295514511874,0.2541776605101143
4549,1144,1135,1114,1156,0.25148384260276985,0.24950538579907672,0.24488898659045943,0.254121785007694
4550,1145,1135,1114,1156,0.25164835164835164,0.24945054945054945,0.24483516483516485,0.2540659340659341
4551,1146,1135,1114,1156,0.25181278839815424,0.24939573720061525,0.24478136673258624,0.25401010766864424
4552,1147,1135,1114,1156,0.25197715289982425,0.2493409490333919,0.24472759226713534,0.2539543057996485
4553,1147,1135,1115,1156,0.2519218097957391,0.2492861849330112,0.24489347682846474,0.253898528442785
4554,1147,1136,1115,1156,0.25186649099692576,0.2494510320597277,0.24483970136144048,0.25384277558190604
4555,1147,1137,1115,1156,0.2518111964873765,0.24961580680570802,0.24478594950603733,0.25378704720087814
4556,1148,1137,1115,1156,0.25197541703248466,0.24956101843722564,0.24473222124670763,0.2537313432835821
4557,1149,1137,1115,1156,0.2521395655036208,0.24950625411454905,0.2446785165679175,0.25367566381391266
4558,1149,1137,1115,1157,0.25208424747696356,0.24945151382185168,0.24462483545414657,0.2538394032470382
4559,1150,1137,1115,1157,0.2522483000658039,0.2493967975433209,0.24457117788988814,0.2537837245009871
4560,1150,1138,1115,1157,0.25219298245614036,0.24956140350877193,0.24451754385964913,0.2537280701754386
4561,1151,1138,1115,1157,0.25235693926770447,0.24950668713001534,0.24446393334795002,0.25367244025433017
4562,1152,1138,1115,1157,0.25252082419991234,0.2494519947391495,0.24441034633932485,0.25361683472161334
4563,1152,1138,1116,1157,0.252465483234714,0.24939732632040323,0.2445759368836292,0.2535612535612536
4564,1153,1138,1116,1157,0.2526292725679229,0.24934268185801928,0.24452234881682736,0.2535056967572305
4565,1154,1138,1116,1157,0.2527929901423877,0.2492880613362541,0.24446878422782037,0.2534501642935378
4566,1154,1138,1116,1158,0.2527376259307928,0.24923346473937802,0.24441524310118265,0.2536136662286465
4567,1155,1138,1116,1158,0.25290124808408143,0.24917889205167507,0.24436172542150209,0.2535581344427414
4568,1155,1138,1117,1158,0.25284588441330996,0.2491243432574431,0.24452714535901926,0.2535026269702277
4569,1155,1138,1117,1159,0.252790544977019,0.24906981834099365,0.24447362661413877,0.25366601006784856
4570,1155,1139,1117,1159,0.2527352297592998,0.24923413566739605,0.24442013129102844,0.2536105032822757
4571,1155,1139,1118,1159,0.25267993874425726,0.24917961058849267,0.24458542988405163,0.2535550207831984
4572,1155,1139,1118,1160,0.2526246719160105,0.24912510936132984,0.24453193350831146,0.2537182852143482
4573,1155,1140,1118,1160,0.2525694292586923,0.24928930680078723,0.2444784605291931,0.25366280341132735
4574,1155,1140,1118,1161,0.2525142107564495,0.24923480542195015,0.2444250109313511,0.2538259728902492
4575,1156,1140,1118,1161,0.2526775956284153,0.24918032786885247,0.24437158469945355,0.2537704918032787
4576,1156,1141,1118,1161,0.2526223776223776,0.2493444055944056,0.24431818181818182,0.25371503496503495
4577,1156,1141,1118,1162,0.252567183744811,0.2492899279003714,0.2442648022722307,0.25387808608258683
4578,1156,1141,1118,1163,0.2525120139799039,0.2492354740061162,0.24421144604630843,0.25404106596767145
4579,1156,1141,1119,1163,0.2524568683118585,0.24918104389604717,0.2443765014195239,0.2539855863725704
4580,1156,1141,1120,1163,0.25240174672489085,0.24912663755458514,0.2445414847161572,0.2539301310043668
4581,1157,1141,1120,1163,0.25256494215236847,0.24907225496616459,0.244488103034272,0.25387469984719496
4582,1158,1141,1120,1163,0.2527280663465735,0.24901789611523353,0.24443474465298995,0.25381929288520294
4583,1159,1141,1120,1163,0.25289111935413483,0.24896356098625355,0.2443814095570587,0.2537639101025529
4584,1159,1142,1120,1163,0.25283595113438045,0.24912739965095987,0.2443280977312391,0.2537085514834206
4585,1160,1142,1120,1163,0.2529989094874591,0.2490730643402399,0.24427480916030533,0.2536532170119956
4586,1160,1143,1120,1163,0.2529437418229394,0.24923680767553424,0.24422154382904493,0.25359790667248144
4587,1160,1143,1121,1163,0.2528885982123392,0.24918247220405493,0.24438630913451057,0.25354262044909526
4588,1160,1143,1122,1163,0.2528334786399303,0.24912816041848299,0.24455100261551874,0.253487358326068
4589,1160,1144,1122,1163,0.25277838308999784,0.24929178470254956,0.24449771191980824,0.2534321202876444
4590,1161,1144,1122,1163,0.2529411764705882,0.24923747276688454,0.24444444444444444,0.2533769063180828
4591,1161,1144,1122,1164,0.25288608146373337,0.2491831844913962,0.24439120017425398,0.2535395338706164
4592,1161,1145,1122,1164,0.2528310104529617,0.24934668989547037,0.24433797909407665,0.2534843205574913
4593,1161,1146,1122,1164,0.2527759634225996,0.2495101241018942,0.2442847811887655,0.2534291312867407
4594,1162,1146,1122,1164,0.25293861558554637,0.24945581192860253,0.24423160644318676,0.2533739660426643
4595,1162,1147,1122,1164,0.2528835690968444,0.24961915125136017,0.2441784548422198,0.2533188248095756
4596,1162,1148,1122,1164,0.25282854656222803,0.24978241949521324,0.24412532637075718,0.25326370757180156
4597,1162,1148,1122,1165,0.2527735479660648,0.24972808353273873,0.2440722210137046,0.2534261474874918
4598,1163,1148,1122,1165,0.25293605915615486,0.2496737712048717,0.24401913875598086,0.2533710308829926
4599,1163,1149,1122,1165,0.25288106110023917,0.24983692106979777,0.24396607958251793,0.2533159382474451
4600,1163,1149,1123,1165,0.25282608695652176,0.24978260869565216,0.2441304347826087,0.2532608695652174
4601,1163,1149,1124,1165,0.252771136709411,0.24972831993044992,0.24429471853944795,0.25320582482069115
4602,1163,1150,1124,1165,0.252716210343329,0.24989135158626685,0.24424163407214255,0.2531508039982616
4603,1163,1150,1125,1165,0.2526613078427113,0.24983706278514012,0.244405822289811,0.2530958070823376
4604,1163,1151,1125,1165,0.25260642919200693,0.25,0.2443527367506516,0.25304083405734146
4605,1163,1151,1126,1165,0.2525515743756786,0.2499457111834962,0.24451682953311618,0.252985884907709
4606,1163,1152,1126,1165,0.2524967433782023,0.25010855405992183,0.2444637429439861,0.2529309596178897
4607,1163,1152,1126,1166,0.25244193618406774,0.25005426524853486,0.24441067940091166,0.2530931191664858
4608,1163,1152,1127,1166,0.2523871527777778,0.25,0.2445746527777778,0.2530381944444444
4609,1163,1153,1127,1166,0.252332393143849,0.25016272510305926,0.24452158819700587,0.2529832935560859
4610,1164,1153,1127,1166,0.25249457700650757,0.25010845986984814,0.24446854663774403,0.2529284164859002
4611,1164,1153,1128,1166,0.2524398178269356,0.2500542181739319,0.2446324007807417,0.25287356321839083
4612,1164,1153,1128,1167,0.2523850823937554,0.25,0.2445793581960104,0.25303555941023415
4613,1165,1153,1128,1167,0.25254714936050293,0.24994580533275526,0.24452633860828094,0.25298070669846084
4614,1165,1153,1128,1168,0.25249241439098397,0.24989163415691373,0.2444733420026008,0.2531426094495015
4615,1166,1153,1128,1168,0.25265438786565547,0.24983748645720477,0.24442036836403033,0.25308775731310945
4616,1166,1153,1129,1168,0.25259965337954937,0.24978336221837089,0.2445840554592721,0.2530329289428076
4617,1166,1153,1129,1169,0.25254494260342214,0.24972926142516785,0.24453108078839073,0.2531947151830193
4618,1166,1154,1129,1169,0.25249025552187093,0.2498917280207882,0.24447812906019922,0.2531398873971416
4619,1166,1154,1130,1169,0.2524355921195064,0.2498376271920329,0.24464169733708596,0.25308508335137475
4620,1166,1155,1130,1169,0.2523809523809524,0.25,0.24458874458874458,0.25303030303030305
4621,1166,1155,1130,1170,0.25232633629084616,0.24994589915602683,0.24453581475871022,0.2531919497944168
4622,1166,1155,1130,1171,0.25227174383383816,0.24989182172219818,0.2444829078321073,0.25335352661185634
4623,1167,1155,1130,1171,0.25243348475016225,0.24983776768332253,0.2444300237940731,0.2532987237724421
4624,1167,1156,1130,1171,0.252378892733564,0.25,0.24437716262975778,0.2532439446366782
4625,1168,1156,1130,1171,0.25254054054054054,0.24994594594594594,0.24432432432432433,0.2531891891891892
4626,1168,1156,1131,1171,0.25248594898400345,0.24989191526156507,0.2444876783398184,0.25313445741461305
4627,1168,1156,1132,1171,0.25243138102442186,0.2498379079317052,0.24465096174627188,0.253079749297601
4628,1168,1156,1133,1171,0.25237683664649957,0.2497839239412273,0.24481417458945548,0.2530250648228176
4629,1168,1156,1133,1172,0.25232231583495357,0.2497299632750054,0.2447612875351048,0.2531864333549363
4630,1169,1156,1133,1172,0.2524838012958963,0.24967602591792656,0.2447084233261339,0.2531317494600432
4631,1169,1156,1133,1173,0.2524292809328439,0.24962211185489094,0.24465558194774348,0.2532930252645217
4632,1169,1156,1134,1173,0.25237478411053543,0.24956822107081175,0.24481865284974094,0.25323834196891193
4633,1169,1156,1135,1173,0.25232031081372763,0.24951435355061516,0.24498165335635658,0.25318368227930066
4634,1170,1156,1135,1173,0.25248165731549416,0.2494605092792404,0.24492878722485972,0.2531290461804057
4635,1171,1156,1135,1173,0.25264293419633227,0.2494066882416397,0.24487594390507011,0.2530744336569579
4636,1171,1156,1135,1174,0.252588438308887,0.24935289042277825,0.24482312338222606,0.2532355478861087
4637,1171,1156,1135,1175,0.25253396592624544,0.24929911580763425,0.2447703256415786,0.2533965926245417
4638,1171,1157,1135,1175,0.252479517033204,0.24946097455799915,0.24471755066839154,0.25334195774040535
4639,1172,1157,1135,1175,0.25264065531364516,0.24940719982754905,0.24466479844794137,0.2532873464108644
4640,1172,1157,1136,1175,0.2525862068965517,0.24935344827586206,0.24482758620689654,0.25323275862068967
4641,1173,1157,1136,1175,0.25274725274725274,0.24929971988795518,0.24477483301012712,0.25317819435466493
4642,1174,1157,1136,1175,0.25290822921154676,0.24924601464885826,0.24472210254200777,0.25312365359758726
4643,1174,1157,1136,1176,0.2528537583458971,0.24919233254361403,0.24466939478785268,0.2532845143226362
4644,1175,1157,1136,1176,0.25301464254952627,0.2491386735572782,0.2446167097329888,0.2532299741602067
4645,1175,1158,1136,1176,0.2529601722282024,0.24930032292787943,0.24456404736275564,0.25317545748116255
4646,1176,1158,1136,1176,0.2531209642703401,0.24924666379681445,0.24451140766250537,0.2531209642703401
4647,1176,1158,1137,1176,0.2530664945125888,0.24919302775984506,0.2446739832149774,0.2530664945125888
4648,1177,1158,1137,1176,0.2532271944922547,0.24913941480206542,0.2446213425129088,0.25301204819277107
4649,1177,1159,1137,1176,0.25317272531727253,0.24930092493009248,0.24456872445687244,0.25295762529576254
4650,1178,1159,1137,1176,0.25333333333333335,0.24924731182795698,0.24451612903225806,0.25290322580645164
4651,1178,1160,1137,1176,0.2532788647602666,0.24940872930552568,0.24446355622446786,0.25284884970973986
4652,1178,1160,1138,1176,0.2532244196044712,0.24935511607910577,0.24462596732588135,0.2527944969905417
4653,1178,1161,1138,1176,0.2531699978508489,0.2495164410058027,0.24457339350956372,0.25274016763378465
4654,1178,1162,1138,1176,0.25311559948431456,0.24967769660507091,0.2445208422862054,0.2526858616244091
4655,1178,1162,1138,1177,0.2530612244897959,0.24962406015037594,0.24446831364124597,0.2528464017185822
4656,1178,1162,1138,1178,0.25300687285223367,0.2495704467353952,0.24441580756013745,0.25300687285223367
4657,1178,1162,1138,1179,0.2529525445565815,0.24951685634528667,0.24436332402834443,0.2531672750697874
4658,1178,1162,1138,1180,0.25289823958780594,0.24946328896522113,0.24431086303134392,0.253327608415629
4659,1178,1162,1139,1180,0.25284395793088643,0.24940974458038206,0.24447306288903198,0.2532732345996995
4660,1178,1162,1140,1180,0.25278969957081543,0.24935622317596567,0.2446351931330472,0.2532188841201717
4661,1179,1162,1140,1180,0.2529500107273117,0.24930272473718088,0.24458270757348208,0.25316455696202533
4662,1180,1162,1140,1180,0.2531102531102531,0.24924924924924924,0.24453024453024452,0.2531102531102531
4663,1180,1163,1140,1180,0.2530559725498606,0.2494102509114304,0.24447780398884839,0.2530559725498606
4664,1180,1163,1140,1181,0.25300171526586623,0.24935677530017153,0.2444253859348199,0.25321612349914235
4665,1180,1163,1141,1181,0.2529474812433012,0.24930332261521973,0.24458735262593784,0.2531618435155413
4666,1180,1163,1141,1182,0.2528932704672096,0.24924989284183455,0.24453493356193742,0.2533219031290184
4667,1181,1163,1141,1182,0.2530533533319049,0.2491964859652882,0.2444825369616456,0.25326762374116135
4668,1181,1163,1142,1182,0.25299914310197086,0.24914310197086548,0.24464438731790916,0.2532133676092545
4669,1181,1163,1142,1183,0.25294495609338186,0.2490897408438638,0.244591989719426,0.25337331334332835
4670,1181,1163,1143,1183,0.2528907922912206,0.24903640256959314,0.24475374732334046,0.25331905781584585
4671,1181,1163,1143,1184,0.25283665168058234,0.24898308713337616,0.24470134874759153,0.25347891243845
4672,1181,1164,1143,1184,0.2527825342465753,0.24914383561643835,0.24464897260273974,0.2534246575342466
4673,1181,1165,1143,1184,0.25272843997432054,0.2493045153006634,0.24459661887438477,0.2533704258506313
4674,1182,1165,1143,1184,0.25288831835686776,0.24925117672229355,0.24454428754813864,0.25331621737270005
4675,1182,1165,1143,1185,0.25283422459893046,0.24919786096256685,0.24449197860962568,0.253475935828877
4676,1183,1165,1143,1185,0.25299401197604793,0.24914456800684345,0.24443969204448246,0.2534217279726262
4677,1183,1165,1143,1186,0.2529399187513363,0.24909129784049605,0.24438742783835793,0.2535813555698097
4678,1184,1165,1143,1186,0.25309961522017954,0.24903805044890978,0.2443351859769132,0.2535271483539974
4679,1185,1165,1143,1186,0.2532592434280829,0.24898482581748238,0.24428296644582176,0.25347296430861294
4680,1185,1165,1144,1186,0.2532051282051282,0.24893162393162394,0.24444444444444444,0.2534188034188034
4681,1185,1166,1144,1186,0.25315103610339673,0.24909207434308908,0.2443922238837855,0.2533646656697287
4682,1185,1166,1144,1187,0.2530969671080735,0.2490388722768048,0.24434002563007262,0.2535241349850491
4683,1185,1167,1144,1187,0.2530429212043562,0.24919923126201154,0.2442878496690156,0.2534699978646167
4684,1186,1167,1144,1187,0.25320239111870196,0.24914602903501282,0.24423569598633646,0.2534158838599488
4685,1186,1167,1144,1188,0.25314834578441836,0.24909284951974386,0.2441835645677695,0.2535752401280683
4686,1186,1167,1144,1189,0.25309432351685873,0.24903969270166454,0.24413145539906103,0.2537345283824157
4687,1186,1168,1144,1189,0.2530403243012588,0.24919991465756347,0.2440793684659697,0.253680392575208
4688,1186,1169,1144,1189,0.2529863481228669,0.24936006825938567,0.2440273037542662,0.25362627986348124
4689,1186,1170,1144,1189,0.2529323949669439,0.2495201535508637,0.24397526124973343,0.25357219023245897
4690,1187,1170,1144,1189,0.253091684434968,0.24946695095948826,0.2439232409381663,0.2535181236673774
4691,1188,1170,1144,1189,0.253250905990194,0.2494137710509486,0.24387124280537198,0.25346408015348537
4692,1189,1170,1144,1189,0.25341005967604435,0.24936061381074168,0.24381926683716965,0.25341005967604435
4693,1189,1170,1144,1190,0.25335606222032814,0.24930747922437674,0.24376731301939059,0.25356914553590454
4694,1189,1171,1144,1190,0.25330208777162333,0.24946740519812527,0.24371538133787815,0.2535151256923732
4695,1189,1172,1144,1190,0.25324813631522897,0.24962726304579338,0.24366347177848774,0.2534611288604899
4696,1190,1172,1144,1190,0.25340715502555367,0.2495741056218058,0.24361158432708688,0.25340715502555367
4697,1190,1172,1145,1190,0.2533532041728763,0.24952097083244623,0.24377262082180115,0.2533532041728763
4698,1191,1172,1145,1190,0.25351213282247764,0.24946785866326096,0.24372073222647936,0.25329927628778204
4699,1191,1172,1145,1191,0.25345818259204084,0.24941476909980848,0.24366886571610982,0.25345818259204084
4700,1191,1172,1146,1191,0.25340425531914895,0.24936170212765957,0.24382978723404256,0.25340425531914895
4701,1192,1172,1146,1191,0.25356307168687514,0.24930865773239735,0.24377791959157627,0.25335035098915126
4702,1192,1172,1147,1191,0.2535091450446618,0.2492556358996172,0.24393874946831134,0.2532964695874096
4703,1192,1173,1147,1191,0.2534552413353179,0.2494152668509462,0.2438868807144376,0.2532426110992983
4704,1192,1174,1147,1191,0.2534013605442177,0.2495748299319728,0.24383503401360543,0.2531887755102041
4705,1192,1174,1147,1192,0.25334750265674816,0.24952178533475028,0.24378320935175346,0.25334750265674816
4706,1192,1175,1147,1192,0.2532936676583085,0.24968125796855078,0.24373140671483212,0.2532936676583085
4707,1192,1175,1148,1192,0.2532398555343106,0.2496282132993414,0.24389207563203738,0.2532398555343106
4708,1193,1175,1148,1192,0.2533984706881903,0.24957519116397622,0.24384027187765506,0.2531860662701784
4709,1194,1175,1148,1192,0.25355701847526013,0.24952219154809938,0.243788490125292,0.2531322998513485
4710,1195,1175,1148,1192,0.2537154989384289,0.2494692144373673,0.24373673036093418,0.25307855626326964
4711,1195,1176,1148,1192,0.2536616429632774,0.24962852897473997,0.2436849925705795,0.2530248354914031
4712,1195,1176,1148,1193,0.25360780984719866,0.2495755517826825,0.2436332767402377,0.25318336162988114
4713,1195,1177,1148,1193,0.25355399957564184,0.2497347761510715,0.2435815828559304,0.2531296414173562
4714,1195,1178,1148,1193,0.25350021213406876,0.24989393296563428,0.24352991090369114,0.2530759439966059
4715,1195,1178,1148,1194,0.25344644750795337,0.24984093319194062,0.24347826086956523,0.2532343584305408
4716,1195,1178,1148,1195,0.253392705682782,0.24978795589482614,0.24342663273960985,0.253392705682782
4717,1195,1179,1148,1195,0.2533389866440534,0.24994700021199914,0.243375026499894,0.2533389866440534
4718,1196,1179,1148,1195,0.2534972445951674,0.24989402289105553,0.2433234421364985,0.2532852903772785
4719,1196,1180,1148,1195,0.2534435261707989,0.2500529773257046,0.243271879635516,0.2532316168679805
4720,1196,1180,1148,1196,0.2533898305084746,0.25,0.24322033898305084,0.2533898305084746
4721,1196,1181,1148,1196,0.2533361575937301,0.25015886464732046,0.24316882016521923,0.2533361575937301
4722,1197,1181,1148,1196,0.25349428208386277,0.25010588733587463,0.2431173231681491,0.2532825074121135
4723,1197,1181,1148,1197,0.2534406097819183,0.2500529324581834,0.2430658479779801,0.2534406097819183
4724,1197,1182,1148,1197,0.2533869602032176,0.2502116850127011,0.24301439458086369,0.2533869602032176
4725,1198,1182,1148,1197,0.2535449735449735,0.25015873015873014,0.24296296296296296,0.25333333333333335
4726,1198,1183,1148,1197,0.25349132458738893,0.25031739314430806,0.24291155311045282,0.2532797291578502
4727,1198,1184,1148,1197,0.25343769832874974,0.25047598899936535,0.2428601650095198,0.2532261476623651
4728,1199,1184,1148,1197,0.25359560067681897,0.25042301184433163,0.2428087986463621,0.25317258883248733
4729,1200,1184,1148,1197,0.2537534362444491,0.25037005709452315,0.24275745400718968,0.253119052653838
4730,1200,1185,1148,1197,0.2536997885835095,0.25052854122621565,0.2427061310782241,0.25306553911205076
4731,1200,1186,1148,1197,0.2536461636017755,0.2506869583597548,0.24265482984569858,0.25301204819277107
4732,1200,1187,1148,1197,0.25359256128486896,0.2508453085376162,0.24260355029585798,0.2529585798816568
4733,1201,1187,1148,1197,0.25375026410310586,0.2507923093175576,0.2425522924149588,0.25290513416437777
4734,1201,1187,1148,1198,0.2536966624419096,0.2507393324883819,0.24250105618926912,0.2530629488804394
4735,1201,1187,1148,1199,0.2536430834213305,0.2506863780359028,0.24244984160506863,0.253220696937698
4736,1202,1187,1148,1199,0.25380067567567566,0.25063344594594594,0.24239864864864866,0.2531672297297297
4737,1203,1187,1148,1199,0.2539582013932869,0.2505805362043487,0.242347477306312,0.25311378509605237
4738,1203,1188,1148,1199,0.2539046010975095,0.250738708315745,0.24229632756437317,0.25306036302237234
4739,1203,1189,1148,1199,0.253851023422663,0.2508968136737708,0.24224519940915806,0.2530069634944081
4740,1203,1189,1149,1199,0.2537974683544304,0.2508438818565401,0.24240506329113923,0.2529535864978903
4741,1203,1189,1149,1200,0.25374393587850663,0.2507909723686986,0.242353933769247,0.2531111579835478
4742,1203,1189,1149,1201,0.2536904259805989,0.2507380851961198,0.24230282581189372,0.2532686630113876
4743,1203,1189,1149,1202,0.25363693864642634,0.25068522032468904,0.2422517394054396,0.2534261016234451
4744,1203,1189,1150,1202,0.2535834738617201,0.25063237774030356,0.2424114671163575,0.2533726812816189
4745,1203,1190,1150,1202,0.25353003161222337,0.2507903055848261,0.24236037934668073,0.25331928345626975
4746,1203,1190,1151,1202,0.2534766118836915,0.25073746312684364,0.24252001685630004,0.2532659081331648
4747,1203,1191,1151,1202,0.2534232146618917,0.25089530229618706,0.24246892774383821,0.253212555298083
4748,1203,1192,1151,1202,0.2533698399326032,0.2510530749789385,0.2424178601516428,0.2531592249368155
4749,1204,1192,1151,1202,0.25352705832806904,0.2510002105706465,0.24236681406611918,0.2531059170351653
4750,1205,1192,1151,1202,0.2536842105263158,0.25094736842105264,0.2423157894736842,0.25305263157894736
4751,1205,1193,1151,1202,0.2536308145653547,0.2511050305198905,0.24226478636076615,0.25299936855398863
4752,1206,1193,1151,1202,0.2537878787878788,0.2510521885521885,0.24221380471380471,0.2529461279461279
4753,1207,1193,1151,1202,0.2539448769198401,0.2509993688196928,0.242162844519251,0.2528929097412161
4754,1207,1194,1151,1202,0.2538914598233067,0.2511569204880101,0.24211190576356753,0.25283971392511567
4755,1207,1194,1152,1202,0.25383806519453206,0.25110410094637226,0.24227129337539433,0.25278654048370136
4756,1207,1194,1153,1202,0.253784693019344,0.2510513036164844,0.24243061396131202,0.25273338940285955
4757,1207,1194,1154,1202,0.2537313432835821,0.25099852848433885,0.2425898675635905,0.25268026066848853
4758,1207,1194,1154,1203,0.2536780159730979,0.2509457755359395,0.24253888188314418,0.25283732660781844
4759,1208,1194,1154,1203,0.25383483925194367,0.25089304475730195,0.24248791762975416,0.2527841983610002
4760,1209,1194,1154,1203,0.25399159663865545,0.2508403361344538,0.24243697478991597,0.2527310924369748
4761,1209,1195,1154,1203,0.25393824826717076,0.2509976895610166,0.24238605335013652,0.2526780088216761
4762,1209,1195,1154,1204,0.25388492230155396,0.250944981100378,0.24233515329693406,0.252834943301134
4763,1209,1195,1155,1204,0.2538316187276926,0.2508922947722024,0.24249422632794457,0.2527818601721604
4764,1209,1196,1155,1204,0.25377833753148615,0.2510495382031906,0.24244332493702772,0.25272879932829556
4765,1209,1197,1155,1204,0.25372507869884575,0.2512067156348374,0.24239244491080797,0.2526757607555089
4766,1210,1197,1155,1204,0.25388166177087707,0.251154007553504,0.24234158623583718,0.2526227444397818
4767,1210,1197,1155,1205,0.2538284036081393,0.2511013215859031,0.2422907488986784,0.2527795259072792
4768,1210,1197,1156,1205,0.2537751677852349,0.2510486577181208,0.2424496644295302,0.2527265100671141
4769,1210,1197,1157,1205,0.25372195428811073,0.250996015936255,0.24260851331516042,0.25267351646047387
4770,1210,1197,1158,1205,0.25366876310272535,0.2509433962264151,0.24276729559748428,0.2526205450733753
4771,1211,1197,1158,1205,0.25382519387968977,0.2508907985747223,0.24271641165374136,0.2525675958918466
4772,1211,1197,1158,1206,0.25377200335289185,0.2508382229673093,0.2426655490360436,0.2527242246437552
4773,1211,1197,1159,1206,0.25371883511418397,0.25078566939032054,0.2428242195684056,0.2526712759270899
4774,1211,1197,1160,1206,0.2536656891495601,0.250733137829912,0.24298282362798493,0.25261834939254296
4775,1212,1197,1160,1206,0.2538219895287958,0.2506806282722513,0.24293193717277486,0.252565445026178
4776,1212,1197,1161,1206,0.2537688442211055,0.2506281407035176,0.24309045226130654,0.25251256281407036
4777,1212,1197,1161,1207,0.2537157211639104,0.2505756751099016,0.2430395645802805,0.2526690391459075
4778,1212,1197,1161,1208,0.25366262034323983,0.2505232314776057,0.24298869820008373,0.25282544997907075
4779,1212,1198,1161,1208,0.25360954174513495,0.25068005858966314,0.24293785310734464,0.2527725465578573
4780,1212,1198,1162,1208,0.2535564853556485,0.2506276150627615,0.24309623430962343,0.25271966527196654
4781,1212,1199,1162,1208,0.253503451160845,0.2507843547375026,0.2430453879941435,0.2526668061075089
4782,1212,1200,1162,1208,0.2534504391468005,0.25094102885821834,0.24299456294437474,0.25261396905060646
4783,1212,1200,1162,1209,0.2533974492996028,0.250888563662973,0.24294375914697888,0.25277022789044534
4784,1212,1201,1162,1209,0.25334448160535117,0.25104515050167225,0.24289297658862877,0.25271739130434784
4785,1212,1201,1163,1209,0.25329153605015675,0.2509926854754441,0.24305120167189131,0.2526645768025078
4786,1213,1201,1163,1209,0.25344755536982866,0.25094024237358964,0.24300041788549936,0.25261178437108234
4787,1213,1201,1163,1210,0.2533946104031753,0.2508878211823689,0.24294965531648213,0.2527679130979737
4788,1213,1201,1164,1210,0.25334168755221387,0.25083542188805347,0.24310776942355888,0.2527151211361738
4789,1214,1201,1164,1210,0.2534975986636041,0.2507830444769263,0.24305700563792024,0.2526623512215494
4790,1214,1201,1164,1211,0.2534446764091858,0.25073068893528183,0.2430062630480167,0.25281837160751564
4791,1214,1201,1165,1211,0.25339177624713005,0.250678355249426,0.24316426633270716,0.2527656021707368
4792,1215,1201,1165,1211,0.25354757929883137,0.2506260434056761,0.2431135225375626,0.2527128547579299
4793,1216,1201,1165,1211,0.2537033173377843,0.2505737533903609,0.24306279991654497,0.25266012935530985
4794,1216,1201,1166,1211,0.25365039632874425,0.2505214851898206,0.24322069253233208,0.25260742594910307
4795,1216,1202,1166,1211,0.2535974973931178,0.25067778936392077,0.24316996871741398,0.25255474452554744
4796,1216,1202,1166,1212,0.2535446205170976,0.2506255212677231,0.24311926605504589,0.2527105921601334
4797,1216,1203,1166,1212,0.25349176568688764,0.2507817385866166,0.24306858453199917,0.25265791119449654
4798,1216,1203,1167,1212,0.2534389328887036,0.2507294706127553,0.2432263443101292,0.25260525218841184
4799,1216,1204,1167,1212,0.25338612210877265,0.2508856011669098,0.24317566159616585,0.2525526151281517
4800,1216,1204,1168,1212,0.25333333333333335,0.25083333333333335,0.24333333333333335,0.2525
4801,1216,1205,1168,1212,0.2532805665486357,0.2509893772130806,0.24328264944803166,0.252447406790252
4802,1216,1205,1168,1213,0.2532278217409413,0.2509371095376926,0.2432319866722199,0.25260308204914617
4803,1216,1206,1168,1213,0.253175098896523,0.25109306683322924,0.24318134499271288,0.2525504892775349
4804,1216,1206,1168,1214,0.2531223980016653,0.25104079933388845,0.24313072439633637,0.2527060782681099
4805,1216,1206,1168,1215,0.2530697190426639,0.25098855359001043,0.24308012486992717,0.25286160249739853
4806,1216,1207,1168,1215,0.2530170620058261,0.2511444028297961,0.24302954640033292,0.25280898876404495
4807,1217,1207,1168,1215,0.2531724568337841,0.251092157270647,0.2429789889744123,0.25275639692115665
4808,1217,1208,1168,1215,0.2531198003327787,0.2512479201331115,0.24292845257903495,0.2527038269550749
4809,1217,1208,1168,1216,0.2530671657309212,0.2511956747764608,0.2428779372010813,0.2528592222915367
4810,1217,1208,1169,1216,0.253014553014553,0.25114345114345116,0.24303534303534305,0.2528066528066528
4811,1217,1209,1169,1216,0.25296196217002703,0.25129910621492413,0.2429848264394097,0.2527541051756392
4812,1217,1209,1170,1216,0.2529093931837074,0.25124688279301743,0.243142144638404,0.25270157938487114
4813,1217,1209,1171,1216,0.2528568460419697,0.2511946810720964,0.2432993974651984,0.2526490754207355
4814,1217,1209,1171,1217,0.2528043207312007,0.25114250103863733,0.24324885749896136,0.2528043207312007
4815,1217,1210,1171,1217,0.25275181723779855,0.2512980269989616,0.24319833852544132,0.25275181723779855
4816,1217,1211,1171,1217,0.25269933554817275,0.251453488372093,0.24314784053156147,0.25269933554817275
4817,1217,1211,1172,1217,0.25264687564874405,0.2514012871081586,0.24330496159435333,0.25264687564874405
4818,1218,1211,1172,1217,0.25280199252801994,0.2513491075134911,0.24325446243254462,0.25259443752594435
4819,1218,1211,1172,1218,0.2527495330981531,0.2512969495746005,0.24320398422909317,0.2527495330981531
4820,1219,1211,1172,1218,0.2529045643153527,0.2512448132780083,0.24315352697095435,0.25269709543568464
4821,1220,1211,1172,1218,0.25305953121758973,0.25119269861024685,0.2431030906450944,0.2526446795270691
4822,1220,1212,1172,1218,0.2530070510161759,0.2513479883865616,0.24305267523849025,0.2525922853587723
4823,1220,1212,1172,1219,0.25295459257723407,0.2512958739373834,0.2430022807381298,0.25274725274725274
4824,1220,1213,1172,1219,0.25290215588723053,0.25145107794361526,0.2429519071310116,0.2526948590381426
4825,1220,1213,1173,1219,0.2528497409326425,0.25139896373056997,0.24310880829015544,0.2526424870466321
4826,1220,1214,1173,1219,0.25279734769995854,0.25155408205553254,0.24305843348528802,0.2525901367592209
4827,1221,1214,1173,1219,0.25295214418893724,0.25150196809612596,0.2430080795525171,0.2525378081624197
4828,1222,1214,1173,1219,0.2531068765534383,0.2514498757249379,0.24295774647887325,0.2524855012427506
4829,1222,1214,1174,1219,0.2530544626216608,0.2513978049285566,0.24311451646303583,0.25243321598674673
4830,1222,1214,1174,1220,0.25300207039337475,0.2513457556935818,0.24306418219461698,0.2525879917184265
4831,1222,1214,1174,1221,0.25294969985510246,0.25129372800662386,0.243013868764231,0.25274270337404264
4832,1222,1214,1175,1221,0.25289735099337746,0.25124172185430466,0.2431705298013245,0.25269039735099336
4833,1222,1214,1175,1222,0.25284502379474444,0.25118973722325677,0.2431202151872543,0.25284502379474444
4834,1222,1214,1176,1222,0.2527927182457592,0.2511377741001241,0.24327678940835748,0.2527927182457592
4835,1222,1214,1176,1223,0.25274043433298865,0.2510858324715615,0.24322647362978284,0.252947259565667
4836,1223,1214,1176,1223,0.25289495450785776,0.2510339123242349,0.24317617866004962,0.25289495450785776
4837,1223,1215,1176,1223,0.2528426710771139,0.25118875335952034,0.24312590448625182,0.2528426710771139
4838,1223,1215,1176,1224,0.25279040926002483,0.2511368334022323,0.243075651095494,0.25299710624224886
4839,1223,1216,1176,1224,0.25273816904319074,0.2512915891713164,0.2430254184748915,0.25294482331060136
4840,1223,1216,1177,1224,0.2526859504132231,0.2512396694214876,0.2431818181818182,0.2528925619834711
4841,1224,1216,1177,1224,0.25284032224746955,0.25118777112166907,0.24313158438339186,0.25284032224746955
4842,1224,1217,1177,1224,0.2527881040892193,0.2513424204874019,0.24308137133415944,0.2527881040892193
4843,1224,1217,1178,1224,0.25273590749535413,0.25129052240346894,0.24323766260582283,0.25273590749535413
4844,1224,1218,1178,1224,0.2526837324525186,0.2514450867052023,0.24318744838976053,0.2526837324525186
4845,1224,1219,1178,1224,0.25263157894736843,0.2515995872033024,0.24313725490196078,0.25263157894736843
4846,1224,1219,1179,1224,0.25257944696657036,0.25154766817994223,0.24329343788691704,0.25257944696657036
4847,1224,1220,1179,1224,0.25252733649680215,0.25170208376315245,0.24324324324324326,0.25252733649680215
4848,1224,1221,1179,1224,0.2524752475247525,0.25185643564356436,0.2431930693069307,0.2524752475247525
4849,1224,1222,1179,1224,0.25242318003712105,0.2520107238605898,0.24314291606516808,0.25242318003712105
4850,1225,1222,1179,1224,0.25257731958762886,0.25195876288659796,0.24309278350515465,0.25237113402061856
4851,1225,1222,1180,1224,0.25252525252525254,0.25190682333539477,0.2432488146773861,0.2523191094619666
4852,1225,1222,1181,1224,0.2524732069249794,0.25185490519373455,0.2434047815333883,0.2522671063478978
4853,1225,1222,1182,1224,0.25242118277354214,0.25180300844838244,0.24356068411291984,0.25221512466515555
4854,1226,1222,1182,1224,0.25257519571487436,0.2517511330861145,0.24351050679851668,0.2521631644004944
4855,1226,1223,1182,1224,0.2525231719876416,0.2519052523171988,0.24346035015447992,0.2521112255406797
4856,1226,1224,1182,1224,0.2524711696869852,0.25205930807248766,0.24341021416803954,0.25205930807248766
4857,1226,1225,1182,1224,0.25241918879967057,0.252213300391188,0.24336009882643608,0.2520074119827054
4858,1226,1226,1182,1224,0.2523672293124743,0.2523672293124743,0.24331000411692055,0.2519555372581309
4859,1226,1226,1182,1225,0.2523152912121836,0.2523152912121836,0.24325993002675447,0.25210948754887835
4860,1227,1226,1182,1225,0.25246913580246916,0.2522633744855967,0.24320987654320989,0.25205761316872427
4861,1227,1227,1182,1225,0.25241719810738533,0.25241719810738533,0.2431598436535692,0.25200576013166015
4862,1227,1227,1183,1225,0.2523652817770465,0.2523652817770465,0.24331550802139038,0.25195392842451664
4863,1227,1227,1184,1225,0.2523133867982727,0.2523133867982727,0.24347110836931934,0.2519021180341353
4864,1227,1228,1184,1225,0.25226151315789475,0.2524671052631579,0.24342105263157895,0.2518503289473684
4865,1227,1228,1184,1226,0.25220966084275437,0.25241521068859196,0.2433710174717369,0.2520041109969168
4866,1228,1228,1184,1226,0.25236333744348544,0.25236333744348544,0.24332100287710645,0.25195232223592273
4867,1228,1228,1184,1227,0.2523114855146908,0.2523114855146908,0.2432710088350113,0.2521060201356071
4868,1229,1228,1184,1227,0.25246507806080526,0.2522596548890715,0.24322103533278555,0.2520542317173377
4869,1229,1228,1185,1227,0.25241322653522286,0.25220784555350173,0.24337646333949475,0.25200246457178066
4870,1230,1228,1185,1227,0.25256673511293637,0.2521560574948665,0.2433264887063655,0.25195071868583163
4871,1231,1228,1185,1227,0.2527201806610552,0.2521042907000616,0.24327653459248613,0.25189899404639704
4872,1231,1228,1185,1228,0.25266830870279144,0.25205254515599346,0.24322660098522167,0.25205254515599346
4873,1231,1228,1185,1229,0.25261645803406524,0.2520008208495793,0.24317668787194746,0.252206033244408
4874,1231,1228,1186,1229,0.25256462864177265,0.25194911776774725,0.24333196553139105,0.25215428805908907
4875,1232,1228,1186,1229,0.2527179487179487,0.2518974358974359,0.24328205128205127,0.2521025641025641
4876,1233,1228,1186,1229,0.2528712059064807,0.25184577522559476,0.2432321575061526,0.25205086136177196
4877,1233,1228,1186,1230,0.25281935616157475,0.2517941357391839,0.24318228419110108,0.25220422390814023
4878,1233,1228,1186,1231,0.25276752767527677,0.25174251742517423,0.24313243132431325,0.2523575235752358
4879,1233,1228,1187,1231,0.2527157204345153,0.25169092027054724,0.24328755892600942,0.2523058003689281
4880,1234,1228,1187,1231,0.2528688524590164,0.25163934426229506,0.2432377049180328,0.25225409836065577
4881,1234,1228,1187,1232,0.25281704568735913,0.2515877893874206,0.24318787133784062,0.2524072935873796
4882,1234,1228,1188,1232,0.2527652601392872,0.2515362556329373,0.2433428922572716,0.2523555919705039
4883,1234,1229,1188,1232,0.2527134958017612,0.2516895351218513,0.24329305754659022,0.25230391152979725
4884,1234,1229,1188,1233,0.25266175266175267,0.25163800163800165,0.24324324324324326,0.2524570024570025
4885,1235,1229,1188,1233,0.25281473899692936,0.25158648925281474,0.24319344933469805,0.25240532241555785
4886,1235,1230,1188,1233,0.2527629963160049,0.2517396643471142,0.24314367580843227,0.2523536635284486
4887,1235,1230,1188,1234,0.2527112748107223,0.25168815224063845,0.2430939226519337,0.25250665029670555
4888,1236,1230,1188,1234,0.2528641571194763,0.2516366612111293,0.2430441898527005,0.25245499181669395
4889,1236,1230,1189,1234,0.2528124360809982,0.2515851912456535,0.24319901820413173,0.25240335446921663
4890,1236,1230,1190,1234,0.252760736196319,0.25153374233128833,0.24335378323108384,0.2523517382413088
4891,1236,1230,1191,1234,0.2527090574524637,0.25148231445512165,0.24350848497239827,0.25230014312001636
4892,1237,1230,1191,1234,0.2528618152085037,0.25143090760425185,0.24345870809484874,0.25224856909239574
4893,1237,1231,1191,1234,0.2528101369303086,0.2515838953607194,0.24340895156345801,0.252197016145514
4894,1237,1231,1191,1235,0.25275847977114835,0.2515324887617491,0.24335921536575397,0.2523498161013486
4895,1237,1231,1191,1236,0.25270684371807967,0.2514811031664964,0.24330949948927477,0.25250255362614915
4896,1237,1231,1192,1236,0.2526552287581699,0.2514297385620915,0.2434640522875817,0.25245098039215685
4897,1237,1231,1193,1236,0.252603634878497,0.2513783949356749,0.24361854196446805,0.25239942822136
4898,1238,1231,1193,1236,0.2527562270314414,0.2513270722743977,0.24356880359330338,0.2523478971008575
4899,1238,1232,1193,1236,0.2527046335986936,0.251479893855889,0.24351908552765872,0.25229638701775875
4900,1238,1232,1193,1237,0.25265306122448977,0.25142857142857145,0.24346938775510205,0.2524489795918367
4901,1239,1232,1193,1237,0.252805549887778,0.2513772699449092,0.2434197102632116,0.2523974699041012
4902,1239,1232,1193,1238,0.2527539779681763,0.25132598939208484,0.24337005303957568,0.2525499796001632
4903,1239,1232,1194,1238,0.25270242708545787,0.2512747297572915,0.2435243728329594,0.25249847032429124
4904,1239,1233,1194,1238,0.25265089722675366,0.2514274061990212,0.24347471451876018,0.25244698205546495
4905,1239,1233,1194,1239,0.25259938837920487,0.25137614678899084,0.2434250764525994,0.25259938837920487
4906,1239,1233,1194,1240,0.2525479005299633,0.2513249082755809,0.2433754586220954,0.2527517325723604
4907,1239,1233,1195,1240,0.2524964336661912,0.2512736906460159,0.24352965151823924,0.2527002241695537
4908,1240,1233,1195,1240,0.2526487367563162,0.25122249388753054,0.243480032599837,0.2526487367563162
4909,1240,1233,1196,1240,0.2525972703198207,0.25117131798737014,0.2436341413729884,0.2525972703198207
4910,1240,1233,1196,1241,0.2525458248472505,0.2511201629327902,0.24358452138492873,0.25274949083503057
4911,1240,1233,1196,1242,0.25249440032579923,0.2510690287110568,0.2435349216045612,0.2529016493585828
4912,1240,1233,1197,1242,0.252442996742671,0.2510179153094462,0.24368892508143322,0.2528501628664495
4913,1240,1233,1198,1242,0.2523916140850804,0.2509668227152453,0.24384286586606962,0.2527986973336047
4914,1240,1233,1199,1242,0.2523402523402523,0.2509157509157509,0.243996743996744,0.25274725274725274
4915,1240,1233,1200,1242,0.25228891149542215,0.2508646998982706,0.2441505595116989,0.25269582909460836
4916,1240,1233,1201,1242,0.25223759153783565,0.25081366965012203,0.24430431244914563,0.2526444263628967
4917,1241,1233,1201,1242,0.252389668497051,0.2507626601586333,0.24425462680496238,0.2525930445393533
4918,1241,1234,1201,1242,0.25233834892232615,0.2509150061000407,0.2442049613664091,0.2525416836112241
4919,1242,1234,1201,1242,0.2524903435657654,0.25086399674730636,0.24415531612116284,0.2524903435657654
4920,1243,1234,1201,1242,0.2526422764227642,0.2508130081300813,0.24410569105691057,0.2524390243902439
4921,1243,1234,1202,1242,0.2525909368014631,0.25076204023572446,0.24425929689087583,0.2523877260719366
4922,1243,1234,1203,1242,0.2525396180414466,0.25071109305160505,0.24441284030881755,0.2523364485981308
4923,1243,1234,1203,1243,0.25248832013000205,0.2506601665651026,0.24436319317489336,0.25248832013000205
4924,1243,1235,1203,1243,0.25243704305442727,0.2508123476848091,0.24431356620633632,0.25243704305442727
4925,1243,1235,1203,1244,0.25238578680203044,0.25076142131979695,0.24426395939086296,0.2525888324873096
4926,1243,1236,1203,1244,0.25233455136012994,0.25091352009744217,0.24421437271619975,0.25253755582622817
4927,1244,1236,1203,1244,0.2524862999797037,0.25086259387050946,0.2441648061700832,0.2524862999797037
4928,1244,1237,1203,1244,0.25243506493506496,0.25101461038961037,0.24411525974025974,0.25243506493506496
4929,1245,1237,1203,1244,0.2525867315885575,0.25096368431730576,0.2440657334144857,0.252383850679651
4930,1245,1238,1203,1244,0.2525354969574036,0.2511156186612576,0.24401622718052737,0.2523326572008114
4931,1245,1238,1204,1244,0.2524842831068749,0.25106469276008925,0.2441695396471304,0.2522814844859055
4932,1245,1238,1205,1244,0.2524330900243309,0.25101378751013786,0.2443227899432279,0.2522303325223033
4933,1246,1238,1205,1244,0.25258463409689846,0.25096290289884454,0.24427326170687208,0.25217920129738497
4934,1246,1239,1205,1244,0.2525334414268342,0.25111471422780707,0.244223753546818,0.25212809079854076
4935,1246,1239,1205,1245,0.2524822695035461,0.251063829787234,0.24417426545086118,0.25227963525835867
4936,1246,1239,1205,1246,0.25243111831442466,0.2510129659643436,0.24412479740680712,0.25243111831442466
4937,1246,1240,1205,1246,0.25237998784687055,0.25116467490378774,0.24407534940247114,0.25237998784687055
4938,1246,1240,1206,1246,0.25232887808829485,0.2511138112596193,0.244228432563791,0.25232887808829485
4939,1247,1240,1206,1246,0.25248025916177363,0.2510629682121887,0.24417898359991902,0.25227778902611864
4940,1248,1240,1206,1246,0.25263157894736843,0.25101214574898784,0.24412955465587044,0.2522267206477733
4941,1249,1240,1206,1246,0.252782837482291,0.2509613438575187,0.24408014571949,0.25217567294070026
4942,1249,1240,1207,1246,0.2527316875758802,0.2509105625252934,0.2442331040064751,0.2521246458923513
4943,1249,1240,1207,1247,0.2526805583653652,0.25085980173983413,0.2441836941128869,0.2522759457819138
4944,1249,1240,1207,1248,0.2526294498381877,0.25080906148867316,0.24413430420711973,0.2524271844660194
4945,1249,1240,1207,1249,0.2525783619817998,0.25075834175935285,0.24408493427704753,0.2525783619817998
4946,1249,1240,1208,1249,0.2525272947836636,0.2507076425394258,0.24423776789324708,0.2525272947836636
4947,1250,1240,1208,1249,0.25267839094400646,0.2506569638164544,0.24418839700828784,0.25247624823125125
4948,1250,1241,1208,1249,0.2526273241713824,0.25080840743734845,0.24413904607922393,0.2524252223120453
4949,1250,1242,1208,1249,0.2525762780359669,0.25095978985653666,0.24408971509395838,0.25237421701353807
4950,1250,1243,1208,1249,0.25252525252525254,0.2511111111111111,0.24404040404040403,0.25232323232323234
4951,1250,1244,1208,1249,0.2524742476267421,0.2512623712381337,0.24399111290648354,0.2522722682286407
4952,1250,1244,1209,1249,0.2524232633279483,0.25121163166397414,0.2441437802907916,0.2522213247172859
4953,1250,1245,1209,1249,0.2523722996163941,0.2513628104179285,0.2440944881889764,0.25217040177670097
4954,1250,1246,1209,1249,0.25232135647961246,0.2515139281388777,0.24404521598708115,0.25211949939442874
4955,1250,1246,1209,1250,0.2522704339051463,0.25146316851664985,0.2439959636730575,0.2522704339051463
4956,1251,1246,1209,1250,0.2524213075060533,0.2514124293785311,0.24394673123486682,0.25221953188054885
4957,1252,1246,1209,1250,0.2525721202340125,0.25136171071212426,0.24389751866048012,0.2521686503933831
4958,1252,1246,1209,1251,0.2525211778943122,0.25131101250504234,0.24384832593787817,0.25231948366276724
4959,1252,1246,1209,1252,0.25247025610002016,0.2512603347449082,0.24379915305505143,0.25247025610002016
4960,1252,1246,1210,1252,0.2524193548387097,0.25120967741935485,0.2439516129032258,0.2524193548387097
4961,1253,1246,1210,1252,0.2525700463616206,0.251159040516025,0.24390243902439024,0.25236847409796415
4962,1253,1246,1210,1253,0.2525191455058444,0.25110842402257155,0.24385328496573963,0.2525191455058444
4963,1253,1246,1211,1253,0.2524682651622003,0.25105782792665726,0.24400564174894218,0.2524682651622003
4964,1253,1247,1211,1253,0.2524174053182917,0.25120870265914585,0.24395648670427075,0.2524174053182917
4965,1253,1247,1211,1254,0.2523665659617321,0.2511581067472306,0.24390735146022155,0.2525679758308157
4966,1253,1247,1212,1254,0.252315747080145,0.2511075312122433,0.2440596053161498,0.25251711639146196
4967,1253,1247,1212,1255,0.25226494866116367,0.2510569760418764,0.24401046909603383,0.2526676062009261
4968,1253,1248,1212,1255,0.25221417069243157,0.25120772946859904,0.24396135265700483,0.2526167471819646
4969,1253,1248,1212,1256,0.25216341316160196,0.2511571744817871,0.24391225598712016,0.2527671563694908
4970,1253,1248,1213,1256,0.252112676056338,0.2511066398390342,0.24406438631790744,0.25271629778672033
4971,1254,1248,1213,1256,0.25226312613156304,0.2510561255280628,0.244015288674311,0.2526654596660632
4972,1255,1248,1213,1256,0.252413515687852,0.251005631536605,0.24396621078037006,0.252614641995173
4973,1255,1248,1214,1256,0.2523627588980495,0.25095515785240297,0.24411823848783432,0.25256384476171323
4974,1255,1249,1214,1256,0.25231202251708884,0.25110574989947726,0.2440691596300764,0.2525130679533575
4975,1255,1250,1214,1256,0.2522613065326633,0.25125628140703515,0.24402010050251255,0.2524623115577889
4976,1256,1250,1214,1256,0.25241157556270094,0.2512057877813505,0.2439710610932476,0.25241157556270094
4977,1256,1250,1215,1256,0.25236085995579666,0.25115531444645367,0.244122965641953,0.25236085995579666
4978,1256,1250,1216,1256,0.25231016472478907,0.2511048613901165,0.24427480916030533,0.25231016472478907
4979,1256,1250,1217,1256,0.2522594898574011,0.2510544286001205,0.24442659168507733,0.2522594898574011
4980,1256,1251,1217,1256,0.25220883534136546,0.2512048192771084,0.24437751004016064,0.25220883534136546
4981,1256,1252,1217,1256,0.25215820116442483,0.25135514956835975,0.2443284481027906,0.25215820116442483
4982,1256,1252,1218,1256,0.2521075873143316,0.2513046969088719,0.24448012846246486,0.2521075873143316
4983,1256,1252,1218,1257,0.2520569937788481,0.2512542644992976,0.24443106562311862,0.25225767609873573
4984,1256,1252,1218,1258,0.2520064205457464,0.25120385232744785,0.2443820224719101,0.25240770465489565
4985,1256,1252,1219,1258,0.2519558676028084,0.25115346038114345,0.2445336008024072,0.2523570712136409
4986,1256,1253,1219,1258,0.2519053349378259,0.25130365022061774,0.244484556758925,0.25230645808263136
4987,1256,1253,1219,1259,0.25185482253860036,0.2512532584720273,0.2444355323841989,0.25245638660517344
4988,1256,1253,1220,1259,0.2518043303929431,0.2512028869286287,0.24458700882117082,0.25240577385725743
4989,1256,1253,1221,1259,0.2517538584886751,0.2511525355782722,0.24473842453397474,0.252355181399078
4990,1256,1253,1221,1260,0.25170340681362724,0.25110220440881764,0.24468937875751504,0.25250501002004005
4991,1256,1254,1221,1260,0.25165297535564013,0.25125225405730317,0.24464035263474254,0.25245441795231416
4992,1256,1254,1221,1261,0.2516025641025641,0.2512019230769231,0.24459134615384615,0.2526041666666667
4993,1256,1255,1221,1261,0.2515521730422592,0.2513518926497096,0.24454235930302423,0.252553575005007
4994,1256,1256,1221,1261,0.2515018021625951,0.2515018021625951,0.2444933920704846,0.2525030036043252
4995,1256,1256,1221,1262,0.2514514514514514,0.2514514514514514,0.24444444444444444,0.25265265265265263
4996,1256,1256,1221,1263,0.2514011208967174,0.2514011208967174,0.2443955164131305,0.25280224179343475
4997,1256,1256,1221,1264,0.25135081048629176,0.25135081048629176,0.24434660796477886,0.2529517710626376
4998,1257,1256,1221,1264,0.251500600240096,0.25130052020808324,0.24429771908763506,0.25290116046418565
4999,1258,1256,1221,1264,0.25165033006601323,0.25125025005001,0.24424884976995398,0.2528505701140228
5000,1258,1257,1221,1264,0.2516,0.2514,0.2442,0.2528
