Toss,Heads,Tails,HeadProbability,TailProbability
1, 0, 1, 0, 1
2, 0, 2, 0, 1
3, 0, 3, 0, 1
4, 1, 3, 0.25, 0.75
5, 2, 3, 0.4, 0.6
6, 2, 4, 0.333333, 0.666667
7, 3, 4, 0.428571, 0.571429
8, 4, 4, 0.5, 0.5
9, 4, 5, 0.444444, 0.555556
10, 4, 6, 0.4, 0.6
11, 5, 6, 0.454545, 0.545455
12, 6, 6, 0.5, 0.5
13, 6, 7, 0.461538, 0.538462
14, 6, 8, 0.428571, 0.571429
15, 7, 8, 0.466667, 0.533333
16, 7, 9, 0.4375, 0.5625
17, 8, 9, 0.470588, 0.529412
18, 9, 9, 0.5, 0.5
19, 10, 9, 0.526316, 0.473684
20, 11, 9, 0.55, 0.45
21, 11, 10, 0.52381, 0.47619
22, 12, 10, 0.545455, 0.454545
23, 12, 11, 0.521739, 0.478261
24, 13, 11, 0.541667, 0.458333
25, 13, 12, 0.52, 0.48
26, 14, 12, 0.538462, 0.461538
27, 15, 12, 0.555556, 0.444444
28, 15, 13, 0.535714, 0.464286
29, 15, 14, 0.517241, 0.482759
30, 16, 14, 0.533333, 0.466667
31, 17, 14, 0.548387, 0.451613
32, 18, 14, 0.5625, 0.4375
33, 19, 14, 0.575758, 0.424242
34, 20, 14, 0.588235, 0.411765
35, 20, 15, 0.571429, 0.428571
36, 21, 15, 0.583333, 0.416667
37, 21, 16, 0.567568, 0.432432
38, 21, 17, 0.552632, 0.447368
39, 22, 17, 0.564103, 0.435897
40, 22, 18, 0.55, 0.45
41, 23, 18, 0.560976, 0.439024
42, 23, 19, 0.547619, 0.452381
43, 23, 20, 0.534884, 0.465116
44, 24, 20, 0.545455, 0.454545
45, 24, 21, 0.533333, 0.466667
46, 25, 21, 0.543478, 0.456522
47, 25, 22, 0.531915, 0.468085
48, 25, 23, 0.520833, 0.479167
49, 26, 23, 0.530612, 0.469388
50, 26, 24, 0.52, 0.48
51, 27, 24, 0.529412, 0.470588
52, 27, 25, 0.519231, 0.480769
53, 27, 26, 0.509434, 0.490566
54, 28, 26, 0.518519, 0.481481
55, 29, 26, 0.527273, 0.472727
56, 29, 27, 0.517857, 0.482143
57, 30, 27, 0.526316, 0.473684
58, 31, 27, 0.534483, 0.465517
59, 31, 28, 0.525424, 0.474576
60, 32, 28, 0.533333, 0.466667
61, 33, 28, 0.540984, 0.459016
62, 34, 28, 0.548387, 0.451613
63, 35, 28, 0.555556, 0.444444
64, 35, 29, 0.546875, 0.453125
65, 35, 30, 0.538462, 0.461538
66, 35, 31, 0.530303, 0.469697
67, 36, 31, 0.537313, 0.462687
68, 37, 31, 0.544118, 0.455882
69, 38, 31, 0.550725, 0.449275
70, 39, 31, 0.557143, 0.442857
71, 39, 32, 0.549296, 0.450704
72, 39, 33, 0.541667, 0.458333
73, 39, 34, 0.534247, 0.465753
74, 39, 35, 0.527027, 0.472973
75, 40, 35, 0.533333, 0.466667
76, 40, 36, 0.526316, 0.473684
77, 40, 37, 0.519481, 0.480519
78, 40, 38, 0.512821, 0.487179
79, 40, 39, 0.506329, 0.493671
80, 41, 39, 0.5125, 0.4875
81, 41, 40, 0.506173, 0.493827
82, 41, 41, 0.5, 0.5
83, 42, 41, 0.506024, 0.493976
84, 42, 42, 0.5, 0.5
85, 42, 43, 0.494118, 0.505882
86, 42, 44, 0.488372, 0.511628
87, 42, 45, 0.482759, 0.517241
88, 42, 46, 0.477273, 0.522727
89, 42, 47, 0.47191, 0.52809
90, 43, 47, 0.477778, 0.522222
91, 44, 47, 0.483516, 0.516484
92, 44, 48, 0.478261, 0.521739
93, 44, 49, 0.473118, 0.526882
94, 45, 49, 0.478723, 0.521277
95, 46, 49, 0.484211, 0.515789
96, 46, 50, 0.479167, 0.520833
97, 46, 51, 0.474227, 0.525773
98, 47, 51, 0.479592, 0.520408
99, 48, 51, 0.484848, 0.515152
100, 49, 51, 0.49, 0.51
101, 50, 51, 0.49505, 0.50495
102, 51, 51, 0.5, 0.5
103, 52, 51, 0.504854, 0.495146
104, 52, 52, 0.5, 0.5
105, 53, 52, 0.504762, 0.495238
106, 53, 53, 0.5, 0.5
107, 54, 53, 0.504673, 0.495327
108, 55, 53, 0.509259, 0.490741
109, 56, 53, 0.513761, 0.486239
110, 57, 53, 0.518182, 0.481818
111, 58, 53, 0.522523, 0.477477
112, 59, 53, 0.526786, 0.473214
113, 59, 54, 0.522124, 0.477876
114, 59, 55, 0.517544, 0.482456
115, 60, 55, 0.521739, 0.478261
116, 60, 56, 0.517241, 0.482759
117, 61, 56, 0.521368, 0.478632
118, 62, 56, 0.525424, 0.474576
119, 63, 56, 0.529412, 0.470588
120, 64, 56, 0.533333, 0.466667
121, 65, 56, 0.53719, 0.46281
122, 65, 57, 0.532787, 0.467213
123, 66, 57, 0.536585, 0.463415
124, 67, 57, 0.540323, 0.459677
125, 68, 57, 0.544, 0.456
126, 68, 58, 0.539683, 0.460317
127, 68, 59, 0.535433, 0.464567
128, 69, 59, 0.539062, 0.460938
129, 69, 60, 0.534884, 0.465116
130, 69, 61, 0.530769, 0.469231
131, 69, 62, 0.526718, 0.473282
132, 69, 63, 0.522727, 0.477273
133, 70, 63, 0.526316, 0.473684
134, 70, 64, 0.522388, 0.477612
135, 70, 65, 0.518519, 0.481481
136, 70, 66, 0.514706, 0.485294
137, 70, 67, 0.510949, 0.489051
138, 70, 68, 0.507246, 0.492754
139, 70, 69, 0.503597, 0.496403
140, 71, 69, 0.507143, 0.492857
141, 72, 69, 0.510638, 0.489362
142, 72, 70, 0.507042, 0.492958
143, 72, 71, 0.503497, 0.496503
144, 73, 71, 0.506944, 0.493056
145, 74, 71, 0.510345, 0.489655
146, 75, 71, 0.513699, 0.486301
147, 76, 71, 0.517007, 0.482993
148, 76, 72, 0.513514, 0.486486
149, 76, 73, 0.510067, 0.489933
150, 77, 73, 0.513333, 0.486667
151, 78, 73, 0.516556, 0.483444
152, 79, 73, 0.519737, 0.480263
153, 80, 73, 0.522876, 0.477124
154, 80, 74, 0.519481, 0.480519
155, 81, 74, 0.522581, 0.477419
156, 81, 75, 0.519231, 0.480769
157, 81, 76, 0.515924, 0.484076
158, 81, 77, 0.512658, 0.487342
159, 82, 77, 0.515723, 0.484277
160, 83, 77, 0.51875, 0.48125
161, 84, 77, 0.521739, 0.478261
162, 85, 77, 0.524691, 0.475309
163, 85, 78, 0.521472, 0.478528
164, 86, 78, 0.52439, 0.47561
165, 86, 79, 0.521212, 0.478788
166, 86, 80, 0.518072, 0.481928
167, 86, 81, 0.51497, 0.48503
168, 86, 82, 0.511905, 0.488095
169, 87, 82, 0.514793, 0.485207
170, 88, 82, 0.517647, 0.482353
171, 88, 83, 0.51462, 0.48538
172, 88, 84, 0.511628, 0.488372
173, 89, 84, 0.514451, 0.485549
174, 89, 85, 0.511494, 0.488506
175, 89, 86, 0.508571, 0.491429
176, 89, 87, 0.505682, 0.494318
177, 89, 88, 0.502825, 0.497175
178, 89, 89, 0.5, 0.5
179, 89, 90, 0.497207, 0.502793
180, 89, 91, 0.494444, 0.505556
181, 89, 92, 0.491713, 0.508287
182, 90, 92, 0.494505, 0.505495
183, 90, 93, 0.491803, 0.508197
184, 90, 94, 0.48913, 0.51087
185, 90, 95, 0.486486, 0.513514
186, 91, 95, 0.489247, 0.510753
187, 91, 96, 0.486631, 0.513369
188, 91, 97, 0.484043, 0.515957
189, 92, 97, 0.486772, 0.513228
190, 92, 98, 0.484211, 0.515789
191, 92, 99, 0.481675, 0.518325
192, 93, 99, 0.484375, 0.515625
193, 93, 100, 0.481865, 0.518135
194, 94, 100, 0.484536, 0.515464
195, 94, 101, 0.482051, 0.517949
196, 95, 101, 0.484694, 0.515306
197, 96, 101, 0.48731, 0.51269
198, 96, 102, 0.484848, 0.515152
199, 96, 103, 0.482412, 0.517588
200, 96, 104, 0.48, 0.52
201, 97, 104, 0.482587, 0.517413
202, 97, 105, 0.480198, 0.519802
203, 97, 106, 0.477833, 0.522167
204, 98, 106, 0.480392, 0.519608
205, 98, 107, 0.478049, 0.521951
206, 99, 107, 0.480583, 0.519417
207, 100, 107, 0.483092, 0.516908
208, 101, 107, 0.485577, 0.514423
209, 102, 107, 0.488038, 0.511962
210, 103, 107, 0.490476, 0.509524
211, 103, 108, 0.488152, 0.511848
212, 103, 109, 0.485849, 0.514151
213, 104, 109, 0.488263, 0.511737
214, 105, 109, 0.490654, 0.509346
215, 105, 110, 0.488372, 0.511628
216, 105, 111, 0.486111, 0.513889
217, 106, 111, 0.488479, 0.511521
218, 107, 111, 0.490826, 0.509174
219, 108, 111, 0.493151, 0.506849
220, 108, 112, 0.490909, 0.509091
221, 109, 112, 0.493213, 0.506787
222, 110, 112, 0.495495, 0.504505
223, 111, 112, 0.497758, 0.502242
224, 111, 113, 0.495536, 0.504464
225, 111, 114, 0.493333, 0.506667
226, 111, 115, 0.49115, 0.50885
227, 112, 115, 0.493392, 0.506608
228, 113, 115, 0.495614, 0.504386
229, 114, 115, 0.497817, 0.502183
230, 114, 116, 0.495652, 0.504348
231, 114, 117, 0.493506, 0.506494
232, 114, 118, 0.491379, 0.508621
233, 114, 119, 0.48927, 0.51073
234, 115, 119, 0.491453, 0.508547
235, 116, 119, 0.493617, 0.506383
236, 117, 119, 0.495763, 0.504237
237, 117, 120, 0.493671, 0.506329
238, 118, 120, 0.495798, 0.504202
239, 118, 121, 0.493724, 0.506276
240, 118, 122, 0.491667, 0.508333
241, 118, 123, 0.489627, 0.510373
242, 118, 124, 0.487603, 0.512397
243, 119, 124, 0.489712, 0.510288
244, 119, 125, 0.487705, 0.512295
245, 120, 125, 0.489796, 0.510204
246, 120, 126, 0.487805, 0.512195
247, 120, 127, 0.48583, 0.51417
248, 120, 128, 0.483871, 0.516129
249, 121, 128, 0.485944, 0.514056
250, 121, 129, 0.484, 0.516
251, 122, 129, 0.486056, 0.513944
252, 123, 129, 0.488095, 0.511905
253, 124, 129, 0.490119, 0.509881
254, 124, 130, 0.488189, 0.511811
255, 125, 130, 0.490196, 0.509804
256, 126, 130, 0.492188, 0.507812
257, 126, 131, 0.490272, 0.509728
258, 127, 131, 0.492248, 0.507752
259, 128, 131, 0.494208, 0.505792
260, 129, 131, 0.496154, 0.503846
261, 130, 131, 0.498084, 0.501916
262, 131, 131, 0.5, 0.5
263, 132, 131, 0.501901, 0.498099
264, 133, 131, 0.503788, 0.496212
265, 133, 132, 0.501887, 0.498113
266, 134, 132, 0.503759, 0.496241
267, 134, 133, 0.501873, 0.498127
268, 135, 133, 0.503731, 0.496269
269, 136, 133, 0.505576, 0.494424
270, 137, 133, 0.507407, 0.492593
271, 138, 133, 0.509225, 0.490775
272, 138, 134, 0.507353, 0.492647
273, 139, 134, 0.509158, 0.490842
274, 140, 134, 0.510949, 0.489051
275, 140, 135, 0.509091, 0.490909
276, 140, 136, 0.507246, 0.492754
277, 140, 137, 0.505415, 0.494585
278, 141, 137, 0.507194, 0.492806
279, 141, 138, 0.505376, 0.494624
280, 142, 138, 0.507143, 0.492857
281, 142, 139, 0.505338, 0.494662
282, 142, 140, 0.503546, 0.496454
283, 143, 140, 0.5053, 0.4947
284, 144, 140, 0.507042, 0.492958
285, 144, 141, 0.505263, 0.494737
286, 145, 141, 0.506993, 0.493007
287, 146, 141, 0.508711, 0.491289
288, 147, 141, 0.510417, 0.489583
289, 148, 141, 0.512111, 0.487889
290, 149, 141, 0.513793, 0.486207
291, 149, 142, 0.512027, 0.487973
292, 150, 142, 0.513699, 0.486301
293, 150, 143, 0.511945, 0.488055
294, 151, 143, 0.513605, 0.486395
295, 152, 143, 0.515254, 0.484746
296, 153, 143, 0.516892, 0.483108
297, 153, 144, 0.515152, 0.484848
298, 154, 144, 0.516779, 0.483221
299, 154, 145, 0.51505, 0.48495
300, 154, 146, 0.513333, 0.486667
301, 155, 146, 0.51495, 0.48505
302, 155, 147, 0.513245, 0.486755
303, 156, 147, 0.514851, 0.485149
304, 156, 148, 0.513158, 0.486842
305, 157, 148, 0.514754, 0.485246
306, 158, 148, 0.51634, 0.48366
307, 159, 148, 0.517915, 0.482085
308, 159, 149, 0.516234, 0.483766
309, 160, 149, 0.517799, 0.482201
310, 160, 150, 0.516129, 0.483871
311, 161, 150, 0.517685, 0.482315
312, 161, 151, 0.516026, 0.483974
313, 161, 152, 0.514377, 0.485623
314, 161, 153, 0.512739, 0.487261
315, 161, 154, 0.511111, 0.488889
316, 162, 154, 0.512658, 0.487342
317, 163, 154, 0.514196, 0.485804
318, 163, 155, 0.512579, 0.487421
319, 163, 156, 0.510972, 0.489028
320, 164, 156, 0.5125, 0.4875
321, 165, 156, 0.514019, 0.485981
322, 166, 156, 0.515528, 0.484472
323, 167, 156, 0.517028, 0.482972
324, 168, 156, 0.518519, 0.481481
325, 168, 157, 0.516923, 0.483077
326, 168, 158, 0.515337, 0.484663
327, 169, 158, 0.51682, 0.48318
328, 169, 159, 0.515244, 0.484756
329, 169, 160, 0.513678, 0.486322
330, 170, 160, 0.515152, 0.484848
331, 171, 160, 0.516616, 0.483384
332, 171, 161, 0.51506, 0.48494
333, 171, 162, 0.513514, 0.486486
334, 171, 163, 0.511976, 0.488024
335, 172, 163, 0.513433, 0.486567
336, 173, 163, 0.514881, 0.485119
337, 174, 163, 0.51632, 0.48368
338, 175, 163, 0.517751, 0.482249
339, 175, 164, 0.516224, 0.483776
340, 176, 164, 0.517647, 0.482353
341, 177, 164, 0.519062, 0.480938
342, 177, 165, 0.517544, 0.482456
343, 177, 166, 0.516035, 0.483965
344, 178, 166, 0.517442, 0.482558
345, 179, 166, 0.518841, 0.481159
346, 179, 167, 0.517341, 0.482659
347, 179, 168, 0.51585, 0.48415
348, 180, 168, 0.517241, 0.482759
349, 180, 169, 0.515759, 0.484241
350, 181, 169, 0.517143, 0.482857
351, 182, 169, 0.518519, 0.481481
352, 183, 169, 0.519886, 0.480114
353, 183, 170, 0.518414, 0.481586
354, 184, 170, 0.519774, 0.480226
355, 184, 171, 0.51831, 0.48169
356, 184, 172, 0.516854, 0.483146
357, 185, 172, 0.518207, 0.481793
358, 186, 172, 0.519553, 0.480447
359, 187, 172, 0.520891, 0.479109
360, 188, 172, 0.522222, 0.477778
361, 188, 173, 0.520776, 0.479224
362, 188, 174, 0.519337, 0.480663
363, 189, 174, 0.520661, 0.479339
364, 190, 174, 0.521978, 0.478022
365, 191, 174, 0.523288, 0.476712
366, 192, 174, 0.52459, 0.47541
367, 193, 174, 0.525886, 0.474114
368, 194, 174, 0.527174, 0.472826
369, 194, 175, 0.525745, 0.474255
370, 195, 175, 0.527027, 0.472973
371, 196, 175, 0.528302, 0.471698
372, 196, 176, 0.526882, 0.473118
373, 197, 176, 0.52815, 0.47185
374, 197, 177, 0.526738, 0.473262
375, 197, 178, 0.525333, 0.474667
376, 197, 179, 0.523936, 0.476064
377, 198, 179, 0.525199, 0.474801
378, 198, 180, 0.52381, 0.47619
379, 198, 181, 0.522427, 0.477573
380, 198, 182, 0.521053, 0.478947
381, 198, 183, 0.519685, 0.480315
382, 199, 183, 0.520942, 0.479058
383, 199, 184, 0.519582, 0.480418
384, 199, 185, 0.518229, 0.481771
385, 200, 185, 0.519481, 0.480519
386, 201, 185, 0.520725, 0.479275
387, 202, 185, 0.521964, 0.478036
388, 202, 186, 0.520619, 0.479381
389, 202, 187, 0.51928, 0.48072
390, 203, 187, 0.520513, 0.479487
391, 204, 187, 0.521739, 0.478261
392, 205, 187, 0.522959, 0.477041
393, 206, 187, 0.524173, 0.475827
394, 207, 187, 0.525381, 0.474619
395, 207, 188, 0.524051, 0.475949
396, 207, 189, 0.522727, 0.477273
397, 208, 189, 0.523929, 0.476071
398, 208, 190, 0.522613, 0.477387
399, 208, 191, 0.521303, 0.478697
400, 208, 192, 0.52, 0.48
401, 208, 193, 0.518703, 0.481297
402, 208, 194, 0.517413, 0.482587
403, 208, 195, 0.516129, 0.483871
404, 208, 196, 0.514851, 0.485149
405, 208, 197, 0.51358, 0.48642
406, 209, 197, 0.514778, 0.485222
407, 209, 198, 0.513514, 0.486486
408, 209, 199, 0.512255, 0.487745
409, 209, 200, 0.511002, 0.488998
410, 210, 200, 0.512195, 0.487805
411, 210, 201, 0.510949, 0.489051
412, 210, 202, 0.509709, 0.490291
413, 211, 202, 0.510896, 0.489104
414, 211, 203, 0.509662, 0.490338
415, 212, 203, 0.510843, 0.489157
416, 213, 203, 0.512019, 0.487981
417, 213, 204, 0.510791, 0.489209
418, 214, 204, 0.511962, 0.488038
419, 215, 204, 0.513126, 0.486874
420, 215, 205, 0.511905, 0.488095
421, 216, 205, 0.513064, 0.486936
422, 216, 206, 0.511848, 0.488152
423, 217, 206, 0.513002, 0.486998
424, 218, 206, 0.514151, 0.485849
425, 218, 207, 0.512941, 0.487059
426, 219, 207, 0.514085, 0.485915
427, 220, 207, 0.515222, 0.484778
428, 221, 207, 0.516355, 0.483645
429, 221, 208, 0.515152, 0.484848
430, 221, 209, 0.513953, 0.486047
431, 222, 209, 0.515081, 0.484919
432, 223, 209, 0.516204, 0.483796
433, 223, 210, 0.515012, 0.484988
434, 223, 211, 0.513825, 0.486175
435, 224, 211, 0.514943, 0.485057
436, 224, 212, 0.513761, 0.486239
437, 224, 213, 0.512586, 0.487414
438, 224, 214, 0.511416, 0.488584
439, 224, 215, 0.510251, 0.489749
440, 224, 216, 0.509091, 0.490909
441, 225, 216, 0.510204, 0.489796
442, 226, 216, 0.511312, 0.488688
443, 226, 217, 0.510158, 0.489842
444, 226, 218, 0.509009, 0.490991
445, 226, 219, 0.507865, 0.492135
446, 226, 220, 0.506726, 0.493274
447, 227, 220, 0.50783, 0.49217
448, 227, 221, 0.506696, 0.493304
449, 227, 222, 0.505568, 0.494432
450, 227, 223, 0.504444, 0.495556
451, 228, 223, 0.505543, 0.494457
452, 229, 223, 0.506637, 0.493363
453, 229, 224, 0.505519, 0.494481
454, 230, 224, 0.506608, 0.493392
455, 230, 225, 0.505495, 0.494505
456, 231, 225, 0.506579, 0.493421
457, 231, 226, 0.50547, 0.49453
458, 231, 227, 0.504367, 0.495633
459, 231, 228, 0.503268, 0.496732
460, 231, 229, 0.502174, 0.497826
461, 231, 230, 0.501085, 0.498915
462, 231, 231, 0.5, 0.5
463, 232, 231, 0.50108, 0.49892
464, 232, 232, 0.5, 0.5
465, 233, 232, 0.501075, 0.498925
466, 233, 233, 0.5, 0.5
467, 233, 234, 0.498929, 0.501071
468, 233, 235, 0.497863, 0.502137
469, 233, 236, 0.496802, 0.503198
470, 233, 237, 0.495745, 0.504255
471, 234, 237, 0.496815, 0.503185
472, 234, 238, 0.495763, 0.504237
473, 234, 239, 0.494715, 0.505285
474, 235, 239, 0.495781, 0.504219
475, 235, 240, 0.494737, 0.505263
476, 235, 241, 0.493697, 0.506303
477, 236, 241, 0.494759, 0.505241
478, 236, 242, 0.493724, 0.506276
479, 236, 243, 0.492693, 0.507307
480, 236, 244, 0.491667, 0.508333
481, 236, 245, 0.490644, 0.509356
482, 236, 246, 0.489627, 0.510373
483, 237, 246, 0.490683, 0.509317
484, 237, 247, 0.489669, 0.510331
485, 237, 248, 0.48866, 0.51134
486, 238, 248, 0.489712, 0.510288
487, 239, 248, 0.49076, 0.50924
488, 239, 249, 0.489754, 0.510246
489, 239, 250, 0.488753, 0.511247
490, 240, 250, 0.489796, 0.510204
491, 241, 250, 0.490835, 0.509165
492, 241, 251, 0.489837, 0.510163
493, 242, 251, 0.490872, 0.509128
494, 243, 251, 0.491903, 0.508097
495, 244, 251, 0.492929, 0.507071
496, 244, 252, 0.491935, 0.508065
497, 245, 252, 0.492958, 0.507042
498, 246, 252, 0.493976, 0.506024
499, 247, 252, 0.49499, 0.50501
500, 247, 253, 0.494, 0.506
501, 247, 254, 0.493014, 0.506986
502, 247, 255, 0.492032, 0.507968
503, 248, 255, 0.493042, 0.506958
504, 249, 255, 0.494048, 0.505952
505, 249, 256, 0.493069, 0.506931
506, 250, 256, 0.494071, 0.505929
507, 251, 256, 0.495069, 0.504931
508, 252, 256, 0.496063, 0.503937
509, 253, 256, 0.497053, 0.502947
510, 253, 257, 0.496078, 0.503922
511, 253, 258, 0.495108, 0.504892
512, 254, 258, 0.496094, 0.503906
513, 255, 258, 0.497076, 0.502924
514, 255, 259, 0.496109, 0.503891
515, 256, 259, 0.497087, 0.502913
516, 256, 260, 0.496124, 0.503876
517, 256, 261, 0.495164, 0.504836
518, 257, 261, 0.496139, 0.503861
519, 258, 261, 0.49711, 0.50289
520, 259, 261, 0.498077, 0.501923
521, 260, 261, 0.49904, 0.50096
522, 261, 261, 0.5, 0.5
523, 262, 261, 0.500956, 0.499044
524, 262, 262, 0.5, 0.5
525, 263, 262, 0.500952, 0.499048
526, 264, 262, 0.501901, 0.498099
527, 265, 262, 0.502846, 0.497154
528, 265, 263, 0.501894, 0.498106
529, 266, 263, 0.502836, 0.497164
530, 266, 264, 0.501887, 0.498113
531, 266, 265, 0.500942, 0.499058
532, 266, 266, 0.5, 0.5
533, 267, 266, 0.500938, 0.499062
534, 267, 267, 0.5, 0.5
535, 268, 267, 0.500935, 0.499065
536, 268, 268, 0.5, 0.5
537, 268, 269, 0.499069, 0.500931
538, 268, 270, 0.498141, 0.501859
539, 268, 271, 0.497217, 0.502783
540, 268, 272, 0.496296, 0.503704
541, 268, 273, 0.495379, 0.504621
542, 269, 273, 0.49631, 0.50369
543, 269, 274, 0.495396, 0.504604
544, 270, 274, 0.496324, 0.503676
545, 270, 275, 0.495413, 0.504587
546, 271, 275, 0.496337, 0.503663
547, 272, 275, 0.497258, 0.502742
548, 273, 275, 0.498175, 0.501825
549, 273, 276, 0.497268, 0.502732
550, 274, 276, 0.498182, 0.501818
551, 275, 276, 0.499093, 0.500907
552, 276, 276, 0.5, 0.5
553, 276, 277, 0.499096, 0.500904
554, 277, 277, 0.5, 0.5
555, 277, 278, 0.499099, 0.500901
556, 277, 279, 0.498201, 0.501799
557, 277, 280, 0.497307, 0.502693
558, 278, 280, 0.498208, 0.501792
559, 279, 280, 0.499106, 0.500894
560, 279, 281, 0.498214, 0.501786
561, 280, 281, 0.499109, 0.500891
562, 280, 282, 0.498221, 0.501779
563, 281, 282, 0.499112, 0.500888
564, 282, 282, 0.5, 0.5
565, 282, 283, 0.499115, 0.500885
566, 282, 284, 0.498233, 0.501767
567, 282, 285, 0.497354, 0.502646
568, 282, 286, 0.496479, 0.503521
569, 283, 286, 0.497364, 0.502636
570, 284, 286, 0.498246, 0.501754
571, 284, 287, 0.497373, 0.502627
572, 284, 288, 0.496503, 0.503497
573, 285, 288, 0.497382, 0.502618
574, 286, 288, 0.498258, 0.501742
575, 287, 288, 0.49913, 0.50087
576, 287, 289, 0.498264, 0.501736
577, 287, 290, 0.4974, 0.5026
578, 287, 291, 0.49654, 0.50346
579, 288, 291, 0.497409, 0.502591
580, 288, 292, 0.496552, 0.503448
581, 289, 292, 0.497418, 0.502582
582, 289, 293, 0.496564, 0.503436
583, 289, 294, 0.495712, 0.504288
584, 290, 294, 0.496575, 0.503425
585, 290, 295, 0.495726, 0.504274
586, 291, 295, 0.496587, 0.503413
587, 292, 295, 0.497445, 0.502555
588, 292, 296, 0.496599, 0.503401
589, 293, 296, 0.497453, 0.502547
590, 294, 296, 0.498305, 0.501695
591, 294, 297, 0.497462, 0.502538
592, 295, 297, 0.498311, 0.501689
593, 296, 297, 0.499157, 0.500843
594, 296, 298, 0.498316, 0.501684
595, 297, 298, 0.49916, 0.50084
596, 298, 298, 0.5, 0.5
597, 299, 298, 0.500838, 0.499162
598, 299, 299, 0.5, 0.5
599, 299, 300, 0.499165, 0.500835
600, 300, 300, 0.5, 0.5
601, 301, 300, 0.500832, 0.499168
602, 302, 300, 0.501661, 0.498339
603, 302, 301, 0.500829, 0.499171
604, 302, 302, 0.5, 0.5
605, 303, 302, 0.500826, 0.499174
606, 304, 302, 0.50165, 0.49835
607, 304, 303, 0.500824, 0.499176
608, 305, 303, 0.501645, 0.498355
609, 305, 304, 0.500821, 0.499179
610, 305, 305, 0.5, 0.5
611, 306, 305, 0.500818, 0.499182
612, 307, 305, 0.501634, 0.498366
613, 308, 305, 0.502447, 0.497553
614, 308, 306, 0.501629, 0.498371
615, 309, 306, 0.502439, 0.497561
616, 310, 306, 0.503247, 0.496753
617, 311, 306, 0.504052, 0.495948
618, 311, 307, 0.503236, 0.496764
619, 311, 308, 0.502423, 0.497577
620, 312, 308, 0.503226, 0.496774
621, 313, 308, 0.504026, 0.495974
622, 314, 308, 0.504823, 0.495177
623, 315, 308, 0.505618, 0.494382
624, 316, 308, 0.50641, 0.49359
625, 317, 308, 0.5072, 0.4928
626, 318, 308, 0.507987, 0.492013
627, 318, 309, 0.507177, 0.492823
628, 319, 309, 0.507962, 0.492038
629, 320, 309, 0.508744, 0.491256
630, 321, 309, 0.509524, 0.490476
631, 322, 309, 0.510301, 0.489699
632, 322, 310, 0.509494, 0.490506
633, 323, 310, 0.510269, 0.489731
634, 324, 310, 0.511041, 0.488959
635, 325, 310, 0.511811, 0.488189
636, 325, 311, 0.511006, 0.488994
637, 326, 311, 0.511774, 0.488226
638, 327, 311, 0.512539, 0.487461
639, 328, 311, 0.513302, 0.486698
640, 329, 311, 0.514062, 0.485938
641, 329, 312, 0.513261, 0.486739
642, 329, 313, 0.512461, 0.487539
643, 330, 313, 0.513219, 0.486781
644, 330, 314, 0.512422, 0.487578
645, 331, 314, 0.513178, 0.486822
646, 332, 314, 0.513932, 0.486068
647, 332, 315, 0.513138, 0.486862
648, 333, 315, 0.513889, 0.486111
649, 333, 316, 0.513097, 0.486903
650, 334, 316, 0.513846, 0.486154
651, 335, 316, 0.514593, 0.485407
652, 336, 316, 0.515337, 0.484663
653, 336, 317, 0.514548, 0.485452
654, 336, 318, 0.513761, 0.486239
655, 337, 318, 0.514504, 0.485496
656, 337, 319, 0.51372, 0.48628
657, 338, 319, 0.51446, 0.48554
658, 339, 319, 0.515198, 0.484802
659, 340, 319, 0.515933, 0.484067
660, 341, 319, 0.516667, 0.483333
661, 342, 319, 0.517398, 0.482602
662, 342, 320, 0.516616, 0.483384
663, 342, 321, 0.515837, 0.484163
664, 343, 321, 0.516566, 0.483434
665, 344, 321, 0.517293, 0.482707
666, 345, 321, 0.518018, 0.481982
667, 346, 321, 0.518741, 0.481259
668, 346, 322, 0.517964, 0.482036
669, 346, 323, 0.51719, 0.48281
670, 347, 323, 0.51791, 0.48209
671, 348, 323, 0.518629, 0.481371
672, 348, 324, 0.517857, 0.482143
673, 349, 324, 0.518574, 0.481426
674, 350, 324, 0.519288, 0.480712
675, 350, 325, 0.518519, 0.481481
676, 351, 325, 0.519231, 0.480769
677, 351, 326, 0.518464, 0.481536
678, 351, 327, 0.517699, 0.482301
679, 352, 327, 0.518409, 0.481591
680, 352, 328, 0.517647, 0.482353
681, 352, 329, 0.516887, 0.483113
682, 353, 329, 0.517595, 0.482405
683, 353, 330, 0.516837, 0.483163
684, 353, 331, 0.516082, 0.483918
685, 354, 331, 0.516788, 0.483212
686, 354, 332, 0.516035, 0.483965
687, 354, 333, 0.515284, 0.484716
688, 354, 334, 0.514535, 0.485465
689, 355, 334, 0.515239, 0.484761
690, 356, 334, 0.515942, 0.484058
691, 356, 335, 0.515195, 0.484805
692, 357, 335, 0.515896, 0.484104
693, 358, 335, 0.516595, 0.483405
694, 358, 336, 0.51585, 0.48415
695, 359, 336, 0.516547, 0.483453
696, 360, 336, 0.517241, 0.482759
697, 361, 336, 0.517934, 0.482066
698, 361, 337, 0.517192, 0.482808
699, 361, 338, 0.516452, 0.483548
700, 362, 338, 0.517143, 0.482857
701, 362, 339, 0.516405, 0.483595
702, 362, 340, 0.51567, 0.48433
703, 362, 341, 0.514936, 0.485064
704, 363, 341, 0.515625, 0.484375
705, 364, 341, 0.516312, 0.483688
706, 365, 341, 0.516997, 0.483003
707, 366, 341, 0.51768, 0.48232
708, 367, 341, 0.518362, 0.481638
709, 368, 341, 0.519041, 0.480959
710, 369, 341, 0.519718, 0.480282
711, 370, 341, 0.520394, 0.479606
712, 371, 341, 0.521067, 0.478933
713, 371, 342, 0.520337, 0.479663
714, 372, 342, 0.521008, 0.478992
715, 372, 343, 0.52028, 0.47972
716, 372, 344, 0.519553, 0.480447
717, 372, 345, 0.518828, 0.481172
718, 373, 345, 0.519499, 0.480501
719, 374, 345, 0.520167, 0.479833
720, 375, 345, 0.520833, 0.479167
721, 376, 345, 0.521498, 0.478502
722, 376, 346, 0.520776, 0.479224
723, 377, 346, 0.521438, 0.478562
724, 377, 347, 0.520718, 0.479282
725, 378, 347, 0.521379, 0.478621
726, 379, 347, 0.522039, 0.477961
727, 380, 347, 0.522696, 0.477304
728, 380, 348, 0.521978, 0.478022
729, 381, 348, 0.522634, 0.477366
730, 382, 348, 0.523288, 0.476712
731, 383, 348, 0.52394, 0.47606
732, 383, 349, 0.523224, 0.476776
733, 384, 349, 0.523874, 0.476126
734, 384, 350, 0.523161, 0.476839
735, 384, 351, 0.522449, 0.477551
736, 384, 352, 0.521739, 0.478261
737, 384, 353, 0.521031, 0.478969
738, 385, 353, 0.52168, 0.47832
739, 386, 353, 0.522327, 0.477673
740, 386, 354, 0.521622, 0.478378
741, 387, 354, 0.522267, 0.477733
742, 388, 354, 0.522911, 0.477089
743, 388, 355, 0.522207, 0.477793
744, 389, 355, 0.522849, 0.477151
745, 390, 355, 0.52349, 0.47651
746, 391, 355, 0.524129, 0.475871
747, 391, 356, 0.523427, 0.476573
748, 392, 356, 0.524064, 0.475936
749, 392, 357, 0.523364, 0.476636
750, 392, 358, 0.522667, 0.477333
751, 393, 358, 0.523302, 0.476698
752, 393, 359, 0.522606, 0.477394
753, 393, 360, 0.521912, 0.478088
754, 393, 361, 0.52122, 0.47878
755, 394, 361, 0.521854, 0.478146
756, 394, 362, 0.521164, 0.478836
757, 394, 363, 0.520476, 0.479524
758, 395, 363, 0.521108, 0.478892
759, 395, 364, 0.520422, 0.479578
760, 395, 365, 0.519737, 0.480263
761, 395, 366, 0.519054, 0.480946
762, 395, 367, 0.518373, 0.481627
763, 395, 368, 0.517693, 0.482307
764, 396, 368, 0.518325, 0.481675
765, 397, 368, 0.518954, 0.481046
766, 397, 369, 0.518277, 0.481723
767, 398, 369, 0.518905, 0.481095
768, 399, 369, 0.519531, 0.480469
769, 400, 369, 0.520156, 0.479844
770, 401, 369, 0.520779, 0.479221
771, 401, 370, 0.520104, 0.479896
772, 401, 371, 0.51943, 0.48057
773, 401, 372, 0.518758, 0.481242
774, 402, 372, 0.51938, 0.48062
775, 403, 372, 0.52, 0.48
776, 404, 372, 0.520619, 0.479381
777, 404, 373, 0.519949, 0.480051
778, 404, 374, 0.51928, 0.48072
779, 404, 375, 0.518614, 0.481386
780, 404, 376, 0.517949, 0.482051
781, 404, 377, 0.517286, 0.482714
782, 405, 377, 0.517903, 0.482097
783, 406, 377, 0.518519, 0.481481
784, 407, 377, 0.519133, 0.480867
785, 407, 378, 0.518471, 0.481529
786, 408, 378, 0.519084, 0.480916
787, 408, 379, 0.518424, 0.481576
788, 408, 380, 0.517766, 0.482234
789, 409, 380, 0.518378, 0.481622
790, 409, 381, 0.517722, 0.482278
791, 409, 382, 0.517067, 0.482933
792, 409, 383, 0.516414, 0.483586
793, 410, 383, 0.517024, 0.482976
794, 411, 383, 0.517632, 0.482368
795, 412, 383, 0.518239, 0.481761
796, 412, 384, 0.517588, 0.482412
797, 413, 384, 0.518193, 0.481807
798, 414, 384, 0.518797, 0.481203
799, 414, 385, 0.518148, 0.481852
800, 414, 386, 0.5175, 0.4825
801, 414, 387, 0.516854, 0.483146
802, 415, 387, 0.517456, 0.482544
803, 415, 388, 0.516812, 0.483188
804, 416, 388, 0.517413, 0.482587
805, 417, 388, 0.518012, 0.481988
806, 418, 388, 0.51861, 0.48139
807, 418, 389, 0.517968, 0.482032
808, 418, 390, 0.517327, 0.482673
809, 419, 390, 0.517923, 0.482077
810, 419, 391, 0.517284, 0.482716
811, 419, 392, 0.516646, 0.483354
812, 420, 392, 0.517241, 0.482759
813, 421, 392, 0.517835, 0.482165
814, 421, 393, 0.517199, 0.482801
815, 421, 394, 0.516564, 0.483436
816, 422, 394, 0.517157, 0.482843
817, 422, 395, 0.516524, 0.483476
818, 422, 396, 0.515892, 0.484108
819, 422, 397, 0.515263, 0.484737
820, 423, 397, 0.515854, 0.484146
821, 424, 397, 0.516443, 0.483557
822, 424, 398, 0.515815, 0.484185
823, 425, 398, 0.516403, 0.483597
824, 425, 399, 0.515777, 0.484223
825, 425, 400, 0.515152, 0.484848
826, 426, 400, 0.515738, 0.484262
827, 426, 401, 0.515115, 0.484885
828, 427, 401, 0.5157, 0.4843
829, 428, 401, 0.516285, 0.483715
830, 429, 401, 0.516867, 0.483133
831, 430, 401, 0.517449, 0.482551
832, 431, 401, 0.518029, 0.481971
833, 432, 401, 0.518607, 0.481393
834, 433, 401, 0.519185, 0.480815
835, 434, 401, 0.51976, 0.48024
836, 435, 401, 0.520335, 0.479665
837, 435, 402, 0.519713, 0.480287
838, 435, 403, 0.519093, 0.480907
839, 436, 403, 0.519666, 0.480334
840, 436, 404, 0.519048, 0.480952
841, 436, 405, 0.51843, 0.48157
842, 436, 406, 0.517815, 0.482185
843, 436, 407, 0.5172, 0.4828
844, 437, 407, 0.517773, 0.482227
845, 438, 407, 0.518343, 0.481657
846, 439, 407, 0.518913, 0.481087
847, 439, 408, 0.5183, 0.4817
848, 440, 408, 0.518868, 0.481132
849, 441, 408, 0.519435, 0.480565
850, 441, 409, 0.518824, 0.481176
851, 441, 410, 0.518214, 0.481786
852, 442, 410, 0.518779, 0.481221
853, 442, 411, 0.518171, 0.481829
854, 443, 411, 0.518735, 0.481265
855, 443, 412, 0.518129, 0.481871
856, 443, 413, 0.517523, 0.482477
857, 443, 414, 0.516919, 0.483081
858, 443, 415, 0.516317, 0.483683
859, 443, 416, 0.515716, 0.484284
860, 443, 417, 0.515116, 0.484884
861, 444, 417, 0.515679, 0.484321
862, 444, 418, 0.515081, 0.484919
863, 444, 419, 0.514484, 0.485516
864, 445, 419, 0.515046, 0.484954
865, 445, 420, 0.514451, 0.485549
866, 446, 420, 0.515012, 0.484988
867, 446, 421, 0.514418, 0.485582
868, 446, 422, 0.513825, 0.486175
869, 446, 423, 0.513234, 0.486766
870, 447, 423, 0.513793, 0.486207
871, 447, 424, 0.513203, 0.486797
872, 447, 425, 0.512615, 0.487385
873, 447, 426, 0.512027, 0.487973
874, 448, 426, 0.512586, 0.487414
875, 449, 426, 0.513143, 0.486857
876, 449, 427, 0.512557, 0.487443
877, 450, 427, 0.513113, 0.486887
878, 450, 428, 0.512528, 0.487472
879, 450, 429, 0.511945, 0.488055
880, 451, 429, 0.5125, 0.4875
881, 451, 430, 0.511918, 0.488082
882, 452, 430, 0.512472, 0.487528
883, 453, 430, 0.513024, 0.486976
884, 453, 431, 0.512443, 0.487557
885, 453, 432, 0.511864, 0.488136
886, 453, 433, 0.511287, 0.488713
887, 453, 434, 0.51071, 0.48929
888, 454, 434, 0.511261, 0.488739
889, 455, 434, 0.511811, 0.488189
890, 456, 434, 0.51236, 0.48764
891, 456, 435, 0.511785, 0.488215
892, 456, 436, 0.511211, 0.488789
893, 457, 436, 0.511758, 0.488242
894, 457, 437, 0.511186, 0.488814
895, 458, 437, 0.511732, 0.488268
896, 458, 438, 0.511161, 0.488839
897, 459, 438, 0.511706, 0.488294
898, 460, 438, 0.512249, 0.487751
899, 460, 439, 0.51168, 0.48832
900, 460, 440, 0.511111, 0.488889
901, 461, 440, 0.511654, 0.488346
902, 461, 441, 0.511086, 0.488914
903, 462, 441, 0.511628, 0.488372
904, 463, 441, 0.512168, 0.487832
905, 463, 442, 0.511602, 0.488398
906, 463, 443, 0.511038, 0.488962
907, 464, 443, 0.511577, 0.488423
908, 464, 444, 0.511013, 0.488987
909, 464, 445, 0.510451, 0.489549
910, 464, 446, 0.50989, 0.49011
911, 465, 446, 0.510428, 0.489572
912, 466, 446, 0.510965, 0.489035
913, 466, 447, 0.510405, 0.489595
914, 467, 447, 0.510941, 0.489059
915, 468, 447, 0.511475, 0.488525
916, 468, 448, 0.510917, 0.489083
917, 468, 449, 0.51036, 0.48964
918, 468, 450, 0.509804, 0.490196
919, 469, 450, 0.510337, 0.489663
920, 470, 450, 0.51087, 0.48913
921, 470, 451, 0.510315, 0.489685
922, 471, 451, 0.510846, 0.489154
923, 471, 452, 0.510293, 0.489707
924, 471, 453, 0.50974, 0.49026
925, 471, 454, 0.509189, 0.490811
926, 471, 455, 0.508639, 0.491361
927, 472, 455, 0.509169, 0.490831
928, 472, 456, 0.508621, 0.491379
929, 472, 457, 0.508073, 0.491927
930, 473, 457, 0.508602, 0.491398
931, 474, 457, 0.50913, 0.49087
932, 474, 458, 0.508584, 0.491416
933, 475, 458, 0.50911, 0.49089
934, 475, 459, 0.508565, 0.491435
935, 476, 459, 0.509091, 0.490909
936, 476, 460, 0.508547, 0.491453
937, 477, 460, 0.509072, 0.490928
938, 477, 461, 0.508529, 0.491471
939, 477, 462, 0.507987, 0.492013
940, 477, 463, 0.507447, 0.492553
941, 477, 464, 0.506908, 0.493092
942, 477, 465, 0.506369, 0.493631
943, 477, 466, 0.505832, 0.494168
944, 477, 467, 0.505297, 0.494703
945, 478, 467, 0.50582, 0.49418
946, 479, 467, 0.506342, 0.493658
947, 479, 468, 0.505808, 0.494192
948, 480, 468, 0.506329, 0.493671
949, 481, 468, 0.506849, 0.493151
950, 482, 468, 0.507368, 0.492632
951, 482, 469, 0.506835, 0.493165
952, 482, 470, 0.506303, 0.493697
953, 482, 471, 0.505771, 0.494229
954, 483, 471, 0.506289, 0.493711
955, 483, 472, 0.505759, 0.494241
956, 483, 473, 0.50523, 0.49477
957, 484, 473, 0.505747, 0.494253
958, 485, 473, 0.506263, 0.493737
959, 485, 474, 0.505735, 0.494265
960, 485, 475, 0.505208, 0.494792
961, 485, 476, 0.504683, 0.495317
962, 486, 476, 0.505198, 0.494802
963, 487, 476, 0.505711, 0.494289
964, 488, 476, 0.506224, 0.493776
965, 489, 476, 0.506736, 0.493264
966, 490, 476, 0.507246, 0.492754
967, 490, 477, 0.506722, 0.493278
968, 490, 478, 0.506198, 0.493802
969, 491, 478, 0.506708, 0.493292
970, 491, 479, 0.506186, 0.493814
971, 491, 480, 0.505664, 0.494336
972, 492, 480, 0.506173, 0.493827
973, 492, 481, 0.505653, 0.494347
974, 492, 482, 0.505133, 0.494867
975, 492, 483, 0.504615, 0.495385
976, 493, 483, 0.505123, 0.494877
977, 493, 484, 0.504606, 0.495394
978, 493, 485, 0.50409, 0.49591
979, 494, 485, 0.504597, 0.495403
980, 495, 485, 0.505102, 0.494898
981, 495, 486, 0.504587, 0.495413
982, 496, 486, 0.505092, 0.494908
983, 497, 486, 0.505595, 0.494405
984, 497, 487, 0.505081, 0.494919
985, 498, 487, 0.505584, 0.494416
986, 498, 488, 0.505071, 0.494929
987, 499, 488, 0.505572, 0.494428
988, 500, 488, 0.506073, 0.493927
989, 501, 488, 0.506572, 0.493428
990, 501, 489, 0.506061, 0.493939
991, 502, 489, 0.506559, 0.493441
992, 502, 490, 0.506048, 0.493952
993, 502, 491, 0.505539, 0.494461
994, 502, 492, 0.50503, 0.49497
995, 503, 492, 0.505528, 0.494472
996, 503, 493, 0.50502, 0.49498
997, 503, 494, 0.504514, 0.495486
998, 503, 495, 0.504008, 0.495992
999, 503, 496, 0.503504, 0.496496
1000, 504, 496, 0.504, 0.496
1001, 504, 497, 0.503497, 0.496503
1002, 505, 497, 0.503992, 0.496008
1003, 505, 498, 0.50349, 0.49651
1004, 505, 499, 0.502988, 0.497012
1005, 506, 499, 0.503483, 0.496517
1006, 507, 499, 0.503976, 0.496024
1007, 508, 499, 0.504469, 0.495531
1008, 508, 500, 0.503968, 0.496032
1009, 508, 501, 0.503469, 0.496531
1010, 508, 502, 0.50297, 0.49703
1011, 508, 503, 0.502473, 0.497527
1012, 509, 503, 0.502964, 0.497036
1013, 510, 503, 0.503455, 0.496545
1014, 510, 504, 0.502959, 0.497041
1015, 510, 505, 0.502463, 0.497537
1016, 511, 505, 0.502953, 0.497047
1017, 512, 505, 0.503441, 0.496559
1018, 513, 505, 0.503929, 0.496071
1019, 514, 505, 0.504416, 0.495584
1020, 515, 505, 0.504902, 0.495098
1021, 516, 505, 0.505387, 0.494613
1022, 516, 506, 0.504892, 0.495108
1023, 516, 507, 0.504399, 0.495601
1024, 517, 507, 0.504883, 0.495117
1025, 518, 507, 0.505366, 0.494634
1026, 519, 507, 0.505848, 0.494152
1027, 519, 508, 0.505355, 0.494645
1028, 519, 509, 0.504864, 0.495136
1029, 520, 509, 0.505345, 0.494655
1030, 520, 510, 0.504854, 0.495146
1031, 520, 511, 0.504365, 0.495635
1032, 521, 511, 0.504845, 0.495155
1033, 522, 511, 0.505324, 0.494676
1034, 523, 511, 0.505803, 0.494197
1035, 523, 512, 0.505314, 0.494686
1036, 523, 513, 0.504826, 0.495174
1037, 523, 514, 0.504339, 0.495661
1038, 523, 515, 0.503854, 0.496146
1039, 524, 515, 0.504331, 0.495669
1040, 525, 515, 0.504808, 0.495192
1041, 526, 515, 0.505283, 0.494717
1042, 526, 516, 0.504798, 0.495202
1043, 526, 517, 0.504314, 0.495686
1044, 526, 518, 0.503831, 0.496169
1045, 526, 519, 0.503349, 0.496651
1046, 527, 519, 0.503824, 0.496176
1047, 527, 520, 0.503343, 0.496657
1048, 527, 521, 0.502863, 0.497137
1049, 527, 522, 0.502383, 0.497617
1050, 527, 523, 0.501905, 0.498095
1051, 528, 523, 0.502379, 0.497621
1052, 529, 523, 0.502852, 0.497148
1053, 529, 524, 0.502374, 0.497626
1054, 530, 524, 0.502846, 0.497154
1055, 531, 524, 0.503318, 0.496682
1056, 532, 524, 0.503788, 0.496212
1057, 533, 524, 0.504257, 0.495743
1058, 533, 525, 0.503781, 0.496219
1059, 534, 525, 0.504249, 0.495751
1060, 535, 525, 0.504717, 0.495283
1061, 536, 525, 0.505184, 0.494816
1062, 537, 525, 0.50565, 0.49435
1063, 537, 526, 0.505174, 0.494826
1064, 538, 526, 0.505639, 0.494361
1065, 538, 527, 0.505164, 0.494836
1066, 539, 527, 0.505629, 0.494371
1067, 540, 527, 0.506092, 0.493908
1068, 540, 528, 0.505618, 0.494382
1069, 540, 529, 0.505145, 0.494855
1070, 541, 529, 0.505607, 0.494393
1071, 542, 529, 0.506069, 0.493931
1072, 542, 530, 0.505597, 0.494403
1073, 543, 530, 0.506058, 0.493942
1074, 544, 530, 0.506518, 0.493482
1075, 544, 531, 0.506047, 0.493953
1076, 545, 531, 0.506506, 0.493494
1077, 546, 531, 0.506964, 0.493036
1078, 547, 531, 0.507421, 0.492579
1079, 547, 532, 0.506951, 0.493049
1080, 547, 533, 0.506481, 0.493519
1081, 548, 533, 0.506938, 0.493062
1082, 549, 533, 0.507394, 0.492606
1083, 549, 534, 0.506925, 0.493075
1084, 550, 534, 0.50738, 0.49262
1085, 551, 534, 0.507834, 0.492166
1086, 552, 534, 0.508287, 0.491713
1087, 552, 535, 0.50782, 0.49218
1088, 553, 535, 0.508272, 0.491728
1089, 554, 535, 0.508724, 0.491276
1090, 555, 535, 0.509174, 0.490826
1091, 555, 536, 0.508708, 0.491292
1092, 556, 536, 0.509158, 0.490842
1093, 556, 537, 0.508692, 0.491308
1094, 556, 538, 0.508227, 0.491773
1095, 557, 538, 0.508676, 0.491324
1096, 558, 538, 0.509124, 0.490876
1097, 558, 539, 0.50866, 0.49134
1098, 558, 540, 0.508197, 0.491803
1099, 559, 540, 0.508644, 0.491356
1100, 559, 541, 0.508182, 0.491818
1101, 560, 541, 0.508629, 0.491371
1102, 561, 541, 0.509074, 0.490926
1103, 562, 541, 0.509519, 0.490481
1104, 563, 541, 0.509964, 0.490036
1105, 563, 542, 0.509502, 0.490498
1106, 563, 543, 0.509042, 0.490958
1107, 563, 544, 0.508582, 0.491418
1108, 563, 545, 0.508123, 0.491877
1109, 563, 546, 0.507665, 0.492335
1110, 564, 546, 0.508108, 0.491892
1111, 565, 546, 0.508551, 0.491449
1112, 565, 547, 0.508094, 0.491906
1113, 565, 548, 0.507637, 0.492363
1114, 566, 548, 0.508079, 0.491921
1115, 566, 549, 0.507623, 0.492377
1116, 566, 550, 0.507168, 0.492832
1117, 567, 550, 0.50761, 0.49239
1118, 568, 550, 0.50805, 0.49195
1119, 569, 550, 0.50849, 0.49151
1120, 569, 551, 0.508036, 0.491964
1121, 570, 551, 0.508475, 0.491525
1122, 571, 551, 0.508913, 0.491087
1123, 572, 551, 0.50935, 0.49065
1124, 573, 551, 0.509786, 0.490214
1125, 574, 551, 0.510222, 0.489778
1126, 575, 551, 0.510657, 0.489343
1127, 575, 552, 0.510204, 0.489796
1128, 576, 552, 0.510638, 0.489362
1129, 576, 553, 0.510186, 0.489814
1130, 576, 554, 0.509735, 0.490265
1131, 576, 555, 0.509284, 0.490716
1132, 576, 556, 0.508834, 0.491166
1133, 577, 556, 0.509267, 0.490733
1134, 578, 556, 0.5097, 0.4903
1135, 578, 557, 0.509251, 0.490749
1136, 578, 558, 0.508803, 0.491197
1137, 579, 558, 0.509235, 0.490765
1138, 579, 559, 0.508787, 0.491213
1139, 579, 560, 0.508341, 0.491659
1140, 579, 561, 0.507895, 0.492105
1141, 579, 562, 0.50745, 0.49255
1142, 579, 563, 0.507005, 0.492995
1143, 580, 563, 0.507437, 0.492563
1144, 580, 564, 0.506993, 0.493007
1145, 581, 564, 0.507424, 0.492576
1146, 581, 565, 0.506981, 0.493019
1147, 581, 566, 0.506539, 0.493461
1148, 581, 567, 0.506098, 0.493902
1149, 582, 567, 0.506527, 0.493473
1150, 583, 567, 0.506957, 0.493043
1151, 584, 567, 0.507385, 0.492615
1152, 584, 568, 0.506944, 0.493056
1153, 585, 568, 0.507372, 0.492628
1154, 585, 569, 0.506932, 0.493068
1155, 586, 569, 0.507359, 0.492641
1156, 586, 570, 0.50692, 0.49308
1157, 586, 571, 0.506482, 0.493518
1158, 587, 571, 0.506908, 0.493092
1159, 587, 572, 0.506471, 0.493529
1160, 588, 572, 0.506897, 0.493103
1161, 588, 573, 0.50646, 0.49354
1162, 589, 573, 0.506885, 0.493115
1163, 589, 574, 0.506449, 0.493551
1164, 589, 575, 0.506014, 0.493986
1165, 589, 576, 0.505579, 0.494421
1166, 590, 576, 0.506003, 0.493997
1167, 590, 577, 0.50557, 0.49443
1168, 591, 577, 0.505993, 0.494007
1169, 591, 578, 0.50556, 0.49444
1170, 592, 578, 0.505983, 0.494017
1171, 592, 579, 0.505551, 0.494449
1172, 593, 579, 0.505973, 0.494027
1173, 593, 580, 0.505541, 0.494459
1174, 593, 581, 0.505111, 0.494889
1175, 593, 582, 0.504681, 0.495319
1176, 593, 583, 0.504252, 0.495748
1177, 593, 584, 0.503823, 0.496177
1178, 593, 585, 0.503396, 0.496604
1179, 594, 585, 0.503817, 0.496183
1180, 594, 586, 0.50339, 0.49661
1181, 595, 586, 0.50381, 0.49619
1182, 595, 587, 0.503384, 0.496616
1183, 596, 587, 0.503804, 0.496196
1184, 597, 587, 0.504223, 0.495777
1185, 598, 587, 0.504641, 0.495359
1186, 599, 587, 0.505059, 0.494941
1187, 599, 588, 0.504634, 0.495366
1188, 600, 588, 0.505051, 0.494949
1189, 601, 588, 0.505467, 0.494533
1190, 601, 589, 0.505042, 0.494958
1191, 601, 590, 0.504618, 0.495382
1192, 602, 590, 0.505034, 0.494966
1193, 602, 591, 0.50461, 0.49539
1194, 602, 592, 0.504188, 0.495812
1195, 602, 593, 0.503766, 0.496234
1196, 602, 594, 0.503344, 0.496656
1197, 602, 595, 0.502924, 0.497076
1198, 603, 595, 0.503339, 0.496661
1199, 604, 595, 0.503753, 0.496247
1200, 604, 596, 0.503333, 0.496667
1201, 604, 597, 0.502914, 0.497086
1202, 604, 598, 0.502496, 0.497504
1203, 605, 598, 0.502909, 0.497091
1204, 606, 598, 0.503322, 0.496678
1205, 607, 598, 0.503734, 0.496266
1206, 607, 599, 0.503317, 0.496683
1207, 608, 599, 0.503728, 0.496272
1208, 608, 600, 0.503311, 0.496689
1209, 609, 600, 0.503722, 0.496278
1210, 609, 601, 0.503306, 0.496694
1211, 609, 602, 0.50289, 0.49711
1212, 610, 602, 0.5033, 0.4967
1213, 611, 602, 0.50371, 0.49629
1214, 612, 602, 0.504119, 0.495881
1215, 612, 603, 0.503704, 0.496296
1216, 613, 603, 0.504112, 0.495888
1217, 613, 604, 0.503698, 0.496302
1218, 614, 604, 0.504105, 0.495895
1219, 615, 604, 0.504512, 0.495488
1220, 615, 605, 0.504098, 0.495902
1221, 615, 606, 0.503686, 0.496314
1222, 616, 606, 0.504092, 0.495908
1223, 617, 606, 0.504497, 0.495503
1224, 617, 607, 0.504085, 0.495915
1225, 618, 607, 0.50449, 0.49551
1226, 619, 607, 0.504894, 0.495106
1227, 619, 608, 0.504482, 0.495518
1228, 619, 609, 0.504072, 0.495928
1229, 620, 609, 0.504475, 0.495525
1230, 621, 609, 0.504878, 0.495122
1231, 622, 609, 0.50528, 0.49472
1232, 622, 610, 0.50487, 0.49513
1233, 623, 610, 0.505272, 0.494728
1234, 623, 611, 0.504862, 0.495138
1235, 624, 611, 0.505263, 0.494737
1236, 624, 612, 0.504854, 0.495146
1237, 625, 612, 0.505255, 0.494745
1238, 626, 612, 0.505654, 0.494346
1239, 627, 612, 0.506053, 0.493947
1240, 627, 613, 0.505645, 0.494355
1241, 627, 614, 0.505238, 0.494762
1242, 627, 615, 0.504831, 0.495169
1243, 628, 615, 0.505229, 0.494771
1244, 628, 616, 0.504823, 0.495177
1245, 628, 617, 0.504418, 0.495582
1246, 628, 618, 0.504013, 0.495987
1247, 629, 618, 0.504411, 0.495589
1248, 630, 618, 0.504808, 0.495192
1249, 630, 619, 0.504404, 0.495596
1250, 631, 619, 0.5048, 0.4952
1251, 632, 619, 0.505196, 0.494804
1252, 632, 620, 0.504792, 0.495208
1253, 633, 620, 0.505188, 0.494812
1254, 634, 620, 0.505582, 0.494418
1255, 634, 621, 0.505179, 0.494821
1256, 634, 622, 0.504777, 0.495223
1257, 635, 622, 0.505171, 0.494829
1258, 636, 622, 0.505564, 0.494436
1259, 636, 623, 0.505163, 0.494837
1260, 637, 623, 0.505556, 0.494444
1261, 637, 624, 0.505155, 0.494845
1262, 637, 625, 0.504754, 0.495246
1263, 638, 625, 0.505146, 0.494854
1264, 638, 626, 0.504747, 0.495253
1265, 639, 626, 0.505138, 0.494862
1266, 639, 627, 0.504739, 0.495261
1267, 639, 628, 0.504341, 0.495659
1268, 639, 629, 0.503943, 0.496057
1269, 640, 629, 0.504334, 0.495666
1270, 641, 629, 0.504724, 0.495276
1271, 641, 630, 0.504327, 0.495673
1272, 642, 630, 0.504717, 0.495283
1273, 642, 631, 0.504321, 0.495679
1274, 643, 631, 0.50471, 0.49529
1275, 644, 631, 0.505098, 0.494902
1276, 645, 631, 0.505486, 0.494514
1277, 645, 632, 0.50509, 0.49491
1278, 645, 633, 0.504695, 0.495305
1279, 646, 633, 0.505082, 0.494918
1280, 646, 634, 0.504687, 0.495312
1281, 646, 635, 0.504294, 0.495706
1282, 646, 636, 0.5039, 0.4961
1283, 647, 636, 0.504287, 0.495713
1284, 648, 636, 0.504673, 0.495327
1285, 649, 636, 0.505058, 0.494942
1286, 650, 636, 0.505443, 0.494557
1287, 650, 637, 0.505051, 0.494949
1288, 650, 638, 0.504658, 0.495342
1289, 651, 638, 0.505043, 0.494957
1290, 652, 638, 0.505426, 0.494574
1291, 652, 639, 0.505035, 0.494965
1292, 653, 639, 0.505418, 0.494582
1293, 653, 640, 0.505027, 0.494973
1294, 653, 641, 0.504637, 0.495363
1295, 654, 641, 0.505019, 0.494981
1296, 655, 641, 0.505401, 0.494599
1297, 655, 642, 0.505012, 0.494988
1298, 656, 642, 0.505393, 0.494607
1299, 656, 643, 0.505004, 0.494996
1300, 657, 643, 0.505385, 0.494615
1301, 657, 644, 0.504996, 0.495004
1302, 657, 645, 0.504608, 0.495392
1303, 657, 646, 0.504221, 0.495779
1304, 658, 646, 0.504601, 0.495399
1305, 659, 646, 0.504981, 0.495019
1306, 660, 646, 0.50536, 0.49464
1307, 660, 647, 0.504973, 0.495027
1308, 661, 647, 0.505352, 0.494648
1309, 662, 647, 0.50573, 0.49427
1310, 662, 648, 0.505344, 0.494656
1311, 663, 648, 0.505721, 0.494279
1312, 664, 648, 0.506098, 0.493902
1313, 664, 649, 0.505712, 0.494288
1314, 664, 650, 0.505327, 0.494673
1315, 664, 651, 0.504943, 0.495057
1316, 664, 652, 0.504559, 0.495441
1317, 664, 653, 0.504176, 0.495824
1318, 665, 653, 0.504552, 0.495448
1319, 665, 654, 0.50417, 0.49583
1320, 666, 654, 0.504545, 0.495455
1321, 667, 654, 0.504921, 0.495079
1322, 667, 655, 0.504539, 0.495461
1323, 668, 655, 0.504913, 0.495087
1324, 669, 655, 0.505287, 0.494713
1325, 670, 655, 0.50566, 0.49434
1326, 671, 655, 0.506033, 0.493967
1327, 671, 656, 0.505652, 0.494348
1328, 671, 657, 0.505271, 0.494729
1329, 672, 657, 0.505643, 0.494357
1330, 673, 657, 0.506015, 0.493985
1331, 673, 658, 0.505635, 0.494365
1332, 673, 659, 0.505255, 0.494745
1333, 674, 659, 0.505626, 0.494374
1334, 675, 659, 0.505997, 0.494003
1335, 676, 659, 0.506367, 0.493633
1336, 677, 659, 0.506737, 0.493263
1337, 677, 660, 0.506358, 0.493642
1338, 678, 660, 0.506726, 0.493274
1339, 678, 661, 0.506348, 0.493652
1340, 678, 662, 0.50597, 0.49403
1341, 678, 663, 0.505593, 0.494407
1342, 679, 663, 0.505961, 0.494039
1343, 679, 664, 0.505585, 0.494415
1344, 680, 664, 0.505952, 0.494048
1345, 680, 665, 0.505576, 0.494424
1346, 681, 665, 0.505944, 0.494056
1347, 682, 665, 0.50631, 0.49369
1348, 683, 665, 0.506677, 0.493323
1349, 683, 666, 0.506301, 0.493699
1350, 684, 666, 0.506667, 0.493333
1351, 684, 667, 0.506292, 0.493708
1352, 684, 668, 0.505917, 0.494083
1353, 684, 669, 0.505543, 0.494457
1354, 684, 670, 0.50517, 0.49483
1355, 685, 670, 0.505535, 0.494465
1356, 685, 671, 0.505162, 0.494838
1357, 686, 671, 0.505527, 0.494473
1358, 686, 672, 0.505155, 0.494845
1359, 686, 673, 0.504783, 0.495217
1360, 687, 673, 0.505147, 0.494853
1361, 687, 674, 0.504776, 0.495224
1362, 688, 674, 0.50514, 0.49486
1363, 689, 674, 0.505503, 0.494497
1364, 690, 674, 0.505865, 0.494135
1365, 690, 675, 0.505495, 0.494505
1366, 690, 676, 0.505124, 0.494876
1367, 691, 676, 0.505486, 0.494514
1368, 692, 676, 0.505848, 0.494152
1369, 692, 677, 0.505478, 0.494522
1370, 692, 678, 0.505109, 0.494891
1371, 693, 678, 0.50547, 0.49453
1372, 694, 678, 0.505831, 0.494169
1373, 694, 679, 0.505462, 0.494538
1374, 695, 679, 0.505822, 0.494178
1375, 696, 679, 0.506182, 0.493818
1376, 696, 680, 0.505814, 0.494186
1377, 697, 680, 0.506173, 0.493827
1378, 698, 680, 0.506531, 0.493469
1379, 698, 681, 0.506164, 0.493836
1380, 698, 682, 0.505797, 0.494203
1381, 698, 683, 0.505431, 0.494569
1382, 699, 683, 0.505789, 0.494211
1383, 699, 684, 0.505423, 0.494577
1384, 700, 684, 0.50578, 0.49422
1385, 700, 685, 0.505415, 0.494585
1386, 700, 686, 0.505051, 0.494949
1387, 700, 687, 0.504686, 0.495314
1388, 700, 688, 0.504323, 0.495677
1389, 701, 688, 0.50468, 0.49532
1390, 702, 688, 0.505036, 0.494964
1391, 703, 688, 0.505392, 0.494608
1392, 703, 689, 0.505029, 0.494971
1393, 703, 690, 0.504666, 0.495334
1394, 704, 690, 0.505022, 0.494978
1395, 705, 690, 0.505376, 0.494624
1396, 705, 691, 0.505014, 0.494986
1397, 706, 691, 0.505369, 0.494631
1398, 706, 692, 0.505007, 0.494993
1399, 707, 692, 0.505361, 0.494639
1400, 708, 692, 0.505714, 0.494286
1401, 708, 693, 0.505353, 0.494647
1402, 708, 694, 0.504993, 0.495007
1403, 709, 694, 0.505346, 0.494654
1404, 710, 694, 0.505698, 0.494302
1405, 711, 694, 0.50605, 0.49395
1406, 711, 695, 0.50569, 0.49431
1407, 712, 695, 0.506041, 0.493959
1408, 712, 696, 0.505682, 0.494318
1409, 712, 697, 0.505323, 0.494677
1410, 713, 697, 0.505674, 0.494326
1411, 714, 697, 0.506024, 0.493976
1412, 715, 697, 0.506374, 0.493626
1413, 715, 698, 0.506016, 0.493984
1414, 715, 699, 0.505658, 0.494342
1415, 716, 699, 0.506007, 0.493993
1416, 716, 700, 0.50565, 0.49435
1417, 717, 700, 0.505999, 0.494001
1418, 717, 701, 0.505642, 0.494358
1419, 717, 702, 0.505285, 0.494715
1420, 717, 703, 0.50493, 0.49507
1421, 717, 704, 0.504574, 0.495426
1422, 718, 704, 0.504923, 0.495077
1423, 719, 704, 0.505271, 0.494729
1424, 719, 705, 0.504916, 0.495084
1425, 720, 705, 0.505263, 0.494737
1426, 720, 706, 0.504909, 0.495091
1427, 720, 707, 0.504555, 0.495445
1428, 721, 707, 0.504902, 0.495098
1429, 722, 707, 0.505248, 0.494752
1430, 723, 707, 0.505594, 0.494406
1431, 723, 708, 0.505241, 0.494759
1432, 723, 709, 0.504888, 0.495112
1433, 723, 710, 0.504536, 0.495464
1434, 724, 710, 0.504881, 0.495119
1435, 724, 711, 0.50453, 0.49547
1436, 724, 712, 0.504178, 0.495822
1437, 724, 713, 0.503827, 0.496173
1438, 725, 713, 0.504172, 0.495828
1439, 726, 713, 0.504517, 0.495483
1440, 726, 714, 0.504167, 0.495833
1441, 726, 715, 0.503817, 0.496183
1442, 726, 716, 0.503467, 0.496533
1443, 727, 716, 0.503812, 0.496188
1444, 728, 716, 0.504155, 0.495845
1445, 728, 717, 0.503806, 0.496194
1446, 728, 718, 0.503458, 0.496542
1447, 728, 719, 0.50311, 0.49689
1448, 729, 719, 0.503453, 0.496547
1449, 729, 720, 0.503106, 0.496894
1450, 729, 721, 0.502759, 0.497241
1451, 729, 722, 0.502412, 0.497588
1452, 730, 722, 0.502755, 0.497245
1453, 730, 723, 0.502409, 0.497591
1454, 730, 724, 0.502063, 0.497937
1455, 731, 724, 0.502405, 0.497595
1456, 731, 725, 0.50206, 0.49794
1457, 731, 726, 0.501716, 0.498284
1458, 731, 727, 0.501372, 0.498628
1459, 732, 727, 0.501714, 0.498286
1460, 732, 728, 0.50137, 0.49863
1461, 733, 728, 0.501711, 0.498289
1462, 734, 728, 0.502052, 0.497948
1463, 735, 728, 0.502392, 0.497608
1464, 736, 728, 0.502732, 0.497268
1465, 737, 728, 0.503072, 0.496928
1466, 738, 728, 0.503411, 0.496589
1467, 738, 729, 0.503067, 0.496933
1468, 739, 729, 0.503406, 0.496594
1469, 739, 730, 0.503063, 0.496937
1470, 739, 731, 0.502721, 0.497279
1471, 740, 731, 0.503059, 0.496941
1472, 740, 732, 0.502717, 0.497283
1473, 740, 733, 0.502376, 0.497624
1474, 741, 733, 0.502714, 0.497286
1475, 742, 733, 0.503051, 0.496949
1476, 743, 733, 0.503388, 0.496612
1477, 744, 733, 0.503724, 0.496276
1478, 744, 734, 0.503383, 0.496617
1479, 745, 734, 0.503719, 0.496281
1480, 746, 734, 0.504054, 0.495946
1481, 747, 734, 0.504389, 0.495611
1482, 748, 734, 0.504723, 0.495277
1483, 748, 735, 0.504383, 0.495617
1484, 748, 736, 0.504043, 0.495957
1485, 748, 737, 0.503704, 0.496296
1486, 749, 737, 0.504038, 0.495962
1487, 750, 737, 0.504371, 0.495629
1488, 750, 738, 0.504032, 0.495968
1489, 751, 738, 0.504365, 0.495635
1490, 751, 739, 0.504027, 0.495973
1491, 751, 740, 0.503689, 0.496311
1492, 752, 740, 0.504021, 0.495979
1493, 752, 741, 0.503684, 0.496316
1494, 752, 742, 0.503347, 0.496653
1495, 753, 742, 0.503679, 0.496321
1496, 753, 743, 0.503342, 0.496658
1497, 753, 744, 0.503006, 0.496994
1498, 754, 744, 0.503338, 0.496662
1499, 755, 744, 0.503669, 0.496331
1500, 755, 745, 0.503333, 0.496667
1501, 755, 746, 0.502998, 0.497002
1502, 756, 746, 0.503329, 0.496671
1503, 756, 747, 0.502994, 0.497006
1504, 756, 748, 0.50266, 0.49734
1505, 757, 748, 0.50299, 0.49701
1506, 757, 749, 0.502656, 0.497344
1507, 758, 749, 0.502986, 0.497014
1508, 759, 749, 0.503316, 0.496684
1509, 759, 750, 0.502982, 0.497018
1510, 759, 751, 0.502649, 0.497351
1511, 759, 752, 0.502316, 0.497684
1512, 759, 753, 0.501984, 0.498016
1513, 760, 753, 0.502313, 0.497687
1514, 760, 754, 0.501982, 0.498018
1515, 761, 754, 0.50231, 0.49769
1516, 762, 754, 0.502639, 0.497361
1517, 762, 755, 0.502307, 0.497693
1518, 763, 755, 0.502635, 0.497365
1519, 763, 756, 0.502304, 0.497696
1520, 764, 756, 0.502632, 0.497368
1521, 765, 756, 0.502959, 0.497041
1522, 766, 756, 0.503285, 0.496715
1523, 766, 757, 0.502955, 0.497045
1524, 766, 758, 0.502625, 0.497375
1525, 767, 758, 0.502951, 0.497049
1526, 767, 759, 0.502621, 0.497379
1527, 767, 760, 0.502292, 0.497708
1528, 767, 761, 0.501963, 0.498037
1529, 768, 761, 0.502289, 0.497711
1530, 768, 762, 0.501961, 0.498039
1531, 769, 762, 0.502286, 0.497714
1532, 770, 762, 0.502611, 0.497389
1533, 771, 762, 0.502935, 0.497065
1534, 772, 762, 0.503259, 0.496741
1535, 773, 762, 0.503583, 0.496417
1536, 774, 762, 0.503906, 0.496094
1537, 775, 762, 0.504229, 0.495771
1538, 775, 763, 0.503901, 0.496099
1539, 775, 764, 0.503574, 0.496426
1540, 775, 765, 0.503247, 0.496753
1541, 776, 765, 0.503569, 0.496431
1542, 777, 765, 0.503891, 0.496109
1543, 778, 765, 0.504213, 0.495787
1544, 779, 765, 0.504534, 0.495466
1545, 779, 766, 0.504207, 0.495793
1546, 779, 767, 0.503881, 0.496119
1547, 780, 767, 0.504202, 0.495798
1548, 780, 768, 0.503876, 0.496124
1549, 780, 769, 0.503551, 0.496449
1550, 780, 770, 0.503226, 0.496774
1551, 780, 771, 0.502901, 0.497099
1552, 781, 771, 0.503222, 0.496778
1553, 782, 771, 0.503542, 0.496458
1554, 783, 771, 0.503861, 0.496139
1555, 783, 772, 0.503537, 0.496463
1556, 784, 772, 0.503856, 0.496144
1557, 785, 772, 0.504175, 0.495825
1558, 785, 773, 0.503851, 0.496149
1559, 785, 774, 0.503528, 0.496472
1560, 785, 775, 0.503205, 0.496795
1561, 785, 776, 0.502883, 0.497117
1562, 785, 777, 0.502561, 0.497439
1563, 785, 778, 0.502239, 0.497761
1564, 786, 778, 0.502558, 0.497442
1565, 786, 779, 0.502236, 0.497764
1566, 787, 779, 0.502554, 0.497446
1567, 787, 780, 0.502234, 0.497766
1568, 787, 781, 0.501913, 0.498087
1569, 788, 781, 0.502231, 0.497769
1570, 789, 781, 0.502548, 0.497452
1571, 790, 781, 0.502864, 0.497136
1572, 791, 781, 0.503181, 0.496819
1573, 791, 782, 0.502861, 0.497139
1574, 792, 782, 0.503177, 0.496823
1575, 793, 782, 0.503492, 0.496508
1576, 794, 782, 0.503807, 0.496193
1577, 795, 782, 0.504122, 0.495878
1578, 795, 783, 0.503802, 0.496198
1579, 795, 784, 0.503483, 0.496517
1580, 796, 784, 0.503797, 0.496203
1581, 796, 785, 0.503479, 0.496521
1582, 796, 786, 0.503161, 0.496839
1583, 796, 787, 0.502843, 0.497157
1584, 796, 788, 0.502525, 0.497475
1585, 796, 789, 0.502208, 0.497792
1586, 796, 790, 0.501892, 0.498108
1587, 797, 790, 0.502205, 0.497795
1588, 797, 791, 0.501889, 0.498111
1589, 797, 792, 0.501573, 0.498427
1590, 798, 792, 0.501887, 0.498113
1591, 798, 793, 0.501571, 0.498429
1592, 799, 793, 0.501884, 0.498116
1593, 799, 794, 0.501569, 0.498431
1594, 800, 794, 0.501882, 0.498118
1595, 801, 794, 0.502194, 0.497806
1596, 801, 795, 0.50188, 0.49812
1597, 801, 796, 0.501565, 0.498435
1598, 801, 797, 0.501252, 0.498748
1599, 801, 798, 0.500938, 0.499062
1600, 802, 798, 0.50125, 0.49875
1601, 803, 798, 0.501562, 0.498438
1602, 803, 799, 0.501248, 0.498752
1603, 803, 800, 0.500936, 0.499064
1604, 803, 801, 0.500623, 0.499377
1605, 803, 802, 0.500312, 0.499688
1606, 803, 803, 0.5, 0.5
1607, 804, 803, 0.500311, 0.499689
1608, 805, 803, 0.500622, 0.499378
1609, 806, 803, 0.500932, 0.499068
1610, 806, 804, 0.500621, 0.499379
1611, 806, 805, 0.50031, 0.49969
1612, 807, 805, 0.50062, 0.49938
1613, 808, 805, 0.50093, 0.49907
1614, 808, 806, 0.50062, 0.49938
1615, 809, 806, 0.500929, 0.499071
1616, 809, 807, 0.500619, 0.499381
1617, 809, 808, 0.500309, 0.499691
1618, 809, 809, 0.5, 0.5
1619, 810, 809, 0.500309, 0.499691
1620, 810, 810, 0.5, 0.5
1621, 810, 811, 0.499692, 0.500308
1622, 811, 811, 0.5, 0.5
1623, 811, 812, 0.499692, 0.500308
1624, 811, 813, 0.499384, 0.500616
1625, 811, 814, 0.499077, 0.500923
1626, 812, 814, 0.499385, 0.500615
1627, 812, 815, 0.499078, 0.500922
1628, 812, 816, 0.498771, 0.501229
1629, 812, 817, 0.498465, 0.501535
1630, 813, 817, 0.498773, 0.501227
1631, 813, 818, 0.498467, 0.501533
1632, 814, 818, 0.498775, 0.501225
1633, 814, 819, 0.498469, 0.501531
1634, 815, 819, 0.498776, 0.501224
1635, 815, 820, 0.498471, 0.501529
1636, 815, 821, 0.498166, 0.501834
1637, 815, 822, 0.497862, 0.502138
1638, 815, 823, 0.497558, 0.502442
1639, 815, 824, 0.497254, 0.502746
1640, 815, 825, 0.496951, 0.503049
1641, 816, 825, 0.497258, 0.502742
1642, 816, 826, 0.496955, 0.503045
1643, 816, 827, 0.496652, 0.503348
1644, 817, 827, 0.496959, 0.503041
1645, 818, 827, 0.497264, 0.502736
1646, 819, 827, 0.49757, 0.50243
1647, 819, 828, 0.497268, 0.502732
1648, 819, 829, 0.496966, 0.503034
1649, 819, 830, 0.496665, 0.503335
1650, 819, 831, 0.496364, 0.503636
1651, 819, 832, 0.496063, 0.503937
1652, 819, 833, 0.495763, 0.504237
1653, 820, 833, 0.496068, 0.503932
1654, 821, 833, 0.496372, 0.503628
1655, 821, 834, 0.496073, 0.503927
1656, 822, 834, 0.496377, 0.503623
1657, 822, 835, 0.496077, 0.503923
1658, 822, 836, 0.495778, 0.504222
1659, 822, 837, 0.495479, 0.504521
1660, 823, 837, 0.495783, 0.504217
1661, 824, 837, 0.496087, 0.503913
1662, 824, 838, 0.495788, 0.504212
1663, 825, 838, 0.496091, 0.503909
1664, 825, 839, 0.495793, 0.504207
1665, 826, 839, 0.496096, 0.503904
1666, 827, 839, 0.496399, 0.503601
1667, 827, 840, 0.496101, 0.503899
1668, 828, 840, 0.496403, 0.503597
1669, 829, 840, 0.496705, 0.503295
1670, 830, 840, 0.497006, 0.502994
1671, 831, 840, 0.497307, 0.502693
1672, 832, 840, 0.497608, 0.502392
1673, 832, 841, 0.49731, 0.50269
1674, 833, 841, 0.497611, 0.502389
1675, 833, 842, 0.497313, 0.502687
1676, 833, 843, 0.497017, 0.502983
1677, 833, 844, 0.49672, 0.50328
1678, 833, 845, 0.496424, 0.503576
1679, 834, 845, 0.496724, 0.503276
1680, 834, 846, 0.496429, 0.503571
1681, 835, 846, 0.496728, 0.503272
1682, 835, 847, 0.496433, 0.503567
1683, 836, 847, 0.496732, 0.503268
1684, 837, 847, 0.497031, 0.502969
1685, 838, 847, 0.497329, 0.502671
1686, 838, 848, 0.497034, 0.502966
1687, 838, 849, 0.49674, 0.50326
1688, 838, 850, 0.496445, 0.503555
1689, 839, 850, 0.496744, 0.503256
1690, 840, 850, 0.497041, 0.502959
1691, 841, 850, 0.497339, 0.502661
1692, 842, 850, 0.497636, 0.502364
1693, 842, 851, 0.497342, 0.502658
1694, 843, 851, 0.497639, 0.502361
1695, 844, 851, 0.497935, 0.502065
1696, 845, 851, 0.498231, 0.501769
1697, 846, 851, 0.498527, 0.501473
1698, 846, 852, 0.498233, 0.501767
1699, 846, 853, 0.49794, 0.50206
1700, 846, 854, 0.497647, 0.502353
1701, 847, 854, 0.497942, 0.502058
1702, 847, 855, 0.49765, 0.50235
1703, 848, 855, 0.497945, 0.502055
1704, 848, 856, 0.497653, 0.502347
1705, 849, 856, 0.497947, 0.502053
1706, 850, 856, 0.498242, 0.501758
1707, 850, 857, 0.49795, 0.50205
1708, 851, 857, 0.498244, 0.501756
1709, 852, 857, 0.498537, 0.501463
1710, 853, 857, 0.49883, 0.50117
1711, 853, 858, 0.498539, 0.501461
1712, 854, 858, 0.498832, 0.501168
1713, 854, 859, 0.498541, 0.501459
1714, 855, 859, 0.498833, 0.501167
1715, 856, 859, 0.499125, 0.500875
1716, 856, 860, 0.498834, 0.501166
1717, 857, 860, 0.499126, 0.500874
1718, 857, 861, 0.498836, 0.501164
1719, 857, 862, 0.498546, 0.501454
1720, 857, 863, 0.498256, 0.501744
1721, 858, 863, 0.498547, 0.501453
1722, 858, 864, 0.498258, 0.501742
1723, 859, 864, 0.498549, 0.501451
1724, 859, 865, 0.49826, 0.50174
1725, 860, 865, 0.498551, 0.501449
1726, 860, 866, 0.498262, 0.501738
1727, 860, 867, 0.497973, 0.502027
1728, 861, 867, 0.498264, 0.501736
1729, 862, 867, 0.498554, 0.501446
1730, 862, 868, 0.498266, 0.501734
1731, 862, 869, 0.497978, 0.502022
1732, 863, 869, 0.498268, 0.501732
1733, 864, 869, 0.498557, 0.501443
1734, 865, 869, 0.498847, 0.501153
1735, 865, 870, 0.498559, 0.501441
1736, 866, 870, 0.498848, 0.501152
1737, 866, 871, 0.498561, 0.501439
1738, 867, 871, 0.498849, 0.501151
1739, 868, 871, 0.499137, 0.500863
1740, 869, 871, 0.499425, 0.500575
1741, 869, 872, 0.499138, 0.500862
1742, 869, 873, 0.498852, 0.501148
1743, 870, 873, 0.499139, 0.500861
1744, 870, 874, 0.498853, 0.501147
1745, 870, 875, 0.498567, 0.501433
1746, 871, 875, 0.498855, 0.501145
1747, 872, 875, 0.499141, 0.500859
1748, 872, 876, 0.498856, 0.501144
1749, 872, 877, 0.498571, 0.501429
1750, 872, 878, 0.498286, 0.501714
1751, 872, 879, 0.498001, 0.501999
1752, 873, 879, 0.498288, 0.501712
1753, 874, 879, 0.498574, 0.501426
1754, 875, 879, 0.49886, 0.50114
1755, 875, 880, 0.498575, 0.501425
1756, 876, 880, 0.498861, 0.501139
1757, 877, 880, 0.499146, 0.500854
1758, 878, 880, 0.499431, 0.500569
1759, 879, 880, 0.499716, 0.500284
1760, 879, 881, 0.499432, 0.500568
1761, 879, 882, 0.499148, 0.500852
1762, 880, 882, 0.499432, 0.500568
1763, 881, 882, 0.499716, 0.500284
1764, 881, 883, 0.499433, 0.500567
1765, 881, 884, 0.49915, 0.50085
1766, 882, 884, 0.499434, 0.500566
1767, 883, 884, 0.499717, 0.500283
1768, 884, 884, 0.5, 0.5
1769, 885, 884, 0.500283, 0.499717
1770, 886, 884, 0.500565, 0.499435
1771, 887, 884, 0.500847, 0.499153
1772, 888, 884, 0.501129, 0.498871
1773, 888, 885, 0.500846, 0.499154
1774, 888, 886, 0.500564, 0.499436
1775, 889, 886, 0.500845, 0.499155
1776, 889, 887, 0.500563, 0.499437
1777, 889, 888, 0.500281, 0.499719
1778, 889, 889, 0.5, 0.5
1779, 890, 889, 0.500281, 0.499719
1780, 890, 890, 0.5, 0.5
1781, 890, 891, 0.499719, 0.500281
1782, 890, 892, 0.499439, 0.500561
1783, 891, 892, 0.49972, 0.50028
1784, 892, 892, 0.5, 0.5
1785, 893, 892, 0.50028, 0.49972
1786, 893, 893, 0.5, 0.5
1787, 894, 893, 0.50028, 0.49972
1788, 894, 894, 0.5, 0.5
1789, 894, 895, 0.499721, 0.500279
1790, 895, 895, 0.5, 0.5
1791, 895, 896, 0.499721, 0.500279
1792, 896, 896, 0.5, 0.5
1793, 897, 896, 0.500279, 0.499721
1794, 898, 896, 0.500557, 0.499443
1795, 898, 897, 0.500279, 0.499721
1796, 898, 898, 0.5, 0.5
1797, 899, 898, 0.500278, 0.499722
1798, 900, 898, 0.500556, 0.499444
1799, 901, 898, 0.500834, 0.499166
1800, 902, 898, 0.501111, 0.498889
1801, 902, 899, 0.500833, 0.499167
1802, 903, 899, 0.50111, 0.49889
1803, 903, 900, 0.500832, 0.499168
1804, 903, 901, 0.500554, 0.499446
1805, 904, 901, 0.500831, 0.499169
1806, 905, 901, 0.501107, 0.498893
1807, 905, 902, 0.50083, 0.49917
1808, 905, 903, 0.500553, 0.499447
1809, 906, 903, 0.500829, 0.499171
1810, 907, 903, 0.501105, 0.498895
1811, 908, 903, 0.50138, 0.49862
1812, 909, 903, 0.501656, 0.498344
1813, 910, 903, 0.501931, 0.498069
1814, 910, 904, 0.501654, 0.498346
1815, 911, 904, 0.501928, 0.498072
1816, 912, 904, 0.502203, 0.497797
1817, 913, 904, 0.502477, 0.497523
1818, 913, 905, 0.5022, 0.4978
1819, 914, 905, 0.502474, 0.497526
1820, 914, 906, 0.502198, 0.497802
1821, 914, 907, 0.501922, 0.498078
1822, 914, 908, 0.501647, 0.498353
1823, 915, 908, 0.50192, 0.49808
1824, 916, 908, 0.502193, 0.497807
1825, 917, 908, 0.502466, 0.497534
1826, 918, 908, 0.502738, 0.497262
1827, 918, 909, 0.502463, 0.497537
1828, 918, 910, 0.502188, 0.497812
1829, 918, 911, 0.501914, 0.498086
1830, 918, 912, 0.501639, 0.498361
1831, 919, 912, 0.501912, 0.498088
1832, 919, 913, 0.501638, 0.498362
1833, 920, 913, 0.501909, 0.498091
1834, 921, 913, 0.502181, 0.497819
1835, 922, 913, 0.502452, 0.497548
1836, 923, 913, 0.502723, 0.497277
1837, 923, 914, 0.50245, 0.49755
1838, 924, 914, 0.50272, 0.49728
1839, 925, 914, 0.502991, 0.497009
1840, 926, 914, 0.503261, 0.496739
1841, 927, 914, 0.503531, 0.496469
1842, 928, 914, 0.5038, 0.4962
1843, 929, 914, 0.504069, 0.495931
1844, 929, 915, 0.503796, 0.496204
1845, 929, 916, 0.503523, 0.496477
1846, 930, 916, 0.503792, 0.496208
1847, 930, 917, 0.503519, 0.496481
1848, 930, 918, 0.503247, 0.496753
1849, 931, 918, 0.503515, 0.496485
1850, 932, 918, 0.503784, 0.496216
1851, 932, 919, 0.503512, 0.496488
1852, 933, 919, 0.50378, 0.49622
1853, 934, 919, 0.504047, 0.495953
1854, 935, 919, 0.504315, 0.495685
1855, 936, 919, 0.504582, 0.495418
1856, 936, 920, 0.50431, 0.49569
1857, 936, 921, 0.504039, 0.495961
1858, 937, 921, 0.504306, 0.495694
1859, 938, 921, 0.504572, 0.495428
1860, 939, 921, 0.504839, 0.495161
1861, 940, 921, 0.505105, 0.494895
1862, 940, 922, 0.504834, 0.495166
1863, 941, 922, 0.505099, 0.494901
1864, 941, 923, 0.504828, 0.495172
1865, 941, 924, 0.504558, 0.495442
1866, 942, 924, 0.504823, 0.495177
1867, 942, 925, 0.504553, 0.495447
1868, 942, 926, 0.504283, 0.495717
1869, 942, 927, 0.504013, 0.495987
1870, 942, 928, 0.503743, 0.496257
1871, 943, 928, 0.504009, 0.495991
1872, 943, 929, 0.503739, 0.496261
1873, 943, 930, 0.50347, 0.49653
1874, 944, 930, 0.503735, 0.496265
1875, 944, 931, 0.503467, 0.496533
1876, 945, 931, 0.503731, 0.496269
1877, 946, 931, 0.503996, 0.496004
1878, 947, 931, 0.50426, 0.49574
1879, 947, 932, 0.503991, 0.496009
1880, 947, 933, 0.503723, 0.496277
1881, 948, 933, 0.503987, 0.496013
1882, 948, 934, 0.503719, 0.496281
1883, 948, 935, 0.503452, 0.496548
1884, 949, 935, 0.503715, 0.496285
1885, 950, 935, 0.503979, 0.496021
1886, 951, 935, 0.504242, 0.495758
1887, 952, 935, 0.504505, 0.495495
1888, 953, 935, 0.504767, 0.495233
1889, 954, 935, 0.505029, 0.494971
1890, 955, 935, 0.505291, 0.494709
1891, 956, 935, 0.505553, 0.494447
1892, 956, 936, 0.505285, 0.494715
1893, 957, 936, 0.505547, 0.494453
1894, 957, 937, 0.50528, 0.49472
1895, 957, 938, 0.505013, 0.494987
1896, 958, 938, 0.505274, 0.494726
1897, 959, 938, 0.505535, 0.494465
1898, 959, 939, 0.505269, 0.494731
1899, 959, 940, 0.505003, 0.494997
1900, 959, 941, 0.504737, 0.495263
1901, 960, 941, 0.504997, 0.495003
1902, 961, 941, 0.505258, 0.494742
1903, 962, 941, 0.505518, 0.494482
1904, 963, 941, 0.505777, 0.494223
1905, 964, 941, 0.506037, 0.493963
1906, 965, 941, 0.506296, 0.493704
1907, 965, 942, 0.50603, 0.49397
1908, 965, 943, 0.505765, 0.494235
1909, 966, 943, 0.506024, 0.493976
1910, 967, 943, 0.506283, 0.493717
1911, 968, 943, 0.506541, 0.493459
1912, 968, 944, 0.506276, 0.493724
1913, 969, 944, 0.506534, 0.493466
1914, 969, 945, 0.50627, 0.49373
1915, 970, 945, 0.506527, 0.493473
1916, 970, 946, 0.506263, 0.493737
1917, 970, 947, 0.505999, 0.494001
1918, 971, 947, 0.506257, 0.493743
1919, 972, 947, 0.506514, 0.493486
1920, 972, 948, 0.50625, 0.49375
1921, 972, 949, 0.505986, 0.494014
1922, 972, 950, 0.505723, 0.494277
1923, 972, 951, 0.50546, 0.49454
1924, 973, 951, 0.505717, 0.494283
1925, 973, 952, 0.505455, 0.494545
1926, 973, 953, 0.505192, 0.494808
1927, 973, 954, 0.50493, 0.49507
1928, 974, 954, 0.505187, 0.494813
1929, 974, 955, 0.504925, 0.495075
1930, 974, 956, 0.504663, 0.495337
1931, 975, 956, 0.50492, 0.49508
1932, 976, 956, 0.505176, 0.494824
1933, 977, 956, 0.505432, 0.494568
1934, 978, 956, 0.505688, 0.494312
1935, 978, 957, 0.505426, 0.494574
1936, 979, 957, 0.505682, 0.494318
1937, 980, 957, 0.505937, 0.494063
1938, 980, 958, 0.505676, 0.494324
1939, 981, 958, 0.505931, 0.494069
1940, 981, 959, 0.50567, 0.49433
1941, 981, 960, 0.50541, 0.49459
1942, 981, 961, 0.505149, 0.494851
1943, 981, 962, 0.504889, 0.495111
1944, 981, 963, 0.50463, 0.49537
1945, 981, 964, 0.50437, 0.49563
1946, 981, 965, 0.504111, 0.495889
1947, 981, 966, 0.503852, 0.496148
1948, 981, 967, 0.503593, 0.496407
1949, 982, 967, 0.503848, 0.496152
1950, 982, 968, 0.50359, 0.49641
1951, 983, 968, 0.503844, 0.496156
1952, 984, 968, 0.504098, 0.495902
1953, 984, 969, 0.50384, 0.49616
1954, 985, 969, 0.504094, 0.495906
1955, 985, 970, 0.503836, 0.496164
1956, 986, 970, 0.50409, 0.49591
1957, 987, 970, 0.504343, 0.495657
1958, 987, 971, 0.504086, 0.495914
1959, 987, 972, 0.503828, 0.496172
1960, 987, 973, 0.503571, 0.496429
1961, 988, 973, 0.503825, 0.496175
1962, 988, 974, 0.503568, 0.496432
1963, 988, 975, 0.503311, 0.496689
1964, 988, 976, 0.503055, 0.496945
1965, 988, 977, 0.502799, 0.497201
1966, 988, 978, 0.502543, 0.497457
1967, 989, 978, 0.502796, 0.497204
1968, 990, 978, 0.503049, 0.496951
1969, 990, 979, 0.502793, 0.497207
1970, 991, 979, 0.503046, 0.496954
1971, 991, 980, 0.50279, 0.49721
1972, 992, 980, 0.503043, 0.496957
1973, 993, 980, 0.503294, 0.496706
1974, 993, 981, 0.50304, 0.49696
1975, 994, 981, 0.503291, 0.496709
1976, 994, 982, 0.503036, 0.496964
1977, 995, 982, 0.503288, 0.496712
1978, 996, 982, 0.503539, 0.496461
1979, 996, 983, 0.503284, 0.496716
1980, 996, 984, 0.50303, 0.49697
1981, 997, 984, 0.503281, 0.496719
1982, 998, 984, 0.503532, 0.496468
1983, 998, 985, 0.503278, 0.496722
1984, 998, 986, 0.503024, 0.496976
1985, 998, 987, 0.502771, 0.497229
1986, 999, 987, 0.503021, 0.496979
1987, 999, 988, 0.502768, 0.497232
1988, 1000, 988, 0.503018, 0.496982
1989, 1001, 988, 0.503268, 0.496732
1990, 1002, 988, 0.503518, 0.496482
1991, 1003, 988, 0.503767, 0.496233
1992, 1003, 989, 0.503514, 0.496486
1993, 1004, 989, 0.503763, 0.496237
1994, 1004, 990, 0.503511, 0.496489
1995, 1005, 990, 0.503759, 0.496241
1996, 1005, 991, 0.503507, 0.496493
1997, 1006, 991, 0.503756, 0.496244
1998, 1006, 992, 0.503504, 0.496496
1999, 1006, 993, 0.503252, 0.496748
2000, 1007, 993, 0.5035, 0.4965
2001, 1007, 994, 0.503248, 0.496752
2002, 1007, 995, 0.502997, 0.497003
2003, 1008, 995, 0.503245, 0.496755
2004, 1008, 996, 0.502994, 0.497006
2005, 1009, 996, 0.503242, 0.496758
2006, 1010, 996, 0.50349, 0.49651
2007, 1010, 997, 0.503239, 0.496761
2008, 1010, 998, 0.502988, 0.497012
2009, 1011, 998, 0.503235, 0.496765
2010, 1011, 999, 0.502985, 0.497015
2011, 1012, 999, 0.503232, 0.496768
2012, 1013, 999, 0.503479, 0.496521
2013, 1013, 1000, 0.503229, 0.496771
2014, 1014, 1000, 0.503476, 0.496524
2015, 1015, 1000, 0.503722, 0.496278
2016, 1015, 1001, 0.503472, 0.496528
2017, 1016, 1001, 0.503718, 0.496282
2018, 1017, 1001, 0.503964, 0.496036
2019, 1017, 1002, 0.503715, 0.496285
2020, 1018, 1002, 0.50396, 0.49604
2021, 1019, 1002, 0.504206, 0.495794
2022, 1019, 1003, 0.503956, 0.496044
2023, 1020, 1003, 0.504202, 0.495798
2024, 1020, 1004, 0.503953, 0.496047
2025, 1020, 1005, 0.503704, 0.496296
2026, 1021, 1005, 0.503949, 0.496051
2027, 1021, 1006, 0.5037, 0.4963
2028, 1021, 1007, 0.503452, 0.496548
2029, 1022, 1007, 0.503696, 0.496304
2030, 1022, 1008, 0.503448, 0.496552
2031, 1023, 1008, 0.503693, 0.496307
2032, 1024, 1008, 0.503937, 0.496063
2033, 1025, 1008, 0.504181, 0.495819
2034, 1026, 1008, 0.504425, 0.495575
2035, 1026, 1009, 0.504177, 0.495823
2036, 1027, 1009, 0.50442, 0.49558
2037, 1028, 1009, 0.504664, 0.495336
2038, 1028, 1010, 0.504416, 0.495584
2039, 1028, 1011, 0.504169, 0.495831
2040, 1028, 1012, 0.503922, 0.496078
2041, 1029, 1012, 0.504165, 0.495835
2042, 1029, 1013, 0.503918, 0.496082
2043, 1029, 1014, 0.503671, 0.496329
2044, 1030, 1014, 0.503914, 0.496086
2045, 1030, 1015, 0.503667, 0.496333
2046, 1030, 1016, 0.503421, 0.496579
2047, 1031, 1016, 0.503664, 0.496336
2048, 1031, 1017, 0.503418, 0.496582
2049, 1032, 1017, 0.50366, 0.49634
2050, 1033, 1017, 0.503902, 0.496098
2051, 1033, 1018, 0.503657, 0.496343
2052, 1034, 1018, 0.503899, 0.496101
2053, 1035, 1018, 0.50414, 0.49586
2054, 1035, 1019, 0.503895, 0.496105
2055, 1036, 1019, 0.504136, 0.495864
2056, 1037, 1019, 0.504377, 0.495623
2057, 1037, 1020, 0.504132, 0.495868
2058, 1038, 1020, 0.504373, 0.495627
2059, 1039, 1020, 0.504614, 0.495386
2060, 1040, 1020, 0.504854, 0.495146
2061, 1041, 1020, 0.505095, 0.494905
2062, 1042, 1020, 0.505335, 0.494665
2063, 1043, 1020, 0.505574, 0.494426
2064, 1044, 1020, 0.505814, 0.494186
2065, 1045, 1020, 0.506053, 0.493947
2066, 1045, 1021, 0.505808, 0.494192
2067, 1045, 1022, 0.505564, 0.494436
2068, 1045, 1023, 0.505319, 0.494681
2069, 1046, 1023, 0.505558, 0.494442
2070, 1047, 1023, 0.505797, 0.494203
2071, 1047, 1024, 0.505553, 0.494447
2072, 1047, 1025, 0.505309, 0.494691
2073, 1048, 1025, 0.505548, 0.494452
2074, 1048, 1026, 0.505304, 0.494696
2075, 1049, 1026, 0.505542, 0.494458
2076, 1049, 1027, 0.505299, 0.494701
2077, 1049, 1028, 0.505055, 0.494945
2078, 1050, 1028, 0.505294, 0.494706
2079, 1051, 1028, 0.505532, 0.494468
2080, 1051, 1029, 0.505288, 0.494712
2081, 1052, 1029, 0.505526, 0.494474
2082, 1052, 1030, 0.505283, 0.494717
2083, 1053, 1030, 0.505521, 0.494479
2084, 1054, 1030, 0.505758, 0.494242
2085, 1054, 1031, 0.505516, 0.494484
2086, 1054, 1032, 0.505273, 0.494727
2087, 1054, 1033, 0.505031, 0.494969
2088, 1055, 1033, 0.505268, 0.494732
2089, 1055, 1034, 0.505026, 0.494974
2090, 1055, 1035, 0.504785, 0.495215
2091, 1056, 1035, 0.505022, 0.494978
2092, 1057, 1035, 0.505258, 0.494742
2093, 1057, 1036, 0.505017, 0.494983
2094, 1058, 1036, 0.505253, 0.494747
2095, 1058, 1037, 0.505012, 0.494988
2096, 1059, 1037, 0.505248, 0.494752
2097, 1059, 1038, 0.505007, 0.494993
2098, 1060, 1038, 0.505243, 0.494757
2099, 1060, 1039, 0.505002, 0.494998
2100, 1061, 1039, 0.505238, 0.494762
2101, 1061, 1040, 0.504998, 0.495002
2102, 1062, 1040, 0.505233, 0.494767
2103, 1062, 1041, 0.504993, 0.495007
2104, 1063, 1041, 0.505228, 0.494772
2105, 1064, 1041, 0.505463, 0.494537
2106, 1064, 1042, 0.505223, 0.494777
2107, 1064, 1043, 0.504983, 0.495017
2108, 1065, 1043, 0.505218, 0.494782
2109, 1065, 1044, 0.504979, 0.495021
2110, 1066, 1044, 0.505213, 0.494787
2111, 1066, 1045, 0.504974, 0.495026
2112, 1067, 1045, 0.505208, 0.494792
2113, 1068, 1045, 0.505442, 0.494558
2114, 1068, 1046, 0.505203, 0.494797
2115, 1068, 1047, 0.504965, 0.495035
2116, 1068, 1048, 0.504726, 0.495274
2117, 1069, 1048, 0.50496, 0.49504
2118, 1070, 1048, 0.505194, 0.494806
2119, 1071, 1048, 0.505427, 0.494573
2120, 1072, 1048, 0.50566, 0.49434
2121, 1073, 1048, 0.505893, 0.494107
2122, 1074, 1048, 0.506126, 0.493874
2123, 1074, 1049, 0.505888, 0.494112
2124, 1074, 1050, 0.50565, 0.49435
2125, 1075, 1050, 0.505882, 0.494118
2126, 1076, 1050, 0.506115, 0.493885
2127, 1077, 1050, 0.506347, 0.493653
2128, 1077, 1051, 0.506109, 0.493891
2129, 1077, 1052, 0.505871, 0.494129
2130, 1077, 1053, 0.505634, 0.494366
2131, 1078, 1053, 0.505866, 0.494134
2132, 1079, 1053, 0.506098, 0.493902
2133, 1079, 1054, 0.50586, 0.49414
2134, 1079, 1055, 0.505623, 0.494377
2135, 1080, 1055, 0.505855, 0.494145
2136, 1080, 1056, 0.505618, 0.494382
2137, 1081, 1056, 0.505849, 0.494151
2138, 1082, 1056, 0.50608, 0.49392
2139, 1083, 1056, 0.506311, 0.493689
2140, 1083, 1057, 0.506075, 0.493925
2141, 1083, 1058, 0.505838, 0.494162
2142, 1084, 1058, 0.506069, 0.493931
2143, 1084, 1059, 0.505833, 0.494167
2144, 1084, 1060, 0.505597, 0.494403
2145, 1085, 1060, 0.505828, 0.494172
2146, 1086, 1060, 0.506058, 0.493942
2147, 1087, 1060, 0.506288, 0.493712
2148, 1087, 1061, 0.506052, 0.493948
2149, 1087, 1062, 0.505817, 0.494183
2150, 1087, 1063, 0.505581, 0.494419
2151, 1087, 1064, 0.505346, 0.494654
2152, 1088, 1064, 0.505576, 0.494424
2153, 1089, 1064, 0.505806, 0.494194
2154, 1090, 1064, 0.506035, 0.493965
2155, 1090, 1065, 0.5058, 0.4942
2156, 1090, 1066, 0.505566, 0.494434
2157, 1090, 1067, 0.505331, 0.494669
2158, 1091, 1067, 0.505561, 0.494439
2159, 1092, 1067, 0.50579, 0.49421
2160, 1092, 1068, 0.505556, 0.494444
2161, 1092, 1069, 0.505322, 0.494678
2162, 1092, 1070, 0.505088, 0.494912
2163, 1092, 1071, 0.504854, 0.495146
2164, 1092, 1072, 0.504621, 0.495379
2165, 1092, 1073, 0.504388, 0.495612
2166, 1092, 1074, 0.504155, 0.495845
2167, 1093, 1074, 0.504384, 0.495616
2168, 1093, 1075, 0.504151, 0.495849
2169, 1094, 1075, 0.50438, 0.49562
2170, 1095, 1075, 0.504608, 0.495392
2171, 1095, 1076, 0.504376, 0.495624
2172, 1096, 1076, 0.504604, 0.495396
2173, 1097, 1076, 0.504832, 0.495168
2174, 1097, 1077, 0.5046, 0.4954
2175, 1098, 1077, 0.504828, 0.495172
2176, 1099, 1077, 0.505055, 0.494945
2177, 1099, 1078, 0.504823, 0.495177
2178, 1099, 1079, 0.504591, 0.495409
2179, 1100, 1079, 0.504819, 0.495181
2180, 1100, 1080, 0.504587, 0.495413
2181, 1100, 1081, 0.504356, 0.495644
2182, 1100, 1082, 0.504125, 0.495875
2183, 1100, 1083, 0.503894, 0.496106
2184, 1101, 1083, 0.504121, 0.495879
2185, 1101, 1084, 0.50389, 0.49611
2186, 1101, 1085, 0.50366, 0.49634
2187, 1101, 1086, 0.503429, 0.496571
2188, 1102, 1086, 0.503656, 0.496344
2189, 1102, 1087, 0.503426, 0.496574
2190, 1102, 1088, 0.503196, 0.496804
2191, 1102, 1089, 0.502967, 0.497033
2192, 1103, 1089, 0.503193, 0.496807
2193, 1104, 1089, 0.50342, 0.49658
2194, 1104, 1090, 0.503191, 0.496809
2195, 1104, 1091, 0.502961, 0.497039
2196, 1104, 1092, 0.502732, 0.497268
2197, 1105, 1092, 0.502959, 0.497041
2198, 1105, 1093, 0.50273, 0.49727
2199, 1105, 1094, 0.502501, 0.497499
2200, 1106, 1094, 0.502727, 0.497273
2201, 1106, 1095, 0.502499, 0.497501
2202, 1107, 1095, 0.502725, 0.497275
2203, 1107, 1096, 0.502497, 0.497503
2204, 1107, 1097, 0.502269, 0.497731
2205, 1107, 1098, 0.502041, 0.497959
2206, 1107, 1099, 0.501813, 0.498187
2207, 1107, 1100, 0.501586, 0.498414
2208, 1107, 1101, 0.501359, 0.498641
2209, 1107, 1102, 0.501132, 0.498868
2210, 1107, 1103, 0.500905, 0.499095
2211, 1107, 1104, 0.500678, 0.499322
2212, 1107, 1105, 0.500452, 0.499548
2213, 1107, 1106, 0.500226, 0.499774
2214, 1108, 1106, 0.500452, 0.499548
2215, 1109, 1106, 0.500677, 0.499323
2216, 1110, 1106, 0.500903, 0.499097
2217, 1111, 1106, 0.501128, 0.498872
2218, 1111, 1107, 0.500902, 0.499098
2219, 1111, 1108, 0.500676, 0.499324
2220, 1112, 1108, 0.500901, 0.499099
2221, 1112, 1109, 0.500675, 0.499325
2222, 1113, 1109, 0.5009, 0.4991
2223, 1114, 1109, 0.501125, 0.498875
2224, 1114, 1110, 0.500899, 0.499101
2225, 1115, 1110, 0.501124, 0.498876
2226, 1115, 1111, 0.500898, 0.499102
2227, 1115, 1112, 0.500674, 0.499326
2228, 1116, 1112, 0.500898, 0.499102
2229, 1117, 1112, 0.501122, 0.498878
2230, 1118, 1112, 0.501345, 0.498655
2231, 1118, 1113, 0.501121, 0.498879
2232, 1119, 1113, 0.501344, 0.498656
2233, 1120, 1113, 0.501567, 0.498433
2234, 1120, 1114, 0.501343, 0.498657
2235, 1121, 1114, 0.501566, 0.498434
2236, 1122, 1114, 0.501789, 0.498211
2237, 1123, 1114, 0.502012, 0.497988
2238, 1123, 1115, 0.501787, 0.498213
2239, 1123, 1116, 0.501563, 0.498437
2240, 1123, 1117, 0.501339, 0.498661
2241, 1123, 1118, 0.501116, 0.498884
2242, 1124, 1118, 0.501338, 0.498662
2243, 1125, 1118, 0.50156, 0.49844
2244, 1126, 1118, 0.501783, 0.498217
2245, 1126, 1119, 0.501559, 0.498441
2246, 1126, 1120, 0.501336, 0.498664
2247, 1127, 1120, 0.501558, 0.498442
2248, 1128, 1120, 0.501779, 0.498221
2249, 1129, 1120, 0.502001, 0.497999
2250, 1130, 1120, 0.502222, 0.497778
2251, 1130, 1121, 0.501999, 0.498001
2252, 1130, 1122, 0.501776, 0.498224
2253, 1130, 1123, 0.501553, 0.498447
2254, 1131, 1123, 0.501775, 0.498225
2255, 1131, 1124, 0.501552, 0.498448
2256, 1132, 1124, 0.501773, 0.498227
2257, 1133, 1124, 0.501994, 0.498006
2258, 1133, 1125, 0.501771, 0.498229
2259, 1133, 1126, 0.501549, 0.498451
2260, 1134, 1126, 0.50177, 0.49823
2261, 1135, 1126, 0.50199, 0.49801
2262, 1135, 1127, 0.501768, 0.498232
2263, 1135, 1128, 0.501547, 0.498453
2264, 1135, 1129, 0.501325, 0.498675
2265, 1135, 1130, 0.501104, 0.498896
2266, 1136, 1130, 0.501324, 0.498676
2267, 1137, 1130, 0.501544, 0.498456
2268, 1137, 1131, 0.501323, 0.498677
2269, 1137, 1132, 0.501102, 0.498898
2270, 1138, 1132, 0.501322, 0.498678
2271, 1138, 1133, 0.501101, 0.498899
2272, 1139, 1133, 0.50132, 0.49868
2273, 1140, 1133, 0.50154, 0.49846
2274, 1141, 1133, 0.501759, 0.498241
2275, 1142, 1133, 0.501978, 0.498022
2276, 1142, 1134, 0.501757, 0.498243
2277, 1142, 1135, 0.501537, 0.498463
2278, 1143, 1135, 0.501756, 0.498244
2279, 1143, 1136, 0.501536, 0.498464
2280, 1143, 1137, 0.501316, 0.498684
2281, 1144, 1137, 0.501534, 0.498466
2282, 1144, 1138, 0.501315, 0.498685
2283, 1145, 1138, 0.501533, 0.498467
2284, 1146, 1138, 0.501751, 0.498249
2285, 1147, 1138, 0.501969, 0.498031
2286, 1147, 1139, 0.50175, 0.49825
2287, 1148, 1139, 0.501968, 0.498032
2288, 1148, 1140, 0.501748, 0.498252
2289, 1148, 1141, 0.501529, 0.498471
2290, 1148, 1142, 0.50131, 0.49869
2291, 1148, 1143, 0.501091, 0.498909
2292, 1149, 1143, 0.501309, 0.498691
2293, 1149, 1144, 0.50109, 0.49891
2294, 1150, 1144, 0.501308, 0.498692
2295, 1150, 1145, 0.501089, 0.498911
2296, 1150, 1146, 0.500871, 0.499129
2297, 1151, 1146, 0.501088, 0.498912
2298, 1151, 1147, 0.50087, 0.49913
2299, 1152, 1147, 0.501087, 0.498913
2300, 1153, 1147, 0.501304, 0.498696
2301, 1154, 1147, 0.501521, 0.498479
2302, 1155, 1147, 0.501738, 0.498262
2303, 1155, 1148, 0.50152, 0.49848
2304, 1156, 1148, 0.501736, 0.498264
2305, 1157, 1148, 0.501952, 0.498048
2306, 1157, 1149, 0.501735, 0.498265
2307, 1158, 1149, 0.501951, 0.498049
2308, 1159, 1149, 0.502166, 0.497834
2309, 1160, 1149, 0.502382, 0.497618
2310, 1161, 1149, 0.502597, 0.497403
2311, 1161, 1150, 0.50238, 0.49762
2312, 1161, 1151, 0.502163, 0.497837
2313, 1161, 1152, 0.501946, 0.498054
2314, 1162, 1152, 0.502161, 0.497839
2315, 1163, 1152, 0.502376, 0.497624
2316, 1163, 1153, 0.502159, 0.497841
2317, 1164, 1153, 0.502374, 0.497626
2318, 1165, 1153, 0.502588, 0.497412
2319, 1166, 1153, 0.502803, 0.497197
2320, 1166, 1154, 0.502586, 0.497414
2321, 1166, 1155, 0.50237, 0.49763
2322, 1166, 1156, 0.502153, 0.497847
2323, 1166, 1157, 0.501937, 0.498063
2324, 1166, 1158, 0.501721, 0.498279
2325, 1166, 1159, 0.501505, 0.498495
2326, 1167, 1159, 0.50172, 0.49828
2327, 1168, 1159, 0.501934, 0.498066
2328, 1169, 1159, 0.502148, 0.497852
2329, 1169, 1160, 0.501932, 0.498068
2330, 1170, 1160, 0.502146, 0.497854
2331, 1171, 1160, 0.50236, 0.49764
2332, 1172, 1160, 0.502573, 0.497427
2333, 1172, 1161, 0.502357, 0.497643
2334, 1172, 1162, 0.502142, 0.497858
2335, 1173, 1162, 0.502355, 0.497645
2336, 1173, 1163, 0.50214, 0.49786
2337, 1174, 1163, 0.502353, 0.497647
2338, 1174, 1164, 0.502139, 0.497861
2339, 1174, 1165, 0.501924, 0.498076
2340, 1174, 1166, 0.501709, 0.498291
2341, 1174, 1167, 0.501495, 0.498505
2342, 1174, 1168, 0.501281, 0.498719
2343, 1175, 1168, 0.501494, 0.498506
2344, 1176, 1168, 0.501706, 0.498294
2345, 1176, 1169, 0.501493, 0.498507
2346, 1176, 1170, 0.501279, 0.498721
2347, 1176, 1171, 0.501065, 0.498935
2348, 1177, 1171, 0.501278, 0.498722
2349, 1178, 1171, 0.50149, 0.49851
2350, 1178, 1172, 0.501277, 0.498723
2351, 1179, 1172, 0.501489, 0.498511
2352, 1180, 1172, 0.501701, 0.498299
2353, 1180, 1173, 0.501487, 0.498513
2354, 1181, 1173, 0.501699, 0.498301
2355, 1181, 1174, 0.501486, 0.498514
2356, 1182, 1174, 0.501698, 0.498302
2357, 1183, 1174, 0.501909, 0.498091
2358, 1184, 1174, 0.50212, 0.49788
2359, 1185, 1174, 0.502331, 0.497669
2360, 1186, 1174, 0.502542, 0.497458
2361, 1187, 1174, 0.502753, 0.497247
2362, 1187, 1175, 0.50254, 0.49746
2363, 1187, 1176, 0.502328, 0.497672
2364, 1188, 1176, 0.502538, 0.497462
2365, 1189, 1176, 0.502748, 0.497252
2366, 1190, 1176, 0.502959, 0.497041
2367, 1191, 1176, 0.503169, 0.496831
2368, 1192, 1176, 0.503378, 0.496622
2369, 1193, 1176, 0.503588, 0.496412
2370, 1194, 1176, 0.503797, 0.496203
2371, 1194, 1177, 0.503585, 0.496415
2372, 1194, 1178, 0.503373, 0.496627
2373, 1194, 1179, 0.503161, 0.496839
2374, 1194, 1180, 0.502949, 0.497051
2375, 1195, 1180, 0.503158, 0.496842
2376, 1196, 1180, 0.503367, 0.496633
2377, 1196, 1181, 0.503155, 0.496845
2378, 1196, 1182, 0.502944, 0.497056
2379, 1197, 1182, 0.503153, 0.496847
2380, 1197, 1183, 0.502941, 0.497059
2381, 1198, 1183, 0.50315, 0.49685
2382, 1199, 1183, 0.503359, 0.496641
2383, 1199, 1184, 0.503147, 0.496853
2384, 1199, 1185, 0.502936, 0.497064
2385, 1200, 1185, 0.503145, 0.496855
2386, 1201, 1185, 0.503353, 0.496647
2387, 1201, 1186, 0.503142, 0.496858
2388, 1202, 1186, 0.50335, 0.49665
2389, 1203, 1186, 0.503558, 0.496442
2390, 1203, 1187, 0.503347, 0.496653
2391, 1204, 1187, 0.503555, 0.496445
2392, 1204, 1188, 0.503344, 0.496656
2393, 1205, 1188, 0.503552, 0.496448
2394, 1206, 1188, 0.503759, 0.496241
2395, 1207, 1188, 0.503967, 0.496033
2396, 1208, 1188, 0.504174, 0.495826
2397, 1209, 1188, 0.50438, 0.49562
2398, 1210, 1188, 0.504587, 0.495413
2399, 1210, 1189, 0.504377, 0.495623
2400, 1210, 1190, 0.504167, 0.495833
2401, 1211, 1190, 0.504373, 0.495627
2402, 1211, 1191, 0.504163, 0.495837
2403, 1211, 1192, 0.503953, 0.496047
2404, 1212, 1192, 0.50416, 0.49584
2405, 1212, 1193, 0.50395, 0.49605
2406, 1212, 1194, 0.503741, 0.496259
2407, 1212, 1195, 0.503531, 0.496469
2408, 1213, 1195, 0.503738, 0.496262
2409, 1213, 1196, 0.503528, 0.496472
2410, 1213, 1197, 0.50332, 0.49668
2411, 1213, 1198, 0.503111, 0.496889
2412, 1213, 1199, 0.502902, 0.497098
2413, 1213, 1200, 0.502694, 0.497306
2414, 1214, 1200, 0.5029, 0.4971
2415, 1215, 1200, 0.503106, 0.496894
2416, 1216, 1200, 0.503311, 0.496689
2417, 1216, 1201, 0.503103, 0.496897
2418, 1217, 1201, 0.503309, 0.496691
2419, 1218, 1201, 0.503514, 0.496486
2420, 1218, 1202, 0.503306, 0.496694
2421, 1219, 1202, 0.503511, 0.496489
2422, 1220, 1202, 0.503716, 0.496284
2423, 1221, 1202, 0.503921, 0.496079
2424, 1222, 1202, 0.504125, 0.495875
2425, 1222, 1203, 0.503918, 0.496082
2426, 1222, 1204, 0.50371, 0.49629
2427, 1222, 1205, 0.503502, 0.496498
2428, 1223, 1205, 0.503707, 0.496293
2429, 1223, 1206, 0.503499, 0.496501
2430, 1223, 1207, 0.503292, 0.496708
2431, 1224, 1207, 0.503497, 0.496503
2432, 1225, 1207, 0.503701, 0.496299
2433, 1225, 1208, 0.503494, 0.496506
2434, 1226, 1208, 0.503698, 0.496302
2435, 1226, 1209, 0.503491, 0.496509
2436, 1227, 1209, 0.503695, 0.496305
2437, 1228, 1209, 0.503898, 0.496102
2438, 1229, 1209, 0.504102, 0.495898
2439, 1230, 1209, 0.504305, 0.495695
2440, 1231, 1209, 0.504508, 0.495492
2441, 1232, 1209, 0.504711, 0.495289
2442, 1233, 1209, 0.504914, 0.495086
2443, 1234, 1209, 0.505117, 0.494883
2444, 1234, 1210, 0.50491, 0.49509
2445, 1235, 1210, 0.505112, 0.494888
2446, 1236, 1210, 0.505315, 0.494685
2447, 1236, 1211, 0.505108, 0.494892
2448, 1236, 1212, 0.504902, 0.495098
2449, 1236, 1213, 0.504696, 0.495304
2450, 1237, 1213, 0.504898, 0.495102
2451, 1237, 1214, 0.504692, 0.495308
2452, 1238, 1214, 0.504894, 0.495106
2453, 1239, 1214, 0.505096, 0.494904
2454, 1239, 1215, 0.50489, 0.49511
2455, 1240, 1215, 0.505092, 0.494908
2456, 1241, 1215, 0.505293, 0.494707
2457, 1241, 1216, 0.505088, 0.494912
2458, 1241, 1217, 0.504882, 0.495118
2459, 1242, 1217, 0.505083, 0.494917
2460, 1242, 1218, 0.504878, 0.495122
2461, 1242, 1219, 0.504673, 0.495327
2462, 1243, 1219, 0.504874, 0.495126
2463, 1244, 1219, 0.505075, 0.494925
2464, 1244, 1220, 0.50487, 0.49513
2465, 1244, 1221, 0.504665, 0.495335
2466, 1244, 1222, 0.504461, 0.495539
2467, 1245, 1222, 0.504662, 0.495338
2468, 1245, 1223, 0.504457, 0.495543
2469, 1246, 1223, 0.504658, 0.495342
2470, 1247, 1223, 0.504858, 0.495142
2471, 1247, 1224, 0.504654, 0.495346
2472, 1247, 1225, 0.50445, 0.49555
2473, 1248, 1225, 0.50465, 0.49535
2474, 1248, 1226, 0.504446, 0.495554
2475, 1249, 1226, 0.504646, 0.495354
2476, 1250, 1226, 0.504847, 0.495153
2477, 1250, 1227, 0.504643, 0.495357
2478, 1250, 1228, 0.504439, 0.495561
2479, 1250, 1229, 0.504236, 0.495764
2480, 1251, 1229, 0.504435, 0.495565
2481, 1252, 1229, 0.504635, 0.495365
2482, 1252, 1230, 0.504432, 0.495568
2483, 1252, 1231, 0.504229, 0.495771
2484, 1253, 1231, 0.504428, 0.495572
2485, 1253, 1232, 0.504225, 0.495775
2486, 1254, 1232, 0.504425, 0.495575
2487, 1254, 1233, 0.504222, 0.495778
2488, 1255, 1233, 0.504421, 0.495579
2489, 1256, 1233, 0.50462, 0.49538
2490, 1257, 1233, 0.504819, 0.495181
2491, 1258, 1233, 0.505018, 0.494982
2492, 1258, 1234, 0.504815, 0.495185
2493, 1259, 1234, 0.505014, 0.494986
2494, 1260, 1234, 0.505213, 0.494787
2495, 1260, 1235, 0.50501, 0.49499
2496, 1261, 1235, 0.505208, 0.494792
2497, 1261, 1236, 0.505006, 0.494994
2498, 1262, 1236, 0.505204, 0.494796
2499, 1263, 1236, 0.505402, 0.494598
2500, 1263, 1237, 0.5052, 0.4948
2501, 1264, 1237, 0.505398, 0.494602
2502, 1264, 1238, 0.505196, 0.494804
2503, 1264, 1239, 0.504994, 0.495006
2504, 1265, 1239, 0.505192, 0.494808
2505, 1265, 1240, 0.50499, 0.49501
2506, 1265, 1241, 0.504789, 0.495211
2507, 1265, 1242, 0.504587, 0.495413
2508, 1266, 1242, 0.504785, 0.495215
2509, 1266, 1243, 0.504583, 0.495417
2510, 1267, 1243, 0.504781, 0.495219
2511, 1268, 1243, 0.504978, 0.495022
2512, 1268, 1244, 0.504777, 0.495223
2513, 1269, 1244, 0.504974, 0.495026
2514, 1270, 1244, 0.505171, 0.494829
2515, 1270, 1245, 0.50497, 0.49503
2516, 1270, 1246, 0.504769, 0.495231
2517, 1271, 1246, 0.504966, 0.495034
2518, 1271, 1247, 0.504766, 0.495234
2519, 1271, 1248, 0.504565, 0.495435
2520, 1271, 1249, 0.504365, 0.495635
2521, 1271, 1250, 0.504165, 0.495835
2522, 1272, 1250, 0.504362, 0.495638
2523, 1273, 1250, 0.504558, 0.495442
2524, 1273, 1251, 0.504358, 0.495642
2525, 1274, 1251, 0.504554, 0.495446
2526, 1274, 1252, 0.504355, 0.495645
2527, 1275, 1252, 0.504551, 0.495449
2528, 1275, 1253, 0.504351, 0.495649
2529, 1276, 1253, 0.504547, 0.495453
2530, 1276, 1254, 0.504348, 0.495652
2531, 1277, 1254, 0.504544, 0.495456
2532, 1277, 1255, 0.504344, 0.495656
2533, 1278, 1255, 0.50454, 0.49546
2534, 1278, 1256, 0.504341, 0.495659
2535, 1279, 1256, 0.504536, 0.495464
2536, 1279, 1257, 0.504338, 0.495662
2537, 1279, 1258, 0.504139, 0.495861
2538, 1279, 1259, 0.50394, 0.49606
2539, 1280, 1259, 0.504135, 0.495865
2540, 1281, 1259, 0.504331, 0.495669
2541, 1282, 1259, 0.504526, 0.495474
2542, 1282, 1260, 0.504327, 0.495673
2543, 1283, 1260, 0.504522, 0.495478
2544, 1284, 1260, 0.504717, 0.495283
2545, 1284, 1261, 0.504519, 0.495481
2546, 1284, 1262, 0.504321, 0.495679
2547, 1284, 1263, 0.504122, 0.495878
2548, 1285, 1263, 0.504317, 0.495683
2549, 1286, 1263, 0.504512, 0.495488
2550, 1286, 1264, 0.504314, 0.495686
2551, 1286, 1265, 0.504116, 0.495884
2552, 1287, 1265, 0.50431, 0.49569
2553, 1288, 1265, 0.504505, 0.495495
2554, 1289, 1265, 0.504699, 0.495301
2555, 1289, 1266, 0.504501, 0.495499
2556, 1290, 1266, 0.504695, 0.495305
2557, 1291, 1266, 0.504889, 0.495111
2558, 1292, 1266, 0.505082, 0.494918
2559, 1293, 1266, 0.505275, 0.494725
2560, 1293, 1267, 0.505078, 0.494922
2561, 1294, 1267, 0.505271, 0.494729
2562, 1294, 1268, 0.505074, 0.494926
2563, 1295, 1268, 0.505267, 0.494733
2564, 1295, 1269, 0.50507, 0.49493
2565, 1296, 1269, 0.505263, 0.494737
2566, 1296, 1270, 0.505066, 0.494934
2567, 1297, 1270, 0.505259, 0.494741
2568, 1298, 1270, 0.505452, 0.494548
2569, 1298, 1271, 0.505255, 0.494745
2570, 1298, 1272, 0.505058, 0.494942
2571, 1298, 1273, 0.504862, 0.495138
2572, 1298, 1274, 0.504666, 0.495334
2573, 1298, 1275, 0.504469, 0.495531
2574, 1299, 1275, 0.504662, 0.495338
2575, 1300, 1275, 0.504854, 0.495146
2576, 1301, 1275, 0.505047, 0.494953
2577, 1302, 1275, 0.505239, 0.494761
2578, 1302, 1276, 0.505043, 0.494957
2579, 1303, 1276, 0.505235, 0.494765
2580, 1304, 1276, 0.505426, 0.494574
2581, 1304, 1277, 0.505231, 0.494769
2582, 1304, 1278, 0.505035, 0.494965
2583, 1304, 1279, 0.504839, 0.495161
2584, 1304, 1280, 0.504644, 0.495356
2585, 1305, 1280, 0.504836, 0.495164
2586, 1306, 1280, 0.505027, 0.494973
2587, 1306, 1281, 0.504832, 0.495168
2588, 1306, 1282, 0.504637, 0.495363
2589, 1307, 1282, 0.504828, 0.495172
2590, 1307, 1283, 0.504633, 0.495367
2591, 1307, 1284, 0.504438, 0.495562
2592, 1307, 1285, 0.504244, 0.495756
2593, 1307, 1286, 0.504049, 0.495951
2594, 1308, 1286, 0.504241, 0.495759
2595, 1308, 1287, 0.504046, 0.495954
2596, 1308, 1288, 0.503852, 0.496148
2597, 1309, 1288, 0.504043, 0.495957
2598, 1309, 1289, 0.503849, 0.496151
2599, 1310, 1289, 0.50404, 0.49596
2600, 1311, 1289, 0.504231, 0.495769
2601, 1311, 1290, 0.504037, 0.495963
2602, 1312, 1290, 0.504228, 0.495772
2603, 1312, 1291, 0.504034, 0.495966
2604, 1313, 1291, 0.504224, 0.495776
2605, 1313, 1292, 0.504031, 0.495969
2606, 1313, 1293, 0.503837, 0.496163
2607, 1313, 1294, 0.503644, 0.496356
2608, 1313, 1295, 0.503451, 0.496549
2609, 1314, 1295, 0.503641, 0.496359
2610, 1314, 1296, 0.503448, 0.496552
2611, 1315, 1296, 0.503638, 0.496362
2612, 1316, 1296, 0.503828, 0.496172
2613, 1317, 1296, 0.504018, 0.495982
2614, 1317, 1297, 0.503826, 0.496174
2615, 1318, 1297, 0.504015, 0.495985
2616, 1319, 1297, 0.504205, 0.495795
2617, 1320, 1297, 0.504394, 0.495606
2618, 1321, 1297, 0.504584, 0.495416
2619, 1322, 1297, 0.504773, 0.495227
2620, 1322, 1298, 0.50458, 0.49542
2621, 1323, 1298, 0.504769, 0.495231
2622, 1324, 1298, 0.504958, 0.495042
2623, 1325, 1298, 0.505147, 0.494853
2624, 1325, 1299, 0.504954, 0.495046
2625, 1325, 1300, 0.504762, 0.495238
2626, 1325, 1301, 0.50457, 0.49543
2627, 1326, 1301, 0.504758, 0.495242
2628, 1326, 1302, 0.504566, 0.495434
2629, 1327, 1302, 0.504755, 0.495245
2630, 1328, 1302, 0.504943, 0.495057
2631, 1328, 1303, 0.504751, 0.495249
2632, 1328, 1304, 0.504559, 0.495441
2633, 1329, 1304, 0.504747, 0.495253
2634, 1329, 1305, 0.504556, 0.495444
2635, 1329, 1306, 0.504364, 0.495636
2636, 1329, 1307, 0.504173, 0.495827
2637, 1330, 1307, 0.504361, 0.495639
2638, 1330, 1308, 0.50417, 0.49583
2639, 1331, 1308, 0.504358, 0.495642
2640, 1331, 1309, 0.504167, 0.495833
2641, 1331, 1310, 0.503976, 0.496024
2642, 1331, 1311, 0.503785, 0.496215
2643, 1331, 1312, 0.503594, 0.496406
2644, 1331, 1313, 0.503404, 0.496596
2645, 1332, 1313, 0.503592, 0.496408
2646, 1333, 1313, 0.503779, 0.496221
2647, 1334, 1313, 0.503967, 0.496033
2648, 1334, 1314, 0.503776, 0.496224
2649, 1335, 1314, 0.503964, 0.496036
2650, 1335, 1315, 0.503774, 0.496226
2651, 1335, 1316, 0.503584, 0.496416
2652, 1336, 1316, 0.503771, 0.496229
2653, 1336, 1317, 0.503581, 0.496419
2654, 1336, 1318, 0.503391, 0.496609
2655, 1336, 1319, 0.503202, 0.496798
2656, 1336, 1320, 0.503012, 0.496988
2657, 1336, 1321, 0.502823, 0.497177
2658, 1336, 1322, 0.502634, 0.497366
2659, 1336, 1323, 0.502445, 0.497555
2660, 1336, 1324, 0.502256, 0.497744
2661, 1336, 1325, 0.502067, 0.497933
2662, 1337, 1325, 0.502254, 0.497746
2663, 1338, 1325, 0.502441, 0.497559
2664, 1339, 1325, 0.502628, 0.497372
2665, 1340, 1325, 0.502814, 0.497186
2666, 1341, 1325, 0.503001, 0.496999
2667, 1341, 1326, 0.502812, 0.497188
2668, 1342, 1326, 0.502999, 0.497001
2669, 1343, 1326, 0.503185, 0.496815
2670, 1344, 1326, 0.503371, 0.496629
2671, 1344, 1327, 0.503182, 0.496818
2672, 1344, 1328, 0.502994, 0.497006
2673, 1344, 1329, 0.502806, 0.497194
2674, 1345, 1329, 0.502992, 0.497008
2675, 1345, 1330, 0.502804, 0.497196
2676, 1345, 1331, 0.502616, 0.497384
2677, 1345, 1332, 0.502428, 0.497572
2678, 1346, 1332, 0.502614, 0.497386
2679, 1346, 1333, 0.502426, 0.497574
2680, 1347, 1333, 0.502612, 0.497388
2681, 1347, 1334, 0.502424, 0.497576
2682, 1347, 1335, 0.502237, 0.497763
2683, 1347, 1336, 0.50205, 0.49795
2684, 1348, 1336, 0.502235, 0.497765
2685, 1348, 1337, 0.502048, 0.497952
2686, 1349, 1337, 0.502234, 0.497766
2687, 1350, 1337, 0.502419, 0.497581
2688, 1350, 1338, 0.502232, 0.497768
2689, 1350, 1339, 0.502045, 0.497955
2690, 1351, 1339, 0.50223, 0.49777
2691, 1351, 1340, 0.502044, 0.497956
2692, 1352, 1340, 0.502229, 0.497771
2693, 1352, 1341, 0.502042, 0.497958
2694, 1353, 1341, 0.502227, 0.497773
2695, 1353, 1342, 0.502041, 0.497959
2696, 1353, 1343, 0.501855, 0.498145
2697, 1353, 1344, 0.501669, 0.498331
2698, 1353, 1345, 0.501483, 0.498517
2699, 1354, 1345, 0.501667, 0.498333
2700, 1354, 1346, 0.501481, 0.498519
2701, 1355, 1346, 0.501666, 0.498334
2702, 1356, 1346, 0.50185, 0.49815
2703, 1356, 1347, 0.501665, 0.498335
2704, 1356, 1348, 0.501479, 0.498521
2705, 1357, 1348, 0.501664, 0.498336
2706, 1358, 1348, 0.501848, 0.498152
2707, 1359, 1348, 0.502032, 0.497968
2708, 1359, 1349, 0.501846, 0.498154
2709, 1360, 1349, 0.50203, 0.49797
2710, 1360, 1350, 0.501845, 0.498155
2711, 1360, 1351, 0.50166, 0.49834
2712, 1361, 1351, 0.501844, 0.498156
2713, 1361, 1352, 0.501659, 0.498341
2714, 1361, 1353, 0.501474, 0.498526
2715, 1362, 1353, 0.501657, 0.498343
2716, 1362, 1354, 0.501473, 0.498527
2717, 1362, 1355, 0.501288, 0.498712
2718, 1362, 1356, 0.501104, 0.498896
2719, 1362, 1357, 0.500919, 0.499081
2720, 1362, 1358, 0.500735, 0.499265
2721, 1363, 1358, 0.500919, 0.499081
2722, 1364, 1358, 0.501102, 0.498898
2723, 1365, 1358, 0.501285, 0.498715
2724, 1366, 1358, 0.501468, 0.498532
2725, 1366, 1359, 0.501284, 0.498716
2726, 1367, 1359, 0.501467, 0.498533
2727, 1367, 1360, 0.501283, 0.498717
2728, 1368, 1360, 0.501466, 0.498534
2729, 1368, 1361, 0.501283, 0.498717
2730, 1369, 1361, 0.501465, 0.498535
2731, 1369, 1362, 0.501282, 0.498718
2732, 1369, 1363, 0.501098, 0.498902
2733, 1369, 1364, 0.500915, 0.499085
2734, 1369, 1365, 0.500732, 0.499268
2735, 1370, 1365, 0.500914, 0.499086
2736, 1371, 1365, 0.501096, 0.498904
2737, 1372, 1365, 0.501279, 0.498721
2738, 1373, 1365, 0.501461, 0.498539
2739, 1373, 1366, 0.501278, 0.498722
2740, 1374, 1366, 0.50146, 0.49854
2741, 1375, 1366, 0.501642, 0.498358
2742, 1376, 1366, 0.501823, 0.498177
2743, 1376, 1367, 0.501641, 0.498359
2744, 1377, 1367, 0.501822, 0.498178
2745, 1377, 1368, 0.501639, 0.498361
2746, 1377, 1369, 0.501457, 0.498543
2747, 1377, 1370, 0.501274, 0.498726
2748, 1378, 1370, 0.501456, 0.498544
2749, 1378, 1371, 0.501273, 0.498727
2750, 1379, 1371, 0.501455, 0.498545
2751, 1379, 1372, 0.501272, 0.498728
2752, 1379, 1373, 0.50109, 0.49891
2753, 1379, 1374, 0.500908, 0.499092
2754, 1379, 1375, 0.500726, 0.499274
2755, 1379, 1376, 0.500544, 0.499456
2756, 1380, 1376, 0.500726, 0.499274
2757, 1380, 1377, 0.500544, 0.499456
2758, 1380, 1378, 0.500363, 0.499637
2759, 1380, 1379, 0.500181, 0.499819
2760, 1381, 1379, 0.500362, 0.499638
2761, 1382, 1379, 0.500543, 0.499457
2762, 1383, 1379, 0.500724, 0.499276
2763, 1384, 1379, 0.500905, 0.499095
2764, 1384, 1380, 0.500724, 0.499276
2765, 1385, 1380, 0.500904, 0.499096
2766, 1386, 1380, 0.501085, 0.498915
2767, 1387, 1380, 0.501265, 0.498735
2768, 1387, 1381, 0.501084, 0.498916
2769, 1387, 1382, 0.500903, 0.499097
2770, 1387, 1383, 0.500722, 0.499278
2771, 1387, 1384, 0.500541, 0.499459
2772, 1387, 1385, 0.500361, 0.499639
2773, 1387, 1386, 0.50018, 0.49982
2774, 1387, 1387, 0.5, 0.5
2775, 1388, 1387, 0.50018, 0.49982
2776, 1389, 1387, 0.50036, 0.49964
2777, 1389, 1388, 0.50018, 0.49982
2778, 1389, 1389, 0.5, 0.5
2779, 1390, 1389, 0.50018, 0.49982
2780, 1390, 1390, 0.5, 0.5
2781, 1390, 1391, 0.49982, 0.50018
2782, 1391, 1391, 0.5, 0.5
2783, 1391, 1392, 0.49982, 0.50018
2784, 1391, 1393, 0.499641, 0.500359
2785, 1392, 1393, 0.49982, 0.50018
2786, 1392, 1394, 0.499641, 0.500359
2787, 1393, 1394, 0.499821, 0.500179
2788, 1393, 1395, 0.499641, 0.500359
2789, 1394, 1395, 0.499821, 0.500179
2790, 1394, 1396, 0.499642, 0.500358
2791, 1394, 1397, 0.499463, 0.500537
2792, 1394, 1398, 0.499284, 0.500716
2793, 1395, 1398, 0.499463, 0.500537
2794, 1396, 1398, 0.499642, 0.500358
2795, 1396, 1399, 0.499463, 0.500537
2796, 1397, 1399, 0.499642, 0.500358
2797, 1397, 1400, 0.499464, 0.500536
2798, 1397, 1401, 0.499285, 0.500715
2799, 1398, 1401, 0.499464, 0.500536
2800, 1398, 1402, 0.499286, 0.500714
2801, 1398, 1403, 0.499107, 0.500893
2802, 1398, 1404, 0.498929, 0.501071
2803, 1398, 1405, 0.498751, 0.501249
2804, 1399, 1405, 0.49893, 0.50107
2805, 1399, 1406, 0.498752, 0.501248
2806, 1400, 1406, 0.498931, 0.501069
2807, 1400, 1407, 0.498753, 0.501247
2808, 1400, 1408, 0.498575, 0.501425
2809, 1400, 1409, 0.498398, 0.501602
2810, 1401, 1409, 0.498577, 0.501423
2811, 1402, 1409, 0.498755, 0.501245
2812, 1402, 1410, 0.498578, 0.501422
2813, 1402, 1411, 0.4984, 0.5016
2814, 1403, 1411, 0.498579, 0.501421
2815, 1404, 1411, 0.498757, 0.501243
2816, 1405, 1411, 0.498935, 0.501065
2817, 1405, 1412, 0.498758, 0.501242
2818, 1405, 1413, 0.498581, 0.501419
2819, 1405, 1414, 0.498404, 0.501596
2820, 1405, 1415, 0.498227, 0.501773
2821, 1405, 1416, 0.49805, 0.50195
2822, 1406, 1416, 0.498228, 0.501772
2823, 1406, 1417, 0.498052, 0.501948
2824, 1407, 1417, 0.498229, 0.501771
2825, 1408, 1417, 0.498407, 0.501593
2826, 1408, 1418, 0.498231, 0.501769
2827, 1409, 1418, 0.498408, 0.501592
2828, 1410, 1418, 0.498586, 0.501414
2829, 1411, 1418, 0.498763, 0.501237
2830, 1411, 1419, 0.498587, 0.501413
2831, 1412, 1419, 0.498764, 0.501236
2832, 1412, 1420, 0.498588, 0.501412
2833, 1412, 1421, 0.498412, 0.501588
2834, 1412, 1422, 0.498236, 0.501764
2835, 1413, 1422, 0.498413, 0.501587
2836, 1413, 1423, 0.498237, 0.501763
2837, 1413, 1424, 0.498061, 0.501939
2838, 1413, 1425, 0.497886, 0.502114
2839, 1414, 1425, 0.498063, 0.501937
2840, 1415, 1425, 0.498239, 0.501761
2841, 1416, 1425, 0.498416, 0.501584
2842, 1416, 1426, 0.498241, 0.501759
2843, 1416, 1427, 0.498065, 0.501935
2844, 1416, 1428, 0.49789, 0.50211
2845, 1416, 1429, 0.497715, 0.502285
2846, 1417, 1429, 0.497892, 0.502108
2847, 1418, 1429, 0.498068, 0.501932
2848, 1418, 1430, 0.497893, 0.502107
2849, 1418, 1431, 0.497718, 0.502282
2850, 1419, 1431, 0.497895, 0.502105
2851, 1420, 1431, 0.498071, 0.501929
2852, 1421, 1431, 0.498247, 0.501753
2853, 1421, 1432, 0.498072, 0.501928
2854, 1422, 1432, 0.498248, 0.501752
2855, 1422, 1433, 0.498074, 0.501926
2856, 1422, 1434, 0.497899, 0.502101
2857, 1423, 1434, 0.498075, 0.501925
2858, 1423, 1435, 0.497901, 0.502099
2859, 1424, 1435, 0.498076, 0.501924
2860, 1424, 1436, 0.497902, 0.502098
2861, 1425, 1436, 0.498078, 0.501922
2862, 1426, 1436, 0.498253, 0.501747
2863, 1426, 1437, 0.498079, 0.501921
2864, 1426, 1438, 0.497905, 0.502095
2865, 1426, 1439, 0.497731, 0.502269
2866, 1427, 1439, 0.497906, 0.502094
2867, 1428, 1439, 0.498082, 0.501918
2868, 1429, 1439, 0.498257, 0.501743
2869, 1429, 1440, 0.498083, 0.501917
2870, 1430, 1440, 0.498258, 0.501742
2871, 1430, 1441, 0.498084, 0.501916
2872, 1431, 1441, 0.498259, 0.501741
2873, 1432, 1441, 0.498434, 0.501566
2874, 1433, 1441, 0.498608, 0.501392
2875, 1433, 1442, 0.498435, 0.501565
2876, 1434, 1442, 0.498609, 0.501391
2877, 1435, 1442, 0.498783, 0.501217
2878, 1436, 1442, 0.498958, 0.501042
2879, 1436, 1443, 0.498784, 0.501216
2880, 1437, 1443, 0.498958, 0.501042
2881, 1437, 1444, 0.498785, 0.501215
2882, 1437, 1445, 0.498612, 0.501388
2883, 1438, 1445, 0.498786, 0.501214
2884, 1438, 1446, 0.498613, 0.501387
2885, 1438, 1447, 0.49844, 0.50156
2886, 1438, 1448, 0.498267, 0.501733
2887, 1439, 1448, 0.498441, 0.501559
2888, 1439, 1449, 0.498269, 0.501731
2889, 1440, 1449, 0.498442, 0.501558
2890, 1441, 1449, 0.498616, 0.501384
2891, 1442, 1449, 0.498789, 0.501211
2892, 1442, 1450, 0.498617, 0.501383
2893, 1442, 1451, 0.498445, 0.501555
2894, 1442, 1452, 0.498272, 0.501728
2895, 1443, 1452, 0.498446, 0.501554
2896, 1444, 1452, 0.498619, 0.501381
2897, 1444, 1453, 0.498447, 0.501553
2898, 1445, 1453, 0.49862, 0.50138
2899, 1445, 1454, 0.498448, 0.501552
2900, 1445, 1455, 0.498276, 0.501724
2901, 1445, 1456, 0.498104, 0.501896
2902, 1446, 1456, 0.498277, 0.501723
2903, 1447, 1456, 0.49845, 0.50155
2904, 1448, 1456, 0.498623, 0.501377
2905, 1448, 1457, 0.498451, 0.501549
2906, 1449, 1457, 0.498624, 0.501376
2907, 1449, 1458, 0.498452, 0.501548
2908, 1449, 1459, 0.498281, 0.501719
2909, 1449, 1460, 0.498109, 0.501891
2910, 1449, 1461, 0.497938, 0.502062
2911, 1450, 1461, 0.498111, 0.501889
2912, 1450, 1462, 0.49794, 0.50206
2913, 1451, 1462, 0.498112, 0.501888
2914, 1451, 1463, 0.497941, 0.502059
2915, 1451, 1464, 0.49777, 0.50223
2916, 1451, 1465, 0.497599, 0.502401
2917, 1452, 1465, 0.497772, 0.502228
2918, 1452, 1466, 0.497601, 0.502399
2919, 1452, 1467, 0.497431, 0.502569
2920, 1453, 1467, 0.497603, 0.502397
2921, 1454, 1467, 0.497775, 0.502225
2922, 1454, 1468, 0.497604, 0.502396
2923, 1454, 1469, 0.497434, 0.502566
2924, 1455, 1469, 0.497606, 0.502394
2925, 1455, 1470, 0.497436, 0.502564
2926, 1455, 1471, 0.497266, 0.502734
2927, 1456, 1471, 0.497438, 0.502562
2928, 1457, 1471, 0.497609, 0.502391
2929, 1458, 1471, 0.497781, 0.502219
2930, 1458, 1472, 0.497611, 0.502389
2931, 1459, 1472, 0.497782, 0.502218
2932, 1459, 1473, 0.497613, 0.502387
2933, 1459, 1474, 0.497443, 0.502557
2934, 1460, 1474, 0.497614, 0.502386
2935, 1461, 1474, 0.497785, 0.502215
2936, 1461, 1475, 0.497616, 0.502384
2937, 1461, 1476, 0.497446, 0.502554
2938, 1462, 1476, 0.497617, 0.502383
2939, 1463, 1476, 0.497788, 0.502212
2940, 1463, 1477, 0.497619, 0.502381
2941, 1464, 1477, 0.49779, 0.50221
2942, 1464, 1478, 0.497621, 0.502379
2943, 1465, 1478, 0.497791, 0.502209
2944, 1465, 1479, 0.497622, 0.502378
2945, 1465, 1480, 0.497453, 0.502547
2946, 1466, 1480, 0.497624, 0.502376
2947, 1466, 1481, 0.497455, 0.502545
2948, 1467, 1481, 0.497626, 0.502374
2949, 1468, 1481, 0.497796, 0.502204
2950, 1468, 1482, 0.497627, 0.502373
2951, 1468, 1483, 0.497458, 0.502542
2952, 1468, 1484, 0.49729, 0.50271
2953, 1469, 1484, 0.49746, 0.50254
2954, 1470, 1484, 0.49763, 0.50237
2955, 1470, 1485, 0.497462, 0.502538
2956, 1470, 1486, 0.497294, 0.502706
2957, 1471, 1486, 0.497464, 0.502536
2958, 1472, 1486, 0.497634, 0.502366
2959, 1473, 1486, 0.497803, 0.502197
2960, 1473, 1487, 0.497635, 0.502365
2961, 1473, 1488, 0.497467, 0.502533
2962, 1473, 1489, 0.497299, 0.502701
2963, 1474, 1489, 0.497469, 0.502531
2964, 1474, 1490, 0.497301, 0.502699
2965, 1475, 1490, 0.49747, 0.50253
2966, 1476, 1490, 0.49764, 0.50236
2967, 1476, 1491, 0.497472, 0.502528
2968, 1477, 1491, 0.497642, 0.502358
2969, 1477, 1492, 0.497474, 0.502526
2970, 1477, 1493, 0.497306, 0.502694
2971, 1478, 1493, 0.497476, 0.502524
2972, 1478, 1494, 0.497308, 0.502692
2973, 1478, 1495, 0.497141, 0.502859
2974, 1478, 1496, 0.496974, 0.503026
2975, 1479, 1496, 0.497143, 0.502857
2976, 1480, 1496, 0.497312, 0.502688
2977, 1480, 1497, 0.497145, 0.502855
2978, 1481, 1497, 0.497314, 0.502686
2979, 1482, 1497, 0.497482, 0.502518
2980, 1482, 1498, 0.497315, 0.502685
2981, 1482, 1499, 0.497149, 0.502851
2982, 1482, 1500, 0.496982, 0.503018
2983, 1483, 1500, 0.497151, 0.502849
2984, 1484, 1500, 0.497319, 0.502681
2985, 1484, 1501, 0.497152, 0.502848
2986, 1485, 1501, 0.497321, 0.502679
2987, 1485, 1502, 0.497154, 0.502846
2988, 1485, 1503, 0.496988, 0.503012
2989, 1485, 1504, 0.496822, 0.503178
2990, 1486, 1504, 0.49699, 0.50301
2991, 1486, 1505, 0.496824, 0.503176
2992, 1487, 1505, 0.496992, 0.503008
2993, 1487, 1506, 0.496826, 0.503174
2994, 1488, 1506, 0.496994, 0.503006
2995, 1489, 1506, 0.497162, 0.502838
2996, 1489, 1507, 0.496996, 0.503004
2997, 1489, 1508, 0.49683, 0.50317
2998, 1489, 1509, 0.496664, 0.503336
2999, 1490, 1509, 0.496832, 0.503168
3000, 1491, 1509, 0.497, 0.503
3001, 1492, 1509, 0.497168, 0.502832
3002, 1492, 1510, 0.497002, 0.502998
3003, 1493, 1510, 0.497169, 0.502831
3004, 1493, 1511, 0.497004, 0.502996
3005, 1494, 1511, 0.497171, 0.502829
3006, 1494, 1512, 0.497006, 0.502994
3007, 1494, 1513, 0.496841, 0.503159
3008, 1495, 1513, 0.497008, 0.502992
3009, 1496, 1513, 0.497175, 0.502825
3010, 1496, 1514, 0.49701, 0.50299
3011, 1496, 1515, 0.496845, 0.503155
3012, 1496, 1516, 0.49668, 0.50332
3013, 1497, 1516, 0.496847, 0.503153
3014, 1497, 1517, 0.496682, 0.503318
3015, 1498, 1517, 0.496849, 0.503151
3016, 1499, 1517, 0.497016, 0.502984
3017, 1499, 1518, 0.496851, 0.503149
3018, 1499, 1519, 0.496687, 0.503313
3019, 1499, 1520, 0.496522, 0.503478
3020, 1499, 1521, 0.496358, 0.503642
3021, 1500, 1521, 0.496524, 0.503476
3022, 1500, 1522, 0.49636, 0.50364
3023, 1501, 1522, 0.496527, 0.503473
3024, 1501, 1523, 0.496362, 0.503638
3025, 1501, 1524, 0.496198, 0.503802
3026, 1502, 1524, 0.496365, 0.503635
3027, 1502, 1525, 0.496201, 0.503799
3028, 1502, 1526, 0.496037, 0.503963
3029, 1502, 1527, 0.495873, 0.504127
3030, 1503, 1527, 0.49604, 0.50396
3031, 1503, 1528, 0.495876, 0.504124
3032, 1504, 1528, 0.496042, 0.503958
3033, 1505, 1528, 0.496208, 0.503792
3034, 1506, 1528, 0.496374, 0.503626
3035, 1506, 1529, 0.496211, 0.503789
3036, 1506, 1530, 0.496047, 0.503953
3037, 1506, 1531, 0.495884, 0.504116
3038, 1506, 1532, 0.495721, 0.504279
3039, 1507, 1532, 0.495887, 0.504113
3040, 1508, 1532, 0.496053, 0.503947
3041, 1509, 1532, 0.496218, 0.503782
3042, 1510, 1532, 0.496384, 0.503616
3043, 1511, 1532, 0.496549, 0.503451
3044, 1512, 1532, 0.496715, 0.503285
3045, 1513, 1532, 0.49688, 0.50312
3046, 1513, 1533, 0.496717, 0.503283
3047, 1513, 1534, 0.496554, 0.503446
3048, 1514, 1534, 0.496719, 0.503281
3049, 1514, 1535, 0.496556, 0.503444
3050, 1515, 1535, 0.496721, 0.503279
3051, 1516, 1535, 0.496886, 0.503114
3052, 1516, 1536, 0.496723, 0.503277
3053, 1517, 1536, 0.496888, 0.503112
3054, 1518, 1536, 0.497053, 0.502947
3055, 1518, 1537, 0.49689, 0.50311
3056, 1519, 1537, 0.497055, 0.502945
3057, 1520, 1537, 0.497219, 0.502781
3058, 1520, 1538, 0.497057, 0.502943
3059, 1521, 1538, 0.497221, 0.502779
3060, 1522, 1538, 0.497386, 0.502614
3061, 1523, 1538, 0.49755, 0.50245
3062, 1524, 1538, 0.497714, 0.502286
3063, 1525, 1538, 0.497878, 0.502122
3064, 1525, 1539, 0.497715, 0.502285
3065, 1526, 1539, 0.497879, 0.502121
3066, 1526, 1540, 0.497717, 0.502283
3067, 1526, 1541, 0.497555, 0.502445
3068, 1527, 1541, 0.497718, 0.502282
3069, 1528, 1541, 0.497882, 0.502118
3070, 1529, 1541, 0.498046, 0.501954
3071, 1529, 1542, 0.497883, 0.502117
3072, 1530, 1542, 0.498047, 0.501953
3073, 1530, 1543, 0.497885, 0.502115
3074, 1531, 1543, 0.498048, 0.501952
3075, 1531, 1544, 0.497886, 0.502114
3076, 1531, 1545, 0.497724, 0.502276
3077, 1531, 1546, 0.497563, 0.502437
3078, 1531, 1547, 0.497401, 0.502599
3079, 1531, 1548, 0.497239, 0.502761
3080, 1531, 1549, 0.497078, 0.502922
3081, 1531, 1550, 0.496917, 0.503083
3082, 1531, 1551, 0.496755, 0.503245
3083, 1532, 1551, 0.496919, 0.503081
3084, 1532, 1552, 0.496757, 0.503243
3085, 1532, 1553, 0.496596, 0.503404
3086, 1532, 1554, 0.496436, 0.503564
3087, 1532, 1555, 0.496275, 0.503725
3088, 1532, 1556, 0.496114, 0.503886
3089, 1533, 1556, 0.496277, 0.503723
3090, 1534, 1556, 0.49644, 0.50356
3091, 1535, 1556, 0.496603, 0.503397
3092, 1535, 1557, 0.496442, 0.503558
3093, 1536, 1557, 0.496605, 0.503395
3094, 1536, 1558, 0.496445, 0.503555
3095, 1537, 1558, 0.496607, 0.503393
3096, 1538, 1558, 0.49677, 0.50323
3097, 1538, 1559, 0.49661, 0.50339
3098, 1538, 1560, 0.496449, 0.503551
3099, 1539, 1560, 0.496612, 0.503388
3100, 1540, 1560, 0.496774, 0.503226
3101, 1541, 1560, 0.496936, 0.503064
3102, 1542, 1560, 0.497099, 0.502901
3103, 1543, 1560, 0.497261, 0.502739
3104, 1544, 1560, 0.497423, 0.502577
3105, 1545, 1560, 0.497585, 0.502415
3106, 1546, 1560, 0.497746, 0.502254
3107, 1546, 1561, 0.497586, 0.502414
3108, 1546, 1562, 0.497426, 0.502574
3109, 1547, 1562, 0.497588, 0.502412
3110, 1548, 1562, 0.497749, 0.502251
3111, 1548, 1563, 0.497589, 0.502411
3112, 1548, 1564, 0.497429, 0.502571
3113, 1549, 1564, 0.497591, 0.502409
3114, 1550, 1564, 0.497752, 0.502248
3115, 1550, 1565, 0.497592, 0.502408
3116, 1550, 1566, 0.497433, 0.502567
3117, 1550, 1567, 0.497273, 0.502727
3118, 1550, 1568, 0.497114, 0.502886
3119, 1551, 1568, 0.497275, 0.502725
3120, 1552, 1568, 0.497436, 0.502564
3121, 1553, 1568, 0.497597, 0.502403
3122, 1553, 1569, 0.497438, 0.502562
3123, 1554, 1569, 0.497598, 0.502402
3124, 1554, 1570, 0.497439, 0.502561
3125, 1554, 1571, 0.49728, 0.50272
3126, 1555, 1571, 0.497441, 0.502559
3127, 1556, 1571, 0.497602, 0.502398
3128, 1556, 1572, 0.497442, 0.502558
3129, 1556, 1573, 0.497283, 0.502717
3130, 1557, 1573, 0.497444, 0.502556
3131, 1558, 1573, 0.497605, 0.502395
3132, 1559, 1573, 0.497765, 0.502235
3133, 1559, 1574, 0.497606, 0.502394
3134, 1560, 1574, 0.497766, 0.502234
3135, 1560, 1575, 0.497608, 0.502392
3136, 1560, 1576, 0.497449, 0.502551
3137, 1560, 1577, 0.49729, 0.50271
3138, 1560, 1578, 0.497132, 0.502868
3139, 1561, 1578, 0.497292, 0.502708
3140, 1561, 1579, 0.497134, 0.502866
3141, 1561, 1580, 0.496975, 0.503025
3142, 1561, 1581, 0.496817, 0.503183
3143, 1561, 1582, 0.496659, 0.503341
3144, 1561, 1583, 0.496501, 0.503499
3145, 1562, 1583, 0.496661, 0.503339
3146, 1562, 1584, 0.496503, 0.503497
3147, 1562, 1585, 0.496346, 0.503654
3148, 1562, 1586, 0.496188, 0.503812
3149, 1563, 1586, 0.496348, 0.503652
3150, 1564, 1586, 0.496508, 0.503492
3151, 1565, 1586, 0.496668, 0.503332
3152, 1565, 1587, 0.49651, 0.50349
3153, 1565, 1588, 0.496353, 0.503647
3154, 1566, 1588, 0.496512, 0.503488
3155, 1566, 1589, 0.496355, 0.503645
3156, 1566, 1590, 0.496198, 0.503802
3157, 1566, 1591, 0.496041, 0.503959
3158, 1567, 1591, 0.4962, 0.5038
3159, 1568, 1591, 0.49636, 0.50364
3160, 1568, 1592, 0.496203, 0.503797
3161, 1568, 1593, 0.496046, 0.503954
3162, 1568, 1594, 0.495889, 0.504111
3163, 1568, 1595, 0.495732, 0.504268
3164, 1568, 1596, 0.495575, 0.504425
3165, 1569, 1596, 0.495735, 0.504265
3166, 1569, 1597, 0.495578, 0.504422
3167, 1569, 1598, 0.495422, 0.504578
3168, 1569, 1599, 0.495265, 0.504735
3169, 1569, 1600, 0.495109, 0.504891
3170, 1570, 1600, 0.495268, 0.504732
3171, 1571, 1600, 0.495427, 0.504573
3172, 1572, 1600, 0.495586, 0.504414
3173, 1572, 1601, 0.49543, 0.50457
3174, 1572, 1602, 0.495274, 0.504726
3175, 1573, 1602, 0.495433, 0.504567
3176, 1574, 1602, 0.495592, 0.504408
3177, 1574, 1603, 0.495436, 0.504564
3178, 1575, 1603, 0.495595, 0.504405
3179, 1576, 1603, 0.495753, 0.504247
3180, 1577, 1603, 0.495912, 0.504088
3181, 1577, 1604, 0.495756, 0.504244
3182, 1577, 1605, 0.4956, 0.5044
3183, 1578, 1605, 0.495759, 0.504241
3184, 1578, 1606, 0.495603, 0.504397
3185, 1579, 1606, 0.495761, 0.504239
3186, 1580, 1606, 0.49592, 0.50408
3187, 1580, 1607, 0.495764, 0.504236
3188, 1580, 1608, 0.495609, 0.504391
3189, 1581, 1608, 0.495767, 0.504233
3190, 1581, 1609, 0.495611, 0.504389
3191, 1581, 1610, 0.495456, 0.504544
3192, 1581, 1611, 0.495301, 0.504699
3193, 1581, 1612, 0.495146, 0.504854
3194, 1582, 1612, 0.495304, 0.504696
3195, 1582, 1613, 0.495149, 0.504851
3196, 1583, 1613, 0.495307, 0.504693
3197, 1584, 1613, 0.495464, 0.504536
3198, 1585, 1613, 0.495622, 0.504378
3199, 1586, 1613, 0.49578, 0.50422
3200, 1587, 1613, 0.495937, 0.504062
3201, 1588, 1613, 0.496095, 0.503905
3202, 1588, 1614, 0.49594, 0.50406
3203, 1588, 1615, 0.495785, 0.504215
3204, 1589, 1615, 0.495943, 0.504057
3205, 1589, 1616, 0.495788, 0.504212
3206, 1589, 1617, 0.495633, 0.504367
3207, 1590, 1617, 0.49579, 0.50421
3208, 1590, 1618, 0.495636, 0.504364
3209, 1590, 1619, 0.495481, 0.504519
3210, 1590, 1620, 0.495327, 0.504673
3211, 1590, 1621, 0.495173, 0.504827
3212, 1590, 1622, 0.495019, 0.504981
3213, 1591, 1622, 0.495176, 0.504824
3214, 1592, 1622, 0.495333, 0.504667
3215, 1592, 1623, 0.495179, 0.504821
3216, 1593, 1623, 0.495336, 0.504664
3217, 1594, 1623, 0.495493, 0.504507
3218, 1594, 1624, 0.495339, 0.504661
3219, 1595, 1624, 0.495495, 0.504505
3220, 1595, 1625, 0.495342, 0.504658
3221, 1595, 1626, 0.495188, 0.504812
3222, 1596, 1626, 0.495345, 0.504655
3223, 1596, 1627, 0.495191, 0.504809
3224, 1597, 1627, 0.495347, 0.504653
3225, 1597, 1628, 0.495194, 0.504806
3226, 1597, 1629, 0.49504, 0.50496
3227, 1598, 1629, 0.495197, 0.504803
3228, 1599, 1629, 0.495353, 0.504647
3229, 1600, 1629, 0.495509, 0.504491
3230, 1600, 1630, 0.495356, 0.504644
3231, 1600, 1631, 0.495203, 0.504797
3232, 1601, 1631, 0.495359, 0.504641
3233, 1602, 1631, 0.495515, 0.504485
3234, 1603, 1631, 0.495671, 0.504329
3235, 1603, 1632, 0.495518, 0.504482
3236, 1603, 1633, 0.495365, 0.504635
3237, 1604, 1633, 0.495521, 0.504479
3238, 1605, 1633, 0.495676, 0.504324
3239, 1606, 1633, 0.495832, 0.504168
3240, 1607, 1633, 0.495988, 0.504012
3241, 1608, 1633, 0.496143, 0.503857
3242, 1608, 1634, 0.49599, 0.50401
3243, 1608, 1635, 0.495837, 0.504163
3244, 1609, 1635, 0.495993, 0.504007
3245, 1610, 1635, 0.496148, 0.503852
3246, 1610, 1636, 0.495995, 0.504005
3247, 1610, 1637, 0.495842, 0.504158
3248, 1611, 1637, 0.495998, 0.504002
3249, 1611, 1638, 0.495845, 0.504155
3250, 1612, 1638, 0.496, 0.504
3251, 1612, 1639, 0.495847, 0.504153
3252, 1613, 1639, 0.496002, 0.503998
3253, 1614, 1639, 0.496157, 0.503843
3254, 1614, 1640, 0.496005, 0.503995
3255, 1615, 1640, 0.49616, 0.50384
3256, 1615, 1641, 0.496007, 0.503993
3257, 1616, 1641, 0.496162, 0.503838
3258, 1617, 1641, 0.496317, 0.503683
3259, 1618, 1641, 0.496471, 0.503529
3260, 1619, 1641, 0.496626, 0.503374
3261, 1619, 1642, 0.496473, 0.503527
3262, 1620, 1642, 0.496628, 0.503372
3263, 1621, 1642, 0.496782, 0.503218
3264, 1621, 1643, 0.49663, 0.50337
3265, 1621, 1644, 0.496478, 0.503522
3266, 1621, 1645, 0.496326, 0.503674
3267, 1622, 1645, 0.49648, 0.50352
3268, 1622, 1646, 0.496328, 0.503672
3269, 1623, 1646, 0.496482, 0.503518
3270, 1624, 1646, 0.496636, 0.503364
3271, 1625, 1646, 0.49679, 0.50321
3272, 1626, 1646, 0.496944, 0.503056
3273, 1626, 1647, 0.496792, 0.503208
3274, 1626, 1648, 0.49664, 0.50336
3275, 1627, 1648, 0.496794, 0.503206
3276, 1627, 1649, 0.496642, 0.503358
3277, 1627, 1650, 0.496491, 0.503509
3278, 1628, 1650, 0.496644, 0.503356
3279, 1629, 1650, 0.496798, 0.503202
3280, 1629, 1651, 0.496646, 0.503354
3281, 1630, 1651, 0.4968, 0.5032
3282, 1631, 1651, 0.496953, 0.503047
3283, 1632, 1651, 0.497106, 0.502894
3284, 1632, 1652, 0.496955, 0.503045
3285, 1632, 1653, 0.496804, 0.503196
3286, 1632, 1654, 0.496652, 0.503348
3287, 1633, 1654, 0.496806, 0.503194
3288, 1634, 1654, 0.496959, 0.503041
3289, 1634, 1655, 0.496808, 0.503192
3290, 1634, 1656, 0.496657, 0.503343
3291, 1635, 1656, 0.496809, 0.503191
3292, 1636, 1656, 0.496962, 0.503038
3293, 1637, 1656, 0.497115, 0.502885
3294, 1638, 1656, 0.497268, 0.502732
3295, 1639, 1656, 0.49742, 0.50258
3296, 1640, 1656, 0.497573, 0.502427
3297, 1640, 1657, 0.497422, 0.502578
3298, 1641, 1657, 0.497574, 0.502426
3299, 1642, 1657, 0.497727, 0.502273
3300, 1642, 1658, 0.497576, 0.502424
3301, 1642, 1659, 0.497425, 0.502575
3302, 1642, 1660, 0.497274, 0.502726
3303, 1642, 1661, 0.497124, 0.502876
3304, 1642, 1662, 0.496973, 0.503027
3305, 1643, 1662, 0.497126, 0.502874
3306, 1644, 1662, 0.497278, 0.502722
3307, 1644, 1663, 0.497127, 0.502873
3308, 1644, 1664, 0.496977, 0.503023
3309, 1644, 1665, 0.496827, 0.503173
3310, 1644, 1666, 0.496677, 0.503323
3311, 1645, 1666, 0.496829, 0.503171
3312, 1645, 1667, 0.496679, 0.503321
3313, 1646, 1667, 0.496831, 0.503169
3314, 1646, 1668, 0.496681, 0.503319
3315, 1647, 1668, 0.496833, 0.503167
3316, 1648, 1668, 0.496984, 0.503016
3317, 1648, 1669, 0.496834, 0.503166
3318, 1649, 1669, 0.496986, 0.503014
3319, 1650, 1669, 0.497138, 0.502862
3320, 1650, 1670, 0.496988, 0.503012
3321, 1650, 1671, 0.496838, 0.503162
3322, 1650, 1672, 0.496689, 0.503311
3323, 1651, 1672, 0.49684, 0.50316
3324, 1652, 1672, 0.496992, 0.503008
3325, 1652, 1673, 0.496842, 0.503158
3326, 1652, 1674, 0.496693, 0.503307
3327, 1653, 1674, 0.496844, 0.503156
3328, 1654, 1674, 0.496995, 0.503005
3329, 1655, 1674, 0.497146, 0.502854
3330, 1656, 1674, 0.497297, 0.502703
3331, 1657, 1674, 0.497448, 0.502552
3332, 1657, 1675, 0.497299, 0.502701
3333, 1658, 1675, 0.49745, 0.50255
3334, 1659, 1675, 0.4976, 0.5024
3335, 1659, 1676, 0.497451, 0.502549
3336, 1659, 1677, 0.497302, 0.502698
3337, 1659, 1678, 0.497153, 0.502847
3338, 1659, 1679, 0.497004, 0.502996
3339, 1659, 1680, 0.496855, 0.503145
3340, 1659, 1681, 0.496707, 0.503293
3341, 1660, 1681, 0.496857, 0.503143
3342, 1660, 1682, 0.496709, 0.503291
3343, 1661, 1682, 0.496859, 0.503141
3344, 1662, 1682, 0.49701, 0.50299
3345, 1663, 1682, 0.49716, 0.50284
3346, 1663, 1683, 0.497011, 0.502989
3347, 1663, 1684, 0.496863, 0.503137
3348, 1664, 1684, 0.497013, 0.502987
3349, 1665, 1684, 0.497163, 0.502837
3350, 1665, 1685, 0.497015, 0.502985
3351, 1665, 1686, 0.496867, 0.503133
3352, 1666, 1686, 0.497017, 0.502983
3353, 1667, 1686, 0.497167, 0.502833
3354, 1668, 1686, 0.497317, 0.502683
3355, 1668, 1687, 0.497168, 0.502832
3356, 1668, 1688, 0.49702, 0.50298
3357, 1668, 1689, 0.496872, 0.503128
3358, 1668, 1690, 0.496724, 0.503276
3359, 1668, 1691, 0.496576, 0.503424
3360, 1668, 1692, 0.496429, 0.503571
3361, 1668, 1693, 0.496281, 0.503719
3362, 1669, 1693, 0.496431, 0.503569
3363, 1669, 1694, 0.496283, 0.503717
3364, 1670, 1694, 0.496433, 0.503567
3365, 1671, 1694, 0.496582, 0.503418
3366, 1671, 1695, 0.496435, 0.503565
3367, 1671, 1696, 0.496287, 0.503713
3368, 1671, 1697, 0.49614, 0.50386
3369, 1672, 1697, 0.49629, 0.50371
3370, 1672, 1698, 0.496142, 0.503858
3371, 1672, 1699, 0.495995, 0.504005
3372, 1672, 1700, 0.495848, 0.504152
3373, 1672, 1701, 0.495701, 0.504299
3374, 1673, 1701, 0.495851, 0.504149
3375, 1673, 1702, 0.495704, 0.504296
3376, 1674, 1702, 0.495853, 0.504147
3377, 1675, 1702, 0.496002, 0.503998
3378, 1676, 1702, 0.496152, 0.503848
3379, 1677, 1702, 0.496301, 0.503699
3380, 1677, 1703, 0.496154, 0.503846
3381, 1678, 1703, 0.496303, 0.503697
3382, 1678, 1704, 0.496156, 0.503844
3383, 1678, 1705, 0.496009, 0.503991
3384, 1679, 1705, 0.496158, 0.503842
3385, 1679, 1706, 0.496012, 0.503988
3386, 1679, 1707, 0.495865, 0.504135
3387, 1679, 1708, 0.495719, 0.504281
3388, 1680, 1708, 0.495868, 0.504132
3389, 1680, 1709, 0.495721, 0.504279
3390, 1681, 1709, 0.49587, 0.50413
3391, 1682, 1709, 0.496019, 0.503981
3392, 1683, 1709, 0.496167, 0.503833
3393, 1684, 1709, 0.496316, 0.503684
3394, 1685, 1709, 0.496464, 0.503536
3395, 1685, 1710, 0.496318, 0.503682
3396, 1686, 1710, 0.496466, 0.503534
3397, 1686, 1711, 0.49632, 0.50368
3398, 1687, 1711, 0.496469, 0.503531
3399, 1688, 1711, 0.496617, 0.503383
3400, 1689, 1711, 0.496765, 0.503235
3401, 1690, 1711, 0.496913, 0.503087
3402, 1691, 1711, 0.497061, 0.502939
3403, 1691, 1712, 0.496914, 0.503086
3404, 1692, 1712, 0.497062, 0.502938
3405, 1693, 1712, 0.49721, 0.50279
3406, 1693, 1713, 0.497064, 0.502936
3407, 1694, 1713, 0.497212, 0.502788
3408, 1695, 1713, 0.497359, 0.502641
3409, 1696, 1713, 0.497507, 0.502493
3410, 1697, 1713, 0.497654, 0.502346
3411, 1698, 1713, 0.497801, 0.502199
3412, 1699, 1713, 0.497948, 0.502052
3413, 1699, 1714, 0.497803, 0.502197
3414, 1700, 1714, 0.49795, 0.50205
3415, 1700, 1715, 0.497804, 0.502196
3416, 1700, 1716, 0.497658, 0.502342
3417, 1701, 1716, 0.497805, 0.502195
3418, 1702, 1716, 0.497952, 0.502048
3419, 1703, 1716, 0.498099, 0.501901
3420, 1704, 1716, 0.498246, 0.501754
3421, 1704, 1717, 0.4981, 0.5019
3422, 1704, 1718, 0.497954, 0.502046
3423, 1704, 1719, 0.497809, 0.502191
3424, 1704, 1720, 0.497664, 0.502336
3425, 1704, 1721, 0.497518, 0.502482
3426, 1705, 1721, 0.497665, 0.502335
3427, 1705, 1722, 0.49752, 0.50248
3428, 1705, 1723, 0.497375, 0.502625
3429, 1705, 1724, 0.49723, 0.50277
3430, 1706, 1724, 0.497376, 0.502624
3431, 1707, 1724, 0.497523, 0.502477
3432, 1707, 1725, 0.497378, 0.502622
3433, 1708, 1725, 0.497524, 0.502476
3434, 1708, 1726, 0.497379, 0.502621
3435, 1708, 1727, 0.497234, 0.502766
3436, 1708, 1728, 0.49709, 0.50291
3437, 1708, 1729, 0.496945, 0.503055
3438, 1708, 1730, 0.4968, 0.5032
3439, 1708, 1731, 0.496656, 0.503344
3440, 1709, 1731, 0.496802, 0.503198
3441, 1710, 1731, 0.496949, 0.503051
3442, 1710, 1732, 0.496804, 0.503196
3443, 1710, 1733, 0.49666, 0.50334
3444, 1710, 1734, 0.496516, 0.503484
3445, 1711, 1734, 0.496662, 0.503338
3446, 1711, 1735, 0.496518, 0.503482
3447, 1712, 1735, 0.496664, 0.503336
3448, 1713, 1735, 0.49681, 0.50319
3449, 1713, 1736, 0.496666, 0.503334
3450, 1713, 1737, 0.496522, 0.503478
3451, 1713, 1738, 0.496378, 0.503622
3452, 1713, 1739, 0.496234, 0.503766
3453, 1713, 1740, 0.49609, 0.50391
3454, 1713, 1741, 0.495947, 0.504053
3455, 1714, 1741, 0.496093, 0.503907
3456, 1715, 1741, 0.496238, 0.503762
3457, 1715, 1742, 0.496095, 0.503905
3458, 1715, 1743, 0.495951, 0.504049
3459, 1715, 1744, 0.495808, 0.504192
3460, 1715, 1745, 0.495665, 0.504335
3461, 1715, 1746, 0.495522, 0.504478
3462, 1715, 1747, 0.495378, 0.504622
3463, 1715, 1748, 0.495235, 0.504765
3464, 1716, 1748, 0.495381, 0.504619
3465, 1716, 1749, 0.495238, 0.504762
3466, 1717, 1749, 0.495384, 0.504616
3467, 1718, 1749, 0.495529, 0.504471
3468, 1718, 1750, 0.495386, 0.504614
3469, 1719, 1750, 0.495532, 0.504468
3470, 1720, 1750, 0.495677, 0.504323
3471, 1720, 1751, 0.495534, 0.504466
3472, 1720, 1752, 0.495392, 0.504608
3473, 1720, 1753, 0.495249, 0.504751
3474, 1721, 1753, 0.495394, 0.504606
3475, 1722, 1753, 0.49554, 0.50446
3476, 1723, 1753, 0.495685, 0.504315
3477, 1723, 1754, 0.495542, 0.504458
3478, 1724, 1754, 0.495687, 0.504313
3479, 1725, 1754, 0.495832, 0.504168
3480, 1726, 1754, 0.495977, 0.504023
3481, 1726, 1755, 0.495835, 0.504165
3482, 1726, 1756, 0.495692, 0.504308
3483, 1726, 1757, 0.49555, 0.50445
3484, 1726, 1758, 0.495408, 0.504592
3485, 1727, 1758, 0.495552, 0.504448
3486, 1727, 1759, 0.49541, 0.50459
3487, 1727, 1760, 0.495268, 0.504732
3488, 1728, 1760, 0.495413, 0.504587
3489, 1729, 1760, 0.495557, 0.504443
3490, 1730, 1760, 0.495702, 0.504298
3491, 1731, 1760, 0.495846, 0.504154
3492, 1732, 1760, 0.495991, 0.504009
3493, 1732, 1761, 0.495849, 0.504151
3494, 1732, 1762, 0.495707, 0.504293
3495, 1733, 1762, 0.495851, 0.504149
3496, 1734, 1762, 0.495995, 0.504005
3497, 1735, 1762, 0.49614, 0.50386
3498, 1736, 1762, 0.496284, 0.503716
3499, 1737, 1762, 0.496428, 0.503572
3500, 1737, 1763, 0.496286, 0.503714
3501, 1738, 1763, 0.49643, 0.50357
3502, 1739, 1763, 0.496573, 0.503427
3503, 1740, 1763, 0.496717, 0.503283
3504, 1740, 1764, 0.496575, 0.503425
3505, 1741, 1764, 0.496719, 0.503281
3506, 1741, 1765, 0.496577, 0.503423
3507, 1741, 1766, 0.496436, 0.503564
3508, 1741, 1767, 0.496294, 0.503706
3509, 1742, 1767, 0.496438, 0.503562
3510, 1742, 1768, 0.496296, 0.503704
3511, 1743, 1768, 0.49644, 0.50356
3512, 1743, 1769, 0.496298, 0.503702
3513, 1744, 1769, 0.496442, 0.503558
3514, 1745, 1769, 0.496585, 0.503415
3515, 1745, 1770, 0.496444, 0.503556
3516, 1745, 1771, 0.496303, 0.503697
3517, 1746, 1771, 0.496446, 0.503554
3518, 1747, 1771, 0.496589, 0.503411
3519, 1748, 1771, 0.496732, 0.503268
3520, 1748, 1772, 0.496591, 0.503409
3521, 1748, 1773, 0.49645, 0.50355
3522, 1748, 1774, 0.496309, 0.503691
3523, 1748, 1775, 0.496168, 0.503832
3524, 1748, 1776, 0.496027, 0.503973
3525, 1749, 1776, 0.49617, 0.50383
3526, 1750, 1776, 0.496313, 0.503687
3527, 1750, 1777, 0.496172, 0.503828
3528, 1750, 1778, 0.496032, 0.503968
3529, 1750, 1779, 0.495891, 0.504109
3530, 1751, 1779, 0.496034, 0.503966
3531, 1752, 1779, 0.496177, 0.503823
3532, 1752, 1780, 0.496036, 0.503964
3533, 1752, 1781, 0.495896, 0.504104
3534, 1752, 1782, 0.495756, 0.504244
3535, 1752, 1783, 0.495615, 0.504385
3536, 1753, 1783, 0.495758, 0.504242
3537, 1753, 1784, 0.495618, 0.504382
3538, 1754, 1784, 0.49576, 0.50424
3539, 1754, 1785, 0.49562, 0.50438
3540, 1754, 1786, 0.49548, 0.50452
3541, 1754, 1787, 0.49534, 0.50466
3542, 1755, 1787, 0.495483, 0.504517
3543, 1756, 1787, 0.495625, 0.504375
3544, 1757, 1787, 0.495767, 0.504233
3545, 1757, 1788, 0.495628, 0.504372
3546, 1757, 1789, 0.495488, 0.504512
3547, 1758, 1789, 0.49563, 0.50437
3548, 1759, 1789, 0.495772, 0.504228
3549, 1760, 1789, 0.495914, 0.504086
3550, 1760, 1790, 0.495775, 0.504225
3551, 1761, 1790, 0.495917, 0.504083
3552, 1761, 1791, 0.495777, 0.504223
3553, 1761, 1792, 0.495637, 0.504363
3554, 1762, 1792, 0.495779, 0.504221
3555, 1763, 1792, 0.495921, 0.504079
3556, 1764, 1792, 0.496063, 0.503937
3557, 1764, 1793, 0.495924, 0.504076
3558, 1764, 1794, 0.495784, 0.504216
3559, 1765, 1794, 0.495926, 0.504074
3560, 1766, 1794, 0.496067, 0.503933
3561, 1767, 1794, 0.496209, 0.503791
3562, 1768, 1794, 0.49635, 0.50365
3563, 1769, 1794, 0.496492, 0.503508
3564, 1770, 1794, 0.496633, 0.503367
3565, 1770, 1795, 0.496494, 0.503506
3566, 1770, 1796, 0.496354, 0.503646
3567, 1771, 1796, 0.496496, 0.503504
3568, 1772, 1796, 0.496637, 0.503363
3569, 1773, 1796, 0.496778, 0.503222
3570, 1773, 1797, 0.496639, 0.503361
3571, 1773, 1798, 0.4965, 0.5035
3572, 1773, 1799, 0.496361, 0.503639
3573, 1773, 1800, 0.496222, 0.503778
3574, 1773, 1801, 0.496083, 0.503917
3575, 1774, 1801, 0.496224, 0.503776
3576, 1775, 1801, 0.496365, 0.503635
3577, 1775, 1802, 0.496226, 0.503774
3578, 1775, 1803, 0.496087, 0.503913
3579, 1775, 1804, 0.495949, 0.504051
3580, 1775, 1805, 0.49581, 0.50419
3581, 1775, 1806, 0.495672, 0.504328
3582, 1775, 1807, 0.495533, 0.504467
3583, 1776, 1807, 0.495674, 0.504326
3584, 1777, 1807, 0.495815, 0.504185
3585, 1777, 1808, 0.495676, 0.504324
3586, 1778, 1808, 0.495817, 0.504183
3587, 1778, 1809, 0.495679, 0.504321
3588, 1779, 1809, 0.495819, 0.504181
3589, 1780, 1809, 0.49596, 0.50404
3590, 1780, 1810, 0.495822, 0.504178
3591, 1780, 1811, 0.495684, 0.504316
3592, 1780, 1812, 0.495546, 0.504454
3593, 1780, 1813, 0.495408, 0.504592
3594, 1781, 1813, 0.495548, 0.504452
3595, 1781, 1814, 0.49541, 0.50459
3596, 1781, 1815, 0.495273, 0.504727
3597, 1781, 1816, 0.495135, 0.504865
3598, 1781, 1817, 0.494997, 0.505003
3599, 1781, 1818, 0.49486, 0.50514
3600, 1781, 1819, 0.494722, 0.505278
3601, 1781, 1820, 0.494585, 0.505415
3602, 1782, 1820, 0.494725, 0.505275
3603, 1783, 1820, 0.494865, 0.505135
3604, 1784, 1820, 0.495006, 0.504994
3605, 1785, 1820, 0.495146, 0.504854
3606, 1785, 1821, 0.495008, 0.504992
3607, 1786, 1821, 0.495148, 0.504852
3608, 1787, 1821, 0.495288, 0.504712
3609, 1787, 1822, 0.495151, 0.504849
3610, 1787, 1823, 0.495014, 0.504986
3611, 1788, 1823, 0.495154, 0.504846
3612, 1788, 1824, 0.495017, 0.504983
3613, 1789, 1824, 0.495156, 0.504844
3614, 1789, 1825, 0.495019, 0.504981
3615, 1790, 1825, 0.495159, 0.504841
3616, 1791, 1825, 0.495299, 0.504701
3617, 1792, 1825, 0.495438, 0.504562
3618, 1793, 1825, 0.495578, 0.504422
3619, 1794, 1825, 0.495717, 0.504283
3620, 1794, 1826, 0.49558, 0.50442
3621, 1795, 1826, 0.495719, 0.504281
3622, 1795, 1827, 0.495583, 0.504417
3623, 1795, 1828, 0.495446, 0.504554
3624, 1796, 1828, 0.495585, 0.504415
3625, 1797, 1828, 0.495724, 0.504276
3626, 1797, 1829, 0.495587, 0.504413
3627, 1798, 1829, 0.495726, 0.504274
3628, 1799, 1829, 0.495865, 0.504135
3629, 1800, 1829, 0.496004, 0.503996
3630, 1800, 1830, 0.495868, 0.504132
3631, 1801, 1830, 0.496007, 0.503993
3632, 1802, 1830, 0.496145, 0.503855
3633, 1803, 1830, 0.496284, 0.503716
3634, 1804, 1830, 0.496423, 0.503577
3635, 1805, 1830, 0.496561, 0.503439
3636, 1805, 1831, 0.496425, 0.503575
3637, 1806, 1831, 0.496563, 0.503437
3638, 1807, 1831, 0.496701, 0.503299
3639, 1807, 1832, 0.496565, 0.503435
3640, 1807, 1833, 0.496429, 0.503571
3641, 1807, 1834, 0.496292, 0.503708
3642, 1808, 1834, 0.496431, 0.503569
3643, 1809, 1834, 0.496569, 0.503431
3644, 1809, 1835, 0.496432, 0.503568
3645, 1809, 1836, 0.496296, 0.503704
3646, 1809, 1837, 0.49616, 0.50384
3647, 1809, 1838, 0.496024, 0.503976
3648, 1809, 1839, 0.495888, 0.504112
3649, 1810, 1839, 0.496026, 0.503974
3650, 1810, 1840, 0.49589, 0.50411
3651, 1810, 1841, 0.495755, 0.504245
3652, 1811, 1841, 0.495893, 0.504107
3653, 1812, 1841, 0.496031, 0.503969
3654, 1812, 1842, 0.495895, 0.504105
3655, 1813, 1842, 0.496033, 0.503967
3656, 1814, 1842, 0.496171, 0.503829
3657, 1815, 1842, 0.496308, 0.503692
3658, 1816, 1842, 0.496446, 0.503554
3659, 1816, 1843, 0.49631, 0.50369
3660, 1816, 1844, 0.496175, 0.503825
3661, 1817, 1844, 0.496312, 0.503688
3662, 1817, 1845, 0.496177, 0.503823
3663, 1817, 1846, 0.496041, 0.503959
3664, 1817, 1847, 0.495906, 0.504094
3665, 1818, 1847, 0.496044, 0.503956
3666, 1818, 1848, 0.495908, 0.504092
3667, 1819, 1848, 0.496046, 0.503954
3668, 1820, 1848, 0.496183, 0.503817
3669, 1821, 1848, 0.496321, 0.503679
3670, 1821, 1849, 0.496185, 0.503815
3671, 1821, 1850, 0.49605, 0.50395
3672, 1821, 1851, 0.495915, 0.504085
3673, 1822, 1851, 0.496052, 0.503948
3674, 1822, 1852, 0.495917, 0.504083
3675, 1822, 1853, 0.495782, 0.504218
3676, 1822, 1854, 0.495647, 0.504353
3677, 1823, 1854, 0.495785, 0.504215
3678, 1823, 1855, 0.49565, 0.50435
3679, 1824, 1855, 0.495787, 0.504213
3680, 1825, 1855, 0.495924, 0.504076
3681, 1825, 1856, 0.495789, 0.504211
3682, 1826, 1856, 0.495926, 0.504074
3683, 1826, 1857, 0.495791, 0.504209
3684, 1827, 1857, 0.495928, 0.504072
3685, 1827, 1858, 0.495794, 0.504206
3686, 1828, 1858, 0.495931, 0.504069
3687, 1829, 1858, 0.496067, 0.503933
3688, 1829, 1859, 0.495933, 0.504067
3689, 1830, 1859, 0.496069, 0.503931
3690, 1831, 1859, 0.496206, 0.503794
3691, 1832, 1859, 0.496342, 0.503658
3692, 1832, 1860, 0.496208, 0.503792
3693, 1833, 1860, 0.496344, 0.503656
3694, 1834, 1860, 0.496481, 0.503519
3695, 1834, 1861, 0.496346, 0.503654
3696, 1834, 1862, 0.496212, 0.503788
3697, 1835, 1862, 0.496348, 0.503652
3698, 1835, 1863, 0.496214, 0.503786
3699, 1836, 1863, 0.49635, 0.50365
3700, 1836, 1864, 0.496216, 0.503784
3701, 1837, 1864, 0.496352, 0.503648
3702, 1837, 1865, 0.496218, 0.503782
3703, 1837, 1866, 0.496084, 0.503916
3704, 1837, 1867, 0.49595, 0.50405
3705, 1837, 1868, 0.495816, 0.504184
3706, 1838, 1868, 0.495953, 0.504047
3707, 1838, 1869, 0.495819, 0.504181
3708, 1838, 1870, 0.495685, 0.504315
3709, 1839, 1870, 0.495821, 0.504179
3710, 1840, 1870, 0.495957, 0.504043
3711, 1840, 1871, 0.495823, 0.504177
3712, 1840, 1872, 0.49569, 0.50431
3713, 1840, 1873, 0.495556, 0.504444
3714, 1840, 1874, 0.495423, 0.504577
3715, 1841, 1874, 0.495559, 0.504441
3716, 1841, 1875, 0.495425, 0.504575
3717, 1842, 1875, 0.495561, 0.504439
3718, 1842, 1876, 0.495428, 0.504572
3719, 1842, 1877, 0.495294, 0.504706
3720, 1843, 1877, 0.49543, 0.50457
3721, 1843, 1878, 0.495297, 0.504703
3722, 1843, 1879, 0.495164, 0.504836
3723, 1843, 1880, 0.495031, 0.504969
3724, 1844, 1880, 0.495166, 0.504834
3725, 1844, 1881, 0.495034, 0.504966
3726, 1845, 1881, 0.495169, 0.504831
3727, 1845, 1882, 0.495036, 0.504964
3728, 1845, 1883, 0.494903, 0.505097
3729, 1845, 1884, 0.494771, 0.505229
3730, 1846, 1884, 0.494906, 0.505094
3731, 1846, 1885, 0.494774, 0.505226
3732, 1846, 1886, 0.494641, 0.505359
3733, 1847, 1886, 0.494776, 0.505224
3734, 1847, 1887, 0.494644, 0.505356
3735, 1848, 1887, 0.494779, 0.505221
3736, 1849, 1887, 0.494914, 0.505086
3737, 1849, 1888, 0.494782, 0.505218
3738, 1850, 1888, 0.494917, 0.505083
3739, 1850, 1889, 0.494785, 0.505215
3740, 1851, 1889, 0.49492, 0.50508
3741, 1852, 1889, 0.495055, 0.504945
3742, 1852, 1890, 0.494923, 0.505077
3743, 1853, 1890, 0.495057, 0.504943
3744, 1854, 1890, 0.495192, 0.504808
3745, 1855, 1890, 0.495327, 0.504673
3746, 1855, 1891, 0.495195, 0.504805
3747, 1856, 1891, 0.49533, 0.50467
3748, 1856, 1892, 0.495197, 0.504803
3749, 1856, 1893, 0.495065, 0.504935
3750, 1857, 1893, 0.4952, 0.5048
3751, 1858, 1893, 0.495335, 0.504665
3752, 1859, 1893, 0.495469, 0.504531
3753, 1859, 1894, 0.495337, 0.504663
3754, 1859, 1895, 0.495205, 0.504795
3755, 1859, 1896, 0.495073, 0.504927
3756, 1860, 1896, 0.495208, 0.504792
3757, 1860, 1897, 0.495076, 0.504924
3758, 1860, 1898, 0.494944, 0.505056
3759, 1861, 1898, 0.495078, 0.504922
3760, 1861, 1899, 0.494947, 0.505053
3761, 1861, 1900, 0.494815, 0.505185
3762, 1861, 1901, 0.494684, 0.505316
3763, 1861, 1902, 0.494552, 0.505448
3764, 1862, 1902, 0.494687, 0.505313
3765, 1862, 1903, 0.494555, 0.505445
3766, 1862, 1904, 0.494424, 0.505576
3767, 1862, 1905, 0.494293, 0.505707
3768, 1863, 1905, 0.494427, 0.505573
3769, 1864, 1905, 0.494561, 0.505439
3770, 1865, 1905, 0.494695, 0.505305
3771, 1865, 1906, 0.494564, 0.505436
3772, 1866, 1906, 0.494698, 0.505302
3773, 1867, 1906, 0.494832, 0.505168
3774, 1867, 1907, 0.494701, 0.505299
3775, 1867, 1908, 0.49457, 0.50543
3776, 1868, 1908, 0.494703, 0.505297
3777, 1868, 1909, 0.494572, 0.505428
3778, 1868, 1910, 0.494442, 0.505558
3779, 1868, 1911, 0.494311, 0.505689
3780, 1869, 1911, 0.494444, 0.505556
3781, 1869, 1912, 0.494314, 0.505686
3782, 1870, 1912, 0.494447, 0.505553
3783, 1871, 1912, 0.494581, 0.505419
3784, 1871, 1913, 0.49445, 0.50555
3785, 1871, 1914, 0.49432, 0.50568
3786, 1872, 1914, 0.494453, 0.505547
3787, 1872, 1915, 0.494323, 0.505677
3788, 1872, 1916, 0.494192, 0.505808
3789, 1873, 1916, 0.494326, 0.505674
3790, 1874, 1916, 0.494459, 0.505541
3791, 1874, 1917, 0.494329, 0.505671
3792, 1875, 1917, 0.494462, 0.505538
3793, 1875, 1918, 0.494332, 0.505668
3794, 1875, 1919, 0.494201, 0.505799
3795, 1876, 1919, 0.494335, 0.505665
3796, 1877, 1919, 0.494468, 0.505532
3797, 1877, 1920, 0.494338, 0.505662
3798, 1877, 1921, 0.494207, 0.505793
3799, 1878, 1921, 0.494341, 0.505659
3800, 1878, 1922, 0.494211, 0.505789
3801, 1878, 1923, 0.494081, 0.505919
3802, 1879, 1923, 0.494214, 0.505786
3803, 1879, 1924, 0.494084, 0.505916
3804, 1879, 1925, 0.493954, 0.506046
3805, 1879, 1926, 0.493824, 0.506176
3806, 1879, 1927, 0.493694, 0.506306
3807, 1879, 1928, 0.493564, 0.506436
3808, 1880, 1928, 0.493697, 0.506303
3809, 1881, 1928, 0.49383, 0.50617
3810, 1882, 1928, 0.493963, 0.506037
3811, 1883, 1928, 0.494096, 0.505904
3812, 1884, 1928, 0.494229, 0.505771
3813, 1885, 1928, 0.494361, 0.505639
3814, 1885, 1929, 0.494232, 0.505768
3815, 1886, 1929, 0.494364, 0.505636
3816, 1886, 1930, 0.494235, 0.505765
3817, 1887, 1930, 0.494367, 0.505633
3818, 1887, 1931, 0.494238, 0.505762
3819, 1888, 1931, 0.49437, 0.50563
3820, 1889, 1931, 0.494503, 0.505497
3821, 1890, 1931, 0.494635, 0.505365
3822, 1890, 1932, 0.494505, 0.505495
3823, 1891, 1932, 0.494638, 0.505362
3824, 1891, 1933, 0.494508, 0.505492
3825, 1892, 1933, 0.494641, 0.505359
3826, 1893, 1933, 0.494773, 0.505227
3827, 1893, 1934, 0.494643, 0.505357
3828, 1894, 1934, 0.494775, 0.505225
3829, 1894, 1935, 0.494646, 0.505354
3830, 1894, 1936, 0.494517, 0.505483
3831, 1894, 1937, 0.494388, 0.505612
3832, 1894, 1938, 0.494259, 0.505741
3833, 1894, 1939, 0.49413, 0.50587
3834, 1894, 1940, 0.494001, 0.505999
3835, 1894, 1941, 0.493872, 0.506128
3836, 1894, 1942, 0.493743, 0.506257
3837, 1894, 1943, 0.493615, 0.506385
3838, 1894, 1944, 0.493486, 0.506514
3839, 1894, 1945, 0.493358, 0.506642
3840, 1895, 1945, 0.49349, 0.50651
3841, 1895, 1946, 0.493361, 0.506639
3842, 1896, 1946, 0.493493, 0.506507
3843, 1897, 1946, 0.493625, 0.506375
3844, 1898, 1946, 0.493757, 0.506243
3845, 1898, 1947, 0.493628, 0.506372
3846, 1898, 1948, 0.4935, 0.5065
3847, 1899, 1948, 0.493631, 0.506369
3848, 1899, 1949, 0.493503, 0.506497
3849, 1900, 1949, 0.493635, 0.506365
3850, 1900, 1950, 0.493506, 0.506494
3851, 1900, 1951, 0.493378, 0.506622
3852, 1901, 1951, 0.49351, 0.50649
3853, 1902, 1951, 0.493641, 0.506359
3854, 1902, 1952, 0.493513, 0.506487
3855, 1902, 1953, 0.493385, 0.506615
3856, 1903, 1953, 0.493517, 0.506483
3857, 1903, 1954, 0.493389, 0.506611
3858, 1903, 1955, 0.493261, 0.506739
3859, 1903, 1956, 0.493133, 0.506867
3860, 1904, 1956, 0.493264, 0.506736
3861, 1904, 1957, 0.493136, 0.506864
3862, 1905, 1957, 0.493268, 0.506732
3863, 1905, 1958, 0.49314, 0.50686
3864, 1906, 1958, 0.493271, 0.506729
3865, 1906, 1959, 0.493144, 0.506856
3866, 1906, 1960, 0.493016, 0.506984
3867, 1907, 1960, 0.493147, 0.506853
3868, 1907, 1961, 0.49302, 0.50698
3869, 1908, 1961, 0.493151, 0.506849
3870, 1908, 1962, 0.493023, 0.506977
3871, 1909, 1962, 0.493154, 0.506846
3872, 1910, 1962, 0.493285, 0.506715
3873, 1911, 1962, 0.493416, 0.506584
3874, 1911, 1963, 0.493289, 0.506711
3875, 1911, 1964, 0.493161, 0.506839
3876, 1912, 1964, 0.493292, 0.506708
3877, 1913, 1964, 0.493423, 0.506577
3878, 1914, 1964, 0.493553, 0.506447
3879, 1915, 1964, 0.493684, 0.506316
3880, 1916, 1964, 0.493814, 0.506186
3881, 1917, 1964, 0.493945, 0.506055
3882, 1918, 1964, 0.494075, 0.505925
3883, 1919, 1964, 0.494206, 0.505794
3884, 1919, 1965, 0.494078, 0.505922
3885, 1920, 1965, 0.494208, 0.505792
3886, 1920, 1966, 0.494081, 0.505919
3887, 1921, 1966, 0.494211, 0.505789
3888, 1922, 1966, 0.494342, 0.505658
3889, 1922, 1967, 0.494214, 0.505786
3890, 1922, 1968, 0.494087, 0.505913
3891, 1923, 1968, 0.494217, 0.505783
3892, 1924, 1968, 0.494347, 0.505653
3893, 1924, 1969, 0.49422, 0.50578
3894, 1924, 1970, 0.494093, 0.505907
3895, 1925, 1970, 0.494223, 0.505777
3896, 1925, 1971, 0.494097, 0.505903
3897, 1925, 1972, 0.49397, 0.50603
3898, 1926, 1972, 0.4941, 0.5059
3899, 1927, 1972, 0.494229, 0.505771
3900, 1928, 1972, 0.494359, 0.505641
3901, 1928, 1973, 0.494232, 0.505768
3902, 1928, 1974, 0.494106, 0.505894
3903, 1928, 1975, 0.493979, 0.506021
3904, 1929, 1975, 0.494109, 0.505891
3905, 1930, 1975, 0.494238, 0.505762
3906, 1931, 1975, 0.494368, 0.505632
3907, 1932, 1975, 0.494497, 0.505503
3908, 1932, 1976, 0.494371, 0.505629
3909, 1933, 1976, 0.4945, 0.5055
3910, 1934, 1976, 0.494629, 0.505371
3911, 1934, 1977, 0.494503, 0.505497
3912, 1934, 1978, 0.494376, 0.505624
3913, 1934, 1979, 0.49425, 0.50575
3914, 1934, 1980, 0.494124, 0.505876
3915, 1935, 1980, 0.494253, 0.505747
3916, 1935, 1981, 0.494127, 0.505873
3917, 1935, 1982, 0.494001, 0.505999
3918, 1936, 1982, 0.49413, 0.50587
3919, 1937, 1982, 0.494259, 0.505741
3920, 1937, 1983, 0.494133, 0.505867
3921, 1938, 1983, 0.494262, 0.505738
3922, 1938, 1984, 0.494136, 0.505864
3923, 1938, 1985, 0.49401, 0.50599
3924, 1938, 1986, 0.493884, 0.506116
3925, 1939, 1986, 0.494013, 0.505987
3926, 1940, 1986, 0.494142, 0.505858
3927, 1940, 1987, 0.494016, 0.505984
3928, 1940, 1988, 0.49389, 0.50611
3929, 1940, 1989, 0.493764, 0.506236
3930, 1940, 1990, 0.493639, 0.506361
3931, 1941, 1990, 0.493767, 0.506233
3932, 1941, 1991, 0.493642, 0.506358
3933, 1942, 1991, 0.493771, 0.506229
3934, 1942, 1992, 0.493645, 0.506355
3935, 1942, 1993, 0.49352, 0.50648
3936, 1943, 1993, 0.493648, 0.506352
3937, 1944, 1993, 0.493777, 0.506223
3938, 1945, 1993, 0.493906, 0.506094
3939, 1946, 1993, 0.494034, 0.505966
3940, 1946, 1994, 0.493909, 0.506091
3941, 1946, 1995, 0.493783, 0.506217
3942, 1946, 1996, 0.493658, 0.506342
3943, 1946, 1997, 0.493533, 0.506467
3944, 1947, 1997, 0.493661, 0.506339
3945, 1947, 1998, 0.493536, 0.506464
3946, 1947, 1999, 0.493411, 0.506589
3947, 1947, 2000, 0.493286, 0.506714
3948, 1948, 2000, 0.493414, 0.506586
3949, 1949, 2000, 0.493543, 0.506457
3950, 1950, 2000, 0.493671, 0.506329
3951, 1950, 2001, 0.493546, 0.506454
3952, 1951, 2001, 0.493674, 0.506326
3953, 1951, 2002, 0.493549, 0.506451
3954, 1952, 2002, 0.493677, 0.506323
3955, 1952, 2003, 0.493552, 0.506448
3956, 1953, 2003, 0.49368, 0.50632
3957, 1953, 2004, 0.493556, 0.506444
3958, 1954, 2004, 0.493684, 0.506316
3959, 1954, 2005, 0.493559, 0.506441
3960, 1954, 2006, 0.493434, 0.506566
3961, 1954, 2007, 0.49331, 0.50669
3962, 1954, 2008, 0.493185, 0.506815
3963, 1954, 2009, 0.493061, 0.506939
3964, 1954, 2010, 0.492936, 0.507064
3965, 1955, 2010, 0.493064, 0.506936
3966, 1956, 2010, 0.493192, 0.506808
3967, 1957, 2010, 0.49332, 0.50668
3968, 1957, 2011, 0.493196, 0.506804
3969, 1957, 2012, 0.493071, 0.506929
3970, 1958, 2012, 0.493199, 0.506801
3971, 1958, 2013, 0.493075, 0.506925
3972, 1958, 2014, 0.492951, 0.507049
3973, 1958, 2015, 0.492827, 0.507173
3974, 1958, 2016, 0.492703, 0.507297
3975, 1958, 2017, 0.492579, 0.507421
3976, 1958, 2018, 0.492455, 0.507545
3977, 1959, 2018, 0.492582, 0.507418
3978, 1960, 2018, 0.49271, 0.50729
3979, 1960, 2019, 0.492586, 0.507414
3980, 1961, 2019, 0.492714, 0.507286
3981, 1961, 2020, 0.49259, 0.50741
3982, 1961, 2021, 0.492466, 0.507534
3983, 1961, 2022, 0.492342, 0.507658
3984, 1961, 2023, 0.492219, 0.507781
3985, 1962, 2023, 0.492346, 0.507654
3986, 1962, 2024, 0.492223, 0.507777
3987, 1962, 2025, 0.492099, 0.507901
3988, 1962, 2026, 0.491976, 0.508024
3989, 1962, 2027, 0.491853, 0.508147
3990, 1963, 2027, 0.49198, 0.50802
3991, 1963, 2028, 0.491857, 0.508143
3992, 1964, 2028, 0.491984, 0.508016
3993, 1964, 2029, 0.491861, 0.508139
3994, 1965, 2029, 0.491988, 0.508012
3995, 1966, 2029, 0.492115, 0.507885
3996, 1967, 2029, 0.492242, 0.507758
3997, 1967, 2030, 0.492119, 0.507881
3998, 1968, 2030, 0.492246, 0.507754
3999, 1969, 2030, 0.492373, 0.507627
4000, 1970, 2030, 0.4925, 0.5075
4001, 1971, 2030, 0.492627, 0.507373
4002, 1972, 2030, 0.492754, 0.507246
4003, 1973, 2030, 0.49288, 0.50712
4004, 1973, 2031, 0.492757, 0.507243
4005, 1974, 2031, 0.492884, 0.507116
4006, 1975, 2031, 0.49301, 0.50699
4007, 1975, 2032, 0.492887, 0.507113
4008, 1976, 2032, 0.493014, 0.506986
4009, 1976, 2033, 0.492891, 0.507109
4010, 1977, 2033, 0.493017, 0.506983
4011, 1977, 2034, 0.492895, 0.507105
4012, 1977, 2035, 0.492772, 0.507228
4013, 1977, 2036, 0.492649, 0.507351
4014, 1978, 2036, 0.492775, 0.507225
4015, 1979, 2036, 0.492902, 0.507098
4016, 1980, 2036, 0.493028, 0.506972
4017, 1980, 2037, 0.492905, 0.507095
4018, 1980, 2038, 0.492782, 0.507218
4019, 1981, 2038, 0.492909, 0.507091
4020, 1981, 2039, 0.492786, 0.507214
4021, 1981, 2040, 0.492664, 0.507336
4022, 1982, 2040, 0.49279, 0.50721
4023, 1983, 2040, 0.492916, 0.507084
4024, 1983, 2041, 0.492793, 0.507207
4025, 1983, 2042, 0.492671, 0.507329
4026, 1983, 2043, 0.492548, 0.507452
4027, 1984, 2043, 0.492674, 0.507326
4028, 1985, 2043, 0.4928, 0.5072
4029, 1985, 2044, 0.492678, 0.507322
4030, 1985, 2045, 0.492556, 0.507444
4031, 1986, 2045, 0.492682, 0.507318
4032, 1987, 2045, 0.492808, 0.507192
4033, 1987, 2046, 0.492685, 0.507315
4034, 1988, 2046, 0.492811, 0.507189
4035, 1988, 2047, 0.492689, 0.507311
4036, 1988, 2048, 0.492567, 0.507433
4037, 1989, 2048, 0.492693, 0.507307
4038, 1990, 2048, 0.492818, 0.507182
4039, 1991, 2048, 0.492944, 0.507056
4040, 1991, 2049, 0.492822, 0.507178
4041, 1992, 2049, 0.492947, 0.507053
4042, 1992, 2050, 0.492825, 0.507175
4043, 1992, 2051, 0.492703, 0.507297
4044, 1993, 2051, 0.492829, 0.507171
4045, 1994, 2051, 0.492954, 0.507046
4046, 1994, 2052, 0.492832, 0.507168
4047, 1994, 2053, 0.492711, 0.507289
4048, 1994, 2054, 0.492589, 0.507411
4049, 1994, 2055, 0.492467, 0.507533
4050, 1994, 2056, 0.492346, 0.507654
4051, 1995, 2056, 0.492471, 0.507529
4052, 1996, 2056, 0.492596, 0.507404
4053, 1997, 2056, 0.492721, 0.507279
4054, 1997, 2057, 0.4926, 0.5074
4055, 1998, 2057, 0.492725, 0.507275
4056, 1999, 2057, 0.49285, 0.50715
4057, 2000, 2057, 0.492975, 0.507025
4058, 2000, 2058, 0.492854, 0.507146
4059, 2000, 2059, 0.492732, 0.507268
4060, 2001, 2059, 0.492857, 0.507143
4061, 2002, 2059, 0.492982, 0.507018
4062, 2002, 2060, 0.492861, 0.507139
4063, 2002, 2061, 0.492739, 0.507261
4064, 2003, 2061, 0.492864, 0.507136
4065, 2003, 2062, 0.492743, 0.507257
4066, 2004, 2062, 0.492868, 0.507132
4067, 2005, 2062, 0.492992, 0.507008
4068, 2005, 2063, 0.492871, 0.507129
4069, 2005, 2064, 0.49275, 0.50725
4070, 2006, 2064, 0.492875, 0.507125
4071, 2007, 2064, 0.492999, 0.507001
4072, 2007, 2065, 0.492878, 0.507122
4073, 2007, 2066, 0.492757, 0.507243
4074, 2008, 2066, 0.492882, 0.507118
4075, 2008, 2067, 0.492761, 0.507239
4076, 2009, 2067, 0.492885, 0.507115
4077, 2009, 2068, 0.492764, 0.507236
4078, 2009, 2069, 0.492643, 0.507357
4079, 2009, 2070, 0.492523, 0.507477
4080, 2010, 2070, 0.492647, 0.507353
4081, 2011, 2070, 0.492771, 0.507229
4082, 2011, 2071, 0.492651, 0.507349
4083, 2011, 2072, 0.49253, 0.50747
4084, 2012, 2072, 0.492654, 0.507346
4085, 2012, 2073, 0.492534, 0.507466
4086, 2012, 2074, 0.492413, 0.507587
4087, 2013, 2074, 0.492537, 0.507463
4088, 2014, 2074, 0.492661, 0.507339
4089, 2015, 2074, 0.492786, 0.507214
4090, 2015, 2075, 0.492665, 0.507335
4091, 2015, 2076, 0.492545, 0.507455
4092, 2015, 2077, 0.492424, 0.507576
4093, 2016, 2077, 0.492548, 0.507452
4094, 2016, 2078, 0.492428, 0.507572
4095, 2017, 2078, 0.492552, 0.507448
4096, 2018, 2078, 0.492676, 0.507324
4097, 2018, 2079, 0.492556, 0.507444
4098, 2018, 2080, 0.492435, 0.507565
4099, 2019, 2080, 0.492559, 0.507441
4100, 2019, 2081, 0.492439, 0.507561
4101, 2020, 2081, 0.492563, 0.507437
4102, 2021, 2081, 0.492686, 0.507314
4103, 2021, 2082, 0.492566, 0.507434
4104, 2021, 2083, 0.492446, 0.507554
4105, 2021, 2084, 0.492326, 0.507674
4106, 2021, 2085, 0.492207, 0.507793
4107, 2021, 2086, 0.492087, 0.507913
4108, 2021, 2087, 0.491967, 0.508033
4109, 2021, 2088, 0.491847, 0.508153
4110, 2022, 2088, 0.491971, 0.508029
4111, 2022, 2089, 0.491851, 0.508149
4112, 2023, 2089, 0.491975, 0.508025
4113, 2024, 2089, 0.492098, 0.507902
4114, 2024, 2090, 0.491979, 0.508021
4115, 2024, 2091, 0.491859, 0.508141
4116, 2025, 2091, 0.491983, 0.508017
4117, 2025, 2092, 0.491863, 0.508137
4118, 2025, 2093, 0.491744, 0.508256
4119, 2025, 2094, 0.491624, 0.508376
4120, 2026, 2094, 0.491748, 0.508252
4121, 2027, 2094, 0.491871, 0.508129
4122, 2028, 2094, 0.491994, 0.508006
4123, 2029, 2094, 0.492117, 0.507883
4124, 2029, 2095, 0.491998, 0.508002
4125, 2029, 2096, 0.491879, 0.508121
4126, 2030, 2096, 0.492002, 0.507998
4127, 2031, 2096, 0.492125, 0.507875
4128, 2031, 2097, 0.492006, 0.507994
4129, 2031, 2098, 0.491887, 0.508113
4130, 2032, 2098, 0.49201, 0.50799
4131, 2033, 2098, 0.492133, 0.507867
4132, 2033, 2099, 0.492014, 0.507986
4133, 2034, 2099, 0.492136, 0.507864
4134, 2034, 2100, 0.492017, 0.507983
4135, 2035, 2100, 0.49214, 0.50786
4136, 2036, 2100, 0.492263, 0.507737
4137, 2036, 2101, 0.492144, 0.507856
4138, 2036, 2102, 0.492025, 0.507975
4139, 2037, 2102, 0.492148, 0.507852
4140, 2038, 2102, 0.492271, 0.507729
4141, 2039, 2102, 0.492393, 0.507607
4142, 2040, 2102, 0.492516, 0.507484
4143, 2041, 2102, 0.492638, 0.507362
4144, 2042, 2102, 0.492761, 0.507239
4145, 2042, 2103, 0.492642, 0.507358
4146, 2042, 2104, 0.492523, 0.507477
4147, 2043, 2104, 0.492645, 0.507355
4148, 2044, 2104, 0.492768, 0.507232
4149, 2044, 2105, 0.492649, 0.507351
4150, 2044, 2106, 0.49253, 0.50747
4151, 2045, 2106, 0.492652, 0.507348
4152, 2045, 2107, 0.492534, 0.507466
4153, 2045, 2108, 0.492415, 0.507585
4154, 2046, 2108, 0.492537, 0.507463
4155, 2047, 2108, 0.492659, 0.507341
4156, 2047, 2109, 0.492541, 0.507459
4157, 2047, 2110, 0.492422, 0.507578
4158, 2048, 2110, 0.492544, 0.507456
4159, 2049, 2110, 0.492667, 0.507333
4160, 2049, 2111, 0.492548, 0.507452
4161, 2050, 2111, 0.49267, 0.50733
4162, 2050, 2112, 0.492552, 0.507448
4163, 2051, 2112, 0.492674, 0.507326
4164, 2051, 2113, 0.492555, 0.507445
4165, 2051, 2114, 0.492437, 0.507563
4166, 2052, 2114, 0.492559, 0.507441
4167, 2052, 2115, 0.492441, 0.507559
4168, 2053, 2115, 0.492562, 0.507438
4169, 2053, 2116, 0.492444, 0.507556
4170, 2053, 2117, 0.492326, 0.507674
4171, 2054, 2117, 0.492448, 0.507552
4172, 2055, 2117, 0.49257, 0.50743
4173, 2055, 2118, 0.492451, 0.507549
4174, 2056, 2118, 0.492573, 0.507427
4175, 2056, 2119, 0.492455, 0.507545
4176, 2056, 2120, 0.492337, 0.507663
4177, 2056, 2121, 0.492219, 0.507781
4178, 2056, 2122, 0.492101, 0.507899
4179, 2056, 2123, 0.491984, 0.508016
4180, 2056, 2124, 0.491866, 0.508134
4181, 2057, 2124, 0.491988, 0.508012
4182, 2058, 2124, 0.492109, 0.507891
4183, 2059, 2124, 0.49223, 0.50777
4184, 2060, 2124, 0.492352, 0.507648
4185, 2060, 2125, 0.492234, 0.507766
4186, 2061, 2125, 0.492355, 0.507645
4187, 2062, 2125, 0.492477, 0.507523
4188, 2063, 2125, 0.492598, 0.507402
4189, 2063, 2126, 0.49248, 0.50752
4190, 2064, 2126, 0.492601, 0.507399
4191, 2065, 2126, 0.492723, 0.507277
4192, 2066, 2126, 0.492844, 0.507156
4193, 2066, 2127, 0.492726, 0.507274
4194, 2066, 2128, 0.492608, 0.507392
4195, 2066, 2129, 0.492491, 0.507509
4196, 2066, 2130, 0.492374, 0.507626
4197, 2067, 2130, 0.492495, 0.507505
4198, 2067, 2131, 0.492377, 0.507623
4199, 2068, 2131, 0.492498, 0.507502
4200, 2068, 2132, 0.492381, 0.507619
4201, 2069, 2132, 0.492502, 0.507498
4202, 2070, 2132, 0.492623, 0.507377
4203, 2070, 2133, 0.492505, 0.507495
4204, 2071, 2133, 0.492626, 0.507374
4205, 2072, 2133, 0.492747, 0.507253
4206, 2073, 2133, 0.492867, 0.507133
4207, 2073, 2134, 0.49275, 0.50725
4208, 2073, 2135, 0.492633, 0.507367
4209, 2074, 2135, 0.492754, 0.507246
4210, 2074, 2136, 0.492637, 0.507363
4211, 2075, 2136, 0.492757, 0.507243
4212, 2075, 2137, 0.49264, 0.50736
4213, 2076, 2137, 0.492761, 0.507239
4214, 2076, 2138, 0.492644, 0.507356
4215, 2077, 2138, 0.492764, 0.507236
4216, 2078, 2138, 0.492884, 0.507116
4217, 2078, 2139, 0.492767, 0.507233
4218, 2079, 2139, 0.492888, 0.507112
4219, 2080, 2139, 0.493008, 0.506992
4220, 2080, 2140, 0.492891, 0.507109
4221, 2080, 2141, 0.492774, 0.507226
4222, 2080, 2142, 0.492658, 0.507342
4223, 2081, 2142, 0.492778, 0.507222
4224, 2081, 2143, 0.492661, 0.507339
4225, 2082, 2143, 0.492781, 0.507219
4226, 2083, 2143, 0.492901, 0.507099
4227, 2083, 2144, 0.492784, 0.507216
4228, 2084, 2144, 0.492904, 0.507096
4229, 2085, 2144, 0.493024, 0.506976
4230, 2086, 2144, 0.493144, 0.506856
4231, 2087, 2144, 0.493264, 0.506736
4232, 2088, 2144, 0.493384, 0.506616
4233, 2089, 2144, 0.493503, 0.506497
4234, 2090, 2144, 0.493623, 0.506377
4235, 2091, 2144, 0.493743, 0.506257
4236, 2091, 2145, 0.493626, 0.506374
4237, 2092, 2145, 0.493746, 0.506254
4238, 2092, 2146, 0.493629, 0.506371
4239, 2092, 2147, 0.493513, 0.506487
4240, 2092, 2148, 0.493396, 0.506604
4241, 2093, 2148, 0.493516, 0.506484
4242, 2094, 2148, 0.493635, 0.506365
4243, 2094, 2149, 0.493519, 0.506481
4244, 2094, 2150, 0.493402, 0.506598
4245, 2095, 2150, 0.493522, 0.506478
4246, 2095, 2151, 0.493406, 0.506594
4247, 2096, 2151, 0.493525, 0.506475
4248, 2097, 2151, 0.493644, 0.506356
4249, 2097, 2152, 0.493528, 0.506472
4250, 2097, 2153, 0.493412, 0.506588
4251, 2097, 2154, 0.493296, 0.506704
4252, 2098, 2154, 0.493415, 0.506585
4253, 2098, 2155, 0.493299, 0.506701
4254, 2099, 2155, 0.493418, 0.506582
4255, 2099, 2156, 0.493302, 0.506698
4256, 2100, 2156, 0.493421, 0.506579
4257, 2100, 2157, 0.493305, 0.506695
4258, 2100, 2158, 0.493189, 0.506811
4259, 2101, 2158, 0.493308, 0.506692
4260, 2101, 2159, 0.493192, 0.506808
4261, 2102, 2159, 0.493311, 0.506689
4262, 2103, 2159, 0.49343, 0.50657
4263, 2103, 2160, 0.493315, 0.506685
4264, 2103, 2161, 0.493199, 0.506801
4265, 2103, 2162, 0.493083, 0.506917
4266, 2103, 2163, 0.492968, 0.507032
4267, 2103, 2164, 0.492852, 0.507148
4268, 2103, 2165, 0.492737, 0.507263
4269, 2104, 2165, 0.492855, 0.507145
4270, 2105, 2165, 0.492974, 0.507026
4271, 2106, 2165, 0.493093, 0.506907
4272, 2107, 2165, 0.493212, 0.506788
4273, 2107, 2166, 0.493096, 0.506904
4274, 2108, 2166, 0.493215, 0.506785
4275, 2109, 2166, 0.493333, 0.506667
4276, 2110, 2166, 0.493452, 0.506548
4277, 2110, 2167, 0.493336, 0.506664
4278, 2111, 2167, 0.493455, 0.506545
4279, 2111, 2168, 0.49334, 0.50666
4280, 2112, 2168, 0.493458, 0.506542
4281, 2113, 2168, 0.493576, 0.506424
4282, 2114, 2168, 0.493695, 0.506305
4283, 2115, 2168, 0.493813, 0.506187
4284, 2115, 2169, 0.493697, 0.506303
4285, 2116, 2169, 0.493816, 0.506184
4286, 2116, 2170, 0.4937, 0.5063
4287, 2117, 2170, 0.493819, 0.506181
4288, 2117, 2171, 0.493703, 0.506297
4289, 2118, 2171, 0.493821, 0.506179
4290, 2118, 2172, 0.493706, 0.506294
4291, 2119, 2172, 0.493824, 0.506176
4292, 2120, 2172, 0.493942, 0.506058
4293, 2120, 2173, 0.493827, 0.506173
4294, 2121, 2173, 0.493945, 0.506055
4295, 2121, 2174, 0.49383, 0.50617
4296, 2121, 2175, 0.493715, 0.506285
4297, 2122, 2175, 0.493833, 0.506167
4298, 2122, 2176, 0.493718, 0.506282
4299, 2122, 2177, 0.493603, 0.506397
4300, 2123, 2177, 0.493721, 0.506279
4301, 2124, 2177, 0.493839, 0.506161
4302, 2125, 2177, 0.493956, 0.506044
4303, 2126, 2177, 0.494074, 0.505926
4304, 2127, 2177, 0.494191, 0.505809
4305, 2127, 2178, 0.494077, 0.505923
4306, 2128, 2178, 0.494194, 0.505806
4307, 2129, 2178, 0.494312, 0.505688
4308, 2130, 2178, 0.494429, 0.505571
4309, 2130, 2179, 0.494314, 0.505686
4310, 2131, 2179, 0.494432, 0.505568
4311, 2131, 2180, 0.494317, 0.505683
4312, 2132, 2180, 0.494434, 0.505566
4313, 2132, 2181, 0.494319, 0.505681
4314, 2132, 2182, 0.494205, 0.505795
4315, 2132, 2183, 0.49409, 0.50591
4316, 2132, 2184, 0.493976, 0.506024
4317, 2133, 2184, 0.494093, 0.505907
4318, 2134, 2184, 0.49421, 0.50579
4319, 2134, 2185, 0.494096, 0.505904
4320, 2134, 2186, 0.493981, 0.506019
4321, 2135, 2186, 0.494099, 0.505901
4322, 2136, 2186, 0.494216, 0.505784
4323, 2137, 2186, 0.494333, 0.505667
4324, 2138, 2186, 0.49445, 0.50555
4325, 2139, 2186, 0.494566, 0.505434
4326, 2139, 2187, 0.494452, 0.505548
4327, 2140, 2187, 0.494569, 0.505431
4328, 2141, 2187, 0.494686, 0.505314
4329, 2142, 2187, 0.494802, 0.505198
4330, 2142, 2188, 0.494688, 0.505312
4331, 2143, 2188, 0.494805, 0.505195
4332, 2144, 2188, 0.494922, 0.505078
4333, 2144, 2189, 0.494807, 0.505193
4334, 2144, 2190, 0.494693, 0.505307
4335, 2145, 2190, 0.49481, 0.50519
4336, 2146, 2190, 0.494926, 0.505074
4337, 2146, 2191, 0.494812, 0.505188
4338, 2146, 2192, 0.494698, 0.505302
4339, 2147, 2192, 0.494814, 0.505186
4340, 2148, 2192, 0.494931, 0.505069
4341, 2148, 2193, 0.494817, 0.505183
4342, 2148, 2194, 0.494703, 0.505297
4343, 2148, 2195, 0.494589, 0.505411
4344, 2148, 2196, 0.494475, 0.505525
4345, 2149, 2196, 0.494591, 0.505409
4346, 2149, 2197, 0.494478, 0.505522
4347, 2150, 2197, 0.494594, 0.505406
4348, 2151, 2197, 0.49471, 0.50529
4349, 2152, 2197, 0.494826, 0.505174
4350, 2153, 2197, 0.494943, 0.505057
4351, 2154, 2197, 0.495059, 0.504941
4352, 2155, 2197, 0.495175, 0.504825
4353, 2155, 2198, 0.495061, 0.504939
4354, 2155, 2199, 0.494947, 0.505053
4355, 2156, 2199, 0.495063, 0.504937
4356, 2156, 2200, 0.494949, 0.505051
4357, 2156, 2201, 0.494836, 0.505164
4358, 2156, 2202, 0.494722, 0.505278
4359, 2157, 2202, 0.494838, 0.505162
4360, 2158, 2202, 0.494954, 0.505046
4361, 2159, 2202, 0.49507, 0.50493
4362, 2160, 2202, 0.495186, 0.504814
4363, 2160, 2203, 0.495072, 0.504928
4364, 2160, 2204, 0.494959, 0.505041
4365, 2161, 2204, 0.495074, 0.504926
4366, 2161, 2205, 0.494961, 0.505039
4367, 2161, 2206, 0.494848, 0.505152
4368, 2162, 2206, 0.494963, 0.505037
4369, 2163, 2206, 0.495079, 0.504921
4370, 2163, 2207, 0.494966, 0.505034
4371, 2163, 2208, 0.494852, 0.505148
4372, 2163, 2209, 0.494739, 0.505261
4373, 2164, 2209, 0.494855, 0.505145
4374, 2165, 2209, 0.49497, 0.50503
4375, 2166, 2209, 0.495086, 0.504914
4376, 2166, 2210, 0.494973, 0.505027
4377, 2166, 2211, 0.494859, 0.505141
4378, 2166, 2212, 0.494746, 0.505254
4379, 2167, 2212, 0.494862, 0.505138
4380, 2167, 2213, 0.494749, 0.505251
4381, 2167, 2214, 0.494636, 0.505364
4382, 2167, 2215, 0.494523, 0.505477
4383, 2167, 2216, 0.49441, 0.50559
4384, 2168, 2216, 0.494526, 0.505474
4385, 2168, 2217, 0.494413, 0.505587
4386, 2168, 2218, 0.4943, 0.5057
4387, 2169, 2218, 0.494415, 0.505585
4388, 2169, 2219, 0.494303, 0.505697
4389, 2170, 2219, 0.494418, 0.505582
4390, 2171, 2219, 0.494533, 0.505467
4391, 2171, 2220, 0.49442, 0.50558
4392, 2171, 2221, 0.494308, 0.505692
4393, 2172, 2221, 0.494423, 0.505577
4394, 2173, 2221, 0.494538, 0.505462
4395, 2174, 2221, 0.494653, 0.505347
4396, 2175, 2221, 0.494768, 0.505232
4397, 2175, 2222, 0.494655, 0.505345
4398, 2176, 2222, 0.49477, 0.50523
4399, 2177, 2222, 0.494885, 0.505115
4400, 2178, 2222, 0.495, 0.505
4401, 2179, 2222, 0.495115, 0.504885
4402, 2180, 2222, 0.495229, 0.504771
4403, 2180, 2223, 0.495117, 0.504883
4404, 2181, 2223, 0.495232, 0.504768
4405, 2182, 2223, 0.495346, 0.504654
4406, 2183, 2223, 0.495461, 0.504539
4407, 2184, 2223, 0.495575, 0.504425
4408, 2184, 2224, 0.495463, 0.504537
4409, 2184, 2225, 0.49535, 0.50465
4410, 2185, 2225, 0.495465, 0.504535
4411, 2185, 2226, 0.495353, 0.504647
4412, 2186, 2226, 0.495467, 0.504533
4413, 2186, 2227, 0.495355, 0.504645
4414, 2186, 2228, 0.495242, 0.504758
4415, 2186, 2229, 0.49513, 0.50487
4416, 2186, 2230, 0.495018, 0.504982
4417, 2186, 2231, 0.494906, 0.505094
4418, 2186, 2232, 0.494794, 0.505206
4419, 2187, 2232, 0.494908, 0.505092
4420, 2187, 2233, 0.494796, 0.505204
4421, 2187, 2234, 0.494684, 0.505316
4422, 2188, 2234, 0.494799, 0.505201
4423, 2189, 2234, 0.494913, 0.505087
4424, 2190, 2234, 0.495027, 0.504973
4425, 2190, 2235, 0.494915, 0.505085
4426, 2191, 2235, 0.495029, 0.504971
4427, 2191, 2236, 0.494918, 0.505082
4428, 2191, 2237, 0.494806, 0.505194
4429, 2191, 2238, 0.494694, 0.505306
4430, 2191, 2239, 0.494582, 0.505418
4431, 2191, 2240, 0.494471, 0.505529
4432, 2192, 2240, 0.494585, 0.505415
4433, 2193, 2240, 0.494699, 0.505301
4434, 2193, 2241, 0.494587, 0.505413
4435, 2193, 2242, 0.494476, 0.505524
4436, 2194, 2242, 0.49459, 0.50541
4437, 2195, 2242, 0.494704, 0.505296
4438, 2196, 2242, 0.494817, 0.505183
4439, 2197, 2242, 0.494931, 0.505069
4440, 2198, 2242, 0.495045, 0.504955
4441, 2198, 2243, 0.494934, 0.505066
4442, 2199, 2243, 0.495047, 0.504953
4443, 2199, 2244, 0.494936, 0.505064
4444, 2199, 2245, 0.494824, 0.505176
4445, 2199, 2246, 0.494713, 0.505287
4446, 2199, 2247, 0.494602, 0.505398
4447, 2200, 2247, 0.494716, 0.505284
4448, 2201, 2247, 0.494829, 0.505171
4449, 2201, 2248, 0.494718, 0.505282
4450, 2202, 2248, 0.494831, 0.505169
4451, 2203, 2248, 0.494945, 0.505055
4452, 2204, 2248, 0.495058, 0.504942
4453, 2204, 2249, 0.494947, 0.505053
4454, 2205, 2249, 0.495061, 0.504939
4455, 2205, 2250, 0.494949, 0.505051
4456, 2205, 2251, 0.494838, 0.505162
4457, 2206, 2251, 0.494952, 0.505048
4458, 2207, 2251, 0.495065, 0.504935
4459, 2208, 2251, 0.495178, 0.504822
4460, 2209, 2251, 0.495291, 0.504709
4461, 2209, 2252, 0.49518, 0.50482
4462, 2209, 2253, 0.495069, 0.504931
4463, 2210, 2253, 0.495183, 0.504817
4464, 2211, 2253, 0.495296, 0.504704
4465, 2211, 2254, 0.495185, 0.504815
4466, 2212, 2254, 0.495298, 0.504702
4467, 2212, 2255, 0.495187, 0.504813
4468, 2213, 2255, 0.4953, 0.5047
4469, 2213, 2256, 0.495189, 0.504811
4470, 2214, 2256, 0.495302, 0.504698
4471, 2215, 2256, 0.495415, 0.504585
4472, 2216, 2256, 0.495528, 0.504472
4473, 2217, 2256, 0.495641, 0.504359
4474, 2218, 2256, 0.495753, 0.504247
4475, 2219, 2256, 0.495866, 0.504134
4476, 2219, 2257, 0.495755, 0.504245
4477, 2220, 2257, 0.495868, 0.504132
4478, 2221, 2257, 0.49598, 0.50402
4479, 2221, 2258, 0.49587, 0.50413
4480, 2221, 2259, 0.495759, 0.504241
4481, 2221, 2260, 0.495648, 0.504352
4482, 2221, 2261, 0.495538, 0.504462
4483, 2222, 2261, 0.49565, 0.50435
4484, 2222, 2262, 0.49554, 0.50446
4485, 2223, 2262, 0.495652, 0.504348
4486, 2223, 2263, 0.495542, 0.504458
4487, 2223, 2264, 0.495431, 0.504569
4488, 2224, 2264, 0.495544, 0.504456
4489, 2224, 2265, 0.495433, 0.504567
4490, 2225, 2265, 0.495546, 0.504454
4491, 2226, 2265, 0.495658, 0.504342
4492, 2227, 2265, 0.49577, 0.50423
4493, 2228, 2265, 0.495882, 0.504118
4494, 2229, 2265, 0.495995, 0.504005
4495, 2229, 2266, 0.495884, 0.504116
4496, 2229, 2267, 0.495774, 0.504226
4497, 2230, 2267, 0.495886, 0.504114
4498, 2230, 2268, 0.495776, 0.504224
4499, 2231, 2268, 0.495888, 0.504112
4500, 2232, 2268, 0.496, 0.504
4501, 2233, 2268, 0.496112, 0.503888
4502, 2234, 2268, 0.496224, 0.503776
4503, 2235, 2268, 0.496336, 0.503664
4504, 2235, 2269, 0.496226, 0.503774
4505, 2235, 2270, 0.496115, 0.503885
4506, 2236, 2270, 0.496227, 0.503773
4507, 2237, 2270, 0.496339, 0.503661
4508, 2237, 2271, 0.496229, 0.503771
4509, 2238, 2271, 0.496341, 0.503659
4510, 2239, 2271, 0.496452, 0.503548
4511, 2240, 2271, 0.496564, 0.503436
4512, 2241, 2271, 0.496676, 0.503324
4513, 2242, 2271, 0.496787, 0.503213
4514, 2242, 2272, 0.496677, 0.503323
4515, 2242, 2273, 0.496567, 0.503433
4516, 2243, 2273, 0.496678, 0.503322
4517, 2243, 2274, 0.496569, 0.503431
4518, 2244, 2274, 0.49668, 0.50332
4519, 2244, 2275, 0.49657, 0.50343
4520, 2244, 2276, 0.49646, 0.50354
4521, 2244, 2277, 0.49635, 0.50365
4522, 2245, 2277, 0.496462, 0.503538
4523, 2245, 2278, 0.496352, 0.503648
4524, 2246, 2278, 0.496463, 0.503537
4525, 2246, 2279, 0.496354, 0.503646
4526, 2246, 2280, 0.496244, 0.503756
4527, 2247, 2280, 0.496355, 0.503645
4528, 2247, 2281, 0.496246, 0.503754
4529, 2248, 2281, 0.496357, 0.503643
4530, 2249, 2281, 0.496468, 0.503532
4531, 2250, 2281, 0.496579, 0.503421
4532, 2251, 2281, 0.49669, 0.50331
4533, 2252, 2281, 0.496801, 0.503199
4534, 2252, 2282, 0.496692, 0.503308
4535, 2252, 2283, 0.496582, 0.503418
4536, 2252, 2284, 0.496473, 0.503527
4537, 2252, 2285, 0.496363, 0.503637
4538, 2252, 2286, 0.496254, 0.503746
4539, 2252, 2287, 0.496145, 0.503855
4540, 2253, 2287, 0.496256, 0.503744
4541, 2254, 2287, 0.496366, 0.503634
4542, 2255, 2287, 0.496477, 0.503523
4543, 2256, 2287, 0.496588, 0.503412
4544, 2257, 2287, 0.496699, 0.503301
4545, 2257, 2288, 0.49659, 0.50341
4546, 2257, 2289, 0.49648, 0.50352
4547, 2258, 2289, 0.496591, 0.503409
4548, 2258, 2290, 0.496482, 0.503518
4549, 2258, 2291, 0.496373, 0.503627
4550, 2259, 2291, 0.496484, 0.503516
4551, 2260, 2291, 0.496594, 0.503406
4552, 2261, 2291, 0.496705, 0.503295
4553, 2261, 2292, 0.496596, 0.503404
4554, 2262, 2292, 0.496706, 0.503294
4555, 2263, 2292, 0.496817, 0.503183
4556, 2263, 2293, 0.496708, 0.503292
4557, 2264, 2293, 0.496818, 0.503182
4558, 2265, 2293, 0.496928, 0.503072
4559, 2265, 2294, 0.496819, 0.503181
4560, 2266, 2294, 0.49693, 0.50307
4561, 2267, 2294, 0.49704, 0.50296
4562, 2268, 2294, 0.49715, 0.50285
4563, 2269, 2294, 0.497261, 0.502739
4564, 2269, 2295, 0.497152, 0.502848
4565, 2269, 2296, 0.497043, 0.502957
4566, 2270, 2296, 0.497153, 0.502847
4567, 2270, 2297, 0.497044, 0.502956
4568, 2270, 2298, 0.496935, 0.503065
4569, 2271, 2298, 0.497045, 0.502955
4570, 2271, 2299, 0.496937, 0.503063
4571, 2271, 2300, 0.496828, 0.503172
4572, 2271, 2301, 0.496719, 0.503281
4573, 2272, 2301, 0.496829, 0.503171
4574, 2272, 2302, 0.496721, 0.503279
4575, 2273, 2302, 0.496831, 0.503169
4576, 2273, 2303, 0.496722, 0.503278
4577, 2273, 2304, 0.496614, 0.503386
4578, 2274, 2304, 0.496723, 0.503277
4579, 2275, 2304, 0.496833, 0.503167
4580, 2276, 2304, 0.496943, 0.503057
4581, 2276, 2305, 0.496835, 0.503165
4582, 2276, 2306, 0.496726, 0.503274
4583, 2277, 2306, 0.496836, 0.503164
4584, 2277, 2307, 0.496728, 0.503272
4585, 2277, 2308, 0.496619, 0.503381
4586, 2277, 2309, 0.496511, 0.503489
4587, 2278, 2309, 0.496621, 0.503379
4588, 2279, 2309, 0.496731, 0.503269
4589, 2280, 2309, 0.49684, 0.50316
4590, 2281, 2309, 0.49695, 0.50305
4591, 2282, 2309, 0.497059, 0.502941
4592, 2283, 2309, 0.497169, 0.502831
4593, 2283, 2310, 0.497061, 0.502939
4594, 2284, 2310, 0.49717, 0.50283
4595, 2285, 2310, 0.49728, 0.50272
4596, 2286, 2310, 0.497389, 0.502611
4597, 2287, 2310, 0.497498, 0.502502
4598, 2287, 2311, 0.49739, 0.50261
4599, 2288, 2311, 0.497499, 0.502501
4600, 2289, 2311, 0.497609, 0.502391
4601, 2289, 2312, 0.497501, 0.502499
4602, 2290, 2312, 0.49761, 0.50239
4603, 2291, 2312, 0.497719, 0.502281
4604, 2291, 2313, 0.497611, 0.502389
4605, 2292, 2313, 0.49772, 0.50228
4606, 2292, 2314, 0.497612, 0.502388
4607, 2293, 2314, 0.497721, 0.502279
4608, 2293, 2315, 0.497613, 0.502387
4609, 2294, 2315, 0.497722, 0.502278
4610, 2294, 2316, 0.497614, 0.502386
4611, 2295, 2316, 0.497723, 0.502277
4612, 2296, 2316, 0.497832, 0.502168
4613, 2296, 2317, 0.497724, 0.502276
4614, 2297, 2317, 0.497833, 0.502167
4615, 2298, 2317, 0.497941, 0.502059
4616, 2298, 2318, 0.497834, 0.502166
4617, 2299, 2318, 0.497942, 0.502058
4618, 2299, 2319, 0.497835, 0.502165
4619, 2299, 2320, 0.497727, 0.502273
4620, 2299, 2321, 0.497619, 0.502381
4621, 2300, 2321, 0.497728, 0.502272
4622, 2300, 2322, 0.49762, 0.50238
4623, 2301, 2322, 0.497729, 0.502271
4624, 2302, 2322, 0.497837, 0.502163
4625, 2303, 2322, 0.497946, 0.502054
4626, 2303, 2323, 0.497838, 0.502162
4627, 2303, 2324, 0.497731, 0.502269
4628, 2303, 2325, 0.497623, 0.502377
4629, 2303, 2326, 0.497516, 0.502484
4630, 2303, 2327, 0.497408, 0.502592
4631, 2303, 2328, 0.497301, 0.502699
4632, 2304, 2328, 0.497409, 0.502591
4633, 2304, 2329, 0.497302, 0.502698
4634, 2304, 2330, 0.497195, 0.502805
4635, 2304, 2331, 0.497087, 0.502913
4636, 2304, 2332, 0.49698, 0.50302
4637, 2304, 2333, 0.496873, 0.503127
4638, 2304, 2334, 0.496766, 0.503234
4639, 2305, 2334, 0.496874, 0.503126
4640, 2306, 2334, 0.496983, 0.503017
4641, 2307, 2334, 0.497091, 0.502909
4642, 2307, 2335, 0.496984, 0.503016
4643, 2308, 2335, 0.497092, 0.502908
4644, 2308, 2336, 0.496985, 0.503015
4645, 2309, 2336, 0.497094, 0.502906
4646, 2310, 2336, 0.497202, 0.502798
4647, 2311, 2336, 0.49731, 0.50269
4648, 2312, 2336, 0.497418, 0.502582
4649, 2313, 2336, 0.497526, 0.502474
4650, 2313, 2337, 0.497419, 0.502581
4651, 2313, 2338, 0.497312, 0.502688
4652, 2314, 2338, 0.49742, 0.50258
4653, 2315, 2338, 0.497528, 0.502472
4654, 2316, 2338, 0.497636, 0.502364
4655, 2317, 2338, 0.497744, 0.502256
4656, 2317, 2339, 0.497637, 0.502363
4657, 2317, 2340, 0.497531, 0.502469
4658, 2317, 2341, 0.497424, 0.502576
4659, 2318, 2341, 0.497532, 0.502468
4660, 2319, 2341, 0.497639, 0.502361
4661, 2319, 2342, 0.497533, 0.502467
4662, 2319, 2343, 0.497426, 0.502574
4663, 2320, 2343, 0.497534, 0.502466
4664, 2320, 2344, 0.497427, 0.502573
4665, 2320, 2345, 0.49732, 0.50268
4666, 2320, 2346, 0.497214, 0.502786
4667, 2320, 2347, 0.497107, 0.502893
4668, 2321, 2347, 0.497215, 0.502785
4669, 2322, 2347, 0.497323, 0.502677
4670, 2323, 2347, 0.49743, 0.50257
4671, 2324, 2347, 0.497538, 0.502462
4672, 2325, 2347, 0.497646, 0.502354
4673, 2326, 2347, 0.497753, 0.502247
4674, 2327, 2347, 0.497861, 0.502139
4675, 2328, 2347, 0.497968, 0.502032
4676, 2329, 2347, 0.498075, 0.501925
4677, 2330, 2347, 0.498183, 0.501817
4678, 2331, 2347, 0.49829, 0.50171
4679, 2331, 2348, 0.498183, 0.501817
4680, 2332, 2348, 0.498291, 0.501709
4681, 2332, 2349, 0.498184, 0.501816
4682, 2332, 2350, 0.498078, 0.501922
4683, 2332, 2351, 0.497971, 0.502029
4684, 2332, 2352, 0.497865, 0.502135
4685, 2332, 2353, 0.497759, 0.502241
4686, 2332, 2354, 0.497653, 0.502347
4687, 2332, 2355, 0.497546, 0.502454
4688, 2332, 2356, 0.49744, 0.50256
4689, 2333, 2356, 0.497547, 0.502453
4690, 2333, 2357, 0.497441, 0.502559
4691, 2334, 2357, 0.497548, 0.502452
4692, 2334, 2358, 0.497442, 0.502558
4693, 2335, 2358, 0.49755, 0.50245
4694, 2335, 2359, 0.497444, 0.502556
4695, 2336, 2359, 0.497551, 0.502449
4696, 2336, 2360, 0.497445, 0.502555
4697, 2336, 2361, 0.497339, 0.502661
4698, 2337, 2361, 0.497446, 0.502554
4699, 2338, 2361, 0.497553, 0.502447
4700, 2339, 2361, 0.49766, 0.50234
4701, 2339, 2362, 0.497554, 0.502446
4702, 2340, 2362, 0.497661, 0.502339
4703, 2340, 2363, 0.497555, 0.502445
4704, 2341, 2363, 0.497662, 0.502338
4705, 2342, 2363, 0.497768, 0.502232
4706, 2342, 2364, 0.497663, 0.502337
4707, 2343, 2364, 0.497769, 0.502231
4708, 2343, 2365, 0.497664, 0.502336
4709, 2343, 2366, 0.497558, 0.502442
4710, 2344, 2366, 0.497665, 0.502335
4711, 2345, 2366, 0.497771, 0.502229
4712, 2345, 2367, 0.497666, 0.502334
4713, 2345, 2368, 0.49756, 0.50244
4714, 2345, 2369, 0.497454, 0.502546
4715, 2346, 2369, 0.497561, 0.502439
4716, 2347, 2369, 0.497668, 0.502332
4717, 2348, 2369, 0.497774, 0.502226
4718, 2348, 2370, 0.497669, 0.502331
4719, 2348, 2371, 0.497563, 0.502437
4720, 2348, 2372, 0.497458, 0.502542
4721, 2349, 2372, 0.497564, 0.502436
4722, 2349, 2373, 0.497459, 0.502541
4723, 2349, 2374, 0.497353, 0.502647
4724, 2350, 2374, 0.49746, 0.50254
4725, 2351, 2374, 0.497566, 0.502434
4726, 2351, 2375, 0.497461, 0.502539
4727, 2352, 2375, 0.497567, 0.502433
4728, 2353, 2375, 0.497673, 0.502327
4729, 2353, 2376, 0.497568, 0.502432
4730, 2353, 2377, 0.497463, 0.502537
4731, 2354, 2377, 0.497569, 0.502431
4732, 2355, 2377, 0.497675, 0.502325
4733, 2355, 2378, 0.49757, 0.50243
4734, 2356, 2378, 0.497676, 0.502324
4735, 2356, 2379, 0.497571, 0.502429
4736, 2356, 2380, 0.497466, 0.502534
4737, 2357, 2380, 0.497572, 0.502428
4738, 2358, 2380, 0.497678, 0.502322
4739, 2359, 2380, 0.497784, 0.502216
4740, 2360, 2380, 0.49789, 0.50211
4741, 2361, 2380, 0.497996, 0.502004
4742, 2361, 2381, 0.497891, 0.502109
4743, 2361, 2382, 0.497786, 0.502214
4744, 2361, 2383, 0.497681, 0.502319
4745, 2361, 2384, 0.497576, 0.502424
4746, 2362, 2384, 0.497682, 0.502318
4747, 2363, 2384, 0.497788, 0.502212
4748, 2363, 2385, 0.497683, 0.502317
4749, 2363, 2386, 0.497578, 0.502422
4750, 2363, 2387, 0.497474, 0.502526
4751, 2363, 2388, 0.497369, 0.502631
4752, 2364, 2388, 0.497475, 0.502525
4753, 2364, 2389, 0.49737, 0.50263
4754, 2365, 2389, 0.497476, 0.502524
4755, 2366, 2389, 0.497581, 0.502419
4756, 2367, 2389, 0.497687, 0.502313
4757, 2368, 2389, 0.497793, 0.502207
4758, 2368, 2390, 0.497688, 0.502312
4759, 2368, 2391, 0.497584, 0.502416
4760, 2368, 2392, 0.497479, 0.502521
4761, 2368, 2393, 0.497375, 0.502625
4762, 2368, 2394, 0.49727, 0.50273
4763, 2368, 2395, 0.497166, 0.502834
4764, 2369, 2395, 0.497271, 0.502729
4765, 2369, 2396, 0.497167, 0.502833
4766, 2370, 2396, 0.497272, 0.502728
4767, 2371, 2396, 0.497378, 0.502622
4768, 2372, 2396, 0.497483, 0.502517
4769, 2373, 2396, 0.497589, 0.502411
4770, 2373, 2397, 0.497484, 0.502516
4771, 2374, 2397, 0.49759, 0.50241
4772, 2374, 2398, 0.497485, 0.502515
4773, 2375, 2398, 0.497591, 0.502409
4774, 2376, 2398, 0.497696, 0.502304
4775, 2377, 2398, 0.497801, 0.502199
4776, 2377, 2399, 0.497697, 0.502303
4777, 2378, 2399, 0.497802, 0.502198
4778, 2378, 2400, 0.497698, 0.502302
4779, 2379, 2400, 0.497803, 0.502197
4780, 2379, 2401, 0.497699, 0.502301
4781, 2380, 2401, 0.497804, 0.502196
4782, 2380, 2402, 0.4977, 0.5023
4783, 2381, 2402, 0.497805, 0.502195
4784, 2382, 2402, 0.49791, 0.50209
4785, 2382, 2403, 0.497806, 0.502194
4786, 2383, 2403, 0.497911, 0.502089
4787, 2384, 2403, 0.498015, 0.501985
4788, 2384, 2404, 0.497911, 0.502089
4789, 2384, 2405, 0.497807, 0.502193
4790, 2385, 2405, 0.497912, 0.502088
4791, 2385, 2406, 0.497808, 0.502192
4792, 2386, 2406, 0.497913, 0.502087
4793, 2386, 2407, 0.497809, 0.502191
4794, 2387, 2407, 0.497914, 0.502086
4795, 2387, 2408, 0.49781, 0.50219
4796, 2388, 2408, 0.497915, 0.502085
4797, 2388, 2409, 0.497811, 0.502189
4798, 2388, 2410, 0.497707, 0.502293
4799, 2388, 2411, 0.497604, 0.502396
4800, 2389, 2411, 0.497708, 0.502292
4801, 2389, 2412, 0.497605, 0.502395
4802, 2389, 2413, 0.497501, 0.502499
4803, 2390, 2413, 0.497606, 0.502394
4804, 2390, 2414, 0.497502, 0.502498
4805, 2391, 2414, 0.497607, 0.502393
4806, 2392, 2414, 0.497711, 0.502289
4807, 2392, 2415, 0.497608, 0.502392
4808, 2392, 2416, 0.497504, 0.502496
4809, 2393, 2416, 0.497609, 0.502391
4810, 2394, 2416, 0.497713, 0.502287
4811, 2395, 2416, 0.497818, 0.502182
4812, 2396, 2416, 0.497922, 0.502078
4813, 2396, 2417, 0.497818, 0.502182
4814, 2396, 2418, 0.497715, 0.502285
4815, 2396, 2419, 0.497612, 0.502388
4816, 2397, 2419, 0.497716, 0.502284
4817, 2398, 2419, 0.49782, 0.50218
4818, 2399, 2419, 0.497924, 0.502076
4819, 2399, 2420, 0.497821, 0.502179
4820, 2400, 2420, 0.497925, 0.502075
4821, 2401, 2420, 0.498029, 0.501971
4822, 2402, 2420, 0.498134, 0.501866
4823, 2402, 2421, 0.49803, 0.50197
4824, 2403, 2421, 0.498134, 0.501866
4825, 2403, 2422, 0.498031, 0.501969
4826, 2404, 2422, 0.498135, 0.501865
4827, 2404, 2423, 0.498032, 0.501968
4828, 2404, 2424, 0.497929, 0.502071
4829, 2404, 2425, 0.497826, 0.502174
4830, 2405, 2425, 0.49793, 0.50207
4831, 2406, 2425, 0.498034, 0.501966
4832, 2407, 2425, 0.498137, 0.501863
4833, 2408, 2425, 0.498241, 0.501759
4834, 2409, 2425, 0.498345, 0.501655
4835, 2410, 2425, 0.498449, 0.501551
4836, 2410, 2426, 0.498346, 0.501654
4837, 2411, 2426, 0.498449, 0.501551
4838, 2411, 2427, 0.498346, 0.501654
4839, 2412, 2427, 0.49845, 0.50155
4840, 2412, 2428, 0.498347, 0.501653
4841, 2412, 2429, 0.498244, 0.501756
4842, 2413, 2429, 0.498348, 0.501652
4843, 2414, 2429, 0.498451, 0.501549
4844, 2414, 2430, 0.498348, 0.501652
4845, 2414, 2431, 0.498246, 0.501754
4846, 2415, 2431, 0.498349, 0.501651
4847, 2415, 2432, 0.498246, 0.501754
4848, 2415, 2433, 0.498144, 0.501856
4849, 2416, 2433, 0.498247, 0.501753
4850, 2417, 2433, 0.498351, 0.501649
4851, 2417, 2434, 0.498248, 0.501752
4852, 2418, 2434, 0.498351, 0.501649
4853, 2419, 2434, 0.498455, 0.501545
4854, 2419, 2435, 0.498352, 0.501648
4855, 2420, 2435, 0.498455, 0.501545
4856, 2420, 2436, 0.498353, 0.501647
4857, 2420, 2437, 0.49825, 0.50175
4858, 2420, 2438, 0.498147, 0.501853
4859, 2420, 2439, 0.498045, 0.501955
4860, 2421, 2439, 0.498148, 0.501852
4861, 2422, 2439, 0.498251, 0.501749
4862, 2423, 2439, 0.498355, 0.501645
4863, 2423, 2440, 0.498252, 0.501748
4864, 2423, 2441, 0.49815, 0.50185
4865, 2423, 2442, 0.498047, 0.501953
4866, 2424, 2442, 0.49815, 0.50185
4867, 2425, 2442, 0.498254, 0.501746
4868, 2426, 2442, 0.498357, 0.501643
4869, 2427, 2442, 0.49846, 0.50154
4870, 2427, 2443, 0.498357, 0.501643
4871, 2428, 2443, 0.49846, 0.50154
4872, 2429, 2443, 0.498563, 0.501437
4873, 2429, 2444, 0.498461, 0.501539
4874, 2429, 2445, 0.498359, 0.501641
4875, 2429, 2446, 0.498256, 0.501744
4876, 2429, 2447, 0.498154, 0.501846
4877, 2430, 2447, 0.498257, 0.501743
4878, 2431, 2447, 0.49836, 0.50164
4879, 2431, 2448, 0.498258, 0.501742
4880, 2432, 2448, 0.498361, 0.501639
4881, 2432, 2449, 0.498259, 0.501741
4882, 2433, 2449, 0.498361, 0.501639
4883, 2433, 2450, 0.498259, 0.501741
4884, 2433, 2451, 0.498157, 0.501843
4885, 2434, 2451, 0.49826, 0.50174
4886, 2434, 2452, 0.498158, 0.501842
4887, 2435, 2452, 0.498261, 0.501739
4888, 2435, 2453, 0.498159, 0.501841
4889, 2436, 2453, 0.498261, 0.501739
4890, 2437, 2453, 0.498364, 0.501636
4891, 2437, 2454, 0.498262, 0.501738
4892, 2437, 2455, 0.49816, 0.50184
4893, 2437, 2456, 0.498058, 0.501942
4894, 2438, 2456, 0.498161, 0.501839
4895, 2439, 2456, 0.498264, 0.501736
4896, 2439, 2457, 0.498162, 0.501838
4897, 2439, 2458, 0.49806, 0.50194
4898, 2440, 2458, 0.498163, 0.501837
4899, 2441, 2458, 0.498265, 0.501735
4900, 2442, 2458, 0.498367, 0.501633
4901, 2443, 2458, 0.49847, 0.50153
4902, 2444, 2458, 0.498572, 0.501428
4903, 2445, 2458, 0.498674, 0.501326
4904, 2445, 2459, 0.498573, 0.501427
4905, 2446, 2459, 0.498675, 0.501325
4906, 2447, 2459, 0.498777, 0.501223
4907, 2448, 2459, 0.498879, 0.501121
4908, 2449, 2459, 0.498981, 0.501019
4909, 2449, 2460, 0.49888, 0.50112
4910, 2450, 2460, 0.498982, 0.501018
4911, 2450, 2461, 0.49888, 0.50112
4912, 2451, 2461, 0.498982, 0.501018
4913, 2451, 2462, 0.498881, 0.501119
4914, 2451, 2463, 0.498779, 0.501221
4915, 2452, 2463, 0.498881, 0.501119
4916, 2453, 2463, 0.498983, 0.501017
4917, 2453, 2464, 0.498881, 0.501119
4918, 2453, 2465, 0.49878, 0.50122
4919, 2453, 2466, 0.498679, 0.501321
4920, 2454, 2466, 0.49878, 0.50122
4921, 2455, 2466, 0.498882, 0.501118
4922, 2455, 2467, 0.498781, 0.501219
4923, 2456, 2467, 0.498883, 0.501117
4924, 2457, 2467, 0.498985, 0.501015
4925, 2457, 2468, 0.498883, 0.501117
4926, 2458, 2468, 0.498985, 0.501015
4927, 2458, 2469, 0.498884, 0.501116
4928, 2459, 2469, 0.498985, 0.501015
4929, 2459, 2470, 0.498884, 0.501116
4930, 2460, 2470, 0.498986, 0.501014
4931, 2460, 2471, 0.498885, 0.501115
4932, 2461, 2471, 0.498986, 0.501014
4933, 2462, 2471, 0.499088, 0.500912
4934, 2462, 2472, 0.498987, 0.501013
4935, 2462, 2473, 0.498886, 0.501114
4936, 2463, 2473, 0.498987, 0.501013
4937, 2463, 2474, 0.498886, 0.501114
4938, 2464, 2474, 0.498987, 0.501013
4939, 2465, 2474, 0.499089, 0.500911
4940, 2465, 2475, 0.498988, 0.501012
4941, 2465, 2476, 0.498887, 0.501113
4942, 2466, 2476, 0.498988, 0.501012
4943, 2466, 2477, 0.498887, 0.501113
4944, 2466, 2478, 0.498786, 0.501214
4945, 2467, 2478, 0.498888, 0.501112
4946, 2467, 2479, 0.498787, 0.501213
4947, 2468, 2479, 0.498888, 0.501112
4948, 2469, 2479, 0.498989, 0.501011
4949, 2470, 2479, 0.499091, 0.500909
4950, 2470, 2480, 0.49899, 0.50101
4951, 2471, 2480, 0.499091, 0.500909
4952, 2472, 2480, 0.499192, 0.500808
4953, 2473, 2480, 0.499293, 0.500707
4954, 2473, 2481, 0.499193, 0.500807
4955, 2474, 2481, 0.499294, 0.500706
4956, 2475, 2481, 0.499395, 0.500605
4957, 2476, 2481, 0.499496, 0.500504
4958, 2477, 2481, 0.499597, 0.500403
4959, 2478, 2481, 0.499698, 0.500302
4960, 2478, 2482, 0.499597, 0.500403
4961, 2478, 2483, 0.499496, 0.500504
4962, 2479, 2483, 0.499597, 0.500403
4963, 2480, 2483, 0.499698, 0.500302
4964, 2481, 2483, 0.499799, 0.500201
4965, 2481, 2484, 0.499698, 0.500302
4966, 2482, 2484, 0.499799, 0.500201
4967, 2483, 2484, 0.499899, 0.500101
4968, 2484, 2484, 0.5, 0.5
4969, 2484, 2485, 0.499899, 0.500101
4970, 2485, 2485, 0.5, 0.5
4971, 2485, 2486, 0.499899, 0.500101
4972, 2486, 2486, 0.5, 0.5
4973, 2486, 2487, 0.499899, 0.500101
4974, 2487, 2487, 0.5, 0.5
4975, 2487, 2488, 0.499899, 0.500101
4976, 2487, 2489, 0.499799, 0.500201
4977, 2488, 2489, 0.4999, 0.5001
4978, 2489, 2489, 0.5, 0.5
4979, 2490, 2489, 0.5001, 0.4999
4980, 2490, 2490, 0.5, 0.5
4981, 2491, 2490, 0.5001, 0.4999
4982, 2491, 2491, 0.5, 0.5
4983, 2491, 2492, 0.4999, 0.5001
4984, 2491, 2493, 0.499799, 0.500201
4985, 2491, 2494, 0.499699, 0.500301
4986, 2492, 2494, 0.499799, 0.500201
4987, 2493, 2494, 0.4999, 0.5001
4988, 2493, 2495, 0.4998, 0.5002
4989, 2493, 2496, 0.499699, 0.500301
4990, 2494, 2496, 0.4998, 0.5002
4991, 2495, 2496, 0.4999, 0.5001
4992, 2495, 2497, 0.4998, 0.5002
4993, 2495, 2498, 0.4997, 0.5003
4994, 2495, 2499, 0.4996, 0.5004
4995, 2496, 2499, 0.4997, 0.5003
4996, 2497, 2499, 0.4998, 0.5002
4997, 2497, 2500, 0.4997, 0.5003
4998, 2497, 2501, 0.4996, 0.5004
4999, 2497, 2502, 0.4995, 0.5005
5000, 2497, 2503, 0.4994, 0.5006
