Toss,HH,HT,TH,TT,P(HH),P(HT),P(TH),P(TT)
1, 0, 0, 0, 1, 0, 0, 0, 1
2, 0, 0, 1, 1, 0, 0, 0.5, 0.5
3, 0, 1, 1, 1, 0, 0.333333, 0.333333, 0.333333
4, 1, 1, 1, 1, 0.25, 0.25, 0.25, 0.25
5, 1, 1, 1, 2, 0.2, 0.2, 0.2, 0.4
6, 2, 1, 1, 2, 0.333333, 0.166667, 0.166667, 0.333333
7, 2, 1, 1, 3, 0.285714, 0.142857, 0.142857, 0.428571
8, 2, 2, 1, 3, 0.25, 0.25, 0.125, 0.375
9, 3, 2, 1, 3, 0.333333, 0.222222, 0.111111, 0.333333
10, 4, 2, 1, 3, 0.4, 0.2, 0.1, 0.3
11, 4, 2, 2, 3, 0.363636, 0.181818, 0.181818, 0.272727
12, 4, 2, 3, 3, 0.333333, 0.166667, 0.25, 0.25
13, 4, 2, 4, 3, 0.307692, 0.153846, 0.307692, 0.230769
14, 4, 3, 4, 3, 0.285714, 0.214286, 0.285714, 0.214286
15, 4, 3, 5, 3, 0.266667, 0.2, 0.333333, 0.2
16, 5, 3, 5, 3, 0.3125, 0.1875, 0.3125, 0.1875
17, 6, 3, 5, 3, 0.352941, 0.176471, 0.294118, 0.176471
18, 6, 3, 6, 3, 0.333333, 0.166667, 0.333333, 0.166667
19, 6, 3, 6, 4, 0.315789, 0.157895, 0.315789, 0.210526
20, 6, 4, 6, 4, 0.3, 0.2, 0.3, 0.2
21, 6, 5, 6, 4, 0.285714, 0.238095, 0.285714, 0.190476
22, 6, 5, 7, 4, 0.272727, 0.227273, 0.318182, 0.181818
23, 6, 5, 8, 4, 0.26087, 0.217391, 0.347826, 0.173913
24, 6, 5, 8, 5, 0.25, 0.208333, 0.333333, 0.208333
25, 6, 6, 8, 5, 0.24, 0.24, 0.32, 0.2
26, 6, 7, 8, 5, 0.230769, 0.269231, 0.307692, 0.192308
27, 6, 7, 9, 5, 0.222222, 0.259259, 0.333333, 0.185185
28, 6, 8, 9, 5, 0.214286, 0.285714, 0.321429, 0.178571
29, 7, 8, 9, 5, 0.241379, 0.275862, 0.310345, 0.172414
30, 7, 8, 10, 5, 0.233333, 0.266667, 0.333333, 0.166667
31, 8, 8, 10, 5, 0.258065, 0.258065, 0.322581, 0.16129
32, 8, 9, 10, 5, 0.25, 0.28125, 0.3125, 0.15625
33, 8, 9, 10, 6, 0.242424, 0.272727, 0.30303, 0.181818
34, 9, 9, 10, 6, 0.264706, 0.264706, 0.294118, 0.176471
35, 10, 9, 10, 6, 0.285714, 0.257143, 0.285714, 0.171429
36, 10, 9, 10, 7, 0.277778, 0.25, 0.277778, 0.194444
37, 10, 9, 10, 8, 0.27027, 0.243243, 0.27027, 0.216216
38, 10, 10, 10, 8, 0.263158, 0.263158, 0.263158, 0.210526
39, 10, 10, 10, 9, 0.25641, 0.25641, 0.25641, 0.230769
40, 10, 10, 11, 9, 0.25, 0.25, 0.275, 0.225
41, 10, 10, 11, 10, 0.243902, 0.243902, 0.268293, 0.243902
42, 10, 11, 11, 10, 0.238095, 0.261905, 0.261905, 0.238095
43, 10, 11, 11, 11, 0.232558, 0.255814, 0.255814, 0.255814
44, 10, 11, 11, 12, 0.227273, 0.25, 0.25, 0.272727
45, 10, 11, 12, 12, 0.222222, 0.244444, 0.266667, 0.266667
46, 10, 12, 12, 12, 0.217391, 0.26087, 0.26087, 0.26087
47, 10, 12, 13, 12, 0.212766, 0.255319, 0.276596, 0.255319
48, 10, 13, 13, 12, 0.208333, 0.270833, 0.270833, 0.25
49, 10, 13, 14, 12, 0.204082, 0.265306, 0.285714, 0.244898
50, 11, 13, 14, 12, 0.22, 0.26, 0.28, 0.24
51, 12, 13, 14, 12, 0.235294, 0.254902, 0.27451, 0.235294
52, 12, 14, 14, 12, 0.230769, 0.269231, 0.269231, 0.230769
53, 12, 15, 14, 12, 0.226415, 0.283019, 0.264151, 0.226415
54, 13, 15, 14, 12, 0.240741, 0.277778, 0.259259, 0.222222
55, 14, 15, 14, 12, 0.254545, 0.272727, 0.254545, 0.218182
56, 15, 15, 14, 12, 0.267857, 0.267857, 0.25, 0.214286
57, 15, 15, 14, 13, 0.263158, 0.263158, 0.245614, 0.22807
58, 15, 16, 14, 13, 0.258621, 0.275862, 0.241379, 0.224138
59, 16, 16, 14, 13, 0.271186, 0.271186, 0.237288, 0.220339
60, 17, 16, 14, 13, 0.283333, 0.266667, 0.233333, 0.216667
61, 17, 17, 14, 13, 0.278689, 0.278689, 0.229508, 0.213115
62, 18, 17, 14, 13, 0.290323, 0.274194, 0.225806, 0.209677
63, 18, 18, 14, 13, 0.285714, 0.285714, 0.222222, 0.206349
64, 18, 18, 15, 13, 0.28125, 0.28125, 0.234375, 0.203125
65, 18, 18, 15, 14, 0.276923, 0.276923, 0.230769, 0.215385
66, 18, 18, 15, 15, 0.272727, 0.272727, 0.227273, 0.227273
67, 18, 19, 15, 15, 0.268657, 0.283582, 0.223881, 0.223881
68, 18, 19, 15, 16, 0.264706, 0.279412, 0.220588, 0.235294
69, 18, 19, 15, 17, 0.26087, 0.275362, 0.217391, 0.246377
70, 18, 19, 16, 17, 0.257143, 0.271429, 0.228571, 0.242857
71, 18, 20, 16, 17, 0.253521, 0.28169, 0.225352, 0.239437
72, 18, 20, 17, 17, 0.25, 0.277778, 0.236111, 0.236111
73, 19, 20, 17, 17, 0.260274, 0.273973, 0.232877, 0.232877
74, 19, 21, 17, 17, 0.256757, 0.283784, 0.22973, 0.22973
75, 19, 21, 18, 17, 0.253333, 0.28, 0.24, 0.226667
76, 20, 21, 18, 17, 0.263158, 0.276316, 0.236842, 0.223684
77, 20, 22, 18, 17, 0.25974, 0.285714, 0.233766, 0.220779
78, 20, 23, 18, 17, 0.25641, 0.294872, 0.230769, 0.217949
79, 20, 23, 18, 18, 0.253165, 0.291139, 0.227848, 0.227848
80, 21, 23, 18, 18, 0.2625, 0.2875, 0.225, 0.225
81, 22, 23, 18, 18, 0.271605, 0.283951, 0.222222, 0.222222
82, 22, 23, 19, 18, 0.268293, 0.280488, 0.231707, 0.219512
83, 22, 23, 19, 19, 0.26506, 0.277108, 0.228916, 0.228916
84, 22, 23, 19, 20, 0.261905, 0.27381, 0.22619, 0.238095
85, 23, 23, 19, 20, 0.270588, 0.270588, 0.223529, 0.235294
86, 23, 23, 19, 21, 0.267442, 0.267442, 0.22093, 0.244186
87, 23, 24, 19, 21, 0.264368, 0.275862, 0.218391, 0.241379
88, 23, 24, 19, 22, 0.261364, 0.272727, 0.215909, 0.25
89, 23, 24, 19, 23, 0.258427, 0.269663, 0.213483, 0.258427
90, 23, 24, 19, 24, 0.255556, 0.266667, 0.211111, 0.266667
91, 23, 24, 20, 24, 0.252747, 0.263736, 0.21978, 0.263736
92, 23, 24, 20, 25, 0.25, 0.26087, 0.217391, 0.271739
93, 23, 24, 21, 25, 0.247312, 0.258065, 0.225806, 0.268817
94, 23, 24, 21, 26, 0.244681, 0.255319, 0.223404, 0.276596
95, 23, 25, 21, 26, 0.242105, 0.263158, 0.221053, 0.273684
96, 23, 25, 22, 26, 0.239583, 0.260417, 0.229167, 0.270833
97, 23, 25, 23, 26, 0.237113, 0.257732, 0.237113, 0.268041
98, 23, 25, 24, 26, 0.234694, 0.255102, 0.244898, 0.265306
99, 23, 26, 24, 26, 0.232323, 0.262626, 0.242424, 0.262626
100, 23, 26, 24, 27, 0.23, 0.26, 0.24, 0.27
101, 23, 27, 24, 27, 0.227723, 0.267327, 0.237624, 0.267327
102, 23, 27, 25, 27, 0.22549, 0.264706, 0.245098, 0.264706
103, 23, 27, 26, 27, 0.223301, 0.262136, 0.252427, 0.262136
104, 24, 27, 26, 27, 0.230769, 0.259615, 0.25, 0.259615
105, 25, 27, 26, 27, 0.238095, 0.257143, 0.247619, 0.257143
106, 25, 27, 26, 28, 0.235849, 0.254717, 0.245283, 0.264151
107, 26, 27, 26, 28, 0.242991, 0.252336, 0.242991, 0.261682
108, 26, 27, 26, 29, 0.240741, 0.25, 0.240741, 0.268519
109, 27, 27, 26, 29, 0.247706, 0.247706, 0.238532, 0.266055
110, 27, 28, 26, 29, 0.245455, 0.254545, 0.236364, 0.263636
111, 28, 28, 26, 29, 0.252252, 0.252252, 0.234234, 0.261261
112, 28, 29, 26, 29, 0.25, 0.258929, 0.232143, 0.258929
113, 28, 29, 26, 30, 0.247788, 0.256637, 0.230088, 0.265487
114, 29, 29, 26, 30, 0.254386, 0.254386, 0.22807, 0.263158
115, 29, 30, 26, 30, 0.252174, 0.26087, 0.226087, 0.26087
116, 29, 30, 26, 31, 0.25, 0.258621, 0.224138, 0.267241
117, 29, 30, 27, 31, 0.247863, 0.25641, 0.230769, 0.264957
118, 30, 30, 27, 31, 0.254237, 0.254237, 0.228814, 0.262712
119, 30, 30, 28, 31, 0.252101, 0.252101, 0.235294, 0.260504
120, 30, 30, 28, 32, 0.25, 0.25, 0.233333, 0.266667
121, 30, 30, 28, 33, 0.247934, 0.247934, 0.231405, 0.272727
122, 30, 31, 28, 33, 0.245902, 0.254098, 0.229508, 0.270492
123, 30, 32, 28, 33, 0.243902, 0.260163, 0.227642, 0.268293
124, 30, 32, 28, 34, 0.241935, 0.258065, 0.225806, 0.274194
125, 30, 33, 28, 34, 0.24, 0.264, 0.224, 0.272
126, 31, 33, 28, 34, 0.246032, 0.261905, 0.222222, 0.269841
127, 31, 34, 28, 34, 0.244094, 0.267717, 0.220472, 0.267717
128, 32, 34, 28, 34, 0.25, 0.265625, 0.21875, 0.265625
129, 32, 34, 29, 34, 0.248062, 0.263566, 0.224806, 0.263566
130, 33, 34, 29, 34, 0.253846, 0.261538, 0.223077, 0.261538
131, 34, 34, 29, 34, 0.259542, 0.259542, 0.221374, 0.259542
132, 35, 34, 29, 34, 0.265152, 0.257576, 0.219697, 0.257576
133, 35, 34, 30, 34, 0.263158, 0.255639, 0.225564, 0.255639
134, 35, 34, 31, 34, 0.261194, 0.253731, 0.231343, 0.253731
135, 36, 34, 31, 34, 0.266667, 0.251852, 0.22963, 0.251852
136, 36, 35, 31, 34, 0.264706, 0.257353, 0.227941, 0.25
137, 37, 35, 31, 34, 0.270073, 0.255474, 0.226277, 0.248175
138, 37, 35, 31, 35, 0.268116, 0.253623, 0.224638, 0.253623
139, 37, 35, 32, 35, 0.266187, 0.251799, 0.230216, 0.251799
140, 37, 35, 33, 35, 0.264286, 0.25, 0.235714, 0.25
141, 37, 35, 33, 36, 0.262411, 0.248227, 0.234043, 0.255319
142, 38, 35, 33, 36, 0.267606, 0.246479, 0.232394, 0.253521
143, 38, 35, 34, 36, 0.265734, 0.244755, 0.237762, 0.251748
144, 39, 35, 34, 36, 0.270833, 0.243056, 0.236111, 0.25
145, 40, 35, 34, 36, 0.275862, 0.241379, 0.234483, 0.248276
146, 40, 35, 35, 36, 0.273973, 0.239726, 0.239726, 0.246575
147, 40, 35, 36, 36, 0.272109, 0.238095, 0.244898, 0.244898
148, 41, 35, 36, 36, 0.277027, 0.236486, 0.243243, 0.243243
149, 41, 35, 37, 36, 0.275168, 0.234899, 0.248322, 0.241611
150, 41, 35, 37, 37, 0.273333, 0.233333, 0.246667, 0.246667
151, 41, 36, 37, 37, 0.271523, 0.238411, 0.245033, 0.245033
152, 41, 37, 37, 37, 0.269737, 0.243421, 0.243421, 0.243421
153, 42, 37, 37, 37, 0.27451, 0.24183, 0.24183, 0.24183
154, 42, 38, 37, 37, 0.272727, 0.246753, 0.24026, 0.24026
155, 42, 39, 37, 37, 0.270968, 0.251613, 0.23871, 0.23871
156, 42, 40, 37, 37, 0.269231, 0.25641, 0.237179, 0.237179
157, 42, 40, 37, 38, 0.267516, 0.254777, 0.235669, 0.242038
158, 42, 40, 38, 38, 0.265823, 0.253165, 0.240506, 0.240506
159, 42, 41, 38, 38, 0.264151, 0.257862, 0.238994, 0.238994
160, 42, 41, 39, 38, 0.2625, 0.25625, 0.24375, 0.2375
161, 43, 41, 39, 38, 0.267081, 0.254658, 0.242236, 0.236025
162, 44, 41, 39, 38, 0.271605, 0.253086, 0.240741, 0.234568
163, 44, 41, 39, 39, 0.269939, 0.251534, 0.239264, 0.239264
164, 44, 42, 39, 39, 0.268293, 0.256098, 0.237805, 0.237805
165, 44, 42, 40, 39, 0.266667, 0.254545, 0.242424, 0.236364
166, 44, 43, 40, 39, 0.26506, 0.259036, 0.240964, 0.23494
167, 44, 43, 40, 40, 0.263473, 0.257485, 0.239521, 0.239521
168, 45, 43, 40, 40, 0.267857, 0.255952, 0.238095, 0.238095
169, 46, 43, 40, 40, 0.272189, 0.254438, 0.236686, 0.236686
170, 46, 43, 41, 40, 0.270588, 0.252941, 0.241176, 0.235294
171, 46, 44, 41, 40, 0.269006, 0.25731, 0.239766, 0.233918
172, 46, 44, 42, 40, 0.267442, 0.255814, 0.244186, 0.232558
173, 46, 45, 42, 40, 0.265896, 0.260116, 0.242775, 0.231214
174, 46, 45, 43, 40, 0.264368, 0.258621, 0.247126, 0.229885
175, 46, 45, 44, 40, 0.262857, 0.257143, 0.251429, 0.228571
176, 47, 45, 44, 40, 0.267045, 0.255682, 0.25, 0.227273
177, 47, 45, 45, 40, 0.265537, 0.254237, 0.254237, 0.225989
178, 47, 45, 45, 41, 0.264045, 0.252809, 0.252809, 0.230337
179, 48, 45, 45, 41, 0.268156, 0.251397, 0.251397, 0.22905
180, 49, 45, 45, 41, 0.272222, 0.25, 0.25, 0.227778
181, 49, 45, 45, 42, 0.270718, 0.248619, 0.248619, 0.232044
182, 50, 45, 45, 42, 0.274725, 0.247253, 0.247253, 0.230769
183, 51, 45, 45, 42, 0.278689, 0.245902, 0.245902, 0.229508
184, 52, 45, 45, 42, 0.282609, 0.244565, 0.244565, 0.228261
185, 52, 45, 46, 42, 0.281081, 0.243243, 0.248649, 0.227027
186, 52, 46, 46, 42, 0.27957, 0.247312, 0.247312, 0.225806
187, 52, 47, 46, 42, 0.278075, 0.251337, 0.245989, 0.224599
188, 52, 47, 46, 43, 0.276596, 0.25, 0.244681, 0.228723
189, 52, 48, 46, 43, 0.275132, 0.253968, 0.243386, 0.227513
190, 52, 48, 46, 44, 0.273684, 0.252632, 0.242105, 0.231579
191, 52, 48, 47, 44, 0.272251, 0.251309, 0.246073, 0.230366
192, 52, 48, 47, 45, 0.270833, 0.25, 0.244792, 0.234375
193, 53, 48, 47, 45, 0.274611, 0.248705, 0.243523, 0.233161
194, 53, 49, 47, 45, 0.273196, 0.252577, 0.242268, 0.231959
195, 53, 49, 48, 45, 0.271795, 0.251282, 0.246154, 0.230769
196, 54, 49, 48, 45, 0.27551, 0.25, 0.244898, 0.229592
197, 55, 49, 48, 45, 0.279188, 0.248731, 0.243655, 0.228426
198, 55, 49, 48, 46, 0.277778, 0.247475, 0.242424, 0.232323
199, 55, 50, 48, 46, 0.276382, 0.251256, 0.241206, 0.231156
200, 55, 50, 48, 47, 0.275, 0.25, 0.24, 0.235
201, 55, 50, 48, 48, 0.273632, 0.248756, 0.238806, 0.238806
202, 55, 50, 48, 49, 0.272277, 0.247525, 0.237624, 0.242574
203, 55, 50, 49, 49, 0.270936, 0.246305, 0.241379, 0.241379
204, 55, 50, 49, 50, 0.269608, 0.245098, 0.240196, 0.245098
205, 55, 50, 50, 50, 0.268293, 0.243902, 0.243902, 0.243902
206, 55, 50, 50, 51, 0.26699, 0.242718, 0.242718, 0.247573
207, 55, 51, 50, 51, 0.2657, 0.246377, 0.241546, 0.246377
208, 56, 51, 50, 51, 0.269231, 0.245192, 0.240385, 0.245192
209, 56, 51, 51, 51, 0.267943, 0.244019, 0.244019, 0.244019
210, 56, 52, 51, 51, 0.266667, 0.247619, 0.242857, 0.242857
211, 56, 53, 51, 51, 0.265403, 0.251185, 0.241706, 0.241706
212, 57, 53, 51, 51, 0.268868, 0.25, 0.240566, 0.240566
213, 57, 53, 52, 51, 0.267606, 0.248826, 0.244131, 0.239437
214, 58, 53, 52, 51, 0.271028, 0.247664, 0.242991, 0.238318
215, 58, 53, 52, 52, 0.269767, 0.246512, 0.24186, 0.24186
216, 59, 53, 52, 52, 0.273148, 0.24537, 0.240741, 0.240741
217, 59, 53, 52, 53, 0.271889, 0.24424, 0.239631, 0.24424
218, 59, 54, 52, 53, 0.270642, 0.247706, 0.238532, 0.243119
219, 59, 54, 52, 54, 0.269406, 0.246575, 0.237443, 0.246575
220, 59, 54, 52, 55, 0.268182, 0.245455, 0.236364, 0.25
221, 60, 54, 52, 55, 0.271493, 0.244344, 0.235294, 0.248869
222, 60, 54, 52, 56, 0.27027, 0.243243, 0.234234, 0.252252
223, 60, 54, 52, 57, 0.269058, 0.242152, 0.233184, 0.255605
224, 60, 55, 52, 57, 0.267857, 0.245536, 0.232143, 0.254464
225, 60, 55, 52, 58, 0.266667, 0.244444, 0.231111, 0.257778
226, 61, 55, 52, 58, 0.269912, 0.243363, 0.230088, 0.256637
227, 61, 55, 53, 58, 0.268722, 0.242291, 0.23348, 0.255507
228, 61, 55, 54, 58, 0.267544, 0.241228, 0.236842, 0.254386
229, 61, 55, 54, 59, 0.266376, 0.240175, 0.235808, 0.257642
230, 61, 55, 54, 60, 0.265217, 0.23913, 0.234783, 0.26087
231, 61, 55, 54, 61, 0.264069, 0.238095, 0.233766, 0.264069
232, 61, 56, 54, 61, 0.262931, 0.241379, 0.232759, 0.262931
233, 61, 57, 54, 61, 0.261803, 0.244635, 0.23176, 0.261803
234, 61, 57, 54, 62, 0.260684, 0.24359, 0.230769, 0.264957
235, 61, 57, 54, 63, 0.259574, 0.242553, 0.229787, 0.268085
236, 61, 58, 54, 63, 0.258475, 0.245763, 0.228814, 0.266949
237, 61, 58, 55, 63, 0.257384, 0.244726, 0.232068, 0.265823
238, 61, 58, 55, 64, 0.256303, 0.243697, 0.231092, 0.268908
239, 61, 59, 55, 64, 0.25523, 0.246862, 0.230126, 0.267782
240, 61, 59, 55, 65, 0.254167, 0.245833, 0.229167, 0.270833
241, 61, 59, 55, 66, 0.253112, 0.244813, 0.228216, 0.273859
242, 61, 60, 55, 66, 0.252066, 0.247934, 0.227273, 0.272727
243, 61, 60, 56, 66, 0.251029, 0.246914, 0.230453, 0.271605
244, 61, 61, 56, 66, 0.25, 0.25, 0.229508, 0.270492
245, 61, 61, 57, 66, 0.24898, 0.24898, 0.232653, 0.269388
246, 61, 62, 57, 66, 0.247967, 0.252033, 0.231707, 0.268293
247, 62, 62, 57, 66, 0.251012, 0.251012, 0.230769, 0.267206
248, 62, 63, 57, 66, 0.25, 0.254032, 0.229839, 0.266129
249, 63, 63, 57, 66, 0.253012, 0.253012, 0.228916, 0.26506
250, 63, 64, 57, 66, 0.252, 0.256, 0.228, 0.264
251, 63, 64, 57, 67, 0.250996, 0.25498, 0.227092, 0.266932
252, 64, 64, 57, 67, 0.253968, 0.253968, 0.22619, 0.265873
253, 64, 64, 58, 67, 0.252964, 0.252964, 0.229249, 0.264822
254, 65, 64, 58, 67, 0.255906, 0.251969, 0.228346, 0.26378
255, 65, 65, 58, 67, 0.254902, 0.254902, 0.227451, 0.262745
256, 65, 65, 59, 67, 0.253906, 0.253906, 0.230469, 0.261719
257, 65, 66, 59, 67, 0.252918, 0.256809, 0.229572, 0.2607
258, 65, 67, 59, 67, 0.251938, 0.25969, 0.228682, 0.25969
259, 65, 67, 60, 67, 0.250965, 0.258687, 0.23166, 0.258687
260, 66, 67, 60, 67, 0.253846, 0.257692, 0.230769, 0.257692
261, 67, 67, 60, 67, 0.256705, 0.256705, 0.229885, 0.256705
262, 67, 68, 60, 67, 0.255725, 0.259542, 0.229008, 0.255725
263, 68, 68, 60, 67, 0.258555, 0.258555, 0.228137, 0.254753
264, 68, 69, 60, 67, 0.257576, 0.261364, 0.227273, 0.253788
265, 68, 70, 60, 67, 0.256604, 0.264151, 0.226415, 0.25283
266, 68, 70, 60, 68, 0.255639, 0.263158, 0.225564, 0.255639
267, 68, 71, 60, 68, 0.254682, 0.265918, 0.224719, 0.254682
268, 68, 72, 60, 68, 0.253731, 0.268657, 0.223881, 0.253731
269, 68, 72, 60, 69, 0.252788, 0.267658, 0.223048, 0.256506
270, 68, 72, 60, 70, 0.251852, 0.266667, 0.222222, 0.259259
271, 68, 72, 61, 70, 0.250923, 0.265683, 0.225092, 0.258303
272, 68, 72, 62, 70, 0.25, 0.264706, 0.227941, 0.257353
273, 68, 72, 63, 70, 0.249084, 0.263736, 0.230769, 0.25641
274, 69, 72, 63, 70, 0.251825, 0.262774, 0.229927, 0.255474
275, 69, 72, 64, 70, 0.250909, 0.261818, 0.232727, 0.254545
276, 70, 72, 64, 70, 0.253623, 0.26087, 0.231884, 0.253623
277, 70, 72, 65, 70, 0.252708, 0.259928, 0.234657, 0.252708
278, 70, 72, 65, 71, 0.251799, 0.258993, 0.233813, 0.255396
279, 70, 72, 66, 71, 0.250896, 0.258065, 0.236559, 0.25448
280, 70, 73, 66, 71, 0.25, 0.260714, 0.235714, 0.253571
281, 70, 74, 66, 71, 0.24911, 0.263345, 0.234875, 0.252669
282, 71, 74, 66, 71, 0.251773, 0.262411, 0.234043, 0.251773
283, 71, 74, 66, 72, 0.250883, 0.261484, 0.233216, 0.254417
284, 71, 74, 66, 73, 0.25, 0.260563, 0.232394, 0.257042
285, 72, 74, 66, 73, 0.252632, 0.259649, 0.231579, 0.25614
286, 72, 74, 66, 74, 0.251748, 0.258741, 0.230769, 0.258741
287, 73, 74, 66, 74, 0.254355, 0.25784, 0.229965, 0.25784
288, 73, 75, 66, 74, 0.253472, 0.260417, 0.229167, 0.256944
289, 73, 75, 66, 75, 0.252595, 0.259516, 0.228374, 0.259516
290, 73, 76, 66, 75, 0.251724, 0.262069, 0.227586, 0.258621
291, 73, 77, 66, 75, 0.250859, 0.264605, 0.226804, 0.257732
292, 73, 77, 67, 75, 0.25, 0.263699, 0.229452, 0.256849
293, 73, 77, 68, 75, 0.249147, 0.262799, 0.232082, 0.255973
294, 73, 78, 68, 75, 0.248299, 0.265306, 0.231293, 0.255102
295, 74, 78, 68, 75, 0.250847, 0.264407, 0.230508, 0.254237
296, 74, 78, 69, 75, 0.25, 0.263514, 0.233108, 0.253378
297, 74, 79, 69, 75, 0.249158, 0.265993, 0.232323, 0.252525
298, 75, 79, 69, 75, 0.251678, 0.265101, 0.231544, 0.251678
299, 75, 80, 69, 75, 0.250836, 0.267559, 0.230769, 0.250836
300, 75, 80, 70, 75, 0.25, 0.266667, 0.233333, 0.25
301, 76, 80, 70, 75, 0.252492, 0.265781, 0.232558, 0.249169
302, 76, 80, 70, 76, 0.251656, 0.264901, 0.231788, 0.251656
303, 77, 80, 70, 76, 0.254125, 0.264026, 0.231023, 0.250825
304, 77, 80, 71, 76, 0.253289, 0.263158, 0.233553, 0.25
305, 77, 80, 71, 77, 0.252459, 0.262295, 0.232787, 0.252459
306, 78, 80, 71, 77, 0.254902, 0.261438, 0.232026, 0.251634
307, 78, 81, 71, 77, 0.254072, 0.263844, 0.23127, 0.250814
308, 79, 81, 71, 77, 0.256494, 0.262987, 0.230519, 0.25
309, 79, 82, 71, 77, 0.255663, 0.265372, 0.229773, 0.249191
310, 79, 82, 72, 77, 0.254839, 0.264516, 0.232258, 0.248387
311, 80, 82, 72, 77, 0.257235, 0.263666, 0.231511, 0.247588
312, 81, 82, 72, 77, 0.259615, 0.262821, 0.230769, 0.246795
313, 82, 82, 72, 77, 0.261981, 0.261981, 0.230032, 0.246006
314, 82, 82, 73, 77, 0.261146, 0.261146, 0.232484, 0.245223
315, 83, 82, 73, 77, 0.263492, 0.260317, 0.231746, 0.244444
316, 83, 83, 73, 77, 0.262658, 0.262658, 0.231013, 0.243671
317, 84, 83, 73, 77, 0.264984, 0.26183, 0.230284, 0.242902
318, 84, 84, 73, 77, 0.264151, 0.264151, 0.22956, 0.242138
319, 85, 84, 73, 77, 0.266458, 0.263323, 0.22884, 0.241379
320, 86, 84, 73, 77, 0.26875, 0.2625, 0.228125, 0.240625
321, 86, 84, 73, 78, 0.267913, 0.261682, 0.227414, 0.242991
322, 86, 85, 73, 78, 0.267081, 0.263975, 0.226708, 0.242236
323, 87, 85, 73, 78, 0.26935, 0.263158, 0.226006, 0.241486
324, 87, 85, 74, 78, 0.268519, 0.262346, 0.228395, 0.240741
325, 87, 85, 75, 78, 0.267692, 0.261538, 0.230769, 0.24
326, 88, 85, 75, 78, 0.269939, 0.260736, 0.230061, 0.239264
327, 88, 85, 75, 79, 0.269113, 0.259939, 0.229358, 0.24159
328, 88, 86, 75, 79, 0.268293, 0.262195, 0.228659, 0.240854
329, 89, 86, 75, 79, 0.270517, 0.261398, 0.227964, 0.240122
330, 90, 86, 75, 79, 0.272727, 0.260606, 0.227273, 0.239394
331, 90, 87, 75, 79, 0.271903, 0.26284, 0.226586, 0.238671
332, 90, 87, 76, 79, 0.271084, 0.262048, 0.228916, 0.237952
333, 91, 87, 76, 79, 0.273273, 0.261261, 0.228228, 0.237237
334, 91, 88, 76, 79, 0.272455, 0.263473, 0.227545, 0.236527
335, 91, 88, 77, 79, 0.271642, 0.262687, 0.229851, 0.235821
336, 91, 89, 77, 79, 0.270833, 0.264881, 0.229167, 0.235119
337, 92, 89, 77, 79, 0.272997, 0.264095, 0.228487, 0.234421
338, 92, 89, 78, 79, 0.272189, 0.263314, 0.230769, 0.233728
339, 92, 89, 78, 80, 0.271386, 0.262537, 0.230088, 0.235988
340, 92, 90, 78, 80, 0.270588, 0.264706, 0.229412, 0.235294
341, 92, 90, 79, 80, 0.269795, 0.26393, 0.231672, 0.234604
342, 92, 90, 79, 81, 0.269006, 0.263158, 0.230994, 0.236842
343, 92, 91, 79, 81, 0.268222, 0.265306, 0.230321, 0.236152
344, 92, 91, 79, 82, 0.267442, 0.264535, 0.229651, 0.238372
345, 93, 91, 79, 82, 0.269565, 0.263768, 0.228986, 0.237681
346, 93, 91, 80, 82, 0.268786, 0.263006, 0.231214, 0.236994
347, 93, 92, 80, 82, 0.268012, 0.26513, 0.230548, 0.236311
348, 94, 92, 80, 82, 0.270115, 0.264368, 0.229885, 0.235632
349, 94, 93, 80, 82, 0.269341, 0.266476, 0.229226, 0.234957
350, 94, 93, 81, 82, 0.268571, 0.265714, 0.231429, 0.234286
351, 94, 93, 81, 83, 0.267806, 0.264957, 0.230769, 0.236467
352, 94, 93, 82, 83, 0.267045, 0.264205, 0.232955, 0.235795
353, 95, 93, 82, 83, 0.269122, 0.263456, 0.232295, 0.235127
354, 96, 93, 82, 83, 0.271186, 0.262712, 0.231638, 0.234463
355, 97, 93, 82, 83, 0.273239, 0.261972, 0.230986, 0.233803
356, 98, 93, 82, 83, 0.275281, 0.261236, 0.230337, 0.233146
357, 98, 93, 83, 83, 0.27451, 0.260504, 0.232493, 0.232493
358, 98, 93, 83, 84, 0.273743, 0.259777, 0.231844, 0.234637
359, 98, 93, 84, 84, 0.272981, 0.259053, 0.233983, 0.233983
360, 99, 93, 84, 84, 0.275, 0.258333, 0.233333, 0.233333
361, 99, 94, 84, 84, 0.274238, 0.260388, 0.232687, 0.232687
362, 99, 95, 84, 84, 0.273481, 0.262431, 0.232044, 0.232044
363, 100, 95, 84, 84, 0.275482, 0.261708, 0.231405, 0.231405
364, 100, 96, 84, 84, 0.274725, 0.263736, 0.230769, 0.230769
365, 101, 96, 84, 84, 0.276712, 0.263014, 0.230137, 0.230137
366, 101, 97, 84, 84, 0.275956, 0.265027, 0.229508, 0.229508
367, 101, 98, 84, 84, 0.275204, 0.26703, 0.228883, 0.228883
368, 101, 98, 84, 85, 0.274457, 0.266304, 0.228261, 0.230978
369, 101, 98, 85, 85, 0.273713, 0.265583, 0.230352, 0.230352
370, 101, 99, 85, 85, 0.272973, 0.267568, 0.22973, 0.22973
371, 102, 99, 85, 85, 0.274933, 0.266846, 0.229111, 0.229111
372, 102, 99, 86, 85, 0.274194, 0.266129, 0.231183, 0.228495
373, 103, 99, 86, 85, 0.276139, 0.265416, 0.230563, 0.227882
374, 103, 99, 87, 85, 0.275401, 0.264706, 0.23262, 0.227273
375, 103, 99, 87, 86, 0.274667, 0.264, 0.232, 0.229333
376, 103, 100, 87, 86, 0.273936, 0.265957, 0.231383, 0.228723
377, 103, 100, 87, 87, 0.27321, 0.265252, 0.230769, 0.230769
378, 103, 101, 87, 87, 0.272487, 0.267196, 0.230159, 0.230159
379, 103, 101, 88, 87, 0.271768, 0.266491, 0.23219, 0.229551
380, 103, 101, 88, 88, 0.271053, 0.265789, 0.231579, 0.231579
381, 103, 101, 88, 89, 0.270341, 0.265092, 0.230971, 0.233596
382, 103, 101, 89, 89, 0.269634, 0.264398, 0.232984, 0.232984
383, 103, 102, 89, 89, 0.26893, 0.266319, 0.232376, 0.232376
384, 104, 102, 89, 89, 0.270833, 0.265625, 0.231771, 0.231771
385, 105, 102, 89, 89, 0.272727, 0.264935, 0.231169, 0.231169
386, 105, 102, 89, 90, 0.272021, 0.264249, 0.23057, 0.233161
387, 105, 102, 90, 90, 0.271318, 0.263566, 0.232558, 0.232558
388, 106, 102, 90, 90, 0.273196, 0.262887, 0.231959, 0.231959
389, 106, 102, 90, 91, 0.272494, 0.262211, 0.231362, 0.233933
390, 106, 102, 90, 92, 0.271795, 0.261538, 0.230769, 0.235897
391, 106, 102, 91, 92, 0.2711, 0.26087, 0.232737, 0.235294
392, 107, 102, 91, 92, 0.272959, 0.260204, 0.232143, 0.234694
393, 107, 102, 92, 92, 0.272265, 0.259542, 0.234097, 0.234097
394, 107, 102, 92, 93, 0.271574, 0.258883, 0.233503, 0.236041
395, 107, 103, 92, 93, 0.270886, 0.260759, 0.232911, 0.235443
396, 107, 103, 92, 94, 0.270202, 0.260101, 0.232323, 0.237374
397, 108, 103, 92, 94, 0.27204, 0.259446, 0.231738, 0.236776
398, 108, 104, 92, 94, 0.271357, 0.261307, 0.231156, 0.236181
399, 109, 104, 92, 94, 0.273183, 0.260652, 0.230576, 0.235589
400, 109, 104, 92, 95, 0.2725, 0.26, 0.23, 0.2375
401, 109, 104, 93, 95, 0.27182, 0.259352, 0.23192, 0.236908
402, 109, 104, 94, 95, 0.271144, 0.258706, 0.233831, 0.236318
403, 110, 104, 94, 95, 0.272953, 0.258065, 0.233251, 0.235732
404, 110, 104, 94, 96, 0.272277, 0.257426, 0.232673, 0.237624
405, 110, 105, 94, 96, 0.271605, 0.259259, 0.232099, 0.237037
406, 110, 105, 95, 96, 0.270936, 0.258621, 0.23399, 0.236453
407, 110, 106, 95, 96, 0.27027, 0.260442, 0.233415, 0.235872
408, 110, 106, 96, 96, 0.269608, 0.259804, 0.235294, 0.235294
409, 110, 106, 96, 97, 0.268949, 0.259169, 0.234719, 0.237164
410, 110, 106, 97, 97, 0.268293, 0.258537, 0.236585, 0.236585
411, 110, 107, 97, 97, 0.26764, 0.260341, 0.23601, 0.23601
412, 110, 108, 97, 97, 0.26699, 0.262136, 0.235437, 0.235437
413, 110, 108, 98, 97, 0.266344, 0.261501, 0.237288, 0.234867
414, 110, 108, 99, 97, 0.2657, 0.26087, 0.23913, 0.2343
415, 111, 108, 99, 97, 0.26747, 0.260241, 0.238554, 0.233735
416, 112, 108, 99, 97, 0.269231, 0.259615, 0.237981, 0.233173
417, 113, 108, 99, 97, 0.270983, 0.258993, 0.23741, 0.232614
418, 114, 108, 99, 97, 0.272727, 0.258373, 0.236842, 0.232057
419, 114, 108, 99, 98, 0.272076, 0.257757, 0.236277, 0.23389
420, 114, 109, 99, 98, 0.271429, 0.259524, 0.235714, 0.233333
421, 114, 109, 99, 99, 0.270784, 0.258907, 0.235154, 0.235154
422, 114, 109, 100, 99, 0.270142, 0.258294, 0.236967, 0.234597
423, 115, 109, 100, 99, 0.271868, 0.257683, 0.236407, 0.234043
424, 115, 109, 101, 99, 0.271226, 0.257075, 0.238208, 0.233491
425, 115, 110, 101, 99, 0.270588, 0.258824, 0.237647, 0.232941
426, 115, 110, 102, 99, 0.269953, 0.258216, 0.239437, 0.232394
427, 115, 110, 103, 99, 0.269321, 0.257611, 0.241218, 0.23185
428, 115, 110, 103, 100, 0.268692, 0.257009, 0.240654, 0.233645
429, 115, 110, 103, 101, 0.268065, 0.25641, 0.240093, 0.235431
430, 115, 110, 103, 102, 0.267442, 0.255814, 0.239535, 0.237209
431, 115, 111, 103, 102, 0.266821, 0.257541, 0.238979, 0.236659
432, 115, 111, 104, 102, 0.266204, 0.256944, 0.240741, 0.236111
433, 115, 111, 105, 102, 0.265589, 0.256351, 0.242494, 0.235566
434, 115, 111, 105, 103, 0.264977, 0.25576, 0.241935, 0.237327
435, 115, 111, 106, 103, 0.264368, 0.255172, 0.243678, 0.236782
436, 115, 111, 106, 104, 0.263761, 0.254587, 0.243119, 0.238532
437, 115, 111, 107, 104, 0.263158, 0.254005, 0.244851, 0.237986
438, 115, 112, 107, 104, 0.262557, 0.255708, 0.244292, 0.237443
439, 115, 113, 107, 104, 0.261959, 0.257403, 0.243736, 0.236902
440, 115, 113, 108, 104, 0.261364, 0.256818, 0.245455, 0.236364
441, 115, 113, 109, 104, 0.260771, 0.256236, 0.247166, 0.235828
442, 115, 114, 109, 104, 0.260181, 0.257919, 0.246606, 0.235294
443, 115, 114, 109, 105, 0.259594, 0.257336, 0.24605, 0.23702
444, 115, 114, 110, 105, 0.259009, 0.256757, 0.247748, 0.236486
445, 116, 114, 110, 105, 0.260674, 0.25618, 0.247191, 0.235955
446, 116, 114, 110, 106, 0.26009, 0.255605, 0.246637, 0.237668
447, 116, 115, 110, 106, 0.259508, 0.257271, 0.246085, 0.237136
448, 116, 116, 110, 106, 0.258929, 0.258929, 0.245536, 0.236607
449, 117, 116, 110, 106, 0.260579, 0.258352, 0.244989, 0.23608
450, 117, 116, 110, 107, 0.26, 0.257778, 0.244444, 0.237778
451, 117, 117, 110, 107, 0.259424, 0.259424, 0.243902, 0.237251
452, 118, 117, 110, 107, 0.261062, 0.25885, 0.243363, 0.236726
453, 118, 117, 110, 108, 0.260486, 0.258278, 0.242826, 0.238411
454, 118, 118, 110, 108, 0.259912, 0.259912, 0.242291, 0.237885
455, 118, 118, 110, 109, 0.259341, 0.259341, 0.241758, 0.23956
456, 119, 118, 110, 109, 0.260965, 0.258772, 0.241228, 0.239035
457, 119, 118, 111, 109, 0.260394, 0.258206, 0.242888, 0.238512
458, 119, 119, 111, 109, 0.259825, 0.259825, 0.242358, 0.237991
459, 119, 119, 111, 110, 0.259259, 0.259259, 0.24183, 0.239651
460, 120, 119, 111, 110, 0.26087, 0.258696, 0.241304, 0.23913
461, 120, 119, 112, 110, 0.260304, 0.258134, 0.24295, 0.238612
462, 120, 119, 112, 111, 0.25974, 0.257576, 0.242424, 0.24026
463, 120, 119, 112, 112, 0.259179, 0.257019, 0.241901, 0.241901
464, 120, 120, 112, 112, 0.258621, 0.258621, 0.241379, 0.241379
465, 120, 120, 113, 112, 0.258065, 0.258065, 0.243011, 0.24086
466, 120, 121, 113, 112, 0.257511, 0.259657, 0.242489, 0.240343
467, 120, 122, 113, 112, 0.256959, 0.261242, 0.24197, 0.239829
468, 120, 123, 113, 112, 0.25641, 0.262821, 0.241453, 0.239316
469, 120, 124, 113, 112, 0.255864, 0.264392, 0.240938, 0.238806
470, 120, 124, 113, 113, 0.255319, 0.26383, 0.240426, 0.240426
471, 120, 124, 113, 114, 0.254777, 0.26327, 0.239915, 0.242038
472, 120, 124, 113, 115, 0.254237, 0.262712, 0.239407, 0.243644
473, 121, 124, 113, 115, 0.255814, 0.262156, 0.238901, 0.243129
474, 121, 124, 114, 115, 0.255274, 0.261603, 0.240506, 0.242616
475, 122, 124, 114, 115, 0.256842, 0.261053, 0.24, 0.242105
476, 122, 124, 114, 116, 0.256303, 0.260504, 0.239496, 0.243697
477, 122, 124, 115, 116, 0.255765, 0.259958, 0.24109, 0.243187
478, 122, 124, 115, 117, 0.25523, 0.259414, 0.240586, 0.24477
479, 123, 124, 115, 117, 0.256785, 0.258873, 0.240084, 0.244259
480, 123, 124, 115, 118, 0.25625, 0.258333, 0.239583, 0.245833
481, 123, 124, 116, 118, 0.255717, 0.257796, 0.241164, 0.245322
482, 124, 124, 116, 118, 0.257261, 0.257261, 0.240664, 0.244813
483, 125, 124, 116, 118, 0.258799, 0.256729, 0.240166, 0.244306
484, 125, 124, 116, 119, 0.258264, 0.256198, 0.239669, 0.245868
485, 125, 125, 116, 119, 0.257732, 0.257732, 0.239175, 0.245361
486, 125, 125, 117, 119, 0.257202, 0.257202, 0.240741, 0.244856
487, 125, 125, 117, 120, 0.256674, 0.256674, 0.240246, 0.246407
488, 125, 125, 118, 120, 0.256148, 0.256148, 0.241803, 0.245902
489, 125, 125, 118, 121, 0.255624, 0.255624, 0.241309, 0.247444
490, 126, 125, 118, 121, 0.257143, 0.255102, 0.240816, 0.246939
491, 126, 125, 119, 121, 0.256619, 0.254582, 0.242363, 0.246436
492, 126, 126, 119, 121, 0.256098, 0.256098, 0.24187, 0.245935
493, 126, 127, 119, 121, 0.255578, 0.257606, 0.241379, 0.245436
494, 127, 127, 119, 121, 0.257085, 0.257085, 0.240891, 0.244939
495, 127, 128, 119, 121, 0.256566, 0.258586, 0.240404, 0.244444
496, 127, 129, 119, 121, 0.256048, 0.260081, 0.239919, 0.243952
497, 127, 129, 119, 122, 0.255533, 0.259557, 0.239437, 0.245473
498, 127, 130, 119, 122, 0.25502, 0.261044, 0.238956, 0.24498
499, 127, 130, 119, 123, 0.254509, 0.260521, 0.238477, 0.246493
500, 127, 130, 120, 123, 0.254, 0.26, 0.24, 0.246
501, 127, 130, 121, 123, 0.253493, 0.259481, 0.241517, 0.245509
502, 127, 130, 121, 124, 0.252988, 0.258964, 0.241036, 0.247012
503, 128, 130, 121, 124, 0.254473, 0.258449, 0.240557, 0.246521
504, 128, 131, 121, 124, 0.253968, 0.259921, 0.240079, 0.246032
505, 128, 131, 121, 125, 0.253465, 0.259406, 0.239604, 0.247525
506, 128, 131, 122, 125, 0.252964, 0.258893, 0.241107, 0.247036
507, 128, 132, 122, 125, 0.252465, 0.260355, 0.240631, 0.246548
508, 128, 132, 123, 125, 0.251969, 0.259843, 0.242126, 0.246063
509, 129, 132, 123, 125, 0.253438, 0.259332, 0.24165, 0.24558
510, 130, 132, 123, 125, 0.254902, 0.258824, 0.241176, 0.245098
511, 130, 133, 123, 125, 0.254403, 0.260274, 0.240705, 0.244618
512, 130, 133, 124, 125, 0.253906, 0.259766, 0.242188, 0.244141
513, 131, 133, 124, 125, 0.255361, 0.259259, 0.241715, 0.243665
514, 131, 133, 124, 126, 0.254864, 0.258755, 0.241245, 0.245136
515, 131, 134, 124, 126, 0.254369, 0.260194, 0.240777, 0.24466
516, 131, 134, 125, 126, 0.253876, 0.25969, 0.242248, 0.244186
517, 132, 134, 125, 126, 0.255319, 0.259188, 0.241779, 0.243714
518, 132, 134, 125, 127, 0.254826, 0.258687, 0.241313, 0.245174
519, 132, 134, 125, 128, 0.254335, 0.258189, 0.240848, 0.246628
520, 133, 134, 125, 128, 0.255769, 0.257692, 0.240385, 0.246154
521, 133, 135, 125, 128, 0.255278, 0.259117, 0.239923, 0.245681
522, 133, 135, 125, 129, 0.254789, 0.258621, 0.239464, 0.247126
523, 133, 135, 126, 129, 0.254302, 0.258126, 0.240918, 0.246654
524, 133, 135, 126, 130, 0.253817, 0.257634, 0.240458, 0.248092
525, 133, 135, 126, 131, 0.253333, 0.257143, 0.24, 0.249524
526, 134, 135, 126, 131, 0.254753, 0.256654, 0.239544, 0.249049
527, 134, 135, 127, 131, 0.254269, 0.256167, 0.240987, 0.248577
528, 135, 135, 127, 131, 0.255682, 0.255682, 0.24053, 0.248106
529, 135, 136, 127, 131, 0.255198, 0.257089, 0.240076, 0.247637
530, 136, 136, 127, 131, 0.256604, 0.256604, 0.239623, 0.24717
531, 137, 136, 127, 131, 0.258004, 0.256121, 0.239171, 0.246704
532, 137, 136, 128, 131, 0.257519, 0.255639, 0.240602, 0.246241
533, 137, 136, 129, 131, 0.257036, 0.255159, 0.242026, 0.245779
534, 137, 137, 129, 131, 0.256554, 0.256554, 0.241573, 0.245318
535, 137, 137, 130, 131, 0.256075, 0.256075, 0.242991, 0.24486
536, 137, 138, 130, 131, 0.255597, 0.257463, 0.242537, 0.244403
537, 138, 138, 130, 131, 0.256983, 0.256983, 0.242086, 0.243948
538, 138, 138, 131, 131, 0.256506, 0.256506, 0.243494, 0.243494
539, 139, 138, 131, 131, 0.257885, 0.25603, 0.243043, 0.243043
540, 139, 138, 131, 132, 0.257407, 0.255556, 0.242593, 0.244444
541, 140, 138, 131, 132, 0.25878, 0.255083, 0.242144, 0.243993
542, 140, 138, 132, 132, 0.258303, 0.254613, 0.243542, 0.243542
543, 141, 138, 132, 132, 0.259669, 0.254144, 0.243094, 0.243094
544, 141, 138, 133, 132, 0.259191, 0.253676, 0.244485, 0.242647
545, 142, 138, 133, 132, 0.26055, 0.253211, 0.244037, 0.242202
546, 142, 138, 134, 132, 0.260073, 0.252747, 0.245421, 0.241758
547, 142, 138, 134, 133, 0.259598, 0.252285, 0.244973, 0.243144
548, 143, 138, 134, 133, 0.260949, 0.251825, 0.244526, 0.242701
549, 143, 138, 134, 134, 0.260474, 0.251366, 0.24408, 0.24408
550, 143, 139, 134, 134, 0.26, 0.252727, 0.243636, 0.243636
551, 144, 139, 134, 134, 0.261343, 0.252269, 0.243194, 0.243194
552, 145, 139, 134, 134, 0.262681, 0.251812, 0.242754, 0.242754
553, 145, 139, 134, 135, 0.262206, 0.251356, 0.242315, 0.244123
554, 145, 139, 134, 136, 0.261733, 0.250903, 0.241877, 0.245487
555, 145, 139, 135, 136, 0.261261, 0.25045, 0.243243, 0.245045
556, 145, 140, 135, 136, 0.260791, 0.251799, 0.242806, 0.244604
557, 145, 140, 136, 136, 0.260323, 0.251346, 0.244165, 0.244165
558, 145, 140, 136, 137, 0.259857, 0.250896, 0.243728, 0.24552
559, 146, 140, 136, 137, 0.261181, 0.250447, 0.243292, 0.245081
560, 146, 141, 136, 137, 0.260714, 0.251786, 0.242857, 0.244643
561, 147, 141, 136, 137, 0.262032, 0.251337, 0.242424, 0.244207
562, 148, 141, 136, 137, 0.263345, 0.25089, 0.241993, 0.243772
563, 149, 141, 136, 137, 0.264654, 0.250444, 0.241563, 0.243339
564, 149, 141, 137, 137, 0.264184, 0.25, 0.242908, 0.242908
565, 149, 141, 137, 138, 0.263717, 0.249558, 0.242478, 0.244248
566, 149, 141, 137, 139, 0.263251, 0.249117, 0.242049, 0.245583
567, 150, 141, 137, 139, 0.26455, 0.248677, 0.241623, 0.24515
568, 150, 141, 137, 140, 0.264085, 0.248239, 0.241197, 0.246479
569, 150, 142, 137, 140, 0.26362, 0.249561, 0.240773, 0.246046
570, 150, 142, 137, 141, 0.263158, 0.249123, 0.240351, 0.247368
571, 150, 142, 137, 142, 0.262697, 0.248687, 0.23993, 0.248687
572, 150, 143, 137, 142, 0.262238, 0.25, 0.23951, 0.248252
573, 150, 144, 137, 142, 0.26178, 0.251309, 0.239092, 0.247818
574, 150, 144, 137, 143, 0.261324, 0.250871, 0.238676, 0.249129
575, 151, 144, 137, 143, 0.262609, 0.250435, 0.238261, 0.248696
576, 151, 145, 137, 143, 0.262153, 0.251736, 0.237847, 0.248264
577, 151, 146, 137, 143, 0.261698, 0.253033, 0.237435, 0.247834
578, 151, 147, 137, 143, 0.261246, 0.254325, 0.237024, 0.247405
579, 151, 147, 138, 143, 0.260794, 0.253886, 0.238342, 0.246978
580, 151, 147, 139, 143, 0.260345, 0.253448, 0.239655, 0.246552
581, 151, 147, 140, 143, 0.259897, 0.253012, 0.240964, 0.246127
582, 151, 147, 140, 144, 0.25945, 0.252577, 0.24055, 0.247423
583, 151, 147, 141, 144, 0.259005, 0.252144, 0.241852, 0.246998
584, 151, 147, 142, 144, 0.258562, 0.251712, 0.243151, 0.246575
585, 151, 147, 143, 144, 0.25812, 0.251282, 0.244444, 0.246154
586, 151, 147, 144, 144, 0.257679, 0.250853, 0.245734, 0.245734
587, 151, 147, 144, 145, 0.25724, 0.250426, 0.245315, 0.247019
588, 151, 147, 144, 146, 0.256803, 0.25, 0.244898, 0.248299
589, 151, 147, 144, 147, 0.256367, 0.249576, 0.244482, 0.249576
590, 151, 148, 144, 147, 0.255932, 0.250847, 0.244068, 0.249153
591, 151, 149, 144, 147, 0.255499, 0.252115, 0.243655, 0.248731
592, 152, 149, 144, 147, 0.256757, 0.251689, 0.243243, 0.248311
593, 153, 149, 144, 147, 0.25801, 0.251265, 0.242833, 0.247892
594, 153, 149, 145, 147, 0.257576, 0.250842, 0.244108, 0.247475
595, 153, 150, 145, 147, 0.257143, 0.252101, 0.243697, 0.247059
596, 153, 150, 146, 147, 0.256711, 0.251678, 0.244966, 0.246644
597, 153, 150, 146, 148, 0.256281, 0.251256, 0.244556, 0.247906
598, 153, 150, 146, 149, 0.255853, 0.250836, 0.244147, 0.249164
599, 153, 150, 147, 149, 0.255426, 0.250417, 0.245409, 0.248748
600, 153, 151, 147, 149, 0.255, 0.251667, 0.245, 0.248333
601, 153, 151, 147, 150, 0.254576, 0.251248, 0.244592, 0.249584
602, 154, 151, 147, 150, 0.255814, 0.250831, 0.244186, 0.249169
603, 154, 152, 147, 150, 0.25539, 0.252073, 0.243781, 0.248756
604, 154, 153, 147, 150, 0.254967, 0.253311, 0.243377, 0.248344
605, 154, 154, 147, 150, 0.254545, 0.254545, 0.242975, 0.247934
606, 154, 154, 148, 150, 0.254125, 0.254125, 0.244224, 0.247525
607, 155, 154, 148, 150, 0.255354, 0.253707, 0.243822, 0.247117
608, 155, 154, 149, 150, 0.254934, 0.253289, 0.245066, 0.246711
609, 155, 154, 150, 150, 0.254516, 0.252874, 0.246305, 0.246305
610, 155, 155, 150, 150, 0.254098, 0.254098, 0.245902, 0.245902
611, 155, 155, 151, 150, 0.253682, 0.253682, 0.247136, 0.245499
612, 155, 156, 151, 150, 0.253268, 0.254902, 0.246732, 0.245098
613, 156, 156, 151, 150, 0.254486, 0.254486, 0.24633, 0.244698
614, 156, 156, 151, 151, 0.254072, 0.254072, 0.245928, 0.245928
615, 157, 156, 151, 151, 0.255285, 0.253659, 0.245528, 0.245528
616, 157, 157, 151, 151, 0.25487, 0.25487, 0.24513, 0.24513
617, 157, 158, 151, 151, 0.254457, 0.256078, 0.244733, 0.244733
618, 157, 159, 151, 151, 0.254045, 0.257282, 0.244337, 0.244337
619, 158, 159, 151, 151, 0.25525, 0.256866, 0.243942, 0.243942
620, 158, 160, 151, 151, 0.254839, 0.258065, 0.243548, 0.243548
621, 158, 160, 151, 152, 0.254428, 0.257649, 0.243156, 0.244767
622, 158, 161, 151, 152, 0.254019, 0.258842, 0.242765, 0.244373
623, 158, 161, 151, 153, 0.253612, 0.258427, 0.242376, 0.245586
624, 159, 161, 151, 153, 0.254808, 0.258013, 0.241987, 0.245192
625, 159, 161, 152, 153, 0.2544, 0.2576, 0.2432, 0.2448
626, 159, 162, 152, 153, 0.253994, 0.258786, 0.242812, 0.244409
627, 160, 162, 152, 153, 0.255183, 0.258373, 0.242424, 0.244019
628, 160, 162, 152, 154, 0.254777, 0.257962, 0.242038, 0.245223
629, 161, 162, 152, 154, 0.255962, 0.257552, 0.241653, 0.244833
630, 161, 162, 153, 154, 0.255556, 0.257143, 0.242857, 0.244444
631, 161, 162, 153, 155, 0.255151, 0.256735, 0.242472, 0.245642
632, 161, 163, 153, 155, 0.254747, 0.257911, 0.242089, 0.245253
633, 161, 164, 153, 155, 0.254344, 0.259084, 0.241706, 0.244866
634, 161, 164, 153, 156, 0.253943, 0.258675, 0.241325, 0.246057
635, 162, 164, 153, 156, 0.255118, 0.258268, 0.240945, 0.245669
636, 162, 164, 154, 156, 0.254717, 0.257862, 0.242138, 0.245283
637, 162, 164, 155, 156, 0.254317, 0.257457, 0.243328, 0.244898
638, 163, 164, 155, 156, 0.255486, 0.257053, 0.242947, 0.244514
639, 163, 164, 155, 157, 0.255086, 0.256651, 0.242567, 0.245696
640, 163, 165, 155, 157, 0.254688, 0.257812, 0.242188, 0.245312
641, 163, 165, 155, 158, 0.25429, 0.25741, 0.24181, 0.24649
642, 164, 165, 155, 158, 0.255452, 0.257009, 0.241433, 0.246106
643, 165, 165, 155, 158, 0.25661, 0.25661, 0.241058, 0.245723
644, 165, 165, 155, 159, 0.256211, 0.256211, 0.240683, 0.246894
645, 166, 165, 155, 159, 0.257364, 0.255814, 0.24031, 0.246512
646, 166, 165, 156, 159, 0.256966, 0.255418, 0.241486, 0.24613
647, 166, 165, 156, 160, 0.256569, 0.255023, 0.241113, 0.247295
648, 167, 165, 156, 160, 0.257716, 0.25463, 0.240741, 0.246914
649, 167, 165, 157, 160, 0.257319, 0.254237, 0.241911, 0.246533
650, 167, 165, 158, 160, 0.256923, 0.253846, 0.243077, 0.246154
651, 167, 165, 158, 161, 0.256528, 0.253456, 0.242704, 0.247312
652, 167, 165, 159, 161, 0.256135, 0.253067, 0.243865, 0.246933
653, 168, 165, 159, 161, 0.257274, 0.25268, 0.243492, 0.246554
654, 168, 165, 160, 161, 0.256881, 0.252294, 0.244648, 0.246177
655, 168, 166, 160, 161, 0.256489, 0.253435, 0.244275, 0.245802
656, 169, 166, 160, 161, 0.257622, 0.253049, 0.243902, 0.245427
657, 169, 166, 160, 162, 0.25723, 0.252664, 0.243531, 0.246575
658, 169, 166, 160, 163, 0.256839, 0.25228, 0.243161, 0.24772
659, 169, 166, 161, 163, 0.256449, 0.251897, 0.24431, 0.247344
660, 169, 166, 162, 163, 0.256061, 0.251515, 0.245455, 0.24697
661, 169, 167, 162, 163, 0.255673, 0.252648, 0.245083, 0.246596
662, 170, 167, 162, 163, 0.256798, 0.252266, 0.244713, 0.246224
663, 171, 167, 162, 163, 0.257919, 0.251885, 0.244344, 0.245852
664, 171, 167, 162, 164, 0.25753, 0.251506, 0.243976, 0.246988
665, 172, 167, 162, 164, 0.258647, 0.251128, 0.243609, 0.246617
666, 172, 167, 162, 165, 0.258258, 0.250751, 0.243243, 0.247748
667, 173, 167, 162, 165, 0.25937, 0.250375, 0.242879, 0.247376
668, 174, 167, 162, 165, 0.260479, 0.25, 0.242515, 0.247006
669, 174, 167, 163, 165, 0.26009, 0.249626, 0.243647, 0.246637
670, 174, 167, 163, 166, 0.259701, 0.249254, 0.243284, 0.247761
671, 174, 167, 164, 166, 0.259314, 0.248882, 0.244411, 0.247392
672, 174, 167, 165, 166, 0.258929, 0.248512, 0.245536, 0.247024
673, 174, 167, 166, 166, 0.258544, 0.248143, 0.246657, 0.246657
674, 175, 167, 166, 166, 0.259644, 0.247774, 0.246291, 0.246291
675, 175, 167, 167, 166, 0.259259, 0.247407, 0.247407, 0.245926
676, 175, 167, 167, 167, 0.258876, 0.247041, 0.247041, 0.247041
677, 175, 167, 167, 168, 0.258493, 0.246677, 0.246677, 0.248154
678, 175, 168, 167, 168, 0.258112, 0.247788, 0.246313, 0.247788
679, 175, 169, 167, 168, 0.257732, 0.248895, 0.24595, 0.247423
680, 175, 169, 168, 168, 0.257353, 0.248529, 0.247059, 0.247059
681, 175, 169, 169, 168, 0.256975, 0.248164, 0.248164, 0.246696
682, 176, 169, 169, 168, 0.258065, 0.247801, 0.247801, 0.246334
683, 176, 169, 169, 169, 0.257687, 0.247438, 0.247438, 0.247438
684, 177, 169, 169, 169, 0.258772, 0.247076, 0.247076, 0.247076
685, 177, 169, 169, 170, 0.258394, 0.246715, 0.246715, 0.248175
686, 178, 169, 169, 170, 0.259475, 0.246356, 0.246356, 0.247813
687, 178, 169, 170, 170, 0.259098, 0.245997, 0.247453, 0.247453
688, 178, 170, 170, 170, 0.258721, 0.247093, 0.247093, 0.247093
689, 179, 170, 170, 170, 0.259797, 0.246734, 0.246734, 0.246734
690, 179, 170, 170, 171, 0.25942, 0.246377, 0.246377, 0.247826
691, 179, 170, 171, 171, 0.259045, 0.24602, 0.247467, 0.247467
692, 179, 170, 172, 171, 0.258671, 0.245665, 0.248555, 0.24711
693, 179, 170, 172, 172, 0.258297, 0.24531, 0.248196, 0.248196
694, 179, 170, 172, 173, 0.257925, 0.244957, 0.247839, 0.24928
695, 180, 170, 172, 173, 0.258993, 0.244604, 0.247482, 0.248921
696, 180, 171, 172, 173, 0.258621, 0.24569, 0.247126, 0.248563
697, 180, 171, 173, 173, 0.25825, 0.245337, 0.248207, 0.248207
698, 180, 172, 173, 173, 0.25788, 0.246418, 0.247851, 0.247851
699, 180, 173, 173, 173, 0.257511, 0.247496, 0.247496, 0.247496
700, 181, 173, 173, 173, 0.258571, 0.247143, 0.247143, 0.247143
701, 181, 173, 173, 174, 0.258203, 0.24679, 0.24679, 0.248217
702, 182, 173, 173, 174, 0.259259, 0.246439, 0.246439, 0.247863
703, 182, 174, 173, 174, 0.25889, 0.247511, 0.246088, 0.247511
704, 182, 175, 173, 174, 0.258523, 0.24858, 0.245739, 0.247159
705, 182, 175, 174, 174, 0.258156, 0.248227, 0.246809, 0.246809
706, 183, 175, 174, 174, 0.259207, 0.247875, 0.246459, 0.246459
707, 183, 175, 174, 175, 0.25884, 0.247525, 0.24611, 0.247525
708, 183, 176, 174, 175, 0.258475, 0.248588, 0.245763, 0.247175
709, 183, 177, 174, 175, 0.25811, 0.249647, 0.245416, 0.246827
710, 183, 177, 174, 176, 0.257746, 0.249296, 0.24507, 0.247887
711, 183, 177, 175, 176, 0.257384, 0.248945, 0.246132, 0.247539
712, 183, 178, 175, 176, 0.257022, 0.25, 0.245787, 0.247191
713, 183, 179, 175, 176, 0.256662, 0.251052, 0.245442, 0.246844
714, 183, 179, 176, 176, 0.256303, 0.2507, 0.246499, 0.246499
715, 184, 179, 176, 176, 0.257343, 0.25035, 0.246154, 0.246154
716, 184, 179, 176, 177, 0.256983, 0.25, 0.24581, 0.247207
717, 184, 179, 177, 177, 0.256625, 0.249651, 0.246862, 0.246862
718, 184, 179, 177, 178, 0.256267, 0.249304, 0.246518, 0.247911
719, 184, 179, 178, 178, 0.255911, 0.248957, 0.247566, 0.247566
720, 184, 180, 178, 178, 0.255556, 0.25, 0.247222, 0.247222
721, 184, 180, 178, 179, 0.255201, 0.249653, 0.246879, 0.248266
722, 185, 180, 178, 179, 0.256233, 0.249307, 0.246537, 0.247922
723, 185, 180, 178, 180, 0.255878, 0.248963, 0.246196, 0.248963
724, 185, 180, 179, 180, 0.255525, 0.248619, 0.247238, 0.248619
725, 185, 180, 179, 181, 0.255172, 0.248276, 0.246897, 0.249655
726, 185, 180, 180, 181, 0.254821, 0.247934, 0.247934, 0.249311
727, 185, 180, 180, 182, 0.25447, 0.247593, 0.247593, 0.250344
728, 185, 181, 180, 182, 0.254121, 0.248626, 0.247253, 0.25
729, 185, 181, 180, 183, 0.253772, 0.248285, 0.246914, 0.251029
730, 185, 182, 180, 183, 0.253425, 0.249315, 0.246575, 0.250685
731, 186, 182, 180, 183, 0.254446, 0.248974, 0.246238, 0.250342
732, 187, 182, 180, 183, 0.255464, 0.248634, 0.245902, 0.25
733, 188, 182, 180, 183, 0.25648, 0.248295, 0.245566, 0.249659
734, 188, 182, 181, 183, 0.256131, 0.247956, 0.246594, 0.249319
735, 188, 182, 181, 184, 0.255782, 0.247619, 0.246259, 0.25034
736, 188, 183, 181, 184, 0.255435, 0.248641, 0.245924, 0.25
737, 188, 183, 182, 184, 0.255088, 0.248304, 0.246947, 0.249661
738, 189, 183, 182, 184, 0.256098, 0.247967, 0.246612, 0.249322
739, 189, 184, 182, 184, 0.255751, 0.248985, 0.246279, 0.248985
740, 190, 184, 182, 184, 0.256757, 0.248649, 0.245946, 0.248649
741, 191, 184, 182, 184, 0.25776, 0.248313, 0.245614, 0.248313
742, 191, 184, 182, 185, 0.257412, 0.247978, 0.245283, 0.249326
743, 191, 184, 183, 185, 0.257066, 0.247645, 0.246299, 0.248991
744, 191, 185, 183, 185, 0.25672, 0.248656, 0.245968, 0.248656
745, 191, 186, 183, 185, 0.256376, 0.249664, 0.245638, 0.248322
746, 191, 186, 184, 185, 0.256032, 0.24933, 0.246649, 0.247989
747, 191, 186, 184, 186, 0.255689, 0.248996, 0.246319, 0.248996
748, 191, 187, 184, 186, 0.255348, 0.25, 0.245989, 0.248663
749, 191, 187, 185, 186, 0.255007, 0.249666, 0.246996, 0.248331
750, 191, 188, 185, 186, 0.254667, 0.250667, 0.246667, 0.248
751, 191, 188, 186, 186, 0.254328, 0.250333, 0.24767, 0.24767
752, 191, 188, 186, 187, 0.253989, 0.25, 0.24734, 0.24867
753, 191, 189, 186, 187, 0.253652, 0.250996, 0.247012, 0.24834
754, 192, 189, 186, 187, 0.254642, 0.250663, 0.246684, 0.248011
755, 192, 189, 186, 188, 0.254305, 0.250331, 0.246358, 0.249007
756, 192, 189, 186, 189, 0.253968, 0.25, 0.246032, 0.25
757, 192, 190, 186, 189, 0.253633, 0.250991, 0.245707, 0.24967
758, 193, 190, 186, 189, 0.254617, 0.25066, 0.245383, 0.24934
759, 193, 190, 187, 189, 0.254282, 0.250329, 0.246377, 0.249012
760, 193, 190, 188, 189, 0.253947, 0.25, 0.247368, 0.248684
761, 194, 190, 188, 189, 0.254928, 0.249671, 0.247043, 0.248357
762, 194, 190, 188, 190, 0.254593, 0.249344, 0.246719, 0.249344
763, 194, 191, 188, 190, 0.25426, 0.250328, 0.246396, 0.249017
764, 194, 191, 188, 191, 0.253927, 0.25, 0.246073, 0.25
765, 194, 192, 188, 191, 0.253595, 0.25098, 0.245752, 0.249673
766, 195, 192, 188, 191, 0.254569, 0.250653, 0.245431, 0.249347
767, 196, 192, 188, 191, 0.255541, 0.250326, 0.245111, 0.249022
768, 197, 192, 188, 191, 0.25651, 0.25, 0.244792, 0.248698
769, 197, 193, 188, 191, 0.256177, 0.250975, 0.244473, 0.248375
770, 197, 193, 188, 192, 0.255844, 0.250649, 0.244156, 0.249351
771, 198, 193, 188, 192, 0.256809, 0.250324, 0.243839, 0.249027
772, 199, 193, 188, 192, 0.257772, 0.25, 0.243523, 0.248705
773, 199, 193, 188, 193, 0.257439, 0.249677, 0.243208, 0.249677
774, 199, 194, 188, 193, 0.257106, 0.250646, 0.242894, 0.249354
775, 199, 194, 188, 194, 0.256774, 0.250323, 0.242581, 0.250323
776, 199, 194, 189, 194, 0.256443, 0.25, 0.243557, 0.25
777, 200, 194, 189, 194, 0.2574, 0.249678, 0.243243, 0.249678
778, 200, 194, 190, 194, 0.257069, 0.249357, 0.244216, 0.249357
779, 200, 195, 190, 194, 0.256739, 0.250321, 0.243902, 0.249037
780, 200, 195, 190, 195, 0.25641, 0.25, 0.24359, 0.25
781, 200, 195, 190, 196, 0.256082, 0.24968, 0.243278, 0.25096
782, 200, 195, 191, 196, 0.255754, 0.249361, 0.244246, 0.250639
783, 200, 195, 192, 196, 0.255428, 0.249042, 0.245211, 0.250319
784, 200, 195, 192, 197, 0.255102, 0.248724, 0.244898, 0.251276
785, 201, 195, 192, 197, 0.256051, 0.248408, 0.244586, 0.250955
786, 202, 195, 192, 197, 0.256997, 0.248092, 0.244275, 0.250636
787, 202, 195, 193, 197, 0.256671, 0.247776, 0.245235, 0.250318
788, 203, 195, 193, 197, 0.257614, 0.247462, 0.244924, 0.25
789, 203, 196, 193, 197, 0.257288, 0.248416, 0.244613, 0.249683
790, 203, 196, 194, 197, 0.256962, 0.248101, 0.24557, 0.249367
791, 203, 196, 194, 198, 0.256637, 0.247788, 0.245259, 0.250316
792, 203, 196, 194, 199, 0.256313, 0.247475, 0.244949, 0.251263
793, 203, 196, 194, 200, 0.25599, 0.247163, 0.244641, 0.252207
794, 203, 197, 194, 200, 0.255668, 0.248111, 0.244332, 0.251889
795, 203, 197, 195, 200, 0.255346, 0.247799, 0.245283, 0.251572
796, 203, 197, 196, 200, 0.255025, 0.247487, 0.246231, 0.251256
797, 203, 197, 197, 200, 0.254705, 0.247177, 0.247177, 0.250941
798, 203, 198, 197, 200, 0.254386, 0.24812, 0.246867, 0.250627
799, 203, 198, 197, 201, 0.254068, 0.24781, 0.246558, 0.251564
800, 203, 198, 198, 201, 0.25375, 0.2475, 0.2475, 0.25125
801, 203, 199, 198, 201, 0.253433, 0.248439, 0.247191, 0.250936
802, 203, 199, 198, 202, 0.253117, 0.24813, 0.246883, 0.25187
803, 203, 199, 198, 203, 0.252802, 0.247821, 0.246575, 0.252802
804, 204, 199, 198, 203, 0.253731, 0.247512, 0.246269, 0.252488
805, 204, 200, 198, 203, 0.253416, 0.248447, 0.245963, 0.252174
806, 204, 200, 199, 203, 0.253102, 0.248139, 0.246898, 0.251861
807, 204, 201, 199, 203, 0.252788, 0.249071, 0.246592, 0.251549
808, 204, 202, 199, 203, 0.252475, 0.25, 0.246287, 0.251238
809, 204, 202, 199, 204, 0.252163, 0.249691, 0.245983, 0.252163
810, 204, 203, 199, 204, 0.251852, 0.250617, 0.245679, 0.251852
811, 204, 203, 200, 204, 0.251541, 0.250308, 0.246609, 0.251541
812, 204, 203, 200, 205, 0.251232, 0.25, 0.246305, 0.252463
813, 204, 203, 201, 205, 0.250923, 0.249692, 0.247232, 0.252153
814, 204, 203, 201, 206, 0.250614, 0.249386, 0.246929, 0.253071
815, 204, 203, 202, 206, 0.250307, 0.24908, 0.247853, 0.252761
816, 204, 203, 203, 206, 0.25, 0.248775, 0.248775, 0.252451
817, 204, 203, 204, 206, 0.249694, 0.24847, 0.249694, 0.252142
818, 204, 203, 204, 207, 0.249389, 0.248166, 0.249389, 0.253056
819, 204, 203, 204, 208, 0.249084, 0.247863, 0.249084, 0.253968
820, 204, 203, 204, 209, 0.24878, 0.247561, 0.24878, 0.254878
821, 204, 204, 204, 209, 0.248477, 0.248477, 0.248477, 0.254568
822, 204, 204, 205, 209, 0.248175, 0.248175, 0.249392, 0.254258
823, 205, 204, 205, 209, 0.249089, 0.247874, 0.249089, 0.253949
824, 205, 204, 205, 210, 0.248786, 0.247573, 0.248786, 0.254854
825, 205, 204, 205, 211, 0.248485, 0.247273, 0.248485, 0.255758
826, 205, 204, 205, 212, 0.248184, 0.246973, 0.248184, 0.256659
827, 206, 204, 205, 212, 0.249093, 0.246675, 0.247884, 0.256348
828, 206, 204, 206, 212, 0.248792, 0.246377, 0.248792, 0.256039
829, 206, 204, 206, 213, 0.248492, 0.24608, 0.248492, 0.256936
830, 206, 204, 207, 213, 0.248193, 0.245783, 0.249398, 0.256627
831, 206, 205, 207, 213, 0.247894, 0.246691, 0.249097, 0.256318
832, 206, 206, 207, 213, 0.247596, 0.247596, 0.248798, 0.25601
833, 207, 206, 207, 213, 0.248499, 0.247299, 0.248499, 0.255702
834, 207, 206, 208, 213, 0.248201, 0.247002, 0.2494, 0.255396
835, 208, 206, 208, 213, 0.249102, 0.246707, 0.249102, 0.25509
836, 209, 206, 208, 213, 0.25, 0.246411, 0.248804, 0.254785
837, 209, 206, 209, 213, 0.249701, 0.246117, 0.249701, 0.25448
838, 209, 206, 209, 214, 0.249403, 0.245823, 0.249403, 0.25537
839, 209, 206, 209, 215, 0.249106, 0.24553, 0.249106, 0.256257
840, 209, 207, 209, 215, 0.24881, 0.246429, 0.24881, 0.255952
841, 209, 208, 209, 215, 0.248514, 0.247325, 0.248514, 0.255648
842, 210, 208, 209, 215, 0.249406, 0.247031, 0.248219, 0.255344
843, 210, 209, 209, 215, 0.24911, 0.247924, 0.247924, 0.255042
844, 210, 209, 209, 216, 0.248815, 0.24763, 0.24763, 0.255924
845, 211, 209, 209, 216, 0.249704, 0.247337, 0.247337, 0.255621
846, 212, 209, 209, 216, 0.250591, 0.247045, 0.247045, 0.255319
847, 212, 209, 210, 216, 0.250295, 0.246753, 0.247934, 0.255018
848, 213, 209, 210, 216, 0.251179, 0.246462, 0.247642, 0.254717
849, 213, 210, 210, 216, 0.250883, 0.24735, 0.24735, 0.254417
850, 213, 210, 210, 217, 0.250588, 0.247059, 0.247059, 0.255294
851, 213, 211, 210, 217, 0.250294, 0.247944, 0.246769, 0.254994
852, 213, 212, 210, 217, 0.25, 0.248826, 0.246479, 0.254695
853, 214, 212, 210, 217, 0.250879, 0.248535, 0.24619, 0.254396
854, 214, 212, 211, 217, 0.250585, 0.248244, 0.247073, 0.254098
855, 215, 212, 211, 217, 0.251462, 0.247953, 0.246784, 0.253801
856, 215, 212, 212, 217, 0.251168, 0.247664, 0.247664, 0.253505
857, 215, 212, 213, 217, 0.250875, 0.247375, 0.248541, 0.253209
858, 215, 213, 213, 217, 0.250583, 0.248252, 0.248252, 0.252914
859, 215, 214, 213, 217, 0.250291, 0.249127, 0.247963, 0.252619
860, 215, 214, 213, 218, 0.25, 0.248837, 0.247674, 0.253488
861, 215, 215, 213, 218, 0.24971, 0.24971, 0.247387, 0.253194
862, 215, 216, 213, 218, 0.24942, 0.25058, 0.2471, 0.2529
863, 215, 217, 213, 218, 0.249131, 0.251448, 0.246813, 0.252607
864, 215, 217, 214, 218, 0.248843, 0.251157, 0.247685, 0.252315
865, 215, 218, 214, 218, 0.248555, 0.252023, 0.247399, 0.252023
866, 215, 218, 215, 218, 0.248268, 0.251732, 0.248268, 0.251732
867, 216, 218, 215, 218, 0.249135, 0.251442, 0.247982, 0.251442
868, 216, 218, 216, 218, 0.248848, 0.251152, 0.248848, 0.251152
869, 216, 218, 217, 218, 0.248562, 0.250863, 0.249712, 0.250863
870, 217, 218, 217, 218, 0.249425, 0.250575, 0.249425, 0.250575
871, 217, 218, 217, 219, 0.249139, 0.250287, 0.249139, 0.251435
872, 217, 219, 217, 219, 0.248853, 0.251147, 0.248853, 0.251147
873, 217, 219, 218, 219, 0.248568, 0.250859, 0.249714, 0.250859
874, 217, 220, 218, 219, 0.248284, 0.251716, 0.249428, 0.250572
875, 217, 220, 218, 220, 0.248, 0.251429, 0.249143, 0.251429
876, 217, 220, 219, 220, 0.247717, 0.251142, 0.25, 0.251142
877, 218, 220, 219, 220, 0.248575, 0.250855, 0.249715, 0.250855
878, 218, 220, 220, 220, 0.248292, 0.250569, 0.250569, 0.250569
879, 219, 220, 220, 220, 0.249147, 0.250284, 0.250284, 0.250284
880, 219, 221, 220, 220, 0.248864, 0.251136, 0.25, 0.25
881, 219, 221, 221, 220, 0.248581, 0.250851, 0.250851, 0.249716
882, 219, 222, 221, 220, 0.248299, 0.251701, 0.250567, 0.249433
883, 219, 222, 222, 220, 0.248018, 0.251416, 0.251416, 0.249151
884, 220, 222, 222, 220, 0.248869, 0.251131, 0.251131, 0.248869
885, 221, 222, 222, 220, 0.249718, 0.250847, 0.250847, 0.248588
886, 222, 222, 222, 220, 0.250564, 0.250564, 0.250564, 0.248307
887, 222, 222, 222, 221, 0.250282, 0.250282, 0.250282, 0.249154
888, 222, 223, 222, 221, 0.25, 0.251126, 0.25, 0.248874
889, 222, 223, 222, 222, 0.249719, 0.250844, 0.249719, 0.249719
890, 222, 224, 222, 222, 0.249438, 0.251685, 0.249438, 0.249438
891, 222, 224, 222, 223, 0.249158, 0.251403, 0.249158, 0.250281
892, 223, 224, 222, 223, 0.25, 0.251121, 0.248879, 0.25
893, 223, 225, 222, 223, 0.24972, 0.25196, 0.2486, 0.24972
894, 223, 226, 222, 223, 0.249441, 0.252796, 0.248322, 0.249441
895, 223, 226, 223, 223, 0.249162, 0.252514, 0.249162, 0.249162
896, 223, 226, 224, 223, 0.248884, 0.252232, 0.25, 0.248884
897, 224, 226, 224, 223, 0.249721, 0.251951, 0.249721, 0.248606
898, 224, 226, 224, 224, 0.249443, 0.25167, 0.249443, 0.249443
899, 225, 226, 224, 224, 0.250278, 0.25139, 0.249166, 0.249166
900, 226, 226, 224, 224, 0.251111, 0.251111, 0.248889, 0.248889
901, 226, 226, 225, 224, 0.250832, 0.250832, 0.249723, 0.248613
902, 226, 226, 225, 225, 0.250554, 0.250554, 0.249446, 0.249446
903, 227, 226, 225, 225, 0.251384, 0.250277, 0.249169, 0.249169
904, 227, 226, 225, 226, 0.251106, 0.25, 0.248894, 0.25
905, 228, 226, 225, 226, 0.251934, 0.249724, 0.248619, 0.249724
906, 229, 226, 225, 226, 0.252759, 0.249448, 0.248344, 0.249448
907, 229, 227, 225, 226, 0.252481, 0.250276, 0.248071, 0.249173
908, 230, 227, 225, 226, 0.253304, 0.25, 0.247797, 0.248899
909, 230, 228, 225, 226, 0.253025, 0.250825, 0.247525, 0.248625
910, 230, 229, 225, 226, 0.252747, 0.251648, 0.247253, 0.248352
911, 230, 229, 225, 227, 0.25247, 0.251372, 0.246981, 0.249177
912, 231, 229, 225, 227, 0.253289, 0.251096, 0.246711, 0.248904
913, 232, 229, 225, 227, 0.254107, 0.250821, 0.24644, 0.248631
914, 232, 229, 225, 228, 0.253829, 0.250547, 0.246171, 0.249453
915, 232, 229, 225, 229, 0.253552, 0.250273, 0.245902, 0.250273
916, 232, 230, 225, 229, 0.253275, 0.251092, 0.245633, 0.25
917, 233, 230, 225, 229, 0.254089, 0.250818, 0.245365, 0.249727
918, 234, 230, 225, 229, 0.254902, 0.250545, 0.245098, 0.249455
919, 234, 230, 226, 229, 0.254625, 0.250272, 0.245919, 0.249184
920, 235, 230, 226, 229, 0.255435, 0.25, 0.245652, 0.248913
921, 236, 230, 226, 229, 0.256243, 0.249729, 0.245385, 0.248643
922, 236, 231, 226, 229, 0.255965, 0.250542, 0.245119, 0.248373
923, 236, 231, 227, 229, 0.255688, 0.250271, 0.245937, 0.248104
924, 236, 231, 227, 230, 0.255411, 0.25, 0.245671, 0.248918
925, 237, 231, 227, 230, 0.256216, 0.24973, 0.245405, 0.248649
926, 237, 231, 228, 230, 0.25594, 0.24946, 0.24622, 0.24838
927, 238, 231, 228, 230, 0.256742, 0.249191, 0.245955, 0.248112
928, 238, 232, 228, 230, 0.256466, 0.25, 0.24569, 0.247845
929, 238, 232, 229, 230, 0.256189, 0.249731, 0.246502, 0.247578
930, 239, 232, 229, 230, 0.256989, 0.249462, 0.246237, 0.247312
931, 239, 233, 229, 230, 0.256713, 0.250269, 0.245972, 0.247046
932, 239, 234, 229, 230, 0.256438, 0.251073, 0.245708, 0.246781
933, 239, 234, 230, 230, 0.256163, 0.250804, 0.246517, 0.246517
934, 239, 234, 230, 231, 0.255889, 0.250535, 0.246253, 0.247323
935, 239, 234, 230, 232, 0.255615, 0.250267, 0.245989, 0.248128
936, 239, 235, 230, 232, 0.255342, 0.251068, 0.245726, 0.247863
937, 239, 235, 231, 232, 0.255069, 0.2508, 0.246531, 0.247599
938, 239, 235, 232, 232, 0.254797, 0.250533, 0.247335, 0.247335
939, 240, 235, 232, 232, 0.255591, 0.250266, 0.247071, 0.247071
940, 240, 235, 232, 233, 0.255319, 0.25, 0.246809, 0.247872
941, 240, 236, 232, 233, 0.255048, 0.250797, 0.246546, 0.247609
942, 240, 236, 233, 233, 0.254777, 0.250531, 0.247346, 0.247346
943, 241, 236, 233, 233, 0.255567, 0.250265, 0.247084, 0.247084
944, 242, 236, 233, 233, 0.256356, 0.25, 0.246822, 0.246822
945, 243, 236, 233, 233, 0.257143, 0.249735, 0.246561, 0.246561
946, 243, 237, 233, 233, 0.256871, 0.250529, 0.2463, 0.2463
947, 243, 238, 233, 233, 0.2566, 0.25132, 0.24604, 0.24604
948, 243, 238, 234, 233, 0.256329, 0.251055, 0.246835, 0.245781
949, 243, 239, 234, 233, 0.256059, 0.251844, 0.246575, 0.245522
950, 243, 239, 234, 234, 0.255789, 0.251579, 0.246316, 0.246316
951, 244, 239, 234, 234, 0.256572, 0.251314, 0.246057, 0.246057
952, 245, 239, 234, 234, 0.257353, 0.25105, 0.245798, 0.245798
953, 246, 239, 234, 234, 0.258132, 0.250787, 0.24554, 0.24554
954, 246, 239, 234, 235, 0.257862, 0.250524, 0.245283, 0.246331
955, 247, 239, 234, 235, 0.258639, 0.250262, 0.245026, 0.246073
956, 247, 240, 234, 235, 0.258368, 0.251046, 0.24477, 0.245816
957, 247, 241, 234, 235, 0.258098, 0.251829, 0.244514, 0.245559
958, 247, 242, 234, 235, 0.257829, 0.25261, 0.244259, 0.245303
959, 247, 242, 235, 235, 0.25756, 0.252346, 0.245047, 0.245047
960, 247, 243, 235, 235, 0.257292, 0.253125, 0.244792, 0.244792
961, 247, 243, 235, 236, 0.257024, 0.252862, 0.244537, 0.245578
962, 247, 243, 236, 236, 0.256757, 0.252599, 0.245322, 0.245322
963, 247, 243, 236, 237, 0.25649, 0.252336, 0.245067, 0.246106
964, 247, 243, 237, 237, 0.256224, 0.252075, 0.245851, 0.245851
965, 247, 243, 237, 238, 0.255959, 0.251813, 0.245596, 0.246632
966, 248, 243, 237, 238, 0.256729, 0.251553, 0.245342, 0.246377
967, 249, 243, 237, 238, 0.257497, 0.251293, 0.245088, 0.246122
968, 249, 243, 238, 238, 0.257231, 0.251033, 0.245868, 0.245868
969, 249, 244, 238, 238, 0.256966, 0.251806, 0.245614, 0.245614
970, 249, 245, 238, 238, 0.256701, 0.252577, 0.245361, 0.245361
971, 249, 245, 238, 239, 0.256437, 0.252317, 0.245108, 0.246138
972, 249, 245, 238, 240, 0.256173, 0.252058, 0.244856, 0.246914
973, 249, 245, 238, 241, 0.25591, 0.251799, 0.244604, 0.247688
974, 249, 245, 238, 242, 0.255647, 0.25154, 0.244353, 0.24846
975, 249, 246, 238, 242, 0.255385, 0.252308, 0.244103, 0.248205
976, 250, 246, 238, 242, 0.256148, 0.252049, 0.243852, 0.247951
977, 250, 246, 239, 242, 0.255885, 0.251791, 0.244626, 0.247697
978, 250, 246, 240, 242, 0.255624, 0.251534, 0.245399, 0.247444
979, 250, 247, 240, 242, 0.255363, 0.252298, 0.245148, 0.247191
980, 250, 247, 240, 243, 0.255102, 0.252041, 0.244898, 0.247959
981, 250, 248, 240, 243, 0.254842, 0.252803, 0.244648, 0.247706
982, 250, 248, 240, 244, 0.254582, 0.252546, 0.244399, 0.248473
983, 250, 248, 240, 245, 0.254323, 0.252289, 0.244151, 0.249237
984, 251, 248, 240, 245, 0.255081, 0.252033, 0.243902, 0.248984
985, 251, 248, 241, 245, 0.254822, 0.251777, 0.24467, 0.248731
986, 251, 248, 242, 245, 0.254564, 0.251521, 0.245436, 0.248479
987, 251, 249, 242, 245, 0.254306, 0.25228, 0.245187, 0.248227
988, 251, 250, 242, 245, 0.254049, 0.253036, 0.244939, 0.247976
989, 252, 250, 242, 245, 0.254803, 0.252781, 0.244692, 0.247725
990, 252, 250, 242, 246, 0.254545, 0.252525, 0.244444, 0.248485
991, 253, 250, 242, 246, 0.255298, 0.25227, 0.244198, 0.248234
992, 253, 250, 242, 247, 0.25504, 0.252016, 0.243952, 0.248992
993, 253, 250, 243, 247, 0.254783, 0.251762, 0.244713, 0.248741
994, 253, 250, 244, 247, 0.254527, 0.251509, 0.245473, 0.248491
995, 254, 250, 244, 247, 0.255276, 0.251256, 0.245226, 0.248241
996, 254, 251, 244, 247, 0.25502, 0.252008, 0.24498, 0.247992
997, 254, 252, 244, 247, 0.254764, 0.252758, 0.244734, 0.247743
998, 254, 253, 244, 247, 0.254509, 0.253507, 0.244489, 0.247495
999, 254, 254, 244, 247, 0.254254, 0.254254, 0.244244, 0.247247
1000, 254, 254, 245, 247, 0.254, 0.254, 0.245, 0.247
1001, 254, 254, 245, 248, 0.253746, 0.253746, 0.244755, 0.247752
1002, 254, 255, 245, 248, 0.253493, 0.254491, 0.244511, 0.247505
1003, 255, 255, 245, 248, 0.254237, 0.254237, 0.244267, 0.247258
1004, 255, 255, 245, 249, 0.253984, 0.253984, 0.244024, 0.248008
1005, 255, 256, 245, 249, 0.253731, 0.254726, 0.243781, 0.247761
1006, 256, 256, 245, 249, 0.254473, 0.254473, 0.243539, 0.247515
1007, 256, 256, 246, 249, 0.25422, 0.25422, 0.24429, 0.247269
1008, 256, 257, 246, 249, 0.253968, 0.25496, 0.244048, 0.247024
1009, 257, 257, 246, 249, 0.254708, 0.254708, 0.243806, 0.246779
1010, 257, 257, 247, 249, 0.254455, 0.254455, 0.244554, 0.246535
1011, 257, 258, 247, 249, 0.254204, 0.255193, 0.244313, 0.246291
1012, 257, 259, 247, 249, 0.253953, 0.255929, 0.244071, 0.246047
1013, 257, 259, 248, 249, 0.253702, 0.255676, 0.244817, 0.245805
1014, 257, 259, 248, 250, 0.253452, 0.255424, 0.244576, 0.246548
1015, 257, 260, 248, 250, 0.253202, 0.256158, 0.244335, 0.246305
1016, 258, 260, 248, 250, 0.253937, 0.255906, 0.244094, 0.246063
1017, 259, 260, 248, 250, 0.254671, 0.255654, 0.243854, 0.245821
1018, 259, 260, 249, 250, 0.25442, 0.255403, 0.244597, 0.24558
1019, 259, 261, 249, 250, 0.254171, 0.256133, 0.244357, 0.245339
1020, 259, 261, 249, 251, 0.253922, 0.255882, 0.244118, 0.246078
1021, 259, 262, 249, 251, 0.253673, 0.256611, 0.243879, 0.245837
1022, 259, 262, 250, 251, 0.253425, 0.25636, 0.244618, 0.245597
1023, 259, 262, 250, 252, 0.253177, 0.256109, 0.244379, 0.246334
1024, 259, 263, 250, 252, 0.25293, 0.256836, 0.244141, 0.246094
1025, 260, 263, 250, 252, 0.253659, 0.256585, 0.243902, 0.245854
1026, 260, 263, 251, 252, 0.253411, 0.256335, 0.244639, 0.245614
1027, 260, 264, 251, 252, 0.253165, 0.257059, 0.244401, 0.245375
1028, 261, 264, 251, 252, 0.253891, 0.256809, 0.244163, 0.245136
1029, 261, 264, 252, 252, 0.253644, 0.25656, 0.244898, 0.244898
1030, 262, 264, 252, 252, 0.254369, 0.256311, 0.24466, 0.24466
1031, 263, 264, 252, 252, 0.255092, 0.256062, 0.244423, 0.244423
1032, 264, 264, 252, 252, 0.255814, 0.255814, 0.244186, 0.244186
1033, 264, 265, 252, 252, 0.255566, 0.256534, 0.24395, 0.24395
1034, 264, 265, 252, 253, 0.255319, 0.256286, 0.243714, 0.244681
1035, 265, 265, 252, 253, 0.256039, 0.256039, 0.243478, 0.244444
1036, 265, 265, 252, 254, 0.255792, 0.255792, 0.243243, 0.245174
1037, 265, 266, 252, 254, 0.255545, 0.256509, 0.243009, 0.244937
1038, 265, 267, 252, 254, 0.255299, 0.257225, 0.242775, 0.244701
1039, 265, 267, 253, 254, 0.255053, 0.256978, 0.243503, 0.244466
1040, 265, 268, 253, 254, 0.254808, 0.257692, 0.243269, 0.244231
1041, 265, 269, 253, 254, 0.254563, 0.258405, 0.243036, 0.243996
1042, 266, 269, 253, 254, 0.255278, 0.258157, 0.242802, 0.243762
1043, 266, 269, 253, 255, 0.255034, 0.25791, 0.24257, 0.244487
1044, 266, 269, 254, 255, 0.254789, 0.257663, 0.243295, 0.244253
1045, 266, 269, 254, 256, 0.254545, 0.257416, 0.243062, 0.244976
1046, 267, 269, 254, 256, 0.255258, 0.25717, 0.24283, 0.244742
1047, 267, 269, 255, 256, 0.255014, 0.256925, 0.243553, 0.244508
1048, 267, 269, 256, 256, 0.254771, 0.256679, 0.244275, 0.244275
1049, 267, 269, 257, 256, 0.254528, 0.256435, 0.244995, 0.244042
1050, 267, 269, 258, 256, 0.254286, 0.25619, 0.245714, 0.24381
1051, 267, 269, 259, 256, 0.254044, 0.255947, 0.246432, 0.243578
1052, 267, 269, 260, 256, 0.253802, 0.255703, 0.247148, 0.243346
1053, 267, 270, 260, 256, 0.253561, 0.25641, 0.246914, 0.243115
1054, 267, 270, 261, 256, 0.253321, 0.256167, 0.247628, 0.242884
1055, 267, 270, 262, 256, 0.253081, 0.255924, 0.248341, 0.242654
1056, 267, 270, 263, 256, 0.252841, 0.255682, 0.249053, 0.242424
1057, 267, 271, 263, 256, 0.252602, 0.256386, 0.248817, 0.242195
1058, 267, 271, 263, 257, 0.252363, 0.256144, 0.248582, 0.242911
1059, 268, 271, 263, 257, 0.253069, 0.255902, 0.248347, 0.242682
1060, 269, 271, 263, 257, 0.253774, 0.25566, 0.248113, 0.242453
1061, 270, 271, 263, 257, 0.254477, 0.255419, 0.247879, 0.242224
1062, 270, 271, 263, 258, 0.254237, 0.255179, 0.247646, 0.242938
1063, 271, 271, 263, 258, 0.254939, 0.254939, 0.247413, 0.242709
1064, 271, 272, 263, 258, 0.254699, 0.255639, 0.24718, 0.242481
1065, 271, 272, 263, 259, 0.25446, 0.255399, 0.246948, 0.243192
1066, 272, 272, 263, 259, 0.255159, 0.255159, 0.246717, 0.242964
1067, 272, 272, 263, 260, 0.25492, 0.25492, 0.246485, 0.243674
1068, 272, 273, 263, 260, 0.254682, 0.255618, 0.246255, 0.243446
1069, 273, 273, 263, 260, 0.255379, 0.255379, 0.246024, 0.243218
1070, 273, 274, 263, 260, 0.25514, 0.256075, 0.245794, 0.242991
1071, 273, 274, 264, 260, 0.254902, 0.255836, 0.246499, 0.242764
1072, 273, 274, 264, 261, 0.254664, 0.255597, 0.246269, 0.24347
1073, 274, 274, 264, 261, 0.255359, 0.255359, 0.246039, 0.243243
1074, 274, 275, 264, 261, 0.255121, 0.256052, 0.24581, 0.243017
1075, 274, 275, 264, 262, 0.254884, 0.255814, 0.245581, 0.243721
1076, 274, 275, 265, 262, 0.254647, 0.255576, 0.246283, 0.243494
1077, 275, 275, 265, 262, 0.255339, 0.255339, 0.246054, 0.243268
1078, 275, 275, 265, 263, 0.255102, 0.255102, 0.245826, 0.24397
1079, 275, 275, 266, 263, 0.254866, 0.254866, 0.246525, 0.243744
1080, 275, 276, 266, 263, 0.25463, 0.255556, 0.246296, 0.243519
1081, 275, 276, 266, 264, 0.254394, 0.255319, 0.246068, 0.244218
1082, 275, 276, 266, 265, 0.254159, 0.255083, 0.245841, 0.244917
1083, 275, 276, 266, 266, 0.253924, 0.254848, 0.245614, 0.245614
1084, 275, 277, 266, 266, 0.25369, 0.255535, 0.245387, 0.245387
1085, 276, 277, 266, 266, 0.254378, 0.2553, 0.245161, 0.245161
1086, 276, 277, 267, 266, 0.254144, 0.255064, 0.245856, 0.244936
1087, 276, 278, 267, 266, 0.25391, 0.25575, 0.24563, 0.24471
1088, 277, 278, 267, 266, 0.254596, 0.255515, 0.245404, 0.244485
1089, 277, 278, 267, 267, 0.254362, 0.25528, 0.245179, 0.245179
1090, 277, 279, 267, 267, 0.254128, 0.255963, 0.244954, 0.244954
1091, 277, 279, 267, 268, 0.253896, 0.255729, 0.24473, 0.245646
1092, 277, 279, 268, 268, 0.253663, 0.255495, 0.245421, 0.245421
1093, 277, 279, 268, 269, 0.253431, 0.255261, 0.245197, 0.246112
1094, 277, 279, 269, 269, 0.253199, 0.255027, 0.245887, 0.245887
1095, 277, 279, 269, 270, 0.252968, 0.254795, 0.245662, 0.246575
1096, 277, 279, 270, 270, 0.252737, 0.254562, 0.24635, 0.24635
1097, 277, 280, 270, 270, 0.252507, 0.255242, 0.246126, 0.246126
1098, 277, 280, 270, 271, 0.252277, 0.255009, 0.245902, 0.246812
1099, 277, 281, 270, 271, 0.252047, 0.255687, 0.245678, 0.246588
1100, 277, 281, 271, 271, 0.251818, 0.255455, 0.246364, 0.246364
1101, 277, 281, 272, 271, 0.251589, 0.255223, 0.247048, 0.24614
1102, 277, 281, 272, 272, 0.251361, 0.254991, 0.246824, 0.246824
1103, 277, 281, 272, 273, 0.251133, 0.25476, 0.2466, 0.247507
1104, 277, 281, 272, 274, 0.250906, 0.254529, 0.246377, 0.248188
1105, 277, 281, 272, 275, 0.250679, 0.254299, 0.246154, 0.248869
1106, 277, 281, 272, 276, 0.250452, 0.254069, 0.245931, 0.249548
1107, 277, 281, 273, 276, 0.250226, 0.253839, 0.246612, 0.249322
1108, 278, 281, 273, 276, 0.250903, 0.25361, 0.24639, 0.249097
1109, 278, 282, 273, 276, 0.250676, 0.254283, 0.246168, 0.248873
1110, 278, 282, 274, 276, 0.25045, 0.254054, 0.246847, 0.248649
1111, 278, 282, 275, 276, 0.250225, 0.253825, 0.247525, 0.248425
1112, 278, 283, 275, 276, 0.25, 0.254496, 0.247302, 0.248201
1113, 278, 284, 275, 276, 0.249775, 0.255166, 0.24708, 0.247978
1114, 278, 284, 276, 276, 0.249551, 0.254937, 0.247756, 0.247756
1115, 279, 284, 276, 276, 0.250224, 0.254709, 0.247534, 0.247534
1116, 279, 284, 277, 276, 0.25, 0.25448, 0.248208, 0.247312
1117, 279, 285, 277, 276, 0.249776, 0.255148, 0.247986, 0.24709
1118, 280, 285, 277, 276, 0.250447, 0.254919, 0.247764, 0.246869
1119, 280, 286, 277, 276, 0.250223, 0.255585, 0.247542, 0.246649
1120, 280, 286, 277, 277, 0.25, 0.255357, 0.247321, 0.247321
1121, 280, 286, 278, 277, 0.249777, 0.255129, 0.247993, 0.247101
1122, 281, 286, 278, 277, 0.250446, 0.254902, 0.247772, 0.246881
1123, 281, 286, 278, 278, 0.250223, 0.254675, 0.247551, 0.247551
1124, 282, 286, 278, 278, 0.25089, 0.254448, 0.247331, 0.247331
1125, 283, 286, 278, 278, 0.251556, 0.254222, 0.247111, 0.247111
1126, 283, 286, 278, 279, 0.251332, 0.253996, 0.246892, 0.24778
1127, 283, 286, 279, 279, 0.251109, 0.253771, 0.24756, 0.24756
1128, 283, 286, 280, 279, 0.250887, 0.253546, 0.248227, 0.24734
1129, 283, 287, 280, 279, 0.250664, 0.254207, 0.248007, 0.247121
1130, 283, 287, 281, 279, 0.250442, 0.253982, 0.248673, 0.246903
1131, 283, 288, 281, 279, 0.250221, 0.254642, 0.248453, 0.246684
1132, 283, 288, 281, 280, 0.25, 0.254417, 0.248233, 0.24735
1133, 283, 288, 282, 280, 0.249779, 0.254192, 0.248897, 0.247132
1134, 283, 289, 282, 280, 0.249559, 0.25485, 0.248677, 0.246914
1135, 283, 289, 283, 280, 0.249339, 0.254626, 0.249339, 0.246696
1136, 283, 289, 284, 280, 0.24912, 0.254401, 0.25, 0.246479
1137, 284, 289, 284, 280, 0.24978, 0.254178, 0.24978, 0.246262
1138, 284, 290, 284, 280, 0.249561, 0.254833, 0.249561, 0.246046
1139, 284, 290, 285, 280, 0.249342, 0.254609, 0.250219, 0.24583
1140, 284, 290, 285, 281, 0.249123, 0.254386, 0.25, 0.246491
1141, 284, 291, 285, 281, 0.248904, 0.255039, 0.249781, 0.246275
1142, 285, 291, 285, 281, 0.249562, 0.254816, 0.249562, 0.24606
1143, 285, 292, 285, 281, 0.249344, 0.255468, 0.249344, 0.245844
1144, 285, 293, 285, 281, 0.249126, 0.256119, 0.249126, 0.245629
1145, 285, 293, 285, 282, 0.248908, 0.255895, 0.248908, 0.246288
1146, 285, 293, 286, 282, 0.248691, 0.255672, 0.249564, 0.246073
1147, 285, 293, 287, 282, 0.248474, 0.255449, 0.250218, 0.245859
1148, 285, 293, 287, 283, 0.248258, 0.255226, 0.25, 0.246516
1149, 285, 294, 287, 283, 0.248042, 0.255875, 0.249782, 0.246301
1150, 286, 294, 287, 283, 0.248696, 0.255652, 0.249565, 0.246087
1151, 287, 294, 287, 283, 0.249348, 0.25543, 0.249348, 0.245873
1152, 287, 294, 288, 283, 0.249132, 0.255208, 0.25, 0.24566
1153, 287, 295, 288, 283, 0.248916, 0.255854, 0.249783, 0.245447
1154, 288, 295, 288, 283, 0.249567, 0.255633, 0.249567, 0.245234
1155, 289, 295, 288, 283, 0.250216, 0.255411, 0.249351, 0.245022
1156, 289, 295, 288, 284, 0.25, 0.25519, 0.249135, 0.245675
1157, 289, 295, 289, 284, 0.249784, 0.25497, 0.249784, 0.245462
1158, 289, 296, 289, 284, 0.249568, 0.255613, 0.249568, 0.24525
1159, 290, 296, 289, 284, 0.250216, 0.255393, 0.249353, 0.245039
1160, 290, 297, 289, 284, 0.25, 0.256034, 0.249138, 0.244828
1161, 290, 297, 289, 285, 0.249785, 0.255814, 0.248923, 0.245478
1162, 290, 297, 289, 286, 0.24957, 0.255594, 0.248709, 0.246127
1163, 290, 297, 290, 286, 0.249355, 0.255374, 0.249355, 0.245916
1164, 291, 297, 290, 286, 0.25, 0.255155, 0.249141, 0.245704
1165, 291, 297, 291, 286, 0.249785, 0.254936, 0.249785, 0.245494
1166, 292, 297, 291, 286, 0.250429, 0.254717, 0.249571, 0.245283
1167, 292, 297, 291, 287, 0.250214, 0.254499, 0.249357, 0.24593
1168, 292, 298, 291, 287, 0.25, 0.255137, 0.249144, 0.245719
1169, 292, 299, 291, 287, 0.249786, 0.255774, 0.248931, 0.245509
1170, 292, 299, 291, 288, 0.249573, 0.255556, 0.248718, 0.246154
1171, 292, 299, 291, 289, 0.24936, 0.255337, 0.248506, 0.246798
1172, 293, 299, 291, 289, 0.25, 0.255119, 0.248294, 0.246587
1173, 293, 299, 291, 290, 0.249787, 0.254902, 0.248082, 0.247229
1174, 293, 299, 292, 290, 0.249574, 0.254685, 0.248722, 0.247019
1175, 293, 300, 292, 290, 0.249362, 0.255319, 0.248511, 0.246809
1176, 294, 300, 292, 290, 0.25, 0.255102, 0.248299, 0.246599
1177, 294, 300, 293, 290, 0.249788, 0.254885, 0.248938, 0.246389
1178, 294, 300, 294, 290, 0.249576, 0.254669, 0.249576, 0.24618
1179, 295, 300, 294, 290, 0.250212, 0.254453, 0.249364, 0.245971
1180, 296, 300, 294, 290, 0.250847, 0.254237, 0.249153, 0.245763
1181, 296, 301, 294, 290, 0.250635, 0.254869, 0.248942, 0.245555
1182, 296, 301, 295, 290, 0.250423, 0.254653, 0.249577, 0.245347
1183, 297, 301, 295, 290, 0.251057, 0.254438, 0.249366, 0.245139
1184, 298, 301, 295, 290, 0.251689, 0.254223, 0.249155, 0.244932
1185, 299, 301, 295, 290, 0.252321, 0.254008, 0.248945, 0.244726
1186, 299, 301, 295, 291, 0.252108, 0.253794, 0.248735, 0.245363
1187, 299, 301, 295, 292, 0.251896, 0.25358, 0.248526, 0.245998
1188, 300, 301, 295, 292, 0.252525, 0.253367, 0.248316, 0.245791
1189, 300, 301, 295, 293, 0.252313, 0.253154, 0.248108, 0.246426
1190, 300, 302, 295, 293, 0.252101, 0.253782, 0.247899, 0.246218
1191, 301, 302, 295, 293, 0.252729, 0.253568, 0.247691, 0.246012
1192, 301, 302, 295, 294, 0.252517, 0.253356, 0.247483, 0.246644
1193, 302, 302, 295, 294, 0.253143, 0.253143, 0.247276, 0.246438
1194, 302, 302, 296, 294, 0.252931, 0.252931, 0.247906, 0.246231
1195, 302, 303, 296, 294, 0.25272, 0.253556, 0.247699, 0.246025
1196, 302, 304, 296, 294, 0.252508, 0.254181, 0.247492, 0.245819
1197, 303, 304, 296, 294, 0.253133, 0.253968, 0.247285, 0.245614
1198, 304, 304, 296, 294, 0.253756, 0.253756, 0.247078, 0.245409
1199, 305, 304, 296, 294, 0.254379, 0.253545, 0.246872, 0.245204
1200, 305, 304, 296, 295, 0.254167, 0.253333, 0.246667, 0.245833
1201, 305, 305, 296, 295, 0.253955, 0.253955, 0.246461, 0.245629
1202, 305, 305, 297, 295, 0.253744, 0.253744, 0.247088, 0.245424
1203, 305, 305, 297, 296, 0.253533, 0.253533, 0.246883, 0.246052
1204, 305, 305, 298, 296, 0.253322, 0.253322, 0.247508, 0.245847
1205, 305, 305, 298, 297, 0.253112, 0.253112, 0.247303, 0.246473
1206, 305, 305, 298, 298, 0.252902, 0.252902, 0.247098, 0.247098
1207, 305, 305, 299, 298, 0.252693, 0.252693, 0.247722, 0.246893
1208, 306, 305, 299, 298, 0.253311, 0.252483, 0.247517, 0.246689
1209, 306, 305, 300, 298, 0.253102, 0.252275, 0.248139, 0.246485
1210, 306, 306, 300, 298, 0.252893, 0.252893, 0.247934, 0.246281
1211, 307, 306, 300, 298, 0.253509, 0.252684, 0.247729, 0.246078
1212, 308, 306, 300, 298, 0.254125, 0.252475, 0.247525, 0.245875
1213, 308, 306, 300, 299, 0.253916, 0.252267, 0.247321, 0.246496
1214, 308, 306, 301, 299, 0.253707, 0.252059, 0.247941, 0.246293
1215, 308, 306, 301, 300, 0.253498, 0.251852, 0.247737, 0.246914
1216, 309, 306, 301, 300, 0.254112, 0.251645, 0.247533, 0.246711
1217, 309, 306, 302, 300, 0.253903, 0.251438, 0.248151, 0.246508
1218, 309, 306, 303, 300, 0.253695, 0.251232, 0.248768, 0.246305
1219, 310, 306, 303, 300, 0.254307, 0.251025, 0.248564, 0.246103
1220, 311, 306, 303, 300, 0.254918, 0.25082, 0.248361, 0.245902
1221, 312, 306, 303, 300, 0.255528, 0.250614, 0.248157, 0.2457
1222, 312, 307, 303, 300, 0.255319, 0.251227, 0.247954, 0.245499
1223, 313, 307, 303, 300, 0.255928, 0.251022, 0.247751, 0.245298
1224, 313, 307, 303, 301, 0.255719, 0.250817, 0.247549, 0.245915
1225, 313, 307, 304, 301, 0.25551, 0.250612, 0.248163, 0.245714
1226, 313, 307, 305, 301, 0.255302, 0.250408, 0.248777, 0.245514
1227, 313, 308, 305, 301, 0.255094, 0.251019, 0.248574, 0.245314
1228, 314, 308, 305, 301, 0.2557, 0.250814, 0.248371, 0.245114
1229, 314, 308, 305, 302, 0.255492, 0.25061, 0.248169, 0.245728
1230, 314, 309, 305, 302, 0.255285, 0.25122, 0.247967, 0.245528
1231, 314, 309, 306, 302, 0.255077, 0.251015, 0.248578, 0.245329
1232, 314, 310, 306, 302, 0.25487, 0.251623, 0.248377, 0.24513
1233, 314, 310, 306, 303, 0.254663, 0.251419, 0.248175, 0.245742
1234, 314, 311, 306, 303, 0.254457, 0.252026, 0.247974, 0.245543
1235, 315, 311, 306, 303, 0.255061, 0.251822, 0.247773, 0.245344
1236, 315, 311, 306, 304, 0.254854, 0.251618, 0.247573, 0.245955
1237, 315, 312, 306, 304, 0.254648, 0.252223, 0.247373, 0.245756
1238, 316, 312, 306, 304, 0.25525, 0.252019, 0.247173, 0.245557
1239, 316, 312, 306, 305, 0.255044, 0.251816, 0.246973, 0.246166
1240, 316, 312, 307, 305, 0.254839, 0.251613, 0.247581, 0.245968
1241, 316, 313, 307, 305, 0.254633, 0.252216, 0.247381, 0.24577
1242, 316, 313, 308, 305, 0.254428, 0.252013, 0.247987, 0.245572
1243, 316, 313, 309, 305, 0.254224, 0.25181, 0.248592, 0.245374
1244, 316, 313, 310, 305, 0.254019, 0.251608, 0.249196, 0.245177
1245, 317, 313, 310, 305, 0.254618, 0.251406, 0.248996, 0.24498
1246, 317, 314, 310, 305, 0.254414, 0.252006, 0.248796, 0.244783
1247, 318, 314, 310, 305, 0.255012, 0.251804, 0.248597, 0.244587
1248, 318, 314, 311, 305, 0.254808, 0.251603, 0.249199, 0.244391
1249, 318, 314, 312, 305, 0.254604, 0.251401, 0.2498, 0.244195
1250, 318, 315, 312, 305, 0.2544, 0.252, 0.2496, 0.244
1251, 318, 316, 312, 305, 0.254197, 0.252598, 0.2494, 0.243805
1252, 318, 316, 313, 305, 0.253994, 0.252396, 0.25, 0.24361
1253, 318, 316, 313, 306, 0.253791, 0.252195, 0.2498, 0.244214
1254, 318, 316, 314, 306, 0.253589, 0.251994, 0.250399, 0.244019
1255, 318, 316, 315, 306, 0.253386, 0.251793, 0.250996, 0.243825
1256, 318, 317, 315, 306, 0.253185, 0.252389, 0.250796, 0.243631
1257, 319, 317, 315, 306, 0.253779, 0.252188, 0.250597, 0.243437
1258, 319, 317, 315, 307, 0.253577, 0.251987, 0.250397, 0.244038
1259, 319, 318, 315, 307, 0.253376, 0.252581, 0.250199, 0.243844
1260, 319, 318, 315, 308, 0.253175, 0.252381, 0.25, 0.244444
1261, 319, 318, 316, 308, 0.252974, 0.252181, 0.250595, 0.244251
1262, 319, 319, 316, 308, 0.252773, 0.252773, 0.250396, 0.244057
1263, 319, 320, 316, 308, 0.252573, 0.253365, 0.250198, 0.243864
1264, 319, 321, 316, 308, 0.252373, 0.253956, 0.25, 0.243671
1265, 319, 322, 316, 308, 0.252174, 0.254545, 0.249802, 0.243478
1266, 319, 323, 316, 308, 0.251975, 0.255134, 0.249605, 0.243286
1267, 319, 324, 316, 308, 0.251776, 0.255722, 0.249408, 0.243094
1268, 319, 325, 316, 308, 0.251577, 0.256309, 0.249211, 0.242902
1269, 319, 325, 316, 309, 0.251379, 0.256107, 0.249015, 0.243499
1270, 320, 325, 316, 309, 0.251969, 0.255906, 0.248819, 0.243307
1271, 320, 326, 316, 309, 0.25177, 0.256491, 0.248623, 0.243116
1272, 321, 326, 316, 309, 0.252358, 0.256289, 0.248428, 0.242925
1273, 321, 326, 316, 310, 0.25216, 0.256088, 0.248233, 0.243519
1274, 321, 326, 317, 310, 0.251962, 0.255887, 0.248823, 0.243328
1275, 321, 327, 317, 310, 0.251765, 0.256471, 0.248627, 0.243137
1276, 321, 327, 318, 310, 0.251567, 0.25627, 0.249216, 0.242947
1277, 322, 327, 318, 310, 0.252153, 0.256069, 0.249021, 0.242756
1278, 322, 327, 319, 310, 0.251956, 0.255869, 0.249609, 0.242567
1279, 323, 327, 319, 310, 0.252541, 0.255668, 0.249414, 0.242377
1280, 323, 328, 319, 310, 0.252344, 0.25625, 0.249219, 0.242188
1281, 323, 329, 319, 310, 0.252147, 0.256831, 0.249024, 0.241998
1282, 323, 330, 319, 310, 0.25195, 0.25741, 0.24883, 0.24181
1283, 323, 331, 319, 310, 0.251754, 0.257989, 0.248636, 0.241621
1284, 324, 331, 319, 310, 0.252336, 0.257788, 0.248442, 0.241433
1285, 324, 331, 319, 311, 0.25214, 0.257588, 0.248249, 0.242023
1286, 324, 331, 319, 312, 0.251944, 0.257387, 0.248056, 0.242613
1287, 324, 331, 320, 312, 0.251748, 0.257187, 0.24864, 0.242424
1288, 325, 331, 320, 312, 0.252329, 0.256988, 0.248447, 0.242236
1289, 325, 332, 320, 312, 0.252133, 0.257564, 0.248254, 0.242048
1290, 326, 332, 320, 312, 0.252713, 0.257364, 0.248062, 0.24186
1291, 326, 332, 320, 313, 0.252517, 0.257165, 0.24787, 0.242448
1292, 326, 332, 320, 314, 0.252322, 0.256966, 0.247678, 0.243034
1293, 327, 332, 320, 314, 0.2529, 0.256767, 0.247486, 0.242846
1294, 327, 332, 320, 315, 0.252705, 0.256569, 0.247295, 0.243431
1295, 327, 333, 320, 315, 0.25251, 0.257143, 0.247104, 0.243243
1296, 327, 333, 320, 316, 0.252315, 0.256944, 0.246914, 0.243827
1297, 327, 333, 321, 316, 0.25212, 0.256746, 0.247494, 0.243639
1298, 327, 333, 321, 317, 0.251926, 0.256549, 0.247304, 0.244222
1299, 327, 334, 321, 317, 0.251732, 0.257121, 0.247113, 0.244034
1300, 328, 334, 321, 317, 0.252308, 0.256923, 0.246923, 0.243846
1301, 328, 334, 322, 317, 0.252114, 0.256726, 0.247502, 0.243659
1302, 328, 334, 323, 317, 0.25192, 0.256528, 0.24808, 0.243472
1303, 328, 334, 323, 318, 0.251727, 0.256332, 0.247889, 0.244052
1304, 328, 334, 323, 319, 0.251534, 0.256135, 0.247699, 0.244632
1305, 328, 335, 323, 319, 0.251341, 0.256705, 0.24751, 0.244444
1306, 329, 335, 323, 319, 0.251914, 0.256508, 0.24732, 0.244257
1307, 329, 336, 323, 319, 0.251721, 0.257077, 0.247131, 0.24407
1308, 330, 336, 323, 319, 0.252294, 0.256881, 0.246942, 0.243884
1309, 331, 336, 323, 319, 0.252865, 0.256684, 0.246753, 0.243697
1310, 331, 337, 323, 319, 0.252672, 0.257252, 0.246565, 0.243511
1311, 332, 337, 323, 319, 0.253242, 0.257056, 0.246377, 0.243326
1312, 332, 338, 323, 319, 0.253049, 0.257622, 0.246189, 0.24314
1313, 332, 338, 323, 320, 0.252856, 0.257426, 0.246002, 0.243717
1314, 332, 339, 323, 320, 0.252664, 0.257991, 0.245814, 0.243531
1315, 333, 339, 323, 320, 0.253232, 0.257795, 0.245627, 0.243346
1316, 333, 339, 323, 321, 0.25304, 0.257599, 0.245441, 0.243921
1317, 333, 340, 323, 321, 0.252847, 0.258162, 0.245254, 0.243736
1318, 333, 340, 323, 322, 0.252656, 0.257967, 0.245068, 0.24431
1319, 333, 341, 323, 322, 0.252464, 0.258529, 0.244882, 0.244124
1320, 333, 342, 323, 322, 0.252273, 0.259091, 0.244697, 0.243939
1321, 333, 342, 323, 323, 0.252082, 0.258895, 0.244512, 0.244512
1322, 333, 342, 323, 324, 0.251891, 0.258699, 0.244327, 0.245083
1323, 334, 342, 323, 324, 0.252457, 0.258503, 0.244142, 0.244898
1324, 334, 343, 323, 324, 0.252266, 0.259063, 0.243958, 0.244713
1325, 334, 344, 323, 324, 0.252075, 0.259623, 0.243774, 0.244528
1326, 334, 344, 324, 324, 0.251885, 0.259427, 0.244344, 0.244344
1327, 334, 344, 324, 325, 0.251696, 0.259231, 0.24416, 0.244913
1328, 334, 344, 324, 326, 0.251506, 0.259036, 0.243976, 0.245482
1329, 334, 344, 324, 327, 0.251317, 0.258841, 0.243792, 0.24605
1330, 334, 344, 324, 328, 0.251128, 0.258647, 0.243609, 0.246617
1331, 334, 344, 325, 328, 0.250939, 0.258452, 0.244177, 0.246431
1332, 335, 344, 325, 328, 0.251502, 0.258258, 0.243994, 0.246246
1333, 336, 344, 325, 328, 0.252063, 0.258065, 0.243811, 0.246062
1334, 336, 344, 326, 328, 0.251874, 0.257871, 0.244378, 0.245877
1335, 337, 344, 326, 328, 0.252434, 0.257678, 0.244195, 0.245693
1336, 337, 344, 326, 329, 0.252246, 0.257485, 0.244012, 0.246257
1337, 337, 344, 327, 329, 0.252057, 0.257292, 0.244577, 0.246073
1338, 337, 344, 327, 330, 0.251868, 0.2571, 0.244395, 0.246637
1339, 337, 344, 328, 330, 0.25168, 0.256908, 0.244959, 0.246453
1340, 337, 344, 329, 330, 0.251493, 0.256716, 0.245522, 0.246269
1341, 337, 344, 329, 331, 0.251305, 0.256525, 0.245339, 0.246831
1342, 337, 344, 330, 331, 0.251118, 0.256334, 0.245902, 0.246647
1343, 337, 344, 331, 331, 0.250931, 0.256143, 0.246463, 0.246463
1344, 337, 345, 331, 331, 0.250744, 0.256696, 0.24628, 0.24628
1345, 337, 345, 332, 331, 0.250558, 0.256506, 0.24684, 0.246097
1346, 337, 345, 333, 331, 0.250371, 0.256315, 0.2474, 0.245914
1347, 337, 345, 334, 331, 0.250186, 0.256125, 0.247958, 0.245731
1348, 337, 345, 334, 332, 0.25, 0.255935, 0.247774, 0.246291
1349, 337, 345, 334, 333, 0.249815, 0.255745, 0.247591, 0.24685
1350, 337, 346, 334, 333, 0.24963, 0.256296, 0.247407, 0.246667
1351, 338, 346, 334, 333, 0.250185, 0.256107, 0.247224, 0.246484
1352, 338, 346, 334, 334, 0.25, 0.255917, 0.247041, 0.247041
1353, 339, 346, 334, 334, 0.250554, 0.255728, 0.246859, 0.246859
1354, 339, 347, 334, 334, 0.250369, 0.256278, 0.246677, 0.246677
1355, 339, 348, 334, 334, 0.250185, 0.256827, 0.246494, 0.246494
1356, 339, 348, 335, 334, 0.25, 0.256637, 0.24705, 0.246313
1357, 339, 348, 335, 335, 0.249816, 0.256448, 0.246868, 0.246868
1358, 339, 349, 335, 335, 0.249632, 0.256996, 0.246686, 0.246686
1359, 339, 349, 335, 336, 0.249448, 0.256806, 0.246505, 0.247241
1360, 339, 349, 335, 337, 0.249265, 0.256618, 0.246324, 0.247794
1361, 340, 349, 335, 337, 0.249816, 0.256429, 0.246143, 0.247612
1362, 341, 349, 335, 337, 0.250367, 0.256241, 0.245962, 0.24743
1363, 341, 349, 336, 337, 0.250183, 0.256053, 0.246515, 0.247249
1364, 341, 349, 337, 337, 0.25, 0.255865, 0.247067, 0.247067
1365, 341, 349, 338, 337, 0.249817, 0.255678, 0.247619, 0.246886
1366, 341, 349, 338, 338, 0.249634, 0.25549, 0.247438, 0.247438
1367, 341, 349, 338, 339, 0.249451, 0.255304, 0.247257, 0.247988
1368, 342, 349, 338, 339, 0.25, 0.255117, 0.247076, 0.247807
1369, 343, 349, 338, 339, 0.250548, 0.254931, 0.246896, 0.247626
1370, 343, 349, 339, 339, 0.250365, 0.254745, 0.247445, 0.247445
1371, 344, 349, 339, 339, 0.250912, 0.254559, 0.247265, 0.247265
1372, 344, 349, 340, 339, 0.250729, 0.254373, 0.247813, 0.247085
1373, 344, 349, 340, 340, 0.250546, 0.254188, 0.247633, 0.247633
1374, 344, 349, 341, 340, 0.250364, 0.254003, 0.24818, 0.247453
1375, 344, 349, 342, 340, 0.250182, 0.253818, 0.248727, 0.247273
1376, 344, 349, 342, 341, 0.25, 0.253634, 0.248547, 0.24782
1377, 344, 349, 342, 342, 0.249818, 0.25345, 0.248366, 0.248366
1378, 344, 349, 343, 342, 0.249637, 0.253266, 0.248911, 0.248186
1379, 344, 349, 343, 343, 0.249456, 0.253082, 0.248731, 0.248731
1380, 344, 349, 344, 343, 0.249275, 0.252899, 0.249275, 0.248551
1381, 345, 349, 344, 343, 0.249819, 0.252715, 0.249095, 0.248371
1382, 345, 350, 344, 343, 0.249638, 0.253256, 0.248915, 0.248191
1383, 346, 350, 344, 343, 0.250181, 0.253073, 0.248735, 0.248012
1384, 346, 351, 344, 343, 0.25, 0.253613, 0.248555, 0.247832
1385, 346, 351, 344, 344, 0.249819, 0.25343, 0.248375, 0.248375
1386, 346, 351, 344, 345, 0.249639, 0.253247, 0.248196, 0.248918
1387, 346, 351, 344, 346, 0.249459, 0.253064, 0.248017, 0.249459
1388, 347, 351, 344, 346, 0.25, 0.252882, 0.247839, 0.24928
1389, 347, 351, 344, 347, 0.24982, 0.2527, 0.24766, 0.24982
1390, 347, 352, 344, 347, 0.24964, 0.253237, 0.247482, 0.24964
1391, 347, 352, 345, 347, 0.249461, 0.253055, 0.248023, 0.249461
1392, 347, 352, 345, 348, 0.249282, 0.252874, 0.247845, 0.25
1393, 347, 353, 345, 348, 0.249103, 0.25341, 0.247667, 0.249821
1394, 347, 354, 345, 348, 0.248924, 0.253945, 0.247489, 0.249641
1395, 347, 355, 345, 348, 0.248746, 0.25448, 0.247312, 0.249462
1396, 347, 355, 345, 349, 0.248567, 0.254298, 0.247135, 0.25
1397, 348, 355, 345, 349, 0.249105, 0.254116, 0.246958, 0.249821
1398, 348, 355, 346, 349, 0.248927, 0.253934, 0.247496, 0.249642
1399, 348, 355, 346, 350, 0.248749, 0.253753, 0.24732, 0.250179
1400, 348, 356, 346, 350, 0.248571, 0.254286, 0.247143, 0.25
1401, 348, 356, 346, 351, 0.248394, 0.254104, 0.246966, 0.250535
1402, 348, 356, 347, 351, 0.248217, 0.253923, 0.247504, 0.250357
1403, 348, 356, 348, 351, 0.24804, 0.253742, 0.24804, 0.250178
1404, 348, 356, 348, 352, 0.247863, 0.253561, 0.247863, 0.250712
1405, 348, 356, 349, 352, 0.247687, 0.253381, 0.248399, 0.250534
1406, 348, 357, 349, 352, 0.247511, 0.253912, 0.248222, 0.250356
1407, 348, 357, 350, 352, 0.247335, 0.253731, 0.248756, 0.250178
1408, 349, 357, 350, 352, 0.247869, 0.253551, 0.24858, 0.25
1409, 349, 357, 350, 353, 0.247693, 0.253371, 0.248403, 0.250532
1410, 349, 357, 350, 354, 0.247518, 0.253191, 0.248227, 0.251064
1411, 349, 357, 351, 354, 0.247342, 0.253012, 0.24876, 0.250886
1412, 349, 357, 352, 354, 0.247167, 0.252833, 0.249292, 0.250708
1413, 349, 358, 352, 354, 0.246992, 0.253362, 0.249115, 0.250531
1414, 350, 358, 352, 354, 0.247525, 0.253182, 0.248939, 0.250354
1415, 350, 359, 352, 354, 0.24735, 0.25371, 0.248763, 0.250177
1416, 350, 360, 352, 354, 0.247175, 0.254237, 0.248588, 0.25
1417, 350, 360, 352, 355, 0.247001, 0.254058, 0.248412, 0.250529
1418, 350, 361, 352, 355, 0.246827, 0.254584, 0.248237, 0.250353
1419, 350, 361, 352, 356, 0.246653, 0.254405, 0.248062, 0.250881
1420, 351, 361, 352, 356, 0.247183, 0.254225, 0.247887, 0.250704
1421, 351, 362, 352, 356, 0.247009, 0.25475, 0.247713, 0.250528
1422, 351, 362, 352, 357, 0.246835, 0.254571, 0.247539, 0.251055
1423, 351, 362, 353, 357, 0.246662, 0.254392, 0.248067, 0.250878
1424, 351, 363, 353, 357, 0.246489, 0.254916, 0.247893, 0.250702
1425, 351, 363, 354, 357, 0.246316, 0.254737, 0.248421, 0.250526
1426, 352, 363, 354, 357, 0.246844, 0.254558, 0.248247, 0.250351
1427, 352, 363, 355, 357, 0.246671, 0.25438, 0.248774, 0.250175
1428, 352, 363, 355, 358, 0.246499, 0.254202, 0.248599, 0.2507
1429, 352, 364, 355, 358, 0.246326, 0.254724, 0.248425, 0.250525
1430, 352, 365, 355, 358, 0.246154, 0.255245, 0.248252, 0.25035
1431, 353, 365, 355, 358, 0.246681, 0.255066, 0.248078, 0.250175
1432, 353, 365, 355, 359, 0.246508, 0.254888, 0.247905, 0.250698
1433, 353, 365, 356, 359, 0.246336, 0.25471, 0.24843, 0.250523
1434, 354, 365, 356, 359, 0.246862, 0.254533, 0.248257, 0.250349
1435, 354, 365, 357, 359, 0.24669, 0.254355, 0.24878, 0.250174
1436, 354, 365, 358, 359, 0.246518, 0.254178, 0.249304, 0.25
1437, 355, 365, 358, 359, 0.247042, 0.254001, 0.24913, 0.249826
1438, 355, 365, 359, 359, 0.246871, 0.253825, 0.249652, 0.249652
1439, 356, 365, 359, 359, 0.247394, 0.253648, 0.249479, 0.249479
1440, 356, 365, 360, 359, 0.247222, 0.253472, 0.25, 0.249306
1441, 356, 365, 360, 360, 0.247051, 0.253296, 0.249827, 0.249827
1442, 356, 366, 360, 360, 0.246879, 0.253814, 0.249653, 0.249653
1443, 356, 366, 360, 361, 0.246708, 0.253638, 0.24948, 0.250173
1444, 356, 367, 360, 361, 0.246537, 0.254155, 0.249307, 0.25
1445, 357, 367, 360, 361, 0.247059, 0.253979, 0.249135, 0.249827
1446, 357, 368, 360, 361, 0.246888, 0.254495, 0.248963, 0.249654
1447, 357, 368, 360, 362, 0.246717, 0.254319, 0.248791, 0.250173
1448, 358, 368, 360, 362, 0.247238, 0.254144, 0.248619, 0.25
1449, 358, 368, 361, 362, 0.247067, 0.253968, 0.249137, 0.249827
1450, 358, 368, 361, 363, 0.246897, 0.253793, 0.248966, 0.250345
1451, 358, 368, 362, 363, 0.246726, 0.253618, 0.249483, 0.250172
1452, 359, 368, 362, 363, 0.247245, 0.253444, 0.249311, 0.25
1453, 359, 368, 363, 363, 0.247075, 0.253269, 0.249828, 0.249828
1454, 359, 368, 363, 364, 0.246905, 0.253095, 0.249656, 0.250344
1455, 359, 368, 363, 365, 0.246735, 0.252921, 0.249485, 0.250859
1456, 359, 369, 363, 365, 0.246566, 0.253434, 0.249313, 0.250687
1457, 359, 370, 363, 365, 0.246397, 0.253946, 0.249142, 0.250515
1458, 359, 370, 363, 366, 0.246228, 0.253772, 0.248971, 0.251029
1459, 359, 371, 363, 366, 0.246059, 0.254284, 0.248801, 0.250857
1460, 359, 371, 364, 366, 0.24589, 0.25411, 0.249315, 0.250685
1461, 359, 372, 364, 366, 0.245722, 0.25462, 0.249144, 0.250513
1462, 359, 372, 365, 366, 0.245554, 0.254446, 0.249658, 0.250342
1463, 359, 372, 365, 367, 0.245386, 0.254272, 0.249487, 0.250854
1464, 360, 372, 365, 367, 0.245902, 0.254098, 0.249317, 0.250683
1465, 360, 373, 365, 367, 0.245734, 0.254608, 0.249147, 0.250512
1466, 360, 374, 365, 367, 0.245566, 0.255116, 0.248977, 0.250341
1467, 360, 374, 366, 367, 0.245399, 0.254942, 0.249489, 0.25017
1468, 360, 375, 366, 367, 0.245232, 0.25545, 0.249319, 0.25
1469, 360, 375, 367, 367, 0.245065, 0.255276, 0.24983, 0.24983
1470, 360, 376, 367, 367, 0.244898, 0.255782, 0.24966, 0.24966
1471, 360, 377, 367, 367, 0.244731, 0.256288, 0.24949, 0.24949
1472, 360, 378, 367, 367, 0.244565, 0.256793, 0.249321, 0.249321
1473, 360, 378, 368, 367, 0.244399, 0.256619, 0.24983, 0.249151
1474, 360, 378, 369, 367, 0.244233, 0.256445, 0.250339, 0.248982
1475, 360, 379, 369, 367, 0.244068, 0.256949, 0.250169, 0.248814
1476, 360, 379, 369, 368, 0.243902, 0.256775, 0.25, 0.249322
1477, 361, 379, 369, 368, 0.244414, 0.256601, 0.249831, 0.249154
1478, 361, 379, 369, 369, 0.244249, 0.256428, 0.249662, 0.249662
1479, 362, 379, 369, 369, 0.24476, 0.256254, 0.249493, 0.249493
1480, 362, 380, 369, 369, 0.244595, 0.256757, 0.249324, 0.249324
1481, 362, 380, 369, 370, 0.244429, 0.256583, 0.249156, 0.249831
1482, 362, 381, 369, 370, 0.244265, 0.257085, 0.248988, 0.249663
1483, 363, 381, 369, 370, 0.244774, 0.256912, 0.24882, 0.249494
1484, 363, 381, 370, 370, 0.244609, 0.256739, 0.249326, 0.249326
1485, 363, 381, 370, 371, 0.244444, 0.256566, 0.249158, 0.249832
1486, 363, 382, 370, 371, 0.24428, 0.257066, 0.248991, 0.249664
1487, 363, 382, 370, 372, 0.244116, 0.256893, 0.248823, 0.250168
1488, 364, 382, 370, 372, 0.244624, 0.25672, 0.248656, 0.25
1489, 364, 382, 371, 372, 0.244459, 0.256548, 0.249161, 0.249832
1490, 364, 383, 371, 372, 0.244295, 0.257047, 0.248993, 0.249664
1491, 364, 383, 371, 373, 0.244131, 0.256875, 0.248826, 0.250168
1492, 365, 383, 371, 373, 0.244638, 0.256702, 0.24866, 0.25
1493, 365, 383, 372, 373, 0.244474, 0.25653, 0.249163, 0.249833
1494, 365, 383, 372, 374, 0.244311, 0.256359, 0.248996, 0.250335
1495, 365, 383, 373, 374, 0.244147, 0.256187, 0.249498, 0.250167
1496, 365, 383, 374, 374, 0.243984, 0.256016, 0.25, 0.25
1497, 365, 383, 375, 374, 0.243821, 0.255845, 0.250501, 0.249833
1498, 365, 384, 375, 374, 0.243658, 0.256342, 0.250334, 0.249666
1499, 365, 384, 375, 375, 0.243496, 0.256171, 0.250167, 0.250167
1500, 366, 384, 375, 375, 0.244, 0.256, 0.25, 0.25
1501, 366, 385, 375, 375, 0.243837, 0.256496, 0.249833, 0.249833
1502, 366, 386, 375, 375, 0.243675, 0.256991, 0.249667, 0.249667
1503, 366, 387, 375, 375, 0.243513, 0.257485, 0.249501, 0.249501
1504, 366, 387, 376, 375, 0.243351, 0.257314, 0.25, 0.249335
1505, 366, 388, 376, 375, 0.243189, 0.257807, 0.249834, 0.249169
1506, 366, 388, 376, 376, 0.243028, 0.257636, 0.249668, 0.249668
1507, 366, 389, 376, 376, 0.242867, 0.258129, 0.249502, 0.249502
1508, 367, 389, 376, 376, 0.243369, 0.257958, 0.249337, 0.249337
1509, 367, 389, 376, 377, 0.243207, 0.257787, 0.249172, 0.249834
1510, 367, 389, 376, 378, 0.243046, 0.257616, 0.249007, 0.250331
1511, 367, 390, 376, 378, 0.242886, 0.258107, 0.248842, 0.250165
1512, 367, 391, 376, 378, 0.242725, 0.258598, 0.248677, 0.25
1513, 367, 391, 377, 378, 0.242564, 0.258427, 0.249174, 0.249835
1514, 367, 391, 377, 379, 0.242404, 0.258256, 0.249009, 0.25033
1515, 367, 391, 378, 379, 0.242244, 0.258086, 0.249505, 0.250165
1516, 367, 391, 379, 379, 0.242084, 0.257916, 0.25, 0.25
1517, 368, 391, 379, 379, 0.242584, 0.257746, 0.249835, 0.249835
1518, 368, 391, 379, 380, 0.242424, 0.257576, 0.249671, 0.250329
1519, 368, 391, 379, 381, 0.242265, 0.257406, 0.249506, 0.250823
1520, 369, 391, 379, 381, 0.242763, 0.257237, 0.249342, 0.250658
1521, 370, 391, 379, 381, 0.243261, 0.257068, 0.249178, 0.250493
1522, 371, 391, 379, 381, 0.243758, 0.256899, 0.249014, 0.250329
1523, 371, 392, 379, 381, 0.243598, 0.257387, 0.248851, 0.250164
1524, 371, 392, 380, 381, 0.243438, 0.257218, 0.249344, 0.25
1525, 371, 392, 381, 381, 0.243279, 0.257049, 0.249836, 0.249836
1526, 371, 393, 381, 381, 0.243119, 0.257536, 0.249672, 0.249672
1527, 372, 393, 381, 381, 0.243615, 0.257367, 0.249509, 0.249509
1528, 372, 393, 382, 381, 0.243455, 0.257199, 0.25, 0.249346
1529, 372, 394, 382, 381, 0.243296, 0.257685, 0.249836, 0.249182
1530, 373, 394, 382, 381, 0.243791, 0.257516, 0.249673, 0.24902
1531, 374, 394, 382, 381, 0.244285, 0.257348, 0.24951, 0.248857
1532, 374, 395, 382, 381, 0.244125, 0.257833, 0.249347, 0.248695
1533, 374, 396, 382, 381, 0.243966, 0.258317, 0.249185, 0.248532
1534, 374, 396, 383, 381, 0.243807, 0.258149, 0.249674, 0.24837
1535, 375, 396, 383, 381, 0.2443, 0.25798, 0.249511, 0.248208
1536, 375, 396, 384, 381, 0.244141, 0.257812, 0.25, 0.248047
1537, 375, 396, 385, 381, 0.243982, 0.257645, 0.250488, 0.247885
1538, 375, 396, 385, 382, 0.243823, 0.257477, 0.250325, 0.248375
1539, 375, 396, 385, 383, 0.243665, 0.25731, 0.250162, 0.248863
1540, 375, 396, 385, 384, 0.243506, 0.257143, 0.25, 0.249351
1541, 375, 396, 385, 385, 0.243348, 0.256976, 0.249838, 0.249838
1542, 375, 397, 385, 385, 0.243191, 0.257458, 0.249676, 0.249676
1543, 375, 397, 385, 386, 0.243033, 0.257291, 0.249514, 0.250162
1544, 375, 397, 385, 387, 0.242876, 0.257124, 0.249352, 0.250648
1545, 376, 397, 385, 387, 0.243366, 0.256958, 0.249191, 0.250485
1546, 376, 398, 385, 387, 0.243208, 0.257439, 0.24903, 0.250323
1547, 376, 399, 385, 387, 0.243051, 0.257919, 0.248869, 0.250162
1548, 377, 399, 385, 387, 0.24354, 0.257752, 0.248708, 0.25
1549, 377, 399, 385, 388, 0.243383, 0.257586, 0.248547, 0.250484
1550, 378, 399, 385, 388, 0.243871, 0.257419, 0.248387, 0.250323
1551, 379, 399, 385, 388, 0.244358, 0.257253, 0.248227, 0.250161
1552, 380, 399, 385, 388, 0.244845, 0.257088, 0.248067, 0.25
1553, 381, 399, 385, 388, 0.245332, 0.256922, 0.247907, 0.249839
1554, 381, 399, 385, 389, 0.245174, 0.256757, 0.247748, 0.250322
1555, 382, 399, 385, 389, 0.245659, 0.256592, 0.247588, 0.250161
1556, 382, 399, 385, 390, 0.245501, 0.256427, 0.247429, 0.250643
1557, 383, 399, 385, 390, 0.245986, 0.256262, 0.24727, 0.250482
1558, 383, 399, 385, 391, 0.245828, 0.256098, 0.247112, 0.250963
1559, 383, 399, 385, 392, 0.24567, 0.255933, 0.246953, 0.251443
1560, 384, 399, 385, 392, 0.246154, 0.255769, 0.246795, 0.251282
1561, 384, 400, 385, 392, 0.245996, 0.256246, 0.246637, 0.251121
1562, 384, 401, 385, 392, 0.245839, 0.256722, 0.246479, 0.25096
1563, 384, 401, 386, 392, 0.245681, 0.256558, 0.246961, 0.2508
1564, 384, 402, 386, 392, 0.245524, 0.257033, 0.246803, 0.250639
1565, 384, 402, 387, 392, 0.245367, 0.256869, 0.247284, 0.250479
1566, 385, 402, 387, 392, 0.245849, 0.256705, 0.247126, 0.250319
1567, 385, 402, 388, 392, 0.245692, 0.256541, 0.247607, 0.25016
1568, 385, 402, 388, 393, 0.245536, 0.256378, 0.247449, 0.250638
1569, 385, 402, 388, 394, 0.245379, 0.256214, 0.247291, 0.251115
1570, 385, 403, 388, 394, 0.245223, 0.256688, 0.247134, 0.250955
1571, 385, 403, 388, 395, 0.245067, 0.256525, 0.246976, 0.251432
1572, 385, 403, 388, 396, 0.244911, 0.256361, 0.246819, 0.251908
1573, 385, 404, 388, 396, 0.244755, 0.256834, 0.246662, 0.251748
1574, 385, 404, 388, 397, 0.2446, 0.256671, 0.246506, 0.252224
1575, 386, 404, 388, 397, 0.245079, 0.256508, 0.246349, 0.252063
1576, 386, 405, 388, 397, 0.244924, 0.25698, 0.246193, 0.251904
1577, 386, 405, 389, 397, 0.244769, 0.256817, 0.246671, 0.251744
1578, 386, 405, 389, 398, 0.244613, 0.256654, 0.246515, 0.252218
1579, 386, 405, 390, 398, 0.244459, 0.256491, 0.246992, 0.252058
1580, 386, 406, 390, 398, 0.244304, 0.256962, 0.246835, 0.251899
1581, 386, 406, 390, 399, 0.244149, 0.256799, 0.246679, 0.252372
1582, 386, 406, 390, 400, 0.243995, 0.256637, 0.246523, 0.252845
1583, 386, 407, 390, 400, 0.243841, 0.257107, 0.246368, 0.252685
1584, 386, 407, 390, 401, 0.243687, 0.256944, 0.246212, 0.253157
1585, 386, 407, 391, 401, 0.243533, 0.256782, 0.246688, 0.252997
1586, 387, 407, 391, 401, 0.24401, 0.25662, 0.246532, 0.252837
1587, 387, 407, 391, 402, 0.243856, 0.256459, 0.246377, 0.253308
1588, 388, 407, 391, 402, 0.244332, 0.256297, 0.246222, 0.253149
1589, 388, 407, 392, 402, 0.244179, 0.256136, 0.246696, 0.252989
1590, 389, 407, 392, 402, 0.244654, 0.255975, 0.246541, 0.25283
1591, 389, 407, 392, 403, 0.2445, 0.255814, 0.246386, 0.2533
1592, 389, 408, 392, 403, 0.244347, 0.256281, 0.246231, 0.253141
1593, 390, 408, 392, 403, 0.244821, 0.256121, 0.246077, 0.252982
1594, 390, 408, 392, 404, 0.244668, 0.25596, 0.245922, 0.25345
1595, 390, 409, 392, 404, 0.244514, 0.256426, 0.245768, 0.253292
1596, 390, 409, 392, 405, 0.244361, 0.256266, 0.245614, 0.253759
1597, 390, 409, 393, 405, 0.244208, 0.256105, 0.246086, 0.253601
1598, 390, 409, 394, 405, 0.244055, 0.255945, 0.246558, 0.253442
1599, 391, 409, 394, 405, 0.244528, 0.255785, 0.246404, 0.253283
1600, 392, 409, 394, 405, 0.245, 0.255625, 0.24625, 0.253125
1601, 392, 410, 394, 405, 0.244847, 0.25609, 0.246096, 0.252967
1602, 392, 410, 395, 405, 0.244694, 0.25593, 0.246567, 0.252809
1603, 392, 410, 395, 406, 0.244541, 0.25577, 0.246413, 0.253275
1604, 392, 411, 395, 406, 0.244389, 0.256234, 0.246259, 0.253117
1605, 392, 411, 395, 407, 0.244237, 0.256075, 0.246106, 0.253583
1606, 392, 411, 395, 408, 0.244085, 0.255915, 0.245953, 0.254047
1607, 393, 411, 395, 408, 0.244555, 0.255756, 0.2458, 0.253889
1608, 393, 411, 396, 408, 0.244403, 0.255597, 0.246269, 0.253731
1609, 393, 412, 396, 408, 0.244251, 0.25606, 0.246116, 0.253574
1610, 393, 413, 396, 408, 0.244099, 0.256522, 0.245963, 0.253416
1611, 393, 413, 397, 408, 0.243948, 0.256363, 0.246431, 0.253259
1612, 393, 413, 398, 408, 0.243797, 0.256203, 0.246898, 0.253102
1613, 393, 413, 398, 409, 0.243645, 0.256045, 0.246745, 0.253565
1614, 394, 413, 398, 409, 0.244114, 0.255886, 0.246592, 0.253408
1615, 394, 414, 398, 409, 0.243963, 0.256347, 0.24644, 0.253251
1616, 394, 414, 399, 409, 0.243812, 0.256188, 0.246906, 0.253094
1617, 395, 414, 399, 409, 0.24428, 0.25603, 0.246753, 0.252938
1618, 395, 414, 399, 410, 0.244129, 0.255871, 0.246601, 0.253399
1619, 396, 414, 399, 410, 0.244595, 0.255713, 0.246448, 0.253243
1620, 397, 414, 399, 410, 0.245062, 0.255556, 0.246296, 0.253086
1621, 397, 415, 399, 410, 0.244911, 0.256015, 0.246144, 0.25293
1622, 397, 415, 400, 410, 0.24476, 0.255857, 0.246609, 0.252774
1623, 397, 416, 400, 410, 0.244609, 0.256315, 0.246457, 0.252619
1624, 397, 416, 401, 410, 0.244458, 0.256158, 0.246921, 0.252463
1625, 397, 416, 402, 410, 0.244308, 0.256, 0.247385, 0.252308
1626, 397, 416, 403, 410, 0.244157, 0.255843, 0.247847, 0.252153
1627, 397, 417, 403, 410, 0.244007, 0.2563, 0.247695, 0.251998
1628, 397, 418, 403, 410, 0.243857, 0.256757, 0.247543, 0.251843
1629, 398, 418, 403, 410, 0.244322, 0.256599, 0.247391, 0.251688
1630, 399, 418, 403, 410, 0.244785, 0.256442, 0.247239, 0.251534
1631, 399, 418, 404, 410, 0.244635, 0.256284, 0.247701, 0.25138
1632, 399, 419, 404, 410, 0.244485, 0.25674, 0.247549, 0.251225
1633, 399, 419, 404, 411, 0.244336, 0.256583, 0.247397, 0.251684
1634, 399, 420, 404, 411, 0.244186, 0.257038, 0.247246, 0.25153
1635, 400, 420, 404, 411, 0.244648, 0.256881, 0.247095, 0.251376
1636, 401, 420, 404, 411, 0.24511, 0.256724, 0.246944, 0.251222
1637, 401, 420, 404, 412, 0.24496, 0.256567, 0.246793, 0.25168
1638, 401, 421, 404, 412, 0.244811, 0.257021, 0.246642, 0.251526
1639, 401, 421, 405, 412, 0.244661, 0.256864, 0.247102, 0.251373
1640, 401, 422, 405, 412, 0.244512, 0.257317, 0.246951, 0.25122
1641, 402, 422, 405, 412, 0.244973, 0.25716, 0.246801, 0.251066
1642, 402, 423, 405, 412, 0.244823, 0.257613, 0.24665, 0.250914
1643, 402, 423, 405, 413, 0.244674, 0.257456, 0.2465, 0.251369
1644, 403, 423, 405, 413, 0.245134, 0.257299, 0.24635, 0.251217
1645, 403, 423, 405, 414, 0.244985, 0.257143, 0.246201, 0.251672
1646, 404, 423, 405, 414, 0.245443, 0.256987, 0.246051, 0.251519
1647, 405, 423, 405, 414, 0.245902, 0.256831, 0.245902, 0.251366
1648, 406, 423, 405, 414, 0.246359, 0.256675, 0.245752, 0.251214
1649, 406, 423, 406, 414, 0.24621, 0.256519, 0.24621, 0.251061
1650, 406, 424, 406, 414, 0.246061, 0.25697, 0.246061, 0.250909
1651, 406, 424, 406, 415, 0.245912, 0.256814, 0.245912, 0.251363
1652, 406, 424, 406, 416, 0.245763, 0.256659, 0.245763, 0.251816
1653, 407, 424, 406, 416, 0.246219, 0.256503, 0.245614, 0.251664
1654, 407, 424, 406, 417, 0.24607, 0.256348, 0.245466, 0.252116
1655, 407, 424, 406, 418, 0.245921, 0.256193, 0.245317, 0.252568
1656, 407, 425, 406, 418, 0.245773, 0.256643, 0.245169, 0.252415
1657, 407, 426, 406, 418, 0.245625, 0.257091, 0.245021, 0.252263
1658, 408, 426, 406, 418, 0.24608, 0.256936, 0.244873, 0.252111
1659, 408, 426, 407, 418, 0.245931, 0.256781, 0.245329, 0.251959
1660, 408, 427, 407, 418, 0.245783, 0.257229, 0.245181, 0.251807
1661, 408, 427, 407, 419, 0.245635, 0.257074, 0.245033, 0.252258
1662, 409, 427, 407, 419, 0.246089, 0.256919, 0.244886, 0.252106
1663, 409, 427, 407, 420, 0.245941, 0.256765, 0.244738, 0.252556
1664, 410, 427, 407, 420, 0.246394, 0.256611, 0.244591, 0.252404
1665, 411, 427, 407, 420, 0.246847, 0.256456, 0.244444, 0.252252
1666, 411, 428, 407, 420, 0.246699, 0.256903, 0.244298, 0.252101
1667, 412, 428, 407, 420, 0.247151, 0.256749, 0.244151, 0.25195
1668, 412, 428, 407, 421, 0.247002, 0.256595, 0.244005, 0.252398
1669, 412, 428, 407, 422, 0.246854, 0.256441, 0.243859, 0.252846
1670, 412, 428, 407, 423, 0.246707, 0.256287, 0.243713, 0.253293
1671, 412, 429, 407, 423, 0.246559, 0.256732, 0.243567, 0.253142
1672, 413, 429, 407, 423, 0.24701, 0.256579, 0.243421, 0.25299
1673, 413, 430, 407, 423, 0.246862, 0.257023, 0.243276, 0.252839
1674, 413, 430, 408, 423, 0.246714, 0.25687, 0.243728, 0.252688
1675, 413, 431, 408, 423, 0.246567, 0.257313, 0.243582, 0.252537
1676, 413, 431, 409, 423, 0.24642, 0.25716, 0.244033, 0.252387
1677, 414, 431, 409, 423, 0.246869, 0.257007, 0.243888, 0.252236
1678, 414, 431, 409, 424, 0.246722, 0.256853, 0.243743, 0.252682
1679, 414, 431, 409, 425, 0.246575, 0.2567, 0.243597, 0.253127
1680, 414, 431, 409, 426, 0.246429, 0.256548, 0.243452, 0.253571
1681, 414, 431, 410, 426, 0.246282, 0.256395, 0.243902, 0.253421
1682, 414, 431, 411, 426, 0.246136, 0.256243, 0.244352, 0.25327
1683, 414, 432, 411, 426, 0.245989, 0.256684, 0.244207, 0.253119
1684, 414, 432, 411, 427, 0.245843, 0.256532, 0.244062, 0.253563
1685, 414, 433, 411, 427, 0.245697, 0.256973, 0.243917, 0.253412
1686, 414, 433, 411, 428, 0.245552, 0.256821, 0.243772, 0.253855
1687, 414, 433, 412, 428, 0.245406, 0.256669, 0.244221, 0.253705
1688, 414, 433, 413, 428, 0.245261, 0.256517, 0.244668, 0.253555
1689, 415, 433, 413, 428, 0.245708, 0.256365, 0.244523, 0.253404
1690, 415, 434, 413, 428, 0.245562, 0.256805, 0.244379, 0.253254
1691, 415, 435, 413, 428, 0.245417, 0.257244, 0.244234, 0.253105
1692, 415, 435, 414, 428, 0.245272, 0.257092, 0.244681, 0.252955
1693, 415, 435, 414, 429, 0.245127, 0.25694, 0.244536, 0.253396
1694, 415, 435, 415, 429, 0.244982, 0.256789, 0.244982, 0.253247
1695, 415, 435, 416, 429, 0.244838, 0.256637, 0.245428, 0.253097
1696, 416, 435, 416, 429, 0.245283, 0.256486, 0.245283, 0.252948
1697, 417, 435, 416, 429, 0.245728, 0.256335, 0.245138, 0.252799
1698, 417, 435, 417, 429, 0.245583, 0.256184, 0.245583, 0.25265
1699, 417, 435, 418, 429, 0.245438, 0.256033, 0.246027, 0.252501
1700, 418, 435, 418, 429, 0.245882, 0.255882, 0.245882, 0.252353
1701, 419, 435, 418, 429, 0.246326, 0.255732, 0.245738, 0.252205
1702, 419, 435, 419, 429, 0.246181, 0.255582, 0.246181, 0.252056
1703, 419, 436, 419, 429, 0.246036, 0.256019, 0.246036, 0.251908
1704, 420, 436, 419, 429, 0.246479, 0.255869, 0.245892, 0.251761
1705, 421, 436, 419, 429, 0.246921, 0.255718, 0.245748, 0.251613
1706, 422, 436, 419, 429, 0.247362, 0.255569, 0.245604, 0.251465
1707, 422, 436, 420, 429, 0.247217, 0.255419, 0.246046, 0.251318
1708, 422, 436, 420, 430, 0.247073, 0.255269, 0.245902, 0.251756
1709, 423, 436, 420, 430, 0.247513, 0.25512, 0.245758, 0.251609
1710, 424, 436, 420, 430, 0.247953, 0.254971, 0.245614, 0.251462
1711, 424, 436, 420, 431, 0.247808, 0.254822, 0.24547, 0.251899
1712, 424, 436, 420, 432, 0.247664, 0.254673, 0.245327, 0.252336
1713, 424, 436, 421, 432, 0.247519, 0.254524, 0.245768, 0.252189
1714, 424, 436, 421, 433, 0.247375, 0.254376, 0.245624, 0.252625
1715, 424, 436, 422, 433, 0.24723, 0.254227, 0.246064, 0.252478
1716, 424, 437, 422, 433, 0.247086, 0.254662, 0.245921, 0.252331
1717, 424, 438, 422, 433, 0.246942, 0.255096, 0.245778, 0.252184
1718, 424, 438, 422, 434, 0.246799, 0.254948, 0.245634, 0.252619
1719, 424, 438, 422, 435, 0.246655, 0.254799, 0.245492, 0.253054
1720, 424, 438, 423, 435, 0.246512, 0.254651, 0.24593, 0.252907
1721, 424, 439, 423, 435, 0.246368, 0.255084, 0.245787, 0.25276
1722, 424, 439, 423, 436, 0.246225, 0.254936, 0.245645, 0.253194
1723, 424, 440, 423, 436, 0.246082, 0.255369, 0.245502, 0.253047
1724, 425, 440, 423, 436, 0.24652, 0.25522, 0.24536, 0.2529
1725, 425, 440, 423, 437, 0.246377, 0.255072, 0.245217, 0.253333
1726, 425, 440, 423, 438, 0.246234, 0.254925, 0.245075, 0.253766
1727, 425, 440, 423, 439, 0.246091, 0.254777, 0.244933, 0.254198
1728, 426, 440, 423, 439, 0.246528, 0.25463, 0.244792, 0.254051
1729, 426, 440, 423, 440, 0.246385, 0.254482, 0.24465, 0.254482
1730, 426, 440, 423, 441, 0.246243, 0.254335, 0.244509, 0.254913
1731, 426, 440, 423, 442, 0.246101, 0.254188, 0.244367, 0.255344
1732, 426, 440, 424, 442, 0.245958, 0.254042, 0.244804, 0.255196
1733, 426, 440, 425, 442, 0.245817, 0.253895, 0.245239, 0.255049
1734, 426, 441, 425, 442, 0.245675, 0.254325, 0.245098, 0.254902
1735, 427, 441, 425, 442, 0.24611, 0.254179, 0.244957, 0.254755
1736, 427, 441, 425, 443, 0.245968, 0.254032, 0.244816, 0.255184
1737, 427, 441, 426, 443, 0.245826, 0.253886, 0.24525, 0.255037
1738, 428, 441, 426, 443, 0.24626, 0.25374, 0.245109, 0.254891
1739, 428, 441, 427, 443, 0.246118, 0.253594, 0.245543, 0.254744
1740, 429, 441, 427, 443, 0.246552, 0.253448, 0.245402, 0.254598
1741, 429, 441, 427, 444, 0.24641, 0.253303, 0.245261, 0.255026
1742, 429, 441, 427, 445, 0.246269, 0.253157, 0.245121, 0.255454
1743, 429, 442, 427, 445, 0.246127, 0.253586, 0.24498, 0.255307
1744, 429, 442, 428, 445, 0.245986, 0.25344, 0.245413, 0.255161
1745, 430, 442, 428, 445, 0.246418, 0.253295, 0.245272, 0.255014
1746, 431, 442, 428, 445, 0.24685, 0.25315, 0.245132, 0.254868
1747, 431, 442, 428, 446, 0.246709, 0.253005, 0.244991, 0.255295
1748, 432, 442, 428, 446, 0.24714, 0.25286, 0.244851, 0.255149
1749, 433, 442, 428, 446, 0.24757, 0.252716, 0.244711, 0.255003
1750, 433, 443, 428, 446, 0.247429, 0.253143, 0.244571, 0.254857
1751, 434, 443, 428, 446, 0.247858, 0.252998, 0.244432, 0.254712
1752, 434, 444, 428, 446, 0.247717, 0.253425, 0.244292, 0.254566
1753, 434, 445, 428, 446, 0.247576, 0.253851, 0.244153, 0.254421
1754, 434, 445, 428, 447, 0.247434, 0.253706, 0.244014, 0.254846
1755, 434, 446, 428, 447, 0.247293, 0.254131, 0.243875, 0.254701
1756, 434, 447, 428, 447, 0.247153, 0.254556, 0.243736, 0.254556
1757, 435, 447, 428, 447, 0.247581, 0.254411, 0.243597, 0.254411
1758, 435, 447, 428, 448, 0.24744, 0.254266, 0.243458, 0.254835
1759, 436, 447, 428, 448, 0.247868, 0.254122, 0.24332, 0.25469
1760, 436, 448, 428, 448, 0.247727, 0.254545, 0.243182, 0.254545
1761, 436, 448, 428, 449, 0.247587, 0.254401, 0.243044, 0.254969
1762, 436, 448, 428, 450, 0.247446, 0.254257, 0.242906, 0.255392
1763, 437, 448, 428, 450, 0.247873, 0.254112, 0.242768, 0.255247
1764, 437, 448, 428, 451, 0.247732, 0.253968, 0.24263, 0.255669
1765, 437, 448, 429, 451, 0.247592, 0.253824, 0.243059, 0.255524
1766, 437, 449, 429, 451, 0.247452, 0.254247, 0.242922, 0.255379
1767, 437, 449, 429, 452, 0.247312, 0.254103, 0.242784, 0.255801
1768, 437, 449, 430, 452, 0.247172, 0.253959, 0.243213, 0.255656
1769, 437, 449, 431, 452, 0.247032, 0.253816, 0.24364, 0.255512
1770, 437, 449, 431, 453, 0.246893, 0.253672, 0.243503, 0.255932
1771, 437, 449, 432, 453, 0.246753, 0.253529, 0.24393, 0.255788
1772, 438, 449, 432, 453, 0.247178, 0.253386, 0.243792, 0.255643
1773, 438, 449, 432, 454, 0.247039, 0.253243, 0.243655, 0.256063
1774, 439, 449, 432, 454, 0.247463, 0.2531, 0.243517, 0.255919
1775, 439, 450, 432, 454, 0.247324, 0.253521, 0.24338, 0.255775
1776, 439, 451, 432, 454, 0.247185, 0.253941, 0.243243, 0.255631
1777, 439, 451, 433, 454, 0.247046, 0.253799, 0.243669, 0.255487
1778, 440, 451, 433, 454, 0.247469, 0.253656, 0.243532, 0.255343
1779, 440, 451, 433, 455, 0.24733, 0.253513, 0.243395, 0.255762
1780, 441, 451, 433, 455, 0.247753, 0.253371, 0.243258, 0.255618
1781, 442, 451, 433, 455, 0.248175, 0.253229, 0.243122, 0.255474
1782, 443, 451, 433, 455, 0.248597, 0.253086, 0.242985, 0.255331
1783, 443, 451, 433, 456, 0.248458, 0.252944, 0.242849, 0.255749
1784, 444, 451, 433, 456, 0.248879, 0.252803, 0.242713, 0.255605
1785, 444, 452, 433, 456, 0.248739, 0.253221, 0.242577, 0.255462
1786, 444, 452, 433, 457, 0.2486, 0.25308, 0.242441, 0.255879
1787, 444, 452, 433, 458, 0.248461, 0.252938, 0.242306, 0.256295
1788, 445, 452, 433, 458, 0.248881, 0.252796, 0.24217, 0.256152
1789, 445, 452, 433, 459, 0.248742, 0.252655, 0.242035, 0.256568
1790, 445, 452, 433, 460, 0.248603, 0.252514, 0.241899, 0.256983
1791, 445, 452, 433, 461, 0.248465, 0.252373, 0.241764, 0.257398
1792, 446, 452, 433, 461, 0.248884, 0.252232, 0.241629, 0.257254
1793, 446, 452, 434, 461, 0.248745, 0.252091, 0.242052, 0.257111
1794, 446, 452, 435, 461, 0.248606, 0.251951, 0.242475, 0.256968
1795, 446, 453, 435, 461, 0.248468, 0.252368, 0.24234, 0.256825
1796, 446, 453, 435, 462, 0.24833, 0.252227, 0.242205, 0.257238
1797, 446, 453, 436, 462, 0.248191, 0.252087, 0.242627, 0.257095
1798, 446, 453, 436, 463, 0.248053, 0.251947, 0.242492, 0.257508
1799, 446, 453, 436, 464, 0.247916, 0.251807, 0.242357, 0.257921
1800, 446, 453, 436, 465, 0.247778, 0.251667, 0.242222, 0.258333
1801, 446, 453, 437, 465, 0.24764, 0.251527, 0.242643, 0.25819
1802, 447, 453, 437, 465, 0.248058, 0.251387, 0.242508, 0.258047
1803, 447, 454, 437, 465, 0.24792, 0.251803, 0.242374, 0.257903
1804, 448, 454, 437, 465, 0.248337, 0.251663, 0.242239, 0.257761
1805, 448, 454, 437, 466, 0.248199, 0.251524, 0.242105, 0.258172
1806, 448, 455, 437, 466, 0.248062, 0.251938, 0.241971, 0.258029
1807, 448, 456, 437, 466, 0.247925, 0.252352, 0.241837, 0.257886
1808, 449, 456, 437, 466, 0.248341, 0.252212, 0.241704, 0.257743
1809, 450, 456, 437, 466, 0.248756, 0.252073, 0.24157, 0.257601
1810, 450, 457, 437, 466, 0.248619, 0.252486, 0.241436, 0.257459
1811, 450, 458, 437, 466, 0.248482, 0.252899, 0.241303, 0.257316
1812, 450, 458, 438, 466, 0.248344, 0.252759, 0.241722, 0.257174
1813, 450, 459, 438, 466, 0.248207, 0.253172, 0.241589, 0.257033
1814, 451, 459, 438, 466, 0.248622, 0.253032, 0.241455, 0.256891
1815, 451, 460, 438, 466, 0.248485, 0.253444, 0.241322, 0.256749
1816, 452, 460, 438, 466, 0.248899, 0.253304, 0.241189, 0.256608
1817, 453, 460, 438, 466, 0.249312, 0.253165, 0.241057, 0.256467
1818, 453, 461, 438, 466, 0.249175, 0.253575, 0.240924, 0.256326
1819, 454, 461, 438, 466, 0.249588, 0.253436, 0.240792, 0.256185
1820, 454, 461, 438, 467, 0.249451, 0.253297, 0.240659, 0.256593
1821, 454, 461, 439, 467, 0.249314, 0.253158, 0.241076, 0.256452
1822, 454, 462, 439, 467, 0.249177, 0.253568, 0.240944, 0.256312
1823, 454, 462, 439, 468, 0.24904, 0.253428, 0.240812, 0.25672
1824, 454, 462, 439, 469, 0.248904, 0.253289, 0.24068, 0.257127
1825, 454, 463, 439, 469, 0.248767, 0.253699, 0.240548, 0.256986
1826, 454, 463, 440, 469, 0.248631, 0.25356, 0.240964, 0.256846
1827, 454, 464, 440, 469, 0.248495, 0.253968, 0.240832, 0.256705
1828, 455, 464, 440, 469, 0.248906, 0.253829, 0.2407, 0.256565
1829, 456, 464, 440, 469, 0.249317, 0.253691, 0.240569, 0.256424
1830, 456, 464, 440, 470, 0.24918, 0.253552, 0.240437, 0.256831
1831, 456, 465, 440, 470, 0.249044, 0.25396, 0.240306, 0.25669
1832, 456, 465, 440, 471, 0.248908, 0.253821, 0.240175, 0.257096
1833, 456, 466, 440, 471, 0.248773, 0.254228, 0.240044, 0.256956
1834, 457, 466, 440, 471, 0.249182, 0.254089, 0.239913, 0.256816
1835, 457, 467, 440, 471, 0.249046, 0.254496, 0.239782, 0.256676
1836, 457, 467, 440, 472, 0.248911, 0.254357, 0.239651, 0.257081
1837, 457, 468, 440, 472, 0.248775, 0.254763, 0.239521, 0.256941
1838, 457, 468, 440, 473, 0.24864, 0.254625, 0.239391, 0.257345
1839, 457, 469, 440, 473, 0.248505, 0.25503, 0.23926, 0.257205
1840, 458, 469, 440, 473, 0.248913, 0.254891, 0.23913, 0.257065
1841, 458, 469, 441, 473, 0.248778, 0.254753, 0.239544, 0.256926
1842, 458, 469, 442, 473, 0.248643, 0.254615, 0.239957, 0.256786
1843, 458, 469, 443, 473, 0.248508, 0.254476, 0.240369, 0.256647
1844, 458, 470, 443, 473, 0.248373, 0.254881, 0.240239, 0.256508
1845, 459, 470, 443, 473, 0.24878, 0.254743, 0.240108, 0.256369
1846, 459, 471, 443, 473, 0.248646, 0.255146, 0.239978, 0.25623
1847, 460, 471, 443, 473, 0.249053, 0.255008, 0.239848, 0.256091
1848, 460, 471, 443, 474, 0.248918, 0.25487, 0.239719, 0.256494
1849, 460, 472, 443, 474, 0.248783, 0.255273, 0.239589, 0.256355
1850, 460, 473, 443, 474, 0.248649, 0.255676, 0.239459, 0.256216
1851, 460, 474, 443, 474, 0.248514, 0.256078, 0.23933, 0.256078
1852, 460, 474, 443, 475, 0.24838, 0.25594, 0.239201, 0.256479
1853, 460, 474, 444, 475, 0.248246, 0.255801, 0.239611, 0.256341
1854, 460, 474, 444, 476, 0.248112, 0.255663, 0.239482, 0.256742
1855, 461, 474, 444, 476, 0.248518, 0.255526, 0.239353, 0.256604
1856, 461, 474, 444, 477, 0.248384, 0.255388, 0.239224, 0.257004
1857, 461, 474, 444, 478, 0.24825, 0.25525, 0.239095, 0.257404
1858, 461, 475, 444, 478, 0.248116, 0.255651, 0.238967, 0.257266
1859, 461, 476, 444, 478, 0.247983, 0.256052, 0.238838, 0.257127
1860, 461, 476, 445, 478, 0.247849, 0.255914, 0.239247, 0.256989
1861, 461, 476, 445, 479, 0.247716, 0.255776, 0.239119, 0.257389
1862, 461, 476, 446, 479, 0.247583, 0.255639, 0.239527, 0.25725
1863, 461, 476, 447, 479, 0.24745, 0.255502, 0.239936, 0.257112
1864, 461, 476, 447, 480, 0.247318, 0.255365, 0.239807, 0.257511
1865, 461, 476, 448, 480, 0.247185, 0.255228, 0.240214, 0.257373
1866, 461, 476, 448, 481, 0.247053, 0.255091, 0.240086, 0.257771
1867, 461, 477, 448, 481, 0.24692, 0.25549, 0.239957, 0.257633
1868, 462, 477, 448, 481, 0.247323, 0.255353, 0.239829, 0.257495
1869, 462, 477, 449, 481, 0.247191, 0.255217, 0.240235, 0.257357
1870, 462, 477, 450, 481, 0.247059, 0.25508, 0.240642, 0.257219
1871, 462, 478, 450, 481, 0.246927, 0.255478, 0.240513, 0.257082
1872, 463, 478, 450, 481, 0.247329, 0.255342, 0.240385, 0.256944
1873, 463, 479, 450, 481, 0.247197, 0.255739, 0.240256, 0.256807
1874, 463, 480, 450, 481, 0.247065, 0.256137, 0.240128, 0.25667
1875, 463, 480, 451, 481, 0.246933, 0.256, 0.240533, 0.256533
1876, 464, 480, 451, 481, 0.247335, 0.255864, 0.240405, 0.256397
1877, 464, 480, 451, 482, 0.247203, 0.255727, 0.240277, 0.256793
1878, 464, 480, 452, 482, 0.247071, 0.255591, 0.240682, 0.256656
1879, 464, 480, 452, 483, 0.24694, 0.255455, 0.240553, 0.257052
1880, 464, 481, 452, 483, 0.246809, 0.255851, 0.240426, 0.256915
1881, 464, 481, 452, 484, 0.246677, 0.255715, 0.240298, 0.25731
1882, 464, 481, 453, 484, 0.246546, 0.255579, 0.240701, 0.257173
1883, 464, 481, 453, 485, 0.246415, 0.255443, 0.240574, 0.257568
1884, 464, 481, 454, 485, 0.246285, 0.255308, 0.240977, 0.257431
1885, 465, 481, 454, 485, 0.246684, 0.255172, 0.240849, 0.257294
1886, 465, 481, 455, 485, 0.246554, 0.255037, 0.241251, 0.257158
1887, 465, 482, 455, 485, 0.246423, 0.255432, 0.241123, 0.257022
1888, 465, 482, 456, 485, 0.246292, 0.255297, 0.241525, 0.256886
1889, 465, 482, 456, 486, 0.246162, 0.255161, 0.241398, 0.257279
1890, 465, 482, 457, 486, 0.246032, 0.255026, 0.241799, 0.257143
1891, 465, 482, 458, 486, 0.245902, 0.254892, 0.2422, 0.257007
1892, 465, 483, 458, 486, 0.245772, 0.255285, 0.242072, 0.256871
1893, 465, 483, 459, 486, 0.245642, 0.255151, 0.242472, 0.256735
1894, 465, 483, 459, 487, 0.245512, 0.255016, 0.242344, 0.257128
1895, 466, 483, 459, 487, 0.24591, 0.254881, 0.242216, 0.256992
1896, 466, 483, 460, 487, 0.245781, 0.254747, 0.242616, 0.256857
1897, 466, 483, 460, 488, 0.245651, 0.254613, 0.242488, 0.257248
1898, 467, 483, 460, 488, 0.246048, 0.254478, 0.24236, 0.257113
1899, 467, 483, 460, 489, 0.245919, 0.254344, 0.242233, 0.257504
1900, 467, 484, 460, 489, 0.245789, 0.254737, 0.242105, 0.257368
1901, 467, 484, 461, 489, 0.24566, 0.254603, 0.242504, 0.257233
1902, 467, 484, 461, 490, 0.245531, 0.254469, 0.242376, 0.257624
1903, 467, 484, 461, 491, 0.245402, 0.254335, 0.242249, 0.258014
1904, 467, 484, 462, 491, 0.245273, 0.254202, 0.242647, 0.257878
1905, 468, 484, 462, 491, 0.245669, 0.254068, 0.24252, 0.257743
1906, 469, 484, 462, 491, 0.246065, 0.253935, 0.242392, 0.257608
1907, 469, 485, 462, 491, 0.245936, 0.254326, 0.242265, 0.257472
1908, 469, 486, 462, 491, 0.245807, 0.254717, 0.242138, 0.257338
1909, 469, 487, 462, 491, 0.245678, 0.255107, 0.242012, 0.257203
1910, 470, 487, 462, 491, 0.246073, 0.254974, 0.241885, 0.257068
1911, 470, 488, 462, 491, 0.245945, 0.255364, 0.241758, 0.256934
1912, 470, 489, 462, 491, 0.245816, 0.255753, 0.241632, 0.256799
1913, 471, 489, 462, 491, 0.24621, 0.255619, 0.241505, 0.256665
1914, 471, 489, 463, 491, 0.246082, 0.255486, 0.241902, 0.256531
1915, 471, 489, 463, 492, 0.245953, 0.255352, 0.241775, 0.256919
1916, 471, 489, 463, 493, 0.245825, 0.255219, 0.241649, 0.257307
1917, 471, 489, 463, 494, 0.245696, 0.255086, 0.241523, 0.257694
1918, 471, 489, 463, 495, 0.245568, 0.254953, 0.241397, 0.258081
1919, 471, 489, 463, 496, 0.24544, 0.25482, 0.241271, 0.258468
1920, 471, 489, 464, 496, 0.245312, 0.254688, 0.241667, 0.258333
1921, 471, 489, 465, 496, 0.245185, 0.254555, 0.242061, 0.258199
1922, 472, 489, 465, 496, 0.245578, 0.254422, 0.241935, 0.258065
1923, 472, 489, 465, 497, 0.24545, 0.25429, 0.24181, 0.25845
1924, 472, 490, 465, 497, 0.245322, 0.254678, 0.241684, 0.258316
1925, 472, 491, 465, 497, 0.245195, 0.255065, 0.241558, 0.258182
1926, 472, 491, 466, 497, 0.245067, 0.254933, 0.241952, 0.258048
1927, 472, 492, 466, 497, 0.24494, 0.255319, 0.241827, 0.257914
1928, 472, 492, 467, 497, 0.244813, 0.255187, 0.24222, 0.25778
1929, 472, 492, 467, 498, 0.244686, 0.255054, 0.242094, 0.258165
1930, 472, 492, 468, 498, 0.24456, 0.254922, 0.242487, 0.258031
1931, 472, 492, 469, 498, 0.244433, 0.25479, 0.242879, 0.257897
1932, 472, 492, 470, 498, 0.244306, 0.254658, 0.243271, 0.257764
1933, 472, 492, 470, 499, 0.24418, 0.254527, 0.243145, 0.258148
1934, 472, 493, 470, 499, 0.244054, 0.254912, 0.24302, 0.258014
1935, 472, 494, 470, 499, 0.243928, 0.255297, 0.242894, 0.257881
1936, 473, 494, 470, 499, 0.244318, 0.255165, 0.242769, 0.257748
1937, 473, 495, 470, 499, 0.244192, 0.25555, 0.242643, 0.257615
1938, 473, 495, 471, 499, 0.244066, 0.255418, 0.243034, 0.257482
1939, 474, 495, 471, 499, 0.244456, 0.255286, 0.242909, 0.257349
1940, 475, 495, 471, 499, 0.244845, 0.255155, 0.242784, 0.257216
1941, 476, 495, 471, 499, 0.245234, 0.255023, 0.242658, 0.257084
1942, 476, 496, 471, 499, 0.245108, 0.255407, 0.242533, 0.256952
1943, 476, 497, 471, 499, 0.244982, 0.25579, 0.242409, 0.256819
1944, 477, 497, 471, 499, 0.24537, 0.255658, 0.242284, 0.256687
1945, 477, 497, 471, 500, 0.245244, 0.255527, 0.242159, 0.257069
1946, 478, 497, 471, 500, 0.245632, 0.255396, 0.242035, 0.256937
1947, 478, 497, 471, 501, 0.245506, 0.255265, 0.241911, 0.257319
1948, 478, 498, 471, 501, 0.24538, 0.255647, 0.241786, 0.257187
1949, 478, 498, 472, 501, 0.245254, 0.255516, 0.242175, 0.257055
1950, 479, 498, 472, 501, 0.245641, 0.255385, 0.242051, 0.256923
1951, 479, 498, 472, 502, 0.245515, 0.255254, 0.241927, 0.257304
1952, 479, 498, 473, 502, 0.245389, 0.255123, 0.242316, 0.257172
1953, 480, 498, 473, 502, 0.245776, 0.254992, 0.242192, 0.25704
1954, 480, 499, 473, 502, 0.24565, 0.255374, 0.242068, 0.256909
1955, 481, 499, 473, 502, 0.246036, 0.255243, 0.241944, 0.256777
1956, 481, 499, 473, 503, 0.24591, 0.255112, 0.24182, 0.257157
1957, 481, 499, 473, 504, 0.245784, 0.254982, 0.241696, 0.257537
1958, 481, 500, 473, 504, 0.245659, 0.255363, 0.241573, 0.257406
1959, 481, 500, 474, 504, 0.245533, 0.255232, 0.24196, 0.257274
1960, 481, 501, 474, 504, 0.245408, 0.255612, 0.241837, 0.257143
1961, 481, 502, 474, 504, 0.245283, 0.255992, 0.241713, 0.257012
1962, 481, 502, 474, 505, 0.245158, 0.255861, 0.24159, 0.25739
1963, 482, 502, 474, 505, 0.245543, 0.255731, 0.241467, 0.257259
1964, 482, 502, 474, 506, 0.245418, 0.255601, 0.241344, 0.257637
1965, 482, 502, 474, 507, 0.245293, 0.255471, 0.241221, 0.258015
1966, 482, 503, 474, 507, 0.245168, 0.255849, 0.241099, 0.257884
1967, 482, 504, 474, 507, 0.245043, 0.256228, 0.240976, 0.257753
1968, 482, 504, 475, 507, 0.244919, 0.256098, 0.241362, 0.257622
1969, 483, 504, 475, 507, 0.245302, 0.255967, 0.241239, 0.257491
1970, 483, 505, 475, 507, 0.245178, 0.256345, 0.241117, 0.25736
1971, 483, 505, 475, 508, 0.245053, 0.256215, 0.240994, 0.257737
1972, 483, 505, 476, 508, 0.244929, 0.256085, 0.241379, 0.257606
1973, 483, 505, 476, 509, 0.244805, 0.255955, 0.241257, 0.257983
1974, 483, 505, 477, 509, 0.244681, 0.255826, 0.241641, 0.257852
1975, 484, 505, 477, 509, 0.245063, 0.255696, 0.241519, 0.257722
1976, 484, 505, 478, 509, 0.244939, 0.255567, 0.241903, 0.257591
1977, 484, 505, 479, 509, 0.244815, 0.255438, 0.242286, 0.257461
1978, 484, 505, 480, 509, 0.244692, 0.255308, 0.242669, 0.257331
1979, 484, 505, 481, 509, 0.244568, 0.255179, 0.243052, 0.257201
1980, 484, 505, 481, 510, 0.244444, 0.255051, 0.242929, 0.257576
1981, 484, 505, 481, 511, 0.244321, 0.254922, 0.242807, 0.257951
1982, 484, 505, 481, 512, 0.244198, 0.254793, 0.242684, 0.258325
1983, 485, 505, 481, 512, 0.244579, 0.254665, 0.242562, 0.258195
1984, 485, 506, 481, 512, 0.244456, 0.25504, 0.24244, 0.258065
1985, 485, 506, 482, 512, 0.244332, 0.254912, 0.242821, 0.257935
1986, 485, 506, 482, 513, 0.244209, 0.254783, 0.242699, 0.258308
1987, 485, 506, 482, 514, 0.244087, 0.254655, 0.242577, 0.258681
1988, 485, 506, 482, 515, 0.243964, 0.254527, 0.242455, 0.259054
1989, 486, 506, 482, 515, 0.244344, 0.254399, 0.242333, 0.258924
1990, 486, 506, 483, 515, 0.244221, 0.254271, 0.242714, 0.258794
1991, 486, 506, 483, 516, 0.244098, 0.254144, 0.242592, 0.259166
1992, 486, 506, 483, 517, 0.243976, 0.254016, 0.24247, 0.259538
1993, 486, 507, 483, 517, 0.243853, 0.25439, 0.242348, 0.259408
1994, 486, 507, 483, 518, 0.243731, 0.254263, 0.242227, 0.259779
1995, 486, 507, 484, 518, 0.243609, 0.254135, 0.242607, 0.259649
1996, 486, 507, 485, 518, 0.243487, 0.254008, 0.242986, 0.259519
1997, 486, 507, 486, 518, 0.243365, 0.253881, 0.243365, 0.259389
1998, 487, 507, 486, 518, 0.243744, 0.253754, 0.243243, 0.259259
1999, 487, 507, 487, 518, 0.243622, 0.253627, 0.243622, 0.25913
2000, 488, 507, 487, 518, 0.244, 0.2535, 0.2435, 0.259
2001, 489, 507, 487, 518, 0.244378, 0.253373, 0.243378, 0.258871
2002, 489, 508, 487, 518, 0.244256, 0.253746, 0.243257, 0.258741
2003, 490, 508, 487, 518, 0.244633, 0.25362, 0.243135, 0.258612
2004, 490, 508, 488, 518, 0.244511, 0.253493, 0.243513, 0.258483
2005, 490, 508, 489, 518, 0.244389, 0.253367, 0.24389, 0.258354
2006, 490, 508, 489, 519, 0.244267, 0.25324, 0.243769, 0.258724
2007, 490, 508, 490, 519, 0.244145, 0.253114, 0.244145, 0.258595
2008, 491, 508, 490, 519, 0.244522, 0.252988, 0.244024, 0.258466
2009, 491, 508, 490, 520, 0.2444, 0.252862, 0.243902, 0.258835
2010, 491, 509, 490, 520, 0.244279, 0.253234, 0.243781, 0.258706
2011, 491, 509, 491, 520, 0.244157, 0.253108, 0.244157, 0.258578
2012, 491, 510, 491, 520, 0.244036, 0.253479, 0.244036, 0.258449
2013, 491, 510, 491, 521, 0.243915, 0.253353, 0.243915, 0.258818
2014, 492, 510, 491, 521, 0.24429, 0.253227, 0.243793, 0.258689
2015, 492, 510, 491, 522, 0.244169, 0.253102, 0.243672, 0.259057
2016, 493, 510, 491, 522, 0.244544, 0.252976, 0.243552, 0.258929
2017, 493, 510, 492, 522, 0.244422, 0.252851, 0.243927, 0.2588
2018, 493, 510, 492, 523, 0.244301, 0.252725, 0.243806, 0.259167
2019, 494, 510, 492, 523, 0.244676, 0.2526, 0.243685, 0.259039
2020, 494, 511, 492, 523, 0.244554, 0.25297, 0.243564, 0.258911
2021, 494, 512, 492, 523, 0.244433, 0.25334, 0.243444, 0.258783
2022, 494, 512, 493, 523, 0.244313, 0.253215, 0.243818, 0.258655
2023, 494, 513, 493, 523, 0.244192, 0.253584, 0.243697, 0.258527
2024, 494, 513, 493, 524, 0.244071, 0.253458, 0.243577, 0.258893
2025, 494, 513, 493, 525, 0.243951, 0.253333, 0.243457, 0.259259
2026, 495, 513, 493, 525, 0.244324, 0.253208, 0.243337, 0.259131
2027, 495, 514, 493, 525, 0.244203, 0.253577, 0.243217, 0.259003
2028, 496, 514, 493, 525, 0.244576, 0.253452, 0.243097, 0.258876
2029, 496, 515, 493, 525, 0.244455, 0.25382, 0.242977, 0.258748
2030, 496, 515, 494, 525, 0.244335, 0.253695, 0.24335, 0.258621
2031, 496, 516, 494, 525, 0.244215, 0.254062, 0.24323, 0.258493
2032, 496, 516, 495, 525, 0.244094, 0.253937, 0.243602, 0.258366
2033, 496, 516, 496, 525, 0.243974, 0.253812, 0.243974, 0.258239
2034, 496, 517, 496, 525, 0.243854, 0.254179, 0.243854, 0.258112
2035, 496, 517, 497, 525, 0.243735, 0.254054, 0.244226, 0.257985
2036, 496, 518, 497, 525, 0.243615, 0.25442, 0.244106, 0.257859
2037, 496, 518, 498, 525, 0.243495, 0.254296, 0.244477, 0.257732
2038, 496, 518, 499, 525, 0.243376, 0.254171, 0.244848, 0.257605
2039, 496, 518, 499, 526, 0.243256, 0.254046, 0.244728, 0.25797
2040, 496, 518, 500, 526, 0.243137, 0.253922, 0.245098, 0.257843
2041, 496, 519, 500, 526, 0.243018, 0.254287, 0.244978, 0.257717
2042, 496, 519, 501, 526, 0.242899, 0.254163, 0.245348, 0.257591
2043, 496, 519, 501, 527, 0.24278, 0.254038, 0.245228, 0.257954
2044, 497, 519, 501, 527, 0.243151, 0.253914, 0.245108, 0.257828
2045, 497, 520, 501, 527, 0.243032, 0.254279, 0.244988, 0.257702
2046, 497, 520, 501, 528, 0.242913, 0.254154, 0.244868, 0.258065
2047, 497, 521, 501, 528, 0.242794, 0.254519, 0.244748, 0.257938
2048, 498, 521, 501, 528, 0.243164, 0.254395, 0.244629, 0.257812
2049, 498, 521, 501, 529, 0.243045, 0.25427, 0.24451, 0.258175
2050, 498, 522, 501, 529, 0.242927, 0.254634, 0.24439, 0.258049
2051, 499, 522, 501, 529, 0.243296, 0.25451, 0.244271, 0.257923
2052, 499, 522, 501, 530, 0.243177, 0.254386, 0.244152, 0.258285
2053, 499, 522, 501, 531, 0.243059, 0.254262, 0.244033, 0.258646
2054, 499, 522, 501, 532, 0.242941, 0.254138, 0.243914, 0.259007
2055, 499, 522, 502, 532, 0.242822, 0.254015, 0.244282, 0.258881
2056, 499, 522, 503, 532, 0.242704, 0.253891, 0.24465, 0.258755
2057, 499, 523, 503, 532, 0.242586, 0.254254, 0.244531, 0.258629
2058, 499, 523, 504, 532, 0.242468, 0.25413, 0.244898, 0.258503
2059, 499, 523, 504, 533, 0.242351, 0.254007, 0.244779, 0.258864
2060, 499, 523, 505, 533, 0.242233, 0.253883, 0.245146, 0.258738
2061, 500, 523, 505, 533, 0.242601, 0.25376, 0.245027, 0.258612
2062, 500, 524, 505, 533, 0.242483, 0.254122, 0.244908, 0.258487
2063, 500, 524, 506, 533, 0.242365, 0.253999, 0.245274, 0.258362
2064, 500, 525, 506, 533, 0.242248, 0.25436, 0.245155, 0.258236
2065, 500, 525, 507, 533, 0.242131, 0.254237, 0.245521, 0.258111
2066, 500, 526, 507, 533, 0.242014, 0.254598, 0.245402, 0.257986
2067, 500, 527, 507, 533, 0.241896, 0.254959, 0.245283, 0.257862
2068, 501, 527, 507, 533, 0.242263, 0.254836, 0.245164, 0.257737
2069, 501, 527, 507, 534, 0.242146, 0.254712, 0.245046, 0.258096
2070, 502, 527, 507, 534, 0.242512, 0.254589, 0.244928, 0.257971
2071, 503, 527, 507, 534, 0.242878, 0.254466, 0.244809, 0.257846
2072, 504, 527, 507, 534, 0.243243, 0.254344, 0.244691, 0.257722
2073, 504, 527, 507, 535, 0.243126, 0.254221, 0.244573, 0.25808
2074, 505, 527, 507, 535, 0.243491, 0.254098, 0.244455, 0.257956
2075, 505, 527, 507, 536, 0.243373, 0.253976, 0.244337, 0.258313
2076, 505, 528, 507, 536, 0.243256, 0.254335, 0.24422, 0.258189
2077, 505, 528, 508, 536, 0.243139, 0.254213, 0.244584, 0.258065
2078, 505, 529, 508, 536, 0.243022, 0.254572, 0.244466, 0.25794
2079, 505, 529, 509, 536, 0.242905, 0.254449, 0.244829, 0.257816
2080, 505, 530, 509, 536, 0.242788, 0.254808, 0.244712, 0.257692
2081, 505, 531, 509, 536, 0.242672, 0.255166, 0.244594, 0.257568
2082, 505, 532, 509, 536, 0.242555, 0.255524, 0.244476, 0.257445
2083, 505, 532, 510, 536, 0.242439, 0.255401, 0.244839, 0.257321
2084, 505, 532, 511, 536, 0.242322, 0.255278, 0.245202, 0.257198
2085, 505, 532, 511, 537, 0.242206, 0.255156, 0.245084, 0.257554
2086, 506, 532, 511, 537, 0.24257, 0.255034, 0.244966, 0.25743
2087, 506, 532, 512, 537, 0.242453, 0.254911, 0.245328, 0.257307
2088, 506, 532, 512, 538, 0.242337, 0.254789, 0.245211, 0.257663
2089, 506, 532, 512, 539, 0.242221, 0.254667, 0.245093, 0.258018
2090, 506, 532, 512, 540, 0.242105, 0.254545, 0.244976, 0.258373
2091, 507, 532, 512, 540, 0.242468, 0.254424, 0.244859, 0.25825
2092, 508, 532, 512, 540, 0.24283, 0.254302, 0.244742, 0.258126
2093, 508, 532, 513, 540, 0.242714, 0.254181, 0.245103, 0.258003
2094, 509, 532, 513, 540, 0.243075, 0.254059, 0.244986, 0.25788
2095, 509, 532, 514, 540, 0.242959, 0.253938, 0.245346, 0.257757
2096, 510, 532, 514, 540, 0.243321, 0.253817, 0.245229, 0.257634
2097, 510, 532, 514, 541, 0.243205, 0.253696, 0.245112, 0.257988
2098, 510, 532, 514, 542, 0.243089, 0.253575, 0.244995, 0.258341
2099, 510, 533, 514, 542, 0.242973, 0.25393, 0.244879, 0.258218
2100, 510, 534, 514, 542, 0.242857, 0.254286, 0.244762, 0.258095
2101, 511, 534, 514, 542, 0.243218, 0.254165, 0.244645, 0.257972
2102, 511, 534, 515, 542, 0.243102, 0.254044, 0.245005, 0.25785
2103, 512, 534, 515, 542, 0.243462, 0.253923, 0.244888, 0.257727
2104, 512, 534, 515, 543, 0.243346, 0.253802, 0.244772, 0.25808
2105, 512, 535, 515, 543, 0.24323, 0.254157, 0.244656, 0.257957
2106, 512, 536, 515, 543, 0.243115, 0.254511, 0.244539, 0.257835
2107, 512, 537, 515, 543, 0.243, 0.254865, 0.244423, 0.257712
2108, 513, 537, 515, 543, 0.243359, 0.254744, 0.244307, 0.25759
2109, 513, 537, 516, 543, 0.243243, 0.254623, 0.244666, 0.257468
2110, 513, 538, 516, 543, 0.243128, 0.254976, 0.24455, 0.257346
2111, 513, 538, 516, 544, 0.243013, 0.254856, 0.244434, 0.257698
2112, 513, 539, 516, 544, 0.242898, 0.255208, 0.244318, 0.257576
2113, 514, 539, 516, 544, 0.243256, 0.255088, 0.244203, 0.257454
2114, 514, 539, 517, 544, 0.243141, 0.254967, 0.24456, 0.257332
2115, 515, 539, 517, 544, 0.243499, 0.254846, 0.244444, 0.25721
2116, 516, 539, 517, 544, 0.243856, 0.254726, 0.244329, 0.257089
2117, 517, 539, 517, 544, 0.244214, 0.254606, 0.244214, 0.256967
2118, 517, 540, 517, 544, 0.244098, 0.254958, 0.244098, 0.256846
2119, 517, 541, 517, 544, 0.243983, 0.255309, 0.243983, 0.256725
2120, 517, 541, 517, 545, 0.243868, 0.255189, 0.243868, 0.257075
2121, 518, 541, 517, 545, 0.244224, 0.255068, 0.243753, 0.256954
2122, 518, 541, 517, 546, 0.244109, 0.254948, 0.243638, 0.257304
2123, 518, 542, 517, 546, 0.243994, 0.255299, 0.243523, 0.257183
2124, 519, 542, 517, 546, 0.24435, 0.255179, 0.243409, 0.257062
2125, 519, 542, 517, 547, 0.244235, 0.255059, 0.243294, 0.257412
2126, 519, 542, 518, 547, 0.24412, 0.254939, 0.24365, 0.257291
2127, 519, 542, 519, 547, 0.244006, 0.254819, 0.244006, 0.25717
2128, 519, 542, 520, 547, 0.243891, 0.254699, 0.244361, 0.257049
2129, 519, 542, 520, 548, 0.243776, 0.25458, 0.244246, 0.257398
2130, 519, 543, 520, 548, 0.243662, 0.25493, 0.244131, 0.257277
2131, 520, 543, 520, 548, 0.244017, 0.25481, 0.244017, 0.257156
2132, 520, 543, 520, 549, 0.243902, 0.25469, 0.243902, 0.257505
2133, 520, 543, 520, 550, 0.243788, 0.254571, 0.243788, 0.257853
2134, 520, 543, 520, 551, 0.243674, 0.254452, 0.243674, 0.258201
2135, 521, 543, 520, 551, 0.244028, 0.254333, 0.24356, 0.25808
2136, 522, 543, 520, 551, 0.244382, 0.254213, 0.243446, 0.257959
2137, 522, 543, 521, 551, 0.244268, 0.254095, 0.2438, 0.257838
2138, 523, 543, 521, 551, 0.244621, 0.253976, 0.243686, 0.257717
2139, 523, 543, 522, 551, 0.244507, 0.253857, 0.244039, 0.257597
2140, 523, 543, 523, 551, 0.244393, 0.253738, 0.244393, 0.257477
2141, 524, 543, 523, 551, 0.244745, 0.25362, 0.244278, 0.257356
2142, 524, 544, 523, 551, 0.244631, 0.253968, 0.244164, 0.257236
2143, 524, 545, 523, 551, 0.244517, 0.254316, 0.24405, 0.257116
2144, 524, 546, 523, 551, 0.244403, 0.254664, 0.243937, 0.256996
2145, 524, 547, 523, 551, 0.244289, 0.255012, 0.243823, 0.256876
2146, 525, 547, 523, 551, 0.244641, 0.254893, 0.243709, 0.256757
2147, 525, 547, 524, 551, 0.244527, 0.254774, 0.244061, 0.256637
2148, 525, 547, 524, 552, 0.244413, 0.254655, 0.243948, 0.256983
2149, 525, 548, 524, 552, 0.2443, 0.255002, 0.243834, 0.256864
2150, 525, 548, 525, 552, 0.244186, 0.254884, 0.244186, 0.256744
2151, 526, 548, 525, 552, 0.244537, 0.254765, 0.244073, 0.256625
2152, 527, 548, 525, 552, 0.244888, 0.254647, 0.243959, 0.256506
2153, 527, 548, 526, 552, 0.244775, 0.254529, 0.24431, 0.256386
2154, 528, 548, 526, 552, 0.245125, 0.25441, 0.244197, 0.256267
2155, 528, 548, 527, 552, 0.245012, 0.254292, 0.244548, 0.256148
2156, 528, 548, 528, 552, 0.244898, 0.254174, 0.244898, 0.25603
2157, 528, 548, 528, 553, 0.244784, 0.254057, 0.244784, 0.256375
2158, 528, 548, 528, 554, 0.244671, 0.253939, 0.244671, 0.256719
2159, 529, 548, 528, 554, 0.245021, 0.253821, 0.244558, 0.2566
2160, 529, 548, 528, 555, 0.244907, 0.253704, 0.244444, 0.256944
2161, 530, 548, 528, 555, 0.245257, 0.253586, 0.244331, 0.256826
2162, 531, 548, 528, 555, 0.245606, 0.253469, 0.244218, 0.256707
2163, 531, 549, 528, 555, 0.245492, 0.253814, 0.244105, 0.256588
2164, 532, 549, 528, 555, 0.245841, 0.253697, 0.243993, 0.25647
2165, 532, 550, 528, 555, 0.245727, 0.254042, 0.24388, 0.256351
2166, 533, 550, 528, 555, 0.246076, 0.253924, 0.243767, 0.256233
2167, 533, 550, 528, 556, 0.245962, 0.253807, 0.243655, 0.256576
2168, 534, 550, 528, 556, 0.24631, 0.25369, 0.243542, 0.256458
2169, 534, 550, 528, 557, 0.246196, 0.253573, 0.24343, 0.2568
2170, 535, 550, 528, 557, 0.246544, 0.253456, 0.243318, 0.256682
2171, 535, 550, 528, 558, 0.24643, 0.253339, 0.243206, 0.257024
2172, 535, 550, 528, 559, 0.246317, 0.253223, 0.243094, 0.257366
2173, 535, 551, 528, 559, 0.246203, 0.253566, 0.242982, 0.257248
2174, 536, 551, 528, 559, 0.24655, 0.25345, 0.24287, 0.25713
2175, 537, 551, 528, 559, 0.246897, 0.253333, 0.242759, 0.257011
2176, 538, 551, 528, 559, 0.247243, 0.253217, 0.242647, 0.256893
2177, 538, 551, 528, 560, 0.247129, 0.253101, 0.242536, 0.257235
2178, 538, 552, 528, 560, 0.247016, 0.253444, 0.242424, 0.257117
2179, 538, 552, 528, 561, 0.246902, 0.253327, 0.242313, 0.257458
2180, 539, 552, 528, 561, 0.247248, 0.253211, 0.242202, 0.257339
2181, 540, 552, 528, 561, 0.247593, 0.253095, 0.242091, 0.257221
2182, 540, 552, 528, 562, 0.247479, 0.252979, 0.24198, 0.257562
2183, 540, 553, 528, 562, 0.247366, 0.253321, 0.241869, 0.257444
2184, 540, 553, 529, 562, 0.247253, 0.253205, 0.242216, 0.257326
2185, 540, 554, 529, 562, 0.24714, 0.253547, 0.242105, 0.257208
2186, 540, 554, 529, 563, 0.247027, 0.253431, 0.241995, 0.257548
2187, 541, 554, 529, 563, 0.247371, 0.253315, 0.241884, 0.25743
2188, 541, 555, 529, 563, 0.247258, 0.253656, 0.241773, 0.257313
2189, 541, 555, 529, 564, 0.247145, 0.25354, 0.241663, 0.257652
2190, 541, 556, 529, 564, 0.247032, 0.253881, 0.241553, 0.257534
2191, 541, 556, 529, 565, 0.246919, 0.253765, 0.241442, 0.257873
2192, 541, 556, 530, 565, 0.246807, 0.25365, 0.241788, 0.257755
2193, 541, 556, 530, 566, 0.246694, 0.253534, 0.241678, 0.258094
2194, 541, 557, 530, 566, 0.246582, 0.253874, 0.241568, 0.257976
2195, 542, 557, 530, 566, 0.246925, 0.253759, 0.241458, 0.257859
2196, 542, 557, 530, 567, 0.246812, 0.253643, 0.241348, 0.258197
2197, 543, 557, 530, 567, 0.247155, 0.253528, 0.241238, 0.258079
2198, 544, 557, 530, 567, 0.247498, 0.253412, 0.241128, 0.257962
2199, 544, 557, 531, 567, 0.247385, 0.253297, 0.241473, 0.257844
2200, 545, 557, 531, 567, 0.247727, 0.253182, 0.241364, 0.257727
2201, 546, 557, 531, 567, 0.248069, 0.253067, 0.241254, 0.25761
2202, 546, 557, 532, 567, 0.247956, 0.252952, 0.241599, 0.257493
2203, 547, 557, 532, 567, 0.248298, 0.252837, 0.241489, 0.257376
2204, 547, 558, 532, 567, 0.248185, 0.253176, 0.241379, 0.25726
2205, 547, 558, 533, 567, 0.248073, 0.253061, 0.241723, 0.257143
2206, 547, 558, 534, 567, 0.24796, 0.252947, 0.242067, 0.257026
2207, 547, 558, 534, 568, 0.247848, 0.252832, 0.241957, 0.257363
2208, 547, 558, 534, 569, 0.247736, 0.252717, 0.241848, 0.257699
2209, 547, 558, 534, 570, 0.247623, 0.252603, 0.241738, 0.258035
2210, 547, 559, 534, 570, 0.247511, 0.252941, 0.241629, 0.257919
2211, 547, 559, 535, 570, 0.247399, 0.252827, 0.241972, 0.257802
2212, 548, 559, 535, 570, 0.24774, 0.252712, 0.241863, 0.257685
2213, 548, 559, 536, 570, 0.247628, 0.252598, 0.242205, 0.257569
2214, 548, 559, 536, 571, 0.247516, 0.252484, 0.242096, 0.257904
2215, 548, 559, 536, 572, 0.247404, 0.25237, 0.241986, 0.258239
2216, 548, 559, 537, 572, 0.247292, 0.252256, 0.242329, 0.258123
2217, 548, 560, 537, 572, 0.247181, 0.252594, 0.242219, 0.258006
2218, 548, 560, 538, 572, 0.247069, 0.25248, 0.242561, 0.25789
2219, 549, 560, 538, 572, 0.247409, 0.252366, 0.242452, 0.257774
2220, 550, 560, 538, 572, 0.247748, 0.252252, 0.242342, 0.257658
2221, 550, 560, 539, 572, 0.247636, 0.252139, 0.242683, 0.257542
2222, 550, 560, 539, 573, 0.247525, 0.252025, 0.242574, 0.257876
2223, 550, 560, 539, 574, 0.247413, 0.251912, 0.242465, 0.25821
2224, 551, 560, 539, 574, 0.247752, 0.251799, 0.242356, 0.258094
2225, 551, 560, 540, 574, 0.24764, 0.251685, 0.242697, 0.257978
2226, 552, 560, 540, 574, 0.247978, 0.251572, 0.242588, 0.257862
2227, 552, 560, 541, 574, 0.247867, 0.251459, 0.242928, 0.257746
2228, 552, 560, 541, 575, 0.247756, 0.251346, 0.242819, 0.258079
2229, 553, 560, 541, 575, 0.248093, 0.251234, 0.24271, 0.257963
2230, 554, 560, 541, 575, 0.24843, 0.251121, 0.242601, 0.257848
2231, 554, 560, 541, 576, 0.248319, 0.251009, 0.242492, 0.25818
2232, 555, 560, 541, 576, 0.248656, 0.250896, 0.242384, 0.258065
2233, 555, 560, 542, 576, 0.248545, 0.250784, 0.242723, 0.257949
2234, 555, 560, 543, 576, 0.248433, 0.250671, 0.243062, 0.257833
2235, 555, 560, 544, 576, 0.248322, 0.250559, 0.2434, 0.257718
2236, 556, 560, 544, 576, 0.248658, 0.250447, 0.243292, 0.257603
2237, 557, 560, 544, 576, 0.248994, 0.250335, 0.243183, 0.257488
2238, 557, 561, 544, 576, 0.248883, 0.25067, 0.243074, 0.257373
2239, 558, 561, 544, 576, 0.249218, 0.250558, 0.242966, 0.257258
2240, 558, 561, 544, 577, 0.249107, 0.250446, 0.242857, 0.257589
2241, 558, 561, 544, 578, 0.248996, 0.250335, 0.242749, 0.257921
2242, 558, 562, 544, 578, 0.248885, 0.250669, 0.24264, 0.257806
2243, 558, 563, 544, 578, 0.248774, 0.251003, 0.242532, 0.257691
2244, 558, 563, 545, 578, 0.248663, 0.250891, 0.24287, 0.257576
2245, 558, 563, 546, 578, 0.248552, 0.25078, 0.243207, 0.257461
2246, 559, 563, 546, 578, 0.248887, 0.250668, 0.243099, 0.257346
2247, 560, 563, 546, 578, 0.249221, 0.250556, 0.242991, 0.257232
2248, 560, 563, 546, 579, 0.24911, 0.250445, 0.242883, 0.257562
2249, 560, 564, 546, 579, 0.249, 0.250778, 0.242775, 0.257448
2250, 561, 564, 546, 579, 0.249333, 0.250667, 0.242667, 0.257333
2251, 562, 564, 546, 579, 0.249667, 0.250555, 0.242559, 0.257219
2252, 562, 565, 546, 579, 0.249556, 0.250888, 0.242451, 0.257105
2253, 562, 565, 547, 579, 0.249445, 0.250777, 0.242787, 0.256991
2254, 562, 566, 547, 579, 0.249335, 0.251109, 0.24268, 0.256877
2255, 563, 566, 547, 579, 0.249667, 0.250998, 0.242572, 0.256763
2256, 564, 566, 547, 579, 0.25, 0.250887, 0.242465, 0.256649
2257, 564, 567, 547, 579, 0.249889, 0.251218, 0.242357, 0.256535
2258, 564, 567, 548, 579, 0.249779, 0.251107, 0.242693, 0.256422
2259, 564, 567, 549, 579, 0.249668, 0.250996, 0.243028, 0.256308
2260, 564, 567, 549, 580, 0.249558, 0.250885, 0.24292, 0.256637
2261, 564, 567, 550, 580, 0.249447, 0.250774, 0.243255, 0.256524
2262, 564, 567, 551, 580, 0.249337, 0.250663, 0.24359, 0.25641
2263, 564, 567, 551, 581, 0.249227, 0.250552, 0.243482, 0.256739
2264, 564, 568, 551, 581, 0.249117, 0.250883, 0.243375, 0.256625
2265, 565, 568, 551, 581, 0.249448, 0.250773, 0.243267, 0.256512
2266, 566, 568, 551, 581, 0.249779, 0.250662, 0.24316, 0.256399
2267, 566, 569, 551, 581, 0.249669, 0.250993, 0.243052, 0.256286
2268, 566, 569, 551, 582, 0.249559, 0.250882, 0.242945, 0.256614
2269, 566, 569, 551, 583, 0.249449, 0.250771, 0.242838, 0.256941
2270, 566, 569, 552, 583, 0.249339, 0.250661, 0.243172, 0.256828
2271, 567, 569, 552, 583, 0.24967, 0.25055, 0.243065, 0.256715
2272, 568, 569, 552, 583, 0.25, 0.25044, 0.242958, 0.256602
2273, 568, 569, 552, 584, 0.24989, 0.25033, 0.242851, 0.256929
2274, 568, 570, 552, 584, 0.24978, 0.25066, 0.242744, 0.256816
2275, 568, 570, 553, 584, 0.24967, 0.250549, 0.243077, 0.256703
2276, 569, 570, 553, 584, 0.25, 0.250439, 0.24297, 0.256591
2277, 569, 570, 554, 584, 0.24989, 0.250329, 0.243303, 0.256478
2278, 569, 571, 554, 584, 0.249781, 0.250658, 0.243196, 0.256365
2279, 570, 571, 554, 584, 0.25011, 0.250548, 0.243089, 0.256253
2280, 570, 571, 555, 584, 0.25, 0.250439, 0.243421, 0.25614
2281, 571, 571, 555, 584, 0.250329, 0.250329, 0.243314, 0.256028
2282, 571, 572, 555, 584, 0.250219, 0.250657, 0.243208, 0.255916
2283, 571, 572, 556, 584, 0.25011, 0.250548, 0.243539, 0.255804
2284, 571, 572, 556, 585, 0.25, 0.250438, 0.243433, 0.25613
2285, 571, 573, 556, 585, 0.249891, 0.250766, 0.243326, 0.256018
2286, 571, 573, 556, 586, 0.249781, 0.250656, 0.24322, 0.256343
2287, 571, 574, 556, 586, 0.249672, 0.250984, 0.243113, 0.256231
2288, 571, 575, 556, 586, 0.249563, 0.251311, 0.243007, 0.256119
2289, 571, 575, 557, 586, 0.249454, 0.251201, 0.243338, 0.256007
2290, 572, 575, 557, 586, 0.249782, 0.251092, 0.243231, 0.255895
2291, 572, 575, 557, 587, 0.249673, 0.250982, 0.243125, 0.25622
2292, 572, 576, 557, 587, 0.249564, 0.251309, 0.243019, 0.256108
2293, 572, 576, 557, 588, 0.249455, 0.251199, 0.242913, 0.256433
2294, 573, 576, 557, 588, 0.249782, 0.25109, 0.242807, 0.256321
2295, 574, 576, 557, 588, 0.250109, 0.25098, 0.242702, 0.256209
2296, 575, 576, 557, 588, 0.250436, 0.250871, 0.242596, 0.256098
2297, 575, 576, 558, 588, 0.250327, 0.250762, 0.242926, 0.255986
2298, 576, 576, 558, 588, 0.250653, 0.250653, 0.24282, 0.255875
2299, 576, 577, 558, 588, 0.250544, 0.250979, 0.242714, 0.255763
2300, 577, 577, 558, 588, 0.25087, 0.25087, 0.242609, 0.255652
2301, 577, 577, 559, 588, 0.250761, 0.250761, 0.242938, 0.255541
2302, 577, 578, 559, 588, 0.250652, 0.251086, 0.242832, 0.25543
2303, 577, 579, 559, 588, 0.250543, 0.251411, 0.242727, 0.255319
2304, 577, 580, 559, 588, 0.250434, 0.251736, 0.242622, 0.255208
2305, 577, 581, 559, 588, 0.250325, 0.252061, 0.242516, 0.255098
2306, 578, 581, 559, 588, 0.25065, 0.251951, 0.242411, 0.254987
2307, 578, 581, 560, 588, 0.250542, 0.251842, 0.242739, 0.254876
2308, 578, 582, 560, 588, 0.250433, 0.252166, 0.242634, 0.254766
2309, 578, 583, 560, 588, 0.250325, 0.25249, 0.242529, 0.254656
2310, 578, 583, 560, 589, 0.250216, 0.252381, 0.242424, 0.254978
2311, 578, 584, 560, 589, 0.250108, 0.252704, 0.242319, 0.254868
2312, 579, 584, 560, 589, 0.250433, 0.252595, 0.242215, 0.254758
2313, 579, 585, 560, 589, 0.250324, 0.252918, 0.24211, 0.254648
2314, 579, 585, 560, 590, 0.250216, 0.252809, 0.242005, 0.25497
2315, 579, 585, 560, 591, 0.250108, 0.2527, 0.241901, 0.255292
2316, 579, 585, 561, 591, 0.25, 0.252591, 0.242228, 0.255181
2317, 579, 585, 561, 592, 0.249892, 0.252482, 0.242123, 0.255503
2318, 579, 585, 561, 593, 0.249784, 0.252373, 0.242019, 0.255824
2319, 579, 585, 561, 594, 0.249677, 0.252264, 0.241915, 0.256145
2320, 580, 585, 561, 594, 0.25, 0.252155, 0.24181, 0.256034
2321, 580, 586, 561, 594, 0.249892, 0.252477, 0.241706, 0.255924
2322, 580, 587, 561, 594, 0.249785, 0.252799, 0.241602, 0.255814
2323, 581, 587, 561, 594, 0.250108, 0.25269, 0.241498, 0.255704
2324, 582, 587, 561, 594, 0.25043, 0.252582, 0.241394, 0.255594
2325, 582, 588, 561, 594, 0.250323, 0.252903, 0.24129, 0.255484
2326, 582, 588, 562, 594, 0.250215, 0.252794, 0.241617, 0.255374
2327, 583, 588, 562, 594, 0.250537, 0.252686, 0.241513, 0.255264
2328, 583, 589, 562, 594, 0.25043, 0.253007, 0.241409, 0.255155
2329, 583, 589, 562, 595, 0.250322, 0.252898, 0.241305, 0.255474
2330, 584, 589, 562, 595, 0.250644, 0.25279, 0.241202, 0.255365
2331, 584, 589, 562, 596, 0.250536, 0.252681, 0.241098, 0.255684
2332, 584, 590, 562, 596, 0.250429, 0.253002, 0.240995, 0.255575
2333, 584, 590, 562, 597, 0.250321, 0.252893, 0.240892, 0.255894
2334, 584, 590, 563, 597, 0.250214, 0.252785, 0.241217, 0.255784
2335, 585, 590, 563, 597, 0.250535, 0.252677, 0.241113, 0.255675
2336, 586, 590, 563, 597, 0.250856, 0.252568, 0.24101, 0.255565
2337, 587, 590, 563, 597, 0.251177, 0.25246, 0.240907, 0.255456
2338, 588, 590, 563, 597, 0.251497, 0.252352, 0.240804, 0.255346
2339, 589, 590, 563, 597, 0.251817, 0.252245, 0.240701, 0.255237
2340, 589, 590, 564, 597, 0.251709, 0.252137, 0.241026, 0.255128
2341, 589, 590, 564, 598, 0.251602, 0.252029, 0.240923, 0.255446
2342, 589, 590, 564, 599, 0.251494, 0.251921, 0.24082, 0.255764
2343, 589, 590, 564, 600, 0.251387, 0.251814, 0.240717, 0.256082
2344, 589, 590, 564, 601, 0.25128, 0.251706, 0.240614, 0.256399
2345, 589, 591, 564, 601, 0.251173, 0.252026, 0.240512, 0.25629
2346, 589, 592, 564, 601, 0.251066, 0.252344, 0.240409, 0.256181
2347, 589, 593, 564, 601, 0.250959, 0.252663, 0.240307, 0.256072
2348, 589, 594, 564, 601, 0.250852, 0.252981, 0.240204, 0.255963
2349, 589, 594, 565, 601, 0.250745, 0.252874, 0.240528, 0.255854
2350, 590, 594, 565, 601, 0.251064, 0.252766, 0.240426, 0.255745
2351, 590, 594, 566, 601, 0.250957, 0.252658, 0.240749, 0.255636
2352, 590, 594, 567, 601, 0.25085, 0.252551, 0.241071, 0.255527
2353, 590, 595, 567, 601, 0.250744, 0.252869, 0.240969, 0.255419
2354, 590, 596, 567, 601, 0.250637, 0.253186, 0.240867, 0.25531
2355, 590, 596, 568, 601, 0.250531, 0.253079, 0.241189, 0.255202
2356, 590, 597, 568, 601, 0.250424, 0.253396, 0.241087, 0.255093
2357, 590, 597, 568, 602, 0.250318, 0.253288, 0.240984, 0.255409
2358, 591, 597, 568, 602, 0.250636, 0.253181, 0.240882, 0.255301
2359, 591, 598, 568, 602, 0.25053, 0.253497, 0.24078, 0.255193
2360, 591, 598, 568, 603, 0.250424, 0.25339, 0.240678, 0.255508
2361, 591, 599, 568, 603, 0.250318, 0.253706, 0.240576, 0.2554
2362, 591, 599, 569, 603, 0.250212, 0.253599, 0.240898, 0.255292
2363, 591, 600, 569, 603, 0.250106, 0.253915, 0.240796, 0.255184
2364, 592, 600, 569, 603, 0.250423, 0.253807, 0.240694, 0.255076
2365, 592, 600, 569, 604, 0.250317, 0.2537, 0.240592, 0.255391
2366, 593, 600, 569, 604, 0.250634, 0.253593, 0.24049, 0.255283
2367, 593, 600, 570, 604, 0.250528, 0.253485, 0.240811, 0.255175
2368, 593, 600, 570, 605, 0.250422, 0.253378, 0.240709, 0.25549
2369, 594, 600, 570, 605, 0.250739, 0.253271, 0.240608, 0.255382
2370, 595, 600, 570, 605, 0.251055, 0.253165, 0.240506, 0.255274
2371, 595, 601, 570, 605, 0.250949, 0.25348, 0.240405, 0.255167
2372, 595, 601, 570, 606, 0.250843, 0.253373, 0.240304, 0.255481
2373, 595, 601, 571, 606, 0.250737, 0.253266, 0.240624, 0.255373
2374, 595, 602, 571, 606, 0.250632, 0.25358, 0.240522, 0.255265
2375, 595, 602, 571, 607, 0.250526, 0.253474, 0.240421, 0.255579
2376, 595, 602, 572, 607, 0.250421, 0.253367, 0.240741, 0.255471
2377, 595, 602, 573, 607, 0.250316, 0.25326, 0.24106, 0.255364
2378, 596, 602, 573, 607, 0.250631, 0.253154, 0.240959, 0.255257
2379, 596, 603, 573, 607, 0.250525, 0.253468, 0.240858, 0.255149
2380, 596, 603, 573, 608, 0.25042, 0.253361, 0.240756, 0.255462
2381, 596, 603, 573, 609, 0.250315, 0.253255, 0.240655, 0.255775
2382, 596, 603, 574, 609, 0.25021, 0.253149, 0.240974, 0.255668
2383, 596, 603, 575, 609, 0.250105, 0.253042, 0.241292, 0.25556
2384, 597, 603, 575, 609, 0.250419, 0.252936, 0.241191, 0.255453
2385, 597, 604, 575, 609, 0.250314, 0.253249, 0.24109, 0.255346
2386, 597, 605, 575, 609, 0.25021, 0.253562, 0.240989, 0.255239
2387, 598, 605, 575, 609, 0.250524, 0.253456, 0.240888, 0.255132
2388, 598, 606, 575, 609, 0.250419, 0.253769, 0.240787, 0.255025
2389, 598, 607, 575, 609, 0.250314, 0.254081, 0.240686, 0.254918
2390, 598, 608, 575, 609, 0.250209, 0.254393, 0.240586, 0.254812
2391, 598, 609, 575, 609, 0.250105, 0.254705, 0.240485, 0.254705
2392, 599, 609, 575, 609, 0.250418, 0.254599, 0.240385, 0.254599
2393, 599, 609, 576, 609, 0.250313, 0.254492, 0.240702, 0.254492
2394, 599, 610, 576, 609, 0.250209, 0.254804, 0.240602, 0.254386
2395, 599, 610, 577, 609, 0.250104, 0.254697, 0.240919, 0.25428
2396, 599, 610, 578, 609, 0.25, 0.254591, 0.241235, 0.254174
2397, 599, 610, 579, 609, 0.249896, 0.254485, 0.241552, 0.254068
2398, 599, 610, 580, 609, 0.249791, 0.254379, 0.241868, 0.253962
2399, 599, 610, 580, 610, 0.249687, 0.254273, 0.241767, 0.254273
2400, 599, 610, 581, 610, 0.249583, 0.254167, 0.242083, 0.254167
2401, 599, 610, 581, 611, 0.249479, 0.254061, 0.241983, 0.254477
2402, 599, 611, 581, 611, 0.249376, 0.254371, 0.241882, 0.254371
2403, 600, 611, 581, 611, 0.249688, 0.254266, 0.241781, 0.254266
2404, 600, 611, 581, 612, 0.249584, 0.25416, 0.241681, 0.254576
2405, 601, 611, 581, 612, 0.249896, 0.254054, 0.24158, 0.25447
2406, 602, 611, 581, 612, 0.250208, 0.253948, 0.24148, 0.254364
2407, 602, 611, 581, 613, 0.250104, 0.253843, 0.241379, 0.254674
2408, 602, 611, 582, 613, 0.25, 0.253738, 0.241694, 0.254568
2409, 603, 611, 582, 613, 0.250311, 0.253632, 0.241594, 0.254462
2410, 603, 611, 583, 613, 0.250207, 0.253527, 0.241909, 0.254357
2411, 604, 611, 583, 613, 0.250518, 0.253422, 0.241808, 0.254251
2412, 604, 611, 584, 613, 0.250415, 0.253317, 0.242123, 0.254146
2413, 604, 611, 585, 613, 0.250311, 0.253212, 0.242437, 0.254041
2414, 604, 611, 585, 614, 0.250207, 0.253107, 0.242336, 0.25435
2415, 604, 611, 586, 614, 0.250104, 0.253002, 0.24265, 0.254244
2416, 605, 611, 586, 614, 0.250414, 0.252897, 0.24255, 0.254139
2417, 606, 611, 586, 614, 0.250724, 0.252793, 0.242449, 0.254034
2418, 606, 612, 586, 614, 0.25062, 0.253102, 0.242349, 0.253929
2419, 606, 613, 586, 614, 0.250517, 0.253411, 0.242249, 0.253824
2420, 606, 614, 586, 614, 0.250413, 0.253719, 0.242149, 0.253719
2421, 606, 614, 587, 614, 0.25031, 0.253614, 0.242462, 0.253614
2422, 606, 615, 587, 614, 0.250206, 0.253922, 0.242362, 0.253509
2423, 606, 615, 588, 614, 0.250103, 0.253818, 0.242674, 0.253405
2424, 606, 615, 588, 615, 0.25, 0.253713, 0.242574, 0.253713
2425, 607, 615, 588, 615, 0.250309, 0.253608, 0.242474, 0.253608
2426, 607, 615, 589, 615, 0.250206, 0.253504, 0.242786, 0.253504
2427, 607, 616, 589, 615, 0.250103, 0.253811, 0.242686, 0.253399
2428, 607, 617, 589, 615, 0.25, 0.254119, 0.242586, 0.253295
2429, 607, 617, 589, 616, 0.249897, 0.254014, 0.242487, 0.253602
2430, 607, 617, 590, 616, 0.249794, 0.253909, 0.242798, 0.253498
2431, 608, 617, 590, 616, 0.250103, 0.253805, 0.242698, 0.253394
2432, 608, 617, 590, 617, 0.25, 0.253701, 0.242599, 0.253701
2433, 608, 617, 591, 617, 0.249897, 0.253596, 0.24291, 0.253596
2434, 609, 617, 591, 617, 0.250205, 0.253492, 0.24281, 0.253492
2435, 609, 618, 591, 617, 0.250103, 0.253799, 0.24271, 0.253388
2436, 610, 618, 591, 617, 0.250411, 0.253695, 0.242611, 0.253284
2437, 610, 618, 591, 618, 0.250308, 0.25359, 0.242511, 0.25359
2438, 610, 618, 591, 619, 0.250205, 0.253486, 0.242412, 0.253897
2439, 611, 618, 591, 619, 0.250513, 0.253383, 0.242312, 0.253793
2440, 611, 618, 592, 619, 0.25041, 0.253279, 0.242623, 0.253689
2441, 611, 618, 593, 619, 0.250307, 0.253175, 0.242933, 0.253585
2442, 611, 618, 593, 620, 0.250205, 0.253071, 0.242834, 0.25389
2443, 611, 619, 593, 620, 0.250102, 0.253377, 0.242734, 0.253786
2444, 611, 620, 593, 620, 0.25, 0.253682, 0.242635, 0.253682
2445, 612, 620, 593, 620, 0.250307, 0.253579, 0.242536, 0.253579
2446, 612, 620, 593, 621, 0.250204, 0.253475, 0.242437, 0.253884
2447, 612, 620, 594, 621, 0.250102, 0.253371, 0.242746, 0.25378
2448, 612, 621, 594, 621, 0.25, 0.253676, 0.242647, 0.253676
2449, 612, 621, 595, 621, 0.249898, 0.253573, 0.242956, 0.253573
2450, 613, 621, 595, 621, 0.250204, 0.253469, 0.242857, 0.253469
2451, 614, 621, 595, 621, 0.25051, 0.253366, 0.242758, 0.253366
2452, 614, 622, 595, 621, 0.250408, 0.25367, 0.242659, 0.253263
2453, 615, 622, 595, 621, 0.250713, 0.253567, 0.24256, 0.253159
2454, 616, 622, 595, 621, 0.251019, 0.253464, 0.242461, 0.253056
2455, 616, 622, 596, 621, 0.250916, 0.25336, 0.24277, 0.252953
2456, 616, 622, 597, 621, 0.250814, 0.253257, 0.243078, 0.25285
2457, 616, 622, 597, 622, 0.250712, 0.253154, 0.242979, 0.253154
2458, 617, 622, 597, 622, 0.251017, 0.253051, 0.24288, 0.253051
2459, 617, 622, 597, 623, 0.250915, 0.252948, 0.242782, 0.253355
2460, 617, 622, 598, 623, 0.250813, 0.252846, 0.243089, 0.253252
2461, 617, 623, 598, 623, 0.250711, 0.253149, 0.242991, 0.253149
2462, 618, 623, 598, 623, 0.251015, 0.253046, 0.242892, 0.253046
2463, 618, 623, 599, 623, 0.250914, 0.252944, 0.243199, 0.252944
2464, 618, 623, 600, 623, 0.250812, 0.252841, 0.243506, 0.252841
2465, 618, 623, 601, 623, 0.25071, 0.252738, 0.243813, 0.252738
2466, 618, 623, 602, 623, 0.250608, 0.252636, 0.24412, 0.252636
2467, 618, 624, 602, 623, 0.250507, 0.252939, 0.244021, 0.252533
2468, 618, 624, 603, 623, 0.250405, 0.252836, 0.244327, 0.252431
2469, 618, 624, 604, 623, 0.250304, 0.252734, 0.244633, 0.252329
2470, 618, 625, 604, 623, 0.250202, 0.253036, 0.244534, 0.252227
2471, 618, 625, 605, 623, 0.250101, 0.252934, 0.24484, 0.252125
2472, 618, 625, 605, 624, 0.25, 0.252832, 0.244741, 0.252427
2473, 618, 626, 605, 624, 0.249899, 0.253134, 0.244642, 0.252325
2474, 619, 626, 605, 624, 0.250202, 0.253032, 0.244543, 0.252223
2475, 619, 627, 605, 624, 0.250101, 0.253333, 0.244444, 0.252121
2476, 620, 627, 605, 624, 0.250404, 0.253231, 0.244346, 0.252019
2477, 620, 628, 605, 624, 0.250303, 0.253532, 0.244247, 0.251918
2478, 621, 628, 605, 624, 0.250605, 0.25343, 0.244149, 0.251816
2479, 622, 628, 605, 624, 0.250908, 0.253328, 0.24405, 0.251714
2480, 622, 629, 605, 624, 0.250806, 0.253629, 0.243952, 0.251613
2481, 622, 629, 606, 624, 0.250705, 0.253527, 0.244256, 0.251511
2482, 623, 629, 606, 624, 0.251007, 0.253425, 0.244158, 0.25141
2483, 623, 629, 607, 624, 0.250906, 0.253323, 0.244462, 0.251309
2484, 624, 629, 607, 624, 0.251208, 0.253221, 0.244364, 0.251208
2485, 624, 629, 608, 624, 0.251107, 0.253119, 0.244668, 0.251107
2486, 624, 629, 609, 624, 0.251006, 0.253017, 0.244972, 0.251006
2487, 624, 629, 610, 624, 0.250905, 0.252915, 0.245275, 0.250905
2488, 624, 629, 610, 625, 0.250804, 0.252814, 0.245177, 0.251206
2489, 625, 629, 610, 625, 0.251105, 0.252712, 0.245078, 0.251105
2490, 625, 630, 610, 625, 0.251004, 0.253012, 0.24498, 0.251004
2491, 625, 631, 610, 625, 0.250903, 0.253312, 0.244882, 0.250903
2492, 625, 631, 610, 626, 0.250803, 0.25321, 0.244783, 0.251204
2493, 625, 631, 611, 626, 0.250702, 0.253109, 0.245086, 0.251103
2494, 625, 632, 611, 626, 0.250601, 0.253408, 0.244988, 0.251002
2495, 625, 632, 612, 626, 0.250501, 0.253307, 0.245291, 0.250902
2496, 625, 633, 612, 626, 0.250401, 0.253606, 0.245192, 0.250801
2497, 625, 633, 612, 627, 0.2503, 0.253504, 0.245094, 0.251101
2498, 626, 633, 612, 627, 0.2506, 0.253403, 0.244996, 0.251001
2499, 626, 633, 612, 628, 0.2505, 0.253301, 0.244898, 0.251301
2500, 626, 633, 612, 629, 0.2504, 0.2532, 0.2448, 0.2516
2501, 626, 633, 612, 630, 0.2503, 0.253099, 0.244702, 0.251899
2502, 626, 633, 612, 631, 0.2502, 0.252998, 0.244604, 0.252198
2503, 627, 633, 612, 631, 0.250499, 0.252897, 0.244507, 0.252097
2504, 627, 634, 612, 631, 0.250399, 0.253195, 0.244409, 0.251997
2505, 627, 634, 613, 631, 0.250299, 0.253094, 0.244711, 0.251896
2506, 628, 634, 613, 631, 0.250599, 0.252993, 0.244613, 0.251796
2507, 628, 634, 614, 631, 0.250499, 0.252892, 0.244914, 0.251695
2508, 628, 635, 614, 631, 0.250399, 0.25319, 0.244817, 0.251595
2509, 628, 636, 614, 631, 0.250299, 0.253487, 0.244719, 0.251495
2510, 628, 636, 614, 632, 0.250199, 0.253386, 0.244622, 0.251793
2511, 628, 636, 615, 632, 0.2501, 0.253286, 0.244922, 0.251693
2512, 628, 636, 616, 632, 0.25, 0.253185, 0.245223, 0.251592
2513, 629, 636, 616, 632, 0.250298, 0.253084, 0.245125, 0.251492
2514, 630, 636, 616, 632, 0.250597, 0.252983, 0.245028, 0.251392
2515, 630, 636, 616, 633, 0.250497, 0.252883, 0.24493, 0.25169
2516, 630, 636, 617, 633, 0.250397, 0.252782, 0.245231, 0.25159
2517, 630, 637, 617, 633, 0.250298, 0.253079, 0.245133, 0.25149
2518, 630, 637, 617, 634, 0.250199, 0.252979, 0.245036, 0.251787
2519, 630, 637, 618, 634, 0.250099, 0.252878, 0.245335, 0.251687
2520, 630, 637, 618, 635, 0.25, 0.252778, 0.245238, 0.251984
2521, 631, 637, 618, 635, 0.250298, 0.252678, 0.245141, 0.251884
2522, 631, 637, 618, 636, 0.250198, 0.252577, 0.245044, 0.252181
2523, 631, 637, 618, 637, 0.250099, 0.252477, 0.244946, 0.252477
2524, 631, 637, 619, 637, 0.25, 0.252377, 0.245246, 0.252377
2525, 631, 637, 619, 638, 0.249901, 0.252277, 0.245149, 0.252673
2526, 632, 637, 619, 638, 0.250198, 0.252177, 0.245051, 0.252573
2527, 633, 637, 619, 638, 0.250495, 0.252078, 0.244954, 0.252473
2528, 633, 637, 619, 639, 0.250396, 0.251978, 0.244858, 0.252769
2529, 633, 637, 620, 639, 0.250297, 0.251878, 0.245156, 0.252669
2530, 633, 638, 620, 639, 0.250198, 0.252174, 0.245059, 0.252569
2531, 633, 638, 621, 639, 0.250099, 0.252074, 0.245358, 0.252469
2532, 633, 638, 621, 640, 0.25, 0.251975, 0.245261, 0.252765
2533, 633, 638, 622, 640, 0.249901, 0.251875, 0.245559, 0.252665
2534, 633, 638, 622, 641, 0.249803, 0.251776, 0.245462, 0.25296
2535, 633, 639, 622, 641, 0.249704, 0.252071, 0.245365, 0.25286
2536, 633, 639, 623, 641, 0.249606, 0.251972, 0.245662, 0.25276
2537, 634, 639, 623, 641, 0.249901, 0.251872, 0.245566, 0.252661
2538, 635, 639, 623, 641, 0.250197, 0.251773, 0.245469, 0.252561
2539, 635, 639, 624, 641, 0.250098, 0.251674, 0.245766, 0.252462
2540, 635, 639, 625, 641, 0.25, 0.251575, 0.246063, 0.252362
2541, 636, 639, 625, 641, 0.250295, 0.251476, 0.245966, 0.252263
2542, 637, 639, 625, 641, 0.25059, 0.251377, 0.245869, 0.252164
2543, 637, 639, 625, 642, 0.250492, 0.251278, 0.245773, 0.252458
2544, 637, 639, 626, 642, 0.250393, 0.251179, 0.246069, 0.252358
2545, 637, 640, 626, 642, 0.250295, 0.251473, 0.245972, 0.252259
2546, 637, 640, 627, 642, 0.250196, 0.251375, 0.246269, 0.25216
2547, 637, 640, 628, 642, 0.250098, 0.251276, 0.246565, 0.252061
2548, 638, 640, 628, 642, 0.250392, 0.251177, 0.246468, 0.251962
2549, 638, 640, 628, 643, 0.250294, 0.251079, 0.246371, 0.252256
2550, 638, 641, 628, 643, 0.250196, 0.251373, 0.246275, 0.252157
2551, 639, 641, 628, 643, 0.25049, 0.251274, 0.246178, 0.252058
2552, 639, 641, 628, 644, 0.250392, 0.251176, 0.246082, 0.252351
2553, 639, 642, 628, 644, 0.250294, 0.251469, 0.245985, 0.252252
2554, 640, 642, 628, 644, 0.250587, 0.25137, 0.245889, 0.252153
2555, 640, 642, 629, 644, 0.250489, 0.251272, 0.246184, 0.252055
2556, 640, 643, 629, 644, 0.250391, 0.251565, 0.246088, 0.251956
2557, 640, 644, 629, 644, 0.250293, 0.251858, 0.245991, 0.251858
2558, 641, 644, 629, 644, 0.250586, 0.251759, 0.245895, 0.251759
2559, 641, 644, 629, 645, 0.250488, 0.251661, 0.245799, 0.252052
2560, 641, 644, 629, 646, 0.250391, 0.251563, 0.245703, 0.252344
2561, 642, 644, 629, 646, 0.250683, 0.251464, 0.245607, 0.252245
2562, 642, 644, 630, 646, 0.250585, 0.251366, 0.245902, 0.252147
2563, 643, 644, 630, 646, 0.250878, 0.251268, 0.245806, 0.252048
2564, 643, 644, 630, 647, 0.25078, 0.25117, 0.24571, 0.25234
2565, 644, 644, 630, 647, 0.251072, 0.251072, 0.245614, 0.252242
2566, 645, 644, 630, 647, 0.251364, 0.250974, 0.245518, 0.252143
2567, 645, 644, 631, 647, 0.251266, 0.250877, 0.245812, 0.252045
2568, 646, 644, 631, 647, 0.251558, 0.250779, 0.245717, 0.251947
2569, 647, 644, 631, 647, 0.251849, 0.250681, 0.245621, 0.251849
2570, 647, 644, 632, 647, 0.251751, 0.250584, 0.245914, 0.251751
2571, 648, 644, 632, 647, 0.252042, 0.250486, 0.245819, 0.251653
2572, 648, 644, 633, 647, 0.251944, 0.250389, 0.246112, 0.251555
2573, 649, 644, 633, 647, 0.252235, 0.250291, 0.246016, 0.251457
2574, 650, 644, 633, 647, 0.252525, 0.250194, 0.245921, 0.25136
2575, 650, 645, 633, 647, 0.252427, 0.250485, 0.245825, 0.251262
2576, 651, 645, 633, 647, 0.252717, 0.250388, 0.24573, 0.251165
2577, 652, 645, 633, 647, 0.253007, 0.250291, 0.245634, 0.251067
2578, 652, 646, 633, 647, 0.252909, 0.250582, 0.245539, 0.25097
2579, 652, 646, 633, 648, 0.252811, 0.250485, 0.245444, 0.25126
2580, 652, 646, 634, 648, 0.252713, 0.250388, 0.245736, 0.251163
2581, 652, 646, 634, 649, 0.252615, 0.250291, 0.245641, 0.251453
2582, 652, 647, 634, 649, 0.252517, 0.250581, 0.245546, 0.251356
2583, 652, 647, 634, 650, 0.25242, 0.250484, 0.245451, 0.251645
2584, 652, 647, 635, 650, 0.252322, 0.250387, 0.245743, 0.251548
2585, 653, 647, 635, 650, 0.252611, 0.25029, 0.245648, 0.251451
2586, 653, 647, 636, 650, 0.252514, 0.250193, 0.24594, 0.251353
2587, 653, 647, 637, 650, 0.252416, 0.250097, 0.246231, 0.251256
2588, 653, 647, 637, 651, 0.252318, 0.25, 0.246136, 0.251546
2589, 653, 647, 637, 652, 0.252221, 0.249903, 0.246041, 0.251835
2590, 653, 648, 637, 652, 0.252124, 0.250193, 0.245946, 0.251737
2591, 653, 648, 637, 653, 0.252026, 0.250096, 0.245851, 0.252026
2592, 654, 648, 637, 653, 0.252315, 0.25, 0.245756, 0.251929
2593, 654, 649, 637, 653, 0.252218, 0.250289, 0.245661, 0.251832
2594, 654, 649, 637, 654, 0.25212, 0.250193, 0.245567, 0.25212
2595, 654, 650, 637, 654, 0.252023, 0.250482, 0.245472, 0.252023
2596, 654, 650, 637, 655, 0.251926, 0.250385, 0.245378, 0.252311
2597, 655, 650, 637, 655, 0.252214, 0.250289, 0.245283, 0.252214
2598, 655, 651, 637, 655, 0.252117, 0.250577, 0.245189, 0.252117
2599, 655, 651, 638, 655, 0.25202, 0.250481, 0.245479, 0.25202
2600, 656, 651, 638, 655, 0.252308, 0.250385, 0.245385, 0.251923
2601, 657, 651, 638, 655, 0.252595, 0.250288, 0.24529, 0.251826
2602, 658, 651, 638, 655, 0.252882, 0.250192, 0.245196, 0.251729
2603, 659, 651, 638, 655, 0.253169, 0.250096, 0.245102, 0.251633
2604, 659, 651, 638, 656, 0.253072, 0.25, 0.245008, 0.25192
2605, 660, 651, 638, 656, 0.253359, 0.249904, 0.244914, 0.251823
2606, 660, 652, 638, 656, 0.253262, 0.250192, 0.24482, 0.251727
2607, 660, 653, 638, 656, 0.253165, 0.250479, 0.244726, 0.25163
2608, 660, 654, 638, 656, 0.253067, 0.250767, 0.244632, 0.251534
2609, 660, 655, 638, 656, 0.25297, 0.251054, 0.244538, 0.251437
2610, 660, 656, 638, 656, 0.252874, 0.251341, 0.244444, 0.251341
2611, 660, 656, 638, 657, 0.252777, 0.251245, 0.244351, 0.251628
2612, 660, 657, 638, 657, 0.25268, 0.251531, 0.244257, 0.251531
2613, 660, 657, 639, 657, 0.252583, 0.251435, 0.244546, 0.251435
2614, 660, 658, 639, 657, 0.252487, 0.251721, 0.244453, 0.251339
2615, 660, 658, 639, 658, 0.25239, 0.251625, 0.244359, 0.251625
2616, 660, 658, 640, 658, 0.252294, 0.251529, 0.244648, 0.251529
2617, 661, 658, 640, 658, 0.252579, 0.251433, 0.244555, 0.251433
2618, 661, 658, 641, 658, 0.252483, 0.251337, 0.244843, 0.251337
2619, 661, 659, 641, 658, 0.252386, 0.251623, 0.24475, 0.251241
2620, 661, 659, 642, 658, 0.25229, 0.251527, 0.245038, 0.251145
2621, 661, 659, 642, 659, 0.252194, 0.251431, 0.244945, 0.251431
2622, 661, 659, 643, 659, 0.252098, 0.251335, 0.245233, 0.251335
2623, 662, 659, 643, 659, 0.252383, 0.251239, 0.245139, 0.251239
2624, 662, 659, 644, 659, 0.252287, 0.251143, 0.245427, 0.251143
2625, 662, 660, 644, 659, 0.25219, 0.251429, 0.245333, 0.251048
2626, 662, 661, 644, 659, 0.252094, 0.251714, 0.24524, 0.250952
2627, 663, 661, 644, 659, 0.252379, 0.251618, 0.245147, 0.250856
2628, 664, 661, 644, 659, 0.252664, 0.251522, 0.245053, 0.250761
2629, 664, 661, 645, 659, 0.252568, 0.251426, 0.24534, 0.250666
2630, 664, 661, 646, 659, 0.252471, 0.251331, 0.245627, 0.25057
2631, 664, 661, 647, 659, 0.252376, 0.251235, 0.245914, 0.250475
2632, 664, 661, 648, 659, 0.25228, 0.25114, 0.246201, 0.25038
2633, 664, 662, 648, 659, 0.252184, 0.251424, 0.246107, 0.250285
2634, 665, 662, 648, 659, 0.252468, 0.251329, 0.246014, 0.25019
2635, 665, 662, 648, 660, 0.252372, 0.251233, 0.24592, 0.250474
2636, 665, 663, 648, 660, 0.252276, 0.251517, 0.245827, 0.250379
2637, 665, 664, 648, 660, 0.252181, 0.251801, 0.245734, 0.250284
2638, 665, 665, 648, 660, 0.252085, 0.252085, 0.245641, 0.25019
2639, 665, 666, 648, 660, 0.251989, 0.252368, 0.245548, 0.250095
2640, 665, 666, 649, 660, 0.251894, 0.252273, 0.245833, 0.25
2641, 665, 666, 649, 661, 0.251799, 0.252177, 0.24574, 0.250284
2642, 666, 666, 649, 661, 0.252082, 0.252082, 0.245647, 0.250189
2643, 666, 666, 650, 661, 0.251986, 0.251986, 0.245933, 0.250095
2644, 666, 667, 650, 661, 0.251891, 0.252269, 0.24584, 0.25
2645, 666, 668, 650, 661, 0.251796, 0.252552, 0.245747, 0.249905
2646, 666, 668, 650, 662, 0.251701, 0.252457, 0.245654, 0.250189
2647, 666, 668, 650, 663, 0.251606, 0.252361, 0.245561, 0.250472
2648, 667, 668, 650, 663, 0.251888, 0.252266, 0.245468, 0.250378
2649, 668, 668, 650, 663, 0.252171, 0.252171, 0.245376, 0.250283
2650, 668, 668, 650, 664, 0.252075, 0.252075, 0.245283, 0.250566
2651, 668, 668, 650, 665, 0.25198, 0.25198, 0.24519, 0.250849
2652, 668, 668, 650, 666, 0.251885, 0.251885, 0.245098, 0.251131
2653, 668, 668, 650, 667, 0.25179, 0.25179, 0.245006, 0.251413
2654, 668, 668, 651, 667, 0.251696, 0.251696, 0.24529, 0.251319
2655, 669, 668, 651, 667, 0.251977, 0.251601, 0.245198, 0.251224
2656, 670, 668, 651, 667, 0.252259, 0.251506, 0.245105, 0.25113
2657, 670, 669, 651, 667, 0.252164, 0.251788, 0.245013, 0.251035
2658, 670, 669, 651, 668, 0.252069, 0.251693, 0.244921, 0.251317
2659, 670, 669, 651, 669, 0.251974, 0.251598, 0.244829, 0.251598
2660, 670, 670, 651, 669, 0.25188, 0.25188, 0.244737, 0.251504
2661, 671, 670, 651, 669, 0.252161, 0.251785, 0.244645, 0.251409
2662, 672, 670, 651, 669, 0.252442, 0.25169, 0.244553, 0.251315
2663, 673, 670, 651, 669, 0.252722, 0.251596, 0.244461, 0.25122
2664, 673, 671, 651, 669, 0.252628, 0.251877, 0.244369, 0.251126
2665, 673, 671, 652, 669, 0.252533, 0.251782, 0.244653, 0.251032
2666, 674, 671, 652, 669, 0.252813, 0.251688, 0.244561, 0.250938
2667, 674, 671, 652, 670, 0.252718, 0.251594, 0.244469, 0.251219
2668, 674, 672, 652, 670, 0.252624, 0.251874, 0.244378, 0.251124
2669, 674, 672, 653, 670, 0.252529, 0.25178, 0.244661, 0.25103
2670, 674, 672, 653, 671, 0.252434, 0.251685, 0.244569, 0.251311
2671, 674, 672, 654, 671, 0.25234, 0.251591, 0.244852, 0.251217
2672, 674, 672, 654, 672, 0.252246, 0.251497, 0.24476, 0.251497
2673, 675, 672, 654, 672, 0.252525, 0.251403, 0.244669, 0.251403
2674, 675, 672, 655, 672, 0.252431, 0.251309, 0.244951, 0.251309
2675, 675, 672, 655, 673, 0.252336, 0.251215, 0.24486, 0.251589
2676, 675, 672, 655, 674, 0.252242, 0.251121, 0.244768, 0.251868
2677, 675, 672, 656, 674, 0.252148, 0.251027, 0.24505, 0.251774
2678, 675, 672, 657, 674, 0.252054, 0.250934, 0.245332, 0.25168
2679, 675, 672, 657, 675, 0.25196, 0.25084, 0.245241, 0.25196
2680, 675, 673, 657, 675, 0.251866, 0.251119, 0.245149, 0.251866
2681, 675, 673, 657, 676, 0.251772, 0.251026, 0.245058, 0.252145
2682, 675, 674, 657, 676, 0.251678, 0.251305, 0.244966, 0.252051
2683, 675, 675, 657, 676, 0.251584, 0.251584, 0.244875, 0.251957
2684, 675, 676, 657, 676, 0.25149, 0.251863, 0.244784, 0.251863
2685, 676, 676, 657, 676, 0.251769, 0.251769, 0.244693, 0.251769
2686, 676, 677, 657, 676, 0.251675, 0.252048, 0.244602, 0.251675
2687, 676, 677, 657, 677, 0.251582, 0.251954, 0.244511, 0.251954
2688, 676, 677, 657, 678, 0.251488, 0.25186, 0.24442, 0.252232
2689, 676, 678, 657, 678, 0.251395, 0.252138, 0.244329, 0.252138
2690, 676, 679, 657, 678, 0.251301, 0.252416, 0.244238, 0.252045
2691, 676, 680, 657, 678, 0.251208, 0.252694, 0.244147, 0.251951
2692, 677, 680, 657, 678, 0.251486, 0.2526, 0.244056, 0.251857
2693, 677, 680, 657, 679, 0.251392, 0.252506, 0.243966, 0.252135
2694, 677, 680, 657, 680, 0.251299, 0.252413, 0.243875, 0.252413
2695, 677, 680, 657, 681, 0.251206, 0.252319, 0.243785, 0.25269
2696, 677, 680, 658, 681, 0.251113, 0.252226, 0.244065, 0.252596
2697, 677, 681, 658, 681, 0.25102, 0.252503, 0.243975, 0.252503
2698, 677, 681, 659, 681, 0.250927, 0.252409, 0.244255, 0.252409
2699, 677, 682, 659, 681, 0.250834, 0.252686, 0.244165, 0.252316
2700, 677, 682, 660, 681, 0.250741, 0.252593, 0.244444, 0.252222
2701, 677, 683, 660, 681, 0.250648, 0.252869, 0.244354, 0.252129
2702, 678, 683, 660, 681, 0.250925, 0.252776, 0.244264, 0.252036
2703, 678, 683, 660, 682, 0.250832, 0.252682, 0.244173, 0.252312
2704, 679, 683, 660, 682, 0.251109, 0.252589, 0.244083, 0.252219
2705, 679, 684, 660, 682, 0.251017, 0.252865, 0.243993, 0.252126
2706, 679, 684, 661, 682, 0.250924, 0.252772, 0.244272, 0.252033
2707, 679, 684, 662, 682, 0.250831, 0.252678, 0.244551, 0.251939
2708, 680, 684, 662, 682, 0.251108, 0.252585, 0.244461, 0.251846
2709, 680, 684, 663, 682, 0.251015, 0.252492, 0.24474, 0.251753
2710, 680, 685, 663, 682, 0.250923, 0.252768, 0.244649, 0.251661
2711, 680, 686, 663, 682, 0.25083, 0.253043, 0.244559, 0.251568
2712, 680, 686, 663, 683, 0.250737, 0.25295, 0.244469, 0.251844
2713, 680, 687, 663, 683, 0.250645, 0.253225, 0.244379, 0.251751
2714, 681, 687, 663, 683, 0.250921, 0.253132, 0.244289, 0.251658
2715, 681, 687, 664, 683, 0.250829, 0.253039, 0.244567, 0.251565
2716, 681, 687, 664, 684, 0.250736, 0.252946, 0.244477, 0.251841
2717, 681, 687, 664, 685, 0.250644, 0.252852, 0.244387, 0.252116
2718, 681, 687, 664, 686, 0.250552, 0.252759, 0.244297, 0.252391
2719, 681, 687, 664, 687, 0.25046, 0.252666, 0.244207, 0.252666
2720, 682, 687, 664, 687, 0.250735, 0.252574, 0.244118, 0.252574
2721, 682, 687, 664, 688, 0.250643, 0.252481, 0.244028, 0.252848
2722, 682, 687, 665, 688, 0.250551, 0.252388, 0.244306, 0.252755
2723, 682, 688, 665, 688, 0.250459, 0.252663, 0.244216, 0.252663
2724, 683, 688, 665, 688, 0.250734, 0.25257, 0.244126, 0.25257
2725, 683, 689, 665, 688, 0.250642, 0.252844, 0.244037, 0.252477
2726, 684, 689, 665, 688, 0.250917, 0.252751, 0.243947, 0.252384
2727, 684, 690, 665, 688, 0.250825, 0.253025, 0.243858, 0.252292
2728, 685, 690, 665, 688, 0.2511, 0.252933, 0.243768, 0.252199
2729, 685, 690, 665, 689, 0.251008, 0.25284, 0.243679, 0.252473
2730, 685, 690, 666, 689, 0.250916, 0.252747, 0.243956, 0.252381
2731, 685, 690, 667, 689, 0.250824, 0.252655, 0.244233, 0.252289
2732, 685, 691, 667, 689, 0.250732, 0.252928, 0.244143, 0.252196
2733, 685, 692, 667, 689, 0.25064, 0.253202, 0.244054, 0.252104
2734, 685, 693, 667, 689, 0.250549, 0.253475, 0.243965, 0.252012
2735, 685, 693, 668, 689, 0.250457, 0.253382, 0.244241, 0.25192
2736, 685, 693, 668, 690, 0.250365, 0.253289, 0.244152, 0.252193
2737, 686, 693, 668, 690, 0.250639, 0.253197, 0.244063, 0.252101
2738, 686, 693, 669, 690, 0.250548, 0.253104, 0.244339, 0.252009
2739, 686, 693, 670, 690, 0.250456, 0.253012, 0.244615, 0.251917
2740, 686, 693, 671, 690, 0.250365, 0.25292, 0.244891, 0.251825
2741, 686, 693, 671, 691, 0.250274, 0.252827, 0.244801, 0.252098
2742, 686, 694, 671, 691, 0.250182, 0.2531, 0.244712, 0.252006
2743, 686, 694, 672, 691, 0.250091, 0.253008, 0.244987, 0.251914
2744, 686, 694, 673, 691, 0.25, 0.252915, 0.245262, 0.251822
2745, 686, 695, 673, 691, 0.249909, 0.253188, 0.245173, 0.25173
2746, 686, 695, 674, 691, 0.249818, 0.253095, 0.245448, 0.251639
2747, 686, 695, 674, 692, 0.249727, 0.253003, 0.245359, 0.251911
2748, 686, 695, 675, 692, 0.249636, 0.252911, 0.245633, 0.25182
2749, 686, 696, 675, 692, 0.249545, 0.253183, 0.245544, 0.251728
2750, 686, 697, 675, 692, 0.249455, 0.253455, 0.245455, 0.251636
2751, 687, 697, 675, 692, 0.249727, 0.253362, 0.245365, 0.251545
2752, 688, 697, 675, 692, 0.25, 0.25327, 0.245276, 0.251453
2753, 688, 697, 675, 693, 0.249909, 0.253178, 0.245187, 0.251725
2754, 689, 697, 675, 693, 0.250182, 0.253086, 0.245098, 0.251634
2755, 689, 698, 675, 693, 0.250091, 0.253358, 0.245009, 0.251543
2756, 689, 698, 676, 693, 0.25, 0.253266, 0.245283, 0.251451
2757, 689, 698, 676, 694, 0.249909, 0.253174, 0.245194, 0.251723
2758, 689, 699, 676, 694, 0.249819, 0.253445, 0.245105, 0.251632
2759, 689, 699, 676, 695, 0.249728, 0.253353, 0.245016, 0.251903
2760, 689, 699, 676, 696, 0.249638, 0.253261, 0.244928, 0.252174
2761, 689, 699, 676, 697, 0.249547, 0.253169, 0.244839, 0.252445
2762, 689, 699, 677, 697, 0.249457, 0.253077, 0.245112, 0.252353
2763, 689, 700, 677, 697, 0.249367, 0.253348, 0.245024, 0.252262
2764, 690, 700, 677, 697, 0.249638, 0.253256, 0.244935, 0.252171
2765, 690, 701, 677, 697, 0.249548, 0.253526, 0.244846, 0.25208
2766, 690, 701, 677, 698, 0.249458, 0.253435, 0.244758, 0.25235
2767, 690, 701, 678, 698, 0.249368, 0.253343, 0.245031, 0.252259
2768, 690, 701, 679, 698, 0.249277, 0.253251, 0.245303, 0.252168
2769, 690, 702, 679, 698, 0.249187, 0.253521, 0.245215, 0.252077
2770, 690, 702, 679, 699, 0.249097, 0.25343, 0.245126, 0.252347
2771, 690, 702, 679, 700, 0.249008, 0.253338, 0.245038, 0.252616
2772, 691, 702, 679, 700, 0.249278, 0.253247, 0.244949, 0.252525
2773, 691, 703, 679, 700, 0.249189, 0.253516, 0.244861, 0.252434
2774, 691, 703, 680, 700, 0.249099, 0.253425, 0.245133, 0.252343
2775, 691, 703, 681, 700, 0.249009, 0.253333, 0.245405, 0.252252
2776, 692, 703, 681, 700, 0.24928, 0.253242, 0.245317, 0.252161
2777, 693, 703, 681, 700, 0.24955, 0.253151, 0.245229, 0.252071
2778, 694, 703, 681, 700, 0.24982, 0.25306, 0.24514, 0.25198
2779, 694, 703, 682, 700, 0.24973, 0.252969, 0.245412, 0.251889
2780, 694, 703, 682, 701, 0.24964, 0.252878, 0.245324, 0.252158
2781, 694, 703, 682, 702, 0.249551, 0.252787, 0.245236, 0.252427
2782, 694, 703, 683, 702, 0.249461, 0.252696, 0.245507, 0.252336
2783, 694, 703, 683, 703, 0.249371, 0.252605, 0.245419, 0.252605
2784, 694, 703, 684, 703, 0.249282, 0.252514, 0.24569, 0.252514
2785, 694, 704, 684, 703, 0.249192, 0.252783, 0.245601, 0.252424
2786, 694, 704, 684, 704, 0.249103, 0.252692, 0.245513, 0.252692
2787, 694, 705, 684, 704, 0.249013, 0.25296, 0.245425, 0.252601
2788, 695, 705, 684, 704, 0.249283, 0.252869, 0.245337, 0.252511
2789, 696, 705, 684, 704, 0.249552, 0.252779, 0.245249, 0.25242
2790, 696, 706, 684, 704, 0.249462, 0.253047, 0.245161, 0.25233
2791, 697, 706, 684, 704, 0.249731, 0.252956, 0.245073, 0.252239
2792, 697, 707, 684, 704, 0.249642, 0.253223, 0.244986, 0.252149
2793, 697, 708, 684, 704, 0.249552, 0.253491, 0.244898, 0.252059
2794, 697, 708, 685, 704, 0.249463, 0.2534, 0.245168, 0.251969
2795, 697, 708, 685, 705, 0.249374, 0.253309, 0.245081, 0.252236
2796, 697, 708, 686, 705, 0.249285, 0.253219, 0.245351, 0.252146
2797, 698, 708, 686, 705, 0.249553, 0.253128, 0.245263, 0.252056
2798, 698, 708, 686, 706, 0.249464, 0.253038, 0.245175, 0.252323
2799, 699, 708, 686, 706, 0.249732, 0.252947, 0.245088, 0.252233
2800, 699, 708, 687, 706, 0.249643, 0.252857, 0.245357, 0.252143
2801, 699, 709, 687, 706, 0.249554, 0.253124, 0.24527, 0.252053
2802, 700, 709, 687, 706, 0.249822, 0.253034, 0.245182, 0.251963
2803, 700, 709, 688, 706, 0.249732, 0.252943, 0.245451, 0.251873
2804, 701, 709, 688, 706, 0.25, 0.252853, 0.245364, 0.251783
2805, 701, 710, 688, 706, 0.249911, 0.253119, 0.245276, 0.251693
2806, 701, 711, 688, 706, 0.249822, 0.253386, 0.245189, 0.251604
2807, 701, 711, 689, 706, 0.249733, 0.253295, 0.245458, 0.251514
2808, 701, 711, 690, 706, 0.249644, 0.253205, 0.245726, 0.251425
2809, 701, 711, 691, 706, 0.249555, 0.253115, 0.245995, 0.251335
2810, 702, 711, 691, 706, 0.249822, 0.253025, 0.245907, 0.251246
2811, 702, 711, 691, 707, 0.249733, 0.252935, 0.24582, 0.251512
2812, 702, 712, 691, 707, 0.249644, 0.253201, 0.245733, 0.251422
2813, 702, 712, 691, 708, 0.249556, 0.253111, 0.245645, 0.251689
2814, 702, 713, 691, 708, 0.249467, 0.253376, 0.245558, 0.251599
2815, 703, 713, 691, 708, 0.249734, 0.253286, 0.245471, 0.25151
2816, 703, 714, 691, 708, 0.249645, 0.253551, 0.245384, 0.25142
2817, 704, 714, 691, 708, 0.249911, 0.253461, 0.245296, 0.251331
2818, 705, 714, 691, 708, 0.250177, 0.253371, 0.245209, 0.251242
2819, 705, 714, 692, 708, 0.250089, 0.253281, 0.245477, 0.251153
2820, 705, 714, 692, 709, 0.25, 0.253191, 0.24539, 0.251418
2821, 706, 714, 692, 709, 0.250266, 0.253102, 0.245303, 0.251329
2822, 706, 714, 692, 710, 0.250177, 0.253012, 0.245216, 0.251595
2823, 706, 714, 692, 711, 0.250089, 0.252922, 0.245129, 0.25186
2824, 706, 714, 692, 712, 0.25, 0.252833, 0.245042, 0.252125
2825, 706, 714, 693, 712, 0.249912, 0.252743, 0.24531, 0.252035
2826, 706, 714, 693, 713, 0.249823, 0.252654, 0.245223, 0.2523
2827, 706, 715, 693, 713, 0.249735, 0.252918, 0.245136, 0.252211
2828, 706, 715, 693, 714, 0.249646, 0.252829, 0.24505, 0.252475
2829, 707, 715, 693, 714, 0.249912, 0.252739, 0.244963, 0.252386
2830, 707, 715, 694, 714, 0.249823, 0.25265, 0.24523, 0.252297
2831, 708, 715, 694, 714, 0.250088, 0.252561, 0.245143, 0.252208
2832, 708, 716, 694, 714, 0.25, 0.252825, 0.245056, 0.252119
2833, 708, 716, 694, 715, 0.249912, 0.252736, 0.24497, 0.252383
2834, 708, 716, 694, 716, 0.249824, 0.252646, 0.244884, 0.252646
2835, 708, 716, 695, 716, 0.249735, 0.252557, 0.24515, 0.252557
2836, 708, 716, 695, 717, 0.249647, 0.252468, 0.245063, 0.252821
2837, 708, 716, 695, 718, 0.249559, 0.252379, 0.244977, 0.253084
2838, 708, 716, 696, 718, 0.249471, 0.25229, 0.245243, 0.252995
2839, 708, 716, 696, 719, 0.249384, 0.252201, 0.245157, 0.253258
2840, 708, 716, 696, 720, 0.249296, 0.252113, 0.24507, 0.253521
2841, 708, 716, 697, 720, 0.249208, 0.252024, 0.245336, 0.253432
2842, 708, 716, 697, 721, 0.24912, 0.251935, 0.24525, 0.253695
2843, 708, 716, 697, 722, 0.249033, 0.251847, 0.245164, 0.253957
2844, 708, 717, 697, 722, 0.248945, 0.25211, 0.245077, 0.253868
2845, 708, 717, 698, 722, 0.248858, 0.252021, 0.245343, 0.253779
2846, 708, 717, 699, 722, 0.24877, 0.251933, 0.245608, 0.253689
2847, 708, 717, 699, 723, 0.248683, 0.251844, 0.245522, 0.253952
2848, 709, 717, 699, 723, 0.248947, 0.251756, 0.245435, 0.253862
2849, 709, 717, 700, 723, 0.248859, 0.251667, 0.2457, 0.253773
2850, 709, 717, 700, 724, 0.248772, 0.251579, 0.245614, 0.254035
2851, 709, 717, 701, 724, 0.248685, 0.251491, 0.245879, 0.253946
2852, 709, 717, 701, 725, 0.248597, 0.251403, 0.245792, 0.254208
2853, 709, 717, 701, 726, 0.24851, 0.251314, 0.245706, 0.254469
2854, 709, 718, 701, 726, 0.248423, 0.251577, 0.24562, 0.25438
2855, 709, 718, 701, 727, 0.248336, 0.251489, 0.245534, 0.254641
2856, 710, 718, 701, 727, 0.248599, 0.251401, 0.245448, 0.254552
2857, 710, 718, 701, 728, 0.248512, 0.251313, 0.245362, 0.254813
2858, 710, 718, 701, 729, 0.248425, 0.251225, 0.245276, 0.255073
2859, 711, 718, 701, 729, 0.248688, 0.251137, 0.245191, 0.254984
2860, 711, 718, 702, 729, 0.248601, 0.251049, 0.245455, 0.254895
2861, 712, 718, 702, 729, 0.248864, 0.250961, 0.245369, 0.254806
2862, 713, 718, 702, 729, 0.249126, 0.250874, 0.245283, 0.254717
2863, 713, 718, 702, 730, 0.249039, 0.250786, 0.245197, 0.254977
2864, 713, 719, 702, 730, 0.248953, 0.251047, 0.245112, 0.254888
2865, 713, 719, 702, 731, 0.248866, 0.25096, 0.245026, 0.255148
2866, 713, 719, 703, 731, 0.248779, 0.250872, 0.24529, 0.255059
2867, 713, 719, 703, 732, 0.248692, 0.250785, 0.245204, 0.255319
2868, 713, 719, 704, 732, 0.248605, 0.250697, 0.245467, 0.25523
2869, 713, 719, 705, 732, 0.248519, 0.25061, 0.24573, 0.255141
2870, 713, 719, 706, 732, 0.248432, 0.250523, 0.245993, 0.255052
2871, 714, 719, 706, 732, 0.248694, 0.250435, 0.245907, 0.254963
2872, 714, 719, 707, 732, 0.248607, 0.250348, 0.24617, 0.254875
2873, 714, 720, 707, 732, 0.248521, 0.250609, 0.246084, 0.254786
2874, 714, 720, 707, 733, 0.248434, 0.250522, 0.245999, 0.255045
2875, 714, 720, 707, 734, 0.248348, 0.250435, 0.245913, 0.255304
2876, 714, 720, 707, 735, 0.248261, 0.250348, 0.245828, 0.255563
2877, 714, 720, 707, 736, 0.248175, 0.250261, 0.245742, 0.255822
2878, 715, 720, 707, 736, 0.248436, 0.250174, 0.245657, 0.255733
2879, 715, 721, 707, 736, 0.24835, 0.250434, 0.245571, 0.255644
2880, 715, 722, 707, 736, 0.248264, 0.250694, 0.245486, 0.255556
2881, 715, 722, 707, 737, 0.248178, 0.250607, 0.245401, 0.255814
2882, 715, 722, 707, 738, 0.248092, 0.25052, 0.245316, 0.256072
2883, 715, 722, 708, 738, 0.248006, 0.250434, 0.245578, 0.255983
2884, 715, 722, 708, 739, 0.24792, 0.250347, 0.245492, 0.256241
2885, 715, 722, 708, 740, 0.247834, 0.25026, 0.245407, 0.256499
2886, 716, 722, 708, 740, 0.248094, 0.250173, 0.245322, 0.25641
2887, 716, 722, 708, 741, 0.248008, 0.250087, 0.245237, 0.256668
2888, 717, 722, 708, 741, 0.248269, 0.25, 0.245152, 0.256579
2889, 718, 722, 708, 741, 0.248529, 0.249913, 0.245067, 0.25649
2890, 718, 722, 709, 741, 0.248443, 0.249827, 0.245329, 0.256401
2891, 719, 722, 709, 741, 0.248703, 0.249741, 0.245244, 0.256313
2892, 719, 722, 709, 742, 0.248617, 0.249654, 0.245159, 0.25657
2893, 719, 722, 710, 742, 0.248531, 0.249568, 0.24542, 0.256481
2894, 719, 723, 710, 742, 0.248445, 0.249827, 0.245335, 0.256393
2895, 719, 723, 710, 743, 0.248359, 0.249741, 0.24525, 0.256649
2896, 719, 723, 711, 743, 0.248273, 0.249655, 0.245511, 0.256561
2897, 719, 723, 711, 744, 0.248188, 0.249569, 0.245426, 0.256817
2898, 719, 723, 712, 744, 0.248102, 0.249482, 0.245687, 0.256729
2899, 719, 724, 712, 744, 0.248017, 0.249741, 0.245602, 0.25664
2900, 719, 724, 712, 745, 0.247931, 0.249655, 0.245517, 0.256897
2901, 719, 725, 712, 745, 0.247846, 0.249914, 0.245433, 0.256808
2902, 719, 725, 712, 746, 0.24776, 0.249828, 0.245348, 0.257064
2903, 720, 725, 712, 746, 0.248019, 0.249742, 0.245264, 0.256976
2904, 721, 725, 712, 746, 0.248278, 0.249656, 0.245179, 0.256887
2905, 721, 725, 713, 746, 0.248193, 0.24957, 0.245439, 0.256799
2906, 721, 725, 713, 747, 0.248107, 0.249484, 0.245354, 0.257054
2907, 721, 725, 713, 748, 0.248022, 0.249398, 0.24527, 0.25731
2908, 722, 725, 713, 748, 0.248281, 0.249312, 0.245186, 0.257221
2909, 722, 725, 714, 748, 0.248195, 0.249227, 0.245445, 0.257133
2910, 722, 725, 715, 748, 0.24811, 0.249141, 0.245704, 0.257045
2911, 722, 725, 715, 749, 0.248025, 0.249055, 0.24562, 0.2573
2912, 722, 725, 715, 750, 0.24794, 0.24897, 0.245536, 0.257555
2913, 723, 725, 715, 750, 0.248198, 0.248884, 0.245451, 0.257467
2914, 724, 725, 715, 750, 0.248456, 0.248799, 0.245367, 0.257378
2915, 724, 725, 716, 750, 0.24837, 0.248714, 0.245626, 0.25729
2916, 724, 725, 716, 751, 0.248285, 0.248628, 0.245542, 0.257545
2917, 724, 726, 716, 751, 0.2482, 0.248886, 0.245458, 0.257456
2918, 724, 727, 716, 751, 0.248115, 0.249143, 0.245374, 0.257368
2919, 724, 728, 716, 751, 0.24803, 0.2494, 0.245289, 0.25728
2920, 725, 728, 716, 751, 0.248288, 0.249315, 0.245205, 0.257192
2921, 725, 728, 716, 752, 0.248203, 0.24923, 0.245122, 0.257446
2922, 726, 728, 716, 752, 0.24846, 0.249144, 0.245038, 0.257358
2923, 727, 728, 716, 752, 0.248717, 0.249059, 0.244954, 0.25727
2924, 727, 729, 716, 752, 0.248632, 0.249316, 0.24487, 0.257182
2925, 728, 729, 716, 752, 0.248889, 0.249231, 0.244786, 0.257094
2926, 728, 730, 716, 752, 0.248804, 0.249487, 0.244703, 0.257006
2927, 728, 731, 716, 752, 0.248719, 0.249744, 0.244619, 0.256918
2928, 728, 731, 716, 753, 0.248634, 0.249658, 0.244536, 0.257172
2929, 728, 732, 716, 753, 0.248549, 0.249915, 0.244452, 0.257084
2930, 728, 733, 716, 753, 0.248464, 0.250171, 0.244369, 0.256997
2931, 728, 734, 716, 753, 0.248379, 0.250426, 0.244285, 0.256909
2932, 729, 734, 716, 753, 0.248636, 0.250341, 0.244202, 0.256821
2933, 729, 734, 716, 754, 0.248551, 0.250256, 0.244119, 0.257075
2934, 729, 735, 716, 754, 0.248466, 0.250511, 0.244035, 0.256987
2935, 729, 735, 716, 755, 0.248382, 0.250426, 0.243952, 0.25724
2936, 729, 736, 716, 755, 0.248297, 0.250681, 0.243869, 0.257153
2937, 729, 736, 716, 756, 0.248212, 0.250596, 0.243786, 0.257406
2938, 729, 737, 716, 756, 0.248128, 0.250851, 0.243703, 0.257318
2939, 729, 738, 716, 756, 0.248044, 0.251106, 0.24362, 0.25723
2940, 730, 738, 716, 756, 0.248299, 0.25102, 0.243537, 0.257143
2941, 730, 738, 717, 756, 0.248215, 0.250935, 0.243795, 0.257055
2942, 730, 738, 717, 757, 0.248131, 0.25085, 0.243712, 0.257308
2943, 730, 739, 717, 757, 0.248046, 0.251104, 0.243629, 0.257221
2944, 730, 739, 718, 757, 0.247962, 0.251019, 0.243886, 0.257133
2945, 731, 739, 718, 757, 0.248217, 0.250934, 0.243803, 0.257046
2946, 731, 740, 718, 757, 0.248133, 0.251188, 0.24372, 0.256959
2947, 732, 740, 718, 757, 0.248388, 0.251103, 0.243638, 0.256871
2948, 733, 740, 718, 757, 0.248643, 0.251018, 0.243555, 0.256784
2949, 734, 740, 718, 757, 0.248898, 0.250933, 0.243472, 0.256697
2950, 734, 740, 718, 758, 0.248814, 0.250847, 0.24339, 0.256949
2951, 734, 740, 719, 758, 0.248729, 0.250762, 0.243646, 0.256862
2952, 734, 740, 720, 758, 0.248645, 0.250678, 0.243902, 0.256775
2953, 735, 740, 720, 758, 0.248899, 0.250593, 0.24382, 0.256688
2954, 736, 740, 720, 758, 0.249154, 0.250508, 0.243737, 0.256601
2955, 736, 741, 720, 758, 0.249069, 0.250761, 0.243655, 0.256514
2956, 736, 742, 720, 758, 0.248985, 0.251015, 0.243572, 0.256428
2957, 736, 742, 720, 759, 0.248901, 0.25093, 0.24349, 0.256679
2958, 736, 742, 721, 759, 0.248817, 0.250845, 0.243746, 0.256592
2959, 736, 742, 721, 760, 0.248733, 0.25076, 0.243663, 0.256844
2960, 737, 742, 721, 760, 0.248986, 0.250676, 0.243581, 0.256757
2961, 737, 742, 722, 760, 0.248902, 0.250591, 0.243837, 0.25667
2962, 737, 742, 722, 761, 0.248818, 0.250506, 0.243754, 0.256921
2963, 737, 743, 722, 761, 0.248734, 0.250759, 0.243672, 0.256834
2964, 737, 743, 723, 761, 0.24865, 0.250675, 0.243927, 0.256748
2965, 737, 744, 723, 761, 0.248567, 0.250927, 0.243845, 0.256661
2966, 737, 745, 723, 761, 0.248483, 0.25118, 0.243763, 0.256575
2967, 737, 745, 723, 762, 0.248399, 0.251095, 0.24368, 0.256825
2968, 737, 746, 723, 762, 0.248315, 0.251348, 0.243598, 0.256739
2969, 737, 747, 723, 762, 0.248232, 0.2516, 0.243516, 0.256652
2970, 737, 747, 723, 763, 0.248148, 0.251515, 0.243434, 0.256902
2971, 737, 748, 723, 763, 0.248065, 0.251767, 0.243352, 0.256816
2972, 738, 748, 723, 763, 0.248318, 0.251682, 0.243271, 0.256729
2973, 738, 748, 723, 764, 0.248234, 0.251598, 0.243189, 0.256979
2974, 738, 748, 723, 765, 0.248151, 0.251513, 0.243107, 0.257229
2975, 738, 748, 723, 766, 0.248067, 0.251429, 0.243025, 0.257479
2976, 738, 748, 723, 767, 0.247984, 0.251344, 0.242944, 0.257728
2977, 738, 748, 724, 767, 0.247901, 0.25126, 0.243198, 0.257642
2978, 738, 748, 724, 768, 0.247817, 0.251175, 0.243116, 0.257891
2979, 738, 749, 724, 768, 0.247734, 0.251427, 0.243035, 0.257805
2980, 739, 749, 724, 768, 0.247987, 0.251342, 0.242953, 0.257718
2981, 739, 749, 724, 769, 0.247903, 0.251258, 0.242872, 0.257967
2982, 739, 749, 724, 770, 0.24782, 0.251174, 0.24279, 0.258216
2983, 740, 749, 724, 770, 0.248072, 0.25109, 0.242709, 0.258129
2984, 740, 750, 724, 770, 0.247989, 0.25134, 0.242627, 0.258043
2985, 740, 750, 724, 771, 0.247906, 0.251256, 0.242546, 0.258291
2986, 741, 750, 724, 771, 0.248158, 0.251172, 0.242465, 0.258205
2987, 741, 750, 725, 771, 0.248075, 0.251088, 0.242718, 0.258119
2988, 741, 751, 725, 771, 0.247992, 0.251339, 0.242637, 0.258032
2989, 742, 751, 725, 771, 0.248244, 0.251255, 0.242556, 0.257946
2990, 743, 751, 725, 771, 0.248495, 0.251171, 0.242475, 0.25786
2991, 743, 752, 725, 771, 0.248412, 0.251421, 0.242394, 0.257773
2992, 743, 752, 725, 772, 0.248329, 0.251337, 0.242313, 0.258021
2993, 744, 752, 725, 772, 0.24858, 0.251253, 0.242232, 0.257935
2994, 744, 753, 725, 772, 0.248497, 0.251503, 0.242151, 0.257849
2995, 745, 753, 725, 772, 0.248748, 0.251419, 0.24207, 0.257763
2996, 746, 753, 725, 772, 0.248999, 0.251335, 0.241989, 0.257677
2997, 746, 754, 725, 772, 0.248916, 0.251585, 0.241909, 0.257591
2998, 747, 754, 725, 772, 0.249166, 0.251501, 0.241828, 0.257505
2999, 747, 754, 726, 772, 0.249083, 0.251417, 0.242081, 0.257419
3000, 748, 754, 726, 772, 0.249333, 0.251333, 0.242, 0.257333
3001, 748, 755, 726, 772, 0.24925, 0.251583, 0.241919, 0.257248
3002, 748, 756, 726, 772, 0.249167, 0.251832, 0.241839, 0.257162
3003, 748, 757, 726, 772, 0.249084, 0.252081, 0.241758, 0.257076
3004, 748, 757, 726, 773, 0.249001, 0.251997, 0.241678, 0.257324
3005, 748, 757, 727, 773, 0.248918, 0.251913, 0.24193, 0.257238
3006, 748, 758, 727, 773, 0.248836, 0.252162, 0.24185, 0.257152
3007, 748, 758, 728, 773, 0.248753, 0.252078, 0.242102, 0.257067
3008, 748, 759, 728, 773, 0.24867, 0.252327, 0.242021, 0.256981
3009, 748, 759, 729, 773, 0.248588, 0.252243, 0.242273, 0.256896
3010, 748, 760, 729, 773, 0.248505, 0.252492, 0.242193, 0.256811
3011, 748, 760, 729, 774, 0.248422, 0.252408, 0.242112, 0.257057
3012, 748, 761, 729, 774, 0.24834, 0.252656, 0.242032, 0.256972
3013, 748, 761, 729, 775, 0.248258, 0.252572, 0.241952, 0.257219
3014, 748, 762, 729, 775, 0.248175, 0.25282, 0.241871, 0.257133
3015, 749, 762, 729, 775, 0.248425, 0.252736, 0.241791, 0.257048
3016, 749, 762, 730, 775, 0.248342, 0.252653, 0.242042, 0.256963
3017, 749, 762, 731, 775, 0.24826, 0.252569, 0.242294, 0.256878
3018, 750, 762, 731, 775, 0.248509, 0.252485, 0.242213, 0.256793
3019, 750, 762, 731, 776, 0.248427, 0.252401, 0.242133, 0.257039
3020, 750, 762, 732, 776, 0.248344, 0.252318, 0.242384, 0.256954
3021, 750, 762, 732, 777, 0.248262, 0.252234, 0.242304, 0.2572
3022, 750, 762, 733, 777, 0.24818, 0.252151, 0.242555, 0.257114
3023, 751, 762, 733, 777, 0.248429, 0.252067, 0.242474, 0.257029
3024, 751, 762, 733, 778, 0.248347, 0.251984, 0.242394, 0.257275
3025, 752, 762, 733, 778, 0.248595, 0.251901, 0.242314, 0.25719
3026, 752, 763, 733, 778, 0.248513, 0.252148, 0.242234, 0.257105
3027, 752, 764, 733, 778, 0.248431, 0.252395, 0.242154, 0.25702
3028, 752, 765, 733, 778, 0.248349, 0.252642, 0.242074, 0.256935
3029, 752, 765, 733, 779, 0.248267, 0.252559, 0.241994, 0.257181
3030, 752, 765, 733, 780, 0.248185, 0.252475, 0.241914, 0.257426
3031, 752, 765, 733, 781, 0.248103, 0.252392, 0.241834, 0.257671
3032, 752, 765, 733, 782, 0.248021, 0.252309, 0.241755, 0.257916
3033, 752, 765, 733, 783, 0.247939, 0.252226, 0.241675, 0.25816
3034, 752, 765, 733, 784, 0.247858, 0.252142, 0.241595, 0.258405
3035, 752, 766, 733, 784, 0.247776, 0.252389, 0.241516, 0.25832
3036, 753, 766, 733, 784, 0.248024, 0.252306, 0.241436, 0.258235
3037, 753, 767, 733, 784, 0.247942, 0.252552, 0.241357, 0.258149
3038, 753, 767, 733, 785, 0.24786, 0.252469, 0.241277, 0.258394
3039, 753, 768, 733, 785, 0.247779, 0.252715, 0.241198, 0.258309
3040, 753, 768, 734, 785, 0.247697, 0.252632, 0.241447, 0.258224
3041, 753, 768, 735, 785, 0.247616, 0.252549, 0.241697, 0.258139
3042, 753, 769, 735, 785, 0.247535, 0.252794, 0.241617, 0.258054
3043, 753, 770, 735, 785, 0.247453, 0.25304, 0.241538, 0.257969
3044, 753, 770, 736, 785, 0.247372, 0.252957, 0.241787, 0.257884
3045, 753, 770, 737, 785, 0.247291, 0.252874, 0.242036, 0.2578
3046, 753, 770, 738, 785, 0.247209, 0.252791, 0.242285, 0.257715
3047, 753, 771, 738, 785, 0.247128, 0.253036, 0.242205, 0.25763
3048, 753, 771, 739, 785, 0.247047, 0.252953, 0.242454, 0.257546
3049, 753, 771, 739, 786, 0.246966, 0.25287, 0.242375, 0.257789
3050, 753, 771, 740, 786, 0.246885, 0.252787, 0.242623, 0.257705
3051, 753, 771, 740, 787, 0.246804, 0.252704, 0.242543, 0.257948
3052, 753, 772, 740, 787, 0.246723, 0.252949, 0.242464, 0.257864
3053, 753, 772, 740, 788, 0.246643, 0.252866, 0.242385, 0.258107
3054, 753, 772, 741, 788, 0.246562, 0.252783, 0.242633, 0.258022
3055, 753, 772, 742, 788, 0.246481, 0.2527, 0.242881, 0.257938
3056, 753, 772, 742, 789, 0.246401, 0.252618, 0.242801, 0.258181
3057, 754, 772, 742, 789, 0.246647, 0.252535, 0.242722, 0.258096
3058, 754, 773, 742, 789, 0.246566, 0.25278, 0.242642, 0.258012
3059, 754, 773, 742, 790, 0.246486, 0.252697, 0.242563, 0.258254
3060, 754, 773, 742, 791, 0.246405, 0.252614, 0.242484, 0.258497
3061, 755, 773, 742, 791, 0.246651, 0.252532, 0.242404, 0.258412
3062, 755, 773, 742, 792, 0.246571, 0.252449, 0.242325, 0.258654
3063, 756, 773, 742, 792, 0.246817, 0.252367, 0.242246, 0.25857
3064, 756, 774, 742, 792, 0.246736, 0.252611, 0.242167, 0.258486
3065, 756, 775, 742, 792, 0.246656, 0.252855, 0.242088, 0.258401
3066, 756, 775, 743, 792, 0.246575, 0.252772, 0.242335, 0.258317
3067, 756, 775, 744, 792, 0.246495, 0.25269, 0.242582, 0.258233
3068, 757, 775, 744, 792, 0.246741, 0.252608, 0.242503, 0.258149
3069, 757, 776, 744, 792, 0.24666, 0.252851, 0.242424, 0.258065
3070, 758, 776, 744, 792, 0.246906, 0.252769, 0.242345, 0.25798
3071, 758, 777, 744, 792, 0.246825, 0.253012, 0.242266, 0.257896
3072, 758, 778, 744, 792, 0.246745, 0.253255, 0.242188, 0.257812
3073, 758, 779, 744, 792, 0.246664, 0.253498, 0.242109, 0.257729
3074, 758, 779, 745, 792, 0.246584, 0.253416, 0.242355, 0.257645
3075, 759, 779, 745, 792, 0.246829, 0.253333, 0.242276, 0.257561
3076, 759, 780, 745, 792, 0.246749, 0.253576, 0.242198, 0.257477
3077, 759, 780, 745, 793, 0.246669, 0.253494, 0.242119, 0.257719
3078, 759, 780, 746, 793, 0.246589, 0.253411, 0.242365, 0.257635
3079, 759, 781, 746, 793, 0.246509, 0.253654, 0.242286, 0.257551
3080, 759, 782, 746, 793, 0.246429, 0.253896, 0.242208, 0.257468
3081, 759, 782, 746, 794, 0.246349, 0.253814, 0.242129, 0.257709
3082, 760, 782, 746, 794, 0.246593, 0.253731, 0.242051, 0.257625
3083, 761, 782, 746, 794, 0.246837, 0.253649, 0.241972, 0.257541
3084, 761, 783, 746, 794, 0.246757, 0.253891, 0.241894, 0.257458
3085, 761, 783, 746, 795, 0.246677, 0.253809, 0.241815, 0.257699
3086, 761, 784, 746, 795, 0.246598, 0.254051, 0.241737, 0.257615
3087, 761, 785, 746, 795, 0.246518, 0.254292, 0.241659, 0.257532
3088, 761, 785, 747, 795, 0.246438, 0.25421, 0.241904, 0.257448
3089, 762, 785, 747, 795, 0.246682, 0.254128, 0.241826, 0.257365
3090, 762, 785, 747, 796, 0.246602, 0.254045, 0.241748, 0.257605
3091, 763, 785, 747, 796, 0.246846, 0.253963, 0.241669, 0.257522
3092, 763, 785, 748, 796, 0.246766, 0.253881, 0.241915, 0.257439
3093, 764, 785, 748, 796, 0.247009, 0.253799, 0.241836, 0.257355
3094, 764, 785, 749, 796, 0.24693, 0.253717, 0.242081, 0.257272
3095, 764, 786, 749, 796, 0.24685, 0.253958, 0.242003, 0.257189
3096, 764, 786, 749, 797, 0.24677, 0.253876, 0.241925, 0.257429
3097, 765, 786, 749, 797, 0.247013, 0.253794, 0.241847, 0.257346
3098, 765, 786, 750, 797, 0.246934, 0.253712, 0.242092, 0.257263
3099, 765, 787, 750, 797, 0.246854, 0.253953, 0.242014, 0.25718
3100, 765, 787, 751, 797, 0.246774, 0.253871, 0.242258, 0.257097
3101, 765, 787, 752, 797, 0.246695, 0.253789, 0.242502, 0.257014
3102, 765, 787, 752, 798, 0.246615, 0.253707, 0.242424, 0.257253
3103, 765, 787, 753, 798, 0.246536, 0.253626, 0.242668, 0.25717
3104, 765, 788, 753, 798, 0.246456, 0.253866, 0.24259, 0.257088
3105, 765, 788, 754, 798, 0.246377, 0.253784, 0.242834, 0.257005
3106, 765, 789, 754, 798, 0.246297, 0.254024, 0.242756, 0.256922
3107, 766, 789, 754, 798, 0.24654, 0.253943, 0.242678, 0.256839
3108, 767, 789, 754, 798, 0.246782, 0.253861, 0.2426, 0.256757
3109, 768, 789, 754, 798, 0.247025, 0.253779, 0.242522, 0.256674
3110, 768, 789, 754, 799, 0.246945, 0.253698, 0.242444, 0.256913
3111, 768, 790, 754, 799, 0.246866, 0.253938, 0.242366, 0.256831
3112, 769, 790, 754, 799, 0.247108, 0.253856, 0.242288, 0.256748
3113, 769, 790, 754, 800, 0.247029, 0.253774, 0.24221, 0.256987
3114, 769, 790, 754, 801, 0.246949, 0.253693, 0.242132, 0.257225
3115, 770, 790, 754, 801, 0.247191, 0.253612, 0.242055, 0.257143
3116, 770, 790, 754, 802, 0.247112, 0.25353, 0.241977, 0.257381
3117, 770, 791, 754, 802, 0.247032, 0.25377, 0.241899, 0.257299
3118, 771, 791, 754, 802, 0.247274, 0.253688, 0.241822, 0.257216
3119, 771, 792, 754, 802, 0.247195, 0.253928, 0.241744, 0.257134
3120, 771, 793, 754, 802, 0.247115, 0.254167, 0.241667, 0.257051
3121, 771, 793, 754, 803, 0.247036, 0.254085, 0.241589, 0.257289
3122, 771, 794, 754, 803, 0.246957, 0.254324, 0.241512, 0.257207
3123, 771, 795, 754, 803, 0.246878, 0.254563, 0.241435, 0.257125
3124, 771, 796, 754, 803, 0.246799, 0.254802, 0.241357, 0.257042
3125, 771, 796, 754, 804, 0.24672, 0.25472, 0.24128, 0.25728
3126, 771, 797, 754, 804, 0.246641, 0.254958, 0.241203, 0.257198
3127, 771, 797, 754, 805, 0.246562, 0.254877, 0.241126, 0.257435
3128, 772, 797, 754, 805, 0.246803, 0.254795, 0.241049, 0.257353
3129, 772, 798, 754, 805, 0.246724, 0.255034, 0.240972, 0.257271
3130, 772, 798, 754, 806, 0.246645, 0.254952, 0.240895, 0.257508
3131, 772, 798, 755, 806, 0.246567, 0.254871, 0.241137, 0.257426
3132, 772, 799, 755, 806, 0.246488, 0.255109, 0.24106, 0.257344
3133, 772, 799, 755, 807, 0.246409, 0.255027, 0.240983, 0.257581
3134, 772, 800, 755, 807, 0.246331, 0.255265, 0.240906, 0.257498
3135, 772, 800, 755, 808, 0.246252, 0.255183, 0.240829, 0.257735
3136, 772, 801, 755, 808, 0.246173, 0.255421, 0.240753, 0.257653
3137, 773, 801, 755, 808, 0.246414, 0.255339, 0.240676, 0.257571
3138, 773, 801, 756, 808, 0.246335, 0.255258, 0.240918, 0.257489
3139, 773, 802, 756, 808, 0.246257, 0.255495, 0.240841, 0.257407
3140, 773, 802, 757, 808, 0.246178, 0.255414, 0.241083, 0.257325
3141, 774, 802, 757, 808, 0.246418, 0.255333, 0.241006, 0.257243
3142, 774, 803, 757, 808, 0.24634, 0.25557, 0.240929, 0.257161
3143, 774, 803, 757, 809, 0.246262, 0.255488, 0.240853, 0.257397
3144, 775, 803, 757, 809, 0.246501, 0.255407, 0.240776, 0.257316
3145, 775, 803, 757, 810, 0.246423, 0.255326, 0.2407, 0.257552
3146, 775, 803, 757, 811, 0.246345, 0.255245, 0.240623, 0.257788
3147, 775, 803, 757, 812, 0.246266, 0.255164, 0.240547, 0.258024
3148, 776, 803, 757, 812, 0.246506, 0.255083, 0.24047, 0.257942
3149, 777, 803, 757, 812, 0.246745, 0.255002, 0.240394, 0.25786
3150, 777, 803, 757, 813, 0.246667, 0.254921, 0.240317, 0.258095
3151, 777, 803, 758, 813, 0.246588, 0.25484, 0.240559, 0.258013
3152, 777, 803, 758, 814, 0.24651, 0.254759, 0.240482, 0.258249
3153, 777, 803, 759, 814, 0.246432, 0.254678, 0.240723, 0.258167
3154, 777, 803, 760, 814, 0.246354, 0.254597, 0.240964, 0.258085
3155, 777, 803, 761, 814, 0.246276, 0.254517, 0.241204, 0.258003
3156, 777, 803, 762, 814, 0.246198, 0.254436, 0.241445, 0.257921
3157, 777, 803, 762, 815, 0.24612, 0.254355, 0.241368, 0.258156
3158, 777, 803, 763, 815, 0.246042, 0.254275, 0.241609, 0.258075
3159, 777, 803, 763, 816, 0.245964, 0.254194, 0.241532, 0.25831
3160, 777, 803, 763, 817, 0.245886, 0.254114, 0.241456, 0.258544
3161, 777, 804, 763, 817, 0.245808, 0.25435, 0.241379, 0.258463
3162, 777, 805, 763, 817, 0.245731, 0.254586, 0.241303, 0.258381
3163, 778, 805, 763, 817, 0.245969, 0.254505, 0.241227, 0.258299
3164, 778, 806, 763, 817, 0.245891, 0.254741, 0.24115, 0.258217
3165, 779, 806, 763, 817, 0.24613, 0.25466, 0.241074, 0.258136
3166, 779, 807, 763, 817, 0.246052, 0.254896, 0.240998, 0.258054
3167, 779, 807, 763, 818, 0.245974, 0.254815, 0.240922, 0.258289
3168, 780, 807, 763, 818, 0.246212, 0.254735, 0.240846, 0.258207
3169, 780, 807, 764, 818, 0.246134, 0.254654, 0.241086, 0.258126
3170, 780, 807, 765, 818, 0.246057, 0.254574, 0.241325, 0.258044
3171, 780, 807, 766, 818, 0.245979, 0.254494, 0.241564, 0.257963
3172, 780, 808, 766, 818, 0.245902, 0.254729, 0.241488, 0.257881
3173, 780, 808, 767, 818, 0.245824, 0.254649, 0.241727, 0.2578
3174, 780, 808, 768, 818, 0.245747, 0.254568, 0.241966, 0.257719
3175, 781, 808, 768, 818, 0.245984, 0.254488, 0.24189, 0.257638
3176, 781, 808, 769, 818, 0.245907, 0.254408, 0.242128, 0.257557
3177, 781, 809, 769, 818, 0.245829, 0.254643, 0.242052, 0.257476
3178, 781, 809, 769, 819, 0.245752, 0.254563, 0.241976, 0.257709
3179, 781, 809, 770, 819, 0.245675, 0.254483, 0.242215, 0.257628
3180, 781, 809, 771, 819, 0.245597, 0.254403, 0.242453, 0.257547
3181, 781, 809, 772, 819, 0.24552, 0.254323, 0.242691, 0.257466
3182, 781, 809, 773, 819, 0.245443, 0.254243, 0.242929, 0.257385
3183, 781, 810, 773, 819, 0.245366, 0.254477, 0.242853, 0.257304
3184, 781, 810, 774, 819, 0.245289, 0.254397, 0.24309, 0.257224
3185, 782, 810, 774, 819, 0.245526, 0.254317, 0.243014, 0.257143
3186, 783, 810, 774, 819, 0.245763, 0.254237, 0.242938, 0.257062
3187, 783, 811, 774, 819, 0.245686, 0.254471, 0.242862, 0.256981
3188, 783, 812, 774, 819, 0.245609, 0.254705, 0.242785, 0.256901
3189, 784, 812, 774, 819, 0.245845, 0.254625, 0.242709, 0.25682
3190, 785, 812, 774, 819, 0.246082, 0.254545, 0.242633, 0.25674
3191, 785, 812, 775, 819, 0.246004, 0.254466, 0.242871, 0.256659
3192, 785, 812, 775, 820, 0.245927, 0.254386, 0.242794, 0.256892
3193, 785, 813, 775, 820, 0.24585, 0.254619, 0.242718, 0.256812
3194, 785, 813, 776, 820, 0.245773, 0.25454, 0.242956, 0.256731
3195, 785, 813, 777, 820, 0.245696, 0.25446, 0.243192, 0.256651
3196, 785, 813, 778, 820, 0.24562, 0.25438, 0.243429, 0.256571
3197, 785, 813, 779, 820, 0.245543, 0.254301, 0.243666, 0.25649
3198, 785, 813, 780, 820, 0.245466, 0.254221, 0.243902, 0.25641
3199, 785, 814, 780, 820, 0.245389, 0.254455, 0.243826, 0.25633
3200, 785, 814, 781, 820, 0.245312, 0.254375, 0.244062, 0.25625
3201, 786, 814, 781, 820, 0.245548, 0.254296, 0.243986, 0.25617
3202, 787, 814, 781, 820, 0.245784, 0.254216, 0.24391, 0.25609
3203, 787, 815, 781, 820, 0.245707, 0.254449, 0.243834, 0.25601
3204, 787, 815, 781, 821, 0.24563, 0.25437, 0.243758, 0.256242
3205, 787, 815, 782, 821, 0.245554, 0.25429, 0.243994, 0.256162
3206, 788, 815, 782, 821, 0.245789, 0.254211, 0.243918, 0.256082
3207, 788, 816, 782, 821, 0.245713, 0.254443, 0.243842, 0.256002
3208, 788, 817, 782, 821, 0.245636, 0.254676, 0.243766, 0.255923
3209, 788, 817, 782, 822, 0.245559, 0.254596, 0.24369, 0.256155
3210, 788, 817, 783, 822, 0.245483, 0.254517, 0.243925, 0.256075
3211, 788, 818, 783, 822, 0.245406, 0.254749, 0.243849, 0.255995
3212, 788, 818, 784, 822, 0.24533, 0.25467, 0.244085, 0.255915
3213, 788, 819, 784, 822, 0.245254, 0.254902, 0.244009, 0.255836
3214, 788, 819, 785, 822, 0.245177, 0.254823, 0.244244, 0.255756
3215, 788, 820, 785, 822, 0.245101, 0.255054, 0.244168, 0.255677
3216, 789, 820, 785, 822, 0.245336, 0.254975, 0.244092, 0.255597
3217, 789, 821, 785, 822, 0.24526, 0.255207, 0.244016, 0.255518
3218, 789, 821, 786, 822, 0.245183, 0.255127, 0.244251, 0.255438
3219, 789, 821, 786, 823, 0.245107, 0.255048, 0.244175, 0.255669
3220, 789, 821, 786, 824, 0.245031, 0.254969, 0.244099, 0.255901
3221, 789, 822, 786, 824, 0.244955, 0.2552, 0.244024, 0.255821
3222, 790, 822, 786, 824, 0.245189, 0.255121, 0.243948, 0.255742
3223, 790, 823, 786, 824, 0.245113, 0.255352, 0.243872, 0.255662
3224, 791, 823, 786, 824, 0.245347, 0.255273, 0.243797, 0.255583
3225, 791, 823, 787, 824, 0.245271, 0.255194, 0.244031, 0.255504
3226, 791, 823, 788, 824, 0.245195, 0.255115, 0.244265, 0.255425
3227, 791, 823, 789, 824, 0.245119, 0.255036, 0.2445, 0.255346
3228, 791, 823, 790, 824, 0.245043, 0.254957, 0.244734, 0.255266
3229, 791, 823, 790, 825, 0.244967, 0.254878, 0.244658, 0.255497
3230, 791, 824, 790, 825, 0.244892, 0.255108, 0.244582, 0.255418
3231, 791, 824, 791, 825, 0.244816, 0.255029, 0.244816, 0.255339
3232, 791, 825, 791, 825, 0.24474, 0.25526, 0.24474, 0.25526
3233, 791, 825, 792, 825, 0.244664, 0.255181, 0.244974, 0.255181
3234, 792, 825, 792, 825, 0.244898, 0.255102, 0.244898, 0.255102
3235, 792, 825, 792, 826, 0.244822, 0.255023, 0.244822, 0.255332
3236, 792, 826, 792, 826, 0.244747, 0.255253, 0.244747, 0.255253
3237, 793, 826, 792, 826, 0.24498, 0.255175, 0.244671, 0.255175
3238, 793, 826, 793, 826, 0.244904, 0.255096, 0.244904, 0.255096
3239, 793, 826, 794, 826, 0.244829, 0.255017, 0.245137, 0.255017
3240, 793, 826, 794, 827, 0.244753, 0.254938, 0.245062, 0.255247
3241, 793, 826, 795, 827, 0.244678, 0.25486, 0.245295, 0.255168
3242, 793, 827, 795, 827, 0.244602, 0.255089, 0.245219, 0.255089
3243, 793, 828, 795, 827, 0.244527, 0.255319, 0.245143, 0.255011
3244, 793, 828, 796, 827, 0.244451, 0.25524, 0.245376, 0.254932
3245, 793, 828, 796, 828, 0.244376, 0.255162, 0.2453, 0.255162
3246, 793, 828, 796, 829, 0.244301, 0.255083, 0.245225, 0.255391
3247, 793, 828, 796, 830, 0.244225, 0.255005, 0.245149, 0.255621
3248, 793, 829, 796, 830, 0.24415, 0.255234, 0.245074, 0.255542
3249, 793, 830, 796, 830, 0.244075, 0.255463, 0.244998, 0.255463
3250, 793, 830, 796, 831, 0.244, 0.255385, 0.244923, 0.255692
3251, 794, 830, 796, 831, 0.244233, 0.255306, 0.244848, 0.255614
3252, 794, 830, 797, 831, 0.244157, 0.255228, 0.24508, 0.255535
3253, 794, 830, 798, 831, 0.244082, 0.255149, 0.245312, 0.255457
3254, 794, 830, 799, 831, 0.244007, 0.255071, 0.245544, 0.255378
3255, 795, 830, 799, 831, 0.24424, 0.254992, 0.245469, 0.2553
3256, 796, 830, 799, 831, 0.244472, 0.254914, 0.245393, 0.255221
3257, 797, 830, 799, 831, 0.244704, 0.254836, 0.245318, 0.255143
3258, 797, 830, 800, 831, 0.244629, 0.254758, 0.245549, 0.255064
3259, 797, 830, 800, 832, 0.244554, 0.254679, 0.245474, 0.255293
3260, 797, 830, 801, 832, 0.244479, 0.254601, 0.245706, 0.255215
3261, 797, 830, 802, 832, 0.244404, 0.254523, 0.245937, 0.255136
3262, 797, 830, 802, 833, 0.244329, 0.254445, 0.245861, 0.255365
3263, 797, 830, 802, 834, 0.244254, 0.254367, 0.245786, 0.255593
3264, 797, 830, 802, 835, 0.244179, 0.254289, 0.245711, 0.255821
3265, 797, 830, 803, 835, 0.244104, 0.254211, 0.245942, 0.255743
3266, 797, 830, 804, 835, 0.244029, 0.254133, 0.246173, 0.255664
3267, 797, 830, 804, 836, 0.243955, 0.254056, 0.246097, 0.255892
3268, 797, 830, 805, 836, 0.24388, 0.253978, 0.246328, 0.255814
3269, 797, 831, 805, 836, 0.243805, 0.254206, 0.246253, 0.255736
3270, 797, 831, 805, 837, 0.243731, 0.254128, 0.246177, 0.255963
3271, 797, 831, 806, 837, 0.243656, 0.254051, 0.246408, 0.255885
3272, 797, 831, 807, 837, 0.243582, 0.253973, 0.246638, 0.255807
3273, 797, 831, 808, 837, 0.243507, 0.253896, 0.246868, 0.255729
3274, 797, 831, 809, 837, 0.243433, 0.253818, 0.247098, 0.255651
3275, 797, 831, 809, 838, 0.243359, 0.25374, 0.247023, 0.255878
3276, 797, 831, 809, 839, 0.243284, 0.253663, 0.246947, 0.256105
3277, 798, 831, 809, 839, 0.243515, 0.253586, 0.246872, 0.256027
3278, 798, 832, 809, 839, 0.243441, 0.253813, 0.246797, 0.255949
3279, 799, 832, 809, 839, 0.243672, 0.253736, 0.246722, 0.255871
3280, 799, 833, 809, 839, 0.243598, 0.253963, 0.246646, 0.255793
3281, 799, 833, 809, 840, 0.243523, 0.253886, 0.246571, 0.25602
3282, 799, 834, 809, 840, 0.243449, 0.254113, 0.246496, 0.255941
3283, 800, 834, 809, 840, 0.24368, 0.254036, 0.246421, 0.255864
3284, 800, 835, 809, 840, 0.243605, 0.254263, 0.246346, 0.255786
3285, 800, 836, 809, 840, 0.243531, 0.25449, 0.246271, 0.255708
3286, 800, 836, 810, 840, 0.243457, 0.254413, 0.2465, 0.25563
3287, 800, 836, 811, 840, 0.243383, 0.254335, 0.24673, 0.255552
3288, 800, 836, 811, 841, 0.243309, 0.254258, 0.246655, 0.255779
3289, 800, 837, 811, 841, 0.243235, 0.254485, 0.24658, 0.255701
3290, 800, 837, 811, 842, 0.243161, 0.254407, 0.246505, 0.255927
3291, 800, 837, 812, 842, 0.243087, 0.25433, 0.246734, 0.255849
3292, 801, 837, 812, 842, 0.243317, 0.254253, 0.246659, 0.255772
3293, 801, 837, 813, 842, 0.243243, 0.254176, 0.246887, 0.255694
3294, 801, 837, 814, 842, 0.243169, 0.254098, 0.247116, 0.255616
3295, 802, 837, 814, 842, 0.243399, 0.254021, 0.247041, 0.255539
3296, 802, 837, 815, 842, 0.243325, 0.253944, 0.247269, 0.255461
3297, 802, 838, 815, 842, 0.243251, 0.25417, 0.247194, 0.255384
3298, 802, 838, 816, 842, 0.243178, 0.254093, 0.247423, 0.255306
3299, 802, 838, 817, 842, 0.243104, 0.254016, 0.247651, 0.255229
3300, 803, 838, 817, 842, 0.243333, 0.253939, 0.247576, 0.255152
3301, 803, 839, 817, 842, 0.24326, 0.254165, 0.247501, 0.255074
3302, 803, 840, 817, 842, 0.243186, 0.254391, 0.247426, 0.254997
3303, 804, 840, 817, 842, 0.243415, 0.254314, 0.247351, 0.25492
3304, 805, 840, 817, 842, 0.243644, 0.254237, 0.247276, 0.254843
3305, 805, 841, 817, 842, 0.24357, 0.254463, 0.247201, 0.254766
3306, 805, 842, 817, 842, 0.243497, 0.254688, 0.247126, 0.254688
3307, 805, 842, 817, 843, 0.243423, 0.254611, 0.247052, 0.254914
3308, 805, 842, 818, 843, 0.243349, 0.254534, 0.247279, 0.254837
3309, 805, 843, 818, 843, 0.243276, 0.25476, 0.247205, 0.25476
3310, 805, 843, 819, 843, 0.243202, 0.254683, 0.247432, 0.254683
3311, 806, 843, 819, 843, 0.243431, 0.254606, 0.247357, 0.254606
3312, 806, 843, 819, 844, 0.243357, 0.254529, 0.247283, 0.254831
3313, 806, 843, 820, 844, 0.243284, 0.254452, 0.24751, 0.254754
3314, 806, 843, 820, 845, 0.243211, 0.254375, 0.247435, 0.254979
3315, 806, 844, 820, 845, 0.243137, 0.2546, 0.24736, 0.254902
3316, 807, 844, 820, 845, 0.243366, 0.254524, 0.247286, 0.254825
3317, 808, 844, 820, 845, 0.243594, 0.254447, 0.247211, 0.254748
3318, 809, 844, 820, 845, 0.243822, 0.25437, 0.247137, 0.254671
3319, 810, 844, 820, 845, 0.244049, 0.254293, 0.247062, 0.254595
3320, 810, 844, 820, 846, 0.243976, 0.254217, 0.246988, 0.254819
3321, 810, 845, 820, 846, 0.243902, 0.254441, 0.246914, 0.254743
3322, 810, 845, 820, 847, 0.243829, 0.254365, 0.246839, 0.254967
3323, 811, 845, 820, 847, 0.244057, 0.254288, 0.246765, 0.25489
3324, 811, 846, 820, 847, 0.243983, 0.254513, 0.246691, 0.254813
3325, 811, 846, 821, 847, 0.24391, 0.254436, 0.246917, 0.254737
3326, 812, 846, 821, 847, 0.244137, 0.25436, 0.246843, 0.25466
3327, 812, 847, 821, 847, 0.244064, 0.254584, 0.246769, 0.254584
3328, 812, 847, 822, 847, 0.24399, 0.254507, 0.246995, 0.254507
3329, 813, 847, 822, 847, 0.244217, 0.254431, 0.246921, 0.254431
3330, 813, 847, 823, 847, 0.244144, 0.254354, 0.247147, 0.254354
3331, 813, 847, 823, 848, 0.244071, 0.254278, 0.247073, 0.254578
3332, 813, 847, 823, 849, 0.243998, 0.254202, 0.246999, 0.254802
3333, 813, 848, 823, 849, 0.243924, 0.254425, 0.246925, 0.254725
3334, 813, 848, 823, 850, 0.243851, 0.254349, 0.246851, 0.254949
3335, 813, 848, 824, 850, 0.243778, 0.254273, 0.247076, 0.254873
3336, 814, 848, 824, 850, 0.244005, 0.254197, 0.247002, 0.254796
3337, 814, 849, 824, 850, 0.243932, 0.25442, 0.246928, 0.25472
3338, 814, 850, 824, 850, 0.243859, 0.254643, 0.246854, 0.254643
3339, 814, 850, 825, 850, 0.243786, 0.254567, 0.24708, 0.254567
3340, 814, 851, 825, 850, 0.243713, 0.25479, 0.247006, 0.254491
3341, 814, 851, 825, 851, 0.24364, 0.254714, 0.246932, 0.254714
3342, 814, 852, 825, 851, 0.243567, 0.254937, 0.246858, 0.254638
3343, 815, 852, 825, 851, 0.243793, 0.254861, 0.246784, 0.254562
3344, 815, 853, 825, 851, 0.24372, 0.255084, 0.246711, 0.254486
3345, 815, 853, 825, 852, 0.243647, 0.255007, 0.246637, 0.254709
3346, 815, 853, 826, 852, 0.243574, 0.254931, 0.246862, 0.254632
3347, 816, 853, 826, 852, 0.2438, 0.254855, 0.246788, 0.254556
3348, 816, 854, 826, 852, 0.243728, 0.255078, 0.246714, 0.25448
3349, 816, 854, 827, 852, 0.243655, 0.255001, 0.246939, 0.254404
3350, 817, 854, 827, 852, 0.243881, 0.254925, 0.246866, 0.254328
3351, 817, 854, 828, 852, 0.243808, 0.254849, 0.24709, 0.254252
3352, 818, 854, 828, 852, 0.244033, 0.254773, 0.247017, 0.254177
3353, 819, 854, 828, 852, 0.244259, 0.254697, 0.246943, 0.254101
3354, 820, 854, 828, 852, 0.244484, 0.254621, 0.246869, 0.254025
3355, 820, 855, 828, 852, 0.244411, 0.254844, 0.246796, 0.253949
3356, 820, 856, 828, 852, 0.244338, 0.255066, 0.246722, 0.253874
3357, 820, 856, 829, 852, 0.244266, 0.25499, 0.246947, 0.253798
3358, 820, 857, 829, 852, 0.244193, 0.255211, 0.246873, 0.253722
3359, 820, 857, 830, 852, 0.24412, 0.255135, 0.247097, 0.253647
3360, 820, 857, 830, 853, 0.244048, 0.25506, 0.247024, 0.253869
3361, 821, 857, 830, 853, 0.244273, 0.254984, 0.24695, 0.253794
3362, 821, 857, 830, 854, 0.2442, 0.254908, 0.246877, 0.254015
3363, 821, 857, 830, 855, 0.244127, 0.254832, 0.246803, 0.254237
3364, 821, 857, 831, 855, 0.244055, 0.254756, 0.247027, 0.254162
3365, 822, 857, 831, 855, 0.244279, 0.254681, 0.246954, 0.254086
3366, 822, 858, 831, 855, 0.244207, 0.254902, 0.246881, 0.254011
3367, 823, 858, 831, 855, 0.244431, 0.254826, 0.246807, 0.253935
3368, 823, 859, 831, 855, 0.244359, 0.255048, 0.246734, 0.25386
3369, 823, 859, 831, 856, 0.244286, 0.254972, 0.246661, 0.254081
3370, 823, 859, 831, 857, 0.244214, 0.254896, 0.246588, 0.254303
3371, 823, 860, 831, 857, 0.244141, 0.255117, 0.246514, 0.254227
3372, 823, 861, 831, 857, 0.244069, 0.255338, 0.246441, 0.254152
3373, 823, 861, 832, 857, 0.243996, 0.255262, 0.246665, 0.254076
3374, 824, 861, 832, 857, 0.244221, 0.255187, 0.246592, 0.254001
3375, 824, 862, 832, 857, 0.244148, 0.255407, 0.246519, 0.253926
3376, 824, 862, 833, 857, 0.244076, 0.255332, 0.246742, 0.253851
3377, 824, 862, 833, 858, 0.244004, 0.255256, 0.246669, 0.254072
3378, 825, 862, 833, 858, 0.244227, 0.255181, 0.246596, 0.253996
3379, 826, 862, 833, 858, 0.244451, 0.255105, 0.246523, 0.253921
3380, 827, 862, 833, 858, 0.244675, 0.25503, 0.24645, 0.253846
3381, 827, 862, 834, 858, 0.244602, 0.254954, 0.246673, 0.253771
3382, 828, 862, 834, 858, 0.244826, 0.254879, 0.2466, 0.253696
3383, 828, 862, 835, 858, 0.244753, 0.254803, 0.246822, 0.253621
3384, 829, 862, 835, 858, 0.244976, 0.254728, 0.246749, 0.253546
3385, 830, 862, 835, 858, 0.245199, 0.254653, 0.246677, 0.253471
3386, 830, 862, 836, 858, 0.245127, 0.254578, 0.246899, 0.253396
3387, 830, 863, 836, 858, 0.245055, 0.254798, 0.246826, 0.253322
3388, 830, 863, 836, 859, 0.244982, 0.254723, 0.246753, 0.253542
3389, 830, 864, 836, 859, 0.24491, 0.254942, 0.24668, 0.253467
3390, 831, 864, 836, 859, 0.245133, 0.254867, 0.246608, 0.253392
3391, 831, 864, 837, 859, 0.24506, 0.254792, 0.24683, 0.253318
3392, 831, 864, 837, 860, 0.244988, 0.254717, 0.246757, 0.253538
3393, 831, 865, 837, 860, 0.244916, 0.254937, 0.246684, 0.253463
3394, 831, 865, 838, 860, 0.244844, 0.254862, 0.246906, 0.253388
3395, 832, 865, 838, 860, 0.245066, 0.254786, 0.246834, 0.253314
3396, 832, 865, 838, 861, 0.244994, 0.254711, 0.246761, 0.253534
3397, 833, 865, 838, 861, 0.245216, 0.254636, 0.246688, 0.253459
3398, 833, 865, 838, 862, 0.245144, 0.254562, 0.246616, 0.253679
3399, 833, 866, 838, 862, 0.245072, 0.254781, 0.246543, 0.253604
3400, 833, 866, 839, 862, 0.245, 0.254706, 0.246765, 0.253529
3401, 833, 867, 839, 862, 0.244928, 0.254925, 0.246692, 0.253455
3402, 833, 867, 840, 862, 0.244856, 0.25485, 0.246914, 0.25338
3403, 833, 868, 840, 862, 0.244784, 0.255069, 0.246841, 0.253306
3404, 833, 869, 840, 862, 0.244712, 0.255288, 0.246769, 0.253231
3405, 834, 869, 840, 862, 0.244934, 0.255213, 0.246696, 0.253157
3406, 834, 870, 840, 862, 0.244862, 0.255432, 0.246624, 0.253083
3407, 834, 871, 840, 862, 0.24479, 0.25565, 0.246551, 0.253009
3408, 834, 872, 840, 862, 0.244718, 0.255869, 0.246479, 0.252934
3409, 835, 872, 840, 862, 0.24494, 0.255793, 0.246407, 0.25286
3410, 835, 872, 841, 862, 0.244868, 0.255718, 0.246628, 0.252786
3411, 835, 872, 841, 863, 0.244796, 0.255644, 0.246555, 0.253005
3412, 835, 872, 841, 864, 0.244725, 0.255569, 0.246483, 0.253224
3413, 835, 872, 841, 865, 0.244653, 0.255494, 0.246411, 0.253443
3414, 835, 872, 842, 865, 0.244581, 0.255419, 0.246632, 0.253368
3415, 835, 872, 842, 866, 0.24451, 0.255344, 0.246559, 0.253587
3416, 835, 872, 842, 867, 0.244438, 0.255269, 0.246487, 0.253806
3417, 835, 872, 842, 868, 0.244366, 0.255195, 0.246415, 0.254024
3418, 836, 872, 842, 868, 0.244587, 0.25512, 0.246343, 0.25395
3419, 836, 872, 843, 868, 0.244516, 0.255045, 0.246563, 0.253875
3420, 836, 872, 843, 869, 0.244444, 0.254971, 0.246491, 0.254094
3421, 836, 872, 844, 869, 0.244373, 0.254896, 0.246711, 0.254019
3422, 836, 872, 844, 870, 0.244302, 0.254822, 0.246639, 0.254237
3423, 836, 873, 844, 870, 0.24423, 0.255039, 0.246567, 0.254163
3424, 837, 873, 844, 870, 0.244451, 0.254965, 0.246495, 0.254089
3425, 837, 873, 844, 871, 0.24438, 0.254891, 0.246423, 0.254307
3426, 837, 873, 844, 872, 0.244308, 0.254816, 0.246351, 0.254524
3427, 837, 874, 844, 872, 0.244237, 0.255034, 0.24628, 0.25445
3428, 838, 874, 844, 872, 0.244457, 0.254959, 0.246208, 0.254376
3429, 839, 874, 844, 872, 0.244678, 0.254885, 0.246136, 0.254302
3430, 840, 874, 844, 872, 0.244898, 0.25481, 0.246064, 0.254227
3431, 840, 875, 844, 872, 0.244827, 0.255028, 0.245992, 0.254153
3432, 841, 875, 844, 872, 0.245047, 0.254953, 0.245921, 0.254079
3433, 841, 875, 844, 873, 0.244975, 0.254879, 0.245849, 0.254297
3434, 841, 875, 844, 874, 0.244904, 0.254805, 0.245778, 0.254514
3435, 841, 875, 845, 874, 0.244833, 0.254731, 0.245997, 0.25444
3436, 842, 875, 845, 874, 0.245052, 0.254657, 0.245925, 0.254366
3437, 842, 875, 845, 875, 0.244981, 0.254582, 0.245854, 0.254582
3438, 842, 875, 845, 876, 0.24491, 0.254508, 0.245782, 0.254799
3439, 842, 875, 845, 877, 0.244839, 0.254434, 0.245711, 0.255016
3440, 842, 875, 845, 878, 0.244767, 0.25436, 0.24564, 0.255233
3441, 842, 876, 845, 878, 0.244696, 0.254577, 0.245568, 0.255158
3442, 842, 876, 845, 879, 0.244625, 0.254503, 0.245497, 0.255375
3443, 843, 876, 845, 879, 0.244845, 0.254429, 0.245426, 0.255301
3444, 843, 877, 845, 879, 0.244774, 0.254646, 0.245354, 0.255226
3445, 844, 877, 845, 879, 0.244993, 0.254572, 0.245283, 0.255152
3446, 845, 877, 845, 879, 0.245212, 0.254498, 0.245212, 0.255078
3447, 845, 877, 846, 879, 0.245141, 0.254424, 0.245431, 0.255004
3448, 845, 877, 847, 879, 0.24507, 0.25435, 0.24565, 0.25493
3449, 846, 877, 847, 879, 0.245288, 0.254277, 0.245578, 0.254856
3450, 846, 877, 848, 879, 0.245217, 0.254203, 0.245797, 0.254783
3451, 846, 878, 848, 879, 0.245146, 0.254419, 0.245726, 0.254709
3452, 847, 878, 848, 879, 0.245365, 0.254345, 0.245655, 0.254635
3453, 847, 879, 848, 879, 0.245294, 0.254561, 0.245584, 0.254561
3454, 847, 879, 849, 879, 0.245223, 0.254488, 0.245802, 0.254488
3455, 847, 879, 850, 879, 0.245152, 0.254414, 0.24602, 0.254414
3456, 847, 880, 850, 879, 0.245081, 0.25463, 0.245949, 0.25434
3457, 847, 880, 851, 879, 0.24501, 0.254556, 0.246167, 0.254267
3458, 848, 880, 851, 879, 0.245228, 0.254482, 0.246096, 0.254193
3459, 849, 880, 851, 879, 0.245447, 0.254409, 0.246025, 0.25412
3460, 849, 881, 851, 879, 0.245376, 0.254624, 0.245954, 0.254046
3461, 849, 882, 851, 879, 0.245305, 0.25484, 0.245883, 0.253973
3462, 849, 883, 851, 879, 0.245234, 0.255055, 0.245812, 0.253899
3463, 849, 883, 851, 880, 0.245163, 0.254981, 0.245741, 0.254115
3464, 850, 883, 851, 880, 0.245381, 0.254908, 0.24567, 0.254042
3465, 850, 884, 851, 880, 0.24531, 0.255123, 0.245599, 0.253968
3466, 850, 884, 852, 880, 0.245239, 0.255049, 0.245817, 0.253895
3467, 850, 884, 853, 880, 0.245169, 0.254975, 0.246034, 0.253822
3468, 850, 885, 853, 880, 0.245098, 0.25519, 0.245963, 0.253749
3469, 850, 886, 853, 880, 0.245027, 0.255405, 0.245892, 0.253675
3470, 850, 886, 853, 881, 0.244957, 0.255331, 0.245821, 0.25389
3471, 850, 886, 854, 881, 0.244886, 0.255258, 0.246039, 0.253817
3472, 850, 886, 855, 881, 0.244816, 0.255184, 0.246256, 0.253744
3473, 851, 886, 855, 881, 0.245033, 0.255111, 0.246185, 0.253671
3474, 852, 886, 855, 881, 0.24525, 0.255037, 0.246114, 0.253598
3475, 852, 886, 855, 882, 0.24518, 0.254964, 0.246043, 0.253813
3476, 852, 887, 855, 882, 0.245109, 0.255178, 0.245972, 0.25374
3477, 852, 887, 856, 882, 0.245039, 0.255105, 0.246189, 0.253667
3478, 853, 887, 856, 882, 0.245256, 0.255032, 0.246118, 0.253594
3479, 853, 888, 856, 882, 0.245185, 0.255246, 0.246048, 0.253521
3480, 854, 888, 856, 882, 0.245402, 0.255172, 0.245977, 0.253448
3481, 854, 889, 856, 882, 0.245332, 0.255386, 0.245906, 0.253375
3482, 854, 889, 856, 883, 0.245261, 0.255313, 0.245836, 0.25359
3483, 855, 889, 856, 883, 0.245478, 0.25524, 0.245765, 0.253517
3484, 855, 890, 856, 883, 0.245408, 0.255454, 0.245695, 0.253444
3485, 855, 891, 856, 883, 0.245337, 0.255667, 0.245624, 0.253372
3486, 855, 891, 857, 883, 0.245267, 0.255594, 0.245841, 0.253299
3487, 855, 891, 857, 884, 0.245196, 0.255521, 0.24577, 0.253513
3488, 855, 892, 857, 884, 0.245126, 0.255734, 0.2457, 0.25344
3489, 856, 892, 857, 884, 0.245343, 0.255661, 0.245629, 0.253368
3490, 857, 892, 857, 884, 0.245559, 0.255587, 0.245559, 0.253295
3491, 857, 892, 858, 884, 0.245488, 0.255514, 0.245775, 0.253223
3492, 858, 892, 858, 884, 0.245704, 0.255441, 0.245704, 0.25315
3493, 859, 892, 858, 884, 0.24592, 0.255368, 0.245634, 0.253078
3494, 859, 892, 859, 884, 0.24585, 0.255295, 0.24585, 0.253005
3495, 859, 892, 859, 885, 0.24578, 0.255222, 0.24578, 0.253219
3496, 859, 892, 859, 886, 0.245709, 0.255149, 0.245709, 0.253432
3497, 859, 893, 859, 886, 0.245639, 0.255362, 0.245639, 0.25336
3498, 859, 893, 859, 887, 0.245569, 0.255289, 0.245569, 0.253573
3499, 860, 893, 859, 887, 0.245785, 0.255216, 0.245499, 0.253501
3500, 860, 893, 859, 888, 0.245714, 0.255143, 0.245429, 0.253714
3501, 860, 894, 859, 888, 0.245644, 0.255356, 0.245358, 0.253642
3502, 860, 894, 859, 889, 0.245574, 0.255283, 0.245288, 0.253855
3503, 861, 894, 859, 889, 0.245789, 0.25521, 0.245218, 0.253782
3504, 861, 895, 859, 889, 0.245719, 0.255422, 0.245148, 0.25371
3505, 861, 895, 859, 890, 0.245649, 0.25535, 0.245078, 0.253923
3506, 861, 896, 859, 890, 0.245579, 0.255562, 0.245009, 0.253851
3507, 861, 896, 859, 891, 0.245509, 0.255489, 0.244939, 0.254063
3508, 862, 896, 859, 891, 0.245724, 0.255416, 0.244869, 0.253991
3509, 863, 896, 859, 891, 0.245939, 0.255343, 0.244799, 0.253918
3510, 864, 896, 859, 891, 0.246154, 0.255271, 0.244729, 0.253846
3511, 864, 897, 859, 891, 0.246084, 0.255483, 0.24466, 0.253774
3512, 864, 898, 859, 891, 0.246014, 0.255695, 0.24459, 0.253702
3513, 864, 898, 859, 892, 0.245944, 0.255622, 0.24452, 0.253914
3514, 865, 898, 859, 892, 0.246158, 0.255549, 0.244451, 0.253842
3515, 865, 898, 859, 893, 0.246088, 0.255477, 0.244381, 0.254054
3516, 866, 898, 859, 893, 0.246303, 0.255404, 0.244312, 0.253982
3517, 866, 898, 860, 893, 0.246233, 0.255331, 0.244527, 0.25391
3518, 866, 898, 861, 893, 0.246163, 0.255259, 0.244741, 0.253837
3519, 866, 899, 861, 893, 0.246093, 0.25547, 0.244672, 0.253765
3520, 867, 899, 861, 893, 0.246307, 0.255398, 0.244602, 0.253693
3521, 867, 899, 861, 894, 0.246237, 0.255325, 0.244533, 0.253905
3522, 867, 899, 862, 894, 0.246167, 0.255253, 0.244747, 0.253833
3523, 867, 900, 862, 894, 0.246097, 0.255464, 0.244678, 0.253761
3524, 867, 900, 863, 894, 0.246027, 0.255392, 0.244892, 0.253689
3525, 867, 900, 864, 894, 0.245957, 0.255319, 0.245106, 0.253617
3526, 867, 901, 864, 894, 0.245888, 0.25553, 0.245037, 0.253545
3527, 867, 901, 864, 895, 0.245818, 0.255458, 0.244967, 0.253757
3528, 867, 901, 865, 895, 0.245748, 0.255385, 0.245181, 0.253685
3529, 868, 901, 865, 895, 0.245962, 0.255313, 0.245112, 0.253613
3530, 868, 901, 866, 895, 0.245892, 0.255241, 0.245326, 0.253541
3531, 868, 901, 866, 896, 0.245823, 0.255169, 0.245256, 0.253752
3532, 869, 901, 866, 896, 0.246036, 0.255096, 0.245187, 0.253681
3533, 869, 901, 867, 896, 0.245967, 0.255024, 0.245401, 0.253609
3534, 869, 901, 868, 896, 0.245897, 0.254952, 0.245614, 0.253537
3535, 869, 901, 869, 896, 0.245827, 0.25488, 0.245827, 0.253465
3536, 869, 901, 869, 897, 0.245758, 0.254808, 0.245758, 0.253676
3537, 870, 901, 869, 897, 0.245971, 0.254736, 0.245688, 0.253605
3538, 870, 901, 870, 897, 0.245902, 0.254664, 0.245902, 0.253533
3539, 870, 901, 871, 897, 0.245832, 0.254592, 0.246115, 0.253461
3540, 871, 901, 871, 897, 0.246045, 0.25452, 0.246045, 0.25339
3541, 872, 901, 871, 897, 0.246258, 0.254448, 0.245976, 0.253318
3542, 872, 901, 871, 898, 0.246189, 0.254376, 0.245906, 0.253529
3543, 872, 901, 871, 899, 0.246119, 0.254304, 0.245837, 0.25374
3544, 872, 902, 871, 899, 0.24605, 0.254515, 0.245767, 0.253668
3545, 872, 902, 872, 899, 0.24598, 0.254443, 0.24598, 0.253597
3546, 872, 903, 872, 899, 0.245911, 0.254653, 0.245911, 0.253525
3547, 872, 903, 873, 899, 0.245842, 0.254581, 0.246123, 0.253454
3548, 873, 903, 873, 899, 0.246054, 0.25451, 0.246054, 0.253382
3549, 873, 903, 873, 900, 0.245985, 0.254438, 0.245985, 0.253593
3550, 874, 903, 873, 900, 0.246197, 0.254366, 0.245915, 0.253521
3551, 875, 903, 873, 900, 0.246409, 0.254295, 0.245846, 0.25345
3552, 875, 903, 873, 901, 0.24634, 0.254223, 0.245777, 0.25366
3553, 875, 903, 874, 901, 0.246271, 0.254151, 0.245989, 0.253589
3554, 875, 903, 875, 901, 0.246201, 0.25408, 0.246201, 0.253517
3555, 875, 904, 875, 901, 0.246132, 0.25429, 0.246132, 0.253446
3556, 876, 904, 875, 901, 0.246344, 0.254218, 0.246063, 0.253375
3557, 877, 904, 875, 901, 0.246556, 0.254147, 0.245994, 0.253303
3558, 877, 904, 875, 902, 0.246487, 0.254075, 0.245925, 0.253513
3559, 877, 904, 875, 903, 0.246418, 0.254004, 0.245856, 0.253723
3560, 878, 904, 875, 903, 0.246629, 0.253933, 0.245787, 0.253652
3561, 879, 904, 875, 903, 0.246841, 0.253861, 0.245717, 0.25358
3562, 879, 905, 875, 903, 0.246771, 0.254071, 0.245649, 0.253509
3563, 879, 905, 876, 903, 0.246702, 0.253999, 0.24586, 0.253438
3564, 880, 905, 876, 903, 0.246914, 0.253928, 0.245791, 0.253367
3565, 880, 905, 877, 903, 0.246844, 0.253857, 0.246003, 0.253296
3566, 880, 905, 878, 903, 0.246775, 0.253786, 0.246214, 0.253225
3567, 880, 905, 879, 903, 0.246706, 0.253715, 0.246426, 0.253154
3568, 880, 905, 879, 904, 0.246637, 0.253643, 0.246357, 0.253363
3569, 880, 906, 879, 904, 0.246568, 0.253853, 0.246287, 0.253292
3570, 880, 906, 879, 905, 0.246499, 0.253782, 0.246218, 0.253501
3571, 880, 906, 880, 905, 0.24643, 0.25371, 0.24643, 0.25343
3572, 880, 906, 881, 905, 0.246361, 0.253639, 0.246641, 0.253359
3573, 881, 906, 881, 905, 0.246572, 0.253568, 0.246572, 0.253289
3574, 881, 906, 882, 905, 0.246503, 0.253497, 0.246782, 0.253218
3575, 882, 906, 882, 905, 0.246713, 0.253427, 0.246713, 0.253147
3576, 882, 906, 882, 906, 0.246644, 0.253356, 0.246644, 0.253356
3577, 882, 906, 882, 907, 0.246575, 0.253285, 0.246575, 0.253564
3578, 882, 906, 883, 907, 0.246506, 0.253214, 0.246786, 0.253494
3579, 882, 907, 883, 907, 0.246438, 0.253423, 0.246717, 0.253423
3580, 882, 907, 883, 908, 0.246369, 0.253352, 0.246648, 0.253631
3581, 882, 907, 883, 909, 0.2463, 0.253281, 0.246579, 0.25384
3582, 882, 907, 883, 910, 0.246231, 0.25321, 0.24651, 0.254048
3583, 882, 907, 883, 911, 0.246162, 0.25314, 0.246442, 0.254256
3584, 883, 907, 883, 911, 0.246373, 0.253069, 0.246373, 0.254185
3585, 883, 908, 883, 911, 0.246304, 0.253278, 0.246304, 0.254114
3586, 883, 908, 884, 911, 0.246235, 0.253207, 0.246514, 0.254044
3587, 883, 908, 885, 911, 0.246167, 0.253136, 0.246724, 0.253973
3588, 883, 908, 886, 911, 0.246098, 0.253066, 0.246934, 0.253902
3589, 884, 908, 886, 911, 0.246308, 0.252995, 0.246865, 0.253831
3590, 884, 909, 886, 911, 0.24624, 0.253203, 0.246797, 0.25376
3591, 884, 910, 886, 911, 0.246171, 0.253411, 0.246728, 0.25369
3592, 885, 910, 886, 911, 0.246381, 0.253341, 0.246659, 0.253619
3593, 886, 910, 886, 911, 0.246591, 0.25327, 0.246591, 0.253549
3594, 886, 910, 886, 912, 0.246522, 0.2532, 0.246522, 0.253756
3595, 886, 910, 886, 913, 0.246453, 0.253129, 0.246453, 0.253964
3596, 886, 911, 886, 913, 0.246385, 0.253337, 0.246385, 0.253893
3597, 886, 911, 886, 914, 0.246316, 0.253267, 0.246316, 0.254101
3598, 887, 911, 886, 914, 0.246526, 0.253196, 0.246248, 0.25403
3599, 888, 911, 886, 914, 0.246735, 0.253126, 0.246179, 0.253959
3600, 888, 912, 886, 914, 0.246667, 0.253333, 0.246111, 0.253889
3601, 888, 912, 887, 914, 0.246598, 0.253263, 0.24632, 0.253818
3602, 888, 912, 888, 914, 0.24653, 0.253193, 0.24653, 0.253748
3603, 888, 912, 889, 914, 0.246461, 0.253122, 0.246739, 0.253677
3604, 888, 913, 889, 914, 0.246393, 0.25333, 0.24667, 0.253607
3605, 889, 913, 889, 914, 0.246602, 0.253259, 0.246602, 0.253537
3606, 889, 914, 889, 914, 0.246534, 0.253466, 0.246534, 0.253466
3607, 889, 914, 889, 915, 0.246465, 0.253396, 0.246465, 0.253673
3608, 889, 914, 889, 916, 0.246397, 0.253326, 0.246397, 0.25388
3609, 889, 914, 890, 916, 0.246329, 0.253256, 0.246606, 0.25381
3610, 889, 915, 890, 916, 0.24626, 0.253463, 0.246537, 0.25374
3611, 889, 915, 890, 917, 0.246192, 0.253392, 0.246469, 0.253946
3612, 890, 915, 890, 917, 0.246401, 0.253322, 0.246401, 0.253876
3613, 890, 916, 890, 917, 0.246333, 0.253529, 0.246333, 0.253806
3614, 890, 916, 891, 917, 0.246265, 0.253459, 0.246541, 0.253735
3615, 890, 916, 891, 918, 0.246196, 0.253389, 0.246473, 0.253942
3616, 890, 916, 891, 919, 0.246128, 0.253319, 0.246405, 0.254148
3617, 891, 916, 891, 919, 0.246337, 0.253249, 0.246337, 0.254078
3618, 892, 916, 891, 919, 0.246545, 0.253179, 0.246269, 0.254008
3619, 892, 917, 891, 919, 0.246477, 0.253385, 0.246201, 0.253938
3620, 892, 918, 891, 919, 0.246409, 0.253591, 0.246133, 0.253867
3621, 892, 918, 891, 920, 0.246341, 0.253521, 0.246065, 0.254073
3622, 892, 918, 891, 921, 0.246273, 0.253451, 0.245997, 0.254279
3623, 893, 918, 891, 921, 0.246481, 0.253381, 0.245929, 0.254209
3624, 893, 919, 891, 921, 0.246413, 0.253587, 0.245861, 0.254139
3625, 894, 919, 891, 921, 0.246621, 0.253517, 0.245793, 0.254069
3626, 894, 920, 891, 921, 0.246553, 0.253723, 0.245725, 0.253999
3627, 894, 920, 892, 921, 0.246485, 0.253653, 0.245933, 0.253929
3628, 894, 920, 893, 921, 0.246417, 0.253583, 0.246141, 0.253859
3629, 895, 920, 893, 921, 0.246624, 0.253513, 0.246073, 0.253789
3630, 895, 921, 893, 921, 0.246556, 0.253719, 0.246006, 0.253719
3631, 895, 921, 893, 922, 0.246489, 0.253649, 0.245938, 0.253925
3632, 895, 921, 894, 922, 0.246421, 0.253579, 0.246145, 0.253855
3633, 895, 922, 894, 922, 0.246353, 0.253785, 0.246078, 0.253785
3634, 895, 922, 894, 923, 0.246285, 0.253715, 0.24601, 0.25399
3635, 896, 922, 894, 923, 0.246492, 0.253645, 0.245942, 0.25392
3636, 896, 923, 894, 923, 0.246425, 0.25385, 0.245875, 0.25385
3637, 896, 924, 894, 923, 0.246357, 0.254056, 0.245807, 0.253781
3638, 897, 924, 894, 923, 0.246564, 0.253986, 0.245739, 0.253711
3639, 897, 925, 894, 923, 0.246496, 0.254191, 0.245672, 0.253641
3640, 897, 926, 894, 923, 0.246429, 0.254396, 0.245604, 0.253571
3641, 897, 927, 894, 923, 0.246361, 0.2546, 0.245537, 0.253502
3642, 897, 927, 894, 924, 0.246293, 0.25453, 0.24547, 0.253707
3643, 897, 927, 894, 925, 0.246226, 0.254461, 0.245402, 0.253912
3644, 898, 927, 894, 925, 0.246432, 0.254391, 0.245335, 0.253842
3645, 898, 927, 895, 925, 0.246365, 0.254321, 0.245542, 0.253772
3646, 898, 927, 896, 925, 0.246297, 0.254251, 0.245749, 0.253703
3647, 898, 928, 896, 925, 0.24623, 0.254456, 0.245681, 0.253633
3648, 898, 929, 896, 925, 0.246162, 0.25466, 0.245614, 0.253564
3649, 899, 929, 896, 925, 0.246369, 0.25459, 0.245547, 0.253494
3650, 900, 929, 896, 925, 0.246575, 0.254521, 0.245479, 0.253425
3651, 900, 929, 896, 926, 0.246508, 0.254451, 0.245412, 0.253629
3652, 900, 929, 896, 927, 0.24644, 0.254381, 0.245345, 0.253834
3653, 901, 929, 896, 927, 0.246647, 0.254312, 0.245278, 0.253764
3654, 901, 929, 896, 928, 0.246579, 0.254242, 0.245211, 0.253968
3655, 901, 930, 896, 928, 0.246512, 0.254446, 0.245144, 0.253899
3656, 901, 930, 896, 929, 0.246444, 0.254376, 0.245077, 0.254103
3657, 901, 930, 896, 930, 0.246377, 0.254307, 0.24501, 0.254307
3658, 901, 931, 896, 930, 0.246309, 0.254511, 0.244943, 0.254237
3659, 901, 931, 896, 931, 0.246242, 0.254441, 0.244876, 0.254441
3660, 901, 932, 896, 931, 0.246175, 0.254645, 0.244809, 0.254372
3661, 902, 932, 896, 931, 0.246381, 0.254575, 0.244742, 0.254302
3662, 902, 932, 897, 931, 0.246313, 0.254506, 0.244948, 0.254233
3663, 902, 932, 897, 932, 0.246246, 0.254436, 0.244881, 0.254436
3664, 902, 933, 897, 932, 0.246179, 0.25464, 0.244814, 0.254367
3665, 903, 933, 897, 932, 0.246385, 0.25457, 0.244748, 0.254297
3666, 904, 933, 897, 932, 0.24659, 0.254501, 0.244681, 0.254228
3667, 904, 934, 897, 932, 0.246523, 0.254704, 0.244614, 0.254159
3668, 905, 934, 897, 932, 0.246728, 0.254635, 0.244547, 0.254089
3669, 905, 935, 897, 932, 0.246661, 0.254838, 0.244481, 0.25402
3670, 905, 935, 898, 932, 0.246594, 0.254768, 0.244687, 0.253951
3671, 906, 935, 898, 932, 0.246799, 0.254699, 0.24462, 0.253882
3672, 906, 936, 898, 932, 0.246732, 0.254902, 0.244553, 0.253813
3673, 906, 936, 898, 933, 0.246665, 0.254833, 0.244487, 0.254016
3674, 906, 937, 898, 933, 0.246598, 0.255035, 0.24442, 0.253947
3675, 906, 937, 898, 934, 0.246531, 0.254966, 0.244354, 0.25415
3676, 906, 937, 899, 934, 0.246464, 0.254897, 0.244559, 0.254081
3677, 906, 938, 899, 934, 0.246397, 0.255099, 0.244493, 0.254011
3678, 906, 938, 899, 935, 0.24633, 0.25503, 0.244426, 0.254214
3679, 906, 938, 899, 936, 0.246263, 0.254961, 0.24436, 0.254417
3680, 906, 938, 899, 937, 0.246196, 0.254891, 0.244293, 0.25462
3681, 906, 939, 899, 937, 0.246129, 0.255094, 0.244227, 0.25455
3682, 906, 939, 899, 938, 0.246062, 0.255024, 0.244161, 0.254753
3683, 906, 940, 899, 938, 0.245995, 0.255227, 0.244094, 0.254684
3684, 906, 940, 900, 938, 0.245928, 0.255157, 0.2443, 0.254615
3685, 906, 941, 900, 938, 0.245862, 0.25536, 0.244233, 0.254545
3686, 907, 941, 900, 938, 0.246066, 0.25529, 0.244167, 0.254476
3687, 907, 942, 900, 938, 0.245999, 0.255492, 0.244101, 0.254407
3688, 907, 942, 901, 938, 0.245933, 0.255423, 0.244306, 0.254338
3689, 907, 942, 901, 939, 0.245866, 0.255354, 0.24424, 0.254541
3690, 907, 942, 901, 940, 0.245799, 0.255285, 0.244173, 0.254743
3691, 907, 943, 901, 940, 0.245733, 0.255486, 0.244107, 0.254674
3692, 907, 943, 901, 941, 0.245666, 0.255417, 0.244041, 0.254875
3693, 907, 943, 901, 942, 0.2456, 0.255348, 0.243975, 0.255077
3694, 907, 943, 902, 942, 0.245533, 0.255279, 0.24418, 0.255008
3695, 908, 943, 902, 942, 0.245737, 0.25521, 0.244114, 0.254939
3696, 909, 943, 902, 942, 0.245942, 0.255141, 0.244048, 0.25487
3697, 910, 943, 902, 942, 0.246146, 0.255072, 0.243982, 0.254801
3698, 910, 943, 903, 942, 0.246079, 0.255003, 0.244186, 0.254732
3699, 910, 943, 903, 943, 0.246012, 0.254934, 0.24412, 0.254934
3700, 911, 943, 903, 943, 0.246216, 0.254865, 0.244054, 0.254865
3701, 911, 944, 903, 943, 0.24615, 0.255066, 0.243988, 0.254796
3702, 911, 945, 903, 943, 0.246083, 0.255267, 0.243922, 0.254727
3703, 912, 945, 903, 943, 0.246287, 0.255198, 0.243856, 0.254658
3704, 912, 945, 904, 943, 0.24622, 0.25513, 0.24406, 0.25459
3705, 913, 945, 904, 943, 0.246424, 0.255061, 0.243995, 0.254521
3706, 913, 946, 904, 943, 0.246357, 0.255262, 0.243929, 0.254452
3707, 914, 946, 904, 943, 0.246561, 0.255193, 0.243863, 0.254384
3708, 914, 946, 904, 944, 0.246494, 0.255124, 0.243797, 0.254585
3709, 914, 947, 904, 944, 0.246428, 0.255325, 0.243731, 0.254516
3710, 915, 947, 904, 944, 0.246631, 0.255256, 0.243666, 0.254447
3711, 915, 947, 904, 945, 0.246564, 0.255187, 0.2436, 0.254648
3712, 915, 947, 905, 945, 0.246498, 0.255119, 0.243804, 0.25458
3713, 915, 948, 905, 945, 0.246431, 0.255319, 0.243738, 0.254511
3714, 915, 948, 906, 945, 0.246365, 0.25525, 0.243942, 0.254443
3715, 915, 948, 906, 946, 0.246299, 0.255182, 0.243876, 0.254643
3716, 915, 948, 906, 947, 0.246233, 0.255113, 0.243811, 0.254844
3717, 915, 948, 907, 947, 0.246166, 0.255044, 0.244014, 0.254775
3718, 915, 949, 907, 947, 0.2461, 0.255245, 0.243948, 0.254707
3719, 916, 949, 907, 947, 0.246303, 0.255176, 0.243883, 0.254638
3720, 917, 949, 907, 947, 0.246505, 0.255108, 0.243817, 0.25457
3721, 918, 949, 907, 947, 0.246708, 0.255039, 0.243752, 0.254501
3722, 919, 949, 907, 947, 0.24691, 0.25497, 0.243686, 0.254433
3723, 919, 949, 907, 948, 0.246844, 0.254902, 0.243621, 0.254633
3724, 920, 949, 907, 948, 0.247046, 0.254834, 0.243555, 0.254565
3725, 920, 949, 908, 948, 0.24698, 0.254765, 0.243758, 0.254497
3726, 920, 949, 909, 948, 0.246914, 0.254697, 0.243961, 0.254428
3727, 920, 949, 910, 948, 0.246847, 0.254628, 0.244164, 0.25436
3728, 920, 949, 911, 948, 0.246781, 0.25456, 0.244367, 0.254292
3729, 920, 950, 911, 948, 0.246715, 0.25476, 0.244301, 0.254224
3730, 920, 951, 911, 948, 0.246649, 0.25496, 0.244236, 0.254155
3731, 920, 951, 911, 949, 0.246583, 0.254891, 0.24417, 0.254355
3732, 920, 951, 911, 950, 0.246517, 0.254823, 0.244105, 0.254555
3733, 921, 951, 911, 950, 0.246718, 0.254755, 0.24404, 0.254487
3734, 921, 952, 911, 950, 0.246652, 0.254954, 0.243974, 0.254419
3735, 921, 952, 911, 951, 0.246586, 0.254886, 0.243909, 0.254618
3736, 921, 952, 911, 952, 0.24652, 0.254818, 0.243844, 0.254818
3737, 922, 952, 911, 952, 0.246722, 0.25475, 0.243778, 0.25475
3738, 922, 952, 912, 952, 0.246656, 0.254682, 0.243981, 0.254682
3739, 923, 952, 912, 952, 0.246857, 0.254614, 0.243915, 0.254614
3740, 923, 952, 912, 953, 0.246791, 0.254545, 0.24385, 0.254813
3741, 923, 952, 913, 953, 0.246725, 0.254477, 0.244052, 0.254745
3742, 924, 952, 913, 953, 0.246927, 0.254409, 0.243987, 0.254677
3743, 924, 952, 913, 954, 0.246861, 0.254341, 0.243922, 0.254876
3744, 924, 952, 913, 955, 0.246795, 0.254274, 0.243857, 0.255075
3745, 925, 952, 913, 955, 0.246996, 0.254206, 0.243792, 0.255007
3746, 925, 952, 914, 955, 0.24693, 0.254138, 0.243994, 0.254939
3747, 925, 952, 914, 956, 0.246864, 0.25407, 0.243928, 0.255137
3748, 925, 953, 914, 956, 0.246798, 0.254269, 0.243863, 0.255069
3749, 925, 953, 914, 957, 0.246732, 0.254201, 0.243798, 0.255268
3750, 925, 954, 914, 957, 0.246667, 0.2544, 0.243733, 0.2552
3751, 925, 955, 914, 957, 0.246601, 0.254599, 0.243668, 0.255132
3752, 925, 955, 914, 958, 0.246535, 0.254531, 0.243603, 0.25533
3753, 926, 955, 914, 958, 0.246736, 0.254463, 0.243539, 0.255262
3754, 926, 955, 915, 958, 0.24667, 0.254395, 0.24374, 0.255194
3755, 926, 955, 916, 958, 0.246605, 0.254328, 0.243941, 0.255126
3756, 926, 955, 916, 959, 0.246539, 0.25426, 0.243876, 0.255325
3757, 926, 955, 917, 959, 0.246473, 0.254192, 0.244078, 0.255257
3758, 926, 955, 917, 960, 0.246408, 0.254125, 0.244013, 0.255455
3759, 926, 956, 917, 960, 0.246342, 0.254323, 0.243948, 0.255387
3760, 926, 956, 918, 960, 0.246277, 0.254255, 0.244149, 0.255319
3761, 926, 957, 918, 960, 0.246211, 0.254454, 0.244084, 0.255251
3762, 927, 957, 918, 960, 0.246411, 0.254386, 0.244019, 0.255183
3763, 927, 957, 918, 961, 0.246346, 0.254318, 0.243954, 0.255381
3764, 928, 957, 918, 961, 0.246546, 0.254251, 0.243889, 0.255313
3765, 928, 958, 918, 961, 0.246481, 0.254449, 0.243825, 0.255246
3766, 928, 959, 918, 961, 0.246415, 0.254647, 0.24376, 0.255178
3767, 929, 959, 918, 961, 0.246615, 0.254579, 0.243695, 0.25511
3768, 929, 959, 918, 962, 0.24655, 0.254512, 0.243631, 0.255308
3769, 929, 960, 918, 962, 0.246484, 0.254709, 0.243566, 0.25524
3770, 929, 960, 918, 963, 0.246419, 0.254642, 0.243501, 0.255438
3771, 930, 960, 918, 963, 0.246619, 0.254574, 0.243437, 0.25537
3772, 930, 961, 918, 963, 0.246554, 0.254772, 0.243372, 0.255302
3773, 930, 961, 918, 964, 0.246488, 0.254704, 0.243308, 0.2555
3774, 931, 961, 918, 964, 0.246688, 0.254637, 0.243243, 0.255432
3775, 931, 962, 918, 964, 0.246623, 0.254834, 0.243179, 0.255364
3776, 931, 963, 918, 964, 0.246557, 0.255032, 0.243114, 0.255297
3777, 931, 963, 919, 964, 0.246492, 0.254964, 0.243315, 0.255229
3778, 931, 963, 920, 964, 0.246427, 0.254897, 0.243515, 0.255161
3779, 931, 963, 921, 964, 0.246361, 0.254829, 0.243715, 0.255094
3780, 931, 963, 922, 964, 0.246296, 0.254762, 0.243915, 0.255026
3781, 931, 963, 923, 964, 0.246231, 0.254695, 0.244115, 0.254959
3782, 931, 964, 923, 964, 0.246166, 0.254892, 0.244051, 0.254892
3783, 931, 964, 923, 965, 0.246101, 0.254824, 0.243986, 0.255089
3784, 931, 965, 923, 965, 0.246036, 0.255021, 0.243922, 0.255021
3785, 931, 965, 924, 965, 0.245971, 0.254954, 0.244122, 0.254954
3786, 931, 965, 924, 966, 0.245906, 0.254886, 0.244057, 0.255151
3787, 931, 966, 924, 966, 0.245841, 0.255083, 0.243993, 0.255083
3788, 932, 966, 924, 966, 0.24604, 0.255016, 0.243928, 0.255016
3789, 932, 967, 924, 966, 0.245975, 0.255212, 0.243864, 0.254949
3790, 932, 968, 924, 966, 0.24591, 0.255409, 0.243799, 0.254881
3791, 933, 968, 924, 966, 0.246109, 0.255342, 0.243735, 0.254814
3792, 933, 969, 924, 966, 0.246044, 0.255538, 0.243671, 0.254747
3793, 933, 970, 924, 966, 0.245979, 0.255734, 0.243607, 0.25468
3794, 933, 971, 924, 966, 0.245915, 0.25593, 0.243542, 0.254613
3795, 933, 971, 924, 967, 0.24585, 0.255863, 0.243478, 0.254809
3796, 933, 971, 924, 968, 0.245785, 0.255796, 0.243414, 0.255005
3797, 933, 971, 925, 968, 0.24572, 0.255728, 0.243613, 0.254938
3798, 933, 971, 926, 968, 0.245656, 0.255661, 0.243813, 0.254871
3799, 933, 972, 926, 968, 0.245591, 0.255857, 0.243748, 0.254804
3800, 934, 972, 926, 968, 0.245789, 0.255789, 0.243684, 0.254737
3801, 934, 972, 927, 968, 0.245725, 0.255722, 0.243883, 0.25467
3802, 934, 972, 928, 968, 0.24566, 0.255655, 0.244082, 0.254603
3803, 934, 972, 929, 968, 0.245596, 0.255588, 0.244281, 0.254536
3804, 935, 972, 929, 968, 0.245794, 0.255521, 0.244217, 0.254469
3805, 935, 973, 929, 968, 0.245729, 0.255716, 0.244152, 0.254402
3806, 935, 973, 930, 968, 0.245665, 0.255649, 0.244351, 0.254335
3807, 935, 973, 930, 969, 0.2456, 0.255582, 0.244287, 0.254531
3808, 935, 973, 930, 970, 0.245536, 0.255515, 0.244223, 0.254727
3809, 935, 973, 931, 970, 0.245471, 0.255448, 0.244421, 0.25466
3810, 935, 973, 932, 970, 0.245407, 0.255381, 0.244619, 0.254593
3811, 936, 973, 932, 970, 0.245605, 0.255314, 0.244555, 0.254526
3812, 937, 973, 932, 970, 0.245803, 0.255247, 0.244491, 0.25446
3813, 938, 973, 932, 970, 0.246001, 0.25518, 0.244427, 0.254393
3814, 938, 973, 932, 971, 0.245936, 0.255113, 0.244363, 0.254588
3815, 939, 973, 932, 971, 0.246134, 0.255046, 0.244299, 0.254522
3816, 940, 973, 932, 971, 0.246331, 0.254979, 0.244235, 0.254455
3817, 941, 973, 932, 971, 0.246529, 0.254912, 0.244171, 0.254388
3818, 942, 973, 932, 971, 0.246726, 0.254845, 0.244107, 0.254322
3819, 942, 974, 932, 971, 0.246661, 0.255041, 0.244043, 0.254255
3820, 942, 975, 932, 971, 0.246597, 0.255236, 0.243979, 0.254188
3821, 942, 976, 932, 971, 0.246532, 0.255431, 0.243915, 0.254122
3822, 942, 976, 933, 971, 0.246468, 0.255364, 0.244113, 0.254055
3823, 942, 976, 934, 971, 0.246403, 0.255297, 0.244311, 0.253989
3824, 942, 976, 935, 971, 0.246339, 0.25523, 0.244508, 0.253923
3825, 942, 976, 935, 972, 0.246275, 0.255163, 0.244444, 0.254118
3826, 942, 976, 935, 973, 0.24621, 0.255097, 0.244381, 0.254313
3827, 942, 976, 935, 974, 0.246146, 0.25503, 0.244317, 0.254507
3828, 942, 976, 936, 974, 0.246082, 0.254963, 0.244514, 0.254441
3829, 942, 976, 937, 974, 0.246017, 0.254897, 0.244711, 0.254375
3830, 942, 976, 937, 975, 0.245953, 0.25483, 0.244648, 0.254569
3831, 942, 976, 938, 975, 0.245889, 0.254764, 0.244845, 0.254503
3832, 943, 976, 938, 975, 0.246086, 0.254697, 0.244781, 0.254436
3833, 943, 977, 938, 975, 0.246021, 0.254892, 0.244717, 0.25437
3834, 943, 977, 938, 976, 0.245957, 0.254825, 0.244653, 0.254564
3835, 943, 977, 939, 976, 0.245893, 0.254759, 0.24485, 0.254498
3836, 943, 977, 939, 977, 0.245829, 0.254692, 0.244786, 0.254692
3837, 944, 977, 939, 977, 0.246026, 0.254626, 0.244722, 0.254626
3838, 945, 977, 939, 977, 0.246222, 0.25456, 0.244659, 0.25456
3839, 945, 978, 939, 977, 0.246158, 0.254754, 0.244595, 0.254493
3840, 946, 978, 939, 977, 0.246354, 0.254688, 0.244531, 0.254427
3841, 947, 978, 939, 977, 0.24655, 0.254621, 0.244468, 0.254361
3842, 948, 978, 939, 977, 0.246746, 0.254555, 0.244404, 0.254295
3843, 948, 978, 939, 978, 0.246682, 0.254489, 0.24434, 0.254489
3844, 948, 978, 939, 979, 0.246618, 0.254422, 0.244277, 0.254683
3845, 949, 978, 939, 979, 0.246814, 0.254356, 0.244213, 0.254616
3846, 950, 978, 939, 979, 0.24701, 0.25429, 0.24415, 0.25455
3847, 950, 978, 939, 980, 0.246946, 0.254224, 0.244086, 0.254744
3848, 951, 978, 939, 980, 0.247141, 0.254158, 0.244023, 0.254678
3849, 951, 978, 940, 980, 0.247077, 0.254092, 0.244219, 0.254612
3850, 951, 978, 941, 980, 0.247013, 0.254026, 0.244416, 0.254545
3851, 951, 978, 941, 981, 0.246949, 0.25396, 0.244352, 0.254739
3852, 951, 979, 941, 981, 0.246885, 0.254154, 0.244289, 0.254673
3853, 951, 979, 942, 981, 0.246821, 0.254088, 0.244485, 0.254607
3854, 951, 979, 942, 982, 0.246757, 0.254022, 0.244421, 0.2548
3855, 951, 980, 942, 982, 0.246693, 0.254215, 0.244358, 0.254734
3856, 951, 980, 942, 983, 0.246629, 0.254149, 0.244295, 0.254927
3857, 951, 981, 942, 983, 0.246565, 0.254343, 0.244231, 0.254861
3858, 951, 981, 943, 983, 0.246501, 0.254277, 0.244427, 0.254795
3859, 952, 981, 943, 983, 0.246696, 0.254211, 0.244364, 0.254729
3860, 952, 981, 944, 983, 0.246632, 0.254145, 0.24456, 0.254663
3861, 952, 981, 944, 984, 0.246568, 0.254079, 0.244496, 0.254856
3862, 952, 982, 944, 984, 0.246504, 0.254272, 0.244433, 0.25479
3863, 952, 983, 944, 984, 0.246441, 0.254465, 0.24437, 0.254724
3864, 952, 983, 945, 984, 0.246377, 0.2544, 0.244565, 0.254658
3865, 952, 984, 945, 984, 0.246313, 0.254592, 0.244502, 0.254592
3866, 952, 985, 945, 984, 0.246249, 0.254785, 0.244439, 0.254527
3867, 952, 986, 945, 984, 0.246186, 0.254978, 0.244375, 0.254461
3868, 952, 986, 946, 984, 0.246122, 0.254912, 0.244571, 0.254395
3869, 952, 987, 946, 984, 0.246058, 0.255105, 0.244508, 0.254329
3870, 952, 988, 946, 984, 0.245995, 0.255297, 0.244444, 0.254264
3871, 953, 988, 946, 984, 0.24619, 0.255231, 0.244381, 0.254198
3872, 954, 988, 946, 984, 0.246384, 0.255165, 0.244318, 0.254132
3873, 955, 988, 946, 984, 0.246579, 0.255099, 0.244255, 0.254067
3874, 956, 988, 946, 984, 0.246773, 0.255034, 0.244192, 0.254001
3875, 956, 988, 946, 985, 0.24671, 0.254968, 0.244129, 0.254194
3876, 956, 988, 946, 986, 0.246646, 0.254902, 0.244066, 0.254386
3877, 957, 988, 946, 986, 0.24684, 0.254836, 0.244003, 0.25432
3878, 957, 988, 947, 986, 0.246777, 0.254771, 0.244198, 0.254255
3879, 958, 988, 947, 986, 0.246971, 0.254705, 0.244135, 0.254189
3880, 958, 988, 948, 986, 0.246907, 0.254639, 0.24433, 0.254124
3881, 958, 989, 948, 986, 0.246844, 0.254831, 0.244267, 0.254058
3882, 958, 990, 948, 986, 0.24678, 0.255023, 0.244204, 0.253993
3883, 959, 990, 948, 986, 0.246974, 0.254958, 0.244141, 0.253927
3884, 959, 990, 948, 987, 0.24691, 0.254892, 0.244078, 0.254119
3885, 959, 990, 948, 988, 0.246847, 0.254826, 0.244015, 0.254311
3886, 959, 990, 948, 989, 0.246783, 0.254761, 0.243953, 0.254503
3887, 960, 990, 948, 989, 0.246977, 0.254695, 0.24389, 0.254438
3888, 960, 991, 948, 989, 0.246914, 0.254887, 0.243827, 0.254372
3889, 960, 992, 948, 989, 0.24685, 0.255078, 0.243764, 0.254307
3890, 960, 993, 948, 989, 0.246787, 0.25527, 0.243702, 0.254242
3891, 961, 993, 948, 989, 0.24698, 0.255204, 0.243639, 0.254176
3892, 961, 994, 948, 989, 0.246917, 0.255396, 0.243577, 0.254111
3893, 962, 994, 948, 989, 0.24711, 0.25533, 0.243514, 0.254046
3894, 962, 994, 948, 990, 0.247047, 0.255265, 0.243451, 0.254237
3895, 963, 994, 948, 990, 0.24724, 0.255199, 0.243389, 0.254172
3896, 964, 994, 948, 990, 0.247433, 0.255133, 0.243326, 0.254107
3897, 964, 994, 949, 990, 0.24737, 0.255068, 0.243521, 0.254042
3898, 964, 994, 950, 990, 0.247306, 0.255003, 0.243715, 0.253976
3899, 964, 994, 950, 991, 0.247243, 0.254937, 0.243652, 0.254168
3900, 964, 995, 950, 991, 0.247179, 0.255128, 0.24359, 0.254103
3901, 964, 995, 951, 991, 0.247116, 0.255063, 0.243784, 0.254037
3902, 965, 995, 951, 991, 0.247309, 0.254997, 0.243721, 0.253972
3903, 965, 995, 951, 992, 0.247246, 0.254932, 0.243659, 0.254163
3904, 965, 996, 951, 992, 0.247182, 0.255123, 0.243596, 0.254098
3905, 965, 996, 952, 992, 0.247119, 0.255058, 0.24379, 0.254033
3906, 965, 996, 952, 993, 0.247056, 0.254992, 0.243728, 0.254224
3907, 965, 996, 952, 994, 0.246993, 0.254927, 0.243665, 0.254415
3908, 966, 996, 952, 994, 0.247185, 0.254862, 0.243603, 0.25435
3909, 967, 996, 952, 994, 0.247378, 0.254797, 0.243541, 0.254285
3910, 967, 996, 953, 994, 0.247315, 0.254731, 0.243734, 0.25422
3911, 968, 996, 953, 994, 0.247507, 0.254666, 0.243672, 0.254155
3912, 968, 996, 954, 994, 0.247444, 0.254601, 0.243865, 0.25409
3913, 968, 997, 954, 994, 0.247381, 0.254792, 0.243803, 0.254025
3914, 969, 997, 954, 994, 0.247573, 0.254727, 0.24374, 0.25396
3915, 969, 997, 955, 994, 0.24751, 0.254662, 0.243934, 0.253895
3916, 970, 997, 955, 994, 0.247702, 0.254597, 0.243871, 0.25383
3917, 971, 997, 955, 994, 0.247894, 0.254532, 0.243809, 0.253766
3918, 971, 997, 956, 994, 0.247831, 0.254467, 0.244002, 0.253701
3919, 971, 997, 956, 995, 0.247767, 0.254402, 0.24394, 0.253891
3920, 971, 997, 956, 996, 0.247704, 0.254337, 0.243878, 0.254082
3921, 971, 997, 956, 997, 0.247641, 0.254272, 0.243815, 0.254272
3922, 971, 997, 956, 998, 0.247578, 0.254207, 0.243753, 0.254462
3923, 971, 997, 957, 998, 0.247515, 0.254142, 0.243946, 0.254397
3924, 971, 997, 957, 999, 0.247452, 0.254077, 0.243884, 0.254587
3925, 972, 997, 957, 999, 0.247643, 0.254013, 0.243822, 0.254522
3926, 972, 997, 958, 999, 0.24758, 0.253948, 0.244014, 0.254457
3927, 972, 997, 959, 999, 0.247517, 0.253883, 0.244207, 0.254393
3928, 972, 997, 960, 999, 0.247454, 0.253819, 0.244399, 0.254328
3929, 972, 997, 961, 999, 0.247391, 0.253754, 0.244591, 0.254263
3930, 973, 997, 961, 999, 0.247583, 0.25369, 0.244529, 0.254198
3931, 973, 998, 961, 999, 0.24752, 0.253879, 0.244467, 0.254134
3932, 973, 998, 961, 1000, 0.247457, 0.253815, 0.244405, 0.254323
3933, 973, 998, 962, 1000, 0.247394, 0.25375, 0.244597, 0.254259
3934, 974, 998, 962, 1000, 0.247585, 0.253686, 0.244535, 0.254194
3935, 974, 999, 962, 1000, 0.247522, 0.253875, 0.244473, 0.25413
3936, 974, 999, 963, 1000, 0.247459, 0.253811, 0.244665, 0.254065
3937, 974, 999, 963, 1001, 0.247396, 0.253747, 0.244602, 0.254255
3938, 975, 999, 963, 1001, 0.247588, 0.253682, 0.24454, 0.25419
3939, 975, 999, 964, 1001, 0.247525, 0.253618, 0.244732, 0.254125
3940, 975, 999, 965, 1001, 0.247462, 0.253553, 0.244924, 0.254061
3941, 975, 1000, 965, 1001, 0.247399, 0.253743, 0.244862, 0.253996
3942, 976, 1000, 965, 1001, 0.24759, 0.253678, 0.2448, 0.253932
3943, 976, 1000, 965, 1002, 0.247527, 0.253614, 0.244738, 0.254121
3944, 977, 1000, 965, 1002, 0.247718, 0.25355, 0.244675, 0.254057
3945, 977, 1001, 965, 1002, 0.247655, 0.253739, 0.244613, 0.253992
3946, 978, 1001, 965, 1002, 0.247846, 0.253675, 0.244551, 0.253928
3947, 978, 1001, 966, 1002, 0.247783, 0.25361, 0.244743, 0.253864
3948, 978, 1001, 966, 1003, 0.24772, 0.253546, 0.244681, 0.254053
3949, 978, 1001, 966, 1004, 0.247658, 0.253482, 0.244619, 0.254242
3950, 979, 1001, 966, 1004, 0.247848, 0.253418, 0.244557, 0.254177
3951, 979, 1001, 966, 1005, 0.247785, 0.253354, 0.244495, 0.254366
3952, 979, 1001, 966, 1006, 0.247723, 0.253289, 0.244433, 0.254555
3953, 979, 1001, 966, 1007, 0.24766, 0.253225, 0.244371, 0.254743
3954, 979, 1001, 967, 1007, 0.247597, 0.253161, 0.244562, 0.254679
3955, 979, 1002, 967, 1007, 0.247535, 0.25335, 0.244501, 0.254614
3956, 979, 1002, 967, 1008, 0.247472, 0.253286, 0.244439, 0.254803
3957, 979, 1002, 967, 1009, 0.24741, 0.253222, 0.244377, 0.254991
3958, 979, 1003, 967, 1009, 0.247347, 0.253411, 0.244315, 0.254927
3959, 979, 1004, 967, 1009, 0.247285, 0.253599, 0.244254, 0.254862
3960, 979, 1004, 967, 1010, 0.247222, 0.253535, 0.244192, 0.255051
3961, 980, 1004, 967, 1010, 0.247412, 0.253471, 0.24413, 0.254986
3962, 980, 1005, 967, 1010, 0.24735, 0.25366, 0.244069, 0.254922
3963, 981, 1005, 967, 1010, 0.24754, 0.253596, 0.244007, 0.254857
3964, 981, 1006, 967, 1010, 0.247477, 0.253784, 0.243946, 0.254793
3965, 982, 1006, 967, 1010, 0.247667, 0.25372, 0.243884, 0.254729
3966, 982, 1006, 968, 1010, 0.247605, 0.253656, 0.244075, 0.254665
3967, 982, 1007, 968, 1010, 0.247542, 0.253844, 0.244013, 0.2546
3968, 982, 1007, 969, 1010, 0.24748, 0.25378, 0.244204, 0.254536
3969, 982, 1007, 969, 1011, 0.247417, 0.253716, 0.244142, 0.254724
3970, 982, 1007, 969, 1012, 0.247355, 0.253652, 0.244081, 0.254912
3971, 982, 1007, 969, 1013, 0.247293, 0.253589, 0.244019, 0.255099
3972, 982, 1008, 969, 1013, 0.247231, 0.253776, 0.243958, 0.255035
3973, 982, 1008, 969, 1014, 0.247168, 0.253713, 0.243896, 0.255223
3974, 983, 1008, 969, 1014, 0.247358, 0.253649, 0.243835, 0.255159
3975, 983, 1008, 970, 1014, 0.247296, 0.253585, 0.244025, 0.255094
3976, 984, 1008, 970, 1014, 0.247485, 0.253521, 0.243964, 0.25503
3977, 984, 1008, 971, 1014, 0.247423, 0.253457, 0.244154, 0.254966
3978, 984, 1008, 972, 1014, 0.24736, 0.253394, 0.244344, 0.254902
3979, 984, 1009, 972, 1014, 0.247298, 0.253581, 0.244282, 0.254838
3980, 984, 1010, 972, 1014, 0.247236, 0.253769, 0.244221, 0.254774
3981, 984, 1010, 973, 1014, 0.247174, 0.253705, 0.244411, 0.25471
3982, 985, 1010, 973, 1014, 0.247363, 0.253641, 0.24435, 0.254646
3983, 985, 1010, 973, 1015, 0.247301, 0.253578, 0.244288, 0.254833
3984, 985, 1010, 973, 1016, 0.247239, 0.253514, 0.244227, 0.25502
3985, 985, 1010, 973, 1017, 0.247177, 0.25345, 0.244166, 0.255207
3986, 985, 1010, 974, 1017, 0.247115, 0.253387, 0.244355, 0.255143
3987, 985, 1010, 975, 1017, 0.247053, 0.253323, 0.244545, 0.255079
3988, 985, 1010, 975, 1018, 0.246991, 0.25326, 0.244483, 0.255266
3989, 986, 1010, 975, 1018, 0.24718, 0.253196, 0.244422, 0.255202
3990, 987, 1010, 975, 1018, 0.247368, 0.253133, 0.244361, 0.255138
3991, 987, 1010, 975, 1019, 0.247306, 0.253069, 0.2443, 0.255324
3992, 987, 1010, 975, 1020, 0.247244, 0.253006, 0.244238, 0.255511
3993, 988, 1010, 975, 1020, 0.247433, 0.252943, 0.244177, 0.255447
3994, 988, 1010, 976, 1020, 0.247371, 0.252879, 0.244367, 0.255383
3995, 988, 1011, 976, 1020, 0.247309, 0.253066, 0.244305, 0.255319
3996, 988, 1011, 977, 1020, 0.247247, 0.253003, 0.244494, 0.255255
3997, 988, 1011, 978, 1020, 0.247185, 0.25294, 0.244684, 0.255191
3998, 989, 1011, 978, 1020, 0.247374, 0.252876, 0.244622, 0.255128
3999, 989, 1011, 979, 1020, 0.247312, 0.252813, 0.244811, 0.255064
4000, 989, 1011, 980, 1020, 0.24725, 0.25275, 0.245, 0.255
4001, 989, 1012, 980, 1020, 0.247188, 0.252937, 0.244939, 0.254936
4002, 989, 1012, 980, 1021, 0.247126, 0.252874, 0.244878, 0.255122
4003, 989, 1012, 980, 1022, 0.247065, 0.25281, 0.244816, 0.255309
4004, 989, 1013, 980, 1022, 0.247003, 0.252997, 0.244755, 0.255245
4005, 989, 1013, 981, 1022, 0.246941, 0.252934, 0.244944, 0.255181
4006, 989, 1013, 982, 1022, 0.24688, 0.252871, 0.245132, 0.255117
4007, 989, 1013, 982, 1023, 0.246818, 0.252808, 0.245071, 0.255303
4008, 989, 1013, 982, 1024, 0.246756, 0.252745, 0.24501, 0.255489
4009, 989, 1014, 982, 1024, 0.246695, 0.252931, 0.244949, 0.255425
4010, 990, 1014, 982, 1024, 0.246883, 0.252868, 0.244888, 0.255362
4011, 991, 1014, 982, 1024, 0.247071, 0.252805, 0.244827, 0.255298
4012, 991, 1014, 983, 1024, 0.247009, 0.252742, 0.245015, 0.255234
4013, 992, 1014, 983, 1024, 0.247197, 0.252679, 0.244954, 0.255171
4014, 992, 1014, 983, 1025, 0.247135, 0.252616, 0.244893, 0.255356
4015, 992, 1014, 984, 1025, 0.247073, 0.252553, 0.245081, 0.255293
4016, 992, 1014, 984, 1026, 0.247012, 0.25249, 0.24502, 0.255478
4017, 992, 1014, 985, 1026, 0.24695, 0.252427, 0.245208, 0.255414
4018, 992, 1014, 985, 1027, 0.246889, 0.252364, 0.245147, 0.2556
4019, 993, 1014, 985, 1027, 0.247076, 0.252302, 0.245086, 0.255536
4020, 993, 1014, 986, 1027, 0.247015, 0.252239, 0.245274, 0.255473
4021, 994, 1014, 986, 1027, 0.247202, 0.252176, 0.245213, 0.255409
4022, 994, 1014, 987, 1027, 0.247141, 0.252113, 0.2454, 0.255346
4023, 994, 1014, 988, 1027, 0.247079, 0.252051, 0.245588, 0.255282
4024, 994, 1015, 988, 1027, 0.247018, 0.252237, 0.245527, 0.255219
4025, 995, 1015, 988, 1027, 0.247205, 0.252174, 0.245466, 0.255155
4026, 996, 1015, 988, 1027, 0.247392, 0.252111, 0.245405, 0.255092
4027, 996, 1015, 989, 1027, 0.247331, 0.252049, 0.245592, 0.255029
4028, 997, 1015, 989, 1027, 0.247517, 0.251986, 0.245531, 0.254965
4029, 997, 1016, 989, 1027, 0.247456, 0.252172, 0.24547, 0.254902
4030, 997, 1016, 989, 1028, 0.247395, 0.252109, 0.245409, 0.255087
4031, 998, 1016, 989, 1028, 0.247581, 0.252047, 0.245349, 0.255024
4032, 999, 1016, 989, 1028, 0.247768, 0.251984, 0.245288, 0.25496
4033, 999, 1017, 989, 1028, 0.247706, 0.25217, 0.245227, 0.254897
4034, 999, 1017, 990, 1028, 0.247645, 0.252107, 0.245414, 0.254834
4035, 999, 1017, 990, 1029, 0.247584, 0.252045, 0.245353, 0.255019
4036, 999, 1018, 990, 1029, 0.247522, 0.25223, 0.245292, 0.254955
4037, 999, 1019, 990, 1029, 0.247461, 0.252415, 0.245232, 0.254892
4038, 999, 1019, 990, 1030, 0.2474, 0.252353, 0.245171, 0.255077
4039, 999, 1019, 991, 1030, 0.247338, 0.25229, 0.245358, 0.255014
4040, 1000, 1019, 991, 1030, 0.247525, 0.252228, 0.245297, 0.25495
4041, 1001, 1019, 991, 1030, 0.247711, 0.252165, 0.245236, 0.254887
4042, 1001, 1019, 991, 1031, 0.24765, 0.252103, 0.245176, 0.255072
4043, 1001, 1019, 991, 1032, 0.247588, 0.252041, 0.245115, 0.255256
4044, 1002, 1019, 991, 1032, 0.247774, 0.251978, 0.245054, 0.255193
4045, 1002, 1019, 991, 1033, 0.247713, 0.251916, 0.244994, 0.255377
4046, 1003, 1019, 991, 1033, 0.247899, 0.251854, 0.244933, 0.255314
4047, 1003, 1020, 991, 1033, 0.247838, 0.252039, 0.244873, 0.255251
4048, 1003, 1020, 992, 1033, 0.247777, 0.251976, 0.245059, 0.255188
4049, 1003, 1020, 992, 1034, 0.247715, 0.251914, 0.244999, 0.255372
4050, 1004, 1020, 992, 1034, 0.247901, 0.251852, 0.244938, 0.255309
4051, 1005, 1020, 992, 1034, 0.248087, 0.25179, 0.244878, 0.255246
4052, 1006, 1020, 992, 1034, 0.248272, 0.251728, 0.244817, 0.255183
4053, 1007, 1020, 992, 1034, 0.248458, 0.251665, 0.244757, 0.25512
4054, 1007, 1020, 993, 1034, 0.248397, 0.251603, 0.244943, 0.255057
4055, 1007, 1021, 993, 1034, 0.248335, 0.251788, 0.244883, 0.254994
4056, 1007, 1021, 994, 1034, 0.248274, 0.251726, 0.245069, 0.254931
4057, 1007, 1021, 994, 1035, 0.248213, 0.251664, 0.245009, 0.255115
4058, 1007, 1022, 994, 1035, 0.248152, 0.251848, 0.244948, 0.255052
4059, 1007, 1022, 994, 1036, 0.248091, 0.251786, 0.244888, 0.255235
4060, 1007, 1023, 994, 1036, 0.24803, 0.25197, 0.244828, 0.255172
4061, 1007, 1024, 994, 1036, 0.247968, 0.252155, 0.244767, 0.25511
4062, 1007, 1024, 995, 1036, 0.247907, 0.252093, 0.244953, 0.255047
4063, 1007, 1024, 995, 1037, 0.247846, 0.252031, 0.244893, 0.25523
4064, 1007, 1024, 996, 1037, 0.247785, 0.251969, 0.245079, 0.255167
4065, 1007, 1025, 996, 1037, 0.247724, 0.252153, 0.245018, 0.255105
4066, 1008, 1025, 996, 1037, 0.247909, 0.252091, 0.244958, 0.255042
4067, 1009, 1025, 996, 1037, 0.248094, 0.252029, 0.244898, 0.254979
4068, 1009, 1025, 997, 1037, 0.248033, 0.251967, 0.245084, 0.254916
4069, 1009, 1025, 997, 1038, 0.247972, 0.251905, 0.245023, 0.2551
4070, 1009, 1025, 997, 1039, 0.247912, 0.251843, 0.244963, 0.255283
4071, 1009, 1025, 997, 1040, 0.247851, 0.251781, 0.244903, 0.255465
4072, 1010, 1025, 997, 1040, 0.248035, 0.251719, 0.244843, 0.255403
4073, 1010, 1026, 997, 1040, 0.247974, 0.251903, 0.244783, 0.25534
4074, 1010, 1026, 997, 1041, 0.247914, 0.251841, 0.244723, 0.255523
4075, 1010, 1027, 997, 1041, 0.247853, 0.252025, 0.244663, 0.25546
4076, 1011, 1027, 997, 1041, 0.248037, 0.251963, 0.244603, 0.255397
4077, 1011, 1027, 997, 1042, 0.247976, 0.251901, 0.244543, 0.25558
4078, 1011, 1028, 997, 1042, 0.247916, 0.252084, 0.244483, 0.255517
4079, 1011, 1029, 997, 1042, 0.247855, 0.252268, 0.244423, 0.255455
4080, 1011, 1029, 998, 1042, 0.247794, 0.252206, 0.244608, 0.255392
4081, 1012, 1029, 998, 1042, 0.247978, 0.252144, 0.244548, 0.25533
4082, 1012, 1029, 999, 1042, 0.247918, 0.252082, 0.244733, 0.255267
4083, 1012, 1029, 999, 1043, 0.247857, 0.252021, 0.244673, 0.255449
4084, 1012, 1029, 1000, 1043, 0.247796, 0.251959, 0.244858, 0.255387
4085, 1012, 1029, 1000, 1044, 0.247736, 0.251897, 0.244798, 0.255569
4086, 1012, 1029, 1001, 1044, 0.247675, 0.251836, 0.244983, 0.255507
4087, 1012, 1030, 1001, 1044, 0.247614, 0.252019, 0.244923, 0.255444
4088, 1013, 1030, 1001, 1044, 0.247798, 0.251957, 0.244863, 0.255382
4089, 1013, 1030, 1001, 1045, 0.247738, 0.251895, 0.244803, 0.255564
4090, 1014, 1030, 1001, 1045, 0.247922, 0.251834, 0.244743, 0.255501
4091, 1014, 1031, 1001, 1045, 0.247861, 0.252017, 0.244683, 0.255439
4092, 1014, 1032, 1001, 1045, 0.247801, 0.252199, 0.244624, 0.255376
4093, 1014, 1032, 1001, 1046, 0.24774, 0.252138, 0.244564, 0.255558
4094, 1014, 1032, 1002, 1046, 0.24768, 0.252076, 0.244748, 0.255496
4095, 1014, 1032, 1002, 1047, 0.247619, 0.252015, 0.244689, 0.255678
4096, 1014, 1032, 1002, 1048, 0.247559, 0.251953, 0.244629, 0.255859
4097, 1014, 1033, 1002, 1048, 0.247498, 0.252136, 0.244569, 0.255797
4098, 1014, 1033, 1003, 1048, 0.247438, 0.252074, 0.244754, 0.255735
4099, 1015, 1033, 1003, 1048, 0.247621, 0.252013, 0.244694, 0.255672
4100, 1016, 1033, 1003, 1048, 0.247805, 0.251951, 0.244634, 0.25561
4101, 1016, 1033, 1003, 1049, 0.247744, 0.25189, 0.244574, 0.255791
4102, 1016, 1034, 1003, 1049, 0.247684, 0.252072, 0.244515, 0.255729
4103, 1016, 1034, 1004, 1049, 0.247624, 0.252011, 0.244699, 0.255667
4104, 1016, 1034, 1005, 1049, 0.247563, 0.251949, 0.244883, 0.255604
4105, 1016, 1034, 1005, 1050, 0.247503, 0.251888, 0.244823, 0.255786
4106, 1017, 1034, 1005, 1050, 0.247686, 0.251827, 0.244764, 0.255723
4107, 1018, 1034, 1005, 1050, 0.247869, 0.251765, 0.244704, 0.255661
4108, 1018, 1035, 1005, 1050, 0.247809, 0.251947, 0.244645, 0.255599
4109, 1018, 1035, 1006, 1050, 0.247749, 0.251886, 0.244828, 0.255537
4110, 1019, 1035, 1006, 1050, 0.247932, 0.251825, 0.244769, 0.255474
4111, 1019, 1035, 1007, 1050, 0.247872, 0.251764, 0.244953, 0.255412
4112, 1020, 1035, 1007, 1050, 0.248054, 0.251702, 0.244893, 0.25535
4113, 1021, 1035, 1007, 1050, 0.248237, 0.251641, 0.244833, 0.255288
4114, 1021, 1035, 1008, 1050, 0.248177, 0.25158, 0.245017, 0.255226
4115, 1021, 1035, 1008, 1051, 0.248117, 0.251519, 0.244957, 0.255407
4116, 1022, 1035, 1008, 1051, 0.248299, 0.251458, 0.244898, 0.255345
4117, 1022, 1036, 1008, 1051, 0.248239, 0.25164, 0.244838, 0.255283
4118, 1022, 1036, 1008, 1052, 0.248179, 0.251578, 0.244779, 0.255464
4119, 1022, 1036, 1008, 1053, 0.248118, 0.251517, 0.24472, 0.255645
4120, 1022, 1037, 1008, 1053, 0.248058, 0.251699, 0.24466, 0.255583
4121, 1022, 1037, 1008, 1054, 0.247998, 0.251638, 0.244601, 0.255763
4122, 1022, 1038, 1008, 1054, 0.247938, 0.25182, 0.244541, 0.255701
4123, 1022, 1038, 1008, 1055, 0.247878, 0.251758, 0.244482, 0.255882
4124, 1022, 1038, 1009, 1055, 0.247818, 0.251697, 0.244665, 0.25582
4125, 1022, 1038, 1009, 1056, 0.247758, 0.251636, 0.244606, 0.256
4126, 1023, 1038, 1009, 1056, 0.24794, 0.251575, 0.244547, 0.255938
4127, 1024, 1038, 1009, 1056, 0.248122, 0.251514, 0.244488, 0.255876
4128, 1024, 1039, 1009, 1056, 0.248062, 0.251696, 0.244428, 0.255814
4129, 1024, 1039, 1010, 1056, 0.248002, 0.251635, 0.244611, 0.255752
4130, 1025, 1039, 1010, 1056, 0.248184, 0.251574, 0.244552, 0.25569
4131, 1026, 1039, 1010, 1056, 0.248366, 0.251513, 0.244493, 0.255628
4132, 1027, 1039, 1010, 1056, 0.248548, 0.251452, 0.244434, 0.255566
4133, 1027, 1039, 1010, 1057, 0.248488, 0.251391, 0.244375, 0.255746
4134, 1027, 1040, 1010, 1057, 0.248428, 0.251572, 0.244315, 0.255685
4135, 1027, 1040, 1011, 1057, 0.248368, 0.251511, 0.244498, 0.255623
4136, 1028, 1040, 1011, 1057, 0.248549, 0.251451, 0.244439, 0.255561
4137, 1028, 1040, 1012, 1057, 0.248489, 0.25139, 0.244622, 0.255499
4138, 1028, 1040, 1012, 1058, 0.248429, 0.251329, 0.244563, 0.255679
4139, 1028, 1040, 1012, 1059, 0.248369, 0.251268, 0.244504, 0.255859
4140, 1028, 1041, 1012, 1059, 0.248309, 0.251449, 0.244444, 0.255797
4141, 1028, 1041, 1012, 1060, 0.248249, 0.251389, 0.244385, 0.255977
4142, 1028, 1041, 1013, 1060, 0.248189, 0.251328, 0.244568, 0.255915
4143, 1028, 1042, 1013, 1060, 0.248129, 0.251509, 0.244509, 0.255853
4144, 1028, 1043, 1013, 1060, 0.248069, 0.251689, 0.24445, 0.255792
4145, 1028, 1043, 1014, 1060, 0.24801, 0.251628, 0.244632, 0.25573
4146, 1028, 1043, 1014, 1061, 0.24795, 0.251568, 0.244573, 0.255909
4147, 1028, 1044, 1014, 1061, 0.24789, 0.251748, 0.244514, 0.255848
4148, 1028, 1045, 1014, 1061, 0.24783, 0.251929, 0.244455, 0.255786
4149, 1028, 1046, 1014, 1061, 0.247771, 0.252109, 0.244396, 0.255724
4150, 1028, 1046, 1014, 1062, 0.247711, 0.252048, 0.244337, 0.255904
4151, 1028, 1046, 1014, 1063, 0.247651, 0.251987, 0.244278, 0.256083
4152, 1029, 1046, 1014, 1063, 0.247832, 0.251927, 0.24422, 0.256021
4153, 1029, 1047, 1014, 1063, 0.247773, 0.252107, 0.244161, 0.25596
4154, 1029, 1047, 1015, 1063, 0.247713, 0.252046, 0.244343, 0.255898
4155, 1029, 1047, 1015, 1064, 0.247653, 0.251986, 0.244284, 0.256077
4156, 1029, 1048, 1015, 1064, 0.247594, 0.252166, 0.244225, 0.256015
4157, 1030, 1048, 1015, 1064, 0.247775, 0.252105, 0.244166, 0.255954
4158, 1031, 1048, 1015, 1064, 0.247956, 0.252044, 0.244108, 0.255892
4159, 1031, 1048, 1015, 1065, 0.247896, 0.251984, 0.244049, 0.256071
4160, 1031, 1048, 1016, 1065, 0.247837, 0.251923, 0.244231, 0.25601
4161, 1032, 1048, 1016, 1065, 0.248017, 0.251863, 0.244172, 0.255948
4162, 1032, 1048, 1017, 1065, 0.247958, 0.251802, 0.244354, 0.255887
4163, 1032, 1048, 1017, 1066, 0.247898, 0.251742, 0.244295, 0.256065
4164, 1032, 1048, 1018, 1066, 0.247839, 0.251681, 0.244476, 0.256004
4165, 1032, 1048, 1018, 1067, 0.247779, 0.251621, 0.244418, 0.256182
4166, 1032, 1048, 1018, 1068, 0.24772, 0.25156, 0.244359, 0.256361
4167, 1033, 1048, 1018, 1068, 0.2479, 0.2515, 0.2443, 0.256299
4168, 1033, 1049, 1018, 1068, 0.247841, 0.251679, 0.244242, 0.256238
4169, 1034, 1049, 1018, 1068, 0.248021, 0.251619, 0.244183, 0.256177
4170, 1035, 1049, 1018, 1068, 0.248201, 0.251559, 0.244125, 0.256115
4171, 1035, 1050, 1018, 1068, 0.248142, 0.251738, 0.244066, 0.256054
4172, 1035, 1051, 1018, 1068, 0.248082, 0.251918, 0.244008, 0.255992
4173, 1035, 1052, 1018, 1068, 0.248023, 0.252097, 0.243949, 0.255931
4174, 1035, 1053, 1018, 1068, 0.247964, 0.252276, 0.243891, 0.25587
4175, 1035, 1053, 1018, 1069, 0.247904, 0.252216, 0.243832, 0.256048
4176, 1035, 1053, 1018, 1070, 0.247845, 0.252155, 0.243774, 0.256226
4177, 1035, 1053, 1018, 1071, 0.247785, 0.252095, 0.243716, 0.256404
4178, 1036, 1053, 1018, 1071, 0.247966, 0.252034, 0.243657, 0.256343
4179, 1036, 1053, 1019, 1071, 0.247906, 0.251974, 0.243838, 0.256281
4180, 1037, 1053, 1019, 1071, 0.248086, 0.251914, 0.24378, 0.25622
4181, 1037, 1053, 1019, 1072, 0.248027, 0.251854, 0.243722, 0.256398
4182, 1037, 1054, 1019, 1072, 0.247967, 0.252033, 0.243663, 0.256337
4183, 1037, 1054, 1020, 1072, 0.247908, 0.251972, 0.243844, 0.256275
4184, 1038, 1054, 1020, 1072, 0.248088, 0.251912, 0.243786, 0.256214
4185, 1039, 1054, 1020, 1072, 0.248268, 0.251852, 0.243728, 0.256153
4186, 1039, 1055, 1020, 1072, 0.248208, 0.252031, 0.243669, 0.256092
4187, 1039, 1056, 1020, 1072, 0.248149, 0.252209, 0.243611, 0.256031
4188, 1040, 1056, 1020, 1072, 0.248329, 0.252149, 0.243553, 0.255969
4189, 1040, 1056, 1021, 1072, 0.248269, 0.252089, 0.243734, 0.255908
4190, 1040, 1056, 1021, 1073, 0.24821, 0.252029, 0.243675, 0.256086
4191, 1041, 1056, 1021, 1073, 0.248389, 0.251969, 0.243617, 0.256025
4192, 1042, 1056, 1021, 1073, 0.248569, 0.251908, 0.243559, 0.255964
4193, 1042, 1057, 1021, 1073, 0.248509, 0.252087, 0.243501, 0.255903
4194, 1042, 1057, 1021, 1074, 0.24845, 0.252027, 0.243443, 0.25608
4195, 1042, 1057, 1021, 1075, 0.248391, 0.251967, 0.243385, 0.256257
4196, 1042, 1057, 1022, 1075, 0.248332, 0.251907, 0.243565, 0.256196
4197, 1042, 1058, 1022, 1075, 0.248273, 0.252085, 0.243507, 0.256135
4198, 1043, 1058, 1022, 1075, 0.248452, 0.252025, 0.243449, 0.256074
4199, 1043, 1059, 1022, 1075, 0.248392, 0.252203, 0.243391, 0.256013
4200, 1043, 1059, 1022, 1076, 0.248333, 0.252143, 0.243333, 0.25619
4201, 1043, 1059, 1023, 1076, 0.248274, 0.252083, 0.243513, 0.256129
4202, 1043, 1059, 1023, 1077, 0.248215, 0.252023, 0.243455, 0.256307
4203, 1043, 1060, 1023, 1077, 0.248156, 0.252201, 0.243398, 0.256246
4204, 1043, 1060, 1024, 1077, 0.248097, 0.252141, 0.243578, 0.256185
4205, 1043, 1061, 1024, 1077, 0.248038, 0.252319, 0.24352, 0.256124
4206, 1043, 1062, 1024, 1077, 0.247979, 0.252496, 0.243462, 0.256063
4207, 1043, 1062, 1025, 1077, 0.24792, 0.252436, 0.243642, 0.256002
4208, 1043, 1063, 1025, 1077, 0.247861, 0.252614, 0.243584, 0.255941
4209, 1043, 1063, 1026, 1077, 0.247802, 0.252554, 0.243763, 0.25588
4210, 1043, 1063, 1027, 1077, 0.247743, 0.252494, 0.243943, 0.255819
4211, 1043, 1064, 1027, 1077, 0.247685, 0.252672, 0.243885, 0.255759
4212, 1043, 1065, 1027, 1077, 0.247626, 0.252849, 0.243827, 0.255698
4213, 1043, 1066, 1027, 1077, 0.247567, 0.253026, 0.243769, 0.255637
4214, 1044, 1066, 1027, 1077, 0.247746, 0.252966, 0.243711, 0.255577
4215, 1044, 1066, 1028, 1077, 0.247687, 0.252906, 0.243891, 0.255516
4216, 1044, 1066, 1029, 1077, 0.247628, 0.252846, 0.24407, 0.255455
4217, 1044, 1066, 1029, 1078, 0.247569, 0.252786, 0.244012, 0.255632
4218, 1044, 1066, 1029, 1079, 0.247511, 0.252726, 0.243954, 0.255808
4219, 1044, 1066, 1029, 1080, 0.247452, 0.252667, 0.243897, 0.255985
4220, 1044, 1066, 1029, 1081, 0.247393, 0.252607, 0.243839, 0.256161
4221, 1044, 1066, 1029, 1082, 0.247335, 0.252547, 0.243781, 0.256337
4222, 1045, 1066, 1029, 1082, 0.247513, 0.252487, 0.243723, 0.256277
4223, 1046, 1066, 1029, 1082, 0.247691, 0.252427, 0.243666, 0.256216
4224, 1047, 1066, 1029, 1082, 0.247869, 0.252367, 0.243608, 0.256155
4225, 1047, 1066, 1030, 1082, 0.247811, 0.252308, 0.243787, 0.256095
4226, 1047, 1067, 1030, 1082, 0.247752, 0.252485, 0.243729, 0.256034
4227, 1048, 1067, 1030, 1082, 0.24793, 0.252425, 0.243672, 0.255974
4228, 1048, 1068, 1030, 1082, 0.247871, 0.252602, 0.243614, 0.255913
4229, 1049, 1068, 1030, 1082, 0.248049, 0.252542, 0.243556, 0.255852
4230, 1049, 1068, 1030, 1083, 0.247991, 0.252482, 0.243499, 0.256028
4231, 1049, 1069, 1030, 1083, 0.247932, 0.252659, 0.243441, 0.255968
4232, 1049, 1069, 1031, 1083, 0.247873, 0.252599, 0.24362, 0.255907
4233, 1049, 1070, 1031, 1083, 0.247815, 0.252776, 0.243562, 0.255847
4234, 1050, 1070, 1031, 1083, 0.247992, 0.252716, 0.243505, 0.255786
4235, 1050, 1070, 1031, 1084, 0.247934, 0.252656, 0.243447, 0.255962
4236, 1050, 1070, 1031, 1085, 0.247875, 0.252597, 0.24339, 0.256138
4237, 1050, 1070, 1032, 1085, 0.247817, 0.252537, 0.243569, 0.256077
4238, 1050, 1071, 1032, 1085, 0.247758, 0.252714, 0.243511, 0.256017
4239, 1050, 1071, 1032, 1086, 0.2477, 0.252654, 0.243454, 0.256192
4240, 1050, 1071, 1032, 1087, 0.247642, 0.252594, 0.243396, 0.256368
4241, 1050, 1071, 1033, 1087, 0.247583, 0.252535, 0.243575, 0.256307
4242, 1050, 1071, 1034, 1087, 0.247525, 0.252475, 0.243753, 0.256247
4243, 1051, 1071, 1034, 1087, 0.247702, 0.252416, 0.243695, 0.256187
4244, 1052, 1071, 1034, 1087, 0.247879, 0.252356, 0.243638, 0.256126
4245, 1052, 1071, 1035, 1087, 0.247821, 0.252297, 0.243816, 0.256066
4246, 1052, 1071, 1035, 1088, 0.247763, 0.252237, 0.243759, 0.256241
4247, 1052, 1072, 1035, 1088, 0.247704, 0.252413, 0.243701, 0.256181
4248, 1053, 1072, 1035, 1088, 0.247881, 0.252354, 0.243644, 0.256121
4249, 1053, 1073, 1035, 1088, 0.247823, 0.25253, 0.243587, 0.25606
4250, 1053, 1073, 1036, 1088, 0.247765, 0.252471, 0.243765, 0.256
4251, 1053, 1074, 1036, 1088, 0.247706, 0.252646, 0.243707, 0.25594
4252, 1054, 1074, 1036, 1088, 0.247883, 0.252587, 0.24365, 0.25588
4253, 1055, 1074, 1036, 1088, 0.24806, 0.252528, 0.243593, 0.255819
4254, 1055, 1074, 1036, 1089, 0.248002, 0.252468, 0.243535, 0.255994
4255, 1055, 1075, 1036, 1089, 0.247944, 0.252644, 0.243478, 0.255934
4256, 1055, 1075, 1037, 1089, 0.247885, 0.252585, 0.243656, 0.255874
4257, 1056, 1075, 1037, 1089, 0.248062, 0.252525, 0.243599, 0.255814
4258, 1056, 1075, 1038, 1089, 0.248004, 0.252466, 0.243776, 0.255754
4259, 1056, 1075, 1038, 1090, 0.247946, 0.252407, 0.243719, 0.255929
4260, 1057, 1075, 1038, 1090, 0.248122, 0.252347, 0.243662, 0.255869
4261, 1057, 1075, 1038, 1091, 0.248064, 0.252288, 0.243605, 0.256043
4262, 1057, 1076, 1038, 1091, 0.248006, 0.252464, 0.243548, 0.255983
4263, 1057, 1077, 1038, 1091, 0.247947, 0.252639, 0.24349, 0.255923
4264, 1057, 1077, 1038, 1092, 0.247889, 0.25258, 0.243433, 0.256098
4265, 1058, 1077, 1038, 1092, 0.248066, 0.252521, 0.243376, 0.256038
4266, 1058, 1078, 1038, 1092, 0.248008, 0.252696, 0.243319, 0.255977
4267, 1058, 1078, 1038, 1093, 0.247949, 0.252637, 0.243262, 0.256152
4268, 1058, 1079, 1038, 1093, 0.247891, 0.252812, 0.243205, 0.256092
4269, 1059, 1079, 1038, 1093, 0.248067, 0.252752, 0.243148, 0.256032
4270, 1059, 1079, 1038, 1094, 0.248009, 0.252693, 0.243091, 0.256206
4271, 1059, 1079, 1039, 1094, 0.247951, 0.252634, 0.243269, 0.256146
4272, 1059, 1080, 1039, 1094, 0.247893, 0.252809, 0.243212, 0.256086
4273, 1060, 1080, 1039, 1094, 0.248069, 0.25275, 0.243155, 0.256026
4274, 1060, 1080, 1039, 1095, 0.248011, 0.252691, 0.243098, 0.2562
4275, 1060, 1080, 1039, 1096, 0.247953, 0.252632, 0.243041, 0.256374
4276, 1060, 1080, 1040, 1096, 0.247895, 0.252572, 0.243218, 0.256314
4277, 1061, 1080, 1040, 1096, 0.248071, 0.252513, 0.243161, 0.256254
4278, 1061, 1080, 1040, 1097, 0.248013, 0.252454, 0.243104, 0.256428
4279, 1061, 1081, 1040, 1097, 0.247955, 0.252629, 0.243047, 0.256368
4280, 1062, 1081, 1040, 1097, 0.248131, 0.25257, 0.242991, 0.256308
4281, 1062, 1081, 1040, 1098, 0.248073, 0.252511, 0.242934, 0.256482
4282, 1062, 1081, 1040, 1099, 0.248015, 0.252452, 0.242877, 0.256656
4283, 1062, 1081, 1041, 1099, 0.247957, 0.252393, 0.243054, 0.256596
4284, 1063, 1081, 1041, 1099, 0.248133, 0.252334, 0.242997, 0.256536
4285, 1063, 1081, 1042, 1099, 0.248075, 0.252275, 0.243174, 0.256476
4286, 1063, 1082, 1042, 1099, 0.248017, 0.25245, 0.243117, 0.256416
4287, 1064, 1082, 1042, 1099, 0.248192, 0.252391, 0.24306, 0.256356
4288, 1065, 1082, 1042, 1099, 0.248368, 0.252332, 0.243004, 0.256297
4289, 1065, 1082, 1042, 1100, 0.24831, 0.252273, 0.242947, 0.25647
4290, 1065, 1082, 1042, 1101, 0.248252, 0.252214, 0.24289, 0.256643
4291, 1065, 1082, 1043, 1101, 0.248194, 0.252156, 0.243067, 0.256584
4292, 1065, 1083, 1043, 1101, 0.248136, 0.25233, 0.24301, 0.256524
4293, 1065, 1084, 1043, 1101, 0.248078, 0.252504, 0.242954, 0.256464
4294, 1065, 1084, 1043, 1102, 0.24802, 0.252445, 0.242897, 0.256637
4295, 1065, 1085, 1043, 1102, 0.247963, 0.252619, 0.242841, 0.256577
4296, 1065, 1085, 1043, 1103, 0.247905, 0.252561, 0.242784, 0.25675
4297, 1065, 1085, 1044, 1103, 0.247847, 0.252502, 0.24296, 0.256691
4298, 1066, 1085, 1044, 1103, 0.248022, 0.252443, 0.242904, 0.256631
4299, 1066, 1085, 1044, 1104, 0.247965, 0.252384, 0.242847, 0.256804
4300, 1067, 1085, 1044, 1104, 0.24814, 0.252326, 0.242791, 0.256744
4301, 1068, 1085, 1044, 1104, 0.248314, 0.252267, 0.242734, 0.256684
4302, 1068, 1086, 1044, 1104, 0.248257, 0.252441, 0.242678, 0.256625
4303, 1069, 1086, 1044, 1104, 0.248431, 0.252382, 0.242621, 0.256565
4304, 1069, 1087, 1044, 1104, 0.248374, 0.252556, 0.242565, 0.256506
4305, 1069, 1087, 1044, 1105, 0.248316, 0.252497, 0.242509, 0.256678
4306, 1069, 1087, 1045, 1105, 0.248258, 0.252438, 0.242685, 0.256619
4307, 1070, 1087, 1045, 1105, 0.248433, 0.25238, 0.242628, 0.256559
4308, 1070, 1087, 1046, 1105, 0.248375, 0.252321, 0.242804, 0.2565
4309, 1070, 1087, 1047, 1105, 0.248317, 0.252263, 0.24298, 0.25644
4310, 1070, 1088, 1047, 1105, 0.24826, 0.252436, 0.242923, 0.256381
4311, 1071, 1088, 1047, 1105, 0.248434, 0.252378, 0.242867, 0.256321
4312, 1071, 1089, 1047, 1105, 0.248377, 0.252551, 0.242811, 0.256262
4313, 1071, 1090, 1047, 1105, 0.248319, 0.252724, 0.242754, 0.256202
4314, 1071, 1091, 1047, 1105, 0.248261, 0.252898, 0.242698, 0.256143
4315, 1071, 1092, 1047, 1105, 0.248204, 0.253071, 0.242642, 0.256083
4316, 1071, 1093, 1047, 1105, 0.248146, 0.253244, 0.242586, 0.256024
4317, 1071, 1093, 1048, 1105, 0.248089, 0.253185, 0.242761, 0.255965
4318, 1071, 1093, 1049, 1105, 0.248031, 0.253126, 0.242937, 0.255906
4319, 1072, 1093, 1049, 1105, 0.248206, 0.253068, 0.24288, 0.255846
4320, 1072, 1093, 1050, 1105, 0.248148, 0.253009, 0.243056, 0.255787
4321, 1072, 1094, 1050, 1105, 0.248091, 0.253182, 0.242999, 0.255728
4322, 1072, 1095, 1050, 1105, 0.248033, 0.253355, 0.242943, 0.255669
4323, 1072, 1095, 1050, 1106, 0.247976, 0.253296, 0.242887, 0.255841
4324, 1072, 1096, 1050, 1106, 0.247919, 0.253469, 0.242831, 0.255782
4325, 1072, 1096, 1050, 1107, 0.247861, 0.25341, 0.242775, 0.255954
4326, 1072, 1097, 1050, 1107, 0.247804, 0.253583, 0.242718, 0.255895
4327, 1073, 1097, 1050, 1107, 0.247978, 0.253524, 0.242662, 0.255835
4328, 1073, 1097, 1051, 1107, 0.247921, 0.253466, 0.242837, 0.255776
4329, 1073, 1098, 1051, 1107, 0.247863, 0.253638, 0.242781, 0.255717
4330, 1073, 1098, 1051, 1108, 0.247806, 0.25358, 0.242725, 0.255889
4331, 1074, 1098, 1051, 1108, 0.24798, 0.253521, 0.242669, 0.25583
4332, 1074, 1099, 1051, 1108, 0.247922, 0.253693, 0.242613, 0.255771
4333, 1074, 1099, 1051, 1109, 0.247865, 0.253635, 0.242557, 0.255943
4334, 1074, 1099, 1051, 1110, 0.247808, 0.253576, 0.242501, 0.256114
4335, 1075, 1099, 1051, 1110, 0.247982, 0.253518, 0.242445, 0.256055
4336, 1075, 1099, 1051, 1111, 0.247924, 0.253459, 0.242389, 0.256227
4337, 1075, 1100, 1051, 1111, 0.247867, 0.253632, 0.242333, 0.256168
4338, 1075, 1100, 1051, 1112, 0.24781, 0.253573, 0.242278, 0.256339
4339, 1075, 1101, 1051, 1112, 0.247753, 0.253745, 0.242222, 0.25628
4340, 1075, 1101, 1051, 1113, 0.247696, 0.253687, 0.242166, 0.256452
4341, 1075, 1102, 1051, 1113, 0.247639, 0.253859, 0.24211, 0.256393
4342, 1075, 1103, 1051, 1113, 0.247582, 0.25403, 0.242054, 0.256333
4343, 1075, 1103, 1051, 1114, 0.247525, 0.253972, 0.241999, 0.256505
4344, 1076, 1103, 1051, 1114, 0.247698, 0.253913, 0.241943, 0.256446
4345, 1076, 1103, 1051, 1115, 0.247641, 0.253855, 0.241887, 0.256617
4346, 1076, 1103, 1052, 1115, 0.247584, 0.253797, 0.242062, 0.256558
4347, 1076, 1103, 1052, 1116, 0.247527, 0.253738, 0.242006, 0.256729
4348, 1076, 1103, 1052, 1117, 0.24747, 0.25368, 0.24195, 0.2569
4349, 1077, 1103, 1052, 1117, 0.247643, 0.253622, 0.241895, 0.256841
4350, 1077, 1103, 1053, 1117, 0.247586, 0.253563, 0.242069, 0.256782
4351, 1077, 1103, 1054, 1117, 0.247529, 0.253505, 0.242243, 0.256723
4352, 1077, 1103, 1054, 1118, 0.247472, 0.253447, 0.242188, 0.256893
4353, 1077, 1103, 1055, 1118, 0.247416, 0.253388, 0.242362, 0.256834
4354, 1077, 1104, 1055, 1118, 0.247359, 0.25356, 0.242306, 0.256775
4355, 1078, 1104, 1055, 1118, 0.247532, 0.253502, 0.24225, 0.256716
4356, 1079, 1104, 1055, 1118, 0.247704, 0.253444, 0.242195, 0.256657
4357, 1079, 1105, 1055, 1118, 0.247647, 0.253615, 0.242139, 0.256599
4358, 1079, 1106, 1055, 1118, 0.247591, 0.253786, 0.242084, 0.25654
4359, 1080, 1106, 1055, 1118, 0.247763, 0.253728, 0.242028, 0.256481
4360, 1081, 1106, 1055, 1118, 0.247936, 0.25367, 0.241972, 0.256422
4361, 1081, 1107, 1055, 1118, 0.247879, 0.253841, 0.241917, 0.256363
4362, 1081, 1107, 1055, 1119, 0.247822, 0.253783, 0.241862, 0.256534
4363, 1081, 1107, 1055, 1120, 0.247765, 0.253725, 0.241806, 0.256704
4364, 1081, 1107, 1055, 1121, 0.247709, 0.253666, 0.241751, 0.256874
4365, 1081, 1107, 1055, 1122, 0.247652, 0.253608, 0.241695, 0.257045
4366, 1081, 1107, 1056, 1122, 0.247595, 0.25355, 0.241869, 0.256986
4367, 1081, 1107, 1057, 1122, 0.247538, 0.253492, 0.242043, 0.256927
4368, 1081, 1107, 1058, 1122, 0.247482, 0.253434, 0.242216, 0.256868
4369, 1082, 1107, 1058, 1122, 0.247654, 0.253376, 0.242161, 0.256809
4370, 1082, 1107, 1058, 1123, 0.247597, 0.253318, 0.242105, 0.256979
4371, 1082, 1107, 1058, 1124, 0.247541, 0.25326, 0.24205, 0.257149
4372, 1082, 1107, 1058, 1125, 0.247484, 0.253202, 0.241995, 0.257319
4373, 1082, 1108, 1058, 1125, 0.247427, 0.253373, 0.241939, 0.25726
4374, 1082, 1108, 1059, 1125, 0.247371, 0.253315, 0.242112, 0.257202
4375, 1082, 1108, 1060, 1125, 0.247314, 0.253257, 0.242286, 0.257143
4376, 1082, 1109, 1060, 1125, 0.247258, 0.253428, 0.24223, 0.257084
4377, 1082, 1109, 1060, 1126, 0.247201, 0.25337, 0.242175, 0.257254
4378, 1082, 1109, 1060, 1127, 0.247145, 0.253312, 0.24212, 0.257423
4379, 1082, 1109, 1061, 1127, 0.247088, 0.253254, 0.242293, 0.257365
4380, 1082, 1109, 1061, 1128, 0.247032, 0.253196, 0.242237, 0.257534
4381, 1083, 1109, 1061, 1128, 0.247204, 0.253139, 0.242182, 0.257475
4382, 1083, 1110, 1061, 1128, 0.247147, 0.253309, 0.242127, 0.257417
4383, 1083, 1110, 1062, 1128, 0.247091, 0.253251, 0.2423, 0.257358
4384, 1083, 1110, 1062, 1129, 0.247035, 0.253193, 0.242245, 0.257527
4385, 1083, 1110, 1063, 1129, 0.246978, 0.253136, 0.242417, 0.257469
4386, 1083, 1110, 1064, 1129, 0.246922, 0.253078, 0.24259, 0.25741
4387, 1084, 1110, 1064, 1129, 0.247094, 0.25302, 0.242535, 0.257351
4388, 1084, 1110, 1065, 1129, 0.247037, 0.252963, 0.242707, 0.257293
4389, 1084, 1110, 1065, 1130, 0.246981, 0.252905, 0.242652, 0.257462
4390, 1084, 1111, 1065, 1130, 0.246925, 0.253075, 0.242597, 0.257403
4391, 1084, 1111, 1065, 1131, 0.246869, 0.253018, 0.242542, 0.257572
4392, 1084, 1112, 1065, 1131, 0.246812, 0.253188, 0.242486, 0.257514
4393, 1084, 1112, 1065, 1132, 0.246756, 0.25313, 0.242431, 0.257683
4394, 1084, 1113, 1065, 1132, 0.2467, 0.2533, 0.242376, 0.257624
4395, 1084, 1114, 1065, 1132, 0.246644, 0.25347, 0.242321, 0.257565
4396, 1084, 1114, 1065, 1133, 0.246588, 0.253412, 0.242266, 0.257734
4397, 1085, 1114, 1065, 1133, 0.246759, 0.253355, 0.242211, 0.257676
4398, 1085, 1115, 1065, 1133, 0.246703, 0.253524, 0.242156, 0.257617
4399, 1085, 1115, 1065, 1134, 0.246647, 0.253467, 0.2421, 0.257786
4400, 1086, 1115, 1065, 1134, 0.246818, 0.253409, 0.242045, 0.257727
4401, 1086, 1115, 1065, 1135, 0.246762, 0.253352, 0.24199, 0.257896
4402, 1086, 1115, 1065, 1136, 0.246706, 0.253294, 0.241935, 0.258065
4403, 1086, 1116, 1065, 1136, 0.24665, 0.253464, 0.241881, 0.258006
4404, 1086, 1116, 1066, 1136, 0.246594, 0.253406, 0.242053, 0.257947
4405, 1086, 1116, 1066, 1137, 0.246538, 0.253348, 0.241998, 0.258116
4406, 1086, 1117, 1066, 1137, 0.246482, 0.253518, 0.241943, 0.258057
4407, 1086, 1117, 1066, 1138, 0.246426, 0.25346, 0.241888, 0.258226
4408, 1086, 1118, 1066, 1138, 0.24637, 0.25363, 0.241833, 0.258167
4409, 1086, 1119, 1066, 1138, 0.246314, 0.253799, 0.241778, 0.258108
4410, 1086, 1120, 1066, 1138, 0.246259, 0.253968, 0.241723, 0.25805
4411, 1086, 1121, 1066, 1138, 0.246203, 0.254137, 0.241669, 0.257991
4412, 1086, 1121, 1066, 1139, 0.246147, 0.25408, 0.241614, 0.25816
4413, 1086, 1121, 1067, 1139, 0.246091, 0.254022, 0.241786, 0.258101
4414, 1086, 1121, 1068, 1139, 0.246035, 0.253965, 0.241957, 0.258043
4415, 1086, 1121, 1068, 1140, 0.24598, 0.253907, 0.241903, 0.258211
4416, 1087, 1121, 1068, 1140, 0.24615, 0.25385, 0.241848, 0.258152
4417, 1087, 1122, 1068, 1140, 0.246095, 0.254019, 0.241793, 0.258094
4418, 1088, 1122, 1068, 1140, 0.246265, 0.253961, 0.241738, 0.258035
4419, 1088, 1123, 1068, 1140, 0.24621, 0.25413, 0.241684, 0.257977
4420, 1088, 1123, 1069, 1140, 0.246154, 0.254072, 0.241855, 0.257919
4421, 1089, 1123, 1069, 1140, 0.246324, 0.254015, 0.2418, 0.25786
4422, 1089, 1123, 1070, 1140, 0.246269, 0.253957, 0.241972, 0.257802
4423, 1089, 1123, 1071, 1140, 0.246213, 0.2539, 0.242143, 0.257744
4424, 1089, 1123, 1071, 1141, 0.246157, 0.253843, 0.242089, 0.257911
4425, 1090, 1123, 1071, 1141, 0.246328, 0.253785, 0.242034, 0.257853
4426, 1090, 1123, 1072, 1141, 0.246272, 0.253728, 0.242205, 0.257795
4427, 1090, 1124, 1072, 1141, 0.246216, 0.253897, 0.24215, 0.257737
4428, 1090, 1125, 1072, 1141, 0.246161, 0.254065, 0.242096, 0.257678
4429, 1091, 1125, 1072, 1141, 0.246331, 0.254008, 0.242041, 0.25762
4430, 1091, 1125, 1072, 1142, 0.246275, 0.25395, 0.241986, 0.257788
4431, 1091, 1126, 1072, 1142, 0.24622, 0.254119, 0.241932, 0.25773
4432, 1091, 1126, 1073, 1142, 0.246164, 0.254061, 0.242103, 0.257671
4433, 1091, 1127, 1073, 1142, 0.246109, 0.25423, 0.242048, 0.257613
4434, 1092, 1127, 1073, 1142, 0.246279, 0.254172, 0.241994, 0.257555
4435, 1092, 1127, 1073, 1143, 0.246223, 0.254115, 0.241939, 0.257723
4436, 1093, 1127, 1073, 1143, 0.246393, 0.254058, 0.241885, 0.257665
4437, 1094, 1127, 1073, 1143, 0.246563, 0.254, 0.24183, 0.257606
4438, 1094, 1128, 1073, 1143, 0.246507, 0.254169, 0.241776, 0.257548
4439, 1095, 1128, 1073, 1143, 0.246677, 0.254111, 0.241721, 0.25749
4440, 1096, 1128, 1073, 1143, 0.246847, 0.254054, 0.241667, 0.257432
4441, 1096, 1129, 1073, 1143, 0.246791, 0.254222, 0.241612, 0.257374
4442, 1096, 1130, 1073, 1143, 0.246736, 0.25439, 0.241558, 0.257317
4443, 1096, 1130, 1073, 1144, 0.24668, 0.254333, 0.241503, 0.257484
4444, 1096, 1130, 1074, 1144, 0.246625, 0.254275, 0.241674, 0.257426
4445, 1096, 1130, 1074, 1145, 0.246569, 0.254218, 0.24162, 0.257593
4446, 1096, 1130, 1074, 1146, 0.246514, 0.254161, 0.241565, 0.25776
4447, 1097, 1130, 1074, 1146, 0.246683, 0.254104, 0.241511, 0.257702
4448, 1097, 1131, 1074, 1146, 0.246628, 0.254272, 0.241457, 0.257644
4449, 1097, 1131, 1074, 1147, 0.246572, 0.254214, 0.241403, 0.257811
4450, 1097, 1131, 1074, 1148, 0.246517, 0.254157, 0.241348, 0.257978
4451, 1098, 1131, 1074, 1148, 0.246686, 0.2541, 0.241294, 0.25792
4452, 1098, 1132, 1074, 1148, 0.246631, 0.254268, 0.24124, 0.257862
4453, 1098, 1132, 1075, 1148, 0.246575, 0.254211, 0.24141, 0.257804
4454, 1098, 1132, 1076, 1148, 0.24652, 0.254154, 0.241581, 0.257746
4455, 1099, 1132, 1076, 1148, 0.246689, 0.254097, 0.241526, 0.257688
4456, 1100, 1132, 1076, 1148, 0.246858, 0.254039, 0.241472, 0.25763
4457, 1100, 1133, 1076, 1148, 0.246803, 0.254207, 0.241418, 0.257572
4458, 1100, 1133, 1076, 1149, 0.246747, 0.25415, 0.241364, 0.257739
4459, 1100, 1133, 1076, 1150, 0.246692, 0.254093, 0.24131, 0.257905
4460, 1100, 1133, 1077, 1150, 0.246637, 0.254036, 0.24148, 0.257848
4461, 1100, 1133, 1078, 1150, 0.246581, 0.253979, 0.24165, 0.25779
4462, 1100, 1133, 1078, 1151, 0.246526, 0.253922, 0.241596, 0.257956
4463, 1100, 1133, 1079, 1151, 0.246471, 0.253865, 0.241766, 0.257898
4464, 1101, 1133, 1079, 1151, 0.24664, 0.253808, 0.241711, 0.257841
4465, 1101, 1134, 1079, 1151, 0.246585, 0.253975, 0.241657, 0.257783
4466, 1102, 1134, 1079, 1151, 0.246753, 0.253918, 0.241603, 0.257725
4467, 1102, 1134, 1079, 1152, 0.246698, 0.253862, 0.241549, 0.257891
4468, 1103, 1134, 1079, 1152, 0.246867, 0.253805, 0.241495, 0.257833
4469, 1103, 1134, 1079, 1153, 0.246811, 0.253748, 0.241441, 0.258
4470, 1104, 1134, 1079, 1153, 0.24698, 0.253691, 0.241387, 0.257942
4471, 1104, 1135, 1079, 1153, 0.246925, 0.253858, 0.241333, 0.257884
4472, 1104, 1135, 1079, 1154, 0.246869, 0.253801, 0.241279, 0.25805
4473, 1104, 1135, 1079, 1155, 0.246814, 0.253745, 0.241225, 0.258216
4474, 1104, 1136, 1079, 1155, 0.246759, 0.253911, 0.241171, 0.258158
4475, 1104, 1136, 1079, 1156, 0.246704, 0.253855, 0.241117, 0.258324
4476, 1105, 1136, 1079, 1156, 0.246872, 0.253798, 0.241063, 0.258266
4477, 1105, 1137, 1079, 1156, 0.246817, 0.253965, 0.24101, 0.258209
4478, 1105, 1137, 1079, 1157, 0.246762, 0.253908, 0.240956, 0.258374
4479, 1105, 1137, 1079, 1158, 0.246707, 0.253851, 0.240902, 0.25854
4480, 1105, 1138, 1079, 1158, 0.246652, 0.254018, 0.240848, 0.258482
4481, 1105, 1138, 1080, 1158, 0.246597, 0.253961, 0.241018, 0.258424
4482, 1105, 1139, 1080, 1158, 0.246542, 0.254128, 0.240964, 0.258367
4483, 1105, 1140, 1080, 1158, 0.246487, 0.254294, 0.24091, 0.258309
4484, 1106, 1140, 1080, 1158, 0.246655, 0.254237, 0.240856, 0.258252
4485, 1106, 1140, 1081, 1158, 0.2466, 0.254181, 0.241026, 0.258194
4486, 1107, 1140, 1081, 1158, 0.246768, 0.254124, 0.240972, 0.258136
4487, 1108, 1140, 1081, 1158, 0.246936, 0.254067, 0.240918, 0.258079
4488, 1108, 1141, 1081, 1158, 0.246881, 0.254234, 0.240865, 0.258021
4489, 1109, 1141, 1081, 1158, 0.247048, 0.254177, 0.240811, 0.257964
4490, 1109, 1142, 1081, 1158, 0.246993, 0.254343, 0.240757, 0.257906
4491, 1110, 1142, 1081, 1158, 0.247161, 0.254286, 0.240704, 0.257849
4492, 1111, 1142, 1081, 1158, 0.247329, 0.25423, 0.24065, 0.257792
4493, 1112, 1142, 1081, 1158, 0.247496, 0.254173, 0.240596, 0.257734
4494, 1112, 1142, 1082, 1158, 0.247441, 0.254117, 0.240765, 0.257677
4495, 1113, 1142, 1082, 1158, 0.247608, 0.25406, 0.240712, 0.25762
4496, 1113, 1142, 1082, 1159, 0.247553, 0.254004, 0.240658, 0.257785
4497, 1113, 1143, 1082, 1159, 0.247498, 0.254169, 0.240605, 0.257727
4498, 1113, 1143, 1083, 1159, 0.247443, 0.254113, 0.240774, 0.25767
4499, 1113, 1143, 1083, 1160, 0.247388, 0.254056, 0.24072, 0.257835
4500, 1113, 1143, 1083, 1161, 0.247333, 0.254, 0.240667, 0.258
4501, 1113, 1143, 1084, 1161, 0.247278, 0.253944, 0.240835, 0.257943
4502, 1114, 1143, 1084, 1161, 0.247446, 0.253887, 0.240782, 0.257885
4503, 1114, 1144, 1084, 1161, 0.247391, 0.254053, 0.240728, 0.257828
4504, 1114, 1145, 1084, 1161, 0.247336, 0.254218, 0.240675, 0.257771
4505, 1114, 1146, 1084, 1161, 0.247281, 0.254384, 0.240622, 0.257714
4506, 1114, 1147, 1084, 1161, 0.247226, 0.254549, 0.240568, 0.257656
4507, 1114, 1147, 1085, 1161, 0.247171, 0.254493, 0.240737, 0.257599
4508, 1114, 1147, 1086, 1161, 0.247116, 0.254437, 0.240905, 0.257542
4509, 1114, 1148, 1086, 1161, 0.247061, 0.254602, 0.240852, 0.257485
4510, 1114, 1148, 1086, 1162, 0.247007, 0.254545, 0.240798, 0.25765
4511, 1114, 1148, 1087, 1162, 0.246952, 0.254489, 0.240967, 0.257593
4512, 1114, 1148, 1087, 1163, 0.246897, 0.254433, 0.240913, 0.257757
4513, 1115, 1148, 1087, 1163, 0.247064, 0.254376, 0.24086, 0.2577
4514, 1115, 1148, 1088, 1163, 0.247009, 0.25432, 0.241028, 0.257643
4515, 1115, 1148, 1089, 1163, 0.246955, 0.254264, 0.241196, 0.257586
4516, 1115, 1148, 1090, 1163, 0.2469, 0.254207, 0.241364, 0.257529
4517, 1115, 1149, 1090, 1163, 0.246845, 0.254372, 0.241311, 0.257472
4518, 1115, 1149, 1090, 1164, 0.246791, 0.254316, 0.241257, 0.257636
4519, 1115, 1149, 1090, 1165, 0.246736, 0.25426, 0.241204, 0.2578
4520, 1115, 1150, 1090, 1165, 0.246681, 0.254425, 0.24115, 0.257743
4521, 1116, 1150, 1090, 1165, 0.246848, 0.254369, 0.241097, 0.257686
4522, 1116, 1150, 1091, 1165, 0.246793, 0.254312, 0.241265, 0.257629
4523, 1116, 1150, 1091, 1166, 0.246739, 0.254256, 0.241212, 0.257793
4524, 1116, 1150, 1092, 1166, 0.246684, 0.2542, 0.241379, 0.257737
4525, 1116, 1150, 1092, 1167, 0.24663, 0.254144, 0.241326, 0.257901
4526, 1116, 1150, 1093, 1167, 0.246575, 0.254087, 0.241494, 0.257844
4527, 1116, 1150, 1094, 1167, 0.246521, 0.254031, 0.241661, 0.257787
4528, 1117, 1150, 1094, 1167, 0.246687, 0.253975, 0.241608, 0.25773
4529, 1117, 1150, 1094, 1168, 0.246633, 0.253919, 0.241554, 0.257894
4530, 1118, 1150, 1094, 1168, 0.246799, 0.253863, 0.241501, 0.257837
4531, 1118, 1150, 1095, 1168, 0.246745, 0.253807, 0.241669, 0.25778
4532, 1118, 1150, 1096, 1168, 0.24669, 0.253751, 0.241836, 0.257723
4533, 1118, 1150, 1096, 1169, 0.246636, 0.253695, 0.241782, 0.257887
4534, 1118, 1150, 1096, 1170, 0.246581, 0.253639, 0.241729, 0.25805
4535, 1118, 1150, 1097, 1170, 0.246527, 0.253583, 0.241896, 0.257993
4536, 1118, 1150, 1097, 1171, 0.246473, 0.253527, 0.241843, 0.258157
4537, 1118, 1150, 1098, 1171, 0.246418, 0.253471, 0.24201, 0.2581
4538, 1118, 1151, 1098, 1171, 0.246364, 0.253636, 0.241957, 0.258043
4539, 1118, 1151, 1099, 1171, 0.24631, 0.25358, 0.242124, 0.257986
4540, 1119, 1151, 1099, 1171, 0.246476, 0.253524, 0.24207, 0.25793
4541, 1119, 1151, 1100, 1171, 0.246421, 0.253468, 0.242237, 0.257873
4542, 1120, 1151, 1100, 1171, 0.246587, 0.253413, 0.242184, 0.257816
4543, 1120, 1151, 1100, 1172, 0.246533, 0.253357, 0.242131, 0.257979
4544, 1121, 1151, 1100, 1172, 0.246699, 0.253301, 0.242077, 0.257923
4545, 1122, 1151, 1100, 1172, 0.246865, 0.253245, 0.242024, 0.257866
4546, 1122, 1151, 1101, 1172, 0.24681, 0.25319, 0.242191, 0.257809
4547, 1122, 1152, 1101, 1172, 0.246756, 0.253354, 0.242138, 0.257752
4548, 1122, 1152, 1101, 1173, 0.246702, 0.253298, 0.242084, 0.257916
4549, 1122, 1152, 1102, 1173, 0.246648, 0.253242, 0.242251, 0.257859
4550, 1122, 1152, 1103, 1173, 0.246593, 0.253187, 0.242418, 0.257802
4551, 1122, 1153, 1103, 1173, 0.246539, 0.253351, 0.242364, 0.257746
4552, 1122, 1154, 1103, 1173, 0.246485, 0.253515, 0.242311, 0.257689
4553, 1122, 1154, 1104, 1173, 0.246431, 0.253459, 0.242477, 0.257632
4554, 1123, 1154, 1104, 1173, 0.246596, 0.253404, 0.242424, 0.257576
4555, 1123, 1155, 1104, 1173, 0.246542, 0.253568, 0.242371, 0.257519
4556, 1123, 1155, 1105, 1173, 0.246488, 0.253512, 0.242537, 0.257463
4557, 1123, 1156, 1105, 1173, 0.246434, 0.253676, 0.242484, 0.257406
4558, 1123, 1156, 1106, 1173, 0.24638, 0.25362, 0.24265, 0.25735
4559, 1123, 1156, 1107, 1173, 0.246326, 0.253564, 0.242816, 0.257293
4560, 1123, 1156, 1107, 1174, 0.246272, 0.253509, 0.242763, 0.257456
4561, 1123, 1156, 1107, 1175, 0.246218, 0.253453, 0.24271, 0.257619
4562, 1123, 1157, 1107, 1175, 0.246164, 0.253617, 0.242657, 0.257562
4563, 1123, 1158, 1107, 1175, 0.24611, 0.25378, 0.242604, 0.257506
4564, 1123, 1159, 1107, 1175, 0.246056, 0.253944, 0.24255, 0.25745
4565, 1123, 1159, 1108, 1175, 0.246002, 0.253888, 0.242716, 0.257393
4566, 1124, 1159, 1108, 1175, 0.246167, 0.253833, 0.242663, 0.257337
4567, 1124, 1159, 1109, 1175, 0.246113, 0.253777, 0.242829, 0.25728
4568, 1125, 1159, 1109, 1175, 0.246278, 0.253722, 0.242776, 0.257224
4569, 1126, 1159, 1109, 1175, 0.246443, 0.253666, 0.242723, 0.257168
4570, 1126, 1159, 1110, 1175, 0.246389, 0.253611, 0.242888, 0.257112
4571, 1126, 1159, 1110, 1176, 0.246336, 0.253555, 0.242835, 0.257274
4572, 1126, 1159, 1110, 1177, 0.246282, 0.2535, 0.242782, 0.257437
4573, 1126, 1160, 1110, 1177, 0.246228, 0.253663, 0.242729, 0.25738
4574, 1126, 1160, 1111, 1177, 0.246174, 0.253607, 0.242895, 0.257324
4575, 1127, 1160, 1111, 1177, 0.246339, 0.253552, 0.242842, 0.257268
4576, 1128, 1160, 1111, 1177, 0.246503, 0.253497, 0.242788, 0.257212
4577, 1129, 1160, 1111, 1177, 0.246668, 0.253441, 0.242735, 0.257155
4578, 1130, 1160, 1111, 1177, 0.246833, 0.253386, 0.242682, 0.257099
4579, 1131, 1160, 1111, 1177, 0.246997, 0.25333, 0.242629, 0.257043
4580, 1131, 1161, 1111, 1177, 0.246943, 0.253493, 0.242576, 0.256987
4581, 1131, 1162, 1111, 1177, 0.246889, 0.253656, 0.242523, 0.256931
4582, 1131, 1162, 1112, 1177, 0.246835, 0.253601, 0.242689, 0.256875
4583, 1132, 1162, 1112, 1177, 0.247, 0.253546, 0.242636, 0.256819
4584, 1132, 1162, 1112, 1178, 0.246946, 0.25349, 0.242583, 0.256981
4585, 1133, 1162, 1112, 1178, 0.24711, 0.253435, 0.24253, 0.256925
4586, 1133, 1163, 1112, 1178, 0.247056, 0.253598, 0.242477, 0.256869
4587, 1134, 1163, 1112, 1178, 0.24722, 0.253543, 0.242424, 0.256813
4588, 1134, 1163, 1113, 1178, 0.247167, 0.253487, 0.242589, 0.256757
4589, 1134, 1163, 1114, 1178, 0.247113, 0.253432, 0.242754, 0.256701
4590, 1134, 1163, 1114, 1179, 0.247059, 0.253377, 0.242702, 0.256863
4591, 1134, 1163, 1114, 1180, 0.247005, 0.253322, 0.242649, 0.257025
4592, 1134, 1163, 1114, 1181, 0.246951, 0.253267, 0.242596, 0.257186
4593, 1134, 1163, 1115, 1181, 0.246897, 0.253211, 0.242761, 0.25713
4594, 1134, 1164, 1115, 1181, 0.246844, 0.253374, 0.242708, 0.257074
4595, 1134, 1164, 1116, 1181, 0.24679, 0.253319, 0.242873, 0.257018
4596, 1134, 1164, 1117, 1181, 0.246736, 0.253264, 0.243037, 0.256963
4597, 1135, 1164, 1117, 1181, 0.2469, 0.253209, 0.242985, 0.256907
4598, 1135, 1165, 1117, 1181, 0.246846, 0.253371, 0.242932, 0.256851
4599, 1136, 1165, 1117, 1181, 0.24701, 0.253316, 0.242879, 0.256795
4600, 1136, 1166, 1117, 1181, 0.246957, 0.253478, 0.242826, 0.256739
4601, 1137, 1166, 1117, 1181, 0.24712, 0.253423, 0.242773, 0.256683
4602, 1138, 1166, 1117, 1181, 0.247284, 0.253368, 0.242721, 0.256628
4603, 1139, 1166, 1117, 1181, 0.247447, 0.253313, 0.242668, 0.256572
4604, 1140, 1166, 1117, 1181, 0.247611, 0.253258, 0.242615, 0.256516
4605, 1140, 1167, 1117, 1181, 0.247557, 0.25342, 0.242562, 0.25646
4606, 1140, 1167, 1117, 1182, 0.247503, 0.253365, 0.24251, 0.256622
4607, 1140, 1167, 1118, 1182, 0.24745, 0.25331, 0.242674, 0.256566
4608, 1140, 1167, 1119, 1182, 0.247396, 0.253255, 0.242839, 0.25651
4609, 1140, 1167, 1120, 1182, 0.247342, 0.2532, 0.243003, 0.256455
4610, 1140, 1167, 1121, 1182, 0.247289, 0.253145, 0.243167, 0.256399
4611, 1140, 1168, 1121, 1182, 0.247235, 0.253307, 0.243114, 0.256344
4612, 1140, 1168, 1122, 1182, 0.247181, 0.253252, 0.243278, 0.256288
4613, 1140, 1169, 1122, 1182, 0.247128, 0.253414, 0.243226, 0.256232
4614, 1141, 1169, 1122, 1182, 0.247291, 0.253359, 0.243173, 0.256177
4615, 1141, 1169, 1123, 1182, 0.247237, 0.253304, 0.243337, 0.256121
4616, 1141, 1169, 1124, 1182, 0.247184, 0.25325, 0.243501, 0.256066
4617, 1141, 1169, 1124, 1183, 0.24713, 0.253195, 0.243448, 0.256227
4618, 1141, 1169, 1125, 1183, 0.247077, 0.25314, 0.243612, 0.256172
4619, 1142, 1169, 1125, 1183, 0.24724, 0.253085, 0.243559, 0.256116
4620, 1142, 1169, 1126, 1183, 0.247186, 0.25303, 0.243723, 0.256061
4621, 1142, 1169, 1127, 1183, 0.247133, 0.252976, 0.243887, 0.256005
4622, 1143, 1169, 1127, 1183, 0.247296, 0.252921, 0.243834, 0.25595
4623, 1143, 1169, 1127, 1184, 0.247242, 0.252866, 0.243781, 0.256111
4624, 1143, 1169, 1128, 1184, 0.247189, 0.252811, 0.243945, 0.256055
4625, 1143, 1169, 1128, 1185, 0.247135, 0.252757, 0.243892, 0.256216
4626, 1143, 1169, 1128, 1186, 0.247082, 0.252702, 0.243839, 0.256377
4627, 1143, 1170, 1128, 1186, 0.247028, 0.252864, 0.243786, 0.256322
4628, 1143, 1171, 1128, 1186, 0.246975, 0.253025, 0.243734, 0.256266
4629, 1143, 1171, 1129, 1186, 0.246922, 0.25297, 0.243897, 0.256211
4630, 1143, 1171, 1129, 1187, 0.246868, 0.252916, 0.243844, 0.256371
4631, 1143, 1172, 1129, 1187, 0.246815, 0.253077, 0.243792, 0.256316
4632, 1143, 1173, 1129, 1187, 0.246762, 0.253238, 0.243739, 0.256261
4633, 1143, 1173, 1129, 1188, 0.246708, 0.253184, 0.243687, 0.256421
4634, 1144, 1173, 1129, 1188, 0.246871, 0.253129, 0.243634, 0.256366
4635, 1144, 1174, 1129, 1188, 0.246818, 0.25329, 0.243581, 0.256311
4636, 1144, 1174, 1130, 1188, 0.246764, 0.253236, 0.243745, 0.256255
4637, 1144, 1175, 1130, 1188, 0.246711, 0.253397, 0.243692, 0.2562
4638, 1144, 1175, 1131, 1188, 0.246658, 0.253342, 0.243855, 0.256145
4639, 1144, 1175, 1131, 1189, 0.246605, 0.253287, 0.243803, 0.256305
4640, 1144, 1175, 1131, 1190, 0.246552, 0.253233, 0.24375, 0.256466
4641, 1144, 1176, 1131, 1190, 0.246499, 0.253394, 0.243697, 0.25641
4642, 1144, 1176, 1131, 1191, 0.246445, 0.253339, 0.243645, 0.25657
4643, 1144, 1176, 1132, 1191, 0.246392, 0.253285, 0.243808, 0.256515
4644, 1144, 1176, 1133, 1191, 0.246339, 0.25323, 0.243971, 0.25646
4645, 1144, 1177, 1133, 1191, 0.246286, 0.253391, 0.243918, 0.256405
4646, 1144, 1177, 1134, 1191, 0.246233, 0.253336, 0.244081, 0.25635
4647, 1144, 1177, 1134, 1192, 0.24618, 0.253282, 0.244028, 0.25651
4648, 1144, 1178, 1134, 1192, 0.246127, 0.253442, 0.243976, 0.256454
4649, 1144, 1178, 1135, 1192, 0.246074, 0.253388, 0.244139, 0.256399
4650, 1144, 1178, 1135, 1193, 0.246022, 0.253333, 0.244086, 0.256559
4651, 1144, 1178, 1136, 1193, 0.245969, 0.253279, 0.244249, 0.256504
4652, 1144, 1179, 1136, 1193, 0.245916, 0.253439, 0.244196, 0.256449
4653, 1144, 1179, 1137, 1193, 0.245863, 0.253385, 0.244358, 0.256394
4654, 1144, 1179, 1137, 1194, 0.24581, 0.25333, 0.244306, 0.256554
4655, 1145, 1179, 1137, 1194, 0.245972, 0.253276, 0.244253, 0.256498
4656, 1146, 1179, 1137, 1194, 0.246134, 0.253222, 0.244201, 0.256443
4657, 1146, 1179, 1137, 1195, 0.246081, 0.253167, 0.244149, 0.256603
4658, 1146, 1180, 1137, 1195, 0.246028, 0.253328, 0.244096, 0.256548
4659, 1146, 1180, 1137, 1196, 0.245976, 0.253273, 0.244044, 0.256707
4660, 1146, 1180, 1138, 1196, 0.245923, 0.253219, 0.244206, 0.256652
4661, 1146, 1180, 1139, 1196, 0.24587, 0.253165, 0.244368, 0.256597
4662, 1146, 1181, 1139, 1196, 0.245817, 0.253325, 0.244316, 0.256542
4663, 1146, 1182, 1139, 1196, 0.245765, 0.253485, 0.244263, 0.256487
4664, 1147, 1182, 1139, 1196, 0.245926, 0.253431, 0.244211, 0.256432
4665, 1147, 1183, 1139, 1196, 0.245874, 0.253591, 0.244159, 0.256377
4666, 1147, 1184, 1139, 1196, 0.245821, 0.253751, 0.244106, 0.256322
4667, 1148, 1184, 1139, 1196, 0.245982, 0.253696, 0.244054, 0.256267
4668, 1149, 1184, 1139, 1196, 0.246144, 0.253642, 0.244002, 0.256213
4669, 1149, 1184, 1140, 1196, 0.246091, 0.253587, 0.244164, 0.256158
4670, 1149, 1184, 1141, 1196, 0.246039, 0.253533, 0.244325, 0.256103
4671, 1149, 1184, 1141, 1197, 0.245986, 0.253479, 0.244273, 0.256262
4672, 1149, 1185, 1141, 1197, 0.245933, 0.253639, 0.244221, 0.256207
4673, 1149, 1185, 1141, 1198, 0.245881, 0.253584, 0.244169, 0.256366
4674, 1149, 1186, 1141, 1198, 0.245828, 0.253744, 0.244116, 0.256312
4675, 1149, 1186, 1141, 1199, 0.245775, 0.25369, 0.244064, 0.256471
4676, 1149, 1187, 1141, 1199, 0.245723, 0.253849, 0.244012, 0.256416
4677, 1149, 1188, 1141, 1199, 0.24567, 0.254009, 0.24396, 0.256361
4678, 1149, 1188, 1141, 1200, 0.245618, 0.253955, 0.243908, 0.25652
4679, 1149, 1188, 1141, 1201, 0.245565, 0.2539, 0.243856, 0.256679
4680, 1149, 1188, 1141, 1202, 0.245513, 0.253846, 0.243803, 0.256838
4681, 1149, 1188, 1142, 1202, 0.24546, 0.253792, 0.243965, 0.256783
4682, 1150, 1188, 1142, 1202, 0.245622, 0.253738, 0.243913, 0.256728
4683, 1150, 1188, 1142, 1203, 0.245569, 0.253684, 0.243861, 0.256887
4684, 1150, 1189, 1142, 1203, 0.245517, 0.253843, 0.243809, 0.256832
4685, 1151, 1189, 1142, 1203, 0.245678, 0.253789, 0.243757, 0.256777
4686, 1151, 1190, 1142, 1203, 0.245625, 0.253948, 0.243705, 0.256722
4687, 1151, 1190, 1143, 1203, 0.245573, 0.253894, 0.243866, 0.256667
4688, 1151, 1190, 1144, 1203, 0.24552, 0.25384, 0.244027, 0.256613
4689, 1152, 1190, 1144, 1203, 0.245681, 0.253785, 0.243975, 0.256558
4690, 1152, 1190, 1144, 1204, 0.245629, 0.253731, 0.243923, 0.256716
4691, 1153, 1190, 1144, 1204, 0.24579, 0.253677, 0.243871, 0.256662
4692, 1154, 1190, 1144, 1204, 0.245951, 0.253623, 0.243819, 0.256607
4693, 1155, 1190, 1144, 1204, 0.246111, 0.253569, 0.243767, 0.256552
4694, 1155, 1190, 1145, 1204, 0.246059, 0.253515, 0.243928, 0.256498
4695, 1155, 1190, 1146, 1204, 0.246006, 0.253461, 0.244089, 0.256443
4696, 1156, 1190, 1146, 1204, 0.246167, 0.253407, 0.244037, 0.256388
4697, 1156, 1190, 1147, 1204, 0.246115, 0.253353, 0.244198, 0.256334
4698, 1156, 1190, 1148, 1204, 0.246062, 0.253299, 0.244359, 0.256279
4699, 1156, 1191, 1148, 1204, 0.24601, 0.253458, 0.244307, 0.256225
4700, 1156, 1192, 1148, 1204, 0.245957, 0.253617, 0.244255, 0.25617
4701, 1156, 1192, 1149, 1204, 0.245905, 0.253563, 0.244416, 0.256116
4702, 1156, 1192, 1149, 1205, 0.245853, 0.253509, 0.244364, 0.256274
4703, 1156, 1192, 1149, 1206, 0.245801, 0.253455, 0.244312, 0.256432
4704, 1156, 1192, 1150, 1206, 0.245748, 0.253401, 0.244473, 0.256378
4705, 1156, 1192, 1150, 1207, 0.245696, 0.253348, 0.244421, 0.256536
4706, 1157, 1192, 1150, 1207, 0.245856, 0.253294, 0.244369, 0.256481
4707, 1157, 1193, 1150, 1207, 0.245804, 0.253452, 0.244317, 0.256427
4708, 1158, 1193, 1150, 1207, 0.245964, 0.253398, 0.244265, 0.256372
4709, 1158, 1193, 1151, 1207, 0.245912, 0.253345, 0.244426, 0.256318
4710, 1158, 1193, 1151, 1208, 0.24586, 0.253291, 0.244374, 0.256476
4711, 1158, 1193, 1152, 1208, 0.245808, 0.253237, 0.244534, 0.256421
4712, 1159, 1193, 1152, 1208, 0.245968, 0.253183, 0.244482, 0.256367
4713, 1160, 1193, 1152, 1208, 0.246128, 0.25313, 0.24443, 0.256312
4714, 1161, 1193, 1152, 1208, 0.246288, 0.253076, 0.244378, 0.256258
4715, 1161, 1193, 1153, 1208, 0.246235, 0.253022, 0.244539, 0.256204
4716, 1161, 1193, 1154, 1208, 0.246183, 0.252969, 0.244699, 0.256149
4717, 1162, 1193, 1154, 1208, 0.246343, 0.252915, 0.244647, 0.256095
4718, 1162, 1194, 1154, 1208, 0.246291, 0.253073, 0.244595, 0.256041
4719, 1162, 1194, 1155, 1208, 0.246239, 0.25302, 0.244755, 0.255986
4720, 1162, 1194, 1156, 1208, 0.246186, 0.252966, 0.244915, 0.255932
4721, 1162, 1194, 1157, 1208, 0.246134, 0.252913, 0.245075, 0.255878
4722, 1163, 1194, 1157, 1208, 0.246294, 0.252859, 0.245023, 0.255824
4723, 1163, 1194, 1158, 1208, 0.246242, 0.252805, 0.245183, 0.25577
4724, 1164, 1194, 1158, 1208, 0.246401, 0.252752, 0.245131, 0.255715
4725, 1164, 1194, 1159, 1208, 0.246349, 0.252698, 0.245291, 0.255661
4726, 1164, 1195, 1159, 1208, 0.246297, 0.252857, 0.245239, 0.255607
4727, 1164, 1196, 1159, 1208, 0.246245, 0.253015, 0.245187, 0.255553
4728, 1165, 1196, 1159, 1208, 0.246404, 0.252961, 0.245135, 0.255499
4729, 1165, 1197, 1159, 1208, 0.246352, 0.253119, 0.245084, 0.255445
4730, 1165, 1197, 1159, 1209, 0.2463, 0.253066, 0.245032, 0.255603
4731, 1165, 1197, 1159, 1210, 0.246248, 0.253012, 0.24498, 0.25576
4732, 1165, 1197, 1159, 1211, 0.246196, 0.252959, 0.244928, 0.255917
4733, 1165, 1198, 1159, 1211, 0.246144, 0.253116, 0.244876, 0.255863
4734, 1165, 1198, 1160, 1211, 0.246092, 0.253063, 0.245036, 0.255809
4735, 1165, 1198, 1160, 1212, 0.24604, 0.25301, 0.244984, 0.255966
4736, 1165, 1199, 1160, 1212, 0.245988, 0.253167, 0.244932, 0.255912
4737, 1165, 1199, 1161, 1212, 0.245936, 0.253114, 0.245092, 0.255858
4738, 1165, 1199, 1161, 1213, 0.245884, 0.25306, 0.24504, 0.256015
4739, 1165, 1200, 1161, 1213, 0.245832, 0.253218, 0.244988, 0.255961
4740, 1166, 1200, 1161, 1213, 0.245992, 0.253165, 0.244937, 0.255907
4741, 1166, 1200, 1161, 1214, 0.24594, 0.253111, 0.244885, 0.256064
4742, 1166, 1200, 1162, 1214, 0.245888, 0.253058, 0.245044, 0.25601
4743, 1167, 1200, 1162, 1214, 0.246047, 0.253004, 0.244993, 0.255956
4744, 1167, 1201, 1162, 1214, 0.245995, 0.253162, 0.244941, 0.255902
4745, 1167, 1202, 1162, 1214, 0.245943, 0.253319, 0.244889, 0.255848
4746, 1168, 1202, 1162, 1214, 0.246102, 0.253266, 0.244838, 0.255794
4747, 1168, 1203, 1162, 1214, 0.24605, 0.253423, 0.244786, 0.25574
4748, 1169, 1203, 1162, 1214, 0.246209, 0.25337, 0.244735, 0.255687
4749, 1169, 1203, 1162, 1215, 0.246157, 0.253316, 0.244683, 0.255843
4750, 1169, 1203, 1163, 1215, 0.246105, 0.253263, 0.244842, 0.255789
4751, 1169, 1203, 1164, 1215, 0.246053, 0.25321, 0.245001, 0.255736
4752, 1169, 1203, 1164, 1216, 0.246002, 0.253157, 0.244949, 0.255892
4753, 1170, 1203, 1164, 1216, 0.24616, 0.253103, 0.244898, 0.255838
4754, 1171, 1203, 1164, 1216, 0.246319, 0.25305, 0.244846, 0.255785
4755, 1171, 1204, 1164, 1216, 0.246267, 0.253207, 0.244795, 0.255731
4756, 1171, 1204, 1164, 1217, 0.246215, 0.253154, 0.244743, 0.255887
4757, 1171, 1204, 1165, 1217, 0.246164, 0.253101, 0.244902, 0.255834
4758, 1171, 1204, 1166, 1217, 0.246112, 0.253047, 0.245061, 0.25578
4759, 1171, 1205, 1166, 1217, 0.24606, 0.253204, 0.245009, 0.255726
4760, 1172, 1205, 1166, 1217, 0.246218, 0.253151, 0.244958, 0.255672
4761, 1172, 1205, 1167, 1217, 0.246167, 0.253098, 0.245117, 0.255619
4762, 1172, 1205, 1167, 1218, 0.246115, 0.253045, 0.245065, 0.255775
4763, 1173, 1205, 1167, 1218, 0.246273, 0.252992, 0.245014, 0.255721
4764, 1173, 1206, 1167, 1218, 0.246222, 0.253149, 0.244962, 0.255668
4765, 1173, 1206, 1167, 1219, 0.24617, 0.253095, 0.244911, 0.255824
4766, 1174, 1206, 1167, 1219, 0.246328, 0.253042, 0.244859, 0.25577
4767, 1174, 1207, 1167, 1219, 0.246276, 0.253199, 0.244808, 0.255716
4768, 1174, 1207, 1168, 1219, 0.246225, 0.253146, 0.244966, 0.255663
4769, 1175, 1207, 1168, 1219, 0.246383, 0.253093, 0.244915, 0.255609
4770, 1175, 1207, 1169, 1219, 0.246331, 0.25304, 0.245073, 0.255556
4771, 1176, 1207, 1169, 1219, 0.246489, 0.252987, 0.245022, 0.255502
4772, 1176, 1207, 1170, 1219, 0.246438, 0.252934, 0.24518, 0.255448
4773, 1176, 1208, 1170, 1219, 0.246386, 0.25309, 0.245129, 0.255395
4774, 1176, 1209, 1170, 1219, 0.246334, 0.253247, 0.245078, 0.255341
4775, 1176, 1209, 1171, 1219, 0.246283, 0.253194, 0.245236, 0.255288
4776, 1176, 1209, 1172, 1219, 0.246231, 0.253141, 0.245394, 0.255235
4777, 1177, 1209, 1172, 1219, 0.246389, 0.253088, 0.245342, 0.255181
4778, 1177, 1210, 1172, 1219, 0.246337, 0.253244, 0.245291, 0.255128
4779, 1177, 1210, 1173, 1219, 0.246286, 0.253191, 0.245449, 0.255074
4780, 1177, 1210, 1174, 1219, 0.246234, 0.253138, 0.245607, 0.255021
4781, 1178, 1210, 1174, 1219, 0.246392, 0.253085, 0.245555, 0.254968
4782, 1178, 1210, 1175, 1219, 0.24634, 0.253032, 0.245713, 0.254914
4783, 1178, 1210, 1175, 1220, 0.246289, 0.252979, 0.245662, 0.25507
4784, 1178, 1211, 1175, 1220, 0.246237, 0.253135, 0.24561, 0.255017
4785, 1178, 1211, 1175, 1221, 0.246186, 0.253083, 0.245559, 0.255172
4786, 1179, 1211, 1175, 1221, 0.246344, 0.25303, 0.245508, 0.255119
4787, 1179, 1211, 1176, 1221, 0.246292, 0.252977, 0.245665, 0.255066
4788, 1179, 1212, 1176, 1221, 0.246241, 0.253133, 0.245614, 0.255013
4789, 1179, 1213, 1176, 1221, 0.246189, 0.253289, 0.245563, 0.254959
4790, 1179, 1213, 1176, 1222, 0.246138, 0.253236, 0.245511, 0.255115
4791, 1179, 1213, 1176, 1223, 0.246086, 0.253183, 0.24546, 0.25527
4792, 1180, 1213, 1176, 1223, 0.246244, 0.25313, 0.245409, 0.255217
4793, 1180, 1213, 1177, 1223, 0.246192, 0.253077, 0.245566, 0.255164
4794, 1180, 1213, 1178, 1223, 0.246141, 0.253025, 0.245724, 0.255111
4795, 1180, 1213, 1179, 1223, 0.24609, 0.252972, 0.245881, 0.255057
4796, 1180, 1214, 1179, 1223, 0.246038, 0.253128, 0.24583, 0.255004
4797, 1180, 1215, 1179, 1223, 0.245987, 0.253283, 0.245779, 0.254951
4798, 1180, 1215, 1180, 1223, 0.245936, 0.253231, 0.245936, 0.254898
4799, 1180, 1215, 1181, 1223, 0.245885, 0.253178, 0.246093, 0.254845
4800, 1180, 1215, 1181, 1224, 0.245833, 0.253125, 0.246042, 0.255
4801, 1180, 1216, 1181, 1224, 0.245782, 0.253281, 0.24599, 0.254947
4802, 1180, 1216, 1182, 1224, 0.245731, 0.253228, 0.246147, 0.254894
4803, 1180, 1216, 1183, 1224, 0.24568, 0.253175, 0.246304, 0.254841
4804, 1180, 1216, 1183, 1225, 0.245629, 0.253122, 0.246253, 0.254996
4805, 1180, 1216, 1183, 1226, 0.245578, 0.25307, 0.246202, 0.255151
4806, 1180, 1217, 1183, 1226, 0.245526, 0.253225, 0.246151, 0.255098
4807, 1180, 1217, 1183, 1227, 0.245475, 0.253172, 0.246099, 0.255253
4808, 1181, 1217, 1183, 1227, 0.245632, 0.25312, 0.246048, 0.2552
4809, 1181, 1218, 1183, 1227, 0.245581, 0.253275, 0.245997, 0.255147
4810, 1182, 1218, 1183, 1227, 0.245738, 0.253222, 0.245946, 0.255094
4811, 1182, 1219, 1183, 1227, 0.245687, 0.253378, 0.245895, 0.255041
4812, 1182, 1219, 1183, 1228, 0.245636, 0.253325, 0.245844, 0.255195
4813, 1182, 1219, 1183, 1229, 0.245585, 0.253272, 0.245793, 0.25535
4814, 1182, 1219, 1183, 1230, 0.245534, 0.25322, 0.245742, 0.255505
4815, 1182, 1219, 1184, 1230, 0.245483, 0.253167, 0.245898, 0.255452
4816, 1182, 1220, 1184, 1230, 0.245432, 0.253322, 0.245847, 0.255399
4817, 1183, 1220, 1184, 1230, 0.245589, 0.25327, 0.245796, 0.255346
4818, 1184, 1220, 1184, 1230, 0.245745, 0.253217, 0.245745, 0.255293
4819, 1184, 1220, 1185, 1230, 0.245694, 0.253165, 0.245902, 0.25524
4820, 1184, 1220, 1186, 1230, 0.245643, 0.253112, 0.246058, 0.255187
4821, 1185, 1220, 1186, 1230, 0.2458, 0.25306, 0.246007, 0.255134
4822, 1185, 1220, 1187, 1230, 0.245749, 0.253007, 0.246163, 0.255081
4823, 1185, 1220, 1188, 1230, 0.245698, 0.252955, 0.24632, 0.255028
4824, 1185, 1221, 1188, 1230, 0.245647, 0.253109, 0.246269, 0.254975
4825, 1185, 1221, 1188, 1231, 0.245596, 0.253057, 0.246218, 0.25513
4826, 1185, 1222, 1188, 1231, 0.245545, 0.253212, 0.246167, 0.255077
4827, 1186, 1222, 1188, 1231, 0.245701, 0.253159, 0.246116, 0.255024
4828, 1186, 1222, 1189, 1231, 0.24565, 0.253107, 0.246272, 0.254971
4829, 1187, 1222, 1189, 1231, 0.245807, 0.253054, 0.246221, 0.254918
4830, 1187, 1222, 1190, 1231, 0.245756, 0.253002, 0.246377, 0.254865
4831, 1188, 1222, 1190, 1231, 0.245912, 0.25295, 0.246326, 0.254813
4832, 1189, 1222, 1190, 1231, 0.246068, 0.252897, 0.246275, 0.25476
4833, 1189, 1222, 1191, 1231, 0.246017, 0.252845, 0.246431, 0.254707
4834, 1189, 1222, 1192, 1231, 0.245966, 0.252793, 0.246587, 0.254655
4835, 1189, 1223, 1192, 1231, 0.245915, 0.252947, 0.246536, 0.254602
4836, 1190, 1223, 1192, 1231, 0.246071, 0.252895, 0.246485, 0.254549
4837, 1190, 1224, 1192, 1231, 0.24602, 0.253049, 0.246434, 0.254497
4838, 1191, 1224, 1192, 1231, 0.246176, 0.252997, 0.246383, 0.254444
4839, 1191, 1225, 1192, 1231, 0.246125, 0.253151, 0.246332, 0.254391
4840, 1191, 1225, 1193, 1231, 0.246074, 0.253099, 0.246488, 0.254339
4841, 1191, 1226, 1193, 1231, 0.246024, 0.253253, 0.246437, 0.254286
4842, 1191, 1226, 1193, 1232, 0.245973, 0.253201, 0.246386, 0.25444
4843, 1191, 1227, 1193, 1232, 0.245922, 0.253355, 0.246335, 0.254388
4844, 1191, 1228, 1193, 1232, 0.245871, 0.253509, 0.246284, 0.254335
4845, 1191, 1228, 1193, 1233, 0.24582, 0.253457, 0.246233, 0.254489
4846, 1191, 1228, 1193, 1234, 0.24577, 0.253405, 0.246182, 0.254643
4847, 1191, 1228, 1194, 1234, 0.245719, 0.253353, 0.246338, 0.25459
4848, 1191, 1228, 1195, 1234, 0.245668, 0.2533, 0.246493, 0.254538
4849, 1191, 1228, 1195, 1235, 0.245618, 0.253248, 0.246443, 0.254692
4850, 1192, 1228, 1195, 1235, 0.245773, 0.253196, 0.246392, 0.254639
4851, 1192, 1228, 1195, 1236, 0.245723, 0.253144, 0.246341, 0.254793
4852, 1193, 1228, 1195, 1236, 0.245878, 0.253092, 0.24629, 0.25474
4853, 1193, 1228, 1195, 1237, 0.245827, 0.253039, 0.246239, 0.254894
4854, 1194, 1228, 1195, 1237, 0.245983, 0.252987, 0.246189, 0.254841
4855, 1195, 1228, 1195, 1237, 0.246138, 0.252935, 0.246138, 0.254789
4856, 1196, 1228, 1195, 1237, 0.246293, 0.252883, 0.246087, 0.254736
4857, 1197, 1228, 1195, 1237, 0.246448, 0.252831, 0.246037, 0.254684
4858, 1198, 1228, 1195, 1237, 0.246604, 0.252779, 0.245986, 0.254632
4859, 1199, 1228, 1195, 1237, 0.246759, 0.252727, 0.245935, 0.254579
4860, 1199, 1229, 1195, 1237, 0.246708, 0.252881, 0.245885, 0.254527
4861, 1199, 1230, 1195, 1237, 0.246657, 0.253034, 0.245834, 0.254474
4862, 1199, 1230, 1196, 1237, 0.246606, 0.252982, 0.245989, 0.254422
4863, 1199, 1231, 1196, 1237, 0.246556, 0.253136, 0.245939, 0.25437
4864, 1199, 1231, 1196, 1238, 0.246505, 0.253084, 0.245888, 0.254523
4865, 1199, 1231, 1197, 1238, 0.246454, 0.253032, 0.246043, 0.254471
4866, 1200, 1231, 1197, 1238, 0.246609, 0.25298, 0.245993, 0.254418
4867, 1200, 1231, 1197, 1239, 0.246558, 0.252928, 0.245942, 0.254572
4868, 1200, 1231, 1198, 1239, 0.246508, 0.252876, 0.246097, 0.254519
4869, 1200, 1231, 1198, 1240, 0.246457, 0.252824, 0.246046, 0.254672
4870, 1200, 1232, 1198, 1240, 0.246407, 0.252977, 0.245996, 0.25462
4871, 1200, 1233, 1198, 1240, 0.246356, 0.253131, 0.245945, 0.254568
4872, 1200, 1233, 1198, 1241, 0.246305, 0.253079, 0.245895, 0.254721
4873, 1200, 1233, 1198, 1242, 0.246255, 0.253027, 0.245844, 0.254874
4874, 1201, 1233, 1198, 1242, 0.24641, 0.252975, 0.245794, 0.254822
4875, 1201, 1233, 1199, 1242, 0.246359, 0.252923, 0.245949, 0.254769
4876, 1201, 1234, 1199, 1242, 0.246308, 0.253076, 0.245898, 0.254717
4877, 1201, 1234, 1200, 1242, 0.246258, 0.253024, 0.246053, 0.254665
4878, 1201, 1234, 1201, 1242, 0.246207, 0.252973, 0.246207, 0.254613
4879, 1201, 1235, 1201, 1242, 0.246157, 0.253126, 0.246157, 0.25456
4880, 1201, 1235, 1201, 1243, 0.246107, 0.253074, 0.246107, 0.254713
4881, 1201, 1236, 1201, 1243, 0.246056, 0.253227, 0.246056, 0.254661
4882, 1201, 1236, 1201, 1244, 0.246006, 0.253175, 0.246006, 0.254814
4883, 1201, 1236, 1202, 1244, 0.245955, 0.253123, 0.24616, 0.254761
4884, 1201, 1236, 1202, 1245, 0.245905, 0.253071, 0.24611, 0.254914
4885, 1202, 1236, 1202, 1245, 0.246059, 0.253019, 0.246059, 0.254862
4886, 1202, 1237, 1202, 1245, 0.246009, 0.253172, 0.246009, 0.25481
4887, 1202, 1237, 1202, 1246, 0.245959, 0.253121, 0.245959, 0.254962
4888, 1202, 1237, 1202, 1247, 0.245908, 0.253069, 0.245908, 0.255115
4889, 1202, 1237, 1203, 1247, 0.245858, 0.253017, 0.246063, 0.255062
4890, 1202, 1237, 1203, 1248, 0.245808, 0.252965, 0.246012, 0.255215
4891, 1202, 1238, 1203, 1248, 0.245758, 0.253118, 0.245962, 0.255163
4892, 1202, 1238, 1204, 1248, 0.245707, 0.253066, 0.246116, 0.25511
4893, 1203, 1238, 1204, 1248, 0.245861, 0.253015, 0.246066, 0.255058
4894, 1203, 1239, 1204, 1248, 0.245811, 0.253167, 0.246016, 0.255006
4895, 1204, 1239, 1204, 1248, 0.245965, 0.253115, 0.245965, 0.254954
4896, 1204, 1239, 1205, 1248, 0.245915, 0.253064, 0.246119, 0.254902
4897, 1204, 1239, 1206, 1248, 0.245865, 0.253012, 0.246273, 0.25485
4898, 1204, 1239, 1206, 1249, 0.245815, 0.25296, 0.246223, 0.255002
4899, 1204, 1240, 1206, 1249, 0.245764, 0.253113, 0.246173, 0.25495
4900, 1205, 1240, 1206, 1249, 0.245918, 0.253061, 0.246122, 0.254898
4901, 1206, 1240, 1206, 1249, 0.246072, 0.25301, 0.246072, 0.254846
4902, 1206, 1241, 1206, 1249, 0.246022, 0.253162, 0.246022, 0.254794
4903, 1207, 1241, 1206, 1249, 0.246176, 0.25311, 0.245972, 0.254742
4904, 1208, 1241, 1206, 1249, 0.24633, 0.253059, 0.245922, 0.25469
4905, 1208, 1241, 1207, 1249, 0.246279, 0.253007, 0.246075, 0.254638
4906, 1208, 1241, 1207, 1250, 0.246229, 0.252956, 0.246025, 0.25479
4907, 1208, 1241, 1208, 1250, 0.246179, 0.252904, 0.246179, 0.254738
4908, 1208, 1242, 1208, 1250, 0.246129, 0.253056, 0.246129, 0.254686
4909, 1209, 1242, 1208, 1250, 0.246282, 0.253005, 0.246079, 0.254634
4910, 1209, 1243, 1208, 1250, 0.246232, 0.253157, 0.246029, 0.254582
4911, 1209, 1244, 1208, 1250, 0.246182, 0.253309, 0.245978, 0.254531
4912, 1209, 1245, 1208, 1250, 0.246132, 0.253461, 0.245928, 0.254479
4913, 1209, 1245, 1208, 1251, 0.246082, 0.253409, 0.245878, 0.254631
4914, 1209, 1245, 1208, 1252, 0.246032, 0.253358, 0.245828, 0.254782
4915, 1210, 1245, 1208, 1252, 0.246185, 0.253306, 0.245778, 0.25473
4916, 1210, 1245, 1208, 1253, 0.246135, 0.253255, 0.245728, 0.254882
4917, 1211, 1245, 1208, 1253, 0.246288, 0.253203, 0.245678, 0.25483
4918, 1211, 1245, 1208, 1254, 0.246238, 0.253152, 0.245628, 0.254982
4919, 1211, 1245, 1208, 1255, 0.246188, 0.2531, 0.245578, 0.255133
4920, 1211, 1245, 1208, 1256, 0.246138, 0.253049, 0.245528, 0.255285
4921, 1211, 1245, 1209, 1256, 0.246088, 0.252997, 0.245682, 0.255233
4922, 1211, 1245, 1209, 1257, 0.246038, 0.252946, 0.245632, 0.255384
4923, 1211, 1246, 1209, 1257, 0.245988, 0.253098, 0.245582, 0.255332
4924, 1211, 1246, 1210, 1257, 0.245938, 0.253046, 0.245735, 0.25528
4925, 1211, 1246, 1210, 1258, 0.245888, 0.252995, 0.245685, 0.255431
4926, 1211, 1246, 1210, 1259, 0.245838, 0.252944, 0.245635, 0.255583
4927, 1212, 1246, 1210, 1259, 0.245991, 0.252892, 0.245586, 0.255531
4928, 1212, 1246, 1211, 1259, 0.245942, 0.252841, 0.245739, 0.255479
4929, 1213, 1246, 1211, 1259, 0.246095, 0.25279, 0.245689, 0.255427
4930, 1214, 1246, 1211, 1259, 0.246247, 0.252738, 0.245639, 0.255375
4931, 1214, 1247, 1211, 1259, 0.246198, 0.25289, 0.245589, 0.255323
4932, 1214, 1247, 1211, 1260, 0.246148, 0.252839, 0.245539, 0.255474
4933, 1214, 1247, 1212, 1260, 0.246098, 0.252787, 0.245692, 0.255423
4934, 1214, 1247, 1213, 1260, 0.246048, 0.252736, 0.245845, 0.255371
4935, 1214, 1248, 1213, 1260, 0.245998, 0.252888, 0.245795, 0.255319
4936, 1215, 1248, 1213, 1260, 0.246151, 0.252836, 0.245746, 0.255267
4937, 1216, 1248, 1213, 1260, 0.246303, 0.252785, 0.245696, 0.255216
4938, 1216, 1248, 1213, 1261, 0.246254, 0.252734, 0.245646, 0.255367
4939, 1216, 1248, 1213, 1262, 0.246204, 0.252683, 0.245596, 0.255517
4940, 1216, 1248, 1214, 1262, 0.246154, 0.252632, 0.245749, 0.255466
4941, 1216, 1248, 1215, 1262, 0.246104, 0.25258, 0.245902, 0.255414
4942, 1216, 1249, 1215, 1262, 0.246054, 0.252732, 0.245852, 0.255362
4943, 1216, 1249, 1215, 1263, 0.246004, 0.252681, 0.245802, 0.255513
4944, 1216, 1250, 1215, 1263, 0.245955, 0.252832, 0.245752, 0.255461
4945, 1216, 1250, 1216, 1263, 0.245905, 0.252781, 0.245905, 0.25541
4946, 1216, 1251, 1216, 1263, 0.245855, 0.252932, 0.245855, 0.255358
4947, 1216, 1252, 1216, 1263, 0.245806, 0.253083, 0.245806, 0.255306
4948, 1216, 1252, 1216, 1264, 0.245756, 0.253032, 0.245756, 0.255457
4949, 1216, 1253, 1216, 1264, 0.245706, 0.253182, 0.245706, 0.255405
4950, 1216, 1254, 1216, 1264, 0.245657, 0.253333, 0.245657, 0.255354
4951, 1217, 1254, 1216, 1264, 0.245809, 0.253282, 0.245607, 0.255302
4952, 1218, 1254, 1216, 1264, 0.245961, 0.253231, 0.245557, 0.25525
4953, 1218, 1254, 1216, 1265, 0.245912, 0.25318, 0.245508, 0.255401
4954, 1219, 1254, 1216, 1265, 0.246064, 0.253129, 0.245458, 0.255349
4955, 1220, 1254, 1216, 1265, 0.246216, 0.253078, 0.245409, 0.255298
4956, 1220, 1255, 1216, 1265, 0.246166, 0.253228, 0.245359, 0.255246
4957, 1220, 1256, 1216, 1265, 0.246117, 0.253379, 0.24531, 0.255195
4958, 1220, 1256, 1216, 1266, 0.246067, 0.253328, 0.24526, 0.255345
4959, 1221, 1256, 1216, 1266, 0.246219, 0.253277, 0.245211, 0.255293
4960, 1221, 1256, 1217, 1266, 0.246169, 0.253226, 0.245363, 0.255242
4961, 1221, 1256, 1218, 1266, 0.24612, 0.253175, 0.245515, 0.25519
4962, 1222, 1256, 1218, 1266, 0.246272, 0.253124, 0.245466, 0.255139
4963, 1222, 1257, 1218, 1266, 0.246222, 0.253274, 0.245416, 0.255088
4964, 1222, 1257, 1218, 1267, 0.246172, 0.253223, 0.245367, 0.255238
4965, 1223, 1257, 1218, 1267, 0.246324, 0.253172, 0.245317, 0.255186
4966, 1224, 1257, 1218, 1267, 0.246476, 0.253121, 0.245268, 0.255135
4967, 1224, 1258, 1218, 1267, 0.246426, 0.253272, 0.245218, 0.255084
4968, 1224, 1258, 1218, 1268, 0.246377, 0.253221, 0.245169, 0.255233
4969, 1224, 1259, 1218, 1268, 0.246327, 0.253371, 0.24512, 0.255182
4970, 1224, 1260, 1218, 1268, 0.246278, 0.253521, 0.24507, 0.255131
4971, 1225, 1260, 1218, 1268, 0.246429, 0.25347, 0.245021, 0.255079
4972, 1225, 1260, 1219, 1268, 0.24638, 0.253419, 0.245173, 0.255028
4973, 1225, 1260, 1220, 1268, 0.24633, 0.253368, 0.245325, 0.254977
4974, 1225, 1261, 1220, 1268, 0.246281, 0.253518, 0.245275, 0.254926
4975, 1225, 1261, 1221, 1268, 0.246231, 0.253467, 0.245427, 0.254874
4976, 1225, 1261, 1221, 1269, 0.246182, 0.253416, 0.245378, 0.255024
4977, 1225, 1262, 1221, 1269, 0.246132, 0.253566, 0.245329, 0.254973
4978, 1226, 1262, 1221, 1269, 0.246284, 0.253515, 0.245279, 0.254922
4979, 1226, 1262, 1222, 1269, 0.246234, 0.253465, 0.245431, 0.25487
4980, 1226, 1262, 1223, 1269, 0.246185, 0.253414, 0.245582, 0.254819
4981, 1227, 1262, 1223, 1269, 0.246336, 0.253363, 0.245533, 0.254768
4982, 1228, 1262, 1223, 1269, 0.246487, 0.253312, 0.245484, 0.254717
4983, 1228, 1262, 1223, 1270, 0.246438, 0.253261, 0.245434, 0.254867
4984, 1229, 1262, 1223, 1270, 0.246589, 0.25321, 0.245385, 0.254815
4985, 1229, 1262, 1224, 1270, 0.24654, 0.253159, 0.245537, 0.254764
4986, 1229, 1263, 1224, 1270, 0.24649, 0.253309, 0.245487, 0.254713
4987, 1229, 1263, 1224, 1271, 0.246441, 0.253258, 0.245438, 0.254863
4988, 1230, 1263, 1224, 1271, 0.246592, 0.253208, 0.245389, 0.254812
4989, 1230, 1263, 1225, 1271, 0.246542, 0.253157, 0.24554, 0.25476
4990, 1230, 1263, 1226, 1271, 0.246493, 0.253106, 0.245691, 0.254709
4991, 1231, 1263, 1226, 1271, 0.246644, 0.253055, 0.245642, 0.254658
4992, 1232, 1263, 1226, 1271, 0.246795, 0.253005, 0.245593, 0.254607
4993, 1232, 1264, 1226, 1271, 0.246745, 0.253154, 0.245544, 0.254556
4994, 1232, 1264, 1227, 1271, 0.246696, 0.253104, 0.245695, 0.254505
4995, 1232, 1264, 1227, 1272, 0.246647, 0.253053, 0.245646, 0.254655
4996, 1232, 1265, 1227, 1272, 0.246597, 0.253203, 0.245596, 0.254604
4997, 1233, 1265, 1227, 1272, 0.246748, 0.253152, 0.245547, 0.254553
4998, 1233, 1266, 1227, 1272, 0.246699, 0.253301, 0.245498, 0.254502
4999, 1233, 1267, 1227, 1272, 0.246649, 0.253451, 0.245449, 0.254451
5000, 1233, 1268, 1227, 1272, 0.2466, 0.2536, 0.2454, 0.2544
