Toss,Heads,Tails,HeadProbability,TailProbability
1, 1, 0, 1, 0
2, 1, 1, 0.5, 0.5
3, 1, 2, 0.333333, 0.666667
4, 1, 3, 0.25, 0.75
5, 1, 4, 0.2, 0.8
6, 1, 5, 0.166667, 0.833333
7, 1, 6, 0.142857, 0.857143
8, 2, 6, 0.25, 0.75
9, 2, 7, 0.222222, 0.777778
10, 3, 7, 0.3, 0.7
11, 4, 7, 0.363636, 0.636364
12, 4, 8, 0.333333, 0.666667
13, 5, 8, 0.384615, 0.615385
14, 6, 8, 0.428571, 0.571429
15, 6, 9, 0.4, 0.6
16, 7, 9, 0.4375, 0.5625
17, 7, 10, 0.411765, 0.588235
18, 8, 10, 0.444444, 0.555556
19, 9, 10, 0.473684, 0.526316
20, 9, 11, 0.45, 0.55
21, 10, 11, 0.47619, 0.52381
22, 10, 12, 0.454545, 0.545455
23, 11, 12, 0.478261, 0.521739
24, 11, 13, 0.458333, 0.541667
25, 12, 13, 0.48, 0.52
26, 13, 13, 0.5, 0.5
27, 14, 13, 0.518519, 0.481481
28, 14, 14, 0.5, 0.5
29, 15, 14, 0.517241, 0.482759
30, 16, 14, 0.533333, 0.466667
31, 16, 15, 0.516129, 0.483871
32, 16, 16, 0.5, 0.5
33, 17, 16, 0.515152, 0.484848
34, 17, 17, 0.5, 0.5
35, 18, 17, 0.514286, 0.485714
36, 19, 17, 0.527778, 0.472222
37, 19, 18, 0.513514, 0.486486
38, 19, 19, 0.5, 0.5
39, 19, 20, 0.487179, 0.512821
40, 19, 21, 0.475, 0.525
41, 20, 21, 0.487805, 0.512195
42, 21, 21, 0.5, 0.5
43, 22, 21, 0.511628, 0.488372
44, 23, 21, 0.522727, 0.477273
45, 23, 22, 0.511111, 0.488889
46, 24, 22, 0.521739, 0.478261
47, 24, 23, 0.510638, 0.489362
48, 24, 24, 0.5, 0.5
49, 25, 24, 0.510204, 0.489796
50, 26, 24, 0.52, 0.48
51, 27, 24, 0.529412, 0.470588
52, 28, 24, 0.538462, 0.461538
53, 29, 24, 0.54717, 0.45283
54, 30, 24, 0.555556, 0.444444
55, 30, 25, 0.545455, 0.454545
56, 31, 25, 0.553571, 0.446429
57, 31, 26, 0.54386, 0.45614
58, 32, 26, 0.551724, 0.448276
59, 33, 26, 0.559322, 0.440678
60, 34, 26, 0.566667, 0.433333
61, 35, 26, 0.57377, 0.42623
62, 36, 26, 0.580645, 0.419355
63, 37, 26, 0.587302, 0.412698
64, 37, 27, 0.578125, 0.421875
65, 37, 28, 0.569231, 0.430769
66, 37, 29, 0.560606, 0.439394
67, 37, 30, 0.552239, 0.447761
68, 38, 30, 0.558824, 0.441176
69, 38, 31, 0.550725, 0.449275
70, 38, 32, 0.542857, 0.457143
71, 39, 32, 0.549296, 0.450704
72, 39, 33, 0.541667, 0.458333
73, 40, 33, 0.547945, 0.452055
74, 40, 34, 0.540541, 0.459459
75, 41, 34, 0.546667, 0.453333
76, 42, 34, 0.552632, 0.447368
77, 42, 35, 0.545455, 0.454545
78, 43, 35, 0.551282, 0.448718
79, 44, 35, 0.556962, 0.443038
80, 45, 35, 0.5625, 0.4375
81, 46, 35, 0.567901, 0.432099
82, 46, 36, 0.560976, 0.439024
83, 46, 37, 0.554217, 0.445783
84, 46, 38, 0.547619, 0.452381
85, 46, 39, 0.541176, 0.458824
86, 47, 39, 0.546512, 0.453488
87, 48, 39, 0.551724, 0.448276
88, 49, 39, 0.556818, 0.443182
89, 49, 40, 0.550562, 0.449438
90, 49, 41, 0.544444, 0.455556
91, 49, 42, 0.538462, 0.461538
92, 50, 42, 0.543478, 0.456522
93, 51, 42, 0.548387, 0.451613
94, 51, 43, 0.542553, 0.457447
95, 52, 43, 0.547368, 0.452632
96, 53, 43, 0.552083, 0.447917
97, 54, 43, 0.556701, 0.443299
98, 55, 43, 0.561224, 0.438776
99, 55, 44, 0.555556, 0.444444
100, 56, 44, 0.56, 0.44
101, 57, 44, 0.564356, 0.435644
102, 58, 44, 0.568627, 0.431373
103, 59, 44, 0.572816, 0.427184
104, 59, 45, 0.567308, 0.432692
105, 59, 46, 0.561905, 0.438095
106, 60, 46, 0.566038, 0.433962
107, 61, 46, 0.570093, 0.429907
108, 62, 46, 0.574074, 0.425926
109, 62, 47, 0.568807, 0.431193
110, 62, 48, 0.563636, 0.436364
111, 63, 48, 0.567568, 0.432432
112, 63, 49, 0.5625, 0.4375
113, 63, 50, 0.557522, 0.442478
114, 63, 51, 0.552632, 0.447368
115, 64, 51, 0.556522, 0.443478
116, 64, 52, 0.551724, 0.448276
117, 65, 52, 0.555556, 0.444444
118, 65, 53, 0.550847, 0.449153
119, 66, 53, 0.554622, 0.445378
120, 67, 53, 0.558333, 0.441667
121, 67, 54, 0.553719, 0.446281
122, 68, 54, 0.557377, 0.442623
123, 68, 55, 0.552846, 0.447154
124, 68, 56, 0.548387, 0.451613
125, 69, 56, 0.552, 0.448
126, 69, 57, 0.547619, 0.452381
127, 70, 57, 0.551181, 0.448819
128, 71, 57, 0.554688, 0.445312
129, 71, 58, 0.550388, 0.449612
130, 71, 59, 0.546154, 0.453846
131, 71, 60, 0.541985, 0.458015
132, 72, 60, 0.545455, 0.454545
133, 72, 61, 0.541353, 0.458647
134, 73, 61, 0.544776, 0.455224
135, 74, 61, 0.548148, 0.451852
136, 75, 61, 0.551471, 0.448529
137, 76, 61, 0.554745, 0.445255
138, 77, 61, 0.557971, 0.442029
139, 77, 62, 0.553957, 0.446043
140, 77, 63, 0.55, 0.45
141, 78, 63, 0.553191, 0.446809
142, 79, 63, 0.556338, 0.443662
143, 80, 63, 0.559441, 0.440559
144, 81, 63, 0.5625, 0.4375
145, 81, 64, 0.558621, 0.441379
146, 81, 65, 0.554795, 0.445205
147, 82, 65, 0.557823, 0.442177
148, 82, 66, 0.554054, 0.445946
149, 83, 66, 0.557047, 0.442953
150, 83, 67, 0.553333, 0.446667
151, 84, 67, 0.556291, 0.443709
152, 84, 68, 0.552632, 0.447368
153, 84, 69, 0.54902, 0.45098
154, 85, 69, 0.551948, 0.448052
155, 85, 70, 0.548387, 0.451613
156, 85, 71, 0.544872, 0.455128
157, 86, 71, 0.547771, 0.452229
158, 87, 71, 0.550633, 0.449367
159, 87, 72, 0.54717, 0.45283
160, 87, 73, 0.54375, 0.45625
161, 87, 74, 0.540373, 0.459627
162, 87, 75, 0.537037, 0.462963
163, 87, 76, 0.533742, 0.466258
164, 87, 77, 0.530488, 0.469512
165, 87, 78, 0.527273, 0.472727
166, 88, 78, 0.53012, 0.46988
167, 88, 79, 0.526946, 0.473054
168, 88, 80, 0.52381, 0.47619
169, 89, 80, 0.526627, 0.473373
170, 89, 81, 0.523529, 0.476471
171, 89, 82, 0.520468, 0.479532
172, 90, 82, 0.523256, 0.476744
173, 90, 83, 0.520231, 0.479769
174, 91, 83, 0.522989, 0.477011
175, 92, 83, 0.525714, 0.474286
176, 92, 84, 0.522727, 0.477273
177, 93, 84, 0.525424, 0.474576
178, 94, 84, 0.52809, 0.47191
179, 95, 84, 0.530726, 0.469274
180, 95, 85, 0.527778, 0.472222
181, 96, 85, 0.530387, 0.469613
182, 96, 86, 0.527473, 0.472527
183, 97, 86, 0.530055, 0.469945
184, 98, 86, 0.532609, 0.467391
185, 98, 87, 0.52973, 0.47027
186, 98, 88, 0.526882, 0.473118
187, 98, 89, 0.524064, 0.475936
188, 98, 90, 0.521277, 0.478723
189, 99, 90, 0.52381, 0.47619
190, 100, 90, 0.526316, 0.473684
191, 100, 91, 0.52356, 0.47644
192, 100, 92, 0.520833, 0.479167
193, 100, 93, 0.518135, 0.481865
194, 101, 93, 0.520619, 0.479381
195, 102, 93, 0.523077, 0.476923
196, 102, 94, 0.520408, 0.479592
197, 102, 95, 0.517766, 0.482234
198, 103, 95, 0.520202, 0.479798
199, 104, 95, 0.522613, 0.477387
200, 105, 95, 0.525, 0.475
201, 105, 96, 0.522388, 0.477612
202, 105, 97, 0.519802, 0.480198
203, 105, 98, 0.517241, 0.482759
204, 105, 99, 0.514706, 0.485294
205, 105, 100, 0.512195, 0.487805
206, 106, 100, 0.514563, 0.485437
207, 106, 101, 0.512077, 0.487923
208, 107, 101, 0.514423, 0.485577
209, 107, 102, 0.511962, 0.488038
210, 107, 103, 0.509524, 0.490476
211, 108, 103, 0.511848, 0.488152
212, 108, 104, 0.509434, 0.490566
213, 108, 105, 0.507042, 0.492958
214, 108, 106, 0.504673, 0.495327
215, 109, 106, 0.506977, 0.493023
216, 109, 107, 0.50463, 0.49537
217, 109, 108, 0.502304, 0.497696
218, 110, 108, 0.504587, 0.495413
219, 111, 108, 0.506849, 0.493151
220, 112, 108, 0.509091, 0.490909
221, 113, 108, 0.511312, 0.488688
222, 113, 109, 0.509009, 0.490991
223, 113, 110, 0.506726, 0.493274
224, 113, 111, 0.504464, 0.495536
225, 113, 112, 0.502222, 0.497778
226, 113, 113, 0.5, 0.5
227, 113, 114, 0.497797, 0.502203
228, 114, 114, 0.5, 0.5
229, 115, 114, 0.502183, 0.497817
230, 116, 114, 0.504348, 0.495652
231, 117, 114, 0.506494, 0.493506
232, 117, 115, 0.50431, 0.49569
233, 118, 115, 0.506438, 0.493562
234, 118, 116, 0.504274, 0.495726
235, 118, 117, 0.502128, 0.497872
236, 118, 118, 0.5, 0.5
237, 118, 119, 0.49789, 0.50211
238, 119, 119, 0.5, 0.5
239, 119, 120, 0.497908, 0.502092
240, 120, 120, 0.5, 0.5
241, 120, 121, 0.497925, 0.502075
242, 120, 122, 0.495868, 0.504132
243, 120, 123, 0.493827, 0.506173
244, 120, 124, 0.491803, 0.508197
245, 121, 124, 0.493878, 0.506122
246, 122, 124, 0.495935, 0.504065
247, 123, 124, 0.497976, 0.502024
248, 123, 125, 0.495968, 0.504032
249, 123, 126, 0.493976, 0.506024
250, 123, 127, 0.492, 0.508
251, 123, 128, 0.49004, 0.50996
252, 123, 129, 0.488095, 0.511905
253, 123, 130, 0.486166, 0.513834
254, 123, 131, 0.484252, 0.515748
255, 124, 131, 0.486275, 0.513725
256, 124, 132, 0.484375, 0.515625
257, 124, 133, 0.48249, 0.51751
258, 125, 133, 0.484496, 0.515504
259, 125, 134, 0.482625, 0.517375
260, 126, 134, 0.484615, 0.515385
261, 126, 135, 0.482759, 0.517241
262, 127, 135, 0.484733, 0.515267
263, 128, 135, 0.486692, 0.513308
264, 128, 136, 0.484848, 0.515152
265, 129, 136, 0.486792, 0.513208
266, 130, 136, 0.488722, 0.511278
267, 131, 136, 0.490637, 0.509363
268, 132, 136, 0.492537, 0.507463
269, 132, 137, 0.490706, 0.509294
270, 132, 138, 0.488889, 0.511111
271, 133, 138, 0.490775, 0.509225
272, 133, 139, 0.488971, 0.511029
273, 133, 140, 0.487179, 0.512821
274, 134, 140, 0.489051, 0.510949
275, 134, 141, 0.487273, 0.512727
276, 134, 142, 0.485507, 0.514493
277, 135, 142, 0.487365, 0.512635
278, 135, 143, 0.485612, 0.514388
279, 136, 143, 0.487455, 0.512545
280, 137, 143, 0.489286, 0.510714
281, 137, 144, 0.487544, 0.512456
282, 137, 145, 0.485816, 0.514184
283, 138, 145, 0.487633, 0.512367
284, 138, 146, 0.485915, 0.514085
285, 139, 146, 0.487719, 0.512281
286, 139, 147, 0.486014, 0.513986
287, 140, 147, 0.487805, 0.512195
288, 140, 148, 0.486111, 0.513889
289, 140, 149, 0.484429, 0.515571
290, 140, 150, 0.482759, 0.517241
291, 141, 150, 0.484536, 0.515464
292, 141, 151, 0.482877, 0.517123
293, 141, 152, 0.481229, 0.518771
294, 142, 152, 0.482993, 0.517007
295, 142, 153, 0.481356, 0.518644
296, 142, 154, 0.47973, 0.52027
297, 143, 154, 0.481481, 0.518519
298, 144, 154, 0.483221, 0.516779
299, 144, 155, 0.481605, 0.518395
300, 145, 155, 0.483333, 0.516667
301, 145, 156, 0.481728, 0.518272
302, 146, 156, 0.483444, 0.516556
303, 146, 157, 0.481848, 0.518152
304, 146, 158, 0.480263, 0.519737
305, 146, 159, 0.478689, 0.521311
306, 146, 160, 0.477124, 0.522876
307, 146, 161, 0.47557, 0.52443
308, 147, 161, 0.477273, 0.522727
309, 148, 161, 0.478964, 0.521036
310, 149, 161, 0.480645, 0.519355
311, 150, 161, 0.482315, 0.517685
312, 151, 161, 0.483974, 0.516026
313, 151, 162, 0.482428, 0.517572
314, 152, 162, 0.484076, 0.515924
315, 152, 163, 0.48254, 0.51746
316, 153, 163, 0.484177, 0.515823
317, 153, 164, 0.48265, 0.51735
318, 154, 164, 0.484277, 0.515723
319, 154, 165, 0.482759, 0.517241
320, 154, 166, 0.48125, 0.51875
321, 154, 167, 0.479751, 0.520249
322, 154, 168, 0.478261, 0.521739
323, 155, 168, 0.479876, 0.520124
324, 156, 168, 0.481481, 0.518519
325, 157, 168, 0.483077, 0.516923
326, 158, 168, 0.484663, 0.515337
327, 158, 169, 0.48318, 0.51682
328, 158, 170, 0.481707, 0.518293
329, 158, 171, 0.480243, 0.519757
330, 158, 172, 0.478788, 0.521212
331, 158, 173, 0.477341, 0.522659
332, 159, 173, 0.478916, 0.521084
333, 160, 173, 0.48048, 0.51952
334, 160, 174, 0.479042, 0.520958
335, 161, 174, 0.480597, 0.519403
336, 162, 174, 0.482143, 0.517857
337, 162, 175, 0.480712, 0.519288
338, 163, 175, 0.482249, 0.517751
339, 164, 175, 0.483776, 0.516224
340, 164, 176, 0.482353, 0.517647
341, 164, 177, 0.480938, 0.519062
342, 165, 177, 0.482456, 0.517544
343, 166, 177, 0.483965, 0.516035
344, 167, 177, 0.485465, 0.514535
345, 167, 178, 0.484058, 0.515942
346, 168, 178, 0.485549, 0.514451
347, 168, 179, 0.48415, 0.51585
348, 168, 180, 0.482759, 0.517241
349, 168, 181, 0.481375, 0.518625
350, 169, 181, 0.482857, 0.517143
351, 169, 182, 0.481481, 0.518519
352, 169, 183, 0.480114, 0.519886
353, 170, 183, 0.481586, 0.518414
354, 170, 184, 0.480226, 0.519774
355, 170, 185, 0.478873, 0.521127
356, 171, 185, 0.480337, 0.519663
357, 171, 186, 0.478992, 0.521008
358, 171, 187, 0.477654, 0.522346
359, 172, 187, 0.479109, 0.520891
360, 173, 187, 0.480556, 0.519444
361, 174, 187, 0.481994, 0.518006
362, 175, 187, 0.483425, 0.516575
363, 175, 188, 0.482094, 0.517906
364, 176, 188, 0.483516, 0.516484
365, 177, 188, 0.484932, 0.515068
366, 177, 189, 0.483607, 0.516393
367, 177, 190, 0.482289, 0.517711
368, 178, 190, 0.483696, 0.516304
369, 179, 190, 0.485095, 0.514905
370, 179, 191, 0.483784, 0.516216
371, 180, 191, 0.485175, 0.514825
372, 181, 191, 0.486559, 0.513441
373, 182, 191, 0.487936, 0.512064
374, 183, 191, 0.489305, 0.510695
375, 184, 191, 0.490667, 0.509333
376, 185, 191, 0.492021, 0.507979
377, 186, 191, 0.493369, 0.506631
378, 187, 191, 0.494709, 0.505291
379, 187, 192, 0.493404, 0.506596
380, 187, 193, 0.492105, 0.507895
381, 187, 194, 0.490814, 0.509186
382, 187, 195, 0.489529, 0.510471
383, 188, 195, 0.490862, 0.509138
384, 189, 195, 0.492188, 0.507812
385, 189, 196, 0.490909, 0.509091
386, 190, 196, 0.492228, 0.507772
387, 190, 197, 0.490956, 0.509044
388, 190, 198, 0.489691, 0.510309
389, 191, 198, 0.491003, 0.508997
390, 192, 198, 0.492308, 0.507692
391, 193, 198, 0.493606, 0.506394
392, 193, 199, 0.492347, 0.507653
393, 193, 200, 0.491094, 0.508906
394, 194, 200, 0.492386, 0.507614
395, 194, 201, 0.491139, 0.508861
396, 194, 202, 0.489899, 0.510101
397, 194, 203, 0.488665, 0.511335
398, 195, 203, 0.48995, 0.51005
399, 196, 203, 0.491228, 0.508772
400, 197, 203, 0.4925, 0.5075
401, 198, 203, 0.493766, 0.506234
402, 199, 203, 0.495025, 0.504975
403, 199, 204, 0.493797, 0.506203
404, 200, 204, 0.49505, 0.50495
405, 200, 205, 0.493827, 0.506173
406, 200, 206, 0.492611, 0.507389
407, 201, 206, 0.493857, 0.506143
408, 202, 206, 0.495098, 0.504902
409, 203, 206, 0.496333, 0.503667
410, 204, 206, 0.497561, 0.502439
411, 204, 207, 0.49635, 0.50365
412, 205, 207, 0.497573, 0.502427
413, 206, 207, 0.498789, 0.501211
414, 206, 208, 0.497585, 0.502415
415, 206, 209, 0.496386, 0.503614
416, 206, 210, 0.495192, 0.504808
417, 206, 211, 0.494005, 0.505995
418, 207, 211, 0.495215, 0.504785
419, 207, 212, 0.494033, 0.505967
420, 208, 212, 0.495238, 0.504762
421, 209, 212, 0.496437, 0.503563
422, 209, 213, 0.495261, 0.504739
423, 210, 213, 0.496454, 0.503546
424, 210, 214, 0.495283, 0.504717
425, 211, 214, 0.496471, 0.503529
426, 212, 214, 0.497653, 0.502347
427, 212, 215, 0.496487, 0.503513
428, 212, 216, 0.495327, 0.504673
429, 213, 216, 0.496503, 0.503497
430, 214, 216, 0.497674, 0.502326
431, 214, 217, 0.49652, 0.50348
432, 215, 217, 0.497685, 0.502315
433, 215, 218, 0.496536, 0.503464
434, 216, 218, 0.497696, 0.502304
435, 217, 218, 0.498851, 0.501149
436, 217, 219, 0.497706, 0.502294
437, 218, 219, 0.498856, 0.501144
438, 218, 220, 0.497717, 0.502283
439, 218, 221, 0.496583, 0.503417
440, 218, 222, 0.495455, 0.504545
441, 218, 223, 0.494331, 0.505669
442, 219, 223, 0.495475, 0.504525
443, 220, 223, 0.496614, 0.503386
444, 220, 224, 0.495495, 0.504505
445, 221, 224, 0.496629, 0.503371
446, 222, 224, 0.497758, 0.502242
447, 223, 224, 0.498881, 0.501119
448, 223, 225, 0.497768, 0.502232
449, 223, 226, 0.496659, 0.503341
450, 223, 227, 0.495556, 0.504444
451, 223, 228, 0.494457, 0.505543
452, 223, 229, 0.493363, 0.506637
453, 224, 229, 0.494481, 0.505519
454, 224, 230, 0.493392, 0.506608
455, 225, 230, 0.494505, 0.505495
456, 226, 230, 0.495614, 0.504386
457, 227, 230, 0.496718, 0.503282
458, 227, 231, 0.495633, 0.504367
459, 228, 231, 0.496732, 0.503268
460, 229, 231, 0.497826, 0.502174
461, 230, 231, 0.498915, 0.501085
462, 231, 231, 0.5, 0.5
463, 231, 232, 0.49892, 0.50108
464, 231, 233, 0.497845, 0.502155
465, 231, 234, 0.496774, 0.503226
466, 232, 234, 0.497854, 0.502146
467, 233, 234, 0.498929, 0.501071
468, 234, 234, 0.5, 0.5
469, 235, 234, 0.501066, 0.498934
470, 236, 234, 0.502128, 0.497872
471, 236, 235, 0.501062, 0.498938
472, 236, 236, 0.5, 0.5
473, 236, 237, 0.498943, 0.501057
474, 236, 238, 0.49789, 0.50211
475, 237, 238, 0.498947, 0.501053
476, 238, 238, 0.5, 0.5
477, 239, 238, 0.501048, 0.498952
478, 240, 238, 0.502092, 0.497908
479, 240, 239, 0.501044, 0.498956
480, 240, 240, 0.5, 0.5
481, 240, 241, 0.49896, 0.50104
482, 241, 241, 0.5, 0.5
483, 241, 242, 0.498965, 0.501035
484, 242, 242, 0.5, 0.5
485, 243, 242, 0.501031, 0.498969
486, 243, 243, 0.5, 0.5
487, 244, 243, 0.501027, 0.498973
488, 244, 244, 0.5, 0.5
489, 245, 244, 0.501022, 0.498978
490, 246, 244, 0.502041, 0.497959
491, 246, 245, 0.501018, 0.498982
492, 246, 246, 0.5, 0.5
493, 247, 246, 0.501014, 0.498986
494, 247, 247, 0.5, 0.5
495, 247, 248, 0.49899, 0.50101
496, 247, 249, 0.497984, 0.502016
497, 248, 249, 0.498994, 0.501006
498, 248, 250, 0.497992, 0.502008
499, 248, 251, 0.496994, 0.503006
500, 249, 251, 0.498, 0.502
501, 250, 251, 0.499002, 0.500998
502, 250, 252, 0.498008, 0.501992
503, 250, 253, 0.497018, 0.502982
504, 251, 253, 0.498016, 0.501984
505, 252, 253, 0.49901, 0.50099
506, 253, 253, 0.5, 0.5
507, 254, 253, 0.500986, 0.499014
508, 255, 253, 0.501969, 0.498031
509, 256, 253, 0.502947, 0.497053
510, 257, 253, 0.503922, 0.496078
511, 257, 254, 0.502935, 0.497065
512, 257, 255, 0.501953, 0.498047
513, 257, 256, 0.500975, 0.499025
514, 257, 257, 0.5, 0.5
515, 258, 257, 0.500971, 0.499029
516, 259, 257, 0.501938, 0.498062
517, 259, 258, 0.500967, 0.499033
518, 259, 259, 0.5, 0.5
519, 259, 260, 0.499037, 0.500963
520, 260, 260, 0.5, 0.5
521, 260, 261, 0.49904, 0.50096
522, 260, 262, 0.498084, 0.501916
523, 261, 262, 0.499044, 0.500956
524, 261, 263, 0.498092, 0.501908
525, 261, 264, 0.497143, 0.502857
526, 262, 264, 0.498099, 0.501901
527, 262, 265, 0.497154, 0.502846
528, 262, 266, 0.496212, 0.503788
529, 262, 267, 0.495274, 0.504726
530, 262, 268, 0.49434, 0.50566
531, 263, 268, 0.495292, 0.504708
532, 264, 268, 0.496241, 0.503759
533, 264, 269, 0.49531, 0.50469
534, 265, 269, 0.496255, 0.503745
535, 266, 269, 0.497196, 0.502804
536, 267, 269, 0.498134, 0.501866
537, 268, 269, 0.499069, 0.500931
538, 268, 270, 0.498141, 0.501859
539, 268, 271, 0.497217, 0.502783
540, 268, 272, 0.496296, 0.503704
541, 269, 272, 0.497227, 0.502773
542, 269, 273, 0.49631, 0.50369
543, 270, 273, 0.497238, 0.502762
544, 271, 273, 0.498162, 0.501838
545, 272, 273, 0.499083, 0.500917
546, 272, 274, 0.498168, 0.501832
547, 272, 275, 0.497258, 0.502742
548, 272, 276, 0.49635, 0.50365
549, 272, 277, 0.495446, 0.504554
550, 272, 278, 0.494545, 0.505455
551, 273, 278, 0.495463, 0.504537
552, 274, 278, 0.496377, 0.503623
553, 275, 278, 0.497288, 0.502712
554, 275, 279, 0.49639, 0.50361
555, 276, 279, 0.497297, 0.502703
556, 277, 279, 0.498201, 0.501799
557, 277, 280, 0.497307, 0.502693
558, 277, 281, 0.496416, 0.503584
559, 277, 282, 0.495528, 0.504472
560, 278, 282, 0.496429, 0.503571
561, 278, 283, 0.495544, 0.504456
562, 278, 284, 0.494662, 0.505338
563, 279, 284, 0.49556, 0.50444
564, 279, 285, 0.494681, 0.505319
565, 280, 285, 0.495575, 0.504425
566, 280, 286, 0.4947, 0.5053
567, 280, 287, 0.493827, 0.506173
568, 280, 288, 0.492958, 0.507042
569, 280, 289, 0.492091, 0.507909
570, 280, 290, 0.491228, 0.508772
571, 280, 291, 0.490368, 0.509632
572, 280, 292, 0.48951, 0.51049
573, 281, 292, 0.490401, 0.509599
574, 282, 292, 0.491289, 0.508711
575, 282, 293, 0.490435, 0.509565
576, 283, 293, 0.491319, 0.508681
577, 284, 293, 0.492201, 0.507799
578, 285, 293, 0.49308, 0.50692
579, 285, 294, 0.492228, 0.507772
580, 286, 294, 0.493103, 0.506897
581, 286, 295, 0.492255, 0.507745
582, 287, 295, 0.493127, 0.506873
583, 287, 296, 0.492281, 0.507719
584, 288, 296, 0.493151, 0.506849
585, 289, 296, 0.494017, 0.505983
586, 289, 297, 0.493174, 0.506826
587, 289, 298, 0.492334, 0.507666
588, 289, 299, 0.491497, 0.508503
589, 290, 299, 0.49236, 0.50764
590, 290, 300, 0.491525, 0.508475
591, 291, 300, 0.492386, 0.507614
592, 292, 300, 0.493243, 0.506757
593, 292, 301, 0.492411, 0.507589
594, 292, 302, 0.491582, 0.508418
595, 293, 302, 0.492437, 0.507563
596, 293, 303, 0.491611, 0.508389
597, 294, 303, 0.492462, 0.507538
598, 295, 303, 0.493311, 0.506689
599, 296, 303, 0.494157, 0.505843
600, 297, 303, 0.495, 0.505
601, 298, 303, 0.49584, 0.50416
602, 299, 303, 0.496678, 0.503322
603, 300, 303, 0.497512, 0.502488
604, 301, 303, 0.498344, 0.501656
605, 301, 304, 0.497521, 0.502479
606, 302, 304, 0.49835, 0.50165
607, 303, 304, 0.499176, 0.500824
608, 304, 304, 0.5, 0.5
609, 304, 305, 0.499179, 0.500821
610, 305, 305, 0.5, 0.5
611, 305, 306, 0.499182, 0.500818
612, 305, 307, 0.498366, 0.501634
613, 306, 307, 0.499184, 0.500816
614, 306, 308, 0.498371, 0.501629
615, 307, 308, 0.499187, 0.500813
616, 308, 308, 0.5, 0.5
617, 308, 309, 0.49919, 0.50081
618, 309, 309, 0.5, 0.5
619, 310, 309, 0.500808, 0.499192
620, 310, 310, 0.5, 0.5
621, 310, 311, 0.499195, 0.500805
622, 310, 312, 0.498392, 0.501608
623, 310, 313, 0.497592, 0.502408
624, 311, 313, 0.498397, 0.501603
625, 311, 314, 0.4976, 0.5024
626, 312, 314, 0.498403, 0.501597
627, 312, 315, 0.497608, 0.502392
628, 313, 315, 0.498408, 0.501592
629, 313, 316, 0.497615, 0.502385
630, 313, 317, 0.496825, 0.503175
631, 313, 318, 0.496038, 0.503962
632, 313, 319, 0.495253, 0.504747
633, 314, 319, 0.496051, 0.503949
634, 315, 319, 0.496845, 0.503155
635, 316, 319, 0.497638, 0.502362
636, 317, 319, 0.498428, 0.501572
637, 318, 319, 0.499215, 0.500785
638, 318, 320, 0.498433, 0.501567
639, 319, 320, 0.499218, 0.500782
640, 319, 321, 0.498437, 0.501563
641, 320, 321, 0.49922, 0.50078
642, 321, 321, 0.5, 0.5
643, 321, 322, 0.499222, 0.500778
644, 322, 322, 0.5, 0.5
645, 322, 323, 0.499225, 0.500775
646, 322, 324, 0.498452, 0.501548
647, 323, 324, 0.499227, 0.500773
648, 323, 325, 0.498457, 0.501543
649, 323, 326, 0.497689, 0.502311
650, 324, 326, 0.498462, 0.501538
651, 324, 327, 0.497696, 0.502304
652, 324, 328, 0.496933, 0.503067
653, 324, 329, 0.496172, 0.503828
654, 325, 329, 0.496942, 0.503058
655, 325, 330, 0.496183, 0.503817
656, 325, 331, 0.495427, 0.504573
657, 325, 332, 0.494673, 0.505327
658, 326, 332, 0.495441, 0.504559
659, 327, 332, 0.496206, 0.503794
660, 327, 333, 0.495455, 0.504545
661, 327, 334, 0.494705, 0.505295
662, 328, 334, 0.495468, 0.504532
663, 329, 334, 0.496229, 0.503771
664, 329, 335, 0.495482, 0.504518
665, 329, 336, 0.494737, 0.505263
666, 330, 336, 0.495495, 0.504505
667, 330, 337, 0.494753, 0.505247
668, 331, 337, 0.495509, 0.504491
669, 332, 337, 0.496263, 0.503737
670, 333, 337, 0.497015, 0.502985
671, 334, 337, 0.497765, 0.502235
672, 335, 337, 0.498512, 0.501488
673, 336, 337, 0.499257, 0.500743
674, 337, 337, 0.5, 0.5
675, 337, 338, 0.499259, 0.500741
676, 338, 338, 0.5, 0.5
677, 338, 339, 0.499261, 0.500739
678, 338, 340, 0.498525, 0.501475
679, 339, 340, 0.499264, 0.500736
680, 339, 341, 0.498529, 0.501471
681, 340, 341, 0.499266, 0.500734
682, 341, 341, 0.5, 0.5
683, 341, 342, 0.499268, 0.500732
684, 341, 343, 0.498538, 0.501462
685, 342, 343, 0.49927, 0.50073
686, 343, 343, 0.5, 0.5
687, 344, 343, 0.500728, 0.499272
688, 345, 343, 0.501453, 0.498547
689, 346, 343, 0.502177, 0.497823
690, 346, 344, 0.501449, 0.498551
691, 347, 344, 0.502171, 0.497829
692, 347, 345, 0.501445, 0.498555
693, 348, 345, 0.502165, 0.497835
694, 348, 346, 0.501441, 0.498559
695, 349, 346, 0.502158, 0.497842
696, 350, 346, 0.502874, 0.497126
697, 351, 346, 0.503587, 0.496413
698, 351, 347, 0.502865, 0.497135
699, 352, 347, 0.503577, 0.496423
700, 352, 348, 0.502857, 0.497143
701, 353, 348, 0.503566, 0.496434
702, 353, 349, 0.502849, 0.497151
703, 353, 350, 0.502134, 0.497866
704, 353, 351, 0.50142, 0.49858
705, 353, 352, 0.500709, 0.499291
706, 354, 352, 0.501416, 0.498584
707, 355, 352, 0.502122, 0.497878
708, 355, 353, 0.501412, 0.498588
709, 356, 353, 0.502116, 0.497884
710, 357, 353, 0.502817, 0.497183
711, 358, 353, 0.503516, 0.496484
712, 359, 353, 0.504213, 0.495787
713, 359, 354, 0.503506, 0.496494
714, 359, 355, 0.502801, 0.497199
715, 360, 355, 0.503497, 0.496503
716, 360, 356, 0.502793, 0.497207
717, 360, 357, 0.502092, 0.497908
718, 360, 358, 0.501393, 0.498607
719, 360, 359, 0.500695, 0.499305
720, 361, 359, 0.501389, 0.498611
721, 361, 360, 0.500693, 0.499307
722, 362, 360, 0.501385, 0.498615
723, 363, 360, 0.502075, 0.497925
724, 363, 361, 0.501381, 0.498619
725, 364, 361, 0.502069, 0.497931
726, 364, 362, 0.501377, 0.498623
727, 365, 362, 0.502063, 0.497937
728, 366, 362, 0.502747, 0.497253
729, 367, 362, 0.503429, 0.496571
730, 368, 362, 0.50411, 0.49589
731, 368, 363, 0.50342, 0.49658
732, 368, 364, 0.502732, 0.497268
733, 368, 365, 0.502046, 0.497954
734, 368, 366, 0.501362, 0.498638
735, 368, 367, 0.50068, 0.49932
736, 368, 368, 0.5, 0.5
737, 368, 369, 0.499322, 0.500678
738, 369, 369, 0.5, 0.5
739, 370, 369, 0.500677, 0.499323
740, 370, 370, 0.5, 0.5
741, 371, 370, 0.500675, 0.499325
742, 371, 371, 0.5, 0.5
743, 372, 371, 0.500673, 0.499327
744, 372, 372, 0.5, 0.5
745, 372, 373, 0.499329, 0.500671
746, 373, 373, 0.5, 0.5
747, 373, 374, 0.499331, 0.500669
748, 374, 374, 0.5, 0.5
749, 375, 374, 0.500668, 0.499332
750, 376, 374, 0.501333, 0.498667
751, 377, 374, 0.501997, 0.498003
752, 377, 375, 0.50133, 0.49867
753, 377, 376, 0.500664, 0.499336
754, 378, 376, 0.501326, 0.498674
755, 379, 376, 0.501987, 0.498013
756, 380, 376, 0.502646, 0.497354
757, 381, 376, 0.503303, 0.496697
758, 381, 377, 0.502639, 0.497361
759, 382, 377, 0.503294, 0.496706
760, 383, 377, 0.503947, 0.496053
761, 383, 378, 0.503285, 0.496715
762, 383, 379, 0.502625, 0.497375
763, 384, 379, 0.503277, 0.496723
764, 384, 380, 0.502618, 0.497382
765, 384, 381, 0.501961, 0.498039
766, 384, 382, 0.501305, 0.498695
767, 384, 383, 0.500652, 0.499348
768, 385, 383, 0.501302, 0.498698
769, 385, 384, 0.50065, 0.49935
770, 385, 385, 0.5, 0.5
771, 386, 385, 0.500649, 0.499351
772, 387, 385, 0.501295, 0.498705
773, 387, 386, 0.500647, 0.499353
774, 387, 387, 0.5, 0.5
775, 388, 387, 0.500645, 0.499355
776, 389, 387, 0.501289, 0.498711
777, 390, 387, 0.501931, 0.498069
778, 391, 387, 0.502571, 0.497429
779, 392, 387, 0.503209, 0.496791
780, 392, 388, 0.502564, 0.497436
781, 392, 389, 0.501921, 0.498079
782, 392, 390, 0.501279, 0.498721
783, 392, 391, 0.500639, 0.499361
784, 393, 391, 0.501276, 0.498724
785, 393, 392, 0.500637, 0.499363
786, 393, 393, 0.5, 0.5
787, 394, 393, 0.500635, 0.499365
788, 395, 393, 0.501269, 0.498731
789, 396, 393, 0.501901, 0.498099
790, 397, 393, 0.502532, 0.497468
791, 398, 393, 0.503161, 0.496839
792, 399, 393, 0.503788, 0.496212
793, 400, 393, 0.504414, 0.495586
794, 401, 393, 0.505038, 0.494962
795, 402, 393, 0.50566, 0.49434
796, 403, 393, 0.506281, 0.493719
797, 404, 393, 0.506901, 0.493099
798, 404, 394, 0.506266, 0.493734
799, 405, 394, 0.506884, 0.493116
800, 406, 394, 0.5075, 0.4925
801, 406, 395, 0.506866, 0.493134
802, 406, 396, 0.506234, 0.493766
803, 406, 397, 0.505604, 0.494396
804, 406, 398, 0.504975, 0.495025
805, 407, 398, 0.50559, 0.49441
806, 408, 398, 0.506203, 0.493797
807, 408, 399, 0.505576, 0.494424
808, 408, 400, 0.50495, 0.49505
809, 409, 400, 0.505562, 0.494438
810, 410, 400, 0.506173, 0.493827
811, 411, 400, 0.506782, 0.493218
812, 412, 400, 0.507389, 0.492611
813, 412, 401, 0.506765, 0.493235
814, 413, 401, 0.507371, 0.492629
815, 413, 402, 0.506748, 0.493252
816, 414, 402, 0.507353, 0.492647
817, 415, 402, 0.507956, 0.492044
818, 415, 403, 0.507335, 0.492665
819, 416, 403, 0.507937, 0.492063
820, 416, 404, 0.507317, 0.492683
821, 416, 405, 0.506699, 0.493301
822, 417, 405, 0.507299, 0.492701
823, 418, 405, 0.507898, 0.492102
824, 419, 405, 0.508495, 0.491505
825, 419, 406, 0.507879, 0.492121
826, 420, 406, 0.508475, 0.491525
827, 420, 407, 0.50786, 0.49214
828, 421, 407, 0.508454, 0.491546
829, 422, 407, 0.509047, 0.490953
830, 423, 407, 0.509639, 0.490361
831, 423, 408, 0.509025, 0.490975
832, 423, 409, 0.508413, 0.491587
833, 423, 410, 0.507803, 0.492197
834, 423, 411, 0.507194, 0.492806
835, 424, 411, 0.507784, 0.492216
836, 425, 411, 0.508373, 0.491627
837, 426, 411, 0.508961, 0.491039
838, 426, 412, 0.508353, 0.491647
839, 427, 412, 0.508939, 0.491061
840, 427, 413, 0.508333, 0.491667
841, 427, 414, 0.507729, 0.492271
842, 428, 414, 0.508314, 0.491686
843, 428, 415, 0.507711, 0.492289
844, 429, 415, 0.508294, 0.491706
845, 430, 415, 0.508876, 0.491124
846, 431, 415, 0.509456, 0.490544
847, 431, 416, 0.508855, 0.491145
848, 432, 416, 0.509434, 0.490566
849, 432, 417, 0.508834, 0.491166
850, 432, 418, 0.508235, 0.491765
851, 432, 419, 0.507638, 0.492362
852, 433, 419, 0.508216, 0.491784
853, 433, 420, 0.50762, 0.49238
854, 434, 420, 0.508197, 0.491803
855, 434, 421, 0.507602, 0.492398
856, 435, 421, 0.508178, 0.491822
857, 436, 421, 0.508751, 0.491249
858, 437, 421, 0.509324, 0.490676
859, 437, 422, 0.508731, 0.491269
860, 437, 423, 0.50814, 0.49186
861, 438, 423, 0.508711, 0.491289
862, 438, 424, 0.508121, 0.491879
863, 438, 425, 0.507532, 0.492468
864, 438, 426, 0.506944, 0.493056
865, 439, 426, 0.507514, 0.492486
866, 440, 426, 0.508083, 0.491917
867, 440, 427, 0.507497, 0.492503
868, 441, 427, 0.508065, 0.491935
869, 441, 428, 0.50748, 0.49252
870, 442, 428, 0.508046, 0.491954
871, 443, 428, 0.508611, 0.491389
872, 443, 429, 0.508028, 0.491972
873, 443, 430, 0.507446, 0.492554
874, 443, 431, 0.506865, 0.493135
875, 443, 432, 0.506286, 0.493714
876, 444, 432, 0.506849, 0.493151
877, 445, 432, 0.507412, 0.492588
878, 446, 432, 0.507973, 0.492027
879, 447, 432, 0.508532, 0.491468
880, 448, 432, 0.509091, 0.490909
881, 449, 432, 0.509648, 0.490352
882, 450, 432, 0.510204, 0.489796
883, 451, 432, 0.510759, 0.489241
884, 452, 432, 0.511312, 0.488688
885, 452, 433, 0.510734, 0.489266
886, 452, 434, 0.510158, 0.489842
887, 452, 435, 0.509583, 0.490417
888, 452, 436, 0.509009, 0.490991
889, 453, 436, 0.509561, 0.490439
890, 454, 436, 0.510112, 0.489888
891, 455, 436, 0.510662, 0.489338
892, 455, 437, 0.51009, 0.48991
893, 456, 437, 0.510638, 0.489362
894, 456, 438, 0.510067, 0.489933
895, 456, 439, 0.509497, 0.490503
896, 457, 439, 0.510045, 0.489955
897, 457, 440, 0.509476, 0.490524
898, 457, 441, 0.508909, 0.491091
899, 458, 441, 0.509455, 0.490545
900, 458, 442, 0.508889, 0.491111
901, 458, 443, 0.508324, 0.491676
902, 458, 444, 0.507761, 0.492239
903, 458, 445, 0.507198, 0.492802
904, 459, 445, 0.507743, 0.492257
905, 460, 445, 0.508287, 0.491713
906, 461, 445, 0.50883, 0.49117
907, 462, 445, 0.509372, 0.490628
908, 463, 445, 0.509912, 0.490088
909, 464, 445, 0.510451, 0.489549
910, 464, 446, 0.50989, 0.49011
911, 464, 447, 0.50933, 0.49067
912, 465, 447, 0.509868, 0.490132
913, 466, 447, 0.510405, 0.489595
914, 467, 447, 0.510941, 0.489059
915, 468, 447, 0.511475, 0.488525
916, 468, 448, 0.510917, 0.489083
917, 468, 449, 0.51036, 0.48964
918, 469, 449, 0.510893, 0.489107
919, 469, 450, 0.510337, 0.489663
920, 470, 450, 0.51087, 0.48913
921, 470, 451, 0.510315, 0.489685
922, 471, 451, 0.510846, 0.489154
923, 472, 451, 0.511376, 0.488624
924, 472, 452, 0.510823, 0.489177
925, 473, 452, 0.511351, 0.488649
926, 474, 452, 0.511879, 0.488121
927, 475, 452, 0.512406, 0.487594
928, 476, 452, 0.512931, 0.487069
929, 477, 452, 0.513455, 0.486545
930, 477, 453, 0.512903, 0.487097
931, 477, 454, 0.512352, 0.487648
932, 477, 455, 0.511803, 0.488197
933, 477, 456, 0.511254, 0.488746
934, 477, 457, 0.510707, 0.489293
935, 478, 457, 0.51123, 0.48877
936, 479, 457, 0.511752, 0.488248
937, 480, 457, 0.512273, 0.487727
938, 481, 457, 0.512793, 0.487207
939, 481, 458, 0.512247, 0.487753
940, 482, 458, 0.512766, 0.487234
941, 482, 459, 0.512221, 0.487779
942, 482, 460, 0.511677, 0.488323
943, 483, 460, 0.512195, 0.487805
944, 484, 460, 0.512712, 0.487288
945, 485, 460, 0.513228, 0.486772
946, 486, 460, 0.513742, 0.486258
947, 486, 461, 0.5132, 0.4868
948, 486, 462, 0.512658, 0.487342
949, 486, 463, 0.512118, 0.487882
950, 486, 464, 0.511579, 0.488421
951, 486, 465, 0.511041, 0.488959
952, 486, 466, 0.510504, 0.489496
953, 486, 467, 0.509969, 0.490031
954, 487, 467, 0.510482, 0.489518
955, 487, 468, 0.509948, 0.490052
956, 488, 468, 0.51046, 0.48954
957, 489, 468, 0.510972, 0.489028
958, 489, 469, 0.510438, 0.489562
959, 490, 469, 0.510949, 0.489051
960, 490, 470, 0.510417, 0.489583
961, 490, 471, 0.509886, 0.490114
962, 491, 471, 0.510395, 0.489605
963, 492, 471, 0.510903, 0.489097
964, 493, 471, 0.511411, 0.488589
965, 493, 472, 0.510881, 0.489119
966, 494, 472, 0.511387, 0.488613
967, 494, 473, 0.510858, 0.489142
968, 494, 474, 0.510331, 0.489669
969, 495, 474, 0.510836, 0.489164
970, 496, 474, 0.51134, 0.48866
971, 497, 474, 0.511843, 0.488157
972, 497, 475, 0.511317, 0.488683
973, 497, 476, 0.510791, 0.489209
974, 497, 477, 0.510267, 0.489733
975, 497, 478, 0.509744, 0.490256
976, 497, 479, 0.509221, 0.490779
977, 497, 480, 0.5087, 0.4913
978, 498, 480, 0.509202, 0.490798
979, 499, 480, 0.509704, 0.490296
980, 499, 481, 0.509184, 0.490816
981, 500, 481, 0.509684, 0.490316
982, 501, 481, 0.510183, 0.489817
983, 501, 482, 0.509664, 0.490336
984, 502, 482, 0.510163, 0.489837
985, 503, 482, 0.51066, 0.48934
986, 503, 483, 0.510142, 0.489858
987, 503, 484, 0.509625, 0.490375
988, 503, 485, 0.509109, 0.490891
989, 503, 486, 0.508595, 0.491405
990, 503, 487, 0.508081, 0.491919
991, 503, 488, 0.507568, 0.492432
992, 503, 489, 0.507056, 0.492944
993, 504, 489, 0.507553, 0.492447
994, 504, 490, 0.507042, 0.492958
995, 504, 491, 0.506533, 0.493467
996, 505, 491, 0.507028, 0.492972
997, 506, 491, 0.507523, 0.492477
998, 506, 492, 0.507014, 0.492986
999, 506, 493, 0.506507, 0.493493
1000, 507, 493, 0.507, 0.493
1001, 508, 493, 0.507493, 0.492507
1002, 508, 494, 0.506986, 0.493014
1003, 509, 494, 0.507478, 0.492522
1004, 510, 494, 0.507968, 0.492032
1005, 510, 495, 0.507463, 0.492537
1006, 510, 496, 0.506958, 0.493042
1007, 510, 497, 0.506455, 0.493545
1008, 510, 498, 0.505952, 0.494048
1009, 510, 499, 0.505451, 0.494549
1010, 510, 500, 0.50495, 0.49505
1011, 510, 501, 0.504451, 0.495549
1012, 511, 501, 0.504941, 0.495059
1013, 511, 502, 0.504442, 0.495558
1014, 511, 503, 0.503945, 0.496055
1015, 512, 503, 0.504433, 0.495567
1016, 513, 503, 0.504921, 0.495079
1017, 514, 503, 0.505408, 0.494592
1018, 515, 503, 0.505894, 0.494106
1019, 515, 504, 0.505397, 0.494603
1020, 516, 504, 0.505882, 0.494118
1021, 516, 505, 0.505387, 0.494613
1022, 516, 506, 0.504892, 0.495108
1023, 516, 507, 0.504399, 0.495601
1024, 516, 508, 0.503906, 0.496094
1025, 516, 509, 0.503415, 0.496585
1026, 517, 509, 0.503899, 0.496101
1027, 518, 509, 0.504382, 0.495618
1028, 519, 509, 0.504864, 0.495136
1029, 519, 510, 0.504373, 0.495627
1030, 519, 511, 0.503883, 0.496117
1031, 519, 512, 0.503395, 0.496605
1032, 520, 512, 0.503876, 0.496124
1033, 521, 512, 0.504356, 0.495644
1034, 521, 513, 0.503868, 0.496132
1035, 521, 514, 0.503382, 0.496618
1036, 522, 514, 0.503861, 0.496139
1037, 523, 514, 0.504339, 0.495661
1038, 523, 515, 0.503854, 0.496146
1039, 524, 515, 0.504331, 0.495669
1040, 525, 515, 0.504808, 0.495192
1041, 526, 515, 0.505283, 0.494717
1042, 527, 515, 0.505758, 0.494242
1043, 528, 515, 0.506232, 0.493768
1044, 528, 516, 0.505747, 0.494253
1045, 529, 516, 0.50622, 0.49378
1046, 529, 517, 0.505736, 0.494264
1047, 529, 518, 0.505253, 0.494747
1048, 529, 519, 0.504771, 0.495229
1049, 530, 519, 0.505243, 0.494757
1050, 530, 520, 0.504762, 0.495238
1051, 530, 521, 0.504282, 0.495718
1052, 530, 522, 0.503802, 0.496198
1053, 531, 522, 0.504274, 0.495726
1054, 532, 522, 0.504744, 0.495256
1055, 532, 523, 0.504265, 0.495735
1056, 532, 524, 0.503788, 0.496212
1057, 532, 525, 0.503311, 0.496689
1058, 532, 526, 0.502836, 0.497164
1059, 532, 527, 0.502361, 0.497639
1060, 533, 527, 0.50283, 0.49717
1061, 534, 527, 0.503299, 0.496701
1062, 535, 527, 0.503766, 0.496234
1063, 536, 527, 0.504233, 0.495767
1064, 536, 528, 0.503759, 0.496241
1065, 536, 529, 0.503286, 0.496714
1066, 537, 529, 0.503752, 0.496248
1067, 538, 529, 0.504217, 0.495783
1068, 539, 529, 0.504682, 0.495318
1069, 539, 530, 0.50421, 0.49579
1070, 539, 531, 0.503738, 0.496262
1071, 539, 532, 0.503268, 0.496732
1072, 540, 532, 0.503731, 0.496269
1073, 541, 532, 0.504194, 0.495806
1074, 542, 532, 0.504655, 0.495345
1075, 542, 533, 0.504186, 0.495814
1076, 542, 534, 0.503717, 0.496283
1077, 543, 534, 0.504178, 0.495822
1078, 544, 534, 0.504638, 0.495362
1079, 545, 534, 0.505097, 0.494903
1080, 545, 535, 0.50463, 0.49537
1081, 545, 536, 0.504163, 0.495837
1082, 545, 537, 0.503697, 0.496303
1083, 545, 538, 0.503232, 0.496768
1084, 546, 538, 0.50369, 0.49631
1085, 547, 538, 0.504147, 0.495853
1086, 548, 538, 0.504604, 0.495396
1087, 549, 538, 0.50506, 0.49494
1088, 550, 538, 0.505515, 0.494485
1089, 551, 538, 0.505969, 0.494031
1090, 552, 538, 0.506422, 0.493578
1091, 553, 538, 0.506874, 0.493126
1092, 553, 539, 0.50641, 0.49359
1093, 554, 539, 0.506862, 0.493138
1094, 554, 540, 0.506399, 0.493601
1095, 555, 540, 0.506849, 0.493151
1096, 555, 541, 0.506387, 0.493613
1097, 556, 541, 0.506837, 0.493163
1098, 556, 542, 0.506375, 0.493625
1099, 557, 542, 0.506824, 0.493176
1100, 557, 543, 0.506364, 0.493636
1101, 557, 544, 0.505904, 0.494096
1102, 558, 544, 0.506352, 0.493648
1103, 558, 545, 0.505893, 0.494107
1104, 559, 545, 0.506341, 0.493659
1105, 560, 545, 0.506787, 0.493213
1106, 560, 546, 0.506329, 0.493671
1107, 560, 547, 0.505872, 0.494128
1108, 561, 547, 0.506318, 0.493682
1109, 562, 547, 0.506763, 0.493237
1110, 562, 548, 0.506306, 0.493694
1111, 563, 548, 0.506751, 0.493249
1112, 563, 549, 0.506295, 0.493705
1113, 564, 549, 0.506739, 0.493261
1114, 564, 550, 0.506284, 0.493716
1115, 565, 550, 0.506726, 0.493274
1116, 565, 551, 0.506272, 0.493728
1117, 566, 551, 0.506714, 0.493286
1118, 567, 551, 0.507156, 0.492844
1119, 567, 552, 0.506702, 0.493298
1120, 568, 552, 0.507143, 0.492857
1121, 569, 552, 0.507583, 0.492417
1122, 569, 553, 0.50713, 0.49287
1123, 570, 553, 0.507569, 0.492431
1124, 571, 553, 0.508007, 0.491993
1125, 572, 553, 0.508444, 0.491556
1126, 573, 553, 0.508881, 0.491119
1127, 574, 553, 0.509317, 0.490683
1128, 574, 554, 0.508865, 0.491135
1129, 574, 555, 0.508415, 0.491585
1130, 575, 555, 0.50885, 0.49115
1131, 576, 555, 0.509284, 0.490716
1132, 576, 556, 0.508834, 0.491166
1133, 576, 557, 0.508385, 0.491615
1134, 577, 557, 0.508818, 0.491182
1135, 578, 557, 0.509251, 0.490749
1136, 578, 558, 0.508803, 0.491197
1137, 579, 558, 0.509235, 0.490765
1138, 580, 558, 0.509666, 0.490334
1139, 580, 559, 0.509219, 0.490781
1140, 581, 559, 0.509649, 0.490351
1141, 582, 559, 0.510079, 0.489921
1142, 583, 559, 0.510508, 0.489492
1143, 583, 560, 0.510061, 0.489939
1144, 584, 560, 0.51049, 0.48951
1145, 585, 560, 0.510917, 0.489083
1146, 585, 561, 0.510471, 0.489529
1147, 585, 562, 0.510026, 0.489974
1148, 585, 563, 0.509582, 0.490418
1149, 586, 563, 0.510009, 0.489991
1150, 586, 564, 0.509565, 0.490435
1151, 587, 564, 0.509991, 0.490009
1152, 587, 565, 0.509549, 0.490451
1153, 588, 565, 0.509974, 0.490026
1154, 589, 565, 0.510399, 0.489601
1155, 590, 565, 0.510823, 0.489177
1156, 591, 565, 0.511246, 0.488754
1157, 591, 566, 0.510804, 0.489196
1158, 591, 567, 0.510363, 0.489637
1159, 591, 568, 0.509922, 0.490078
1160, 591, 569, 0.509483, 0.490517
1161, 591, 570, 0.509044, 0.490956
1162, 592, 570, 0.509466, 0.490534
1163, 592, 571, 0.509028, 0.490972
1164, 593, 571, 0.50945, 0.49055
1165, 593, 572, 0.509013, 0.490987
1166, 593, 573, 0.508576, 0.491424
1167, 594, 573, 0.508997, 0.491003
1168, 594, 574, 0.508562, 0.491438
1169, 594, 575, 0.508127, 0.491873
1170, 594, 576, 0.507692, 0.492308
1171, 594, 577, 0.507259, 0.492741
1172, 595, 577, 0.507679, 0.492321
1173, 595, 578, 0.507246, 0.492754
1174, 596, 578, 0.507666, 0.492334
1175, 596, 579, 0.507234, 0.492766
1176, 597, 579, 0.507653, 0.492347
1177, 597, 580, 0.507222, 0.492778
1178, 598, 580, 0.50764, 0.49236
1179, 598, 581, 0.507209, 0.492791
1180, 598, 582, 0.50678, 0.49322
1181, 598, 583, 0.506351, 0.493649
1182, 599, 583, 0.506768, 0.493232
1183, 599, 584, 0.50634, 0.49366
1184, 600, 584, 0.506757, 0.493243
1185, 601, 584, 0.507173, 0.492827
1186, 602, 584, 0.507589, 0.492411
1187, 602, 585, 0.507161, 0.492839
1188, 602, 586, 0.506734, 0.493266
1189, 603, 586, 0.507149, 0.492851
1190, 603, 587, 0.506723, 0.493277
1191, 604, 587, 0.507137, 0.492863
1192, 605, 587, 0.50755, 0.49245
1193, 605, 588, 0.507125, 0.492875
1194, 605, 589, 0.5067, 0.4933
1195, 606, 589, 0.507113, 0.492887
1196, 607, 589, 0.507525, 0.492475
1197, 607, 590, 0.507101, 0.492899
1198, 607, 591, 0.506678, 0.493322
1199, 607, 592, 0.506255, 0.493745
1200, 608, 592, 0.506667, 0.493333
1201, 609, 592, 0.507077, 0.492923
1202, 609, 593, 0.506656, 0.493344
1203, 610, 593, 0.507066, 0.492934
1204, 611, 593, 0.507475, 0.492525
1205, 611, 594, 0.507054, 0.492946
1206, 611, 595, 0.506633, 0.493367
1207, 612, 595, 0.507042, 0.492958
1208, 612, 596, 0.506623, 0.493377
1209, 613, 596, 0.507031, 0.492969
1210, 614, 596, 0.507438, 0.492562
1211, 614, 597, 0.507019, 0.492981
1212, 615, 597, 0.507426, 0.492574
1213, 615, 598, 0.507007, 0.492993
1214, 616, 598, 0.507414, 0.492586
1215, 616, 599, 0.506996, 0.493004
1216, 617, 599, 0.507401, 0.492599
1217, 617, 600, 0.506984, 0.493016
1218, 617, 601, 0.506568, 0.493432
1219, 617, 602, 0.506153, 0.493847
1220, 617, 603, 0.505738, 0.494262
1221, 618, 603, 0.506143, 0.493857
1222, 618, 604, 0.505728, 0.494272
1223, 619, 604, 0.506132, 0.493868
1224, 619, 605, 0.505719, 0.494281
1225, 619, 606, 0.505306, 0.494694
1226, 620, 606, 0.50571, 0.49429
1227, 621, 606, 0.506112, 0.493888
1228, 622, 606, 0.506515, 0.493485
1229, 623, 606, 0.506916, 0.493084
1230, 623, 607, 0.506504, 0.493496
1231, 623, 608, 0.506093, 0.493907
1232, 624, 608, 0.506494, 0.493506
1233, 625, 608, 0.506894, 0.493106
1234, 625, 609, 0.506483, 0.493517
1235, 626, 609, 0.506883, 0.493117
1236, 627, 609, 0.507282, 0.492718
1237, 627, 610, 0.506871, 0.493129
1238, 628, 610, 0.50727, 0.49273
1239, 628, 611, 0.50686, 0.49314
1240, 628, 612, 0.506452, 0.493548
1241, 628, 613, 0.506044, 0.493956
1242, 628, 614, 0.505636, 0.494364
1243, 628, 615, 0.505229, 0.494771
1244, 628, 616, 0.504823, 0.495177
1245, 628, 617, 0.504418, 0.495582
1246, 628, 618, 0.504013, 0.495987
1247, 628, 619, 0.503609, 0.496391
1248, 628, 620, 0.503205, 0.496795
1249, 629, 620, 0.503603, 0.496397
1250, 630, 620, 0.504, 0.496
1251, 631, 620, 0.504396, 0.495604
1252, 631, 621, 0.503994, 0.496006
1253, 631, 622, 0.503591, 0.496409
1254, 631, 623, 0.50319, 0.49681
1255, 632, 623, 0.503586, 0.496414
1256, 632, 624, 0.503185, 0.496815
1257, 633, 624, 0.50358, 0.49642
1258, 634, 624, 0.503975, 0.496025
1259, 634, 625, 0.503574, 0.496426
1260, 635, 625, 0.503968, 0.496032
1261, 636, 625, 0.504362, 0.495638
1262, 637, 625, 0.504754, 0.495246
1263, 638, 625, 0.505146, 0.494854
1264, 638, 626, 0.504747, 0.495253
1265, 639, 626, 0.505138, 0.494862
1266, 639, 627, 0.504739, 0.495261
1267, 639, 628, 0.504341, 0.495659
1268, 640, 628, 0.504732, 0.495268
1269, 641, 628, 0.505122, 0.494878
1270, 641, 629, 0.504724, 0.495276
1271, 642, 629, 0.505114, 0.494886
1272, 642, 630, 0.504717, 0.495283
1273, 643, 630, 0.505106, 0.494894
1274, 644, 630, 0.505495, 0.494505
1275, 645, 630, 0.505882, 0.494118
1276, 645, 631, 0.505486, 0.494514
1277, 646, 631, 0.505873, 0.494127
1278, 646, 632, 0.505477, 0.494523
1279, 647, 632, 0.505864, 0.494136
1280, 648, 632, 0.50625, 0.49375
1281, 649, 632, 0.506635, 0.493365
1282, 650, 632, 0.50702, 0.49298
1283, 650, 633, 0.506625, 0.493375
1284, 650, 634, 0.506231, 0.493769
1285, 651, 634, 0.506615, 0.493385
1286, 652, 634, 0.506998, 0.493002
1287, 653, 634, 0.507382, 0.492618
1288, 654, 634, 0.507764, 0.492236
1289, 655, 634, 0.508146, 0.491854
1290, 656, 634, 0.508527, 0.491473
1291, 656, 635, 0.508133, 0.491867
1292, 657, 635, 0.508514, 0.491486
1293, 658, 635, 0.508894, 0.491106
1294, 658, 636, 0.508501, 0.491499
1295, 658, 637, 0.508108, 0.491892
1296, 659, 637, 0.508488, 0.491512
1297, 660, 637, 0.508867, 0.491133
1298, 660, 638, 0.508475, 0.491525
1299, 661, 638, 0.508853, 0.491147
1300, 662, 638, 0.509231, 0.490769
1301, 662, 639, 0.508839, 0.491161
1302, 663, 639, 0.509217, 0.490783
1303, 664, 639, 0.509593, 0.490407
1304, 665, 639, 0.509969, 0.490031
1305, 666, 639, 0.510345, 0.489655
1306, 667, 639, 0.51072, 0.48928
1307, 668, 639, 0.511094, 0.488906
1308, 668, 640, 0.510703, 0.489297
1309, 669, 640, 0.511077, 0.488923
1310, 669, 641, 0.510687, 0.489313
1311, 669, 642, 0.510297, 0.489703
1312, 670, 642, 0.510671, 0.489329
1313, 671, 642, 0.511043, 0.488957
1314, 671, 643, 0.510654, 0.489346
1315, 672, 643, 0.511027, 0.488973
1316, 673, 643, 0.511398, 0.488602
1317, 674, 643, 0.511769, 0.488231
1318, 674, 644, 0.511381, 0.488619
1319, 674, 645, 0.510993, 0.489007
1320, 675, 645, 0.511364, 0.488636
1321, 676, 645, 0.511734, 0.488266
1322, 677, 645, 0.512103, 0.487897
1323, 677, 646, 0.511716, 0.488284
1324, 677, 647, 0.511329, 0.488671
1325, 677, 648, 0.510943, 0.489057
1326, 678, 648, 0.511312, 0.488688
1327, 679, 648, 0.51168, 0.48832
1328, 679, 649, 0.511295, 0.488705
1329, 680, 649, 0.511663, 0.488337
1330, 680, 650, 0.511278, 0.488722
1331, 681, 650, 0.511645, 0.488355
1332, 682, 650, 0.512012, 0.487988
1333, 682, 651, 0.511628, 0.488372
1334, 683, 651, 0.511994, 0.488006
1335, 684, 651, 0.51236, 0.48764
1336, 685, 651, 0.512725, 0.487275
1337, 686, 651, 0.513089, 0.486911
1338, 686, 652, 0.512706, 0.487294
1339, 687, 652, 0.513069, 0.486931
1340, 688, 652, 0.513433, 0.486567
1341, 688, 653, 0.51305, 0.48695
1342, 688, 654, 0.512668, 0.487332
1343, 688, 655, 0.512286, 0.487714
1344, 689, 655, 0.512649, 0.487351
1345, 690, 655, 0.513011, 0.486989
1346, 690, 656, 0.51263, 0.48737
1347, 691, 656, 0.512992, 0.487008
1348, 691, 657, 0.512611, 0.487389
1349, 691, 658, 0.512231, 0.487769
1350, 691, 659, 0.511852, 0.488148
1351, 692, 659, 0.512213, 0.487787
1352, 692, 660, 0.511834, 0.488166
1353, 692, 661, 0.511456, 0.488544
1354, 693, 661, 0.511817, 0.488183
1355, 693, 662, 0.511439, 0.488561
1356, 694, 662, 0.511799, 0.488201
1357, 695, 662, 0.512159, 0.487841
1358, 696, 662, 0.512518, 0.487482
1359, 697, 662, 0.512877, 0.487123
1360, 698, 662, 0.513235, 0.486765
1361, 698, 663, 0.512858, 0.487142
1362, 699, 663, 0.513216, 0.486784
1363, 700, 663, 0.513573, 0.486427
1364, 701, 663, 0.51393, 0.48607
1365, 702, 663, 0.514286, 0.485714
1366, 703, 663, 0.514641, 0.485359
1367, 704, 663, 0.514996, 0.485004
1368, 704, 664, 0.51462, 0.48538
1369, 704, 665, 0.514244, 0.485756
1370, 705, 665, 0.514599, 0.485401
1371, 706, 665, 0.514953, 0.485047
1372, 706, 666, 0.514577, 0.485423
1373, 706, 667, 0.514202, 0.485798
1374, 706, 668, 0.513828, 0.486172
1375, 706, 669, 0.513455, 0.486545
1376, 706, 670, 0.513081, 0.486919
1377, 707, 670, 0.513435, 0.486565
1378, 708, 670, 0.513788, 0.486212
1379, 709, 670, 0.514141, 0.485859
1380, 709, 671, 0.513768, 0.486232
1381, 709, 672, 0.513396, 0.486604
1382, 710, 672, 0.513748, 0.486252
1383, 710, 673, 0.513377, 0.486623
1384, 710, 674, 0.513006, 0.486994
1385, 710, 675, 0.512635, 0.487365
1386, 710, 676, 0.512266, 0.487734
1387, 710, 677, 0.511896, 0.488104
1388, 710, 678, 0.511527, 0.488473
1389, 710, 679, 0.511159, 0.488841
1390, 711, 679, 0.511511, 0.488489
1391, 712, 679, 0.511862, 0.488138
1392, 713, 679, 0.512213, 0.487787
1393, 714, 679, 0.512563, 0.487437
1394, 715, 679, 0.512912, 0.487088
1395, 715, 680, 0.512545, 0.487455
1396, 715, 681, 0.512178, 0.487822
1397, 715, 682, 0.511811, 0.488189
1398, 715, 683, 0.511445, 0.488555
1399, 716, 683, 0.511794, 0.488206
1400, 717, 683, 0.512143, 0.487857
1401, 717, 684, 0.511777, 0.488223
1402, 718, 684, 0.512126, 0.487874
1403, 718, 685, 0.511761, 0.488239
1404, 718, 686, 0.511396, 0.488604
1405, 718, 687, 0.511032, 0.488968
1406, 718, 688, 0.510669, 0.489331
1407, 718, 689, 0.510306, 0.489694
1408, 718, 690, 0.509943, 0.490057
1409, 719, 690, 0.510291, 0.489709
1410, 719, 691, 0.509929, 0.490071
1411, 719, 692, 0.509568, 0.490432
1412, 720, 692, 0.509915, 0.490085
1413, 721, 692, 0.510262, 0.489738
1414, 721, 693, 0.509901, 0.490099
1415, 721, 694, 0.509541, 0.490459
1416, 721, 695, 0.509181, 0.490819
1417, 721, 696, 0.508821, 0.491179
1418, 721, 697, 0.508463, 0.491537
1419, 721, 698, 0.508104, 0.491896
1420, 721, 699, 0.507746, 0.492254
1421, 722, 699, 0.508093, 0.491907
1422, 723, 699, 0.508439, 0.491561
1423, 723, 700, 0.508082, 0.491918
1424, 723, 701, 0.507725, 0.492275
1425, 723, 702, 0.507368, 0.492632
1426, 723, 703, 0.507013, 0.492987
1427, 724, 703, 0.507358, 0.492642
1428, 724, 704, 0.507003, 0.492997
1429, 724, 705, 0.506648, 0.493352
1430, 725, 705, 0.506993, 0.493007
1431, 726, 705, 0.507338, 0.492662
1432, 727, 705, 0.507682, 0.492318
1433, 728, 705, 0.508025, 0.491975
1434, 728, 706, 0.507671, 0.492329
1435, 729, 706, 0.508014, 0.491986
1436, 730, 706, 0.508357, 0.491643
1437, 731, 706, 0.508699, 0.491301
1438, 732, 706, 0.50904, 0.49096
1439, 732, 707, 0.508687, 0.491313
1440, 732, 708, 0.508333, 0.491667
1441, 733, 708, 0.508675, 0.491325
1442, 733, 709, 0.508322, 0.491678
1443, 733, 710, 0.50797, 0.49203
1444, 734, 710, 0.50831, 0.49169
1445, 735, 710, 0.508651, 0.491349
1446, 736, 710, 0.50899, 0.49101
1447, 736, 711, 0.508639, 0.491361
1448, 737, 711, 0.508978, 0.491022
1449, 738, 711, 0.509317, 0.490683
1450, 738, 712, 0.508966, 0.491034
1451, 738, 713, 0.508615, 0.491385
1452, 739, 713, 0.508953, 0.491047
1453, 739, 714, 0.508603, 0.491397
1454, 739, 715, 0.508253, 0.491747
1455, 740, 715, 0.508591, 0.491409
1456, 741, 715, 0.508929, 0.491071
1457, 741, 716, 0.508579, 0.491421
1458, 742, 716, 0.508916, 0.491084
1459, 742, 717, 0.508568, 0.491432
1460, 742, 718, 0.508219, 0.491781
1461, 742, 719, 0.507871, 0.492129
1462, 742, 720, 0.507524, 0.492476
1463, 742, 721, 0.507177, 0.492823
1464, 743, 721, 0.507514, 0.492486
1465, 744, 721, 0.50785, 0.49215
1466, 745, 721, 0.508186, 0.491814
1467, 745, 722, 0.507839, 0.492161
1468, 746, 722, 0.508174, 0.491826
1469, 746, 723, 0.507828, 0.492172
1470, 746, 724, 0.507483, 0.492517
1471, 747, 724, 0.507818, 0.492182
1472, 748, 724, 0.508152, 0.491848
1473, 748, 725, 0.507807, 0.492193
1474, 748, 726, 0.507463, 0.492537
1475, 749, 726, 0.507797, 0.492203
1476, 749, 727, 0.507453, 0.492547
1477, 750, 727, 0.507786, 0.492214
1478, 751, 727, 0.508119, 0.491881
1479, 752, 727, 0.508452, 0.491548
1480, 752, 728, 0.508108, 0.491892
1481, 753, 728, 0.50844, 0.49156
1482, 753, 729, 0.508097, 0.491903
1483, 753, 730, 0.507755, 0.492245
1484, 754, 730, 0.508086, 0.491914
1485, 754, 731, 0.507744, 0.492256
1486, 754, 732, 0.507402, 0.492598
1487, 754, 733, 0.507061, 0.492939
1488, 755, 733, 0.507392, 0.492608
1489, 756, 733, 0.507723, 0.492277
1490, 757, 733, 0.508054, 0.491946
1491, 757, 734, 0.507713, 0.492287
1492, 758, 734, 0.508043, 0.491957
1493, 758, 735, 0.507703, 0.492297
1494, 758, 736, 0.507363, 0.492637
1495, 758, 737, 0.507023, 0.492977
1496, 759, 737, 0.507353, 0.492647
1497, 759, 738, 0.507014, 0.492986
1498, 759, 739, 0.506676, 0.493324
1499, 759, 740, 0.506338, 0.493662
1500, 760, 740, 0.506667, 0.493333
1501, 761, 740, 0.506995, 0.493005
1502, 762, 740, 0.507324, 0.492676
1503, 763, 740, 0.507651, 0.492349
1504, 764, 740, 0.507979, 0.492021
1505, 764, 741, 0.507641, 0.492359
1506, 764, 742, 0.507304, 0.492696
1507, 764, 743, 0.506967, 0.493033
1508, 765, 743, 0.507294, 0.492706
1509, 766, 743, 0.507621, 0.492379
1510, 767, 743, 0.507947, 0.492053
1511, 768, 743, 0.508273, 0.491727
1512, 768, 744, 0.507937, 0.492063
1513, 769, 744, 0.508262, 0.491738
1514, 770, 744, 0.508587, 0.491413
1515, 770, 745, 0.508251, 0.491749
1516, 771, 745, 0.508575, 0.491425
1517, 772, 745, 0.508899, 0.491101
1518, 772, 746, 0.508564, 0.491436
1519, 772, 747, 0.508229, 0.491771
1520, 772, 748, 0.507895, 0.492105
1521, 772, 749, 0.507561, 0.492439
1522, 772, 750, 0.507227, 0.492773
1523, 772, 751, 0.506894, 0.493106
1524, 773, 751, 0.507218, 0.492782
1525, 774, 751, 0.507541, 0.492459
1526, 775, 751, 0.507864, 0.492136
1527, 775, 752, 0.507531, 0.492469
1528, 775, 753, 0.507199, 0.492801
1529, 776, 753, 0.507521, 0.492479
1530, 776, 754, 0.50719, 0.49281
1531, 777, 754, 0.507511, 0.492489
1532, 778, 754, 0.507833, 0.492167
1533, 779, 754, 0.508154, 0.491846
1534, 779, 755, 0.507823, 0.492177
1535, 780, 755, 0.508143, 0.491857
1536, 780, 756, 0.507812, 0.492188
1537, 780, 757, 0.507482, 0.492518
1538, 781, 757, 0.507802, 0.492198
1539, 782, 757, 0.508122, 0.491878
1540, 782, 758, 0.507792, 0.492208
1541, 783, 758, 0.508112, 0.491888
1542, 783, 759, 0.507782, 0.492218
1543, 783, 760, 0.507453, 0.492547
1544, 784, 760, 0.507772, 0.492228
1545, 784, 761, 0.507443, 0.492557
1546, 784, 762, 0.507115, 0.492885
1547, 784, 763, 0.506787, 0.493213
1548, 785, 763, 0.507106, 0.492894
1549, 785, 764, 0.506779, 0.493221
1550, 785, 765, 0.506452, 0.493548
1551, 785, 766, 0.506125, 0.493875
1552, 785, 767, 0.505799, 0.494201
1553, 786, 767, 0.506117, 0.493883
1554, 786, 768, 0.505792, 0.494208
1555, 787, 768, 0.506109, 0.493891
1556, 788, 768, 0.506427, 0.493573
1557, 788, 769, 0.506101, 0.493899
1558, 789, 769, 0.506418, 0.493582
1559, 790, 769, 0.506735, 0.493265
1560, 790, 770, 0.50641, 0.49359
1561, 790, 771, 0.506086, 0.493914
1562, 791, 771, 0.506402, 0.493598
1563, 791, 772, 0.506078, 0.493922
1564, 792, 772, 0.506394, 0.493606
1565, 793, 772, 0.506709, 0.493291
1566, 794, 772, 0.507024, 0.492976
1567, 795, 772, 0.507339, 0.492661
1568, 796, 772, 0.507653, 0.492347
1569, 796, 773, 0.50733, 0.49267
1570, 797, 773, 0.507643, 0.492357
1571, 798, 773, 0.507957, 0.492043
1572, 799, 773, 0.50827, 0.49173
1573, 800, 773, 0.508582, 0.491418
1574, 801, 773, 0.508895, 0.491105
1575, 802, 773, 0.509206, 0.490794
1576, 802, 774, 0.508883, 0.491117
1577, 802, 775, 0.508561, 0.491439
1578, 803, 775, 0.508872, 0.491128
1579, 804, 775, 0.509183, 0.490817
1580, 805, 775, 0.509494, 0.490506
1581, 806, 775, 0.509804, 0.490196
1582, 807, 775, 0.510114, 0.489886
1583, 807, 776, 0.509792, 0.490208
1584, 807, 777, 0.50947, 0.49053
1585, 807, 778, 0.509148, 0.490852
1586, 808, 778, 0.509458, 0.490542
1587, 809, 778, 0.509767, 0.490233
1588, 809, 779, 0.509446, 0.490554
1589, 810, 779, 0.509755, 0.490245
1590, 811, 779, 0.510063, 0.489937
1591, 811, 780, 0.509742, 0.490258
1592, 812, 780, 0.51005, 0.48995
1593, 813, 780, 0.510358, 0.489642
1594, 814, 780, 0.510665, 0.489335
1595, 814, 781, 0.510345, 0.489655
1596, 815, 781, 0.510652, 0.489348
1597, 816, 781, 0.510958, 0.489042
1598, 816, 782, 0.510638, 0.489362
1599, 817, 782, 0.510944, 0.489056
1600, 818, 782, 0.51125, 0.48875
1601, 819, 782, 0.511555, 0.488445
1602, 820, 782, 0.51186, 0.48814
1603, 821, 782, 0.512165, 0.487835
1604, 821, 783, 0.511845, 0.488155
1605, 821, 784, 0.511526, 0.488474
1606, 822, 784, 0.511831, 0.488169
1607, 823, 784, 0.512134, 0.487866
1608, 824, 784, 0.512438, 0.487562
1609, 824, 785, 0.512119, 0.487881
1610, 824, 786, 0.511801, 0.488199
1611, 824, 787, 0.511484, 0.488516
1612, 825, 787, 0.511787, 0.488213
1613, 826, 787, 0.512089, 0.487911
1614, 826, 788, 0.511772, 0.488228
1615, 826, 789, 0.511455, 0.488545
1616, 826, 790, 0.511139, 0.488861
1617, 827, 790, 0.511441, 0.488559
1618, 827, 791, 0.511125, 0.488875
1619, 827, 792, 0.510809, 0.489191
1620, 827, 793, 0.510494, 0.489506
1621, 828, 793, 0.510796, 0.489204
1622, 828, 794, 0.510481, 0.489519
1623, 829, 794, 0.510783, 0.489217
1624, 829, 795, 0.510468, 0.489532
1625, 829, 796, 0.510154, 0.489846
1626, 829, 797, 0.50984, 0.49016
1627, 829, 798, 0.509527, 0.490473
1628, 830, 798, 0.509828, 0.490172
1629, 831, 798, 0.510129, 0.489871
1630, 831, 799, 0.509816, 0.490184
1631, 832, 799, 0.510116, 0.489884
1632, 832, 800, 0.509804, 0.490196
1633, 832, 801, 0.509492, 0.490508
1634, 832, 802, 0.50918, 0.49082
1635, 833, 802, 0.50948, 0.49052
1636, 833, 803, 0.509169, 0.490831
1637, 833, 804, 0.508858, 0.491142
1638, 833, 805, 0.508547, 0.491453
1639, 834, 805, 0.508847, 0.491153
1640, 834, 806, 0.508537, 0.491463
1641, 835, 806, 0.508836, 0.491164
1642, 836, 806, 0.509135, 0.490865
1643, 836, 807, 0.508825, 0.491175
1644, 837, 807, 0.509124, 0.490876
1645, 837, 808, 0.508815, 0.491185
1646, 838, 808, 0.509113, 0.490887
1647, 839, 808, 0.509411, 0.490589
1648, 839, 809, 0.509102, 0.490898
1649, 839, 810, 0.508793, 0.491207
1650, 840, 810, 0.509091, 0.490909
1651, 840, 811, 0.508783, 0.491217
1652, 841, 811, 0.50908, 0.49092
1653, 841, 812, 0.508772, 0.491228
1654, 841, 813, 0.508464, 0.491536
1655, 841, 814, 0.508157, 0.491843
1656, 842, 814, 0.508454, 0.491546
1657, 842, 815, 0.508147, 0.491853
1658, 842, 816, 0.507841, 0.492159
1659, 842, 817, 0.507535, 0.492465
1660, 842, 818, 0.507229, 0.492771
1661, 843, 818, 0.507526, 0.492474
1662, 843, 819, 0.50722, 0.49278
1663, 844, 819, 0.507517, 0.492483
1664, 844, 820, 0.507212, 0.492788
1665, 844, 821, 0.506907, 0.493093
1666, 845, 821, 0.507203, 0.492797
1667, 846, 821, 0.507499, 0.492501
1668, 846, 822, 0.507194, 0.492806
1669, 847, 822, 0.50749, 0.49251
1670, 848, 822, 0.507784, 0.492216
1671, 849, 822, 0.508079, 0.491921
1672, 850, 822, 0.508373, 0.491627
1673, 850, 823, 0.508069, 0.491931
1674, 851, 823, 0.508363, 0.491637
1675, 852, 823, 0.508657, 0.491343
1676, 853, 823, 0.50895, 0.49105
1677, 853, 824, 0.508646, 0.491354
1678, 853, 825, 0.508343, 0.491657
1679, 854, 825, 0.508636, 0.491364
1680, 854, 826, 0.508333, 0.491667
1681, 855, 826, 0.508626, 0.491374
1682, 856, 826, 0.508918, 0.491082
1683, 856, 827, 0.508616, 0.491384
1684, 857, 827, 0.508907, 0.491093
1685, 857, 828, 0.508605, 0.491395
1686, 857, 829, 0.508304, 0.491696
1687, 857, 830, 0.508002, 0.491998
1688, 858, 830, 0.508294, 0.491706
1689, 859, 830, 0.508585, 0.491415
1690, 859, 831, 0.508284, 0.491716
1691, 859, 832, 0.507983, 0.492017
1692, 859, 833, 0.507683, 0.492317
1693, 860, 833, 0.507974, 0.492026
1694, 860, 834, 0.507674, 0.492326
1695, 860, 835, 0.507375, 0.492625
1696, 860, 836, 0.507075, 0.492925
1697, 860, 837, 0.506777, 0.493223
1698, 861, 837, 0.507067, 0.492933
1699, 862, 837, 0.507357, 0.492643
1700, 862, 838, 0.507059, 0.492941
1701, 863, 838, 0.507349, 0.492651
1702, 864, 838, 0.507638, 0.492362
1703, 865, 838, 0.507927, 0.492073
1704, 865, 839, 0.507629, 0.492371
1705, 865, 840, 0.507331, 0.492669
1706, 866, 840, 0.50762, 0.49238
1707, 866, 841, 0.507323, 0.492677
1708, 867, 841, 0.507611, 0.492389
1709, 867, 842, 0.507314, 0.492686
1710, 868, 842, 0.507602, 0.492398
1711, 869, 842, 0.50789, 0.49211
1712, 870, 842, 0.508178, 0.491822
1713, 870, 843, 0.507881, 0.492119
1714, 871, 843, 0.508168, 0.491832
1715, 871, 844, 0.507872, 0.492128
1716, 871, 845, 0.507576, 0.492424
1717, 871, 846, 0.50728, 0.49272
1718, 872, 846, 0.507567, 0.492433
1719, 873, 846, 0.507853, 0.492147
1720, 874, 846, 0.50814, 0.49186
1721, 874, 847, 0.507844, 0.492156
1722, 874, 848, 0.507549, 0.492451
1723, 875, 848, 0.507835, 0.492165
1724, 876, 848, 0.508121, 0.491879
1725, 877, 848, 0.508406, 0.491594
1726, 877, 849, 0.508111, 0.491889
1727, 878, 849, 0.508396, 0.491604
1728, 879, 849, 0.508681, 0.491319
1729, 880, 849, 0.508965, 0.491035
1730, 880, 850, 0.508671, 0.491329
1731, 880, 851, 0.508377, 0.491623
1732, 881, 851, 0.508661, 0.491339
1733, 881, 852, 0.508367, 0.491633
1734, 882, 852, 0.508651, 0.491349
1735, 882, 853, 0.508357, 0.491643
1736, 883, 853, 0.508641, 0.491359
1737, 883, 854, 0.508348, 0.491652
1738, 883, 855, 0.508055, 0.491945
1739, 884, 855, 0.508338, 0.491662
1740, 885, 855, 0.508621, 0.491379
1741, 885, 856, 0.508329, 0.491671
1742, 885, 857, 0.508037, 0.491963
1743, 886, 857, 0.508319, 0.491681
1744, 887, 857, 0.508601, 0.491399
1745, 888, 857, 0.508883, 0.491117
1746, 889, 857, 0.509164, 0.490836
1747, 890, 857, 0.509445, 0.490555
1748, 890, 858, 0.509153, 0.490847
1749, 890, 859, 0.508862, 0.491138
1750, 891, 859, 0.509143, 0.490857
1751, 892, 859, 0.509423, 0.490577
1752, 892, 860, 0.509132, 0.490868
1753, 892, 861, 0.508842, 0.491158
1754, 893, 861, 0.509122, 0.490878
1755, 894, 861, 0.509402, 0.490598
1756, 894, 862, 0.509112, 0.490888
1757, 895, 862, 0.509391, 0.490609
1758, 896, 862, 0.50967, 0.49033
1759, 897, 862, 0.509949, 0.490051
1760, 897, 863, 0.509659, 0.490341
1761, 898, 863, 0.509938, 0.490062
1762, 898, 864, 0.509648, 0.490352
1763, 899, 864, 0.509926, 0.490074
1764, 899, 865, 0.509637, 0.490363
1765, 899, 866, 0.509348, 0.490652
1766, 900, 866, 0.509626, 0.490374
1767, 900, 867, 0.509338, 0.490662
1768, 901, 867, 0.509615, 0.490385
1769, 902, 867, 0.509893, 0.490107
1770, 903, 867, 0.510169, 0.489831
1771, 904, 867, 0.510446, 0.489554
1772, 905, 867, 0.510722, 0.489278
1773, 905, 868, 0.510434, 0.489566
1774, 906, 868, 0.51071, 0.48929
1775, 907, 868, 0.510986, 0.489014
1776, 908, 868, 0.511261, 0.488739
1777, 909, 868, 0.511536, 0.488464
1778, 909, 869, 0.511249, 0.488751
1779, 910, 869, 0.511523, 0.488477
1780, 910, 870, 0.511236, 0.488764
1781, 911, 870, 0.51151, 0.48849
1782, 911, 871, 0.511223, 0.488777
1783, 912, 871, 0.511497, 0.488503
1784, 913, 871, 0.511771, 0.488229
1785, 914, 871, 0.512045, 0.487955
1786, 914, 872, 0.511758, 0.488242
1787, 914, 873, 0.511472, 0.488528
1788, 914, 874, 0.511186, 0.488814
1789, 914, 875, 0.5109, 0.4891
1790, 914, 876, 0.510615, 0.489385
1791, 915, 876, 0.510888, 0.489112
1792, 916, 876, 0.511161, 0.488839
1793, 916, 877, 0.510876, 0.489124
1794, 917, 877, 0.511148, 0.488852
1795, 918, 877, 0.511421, 0.488579
1796, 918, 878, 0.511136, 0.488864
1797, 918, 879, 0.510851, 0.489149
1798, 918, 880, 0.510567, 0.489433
1799, 919, 880, 0.510839, 0.489161
1800, 919, 881, 0.510556, 0.489444
1801, 919, 882, 0.510272, 0.489728
1802, 920, 882, 0.510544, 0.489456
1803, 920, 883, 0.510261, 0.489739
1804, 921, 883, 0.510532, 0.489468
1805, 922, 883, 0.510803, 0.489197
1806, 922, 884, 0.51052, 0.48948
1807, 922, 885, 0.510238, 0.489762
1808, 923, 885, 0.510509, 0.489491
1809, 924, 885, 0.510779, 0.489221
1810, 925, 885, 0.51105, 0.48895
1811, 925, 886, 0.510768, 0.489232
1812, 925, 887, 0.510486, 0.489514
1813, 926, 887, 0.510756, 0.489244
1814, 926, 888, 0.510474, 0.489526
1815, 927, 888, 0.510744, 0.489256
1816, 927, 889, 0.510463, 0.489537
1817, 928, 889, 0.510732, 0.489268
1818, 928, 890, 0.510451, 0.489549
1819, 928, 891, 0.51017, 0.48983
1820, 929, 891, 0.51044, 0.48956
1821, 930, 891, 0.510708, 0.489292
1822, 930, 892, 0.510428, 0.489572
1823, 930, 893, 0.510148, 0.489852
1824, 930, 894, 0.509868, 0.490132
1825, 930, 895, 0.509589, 0.490411
1826, 931, 895, 0.509858, 0.490142
1827, 932, 895, 0.510126, 0.489874
1828, 933, 895, 0.510394, 0.489606
1829, 934, 895, 0.510662, 0.489338
1830, 935, 895, 0.510929, 0.489071
1831, 935, 896, 0.51065, 0.48935
1832, 935, 897, 0.510371, 0.489629
1833, 935, 898, 0.510093, 0.489907
1834, 936, 898, 0.51036, 0.48964
1835, 936, 899, 0.510082, 0.489918
1836, 937, 899, 0.510349, 0.489651
1837, 937, 900, 0.510071, 0.489929
1838, 938, 900, 0.510337, 0.489663
1839, 938, 901, 0.51006, 0.48994
1840, 938, 902, 0.509783, 0.490217
1841, 939, 902, 0.510049, 0.489951
1842, 940, 902, 0.510315, 0.489685
1843, 941, 902, 0.510581, 0.489419
1844, 941, 903, 0.510304, 0.489696
1845, 942, 903, 0.510569, 0.489431
1846, 942, 904, 0.510293, 0.489707
1847, 942, 905, 0.510016, 0.489984
1848, 942, 906, 0.50974, 0.49026
1849, 942, 907, 0.509465, 0.490535
1850, 942, 908, 0.509189, 0.490811
1851, 942, 909, 0.508914, 0.491086
1852, 942, 910, 0.508639, 0.491361
1853, 943, 910, 0.508904, 0.491096
1854, 943, 911, 0.50863, 0.49137
1855, 944, 911, 0.508895, 0.491105
1856, 945, 911, 0.509159, 0.490841
1857, 945, 912, 0.508885, 0.491115
1858, 946, 912, 0.50915, 0.49085
1859, 947, 912, 0.509414, 0.490586
1860, 948, 912, 0.509677, 0.490323
1861, 948, 913, 0.509404, 0.490596
1862, 948, 914, 0.50913, 0.49087
1863, 949, 914, 0.509393, 0.490607
1864, 949, 915, 0.50912, 0.49088
1865, 949, 916, 0.508847, 0.491153
1866, 950, 916, 0.50911, 0.49089
1867, 951, 916, 0.509373, 0.490627
1868, 951, 917, 0.509101, 0.490899
1869, 951, 918, 0.508828, 0.491172
1870, 951, 919, 0.508556, 0.491444
1871, 952, 919, 0.508819, 0.491181
1872, 952, 920, 0.508547, 0.491453
1873, 952, 921, 0.508275, 0.491725
1874, 952, 922, 0.508004, 0.491996
1875, 952, 923, 0.507733, 0.492267
1876, 952, 924, 0.507463, 0.492537
1877, 952, 925, 0.507192, 0.492808
1878, 953, 925, 0.507455, 0.492545
1879, 954, 925, 0.507717, 0.492283
1880, 955, 925, 0.507979, 0.492021
1881, 956, 925, 0.50824, 0.49176
1882, 957, 925, 0.508502, 0.491498
1883, 958, 925, 0.508763, 0.491237
1884, 958, 926, 0.508493, 0.491507
1885, 959, 926, 0.508753, 0.491247
1886, 960, 926, 0.509014, 0.490986
1887, 960, 927, 0.508744, 0.491256
1888, 961, 927, 0.509004, 0.490996
1889, 961, 928, 0.508735, 0.491265
1890, 962, 928, 0.508995, 0.491005
1891, 962, 929, 0.508726, 0.491274
1892, 962, 930, 0.508457, 0.491543
1893, 962, 931, 0.508188, 0.491812
1894, 962, 932, 0.50792, 0.49208
1895, 962, 933, 0.507652, 0.492348
1896, 962, 934, 0.507384, 0.492616
1897, 963, 934, 0.507644, 0.492356
1898, 963, 935, 0.507376, 0.492624
1899, 963, 936, 0.507109, 0.492891
1900, 963, 937, 0.506842, 0.493158
1901, 964, 937, 0.507102, 0.492898
1902, 964, 938, 0.506835, 0.493165
1903, 965, 938, 0.507094, 0.492906
1904, 966, 938, 0.507353, 0.492647
1905, 966, 939, 0.507087, 0.492913
1906, 966, 940, 0.506821, 0.493179
1907, 966, 941, 0.506555, 0.493445
1908, 966, 942, 0.506289, 0.493711
1909, 966, 943, 0.506024, 0.493976
1910, 967, 943, 0.506283, 0.493717
1911, 967, 944, 0.506018, 0.493982
1912, 967, 945, 0.505753, 0.494247
1913, 967, 946, 0.505489, 0.494511
1914, 967, 947, 0.505225, 0.494775
1915, 968, 947, 0.505483, 0.494517
1916, 969, 947, 0.505741, 0.494259
1917, 970, 947, 0.505999, 0.494001
1918, 970, 948, 0.505735, 0.494265
1919, 971, 948, 0.505993, 0.494007
1920, 972, 948, 0.50625, 0.49375
1921, 973, 948, 0.506507, 0.493493
1922, 974, 948, 0.506764, 0.493236
1923, 974, 949, 0.5065, 0.4935
1924, 975, 949, 0.506757, 0.493243
1925, 976, 949, 0.507013, 0.492987
1926, 977, 949, 0.507269, 0.492731
1927, 978, 949, 0.507525, 0.492475
1928, 979, 949, 0.50778, 0.49222
1929, 980, 949, 0.508035, 0.491965
1930, 980, 950, 0.507772, 0.492228
1931, 980, 951, 0.507509, 0.492491
1932, 980, 952, 0.507246, 0.492754
1933, 980, 953, 0.506984, 0.493016
1934, 980, 954, 0.506722, 0.493278
1935, 981, 954, 0.506977, 0.493023
1936, 982, 954, 0.507231, 0.492769
1937, 982, 955, 0.50697, 0.49303
1938, 982, 956, 0.506708, 0.493292
1939, 982, 957, 0.506447, 0.493553
1940, 983, 957, 0.506701, 0.493299
1941, 984, 957, 0.506955, 0.493045
1942, 985, 957, 0.507209, 0.492791
1943, 986, 957, 0.507463, 0.492537
1944, 986, 958, 0.507202, 0.492798
1945, 987, 958, 0.507455, 0.492545
1946, 988, 958, 0.507708, 0.492292
1947, 989, 958, 0.507961, 0.492039
1948, 990, 958, 0.508214, 0.491786
1949, 991, 958, 0.508466, 0.491534
1950, 992, 958, 0.508718, 0.491282
1951, 992, 959, 0.508457, 0.491543
1952, 992, 960, 0.508197, 0.491803
1953, 993, 960, 0.508449, 0.491551
1954, 993, 961, 0.508188, 0.491812
1955, 993, 962, 0.507928, 0.492072
1956, 993, 963, 0.507669, 0.492331
1957, 993, 964, 0.507409, 0.492591
1958, 994, 964, 0.507661, 0.492339
1959, 994, 965, 0.507402, 0.492598
1960, 994, 966, 0.507143, 0.492857
1961, 994, 967, 0.506884, 0.493116
1962, 994, 968, 0.506626, 0.493374
1963, 994, 969, 0.506368, 0.493632
1964, 994, 970, 0.50611, 0.49389
1965, 994, 971, 0.505852, 0.494148
1966, 995, 971, 0.506104, 0.493896
1967, 995, 972, 0.505846, 0.494154
1968, 996, 972, 0.506098, 0.493902
1969, 997, 972, 0.506348, 0.493652
1970, 998, 972, 0.506599, 0.493401
1971, 999, 972, 0.506849, 0.493151
1972, 1000, 972, 0.507099, 0.492901
1973, 1000, 973, 0.506842, 0.493158
1974, 1000, 974, 0.506586, 0.493414
1975, 1000, 975, 0.506329, 0.493671
1976, 1000, 976, 0.506073, 0.493927
1977, 1000, 977, 0.505817, 0.494183
1978, 1001, 977, 0.506067, 0.493933
1979, 1001, 978, 0.505811, 0.494189
1980, 1002, 978, 0.506061, 0.493939
1981, 1003, 978, 0.50631, 0.49369
1982, 1004, 978, 0.506559, 0.493441
1983, 1004, 979, 0.506304, 0.493696
1984, 1005, 979, 0.506552, 0.493448
1985, 1006, 979, 0.506801, 0.493199
1986, 1006, 980, 0.506546, 0.493454
1987, 1006, 981, 0.506291, 0.493709
1988, 1007, 981, 0.506539, 0.493461
1989, 1007, 982, 0.506285, 0.493715
1990, 1007, 983, 0.50603, 0.49397
1991, 1007, 984, 0.505776, 0.494224
1992, 1007, 985, 0.505522, 0.494478
1993, 1007, 986, 0.505268, 0.494732
1994, 1007, 987, 0.505015, 0.494985
1995, 1007, 988, 0.504762, 0.495238
1996, 1007, 989, 0.504509, 0.495491
1997, 1008, 989, 0.504757, 0.495243
1998, 1008, 990, 0.504505, 0.495495
1999, 1009, 990, 0.504752, 0.495248
2000, 1009, 991, 0.5045, 0.4955
2001, 1009, 992, 0.504248, 0.495752
2002, 1010, 992, 0.504496, 0.495504
2003, 1011, 992, 0.504743, 0.495257
2004, 1012, 992, 0.50499, 0.49501
2005, 1013, 992, 0.505237, 0.494763
2006, 1013, 993, 0.504985, 0.495015
2007, 1013, 994, 0.504733, 0.495267
2008, 1014, 994, 0.50498, 0.49502
2009, 1015, 994, 0.505226, 0.494774
2010, 1015, 995, 0.504975, 0.495025
2011, 1016, 995, 0.505221, 0.494779
2012, 1016, 996, 0.50497, 0.49503
2013, 1017, 996, 0.505216, 0.494784
2014, 1017, 997, 0.504965, 0.495035
2015, 1018, 997, 0.505211, 0.494789
2016, 1019, 997, 0.505456, 0.494544
2017, 1019, 998, 0.505206, 0.494794
2018, 1020, 998, 0.505451, 0.494549
2019, 1020, 999, 0.505201, 0.494799
2020, 1020, 1000, 0.50495, 0.49505
2021, 1020, 1001, 0.504701, 0.495299
2022, 1020, 1002, 0.504451, 0.495549
2023, 1021, 1002, 0.504696, 0.495304
2024, 1021, 1003, 0.504447, 0.495553
2025, 1021, 1004, 0.504198, 0.495802
2026, 1022, 1004, 0.504442, 0.495558
2027, 1023, 1004, 0.504687, 0.495313
2028, 1024, 1004, 0.504931, 0.495069
2029, 1025, 1004, 0.505175, 0.494825
2030, 1025, 1005, 0.504926, 0.495074
2031, 1026, 1005, 0.50517, 0.49483
2032, 1026, 1006, 0.504921, 0.495079
2033, 1026, 1007, 0.504673, 0.495327
2034, 1026, 1008, 0.504425, 0.495575
2035, 1027, 1008, 0.504668, 0.495332
2036, 1028, 1008, 0.504912, 0.495088
2037, 1028, 1009, 0.504664, 0.495336
2038, 1028, 1010, 0.504416, 0.495584
2039, 1029, 1010, 0.504659, 0.495341
2040, 1029, 1011, 0.504412, 0.495588
2041, 1030, 1011, 0.504655, 0.495345
2042, 1031, 1011, 0.504897, 0.495103
2043, 1031, 1012, 0.50465, 0.49535
2044, 1032, 1012, 0.504892, 0.495108
2045, 1033, 1012, 0.505134, 0.494866
2046, 1034, 1012, 0.505376, 0.494624
2047, 1035, 1012, 0.505618, 0.494382
2048, 1036, 1012, 0.505859, 0.494141
2049, 1036, 1013, 0.505612, 0.494388
2050, 1036, 1014, 0.505366, 0.494634
2051, 1036, 1015, 0.505119, 0.494881
2052, 1036, 1016, 0.504873, 0.495127
2053, 1036, 1017, 0.504627, 0.495373
2054, 1037, 1017, 0.504869, 0.495131
2055, 1038, 1017, 0.505109, 0.494891
2056, 1039, 1017, 0.50535, 0.49465
2057, 1040, 1017, 0.505591, 0.494409
2058, 1040, 1018, 0.505345, 0.494655
2059, 1041, 1018, 0.505585, 0.494415
2060, 1041, 1019, 0.50534, 0.49466
2061, 1042, 1019, 0.50558, 0.49442
2062, 1042, 1020, 0.505335, 0.494665
2063, 1042, 1021, 0.50509, 0.49491
2064, 1043, 1021, 0.505329, 0.494671
2065, 1044, 1021, 0.505569, 0.494431
2066, 1045, 1021, 0.505808, 0.494192
2067, 1046, 1021, 0.506047, 0.493953
2068, 1047, 1021, 0.506286, 0.493714
2069, 1048, 1021, 0.506525, 0.493475
2070, 1048, 1022, 0.50628, 0.49372
2071, 1048, 1023, 0.506036, 0.493964
2072, 1049, 1023, 0.506274, 0.493726
2073, 1049, 1024, 0.50603, 0.49397
2074, 1049, 1025, 0.505786, 0.494214
2075, 1049, 1026, 0.505542, 0.494458
2076, 1049, 1027, 0.505299, 0.494701
2077, 1050, 1027, 0.505537, 0.494463
2078, 1051, 1027, 0.505775, 0.494225
2079, 1051, 1028, 0.505532, 0.494468
2080, 1052, 1028, 0.505769, 0.494231
2081, 1052, 1029, 0.505526, 0.494474
2082, 1053, 1029, 0.505764, 0.494236
2083, 1053, 1030, 0.505521, 0.494479
2084, 1053, 1031, 0.505278, 0.494722
2085, 1054, 1031, 0.505516, 0.494484
2086, 1054, 1032, 0.505273, 0.494727
2087, 1055, 1032, 0.50551, 0.49449
2088, 1056, 1032, 0.505747, 0.494253
2089, 1057, 1032, 0.505984, 0.494016
2090, 1057, 1033, 0.505742, 0.494258
2091, 1058, 1033, 0.505978, 0.494022
2092, 1059, 1033, 0.506214, 0.493786
2093, 1060, 1033, 0.50645, 0.49355
2094, 1061, 1033, 0.506686, 0.493314
2095, 1062, 1033, 0.506921, 0.493079
2096, 1063, 1033, 0.507156, 0.492844
2097, 1064, 1033, 0.507392, 0.492608
2098, 1065, 1033, 0.507626, 0.492374
2099, 1065, 1034, 0.507384, 0.492616
2100, 1065, 1035, 0.507143, 0.492857
2101, 1065, 1036, 0.506901, 0.493099
2102, 1066, 1036, 0.507136, 0.492864
2103, 1066, 1037, 0.506895, 0.493105
2104, 1066, 1038, 0.506654, 0.493346
2105, 1067, 1038, 0.506888, 0.493112
2106, 1067, 1039, 0.506648, 0.493352
2107, 1068, 1039, 0.506882, 0.493118
2108, 1069, 1039, 0.507116, 0.492884
2109, 1070, 1039, 0.507349, 0.492651
2110, 1070, 1040, 0.507109, 0.492891
2111, 1071, 1040, 0.507342, 0.492658
2112, 1071, 1041, 0.507102, 0.492898
2113, 1071, 1042, 0.506862, 0.493138
2114, 1072, 1042, 0.507096, 0.492904
2115, 1072, 1043, 0.506856, 0.493144
2116, 1072, 1044, 0.506616, 0.493384
2117, 1073, 1044, 0.506849, 0.493151
2118, 1073, 1045, 0.50661, 0.49339
2119, 1074, 1045, 0.506843, 0.493157
2120, 1074, 1046, 0.506604, 0.493396
2121, 1075, 1046, 0.506836, 0.493164
2122, 1076, 1046, 0.507069, 0.492931
2123, 1076, 1047, 0.50683, 0.49317
2124, 1076, 1048, 0.506591, 0.493409
2125, 1077, 1048, 0.506824, 0.493176
2126, 1078, 1048, 0.507056, 0.492944
2127, 1079, 1048, 0.507287, 0.492713
2128, 1080, 1048, 0.507519, 0.492481
2129, 1080, 1049, 0.50728, 0.49272
2130, 1080, 1050, 0.507042, 0.492958
2131, 1080, 1051, 0.506804, 0.493196
2132, 1081, 1051, 0.507036, 0.492964
2133, 1081, 1052, 0.506798, 0.493202
2134, 1082, 1052, 0.507029, 0.492971
2135, 1083, 1052, 0.50726, 0.49274
2136, 1084, 1052, 0.507491, 0.492509
2137, 1084, 1053, 0.507253, 0.492747
2138, 1085, 1053, 0.507484, 0.492516
2139, 1086, 1053, 0.507714, 0.492286
2140, 1087, 1053, 0.507944, 0.492056
2141, 1088, 1053, 0.508174, 0.491826
2142, 1089, 1053, 0.508403, 0.491597
2143, 1089, 1054, 0.508166, 0.491834
2144, 1090, 1054, 0.508396, 0.491604
2145, 1091, 1054, 0.508625, 0.491375
2146, 1092, 1054, 0.508854, 0.491146
2147, 1092, 1055, 0.508617, 0.491383
2148, 1093, 1055, 0.508845, 0.491155
2149, 1093, 1056, 0.508609, 0.491391
2150, 1093, 1057, 0.508372, 0.491628
2151, 1093, 1058, 0.508136, 0.491864
2152, 1094, 1058, 0.508364, 0.491636
2153, 1095, 1058, 0.508593, 0.491407
2154, 1095, 1059, 0.508357, 0.491643
2155, 1096, 1059, 0.508585, 0.491415
2156, 1096, 1060, 0.508349, 0.491651
2157, 1096, 1061, 0.508113, 0.491887
2158, 1097, 1061, 0.508341, 0.491659
2159, 1098, 1061, 0.508569, 0.491431
2160, 1098, 1062, 0.508333, 0.491667
2161, 1098, 1063, 0.508098, 0.491902
2162, 1099, 1063, 0.508326, 0.491674
2163, 1100, 1063, 0.508553, 0.491447
2164, 1101, 1063, 0.50878, 0.49122
2165, 1101, 1064, 0.508545, 0.491455
2166, 1102, 1064, 0.508772, 0.491228
2167, 1103, 1064, 0.508999, 0.491001
2168, 1104, 1064, 0.509225, 0.490775
2169, 1104, 1065, 0.50899, 0.49101
2170, 1105, 1065, 0.509217, 0.490783
2171, 1105, 1066, 0.508982, 0.491018
2172, 1105, 1067, 0.508748, 0.491252
2173, 1105, 1068, 0.508514, 0.491486
2174, 1106, 1068, 0.50874, 0.49126
2175, 1106, 1069, 0.508506, 0.491494
2176, 1106, 1070, 0.508272, 0.491728
2177, 1106, 1071, 0.508039, 0.491961
2178, 1107, 1071, 0.508264, 0.491736
2179, 1107, 1072, 0.508031, 0.491969
2180, 1108, 1072, 0.508257, 0.491743
2181, 1108, 1073, 0.508024, 0.491976
2182, 1108, 1074, 0.507791, 0.492209
2183, 1108, 1075, 0.507558, 0.492442
2184, 1108, 1076, 0.507326, 0.492674
2185, 1108, 1077, 0.507094, 0.492906
2186, 1108, 1078, 0.506862, 0.493138
2187, 1108, 1079, 0.50663, 0.49337
2188, 1108, 1080, 0.506399, 0.493601
2189, 1108, 1081, 0.506167, 0.493833
2190, 1109, 1081, 0.506393, 0.493607
2191, 1110, 1081, 0.506618, 0.493382
2192, 1110, 1082, 0.506387, 0.493613
2193, 1110, 1083, 0.506156, 0.493844
2194, 1110, 1084, 0.505925, 0.494075
2195, 1111, 1084, 0.50615, 0.49385
2196, 1111, 1085, 0.50592, 0.49408
2197, 1112, 1085, 0.506145, 0.493855
2198, 1112, 1086, 0.505914, 0.494086
2199, 1112, 1087, 0.505684, 0.494316
2200, 1112, 1088, 0.505455, 0.494545
2201, 1112, 1089, 0.505225, 0.494775
2202, 1112, 1090, 0.504995, 0.495005
2203, 1112, 1091, 0.504766, 0.495234
2204, 1113, 1091, 0.504991, 0.495009
2205, 1113, 1092, 0.504762, 0.495238
2206, 1113, 1093, 0.504533, 0.495467
2207, 1113, 1094, 0.504304, 0.495696
2208, 1114, 1094, 0.504529, 0.495471
2209, 1115, 1094, 0.504753, 0.495247
2210, 1116, 1094, 0.504977, 0.495023
2211, 1116, 1095, 0.504749, 0.495251
2212, 1116, 1096, 0.504521, 0.495479
2213, 1117, 1096, 0.504745, 0.495255
2214, 1118, 1096, 0.504968, 0.495032
2215, 1118, 1097, 0.50474, 0.49526
2216, 1118, 1098, 0.504513, 0.495487
2217, 1118, 1099, 0.504285, 0.495715
2218, 1119, 1099, 0.504509, 0.495491
2219, 1119, 1100, 0.504281, 0.495719
2220, 1119, 1101, 0.504054, 0.495946
2221, 1119, 1102, 0.503827, 0.496173
2222, 1119, 1103, 0.5036, 0.4964
2223, 1119, 1104, 0.503374, 0.496626
2224, 1119, 1105, 0.503147, 0.496853
2225, 1120, 1105, 0.503371, 0.496629
2226, 1121, 1105, 0.503594, 0.496406
2227, 1121, 1106, 0.503368, 0.496632
2228, 1122, 1106, 0.503591, 0.496409
2229, 1123, 1106, 0.503813, 0.496187
2230, 1124, 1106, 0.504036, 0.495964
2231, 1125, 1106, 0.504258, 0.495742
2232, 1126, 1106, 0.50448, 0.49552
2233, 1126, 1107, 0.504254, 0.495746
2234, 1126, 1108, 0.504029, 0.495971
2235, 1126, 1109, 0.503803, 0.496197
2236, 1126, 1110, 0.503578, 0.496422
2237, 1126, 1111, 0.503353, 0.496647
2238, 1126, 1112, 0.503128, 0.496872
2239, 1126, 1113, 0.502903, 0.497097
2240, 1126, 1114, 0.502679, 0.497321
2241, 1127, 1114, 0.5029, 0.4971
2242, 1127, 1115, 0.502676, 0.497324
2243, 1127, 1116, 0.502452, 0.497548
2244, 1127, 1117, 0.502228, 0.497772
2245, 1127, 1118, 0.502004, 0.497996
2246, 1128, 1118, 0.502226, 0.497774
2247, 1129, 1118, 0.502448, 0.497552
2248, 1129, 1119, 0.502224, 0.497776
2249, 1130, 1119, 0.502446, 0.497554
2250, 1130, 1120, 0.502222, 0.497778
2251, 1131, 1120, 0.502443, 0.497557
2252, 1132, 1120, 0.502664, 0.497336
2253, 1133, 1120, 0.502885, 0.497115
2254, 1133, 1121, 0.502662, 0.497338
2255, 1133, 1122, 0.502439, 0.497561
2256, 1134, 1122, 0.50266, 0.49734
2257, 1135, 1122, 0.50288, 0.49712
2258, 1135, 1123, 0.502657, 0.497343
2259, 1136, 1123, 0.502877, 0.497123
2260, 1136, 1124, 0.502655, 0.497345
2261, 1137, 1124, 0.502875, 0.497125
2262, 1138, 1124, 0.503095, 0.496905
2263, 1138, 1125, 0.502872, 0.497128
2264, 1139, 1125, 0.503092, 0.496908
2265, 1139, 1126, 0.50287, 0.49713
2266, 1139, 1127, 0.502648, 0.497352
2267, 1139, 1128, 0.502426, 0.497574
2268, 1140, 1128, 0.502646, 0.497354
2269, 1140, 1129, 0.502424, 0.497576
2270, 1140, 1130, 0.502203, 0.497797
2271, 1141, 1130, 0.502422, 0.497578
2272, 1141, 1131, 0.502201, 0.497799
2273, 1141, 1132, 0.50198, 0.49802
2274, 1141, 1133, 0.501759, 0.498241
2275, 1141, 1134, 0.501538, 0.498462
2276, 1141, 1135, 0.501318, 0.498682
2277, 1141, 1136, 0.501098, 0.498902
2278, 1142, 1136, 0.501317, 0.498683
2279, 1143, 1136, 0.501536, 0.498464
2280, 1144, 1136, 0.501754, 0.498246
2281, 1145, 1136, 0.501973, 0.498027
2282, 1145, 1137, 0.501753, 0.498247
2283, 1145, 1138, 0.501533, 0.498467
2284, 1146, 1138, 0.501751, 0.498249
2285, 1147, 1138, 0.501969, 0.498031
2286, 1148, 1138, 0.502187, 0.497813
2287, 1148, 1139, 0.501968, 0.498032
2288, 1149, 1139, 0.502185, 0.497815
2289, 1150, 1139, 0.502403, 0.497597
2290, 1151, 1139, 0.50262, 0.49738
2291, 1151, 1140, 0.502401, 0.497599
2292, 1152, 1140, 0.502618, 0.497382
2293, 1152, 1141, 0.502399, 0.497601
2294, 1152, 1142, 0.50218, 0.49782
2295, 1153, 1142, 0.502397, 0.497603
2296, 1153, 1143, 0.502178, 0.497822
2297, 1154, 1143, 0.502394, 0.497606
2298, 1155, 1143, 0.502611, 0.497389
2299, 1156, 1143, 0.502827, 0.497173
2300, 1157, 1143, 0.503043, 0.496957
2301, 1158, 1143, 0.503259, 0.496741
2302, 1159, 1143, 0.503475, 0.496525
2303, 1160, 1143, 0.503691, 0.496309
2304, 1160, 1144, 0.503472, 0.496528
2305, 1160, 1145, 0.503254, 0.496746
2306, 1160, 1146, 0.503036, 0.496964
2307, 1160, 1147, 0.502818, 0.497182
2308, 1160, 1148, 0.5026, 0.4974
2309, 1161, 1148, 0.502815, 0.497185
2310, 1161, 1149, 0.502597, 0.497403
2311, 1162, 1149, 0.502813, 0.497187
2312, 1162, 1150, 0.502595, 0.497405
2313, 1163, 1150, 0.50281, 0.49719
2314, 1163, 1151, 0.502593, 0.497407
2315, 1163, 1152, 0.502376, 0.497624
2316, 1164, 1152, 0.502591, 0.497409
2317, 1164, 1153, 0.502374, 0.497626
2318, 1165, 1153, 0.502588, 0.497412
2319, 1165, 1154, 0.502372, 0.497628
2320, 1166, 1154, 0.502586, 0.497414
2321, 1166, 1155, 0.50237, 0.49763
2322, 1166, 1156, 0.502153, 0.497847
2323, 1166, 1157, 0.501937, 0.498063
2324, 1166, 1158, 0.501721, 0.498279
2325, 1166, 1159, 0.501505, 0.498495
2326, 1167, 1159, 0.50172, 0.49828
2327, 1168, 1159, 0.501934, 0.498066
2328, 1169, 1159, 0.502148, 0.497852
2329, 1170, 1159, 0.502362, 0.497638
2330, 1170, 1160, 0.502146, 0.497854
2331, 1171, 1160, 0.50236, 0.49764
2332, 1172, 1160, 0.502573, 0.497427
2333, 1172, 1161, 0.502357, 0.497643
2334, 1172, 1162, 0.502142, 0.497858
2335, 1173, 1162, 0.502355, 0.497645
2336, 1173, 1163, 0.50214, 0.49786
2337, 1173, 1164, 0.501926, 0.498074
2338, 1173, 1165, 0.501711, 0.498289
2339, 1174, 1165, 0.501924, 0.498076
2340, 1174, 1166, 0.501709, 0.498291
2341, 1175, 1166, 0.501922, 0.498078
2342, 1175, 1167, 0.501708, 0.498292
2343, 1176, 1167, 0.501921, 0.498079
2344, 1176, 1168, 0.501706, 0.498294
2345, 1177, 1168, 0.501919, 0.498081
2346, 1177, 1169, 0.501705, 0.498295
2347, 1178, 1169, 0.501917, 0.498083
2348, 1178, 1170, 0.501704, 0.498296
2349, 1178, 1171, 0.50149, 0.49851
2350, 1179, 1171, 0.501702, 0.498298
2351, 1180, 1171, 0.501914, 0.498086
2352, 1180, 1172, 0.501701, 0.498299
2353, 1181, 1172, 0.501912, 0.498088
2354, 1181, 1173, 0.501699, 0.498301
2355, 1182, 1173, 0.501911, 0.498089
2356, 1182, 1174, 0.501698, 0.498302
2357, 1183, 1174, 0.501909, 0.498091
2358, 1184, 1174, 0.50212, 0.49788
2359, 1184, 1175, 0.501908, 0.498092
2360, 1185, 1175, 0.502119, 0.497881
2361, 1185, 1176, 0.501906, 0.498094
2362, 1185, 1177, 0.501693, 0.498307
2363, 1185, 1178, 0.501481, 0.498519
2364, 1185, 1179, 0.501269, 0.498731
2365, 1185, 1180, 0.501057, 0.498943
2366, 1185, 1181, 0.500845, 0.499155
2367, 1186, 1181, 0.501056, 0.498944
2368, 1187, 1181, 0.501267, 0.498733
2369, 1188, 1181, 0.501477, 0.498523
2370, 1189, 1181, 0.501688, 0.498312
2371, 1189, 1182, 0.501476, 0.498524
2372, 1190, 1182, 0.501686, 0.498314
2373, 1190, 1183, 0.501475, 0.498525
2374, 1190, 1184, 0.501264, 0.498736
2375, 1190, 1185, 0.501053, 0.498947
2376, 1191, 1185, 0.501263, 0.498737
2377, 1191, 1186, 0.501052, 0.498948
2378, 1191, 1187, 0.500841, 0.499159
2379, 1192, 1187, 0.501051, 0.498949
2380, 1192, 1188, 0.50084, 0.49916
2381, 1193, 1188, 0.50105, 0.49895
2382, 1194, 1188, 0.501259, 0.498741
2383, 1194, 1189, 0.501049, 0.498951
2384, 1195, 1189, 0.501258, 0.498742
2385, 1195, 1190, 0.501048, 0.498952
2386, 1195, 1191, 0.500838, 0.499162
2387, 1196, 1191, 0.501047, 0.498953
2388, 1197, 1191, 0.501256, 0.498744
2389, 1198, 1191, 0.501465, 0.498535
2390, 1198, 1192, 0.501255, 0.498745
2391, 1199, 1192, 0.501464, 0.498536
2392, 1199, 1193, 0.501254, 0.498746
2393, 1199, 1194, 0.501045, 0.498955
2394, 1200, 1194, 0.501253, 0.498747
2395, 1200, 1195, 0.501044, 0.498956
2396, 1200, 1196, 0.500835, 0.499165
2397, 1201, 1196, 0.501043, 0.498957
2398, 1202, 1196, 0.501251, 0.498749
2399, 1202, 1197, 0.501042, 0.498958
2400, 1202, 1198, 0.500833, 0.499167
2401, 1202, 1199, 0.500625, 0.499375
2402, 1203, 1199, 0.500833, 0.499167
2403, 1203, 1200, 0.500624, 0.499376
2404, 1204, 1200, 0.500832, 0.499168
2405, 1205, 1200, 0.50104, 0.49896
2406, 1206, 1200, 0.501247, 0.498753
2407, 1206, 1201, 0.501039, 0.498961
2408, 1207, 1201, 0.501246, 0.498754
2409, 1207, 1202, 0.501038, 0.498962
2410, 1208, 1202, 0.501245, 0.498755
2411, 1209, 1202, 0.501452, 0.498548
2412, 1210, 1202, 0.501658, 0.498342
2413, 1210, 1203, 0.50145, 0.49855
2414, 1211, 1203, 0.501657, 0.498343
2415, 1212, 1203, 0.501863, 0.498137
2416, 1213, 1203, 0.50207, 0.49793
2417, 1214, 1203, 0.502276, 0.497724
2418, 1214, 1204, 0.502068, 0.497932
2419, 1214, 1205, 0.50186, 0.49814
2420, 1215, 1205, 0.502066, 0.497934
2421, 1216, 1205, 0.502272, 0.497728
2422, 1217, 1205, 0.502477, 0.497523
2423, 1218, 1205, 0.502683, 0.497317
2424, 1218, 1206, 0.502475, 0.497525
2425, 1219, 1206, 0.50268, 0.49732
2426, 1219, 1207, 0.502473, 0.497527
2427, 1219, 1208, 0.502266, 0.497734
2428, 1220, 1208, 0.502471, 0.497529
2429, 1220, 1209, 0.502264, 0.497736
2430, 1221, 1209, 0.502469, 0.497531
2431, 1221, 1210, 0.502262, 0.497738
2432, 1221, 1211, 0.502056, 0.497944
2433, 1222, 1211, 0.502261, 0.497739
2434, 1222, 1212, 0.502054, 0.497946
2435, 1222, 1213, 0.501848, 0.498152
2436, 1223, 1213, 0.502053, 0.497947
2437, 1224, 1213, 0.502257, 0.497743
2438, 1224, 1214, 0.502051, 0.497949
2439, 1225, 1214, 0.502255, 0.497745
2440, 1226, 1214, 0.502459, 0.497541
2441, 1226, 1215, 0.502253, 0.497747
2442, 1226, 1216, 0.502048, 0.497952
2443, 1227, 1216, 0.502251, 0.497749
2444, 1227, 1217, 0.502046, 0.497954
2445, 1227, 1218, 0.50184, 0.49816
2446, 1227, 1219, 0.501635, 0.498365
2447, 1227, 1220, 0.50143, 0.49857
2448, 1228, 1220, 0.501634, 0.498366
2449, 1228, 1221, 0.501429, 0.498571
2450, 1229, 1221, 0.501633, 0.498367
2451, 1229, 1222, 0.501428, 0.498572
2452, 1230, 1222, 0.501631, 0.498369
2453, 1231, 1222, 0.501834, 0.498166
2454, 1231, 1223, 0.50163, 0.49837
2455, 1232, 1223, 0.501833, 0.498167
2456, 1233, 1223, 0.502036, 0.497964
2457, 1233, 1224, 0.501832, 0.498168
2458, 1233, 1225, 0.501627, 0.498373
2459, 1234, 1225, 0.50183, 0.49817
2460, 1235, 1225, 0.502033, 0.497967
2461, 1236, 1225, 0.502235, 0.497765
2462, 1236, 1226, 0.502031, 0.497969
2463, 1237, 1226, 0.502233, 0.497767
2464, 1237, 1227, 0.502029, 0.497971
2465, 1238, 1227, 0.502231, 0.497769
2466, 1239, 1227, 0.502433, 0.497567
2467, 1239, 1228, 0.502229, 0.497771
2468, 1240, 1228, 0.502431, 0.497569
2469, 1241, 1228, 0.502633, 0.497367
2470, 1242, 1228, 0.502834, 0.497166
2471, 1242, 1229, 0.502631, 0.497369
2472, 1243, 1229, 0.502832, 0.497168
2473, 1244, 1229, 0.503033, 0.496967
2474, 1244, 1230, 0.502829, 0.497171
2475, 1245, 1230, 0.50303, 0.49697
2476, 1246, 1230, 0.503231, 0.496769
2477, 1246, 1231, 0.503028, 0.496972
2478, 1246, 1232, 0.502825, 0.497175
2479, 1247, 1232, 0.503025, 0.496975
2480, 1248, 1232, 0.503226, 0.496774
2481, 1248, 1233, 0.503023, 0.496977
2482, 1248, 1234, 0.50282, 0.49718
2483, 1249, 1234, 0.503021, 0.496979
2484, 1250, 1234, 0.503221, 0.496779
2485, 1251, 1234, 0.503421, 0.496579
2486, 1251, 1235, 0.503218, 0.496782
2487, 1251, 1236, 0.503016, 0.496984
2488, 1251, 1237, 0.502814, 0.497186
2489, 1251, 1238, 0.502611, 0.497389
2490, 1251, 1239, 0.50241, 0.49759
2491, 1251, 1240, 0.502208, 0.497792
2492, 1252, 1240, 0.502408, 0.497592
2493, 1252, 1241, 0.502206, 0.497794
2494, 1253, 1241, 0.502406, 0.497594
2495, 1253, 1242, 0.502204, 0.497796
2496, 1253, 1243, 0.502003, 0.497997
2497, 1254, 1243, 0.502203, 0.497797
2498, 1254, 1244, 0.502002, 0.497998
2499, 1255, 1244, 0.502201, 0.497799
2500, 1255, 1245, 0.502, 0.498
2501, 1256, 1245, 0.502199, 0.497801
2502, 1256, 1246, 0.501998, 0.498002
2503, 1257, 1246, 0.502197, 0.497803
2504, 1257, 1247, 0.501997, 0.498003
2505, 1258, 1247, 0.502196, 0.497804
2506, 1258, 1248, 0.501995, 0.498005
2507, 1259, 1248, 0.502194, 0.497806
2508, 1259, 1249, 0.501994, 0.498006
2509, 1260, 1249, 0.502192, 0.497808
2510, 1260, 1250, 0.501992, 0.498008
2511, 1260, 1251, 0.501792, 0.498208
2512, 1260, 1252, 0.501592, 0.498408
2513, 1261, 1252, 0.501791, 0.498209
2514, 1261, 1253, 0.501591, 0.498409
2515, 1262, 1253, 0.501789, 0.498211
2516, 1262, 1254, 0.50159, 0.49841
2517, 1262, 1255, 0.501391, 0.498609
2518, 1262, 1256, 0.501191, 0.498809
2519, 1263, 1256, 0.501389, 0.498611
2520, 1263, 1257, 0.50119, 0.49881
2521, 1264, 1257, 0.501388, 0.498612
2522, 1264, 1258, 0.50119, 0.49881
2523, 1265, 1258, 0.501387, 0.498613
2524, 1266, 1258, 0.501585, 0.498415
2525, 1267, 1258, 0.501782, 0.498218
2526, 1267, 1259, 0.501584, 0.498416
2527, 1267, 1260, 0.501385, 0.498615
2528, 1267, 1261, 0.501187, 0.498813
2529, 1267, 1262, 0.500989, 0.499011
2530, 1268, 1262, 0.501186, 0.498814
2531, 1269, 1262, 0.501383, 0.498617
2532, 1270, 1262, 0.50158, 0.49842
2533, 1270, 1263, 0.501382, 0.498618
2534, 1271, 1263, 0.501579, 0.498421
2535, 1271, 1264, 0.501381, 0.498619
2536, 1271, 1265, 0.501183, 0.498817
2537, 1271, 1266, 0.500985, 0.499015
2538, 1272, 1266, 0.501182, 0.498818
2539, 1273, 1266, 0.501378, 0.498622
2540, 1274, 1266, 0.501575, 0.498425
2541, 1275, 1266, 0.501771, 0.498229
2542, 1276, 1266, 0.501967, 0.498033
2543, 1276, 1267, 0.50177, 0.49823
2544, 1276, 1268, 0.501572, 0.498428
2545, 1277, 1268, 0.501768, 0.498232
2546, 1277, 1269, 0.501571, 0.498429
2547, 1277, 1270, 0.501374, 0.498626
2548, 1278, 1270, 0.50157, 0.49843
2549, 1279, 1270, 0.501765, 0.498235
2550, 1279, 1271, 0.501569, 0.498431
2551, 1280, 1271, 0.501764, 0.498236
2552, 1281, 1271, 0.501959, 0.498041
2553, 1281, 1272, 0.501763, 0.498237
2554, 1281, 1273, 0.501566, 0.498434
2555, 1282, 1273, 0.501761, 0.498239
2556, 1283, 1273, 0.501956, 0.498044
2557, 1284, 1273, 0.502151, 0.497849
2558, 1284, 1274, 0.501955, 0.498045
2559, 1285, 1274, 0.502149, 0.497851
2560, 1286, 1274, 0.502344, 0.497656
2561, 1287, 1274, 0.502538, 0.497462
2562, 1287, 1275, 0.502342, 0.497658
2563, 1287, 1276, 0.502146, 0.497854
2564, 1287, 1277, 0.50195, 0.49805
2565, 1288, 1277, 0.502144, 0.497856
2566, 1288, 1278, 0.501949, 0.498051
2567, 1289, 1278, 0.502143, 0.497857
2568, 1289, 1279, 0.501947, 0.498053
2569, 1290, 1279, 0.502141, 0.497859
2570, 1291, 1279, 0.502335, 0.497665
2571, 1291, 1280, 0.502139, 0.497861
2572, 1291, 1281, 0.501944, 0.498056
2573, 1291, 1282, 0.501749, 0.498251
2574, 1292, 1282, 0.501943, 0.498057
2575, 1292, 1283, 0.501748, 0.498252
2576, 1292, 1284, 0.501553, 0.498447
2577, 1292, 1285, 0.501358, 0.498642
2578, 1292, 1286, 0.501164, 0.498836
2579, 1292, 1287, 0.500969, 0.499031
2580, 1292, 1288, 0.500775, 0.499225
2581, 1293, 1288, 0.500969, 0.499031
2582, 1293, 1289, 0.500775, 0.499225
2583, 1294, 1289, 0.500968, 0.499032
2584, 1295, 1289, 0.501161, 0.498839
2585, 1295, 1290, 0.500967, 0.499033
2586, 1296, 1290, 0.50116, 0.49884
2587, 1297, 1290, 0.501353, 0.498647
2588, 1297, 1291, 0.501159, 0.498841
2589, 1298, 1291, 0.501352, 0.498648
2590, 1298, 1292, 0.501158, 0.498842
2591, 1298, 1293, 0.500965, 0.499035
2592, 1299, 1293, 0.501157, 0.498843
2593, 1299, 1294, 0.500964, 0.499036
2594, 1300, 1294, 0.501157, 0.498843
2595, 1301, 1294, 0.501349, 0.498651
2596, 1301, 1295, 0.501156, 0.498844
2597, 1301, 1296, 0.500963, 0.499037
2598, 1301, 1297, 0.50077, 0.49923
2599, 1301, 1298, 0.500577, 0.499423
2600, 1301, 1299, 0.500385, 0.499615
2601, 1301, 1300, 0.500192, 0.499808
2602, 1302, 1300, 0.500384, 0.499616
2603, 1302, 1301, 0.500192, 0.499808
2604, 1303, 1301, 0.500384, 0.499616
2605, 1303, 1302, 0.500192, 0.499808
2606, 1304, 1302, 0.500384, 0.499616
2607, 1304, 1303, 0.500192, 0.499808
2608, 1304, 1304, 0.5, 0.5
2609, 1305, 1304, 0.500192, 0.499808
2610, 1305, 1305, 0.5, 0.5
2611, 1306, 1305, 0.500191, 0.499809
2612, 1306, 1306, 0.5, 0.5
2613, 1307, 1306, 0.500191, 0.499809
2614, 1308, 1306, 0.500383, 0.499617
2615, 1309, 1306, 0.500574, 0.499426
2616, 1310, 1306, 0.500765, 0.499235
2617, 1311, 1306, 0.500955, 0.499045
2618, 1312, 1306, 0.501146, 0.498854
2619, 1312, 1307, 0.500955, 0.499045
2620, 1312, 1308, 0.500763, 0.499237
2621, 1312, 1309, 0.500572, 0.499428
2622, 1313, 1309, 0.500763, 0.499237
2623, 1314, 1309, 0.500953, 0.499047
2624, 1315, 1309, 0.501143, 0.498857
2625, 1316, 1309, 0.501333, 0.498667
2626, 1317, 1309, 0.501523, 0.498477
2627, 1317, 1310, 0.501332, 0.498668
2628, 1317, 1311, 0.501142, 0.498858
2629, 1318, 1311, 0.501331, 0.498669
2630, 1318, 1312, 0.501141, 0.498859
2631, 1318, 1313, 0.50095, 0.49905
2632, 1319, 1313, 0.50114, 0.49886
2633, 1320, 1313, 0.501329, 0.498671
2634, 1321, 1313, 0.501519, 0.498481
2635, 1321, 1314, 0.501328, 0.498672
2636, 1322, 1314, 0.501517, 0.498483
2637, 1322, 1315, 0.501327, 0.498673
2638, 1323, 1315, 0.501516, 0.498484
2639, 1324, 1315, 0.501705, 0.498295
2640, 1325, 1315, 0.501894, 0.498106
2641, 1326, 1315, 0.502083, 0.497917
2642, 1326, 1316, 0.501893, 0.498107
2643, 1326, 1317, 0.501703, 0.498297
2644, 1327, 1317, 0.501891, 0.498109
2645, 1327, 1318, 0.501701, 0.498299
2646, 1327, 1319, 0.501512, 0.498488
2647, 1328, 1319, 0.5017, 0.4983
2648, 1329, 1319, 0.501888, 0.498112
2649, 1330, 1319, 0.502076, 0.497924
2650, 1331, 1319, 0.502264, 0.497736
2651, 1332, 1319, 0.502452, 0.497548
2652, 1332, 1320, 0.502262, 0.497738
2653, 1332, 1321, 0.502073, 0.497927
2654, 1332, 1322, 0.501884, 0.498116
2655, 1332, 1323, 0.501695, 0.498305
2656, 1332, 1324, 0.501506, 0.498494
2657, 1332, 1325, 0.501317, 0.498683
2658, 1332, 1326, 0.501129, 0.498871
2659, 1332, 1327, 0.50094, 0.49906
2660, 1332, 1328, 0.500752, 0.499248
2661, 1332, 1329, 0.500564, 0.499436
2662, 1332, 1330, 0.500376, 0.499624
2663, 1333, 1330, 0.500563, 0.499437
2664, 1333, 1331, 0.500375, 0.499625
2665, 1333, 1332, 0.500188, 0.499812
2666, 1334, 1332, 0.500375, 0.499625
2667, 1335, 1332, 0.500562, 0.499438
2668, 1336, 1332, 0.50075, 0.49925
2669, 1336, 1333, 0.500562, 0.499438
2670, 1336, 1334, 0.500375, 0.499625
2671, 1336, 1335, 0.500187, 0.499813
2672, 1337, 1335, 0.500374, 0.499626
2673, 1337, 1336, 0.500187, 0.499813
2674, 1337, 1337, 0.5, 0.5
2675, 1338, 1337, 0.500187, 0.499813
2676, 1338, 1338, 0.5, 0.5
2677, 1339, 1338, 0.500187, 0.499813
2678, 1340, 1338, 0.500373, 0.499627
2679, 1340, 1339, 0.500187, 0.499813
2680, 1340, 1340, 0.5, 0.5
2681, 1341, 1340, 0.500186, 0.499814
2682, 1341, 1341, 0.5, 0.5
2683, 1342, 1341, 0.500186, 0.499814
2684, 1343, 1341, 0.500373, 0.499627
2685, 1343, 1342, 0.500186, 0.499814
2686, 1344, 1342, 0.500372, 0.499628
2687, 1344, 1343, 0.500186, 0.499814
2688, 1344, 1344, 0.5, 0.5
2689, 1345, 1344, 0.500186, 0.499814
2690, 1346, 1344, 0.500372, 0.499628
2691, 1346, 1345, 0.500186, 0.499814
2692, 1347, 1345, 0.500371, 0.499629
2693, 1348, 1345, 0.500557, 0.499443
2694, 1348, 1346, 0.500371, 0.499629
2695, 1348, 1347, 0.500186, 0.499814
2696, 1348, 1348, 0.5, 0.5
2697, 1348, 1349, 0.499815, 0.500185
2698, 1348, 1350, 0.499629, 0.500371
2699, 1348, 1351, 0.499444, 0.500556
2700, 1348, 1352, 0.499259, 0.500741
2701, 1348, 1353, 0.499074, 0.500926
2702, 1349, 1353, 0.49926, 0.50074
2703, 1350, 1353, 0.499445, 0.500555
2704, 1351, 1353, 0.49963, 0.50037
2705, 1351, 1354, 0.499445, 0.500555
2706, 1352, 1354, 0.49963, 0.50037
2707, 1353, 1354, 0.499815, 0.500185
2708, 1353, 1355, 0.499631, 0.500369
2709, 1354, 1355, 0.499815, 0.500185
2710, 1355, 1355, 0.5, 0.5
2711, 1355, 1356, 0.499816, 0.500184
2712, 1356, 1356, 0.5, 0.5
2713, 1356, 1357, 0.499816, 0.500184
2714, 1356, 1358, 0.499632, 0.500368
2715, 1356, 1359, 0.499448, 0.500552
2716, 1356, 1360, 0.499264, 0.500736
2717, 1357, 1360, 0.499448, 0.500552
2718, 1358, 1360, 0.499632, 0.500368
2719, 1358, 1361, 0.499448, 0.500552
2720, 1358, 1362, 0.499265, 0.500735
2721, 1358, 1363, 0.499081, 0.500919
2722, 1358, 1364, 0.498898, 0.501102
2723, 1358, 1365, 0.498715, 0.501285
2724, 1358, 1366, 0.498532, 0.501468
2725, 1359, 1366, 0.498716, 0.501284
2726, 1360, 1366, 0.498899, 0.501101
2727, 1361, 1366, 0.499083, 0.500917
2728, 1361, 1367, 0.4989, 0.5011
2729, 1362, 1367, 0.499084, 0.500916
2730, 1362, 1368, 0.498901, 0.501099
2731, 1363, 1368, 0.499085, 0.500915
2732, 1363, 1369, 0.498902, 0.501098
2733, 1364, 1369, 0.499085, 0.500915
2734, 1364, 1370, 0.498903, 0.501097
2735, 1365, 1370, 0.499086, 0.500914
2736, 1365, 1371, 0.498904, 0.501096
2737, 1366, 1371, 0.499087, 0.500913
2738, 1367, 1371, 0.49927, 0.50073
2739, 1367, 1372, 0.499087, 0.500913
2740, 1367, 1373, 0.498905, 0.501095
2741, 1367, 1374, 0.498723, 0.501277
2742, 1368, 1374, 0.498906, 0.501094
2743, 1369, 1374, 0.499089, 0.500911
2744, 1369, 1375, 0.498907, 0.501093
2745, 1370, 1375, 0.499089, 0.500911
2746, 1371, 1375, 0.499272, 0.500728
2747, 1372, 1375, 0.499454, 0.500546
2748, 1372, 1376, 0.499272, 0.500728
2749, 1372, 1377, 0.499091, 0.500909
2750, 1373, 1377, 0.499273, 0.500727
2751, 1374, 1377, 0.499455, 0.500545
2752, 1375, 1377, 0.499637, 0.500363
2753, 1376, 1377, 0.499818, 0.500182
2754, 1376, 1378, 0.499637, 0.500363
2755, 1377, 1378, 0.499819, 0.500181
2756, 1377, 1379, 0.499637, 0.500363
2757, 1377, 1380, 0.499456, 0.500544
2758, 1377, 1381, 0.499275, 0.500725
2759, 1378, 1381, 0.499456, 0.500544
2760, 1379, 1381, 0.499638, 0.500362
2761, 1379, 1382, 0.499457, 0.500543
2762, 1380, 1382, 0.499638, 0.500362
2763, 1380, 1383, 0.499457, 0.500543
2764, 1380, 1384, 0.499276, 0.500724
2765, 1381, 1384, 0.499458, 0.500542
2766, 1382, 1384, 0.499638, 0.500362
2767, 1382, 1385, 0.499458, 0.500542
2768, 1382, 1386, 0.499277, 0.500723
2769, 1383, 1386, 0.499458, 0.500542
2770, 1383, 1387, 0.499278, 0.500722
2771, 1384, 1387, 0.499459, 0.500541
2772, 1385, 1387, 0.499639, 0.500361
2773, 1385, 1388, 0.499459, 0.500541
2774, 1386, 1388, 0.49964, 0.50036
2775, 1387, 1388, 0.49982, 0.50018
2776, 1387, 1389, 0.49964, 0.50036
2777, 1388, 1389, 0.49982, 0.50018
2778, 1388, 1390, 0.49964, 0.50036
2779, 1389, 1390, 0.49982, 0.50018
2780, 1390, 1390, 0.5, 0.5
2781, 1390, 1391, 0.49982, 0.50018
2782, 1391, 1391, 0.5, 0.5
2783, 1392, 1391, 0.50018, 0.49982
2784, 1392, 1392, 0.5, 0.5
2785, 1393, 1392, 0.50018, 0.49982
2786, 1394, 1392, 0.500359, 0.499641
2787, 1394, 1393, 0.500179, 0.499821
2788, 1395, 1393, 0.500359, 0.499641
2789, 1395, 1394, 0.500179, 0.499821
2790, 1395, 1395, 0.5, 0.5
2791, 1396, 1395, 0.500179, 0.499821
2792, 1396, 1396, 0.5, 0.5
2793, 1396, 1397, 0.499821, 0.500179
2794, 1397, 1397, 0.5, 0.5
2795, 1398, 1397, 0.500179, 0.499821
2796, 1398, 1398, 0.5, 0.5
2797, 1399, 1398, 0.500179, 0.499821
2798, 1400, 1398, 0.500357, 0.499643
2799, 1400, 1399, 0.500179, 0.499821
2800, 1400, 1400, 0.5, 0.5
2801, 1400, 1401, 0.499821, 0.500179
2802, 1401, 1401, 0.5, 0.5
2803, 1402, 1401, 0.500178, 0.499822
2804, 1402, 1402, 0.5, 0.5
2805, 1402, 1403, 0.499822, 0.500178
2806, 1403, 1403, 0.5, 0.5
2807, 1403, 1404, 0.499822, 0.500178
2808, 1404, 1404, 0.5, 0.5
2809, 1404, 1405, 0.499822, 0.500178
2810, 1404, 1406, 0.499644, 0.500356
2811, 1404, 1407, 0.499466, 0.500534
2812, 1405, 1407, 0.499644, 0.500356
2813, 1406, 1407, 0.499822, 0.500178
2814, 1407, 1407, 0.5, 0.5
2815, 1407, 1408, 0.499822, 0.500178
2816, 1408, 1408, 0.5, 0.5
2817, 1409, 1408, 0.500177, 0.499823
2818, 1410, 1408, 0.500355, 0.499645
2819, 1410, 1409, 0.500177, 0.499823
2820, 1411, 1409, 0.500355, 0.499645
2821, 1412, 1409, 0.500532, 0.499468
2822, 1413, 1409, 0.500709, 0.499291
2823, 1413, 1410, 0.500531, 0.499469
2824, 1414, 1410, 0.500708, 0.499292
2825, 1415, 1410, 0.500885, 0.499115
2826, 1416, 1410, 0.501062, 0.498938
2827, 1416, 1411, 0.500884, 0.499116
2828, 1416, 1412, 0.500707, 0.499293
2829, 1417, 1412, 0.500884, 0.499116
2830, 1417, 1413, 0.500707, 0.499293
2831, 1417, 1414, 0.50053, 0.49947
2832, 1417, 1415, 0.500353, 0.499647
2833, 1417, 1416, 0.500176, 0.499824
2834, 1418, 1416, 0.500353, 0.499647
2835, 1419, 1416, 0.500529, 0.499471
2836, 1420, 1416, 0.500705, 0.499295
2837, 1420, 1417, 0.500529, 0.499471
2838, 1421, 1417, 0.500705, 0.499295
2839, 1422, 1417, 0.500881, 0.499119
2840, 1422, 1418, 0.500704, 0.499296
2841, 1423, 1418, 0.50088, 0.49912
2842, 1424, 1418, 0.501056, 0.498944
2843, 1424, 1419, 0.500879, 0.499121
2844, 1424, 1420, 0.500703, 0.499297
2845, 1424, 1421, 0.500527, 0.499473
2846, 1425, 1421, 0.500703, 0.499297
2847, 1425, 1422, 0.500527, 0.499473
2848, 1426, 1422, 0.500702, 0.499298
2849, 1426, 1423, 0.500527, 0.499473
2850, 1427, 1423, 0.500702, 0.499298
2851, 1428, 1423, 0.500877, 0.499123
2852, 1429, 1423, 0.501052, 0.498948
2853, 1429, 1424, 0.500876, 0.499124
2854, 1429, 1425, 0.500701, 0.499299
2855, 1429, 1426, 0.500525, 0.499475
2856, 1429, 1427, 0.50035, 0.49965
2857, 1430, 1427, 0.500525, 0.499475
2858, 1431, 1427, 0.5007, 0.4993
2859, 1432, 1427, 0.500874, 0.499126
2860, 1432, 1428, 0.500699, 0.499301
2861, 1433, 1428, 0.500874, 0.499126
2862, 1434, 1428, 0.501048, 0.498952
2863, 1434, 1429, 0.500873, 0.499127
2864, 1434, 1430, 0.500698, 0.499302
2865, 1434, 1431, 0.500524, 0.499476
2866, 1434, 1432, 0.500349, 0.499651
2867, 1435, 1432, 0.500523, 0.499477
2868, 1436, 1432, 0.500697, 0.499303
2869, 1436, 1433, 0.500523, 0.499477
2870, 1437, 1433, 0.500697, 0.499303
2871, 1438, 1433, 0.500871, 0.499129
2872, 1439, 1433, 0.501045, 0.498955
2873, 1439, 1434, 0.50087, 0.49913
2874, 1440, 1434, 0.501044, 0.498956
2875, 1441, 1434, 0.501217, 0.498783
2876, 1442, 1434, 0.501391, 0.498609
2877, 1443, 1434, 0.501564, 0.498436
2878, 1444, 1434, 0.501737, 0.498263
2879, 1444, 1435, 0.501563, 0.498437
2880, 1445, 1435, 0.501736, 0.498264
2881, 1446, 1435, 0.501909, 0.498091
2882, 1446, 1436, 0.501735, 0.498265
2883, 1446, 1437, 0.501561, 0.498439
2884, 1446, 1438, 0.501387, 0.498613
2885, 1447, 1438, 0.50156, 0.49844
2886, 1447, 1439, 0.501386, 0.498614
2887, 1448, 1439, 0.501559, 0.498441
2888, 1449, 1439, 0.501731, 0.498269
2889, 1450, 1439, 0.501904, 0.498096
2890, 1450, 1440, 0.50173, 0.49827
2891, 1451, 1440, 0.501902, 0.498098
2892, 1452, 1440, 0.502075, 0.497925
2893, 1453, 1440, 0.502247, 0.497753
2894, 1453, 1441, 0.502073, 0.497927
2895, 1454, 1441, 0.502245, 0.497755
2896, 1454, 1442, 0.502072, 0.497928
2897, 1454, 1443, 0.501899, 0.498101
2898, 1455, 1443, 0.50207, 0.49793
2899, 1455, 1444, 0.501897, 0.498103
2900, 1456, 1444, 0.502069, 0.497931
2901, 1456, 1445, 0.501896, 0.498104
2902, 1456, 1446, 0.501723, 0.498277
2903, 1456, 1447, 0.50155, 0.49845
2904, 1456, 1448, 0.501377, 0.498623
2905, 1456, 1449, 0.501205, 0.498795
2906, 1457, 1449, 0.501376, 0.498624
2907, 1457, 1450, 0.501204, 0.498796
2908, 1458, 1450, 0.501376, 0.498624
2909, 1458, 1451, 0.501203, 0.498797
2910, 1458, 1452, 0.501031, 0.498969
2911, 1458, 1453, 0.500859, 0.499141
2912, 1458, 1454, 0.500687, 0.499313
2913, 1459, 1454, 0.500858, 0.499142
2914, 1459, 1455, 0.500686, 0.499314
2915, 1459, 1456, 0.500515, 0.499485
2916, 1459, 1457, 0.500343, 0.499657
2917, 1459, 1458, 0.500171, 0.499829
2918, 1459, 1459, 0.5, 0.5
2919, 1459, 1460, 0.499829, 0.500171
2920, 1459, 1461, 0.499658, 0.500342
2921, 1459, 1462, 0.499486, 0.500514
2922, 1460, 1462, 0.499658, 0.500342
2923, 1460, 1463, 0.499487, 0.500513
2924, 1461, 1463, 0.499658, 0.500342
2925, 1462, 1463, 0.499829, 0.500171
2926, 1462, 1464, 0.499658, 0.500342
2927, 1462, 1465, 0.499488, 0.500512
2928, 1462, 1466, 0.499317, 0.500683
2929, 1463, 1466, 0.499488, 0.500512
2930, 1464, 1466, 0.499659, 0.500341
2931, 1464, 1467, 0.499488, 0.500512
2932, 1465, 1467, 0.499659, 0.500341
2933, 1466, 1467, 0.49983, 0.50017
2934, 1467, 1467, 0.5, 0.5
2935, 1468, 1467, 0.50017, 0.49983
2936, 1468, 1468, 0.5, 0.5
2937, 1468, 1469, 0.49983, 0.50017
2938, 1468, 1470, 0.49966, 0.50034
2939, 1468, 1471, 0.49949, 0.50051
2940, 1469, 1471, 0.49966, 0.50034
2941, 1469, 1472, 0.49949, 0.50051
2942, 1470, 1472, 0.49966, 0.50034
2943, 1470, 1473, 0.49949, 0.50051
2944, 1471, 1473, 0.49966, 0.50034
2945, 1471, 1474, 0.499491, 0.500509
2946, 1471, 1475, 0.499321, 0.500679
2947, 1471, 1476, 0.499152, 0.500848
2948, 1472, 1476, 0.499322, 0.500678
2949, 1472, 1477, 0.499152, 0.500848
2950, 1473, 1477, 0.499322, 0.500678
2951, 1474, 1477, 0.499492, 0.500508
2952, 1475, 1477, 0.499661, 0.500339
2953, 1475, 1478, 0.499492, 0.500508
2954, 1476, 1478, 0.499661, 0.500339
2955, 1477, 1478, 0.499831, 0.500169
2956, 1477, 1479, 0.499662, 0.500338
2957, 1477, 1480, 0.499493, 0.500507
2958, 1477, 1481, 0.499324, 0.500676
2959, 1477, 1482, 0.499155, 0.500845
2960, 1477, 1483, 0.498986, 0.501014
2961, 1478, 1483, 0.499156, 0.500844
2962, 1479, 1483, 0.499325, 0.500675
2963, 1479, 1484, 0.499156, 0.500844
2964, 1480, 1484, 0.499325, 0.500675
2965, 1481, 1484, 0.499494, 0.500506
2966, 1482, 1484, 0.499663, 0.500337
2967, 1482, 1485, 0.499494, 0.500506
2968, 1483, 1485, 0.499663, 0.500337
2969, 1483, 1486, 0.499495, 0.500505
2970, 1484, 1486, 0.499663, 0.500337
2971, 1485, 1486, 0.499832, 0.500168
2972, 1486, 1486, 0.5, 0.5
2973, 1487, 1486, 0.500168, 0.499832
2974, 1487, 1487, 0.5, 0.5
2975, 1488, 1487, 0.500168, 0.499832
2976, 1488, 1488, 0.5, 0.5
2977, 1489, 1488, 0.500168, 0.499832
2978, 1490, 1488, 0.500336, 0.499664
2979, 1490, 1489, 0.500168, 0.499832
2980, 1490, 1490, 0.5, 0.5
2981, 1490, 1491, 0.499832, 0.500168
2982, 1491, 1491, 0.5, 0.5
2983, 1491, 1492, 0.499832, 0.500168
2984, 1491, 1493, 0.499665, 0.500335
2985, 1491, 1494, 0.499497, 0.500503
2986, 1492, 1494, 0.499665, 0.500335
2987, 1493, 1494, 0.499833, 0.500167
2988, 1493, 1495, 0.499665, 0.500335
2989, 1493, 1496, 0.499498, 0.500502
2990, 1494, 1496, 0.499666, 0.500334
2991, 1495, 1496, 0.499833, 0.500167
2992, 1495, 1497, 0.499666, 0.500334
2993, 1495, 1498, 0.499499, 0.500501
2994, 1495, 1499, 0.499332, 0.500668
2995, 1496, 1499, 0.499499, 0.500501
2996, 1496, 1500, 0.499332, 0.500668
2997, 1497, 1500, 0.499499, 0.500501
2998, 1498, 1500, 0.499666, 0.500334
2999, 1499, 1500, 0.499833, 0.500167
3000, 1500, 1500, 0.5, 0.5
3001, 1501, 1500, 0.500167, 0.499833
3002, 1501, 1501, 0.5, 0.5
3003, 1502, 1501, 0.500167, 0.499833
3004, 1503, 1501, 0.500333, 0.499667
3005, 1503, 1502, 0.500166, 0.499834
3006, 1504, 1502, 0.500333, 0.499667
3007, 1504, 1503, 0.500166, 0.499834
3008, 1504, 1504, 0.5, 0.5
3009, 1505, 1504, 0.500166, 0.499834
3010, 1506, 1504, 0.500332, 0.499668
3011, 1506, 1505, 0.500166, 0.499834
3012, 1506, 1506, 0.5, 0.5
3013, 1506, 1507, 0.499834, 0.500166
3014, 1507, 1507, 0.5, 0.5
3015, 1508, 1507, 0.500166, 0.499834
3016, 1508, 1508, 0.5, 0.5
3017, 1508, 1509, 0.499834, 0.500166
3018, 1509, 1509, 0.5, 0.5
3019, 1509, 1510, 0.499834, 0.500166
3020, 1510, 1510, 0.5, 0.5
3021, 1511, 1510, 0.500166, 0.499834
3022, 1512, 1510, 0.500331, 0.499669
3023, 1512, 1511, 0.500165, 0.499835
3024, 1513, 1511, 0.500331, 0.499669
3025, 1513, 1512, 0.500165, 0.499835
3026, 1514, 1512, 0.50033, 0.49967
3027, 1514, 1513, 0.500165, 0.499835
3028, 1515, 1513, 0.50033, 0.49967
3029, 1516, 1513, 0.500495, 0.499505
3030, 1516, 1514, 0.50033, 0.49967
3031, 1516, 1515, 0.500165, 0.499835
3032, 1516, 1516, 0.5, 0.5
3033, 1517, 1516, 0.500165, 0.499835
3034, 1517, 1517, 0.5, 0.5
3035, 1517, 1518, 0.499835, 0.500165
3036, 1517, 1519, 0.499671, 0.500329
3037, 1517, 1520, 0.499506, 0.500494
3038, 1518, 1520, 0.499671, 0.500329
3039, 1519, 1520, 0.499835, 0.500165
3040, 1520, 1520, 0.5, 0.5
3041, 1520, 1521, 0.499836, 0.500164
3042, 1520, 1522, 0.499671, 0.500329
3043, 1520, 1523, 0.499507, 0.500493
3044, 1521, 1523, 0.499671, 0.500329
3045, 1521, 1524, 0.499507, 0.500493
3046, 1522, 1524, 0.499672, 0.500328
3047, 1523, 1524, 0.499836, 0.500164
3048, 1523, 1525, 0.499672, 0.500328
3049, 1524, 1525, 0.499836, 0.500164
3050, 1524, 1526, 0.499672, 0.500328
3051, 1525, 1526, 0.499836, 0.500164
3052, 1526, 1526, 0.5, 0.5
3053, 1526, 1527, 0.499836, 0.500164
3054, 1526, 1528, 0.499673, 0.500327
3055, 1527, 1528, 0.499836, 0.500164
3056, 1527, 1529, 0.499673, 0.500327
3057, 1528, 1529, 0.499836, 0.500164
3058, 1528, 1530, 0.499673, 0.500327
3059, 1528, 1531, 0.49951, 0.50049
3060, 1528, 1532, 0.499346, 0.500654
3061, 1529, 1532, 0.49951, 0.50049
3062, 1529, 1533, 0.499347, 0.500653
3063, 1529, 1534, 0.499184, 0.500816
3064, 1530, 1534, 0.499347, 0.500653
3065, 1531, 1534, 0.499511, 0.500489
3066, 1532, 1534, 0.499674, 0.500326
3067, 1532, 1535, 0.499511, 0.500489
3068, 1532, 1536, 0.499348, 0.500652
3069, 1533, 1536, 0.499511, 0.500489
3070, 1533, 1537, 0.499349, 0.500651
3071, 1533, 1538, 0.499186, 0.500814
3072, 1534, 1538, 0.499349, 0.500651
3073, 1534, 1539, 0.499186, 0.500814
3074, 1534, 1540, 0.499024, 0.500976
3075, 1534, 1541, 0.498862, 0.501138
3076, 1534, 1542, 0.4987, 0.5013
3077, 1534, 1543, 0.498538, 0.501462
3078, 1534, 1544, 0.498376, 0.501624
3079, 1534, 1545, 0.498214, 0.501786
3080, 1535, 1545, 0.498377, 0.501623
3081, 1535, 1546, 0.498215, 0.501785
3082, 1535, 1547, 0.498053, 0.501947
3083, 1536, 1547, 0.498216, 0.501784
3084, 1536, 1548, 0.498054, 0.501946
3085, 1537, 1548, 0.498217, 0.501783
3086, 1538, 1548, 0.49838, 0.50162
3087, 1539, 1548, 0.498542, 0.501458
3088, 1539, 1549, 0.498381, 0.501619
3089, 1540, 1549, 0.498543, 0.501457
3090, 1541, 1549, 0.498706, 0.501294
3091, 1541, 1550, 0.498544, 0.501456
3092, 1542, 1550, 0.498706, 0.501294
3093, 1542, 1551, 0.498545, 0.501455
3094, 1543, 1551, 0.498707, 0.501293
3095, 1544, 1551, 0.498869, 0.501131
3096, 1545, 1551, 0.499031, 0.500969
3097, 1546, 1551, 0.499193, 0.500807
3098, 1547, 1551, 0.499354, 0.500646
3099, 1548, 1551, 0.499516, 0.500484
3100, 1549, 1551, 0.499677, 0.500323
3101, 1550, 1551, 0.499839, 0.500161
3102, 1551, 1551, 0.5, 0.5
3103, 1551, 1552, 0.499839, 0.500161
3104, 1551, 1553, 0.499678, 0.500322
3105, 1552, 1553, 0.499839, 0.500161
3106, 1552, 1554, 0.499678, 0.500322
3107, 1553, 1554, 0.499839, 0.500161
3108, 1554, 1554, 0.5, 0.5
3109, 1554, 1555, 0.499839, 0.500161
3110, 1555, 1555, 0.5, 0.5
3111, 1555, 1556, 0.499839, 0.500161
3112, 1555, 1557, 0.499679, 0.500321
3113, 1556, 1557, 0.499839, 0.500161
3114, 1557, 1557, 0.5, 0.5
3115, 1557, 1558, 0.499839, 0.500161
3116, 1557, 1559, 0.499679, 0.500321
3117, 1557, 1560, 0.499519, 0.500481
3118, 1557, 1561, 0.499359, 0.500641
3119, 1558, 1561, 0.499519, 0.500481
3120, 1558, 1562, 0.499359, 0.500641
3121, 1558, 1563, 0.499199, 0.500801
3122, 1559, 1563, 0.499359, 0.500641
3123, 1560, 1563, 0.49952, 0.50048
3124, 1561, 1563, 0.49968, 0.50032
3125, 1562, 1563, 0.49984, 0.50016
3126, 1563, 1563, 0.5, 0.5
3127, 1564, 1563, 0.50016, 0.49984
3128, 1564, 1564, 0.5, 0.5
3129, 1565, 1564, 0.50016, 0.49984
3130, 1566, 1564, 0.500319, 0.499681
3131, 1566, 1565, 0.50016, 0.49984
3132, 1566, 1566, 0.5, 0.5
3133, 1567, 1566, 0.50016, 0.49984
3134, 1568, 1566, 0.500319, 0.499681
3135, 1568, 1567, 0.500159, 0.499841
3136, 1568, 1568, 0.5, 0.5
3137, 1568, 1569, 0.499841, 0.500159
3138, 1568, 1570, 0.499681, 0.500319
3139, 1569, 1570, 0.499841, 0.500159
3140, 1569, 1571, 0.499682, 0.500318
3141, 1569, 1572, 0.499522, 0.500478
3142, 1570, 1572, 0.499682, 0.500318
3143, 1570, 1573, 0.499523, 0.500477
3144, 1571, 1573, 0.499682, 0.500318
3145, 1571, 1574, 0.499523, 0.500477
3146, 1571, 1575, 0.499364, 0.500636
3147, 1571, 1576, 0.499206, 0.500794
3148, 1571, 1577, 0.499047, 0.500953
3149, 1572, 1577, 0.499206, 0.500794
3150, 1572, 1578, 0.499048, 0.500952
3151, 1572, 1579, 0.498889, 0.501111
3152, 1573, 1579, 0.499048, 0.500952
3153, 1574, 1579, 0.499207, 0.500793
3154, 1574, 1580, 0.499049, 0.500951
3155, 1574, 1581, 0.498891, 0.501109
3156, 1575, 1581, 0.499049, 0.500951
3157, 1575, 1582, 0.498891, 0.501109
3158, 1575, 1583, 0.498733, 0.501267
3159, 1576, 1583, 0.498892, 0.501108
3160, 1576, 1584, 0.498734, 0.501266
3161, 1576, 1585, 0.498576, 0.501424
3162, 1577, 1585, 0.498735, 0.501265
3163, 1578, 1585, 0.498893, 0.501107
3164, 1579, 1585, 0.499052, 0.500948
3165, 1580, 1585, 0.49921, 0.50079
3166, 1580, 1586, 0.499052, 0.500948
3167, 1581, 1586, 0.499211, 0.500789
3168, 1582, 1586, 0.499369, 0.500631
3169, 1582, 1587, 0.499211, 0.500789
3170, 1583, 1587, 0.499369, 0.500631
3171, 1584, 1587, 0.499527, 0.500473
3172, 1584, 1588, 0.499369, 0.500631
3173, 1585, 1588, 0.499527, 0.500473
3174, 1585, 1589, 0.49937, 0.50063
3175, 1586, 1589, 0.499528, 0.500472
3176, 1587, 1589, 0.499685, 0.500315
3177, 1588, 1589, 0.499843, 0.500157
3178, 1589, 1589, 0.5, 0.5
3179, 1589, 1590, 0.499843, 0.500157
3180, 1589, 1591, 0.499686, 0.500314
3181, 1589, 1592, 0.499528, 0.500472
3182, 1590, 1592, 0.499686, 0.500314
3183, 1591, 1592, 0.499843, 0.500157
3184, 1592, 1592, 0.5, 0.5
3185, 1592, 1593, 0.499843, 0.500157
3186, 1593, 1593, 0.5, 0.5
3187, 1594, 1593, 0.500157, 0.499843
3188, 1594, 1594, 0.5, 0.5
3189, 1594, 1595, 0.499843, 0.500157
3190, 1595, 1595, 0.5, 0.5
3191, 1595, 1596, 0.499843, 0.500157
3192, 1596, 1596, 0.5, 0.5
3193, 1597, 1596, 0.500157, 0.499843
3194, 1597, 1597, 0.5, 0.5
3195, 1597, 1598, 0.499844, 0.500156
3196, 1598, 1598, 0.5, 0.5
3197, 1599, 1598, 0.500156, 0.499844
3198, 1599, 1599, 0.5, 0.5
3199, 1600, 1599, 0.500156, 0.499844
3200, 1601, 1599, 0.500313, 0.499688
3201, 1602, 1599, 0.500469, 0.499531
3202, 1603, 1599, 0.500625, 0.499375
3203, 1603, 1600, 0.500468, 0.499532
3204, 1604, 1600, 0.500624, 0.499376
3205, 1604, 1601, 0.500468, 0.499532
3206, 1605, 1601, 0.500624, 0.499376
3207, 1605, 1602, 0.500468, 0.499532
3208, 1606, 1602, 0.500623, 0.499377
3209, 1606, 1603, 0.500467, 0.499533
3210, 1606, 1604, 0.500312, 0.499688
3211, 1606, 1605, 0.500156, 0.499844
3212, 1606, 1606, 0.5, 0.5
3213, 1606, 1607, 0.499844, 0.500156
3214, 1607, 1607, 0.5, 0.5
3215, 1608, 1607, 0.500156, 0.499844
3216, 1608, 1608, 0.5, 0.5
3217, 1609, 1608, 0.500155, 0.499845
3218, 1610, 1608, 0.500311, 0.499689
3219, 1610, 1609, 0.500155, 0.499845
3220, 1610, 1610, 0.5, 0.5
3221, 1611, 1610, 0.500155, 0.499845
3222, 1612, 1610, 0.50031, 0.49969
3223, 1613, 1610, 0.500465, 0.499535
3224, 1613, 1611, 0.50031, 0.49969
3225, 1613, 1612, 0.500155, 0.499845
3226, 1614, 1612, 0.50031, 0.49969
3227, 1615, 1612, 0.500465, 0.499535
3228, 1615, 1613, 0.50031, 0.49969
3229, 1615, 1614, 0.500155, 0.499845
3230, 1615, 1615, 0.5, 0.5
3231, 1616, 1615, 0.500155, 0.499845
3232, 1616, 1616, 0.5, 0.5
3233, 1617, 1616, 0.500155, 0.499845
3234, 1618, 1616, 0.500309, 0.499691
3235, 1619, 1616, 0.500464, 0.499536
3236, 1620, 1616, 0.500618, 0.499382
3237, 1621, 1616, 0.500772, 0.499228
3238, 1621, 1617, 0.500618, 0.499382
3239, 1621, 1618, 0.500463, 0.499537
3240, 1622, 1618, 0.500617, 0.499383
3241, 1622, 1619, 0.500463, 0.499537
3242, 1623, 1619, 0.500617, 0.499383
3243, 1623, 1620, 0.500463, 0.499537
3244, 1624, 1620, 0.500617, 0.499383
3245, 1624, 1621, 0.500462, 0.499538
3246, 1624, 1622, 0.500308, 0.499692
3247, 1624, 1623, 0.500154, 0.499846
3248, 1625, 1623, 0.500308, 0.499692
3249, 1626, 1623, 0.500462, 0.499538
3250, 1626, 1624, 0.500308, 0.499692
3251, 1627, 1624, 0.500461, 0.499539
3252, 1627, 1625, 0.500308, 0.499692
3253, 1627, 1626, 0.500154, 0.499846
3254, 1627, 1627, 0.5, 0.5
3255, 1628, 1627, 0.500154, 0.499846
3256, 1628, 1628, 0.5, 0.5
3257, 1628, 1629, 0.499846, 0.500154
3258, 1628, 1630, 0.499693, 0.500307
3259, 1629, 1630, 0.499847, 0.500153
3260, 1629, 1631, 0.499693, 0.500307
3261, 1630, 1631, 0.499847, 0.500153
3262, 1630, 1632, 0.499693, 0.500307
3263, 1630, 1633, 0.49954, 0.50046
3264, 1630, 1634, 0.499387, 0.500613
3265, 1630, 1635, 0.499234, 0.500766
3266, 1631, 1635, 0.499388, 0.500612
3267, 1632, 1635, 0.499541, 0.500459
3268, 1632, 1636, 0.499388, 0.500612
3269, 1633, 1636, 0.499541, 0.500459
3270, 1633, 1637, 0.499388, 0.500612
3271, 1634, 1637, 0.499541, 0.500459
3272, 1634, 1638, 0.499389, 0.500611
3273, 1634, 1639, 0.499236, 0.500764
3274, 1634, 1640, 0.499084, 0.500916
3275, 1635, 1640, 0.499237, 0.500763
3276, 1636, 1640, 0.499389, 0.500611
3277, 1636, 1641, 0.499237, 0.500763
3278, 1637, 1641, 0.49939, 0.50061
3279, 1638, 1641, 0.499543, 0.500457
3280, 1638, 1642, 0.49939, 0.50061
3281, 1638, 1643, 0.499238, 0.500762
3282, 1638, 1644, 0.499086, 0.500914
3283, 1638, 1645, 0.498934, 0.501066
3284, 1638, 1646, 0.498782, 0.501218
3285, 1638, 1647, 0.49863, 0.50137
3286, 1638, 1648, 0.498478, 0.501522
3287, 1638, 1649, 0.498327, 0.501673
3288, 1638, 1650, 0.498175, 0.501825
3289, 1639, 1650, 0.498328, 0.501672
3290, 1640, 1650, 0.49848, 0.50152
3291, 1641, 1650, 0.498633, 0.501367
3292, 1642, 1650, 0.498785, 0.501215
3293, 1642, 1651, 0.498633, 0.501367
3294, 1643, 1651, 0.498786, 0.501214
3295, 1643, 1652, 0.498634, 0.501366
3296, 1644, 1652, 0.498786, 0.501214
3297, 1645, 1652, 0.498938, 0.501062
3298, 1645, 1653, 0.498787, 0.501213
3299, 1645, 1654, 0.498636, 0.501364
3300, 1646, 1654, 0.498788, 0.501212
3301, 1646, 1655, 0.498637, 0.501363
3302, 1646, 1656, 0.498486, 0.501514
3303, 1647, 1656, 0.498638, 0.501362
3304, 1648, 1656, 0.498789, 0.501211
3305, 1649, 1656, 0.498941, 0.501059
3306, 1649, 1657, 0.49879, 0.50121
3307, 1650, 1657, 0.498942, 0.501058
3308, 1650, 1658, 0.498791, 0.501209
3309, 1651, 1658, 0.498942, 0.501058
3310, 1651, 1659, 0.498792, 0.501208
3311, 1652, 1659, 0.498943, 0.501057
3312, 1653, 1659, 0.499094, 0.500906
3313, 1654, 1659, 0.499245, 0.500755
3314, 1654, 1660, 0.499095, 0.500905
3315, 1654, 1661, 0.498944, 0.501056
3316, 1654, 1662, 0.498794, 0.501206
3317, 1654, 1663, 0.498643, 0.501357
3318, 1654, 1664, 0.498493, 0.501507
3319, 1654, 1665, 0.498343, 0.501657
3320, 1654, 1666, 0.498193, 0.501807
3321, 1655, 1666, 0.498344, 0.501656
3322, 1656, 1666, 0.498495, 0.501505
3323, 1657, 1666, 0.498646, 0.501354
3324, 1657, 1667, 0.498496, 0.501504
3325, 1658, 1667, 0.498647, 0.501353
3326, 1659, 1667, 0.498797, 0.501203
3327, 1660, 1667, 0.498948, 0.501052
3328, 1660, 1668, 0.498798, 0.501202
3329, 1661, 1668, 0.498949, 0.501051
3330, 1661, 1669, 0.498799, 0.501201
3331, 1662, 1669, 0.498949, 0.501051
3332, 1662, 1670, 0.4988, 0.5012
3333, 1663, 1670, 0.49895, 0.50105
3334, 1663, 1671, 0.4988, 0.5012
3335, 1664, 1671, 0.498951, 0.501049
3336, 1664, 1672, 0.498801, 0.501199
3337, 1664, 1673, 0.498651, 0.501349
3338, 1665, 1673, 0.498802, 0.501198
3339, 1666, 1673, 0.498952, 0.501048
3340, 1667, 1673, 0.499102, 0.500898
3341, 1667, 1674, 0.498952, 0.501048
3342, 1667, 1675, 0.498803, 0.501197
3343, 1667, 1676, 0.498654, 0.501346
3344, 1668, 1676, 0.498804, 0.501196
3345, 1668, 1677, 0.498655, 0.501345
3346, 1668, 1678, 0.498506, 0.501494
3347, 1668, 1679, 0.498357, 0.501643
3348, 1669, 1679, 0.498507, 0.501493
3349, 1669, 1680, 0.498358, 0.501642
3350, 1669, 1681, 0.498209, 0.501791
3351, 1670, 1681, 0.498359, 0.501641
3352, 1671, 1681, 0.498508, 0.501492
3353, 1672, 1681, 0.498658, 0.501342
3354, 1673, 1681, 0.498807, 0.501193
3355, 1674, 1681, 0.498957, 0.501043
3356, 1674, 1682, 0.498808, 0.501192
3357, 1675, 1682, 0.498957, 0.501043
3358, 1675, 1683, 0.498809, 0.501191
3359, 1676, 1683, 0.498958, 0.501042
3360, 1677, 1683, 0.499107, 0.500893
3361, 1678, 1683, 0.499256, 0.500744
3362, 1678, 1684, 0.499108, 0.500892
3363, 1678, 1685, 0.498959, 0.501041
3364, 1678, 1686, 0.498811, 0.501189
3365, 1678, 1687, 0.498663, 0.501337
3366, 1679, 1687, 0.498812, 0.501188
3367, 1679, 1688, 0.498663, 0.501337
3368, 1679, 1689, 0.498515, 0.501485
3369, 1680, 1689, 0.498664, 0.501336
3370, 1680, 1690, 0.498516, 0.501484
3371, 1680, 1691, 0.498368, 0.501632
3372, 1680, 1692, 0.498221, 0.501779
3373, 1681, 1692, 0.498369, 0.501631
3374, 1681, 1693, 0.498222, 0.501778
3375, 1682, 1693, 0.49837, 0.50163
3376, 1682, 1694, 0.498223, 0.501777
3377, 1682, 1695, 0.498075, 0.501925
3378, 1683, 1695, 0.498224, 0.501776
3379, 1684, 1695, 0.498372, 0.501628
3380, 1685, 1695, 0.498521, 0.501479
3381, 1686, 1695, 0.498669, 0.501331
3382, 1686, 1696, 0.498522, 0.501478
3383, 1686, 1697, 0.498374, 0.501626
3384, 1687, 1697, 0.498522, 0.501478
3385, 1687, 1698, 0.498375, 0.501625
3386, 1687, 1699, 0.498228, 0.501772
3387, 1688, 1699, 0.498376, 0.501624
3388, 1688, 1700, 0.498229, 0.501771
3389, 1689, 1700, 0.498377, 0.501623
3390, 1690, 1700, 0.498525, 0.501475
3391, 1690, 1701, 0.498378, 0.501622
3392, 1690, 1702, 0.498231, 0.501769
3393, 1690, 1703, 0.498084, 0.501916
3394, 1690, 1704, 0.497938, 0.502062
3395, 1691, 1704, 0.498085, 0.501915
3396, 1692, 1704, 0.498233, 0.501767
3397, 1693, 1704, 0.498381, 0.501619
3398, 1694, 1704, 0.498529, 0.501471
3399, 1694, 1705, 0.498382, 0.501618
3400, 1694, 1706, 0.498235, 0.501765
3401, 1695, 1706, 0.498383, 0.501617
3402, 1695, 1707, 0.498236, 0.501764
3403, 1696, 1707, 0.498384, 0.501616
3404, 1696, 1708, 0.498237, 0.501763
3405, 1696, 1709, 0.498091, 0.501909
3406, 1697, 1709, 0.498238, 0.501762
3407, 1697, 1710, 0.498092, 0.501908
3408, 1698, 1710, 0.498239, 0.501761
3409, 1698, 1711, 0.498093, 0.501907
3410, 1698, 1712, 0.497947, 0.502053
3411, 1698, 1713, 0.497801, 0.502199
3412, 1699, 1713, 0.497948, 0.502052
3413, 1700, 1713, 0.498096, 0.501904
3414, 1701, 1713, 0.498243, 0.501757
3415, 1702, 1713, 0.498389, 0.501611
3416, 1702, 1714, 0.498244, 0.501756
3417, 1702, 1715, 0.498098, 0.501902
3418, 1702, 1716, 0.497952, 0.502048
3419, 1702, 1717, 0.497806, 0.502194
3420, 1702, 1718, 0.497661, 0.502339
3421, 1703, 1718, 0.497808, 0.502192
3422, 1704, 1718, 0.497954, 0.502046
3423, 1704, 1719, 0.497809, 0.502191
3424, 1705, 1719, 0.497956, 0.502044
3425, 1706, 1719, 0.498102, 0.501898
3426, 1707, 1719, 0.498249, 0.501751
3427, 1707, 1720, 0.498103, 0.501897
3428, 1707, 1721, 0.497958, 0.502042
3429, 1707, 1722, 0.497813, 0.502187
3430, 1708, 1722, 0.497959, 0.502041
3431, 1708, 1723, 0.497814, 0.502186
3432, 1708, 1724, 0.497669, 0.502331
3433, 1708, 1725, 0.497524, 0.502476
3434, 1709, 1725, 0.49767, 0.50233
3435, 1710, 1725, 0.497817, 0.502183
3436, 1710, 1726, 0.497672, 0.502328
3437, 1711, 1726, 0.497818, 0.502182
3438, 1712, 1726, 0.497964, 0.502036
3439, 1712, 1727, 0.497819, 0.502181
3440, 1713, 1727, 0.497965, 0.502035
3441, 1714, 1727, 0.498111, 0.501889
3442, 1715, 1727, 0.498257, 0.501743
3443, 1716, 1727, 0.498403, 0.501597
3444, 1717, 1727, 0.498548, 0.501452
3445, 1717, 1728, 0.498403, 0.501597
3446, 1717, 1729, 0.498259, 0.501741
3447, 1717, 1730, 0.498114, 0.501886
3448, 1718, 1730, 0.49826, 0.50174
3449, 1718, 1731, 0.498115, 0.501885
3450, 1718, 1732, 0.497971, 0.502029
3451, 1718, 1733, 0.497827, 0.502173
3452, 1719, 1733, 0.497972, 0.502028
3453, 1719, 1734, 0.497828, 0.502172
3454, 1719, 1735, 0.497684, 0.502316
3455, 1719, 1736, 0.49754, 0.50246
3456, 1720, 1736, 0.497685, 0.502315
3457, 1721, 1736, 0.49783, 0.50217
3458, 1722, 1736, 0.497976, 0.502024
3459, 1722, 1737, 0.497832, 0.502168
3460, 1722, 1738, 0.497688, 0.502312
3461, 1722, 1739, 0.497544, 0.502456
3462, 1722, 1740, 0.4974, 0.5026
3463, 1723, 1740, 0.497545, 0.502455
3464, 1724, 1740, 0.497691, 0.502309
3465, 1725, 1740, 0.497835, 0.502165
3466, 1726, 1740, 0.49798, 0.50202
3467, 1727, 1740, 0.498125, 0.501875
3468, 1728, 1740, 0.49827, 0.50173
3469, 1729, 1740, 0.498415, 0.501585
3470, 1729, 1741, 0.498271, 0.501729
3471, 1730, 1741, 0.498415, 0.501585
3472, 1731, 1741, 0.49856, 0.50144
3473, 1732, 1741, 0.498704, 0.501296
3474, 1733, 1741, 0.498849, 0.501151
3475, 1734, 1741, 0.498993, 0.501007
3476, 1735, 1741, 0.499137, 0.500863
3477, 1736, 1741, 0.499281, 0.500719
3478, 1737, 1741, 0.499425, 0.500575
3479, 1738, 1741, 0.499569, 0.500431
3480, 1738, 1742, 0.499425, 0.500575
3481, 1739, 1742, 0.499569, 0.500431
3482, 1740, 1742, 0.499713, 0.500287
3483, 1741, 1742, 0.499856, 0.500144
3484, 1741, 1743, 0.499713, 0.500287
3485, 1742, 1743, 0.499857, 0.500143
3486, 1742, 1744, 0.499713, 0.500287
3487, 1742, 1745, 0.49957, 0.50043
3488, 1743, 1745, 0.499713, 0.500287
3489, 1743, 1746, 0.49957, 0.50043
3490, 1744, 1746, 0.499713, 0.500287
3491, 1744, 1747, 0.49957, 0.50043
3492, 1745, 1747, 0.499714, 0.500286
3493, 1745, 1748, 0.499571, 0.500429
3494, 1746, 1748, 0.499714, 0.500286
3495, 1746, 1749, 0.499571, 0.500429
3496, 1746, 1750, 0.499428, 0.500572
3497, 1746, 1751, 0.499285, 0.500715
3498, 1747, 1751, 0.499428, 0.500572
3499, 1747, 1752, 0.499286, 0.500714
3500, 1747, 1753, 0.499143, 0.500857
3501, 1747, 1754, 0.499, 0.501
3502, 1748, 1754, 0.499143, 0.500857
3503, 1748, 1755, 0.499001, 0.500999
3504, 1748, 1756, 0.498858, 0.501142
3505, 1749, 1756, 0.499001, 0.500999
3506, 1749, 1757, 0.498859, 0.501141
3507, 1750, 1757, 0.499002, 0.500998
3508, 1751, 1757, 0.499145, 0.500855
3509, 1751, 1758, 0.499003, 0.500997
3510, 1752, 1758, 0.499145, 0.500855
3511, 1753, 1758, 0.499288, 0.500712
3512, 1753, 1759, 0.499146, 0.500854
3513, 1753, 1760, 0.499004, 0.500996
3514, 1753, 1761, 0.498862, 0.501138
3515, 1753, 1762, 0.49872, 0.50128
3516, 1753, 1763, 0.498578, 0.501422
3517, 1753, 1764, 0.498436, 0.501564
3518, 1754, 1764, 0.498579, 0.501421
3519, 1754, 1765, 0.498437, 0.501563
3520, 1755, 1765, 0.49858, 0.50142
3521, 1756, 1765, 0.498722, 0.501278
3522, 1756, 1766, 0.49858, 0.50142
3523, 1756, 1767, 0.498439, 0.501561
3524, 1757, 1767, 0.498581, 0.501419
3525, 1757, 1768, 0.49844, 0.50156
3526, 1758, 1768, 0.498582, 0.501418
3527, 1759, 1768, 0.498724, 0.501276
3528, 1760, 1768, 0.498866, 0.501134
3529, 1760, 1769, 0.498725, 0.501275
3530, 1761, 1769, 0.498867, 0.501133
3531, 1762, 1769, 0.499009, 0.500991
3532, 1762, 1770, 0.498867, 0.501133
3533, 1763, 1770, 0.499009, 0.500991
3534, 1764, 1770, 0.499151, 0.500849
3535, 1764, 1771, 0.49901, 0.50099
3536, 1764, 1772, 0.498869, 0.501131
3537, 1765, 1772, 0.49901, 0.50099
3538, 1765, 1773, 0.498869, 0.501131
3539, 1766, 1773, 0.499011, 0.500989
3540, 1766, 1774, 0.49887, 0.50113
3541, 1766, 1775, 0.498729, 0.501271
3542, 1767, 1775, 0.498871, 0.501129
3543, 1768, 1775, 0.499012, 0.500988
3544, 1769, 1775, 0.499153, 0.500847
3545, 1769, 1776, 0.499013, 0.500987
3546, 1769, 1777, 0.498872, 0.501128
3547, 1769, 1778, 0.498731, 0.501269
3548, 1769, 1779, 0.498591, 0.501409
3549, 1769, 1780, 0.49845, 0.50155
3550, 1769, 1781, 0.49831, 0.50169
3551, 1770, 1781, 0.498451, 0.501549
3552, 1771, 1781, 0.498592, 0.501408
3553, 1771, 1782, 0.498452, 0.501548
3554, 1771, 1783, 0.498312, 0.501688
3555, 1771, 1784, 0.498172, 0.501828
3556, 1772, 1784, 0.498313, 0.501687
3557, 1773, 1784, 0.498454, 0.501546
3558, 1773, 1785, 0.498314, 0.501686
3559, 1774, 1785, 0.498455, 0.501545
3560, 1775, 1785, 0.498596, 0.501404
3561, 1776, 1785, 0.498736, 0.501264
3562, 1777, 1785, 0.498877, 0.501123
3563, 1777, 1786, 0.498737, 0.501263
3564, 1777, 1787, 0.498597, 0.501403
3565, 1778, 1787, 0.498738, 0.501262
3566, 1779, 1787, 0.498878, 0.501122
3567, 1779, 1788, 0.498738, 0.501262
3568, 1779, 1789, 0.498599, 0.501401
3569, 1780, 1789, 0.498739, 0.501261
3570, 1780, 1790, 0.498599, 0.501401
3571, 1780, 1791, 0.49846, 0.50154
3572, 1781, 1791, 0.4986, 0.5014
3573, 1781, 1792, 0.498461, 0.501539
3574, 1781, 1793, 0.498321, 0.501679
3575, 1782, 1793, 0.498462, 0.501538
3576, 1782, 1794, 0.498322, 0.501678
3577, 1782, 1795, 0.498183, 0.501817
3578, 1782, 1796, 0.498044, 0.501956
3579, 1782, 1797, 0.497904, 0.502096
3580, 1783, 1797, 0.498045, 0.501955
3581, 1783, 1798, 0.497906, 0.502094
3582, 1783, 1799, 0.497767, 0.502233
3583, 1783, 1800, 0.497628, 0.502372
3584, 1783, 1801, 0.497489, 0.502511
3585, 1783, 1802, 0.49735, 0.50265
3586, 1784, 1802, 0.49749, 0.50251
3587, 1785, 1802, 0.49763, 0.50237
3588, 1785, 1803, 0.497492, 0.502508
3589, 1786, 1803, 0.497632, 0.502368
3590, 1786, 1804, 0.497493, 0.502507
3591, 1787, 1804, 0.497633, 0.502367
3592, 1788, 1804, 0.497773, 0.502227
3593, 1789, 1804, 0.497913, 0.502087
3594, 1790, 1804, 0.498052, 0.501948
3595, 1790, 1805, 0.497914, 0.502086
3596, 1790, 1806, 0.497775, 0.502225
3597, 1791, 1806, 0.497915, 0.502085
3598, 1792, 1806, 0.498054, 0.501946
3599, 1793, 1806, 0.498194, 0.501806
3600, 1793, 1807, 0.498056, 0.501944
3601, 1793, 1808, 0.497917, 0.502083
3602, 1794, 1808, 0.498057, 0.501943
3603, 1795, 1808, 0.498196, 0.501804
3604, 1796, 1808, 0.498335, 0.501665
3605, 1796, 1809, 0.498197, 0.501803
3606, 1796, 1810, 0.498059, 0.501941
3607, 1797, 1810, 0.498198, 0.501802
3608, 1798, 1810, 0.498337, 0.501663
3609, 1799, 1810, 0.498476, 0.501524
3610, 1799, 1811, 0.498338, 0.501662
3611, 1799, 1812, 0.4982, 0.5018
3612, 1800, 1812, 0.498339, 0.501661
3613, 1800, 1813, 0.498201, 0.501799
3614, 1800, 1814, 0.498063, 0.501937
3615, 1801, 1814, 0.498202, 0.501798
3616, 1802, 1814, 0.498341, 0.501659
3617, 1802, 1815, 0.498203, 0.501797
3618, 1802, 1816, 0.498065, 0.501935
3619, 1802, 1817, 0.497928, 0.502072
3620, 1802, 1818, 0.49779, 0.50221
3621, 1803, 1818, 0.497929, 0.502071
3622, 1804, 1818, 0.498067, 0.501933
3623, 1804, 1819, 0.49793, 0.50207
3624, 1804, 1820, 0.497792, 0.502208
3625, 1804, 1821, 0.497655, 0.502345
3626, 1805, 1821, 0.497794, 0.502206
3627, 1805, 1822, 0.497656, 0.502344
3628, 1806, 1822, 0.497795, 0.502205
3629, 1807, 1822, 0.497933, 0.502067
3630, 1808, 1822, 0.498072, 0.501928
3631, 1808, 1823, 0.497934, 0.502066
3632, 1808, 1824, 0.497797, 0.502203
3633, 1809, 1824, 0.497936, 0.502064
3634, 1810, 1824, 0.498074, 0.501926
3635, 1811, 1824, 0.498212, 0.501788
3636, 1812, 1824, 0.49835, 0.50165
3637, 1812, 1825, 0.498213, 0.501787
3638, 1813, 1825, 0.498351, 0.501649
3639, 1814, 1825, 0.498489, 0.501511
3640, 1814, 1826, 0.498352, 0.501648
3641, 1815, 1826, 0.498489, 0.501511
3642, 1815, 1827, 0.498353, 0.501647
3643, 1815, 1828, 0.498216, 0.501784
3644, 1815, 1829, 0.498079, 0.501921
3645, 1816, 1829, 0.498217, 0.501783
3646, 1816, 1830, 0.49808, 0.50192
3647, 1817, 1830, 0.498218, 0.501782
3648, 1818, 1830, 0.498355, 0.501645
3649, 1819, 1830, 0.498493, 0.501507
3650, 1819, 1831, 0.498356, 0.501644
3651, 1820, 1831, 0.498494, 0.501506
3652, 1821, 1831, 0.498631, 0.501369
3653, 1822, 1831, 0.498768, 0.501232
3654, 1823, 1831, 0.498905, 0.501095
3655, 1824, 1831, 0.499042, 0.500958
3656, 1824, 1832, 0.498906, 0.501094
3657, 1825, 1832, 0.499043, 0.500957
3658, 1825, 1833, 0.498907, 0.501093
3659, 1826, 1833, 0.499043, 0.500957
3660, 1826, 1834, 0.498907, 0.501093
3661, 1827, 1834, 0.499044, 0.500956
3662, 1828, 1834, 0.499181, 0.500819
3663, 1828, 1835, 0.499044, 0.500956
3664, 1828, 1836, 0.498908, 0.501092
3665, 1829, 1836, 0.499045, 0.500955
3666, 1829, 1837, 0.498909, 0.501091
3667, 1830, 1837, 0.499046, 0.500954
3668, 1831, 1837, 0.499182, 0.500818
3669, 1831, 1838, 0.499046, 0.500954
3670, 1831, 1839, 0.49891, 0.50109
3671, 1831, 1840, 0.498774, 0.501226
3672, 1832, 1840, 0.498911, 0.501089
3673, 1833, 1840, 0.499047, 0.500953
3674, 1834, 1840, 0.499183, 0.500817
3675, 1834, 1841, 0.499048, 0.500952
3676, 1835, 1841, 0.499184, 0.500816
3677, 1835, 1842, 0.499048, 0.500952
3678, 1835, 1843, 0.498912, 0.501088
3679, 1836, 1843, 0.499049, 0.500951
3680, 1836, 1844, 0.498913, 0.501087
3681, 1836, 1845, 0.498778, 0.501222
3682, 1836, 1846, 0.498642, 0.501358
3683, 1836, 1847, 0.498507, 0.501493
3684, 1837, 1847, 0.498643, 0.501357
3685, 1838, 1847, 0.498779, 0.501221
3686, 1839, 1847, 0.498915, 0.501085
3687, 1839, 1848, 0.498779, 0.501221
3688, 1840, 1848, 0.498915, 0.501085
3689, 1840, 1849, 0.49878, 0.50122
3690, 1841, 1849, 0.498916, 0.501084
3691, 1842, 1849, 0.499052, 0.500948
3692, 1843, 1849, 0.499187, 0.500813
3693, 1844, 1849, 0.499323, 0.500677
3694, 1844, 1850, 0.499188, 0.500812
3695, 1844, 1851, 0.499053, 0.500947
3696, 1845, 1851, 0.499188, 0.500812
3697, 1845, 1852, 0.499053, 0.500947
3698, 1845, 1853, 0.498918, 0.501082
3699, 1846, 1853, 0.499054, 0.500946
3700, 1847, 1853, 0.499189, 0.500811
3701, 1848, 1853, 0.499325, 0.500675
3702, 1848, 1854, 0.49919, 0.50081
3703, 1849, 1854, 0.499325, 0.500675
3704, 1849, 1855, 0.49919, 0.50081
3705, 1849, 1856, 0.499055, 0.500945
3706, 1850, 1856, 0.499191, 0.500809
3707, 1851, 1856, 0.499326, 0.500674
3708, 1851, 1857, 0.499191, 0.500809
3709, 1852, 1857, 0.499326, 0.500674
3710, 1852, 1858, 0.499191, 0.500809
3711, 1853, 1858, 0.499326, 0.500674
3712, 1854, 1858, 0.499461, 0.500539
3713, 1854, 1859, 0.499327, 0.500673
3714, 1854, 1860, 0.499192, 0.500808
3715, 1854, 1861, 0.499058, 0.500942
3716, 1854, 1862, 0.498924, 0.501076
3717, 1855, 1862, 0.499058, 0.500942
3718, 1856, 1862, 0.499193, 0.500807
3719, 1857, 1862, 0.499328, 0.500672
3720, 1857, 1863, 0.499194, 0.500806
3721, 1858, 1863, 0.499328, 0.500672
3722, 1859, 1863, 0.499463, 0.500537
3723, 1860, 1863, 0.499597, 0.500403
3724, 1861, 1863, 0.499731, 0.500269
3725, 1862, 1863, 0.499866, 0.500134
3726, 1863, 1863, 0.5, 0.5
3727, 1863, 1864, 0.499866, 0.500134
3728, 1863, 1865, 0.499732, 0.500268
3729, 1863, 1866, 0.499598, 0.500402
3730, 1864, 1866, 0.499732, 0.500268
3731, 1864, 1867, 0.499598, 0.500402
3732, 1865, 1867, 0.499732, 0.500268
3733, 1865, 1868, 0.499598, 0.500402
3734, 1866, 1868, 0.499732, 0.500268
3735, 1867, 1868, 0.499866, 0.500134
3736, 1867, 1869, 0.499732, 0.500268
3737, 1868, 1869, 0.499866, 0.500134
3738, 1869, 1869, 0.5, 0.5
3739, 1869, 1870, 0.499866, 0.500134
3740, 1870, 1870, 0.5, 0.5
3741, 1871, 1870, 0.500134, 0.499866
3742, 1871, 1871, 0.5, 0.5
3743, 1872, 1871, 0.500134, 0.499866
3744, 1872, 1872, 0.5, 0.5
3745, 1872, 1873, 0.499866, 0.500134
3746, 1873, 1873, 0.5, 0.5
3747, 1873, 1874, 0.499867, 0.500133
3748, 1873, 1875, 0.499733, 0.500267
3749, 1873, 1876, 0.4996, 0.5004
3750, 1873, 1877, 0.499467, 0.500533
3751, 1874, 1877, 0.4996, 0.5004
3752, 1875, 1877, 0.499733, 0.500267
3753, 1875, 1878, 0.4996, 0.5004
3754, 1875, 1879, 0.499467, 0.500533
3755, 1876, 1879, 0.499601, 0.500399
3756, 1876, 1880, 0.499468, 0.500532
3757, 1877, 1880, 0.499601, 0.500399
3758, 1878, 1880, 0.499734, 0.500266
3759, 1878, 1881, 0.499601, 0.500399
3760, 1879, 1881, 0.499734, 0.500266
3761, 1880, 1881, 0.499867, 0.500133
3762, 1880, 1882, 0.499734, 0.500266
3763, 1881, 1882, 0.499867, 0.500133
3764, 1882, 1882, 0.5, 0.5
3765, 1883, 1882, 0.500133, 0.499867
3766, 1884, 1882, 0.500266, 0.499734
3767, 1885, 1882, 0.500398, 0.499602
3768, 1886, 1882, 0.500531, 0.499469
3769, 1886, 1883, 0.500398, 0.499602
3770, 1886, 1884, 0.500265, 0.499735
3771, 1886, 1885, 0.500133, 0.499867
3772, 1887, 1885, 0.500265, 0.499735
3773, 1888, 1885, 0.500398, 0.499602
3774, 1888, 1886, 0.500265, 0.499735
3775, 1889, 1886, 0.500397, 0.499603
3776, 1889, 1887, 0.500265, 0.499735
3777, 1890, 1887, 0.500397, 0.499603
3778, 1890, 1888, 0.500265, 0.499735
3779, 1891, 1888, 0.500397, 0.499603
3780, 1891, 1889, 0.500265, 0.499735
3781, 1891, 1890, 0.500132, 0.499868
3782, 1891, 1891, 0.5, 0.5
3783, 1892, 1891, 0.500132, 0.499868
3784, 1893, 1891, 0.500264, 0.499736
3785, 1893, 1892, 0.500132, 0.499868
3786, 1894, 1892, 0.500264, 0.499736
3787, 1894, 1893, 0.500132, 0.499868
3788, 1895, 1893, 0.500264, 0.499736
3789, 1895, 1894, 0.500132, 0.499868
3790, 1895, 1895, 0.5, 0.5
3791, 1896, 1895, 0.500132, 0.499868
3792, 1897, 1895, 0.500264, 0.499736
3793, 1898, 1895, 0.500395, 0.499605
3794, 1899, 1895, 0.500527, 0.499473
3795, 1900, 1895, 0.500659, 0.499341
3796, 1901, 1895, 0.50079, 0.49921
3797, 1901, 1896, 0.500658, 0.499342
3798, 1902, 1896, 0.50079, 0.49921
3799, 1902, 1897, 0.500658, 0.499342
3800, 1903, 1897, 0.500789, 0.499211
3801, 1904, 1897, 0.500921, 0.499079
3802, 1905, 1897, 0.501052, 0.498948
3803, 1905, 1898, 0.50092, 0.49908
3804, 1906, 1898, 0.501052, 0.498948
3805, 1907, 1898, 0.501183, 0.498817
3806, 1907, 1899, 0.501051, 0.498949
3807, 1908, 1899, 0.501182, 0.498818
3808, 1909, 1899, 0.501313, 0.498687
3809, 1909, 1900, 0.501181, 0.498819
3810, 1909, 1901, 0.50105, 0.49895
3811, 1910, 1901, 0.501181, 0.498819
3812, 1911, 1901, 0.501312, 0.498688
3813, 1911, 1902, 0.50118, 0.49882
3814, 1911, 1903, 0.501049, 0.498951
3815, 1911, 1904, 0.500917, 0.499083
3816, 1911, 1905, 0.500786, 0.499214
3817, 1911, 1906, 0.500655, 0.499345
3818, 1912, 1906, 0.500786, 0.499214
3819, 1912, 1907, 0.500655, 0.499345
3820, 1913, 1907, 0.500785, 0.499215
3821, 1914, 1907, 0.500916, 0.499084
3822, 1915, 1907, 0.501047, 0.498953
3823, 1916, 1907, 0.501177, 0.498823
3824, 1916, 1908, 0.501046, 0.498954
3825, 1917, 1908, 0.501176, 0.498824
3826, 1917, 1909, 0.501045, 0.498955
3827, 1918, 1909, 0.501176, 0.498824
3828, 1918, 1910, 0.501045, 0.498955
3829, 1919, 1910, 0.501175, 0.498825
3830, 1920, 1910, 0.501305, 0.498695
3831, 1920, 1911, 0.501175, 0.498825
3832, 1920, 1912, 0.501044, 0.498956
3833, 1921, 1912, 0.501174, 0.498826
3834, 1922, 1912, 0.501304, 0.498696
3835, 1922, 1913, 0.501173, 0.498827
3836, 1923, 1913, 0.501303, 0.498697
3837, 1923, 1914, 0.501173, 0.498827
3838, 1924, 1914, 0.501303, 0.498697
3839, 1925, 1914, 0.501433, 0.498567
3840, 1925, 1915, 0.501302, 0.498698
3841, 1926, 1915, 0.501432, 0.498568
3842, 1926, 1916, 0.501301, 0.498699
3843, 1926, 1917, 0.501171, 0.498829
3844, 1927, 1917, 0.501301, 0.498699
3845, 1927, 1918, 0.50117, 0.49883
3846, 1928, 1918, 0.5013, 0.4987
3847, 1929, 1918, 0.50143, 0.49857
3848, 1930, 1918, 0.501559, 0.498441
3849, 1930, 1919, 0.501429, 0.498571
3850, 1930, 1920, 0.501299, 0.498701
3851, 1930, 1921, 0.501169, 0.498831
3852, 1930, 1922, 0.501038, 0.498962
3853, 1930, 1923, 0.500908, 0.499092
3854, 1931, 1923, 0.501038, 0.498962
3855, 1932, 1923, 0.501167, 0.498833
3856, 1932, 1924, 0.501037, 0.498963
3857, 1932, 1925, 0.500907, 0.499093
3858, 1932, 1926, 0.500778, 0.499222
3859, 1932, 1927, 0.500648, 0.499352
3860, 1933, 1927, 0.500777, 0.499223
3861, 1934, 1927, 0.500907, 0.499093
3862, 1935, 1927, 0.501036, 0.498964
3863, 1936, 1927, 0.501165, 0.498835
3864, 1937, 1927, 0.501294, 0.498706
3865, 1937, 1928, 0.501164, 0.498836
3866, 1938, 1928, 0.501293, 0.498707
3867, 1939, 1928, 0.501422, 0.498578
3868, 1939, 1929, 0.501293, 0.498707
3869, 1940, 1929, 0.501422, 0.498578
3870, 1940, 1930, 0.501292, 0.498708
3871, 1941, 1930, 0.501421, 0.498579
3872, 1941, 1931, 0.501291, 0.498709
3873, 1942, 1931, 0.50142, 0.49858
3874, 1942, 1932, 0.501291, 0.498709
3875, 1942, 1933, 0.501161, 0.498839
3876, 1942, 1934, 0.501032, 0.498968
3877, 1943, 1934, 0.501161, 0.498839
3878, 1943, 1935, 0.501031, 0.498969
3879, 1943, 1936, 0.500902, 0.499098
3880, 1943, 1937, 0.500773, 0.499227
3881, 1944, 1937, 0.500902, 0.499098
3882, 1945, 1937, 0.50103, 0.49897
3883, 1946, 1937, 0.501159, 0.498841
3884, 1947, 1937, 0.501287, 0.498713
3885, 1948, 1937, 0.501416, 0.498584
3886, 1949, 1937, 0.501544, 0.498456
3887, 1949, 1938, 0.501415, 0.498585
3888, 1950, 1938, 0.501543, 0.498457
3889, 1951, 1938, 0.501671, 0.498329
3890, 1952, 1938, 0.501799, 0.498201
3891, 1953, 1938, 0.501928, 0.498072
3892, 1954, 1938, 0.502055, 0.497945
3893, 1954, 1939, 0.501927, 0.498073
3894, 1954, 1940, 0.501798, 0.498202
3895, 1955, 1940, 0.501926, 0.498074
3896, 1955, 1941, 0.501797, 0.498203
3897, 1956, 1941, 0.501925, 0.498075
3898, 1956, 1942, 0.501796, 0.498204
3899, 1957, 1942, 0.501924, 0.498076
3900, 1957, 1943, 0.501795, 0.498205
3901, 1957, 1944, 0.501666, 0.498334
3902, 1958, 1944, 0.501794, 0.498206
3903, 1959, 1944, 0.501922, 0.498078
3904, 1960, 1944, 0.502049, 0.497951
3905, 1960, 1945, 0.501921, 0.498079
3906, 1960, 1946, 0.501792, 0.498208
3907, 1961, 1946, 0.50192, 0.49808
3908, 1961, 1947, 0.501791, 0.498209
3909, 1962, 1947, 0.501919, 0.498081
3910, 1963, 1947, 0.502046, 0.497954
3911, 1963, 1948, 0.501918, 0.498082
3912, 1964, 1948, 0.502045, 0.497955
3913, 1965, 1948, 0.502172, 0.497828
3914, 1966, 1948, 0.502299, 0.497701
3915, 1967, 1948, 0.502427, 0.497573
3916, 1967, 1949, 0.502298, 0.497702
3917, 1967, 1950, 0.50217, 0.49783
3918, 1968, 1950, 0.502297, 0.497703
3919, 1969, 1950, 0.502424, 0.497576
3920, 1969, 1951, 0.502296, 0.497704
3921, 1970, 1951, 0.502423, 0.497577
3922, 1971, 1951, 0.50255, 0.49745
3923, 1971, 1952, 0.502422, 0.497578
3924, 1971, 1953, 0.502294, 0.497706
3925, 1972, 1953, 0.50242, 0.49758
3926, 1973, 1953, 0.502547, 0.497453
3927, 1973, 1954, 0.502419, 0.497581
3928, 1974, 1954, 0.502546, 0.497454
3929, 1975, 1954, 0.502672, 0.497328
3930, 1976, 1954, 0.502799, 0.497201
3931, 1976, 1955, 0.502671, 0.497329
3932, 1977, 1955, 0.502798, 0.497202
3933, 1977, 1956, 0.50267, 0.49733
3934, 1978, 1956, 0.502796, 0.497204
3935, 1978, 1957, 0.502668, 0.497332
3936, 1978, 1958, 0.502541, 0.497459
3937, 1978, 1959, 0.502413, 0.497587
3938, 1978, 1960, 0.502285, 0.497715
3939, 1979, 1960, 0.502412, 0.497588
3940, 1980, 1960, 0.502538, 0.497462
3941, 1980, 1961, 0.502411, 0.497589
3942, 1980, 1962, 0.502283, 0.497717
3943, 1980, 1963, 0.502156, 0.497844
3944, 1980, 1964, 0.502028, 0.497972
3945, 1980, 1965, 0.501901, 0.498099
3946, 1981, 1965, 0.502027, 0.497973
3947, 1982, 1965, 0.502154, 0.497846
3948, 1982, 1966, 0.502026, 0.497974
3949, 1983, 1966, 0.502152, 0.497848
3950, 1983, 1967, 0.502025, 0.497975
3951, 1983, 1968, 0.501898, 0.498102
3952, 1984, 1968, 0.502024, 0.497976
3953, 1984, 1969, 0.501897, 0.498103
3954, 1984, 1970, 0.50177, 0.49823
3955, 1985, 1970, 0.501896, 0.498104
3956, 1985, 1971, 0.501769, 0.498231
3957, 1985, 1972, 0.501643, 0.498357
3958, 1985, 1973, 0.501516, 0.498484
3959, 1985, 1974, 0.501389, 0.498611
3960, 1985, 1975, 0.501263, 0.498737
3961, 1985, 1976, 0.501136, 0.498864
3962, 1986, 1976, 0.501262, 0.498738
3963, 1986, 1977, 0.501136, 0.498864
3964, 1987, 1977, 0.501261, 0.498739
3965, 1988, 1977, 0.501387, 0.498613
3966, 1989, 1977, 0.501513, 0.498487
3967, 1990, 1977, 0.501639, 0.498361
3968, 1990, 1978, 0.501512, 0.498488
3969, 1990, 1979, 0.501386, 0.498614
3970, 1990, 1980, 0.501259, 0.498741
3971, 1990, 1981, 0.501133, 0.498867
3972, 1991, 1981, 0.501259, 0.498741
3973, 1992, 1981, 0.501384, 0.498616
3974, 1993, 1981, 0.50151, 0.49849
3975, 1993, 1982, 0.501384, 0.498616
3976, 1994, 1982, 0.501509, 0.498491
3977, 1995, 1982, 0.501634, 0.498366
3978, 1996, 1982, 0.50176, 0.49824
3979, 1997, 1982, 0.501885, 0.498115
3980, 1997, 1983, 0.501759, 0.498241
3981, 1998, 1983, 0.501884, 0.498116
3982, 1999, 1983, 0.502009, 0.497991
3983, 1999, 1984, 0.501883, 0.498117
3984, 2000, 1984, 0.502008, 0.497992
3985, 2001, 1984, 0.502133, 0.497867
3986, 2001, 1985, 0.502007, 0.497993
3987, 2002, 1985, 0.502132, 0.497868
3988, 2002, 1986, 0.502006, 0.497994
3989, 2003, 1986, 0.502131, 0.497869
3990, 2004, 1986, 0.502256, 0.497744
3991, 2004, 1987, 0.50213, 0.49787
3992, 2004, 1988, 0.502004, 0.497996
3993, 2005, 1988, 0.502129, 0.497871
3994, 2006, 1988, 0.502253, 0.497747
3995, 2007, 1988, 0.502378, 0.497622
3996, 2007, 1989, 0.502252, 0.497748
3997, 2007, 1990, 0.502127, 0.497873
3998, 2008, 1990, 0.502251, 0.497749
3999, 2009, 1990, 0.502376, 0.497624
4000, 2010, 1990, 0.5025, 0.4975
4001, 2010, 1991, 0.502374, 0.497626
4002, 2010, 1992, 0.502249, 0.497751
4003, 2011, 1992, 0.502373, 0.497627
4004, 2011, 1993, 0.502248, 0.497752
4005, 2011, 1994, 0.502122, 0.497878
4006, 2012, 1994, 0.502247, 0.497753
4007, 2012, 1995, 0.502121, 0.497879
4008, 2013, 1995, 0.502246, 0.497754
4009, 2014, 1995, 0.50237, 0.49763
4010, 2015, 1995, 0.502494, 0.497506
4011, 2015, 1996, 0.502368, 0.497632
4012, 2016, 1996, 0.502493, 0.497507
4013, 2017, 1996, 0.502616, 0.497384
4014, 2017, 1997, 0.502491, 0.497509
4015, 2017, 1998, 0.502366, 0.497634
4016, 2017, 1999, 0.502241, 0.497759
4017, 2017, 2000, 0.502116, 0.497884
4018, 2018, 2000, 0.50224, 0.49776
4019, 2018, 2001, 0.502115, 0.497885
4020, 2019, 2001, 0.502239, 0.497761
4021, 2019, 2002, 0.502114, 0.497886
4022, 2020, 2002, 0.502238, 0.497762
4023, 2020, 2003, 0.502113, 0.497887
4024, 2020, 2004, 0.501988, 0.498012
4025, 2020, 2005, 0.501863, 0.498137
4026, 2020, 2006, 0.501739, 0.498261
4027, 2021, 2006, 0.501862, 0.498138
4028, 2021, 2007, 0.501738, 0.498262
4029, 2022, 2007, 0.501862, 0.498138
4030, 2022, 2008, 0.501737, 0.498263
4031, 2023, 2008, 0.501861, 0.498139
4032, 2023, 2009, 0.501736, 0.498264
4033, 2023, 2010, 0.501612, 0.498388
4034, 2023, 2011, 0.501487, 0.498513
4035, 2024, 2011, 0.501611, 0.498389
4036, 2024, 2012, 0.501487, 0.498513
4037, 2024, 2013, 0.501362, 0.498638
4038, 2024, 2014, 0.501238, 0.498762
4039, 2025, 2014, 0.501362, 0.498638
4040, 2025, 2015, 0.501238, 0.498762
4041, 2026, 2015, 0.501361, 0.498639
4042, 2027, 2015, 0.501484, 0.498516
4043, 2027, 2016, 0.50136, 0.49864
4044, 2027, 2017, 0.501236, 0.498764
4045, 2027, 2018, 0.501112, 0.498888
4046, 2028, 2018, 0.501236, 0.498764
4047, 2028, 2019, 0.501112, 0.498888
4048, 2029, 2019, 0.501235, 0.498765
4049, 2030, 2019, 0.501358, 0.498642
4050, 2031, 2019, 0.501481, 0.498519
4051, 2031, 2020, 0.501358, 0.498642
4052, 2032, 2020, 0.501481, 0.498519
4053, 2033, 2020, 0.501604, 0.498396
4054, 2033, 2021, 0.50148, 0.49852
4055, 2034, 2021, 0.501603, 0.498397
4056, 2035, 2021, 0.501726, 0.498274
4057, 2036, 2021, 0.501849, 0.498151
4058, 2036, 2022, 0.501725, 0.498275
4059, 2037, 2022, 0.501848, 0.498152
4060, 2038, 2022, 0.50197, 0.49803
4061, 2039, 2022, 0.502093, 0.497907
4062, 2040, 2022, 0.502216, 0.497784
4063, 2041, 2022, 0.502338, 0.497662
4064, 2041, 2023, 0.502215, 0.497785
4065, 2042, 2023, 0.502337, 0.497663
4066, 2042, 2024, 0.502213, 0.497787
4067, 2043, 2024, 0.502336, 0.497664
4068, 2044, 2024, 0.502458, 0.497542
4069, 2044, 2025, 0.502335, 0.497665
4070, 2044, 2026, 0.502211, 0.497789
4071, 2044, 2027, 0.502088, 0.497912
4072, 2045, 2027, 0.50221, 0.49779
4073, 2046, 2027, 0.502332, 0.497668
4074, 2047, 2027, 0.502455, 0.497545
4075, 2048, 2027, 0.502577, 0.497423
4076, 2049, 2027, 0.502699, 0.497301
4077, 2050, 2027, 0.502821, 0.497179
4078, 2051, 2027, 0.502943, 0.497057
4079, 2051, 2028, 0.502819, 0.497181
4080, 2051, 2029, 0.502696, 0.497304
4081, 2051, 2030, 0.502573, 0.497427
4082, 2052, 2030, 0.502695, 0.497305
4083, 2053, 2030, 0.502817, 0.497183
4084, 2053, 2031, 0.502693, 0.497307
4085, 2053, 2032, 0.50257, 0.49743
4086, 2053, 2033, 0.502447, 0.497553
4087, 2053, 2034, 0.502324, 0.497676
4088, 2053, 2035, 0.502202, 0.497798
4089, 2053, 2036, 0.502079, 0.497921
4090, 2053, 2037, 0.501956, 0.498044
4091, 2054, 2037, 0.502078, 0.497922
4092, 2054, 2038, 0.501955, 0.498045
4093, 2055, 2038, 0.502077, 0.497923
4094, 2055, 2039, 0.501954, 0.498046
4095, 2055, 2040, 0.501832, 0.498168
4096, 2056, 2040, 0.501953, 0.498047
4097, 2057, 2040, 0.502075, 0.497925
4098, 2057, 2041, 0.501952, 0.498048
4099, 2057, 2042, 0.50183, 0.49817
4100, 2057, 2043, 0.501707, 0.498293
4101, 2057, 2044, 0.501585, 0.498415
4102, 2057, 2045, 0.501463, 0.498537
4103, 2057, 2046, 0.50134, 0.49866
4104, 2058, 2046, 0.501462, 0.498538
4105, 2058, 2047, 0.50134, 0.49866
4106, 2059, 2047, 0.501461, 0.498539
4107, 2060, 2047, 0.501583, 0.498417
4108, 2061, 2047, 0.501704, 0.498296
4109, 2061, 2048, 0.501582, 0.498418
4110, 2061, 2049, 0.50146, 0.49854
4111, 2062, 2049, 0.501581, 0.498419
4112, 2063, 2049, 0.501702, 0.498298
4113, 2063, 2050, 0.50158, 0.49842
4114, 2063, 2051, 0.501458, 0.498542
4115, 2063, 2052, 0.501337, 0.498663
4116, 2064, 2052, 0.501458, 0.498542
4117, 2065, 2052, 0.501579, 0.498421
4118, 2065, 2053, 0.501457, 0.498543
4119, 2066, 2053, 0.501578, 0.498422
4120, 2067, 2053, 0.501699, 0.498301
4121, 2068, 2053, 0.50182, 0.49818
4122, 2068, 2054, 0.501698, 0.498302
4123, 2069, 2054, 0.501819, 0.498181
4124, 2069, 2055, 0.501697, 0.498303
4125, 2070, 2055, 0.501818, 0.498182
4126, 2071, 2055, 0.501939, 0.498061
4127, 2072, 2055, 0.50206, 0.49794
4128, 2073, 2055, 0.50218, 0.49782
4129, 2074, 2055, 0.502301, 0.497699
4130, 2074, 2056, 0.502179, 0.497821
4131, 2075, 2056, 0.5023, 0.4977
4132, 2076, 2056, 0.50242, 0.49758
4133, 2076, 2057, 0.502299, 0.497701
4134, 2077, 2057, 0.502419, 0.497581
4135, 2078, 2057, 0.502539, 0.497461
4136, 2079, 2057, 0.50266, 0.49734
4137, 2079, 2058, 0.502538, 0.497462
4138, 2080, 2058, 0.502658, 0.497342
4139, 2081, 2058, 0.502778, 0.497222
4140, 2082, 2058, 0.502899, 0.497101
4141, 2082, 2059, 0.502777, 0.497223
4142, 2082, 2060, 0.502656, 0.497344
4143, 2082, 2061, 0.502534, 0.497466
4144, 2082, 2062, 0.502413, 0.497587
4145, 2083, 2062, 0.502533, 0.497467
4146, 2083, 2063, 0.502412, 0.497588
4147, 2083, 2064, 0.502291, 0.497709
4148, 2084, 2064, 0.502411, 0.497589
4149, 2085, 2064, 0.502531, 0.497469
4150, 2085, 2065, 0.50241, 0.49759
4151, 2086, 2065, 0.50253, 0.49747
4152, 2087, 2065, 0.502649, 0.497351
4153, 2087, 2066, 0.502528, 0.497472
4154, 2088, 2066, 0.502648, 0.497352
4155, 2088, 2067, 0.502527, 0.497473
4156, 2088, 2068, 0.502406, 0.497594
4157, 2088, 2069, 0.502285, 0.497715
4158, 2088, 2070, 0.502165, 0.497835
4159, 2089, 2070, 0.502284, 0.497716
4160, 2090, 2070, 0.502404, 0.497596
4161, 2091, 2070, 0.502523, 0.497477
4162, 2092, 2070, 0.502643, 0.497357
4163, 2092, 2071, 0.502522, 0.497478
4164, 2092, 2072, 0.502402, 0.497598
4165, 2093, 2072, 0.502521, 0.497479
4166, 2094, 2072, 0.50264, 0.49736
4167, 2094, 2073, 0.50252, 0.49748
4168, 2094, 2074, 0.502399, 0.497601
4169, 2095, 2074, 0.502519, 0.497481
4170, 2096, 2074, 0.502638, 0.497362
4171, 2096, 2075, 0.502517, 0.497483
4172, 2097, 2075, 0.502637, 0.497363
4173, 2097, 2076, 0.502516, 0.497484
4174, 2097, 2077, 0.502396, 0.497604
4175, 2098, 2077, 0.502515, 0.497485
4176, 2099, 2077, 0.502634, 0.497366
4177, 2100, 2077, 0.502753, 0.497247
4178, 2101, 2077, 0.502872, 0.497128
4179, 2101, 2078, 0.502752, 0.497248
4180, 2101, 2079, 0.502632, 0.497368
4181, 2101, 2080, 0.502511, 0.497489
4182, 2102, 2080, 0.50263, 0.49737
4183, 2102, 2081, 0.50251, 0.49749
4184, 2103, 2081, 0.502629, 0.497371
4185, 2104, 2081, 0.502748, 0.497252
4186, 2105, 2081, 0.502867, 0.497133
4187, 2106, 2081, 0.502985, 0.497015
4188, 2106, 2082, 0.502865, 0.497135
4189, 2107, 2082, 0.502984, 0.497016
4190, 2107, 2083, 0.502864, 0.497136
4191, 2108, 2083, 0.502983, 0.497017
4192, 2108, 2084, 0.502863, 0.497137
4193, 2109, 2084, 0.502981, 0.497019
4194, 2109, 2085, 0.502861, 0.497139
4195, 2110, 2085, 0.50298, 0.49702
4196, 2111, 2085, 0.503098, 0.496902
4197, 2112, 2085, 0.503217, 0.496783
4198, 2113, 2085, 0.503335, 0.496665
4199, 2113, 2086, 0.503215, 0.496785
4200, 2113, 2087, 0.503095, 0.496905
4201, 2113, 2088, 0.502975, 0.497025
4202, 2114, 2088, 0.503094, 0.496906
4203, 2115, 2088, 0.503212, 0.496788
4204, 2116, 2088, 0.50333, 0.49667
4205, 2117, 2088, 0.503448, 0.496552
4206, 2118, 2088, 0.503566, 0.496434
4207, 2119, 2088, 0.503684, 0.496316
4208, 2119, 2089, 0.503565, 0.496435
4209, 2119, 2090, 0.503445, 0.496555
4210, 2120, 2090, 0.503563, 0.496437
4211, 2120, 2091, 0.503443, 0.496557
4212, 2120, 2092, 0.503324, 0.496676
4213, 2121, 2092, 0.503442, 0.496558
4214, 2121, 2093, 0.503322, 0.496678
4215, 2121, 2094, 0.503203, 0.496797
4216, 2122, 2094, 0.503321, 0.496679
4217, 2122, 2095, 0.503201, 0.496799
4218, 2123, 2095, 0.503319, 0.496681
4219, 2124, 2095, 0.503437, 0.496563
4220, 2125, 2095, 0.503555, 0.496445
4221, 2126, 2095, 0.503672, 0.496328
4222, 2126, 2096, 0.503553, 0.496447
4223, 2126, 2097, 0.503434, 0.496566
4224, 2127, 2097, 0.503551, 0.496449
4225, 2128, 2097, 0.503669, 0.496331
4226, 2128, 2098, 0.503549, 0.496451
4227, 2128, 2099, 0.50343, 0.49657
4228, 2128, 2100, 0.503311, 0.496689
4229, 2128, 2101, 0.503192, 0.496808
4230, 2128, 2102, 0.503073, 0.496927
4231, 2129, 2102, 0.503191, 0.496809
4232, 2129, 2103, 0.503072, 0.496928
4233, 2129, 2104, 0.502953, 0.497047
4234, 2129, 2105, 0.502834, 0.497166
4235, 2129, 2106, 0.502715, 0.497285
4236, 2130, 2106, 0.502833, 0.497167
4237, 2130, 2107, 0.502714, 0.497286
4238, 2131, 2107, 0.502832, 0.497168
4239, 2132, 2107, 0.502949, 0.497051
4240, 2132, 2108, 0.50283, 0.49717
4241, 2133, 2108, 0.502947, 0.497053
4242, 2133, 2109, 0.502829, 0.497171
4243, 2134, 2109, 0.502946, 0.497054
4244, 2135, 2109, 0.503063, 0.496937
4245, 2135, 2110, 0.502945, 0.497055
4246, 2135, 2111, 0.502826, 0.497174
4247, 2135, 2112, 0.502708, 0.497292
4248, 2135, 2113, 0.502589, 0.497411
4249, 2135, 2114, 0.502471, 0.497529
4250, 2135, 2115, 0.502353, 0.497647
4251, 2135, 2116, 0.502235, 0.497765
4252, 2135, 2117, 0.502117, 0.497883
4253, 2135, 2118, 0.501999, 0.498001
4254, 2136, 2118, 0.502116, 0.497884
4255, 2136, 2119, 0.501998, 0.498002
4256, 2136, 2120, 0.50188, 0.49812
4257, 2136, 2121, 0.501762, 0.498238
4258, 2137, 2121, 0.501879, 0.498121
4259, 2137, 2122, 0.501761, 0.498239
4260, 2138, 2122, 0.501878, 0.498122
4261, 2139, 2122, 0.501995, 0.498005
4262, 2140, 2122, 0.502112, 0.497888
4263, 2140, 2123, 0.501994, 0.498006
4264, 2140, 2124, 0.501876, 0.498124
4265, 2140, 2125, 0.501758, 0.498242
4266, 2141, 2125, 0.501875, 0.498125
4267, 2142, 2125, 0.501992, 0.498008
4268, 2143, 2125, 0.502109, 0.497891
4269, 2144, 2125, 0.502225, 0.497775
4270, 2144, 2126, 0.502108, 0.497892
4271, 2145, 2126, 0.502224, 0.497776
4272, 2146, 2126, 0.502341, 0.497659
4273, 2146, 2127, 0.502223, 0.497777
4274, 2146, 2128, 0.502106, 0.497894
4275, 2147, 2128, 0.502222, 0.497778
4276, 2147, 2129, 0.502105, 0.497895
4277, 2147, 2130, 0.501987, 0.498013
4278, 2147, 2131, 0.50187, 0.49813
4279, 2147, 2132, 0.501753, 0.498247
4280, 2147, 2133, 0.501636, 0.498364
4281, 2148, 2133, 0.501752, 0.498248
4282, 2149, 2133, 0.501868, 0.498132
4283, 2150, 2133, 0.501985, 0.498015
4284, 2151, 2133, 0.502101, 0.497899
4285, 2151, 2134, 0.501984, 0.498016
4286, 2152, 2134, 0.5021, 0.4979
4287, 2152, 2135, 0.501983, 0.498017
4288, 2152, 2136, 0.501866, 0.498134
4289, 2153, 2136, 0.501982, 0.498018
4290, 2153, 2137, 0.501865, 0.498135
4291, 2153, 2138, 0.501748, 0.498252
4292, 2154, 2138, 0.501864, 0.498136
4293, 2155, 2138, 0.50198, 0.49802
4294, 2155, 2139, 0.501863, 0.498137
4295, 2155, 2140, 0.501746, 0.498254
4296, 2155, 2141, 0.501629, 0.498371
4297, 2155, 2142, 0.501513, 0.498487
4298, 2155, 2143, 0.501396, 0.498604
4299, 2156, 2143, 0.501512, 0.498488
4300, 2157, 2143, 0.501628, 0.498372
4301, 2157, 2144, 0.501511, 0.498489
4302, 2157, 2145, 0.501395, 0.498605
4303, 2157, 2146, 0.501278, 0.498722
4304, 2158, 2146, 0.501394, 0.498606
4305, 2158, 2147, 0.501278, 0.498722
4306, 2158, 2148, 0.501161, 0.498839
4307, 2159, 2148, 0.501277, 0.498723
4308, 2160, 2148, 0.501393, 0.498607
4309, 2161, 2148, 0.501508, 0.498492
4310, 2161, 2149, 0.501392, 0.498608
4311, 2161, 2150, 0.501276, 0.498724
4312, 2161, 2151, 0.50116, 0.49884
4313, 2161, 2152, 0.501043, 0.498957
4314, 2161, 2153, 0.500927, 0.499073
4315, 2162, 2153, 0.501043, 0.498957
4316, 2163, 2153, 0.501158, 0.498842
4317, 2163, 2154, 0.501042, 0.498958
4318, 2164, 2154, 0.501158, 0.498842
4319, 2164, 2155, 0.501042, 0.498958
4320, 2165, 2155, 0.501157, 0.498843
4321, 2166, 2155, 0.501273, 0.498727
4322, 2166, 2156, 0.501157, 0.498843
4323, 2166, 2157, 0.501041, 0.498959
4324, 2166, 2158, 0.500925, 0.499075
4325, 2167, 2158, 0.50104, 0.49896
4326, 2168, 2158, 0.501156, 0.498844
4327, 2169, 2158, 0.501271, 0.498729
4328, 2169, 2159, 0.501155, 0.498845
4329, 2170, 2159, 0.501271, 0.498729
4330, 2171, 2159, 0.501386, 0.498614
4331, 2171, 2160, 0.50127, 0.49873
4332, 2172, 2160, 0.501385, 0.498615
4333, 2172, 2161, 0.501269, 0.498731
4334, 2173, 2161, 0.501384, 0.498616
4335, 2173, 2162, 0.501269, 0.498731
4336, 2174, 2162, 0.501384, 0.498616
4337, 2174, 2163, 0.501268, 0.498732
4338, 2175, 2163, 0.501383, 0.498617
4339, 2175, 2164, 0.501268, 0.498732
4340, 2175, 2165, 0.501152, 0.498848
4341, 2175, 2166, 0.501037, 0.498963
4342, 2176, 2166, 0.501152, 0.498848
4343, 2176, 2167, 0.501036, 0.498964
4344, 2177, 2167, 0.501151, 0.498849
4345, 2177, 2168, 0.501036, 0.498964
4346, 2177, 2169, 0.50092, 0.49908
4347, 2178, 2169, 0.501035, 0.498965
4348, 2179, 2169, 0.50115, 0.49885
4349, 2180, 2169, 0.501265, 0.498735
4350, 2180, 2170, 0.501149, 0.498851
4351, 2180, 2171, 0.501034, 0.498966
4352, 2180, 2172, 0.500919, 0.499081
4353, 2181, 2172, 0.501034, 0.498966
4354, 2181, 2173, 0.500919, 0.499081
4355, 2181, 2174, 0.500804, 0.499196
4356, 2182, 2174, 0.500918, 0.499082
4357, 2183, 2174, 0.501033, 0.498967
4358, 2183, 2175, 0.500918, 0.499082
4359, 2183, 2176, 0.500803, 0.499197
4360, 2183, 2177, 0.500688, 0.499312
4361, 2184, 2177, 0.500803, 0.499197
4362, 2184, 2178, 0.500688, 0.499312
4363, 2184, 2179, 0.500573, 0.499427
4364, 2185, 2179, 0.500687, 0.499313
4365, 2185, 2180, 0.500573, 0.499427
4366, 2186, 2180, 0.500687, 0.499313
4367, 2187, 2180, 0.500801, 0.499199
4368, 2188, 2180, 0.500916, 0.499084
4369, 2188, 2181, 0.500801, 0.499199
4370, 2189, 2181, 0.500915, 0.499085
4371, 2189, 2182, 0.500801, 0.499199
4372, 2190, 2182, 0.500915, 0.499085
4373, 2190, 2183, 0.5008, 0.4992
4374, 2190, 2184, 0.500686, 0.499314
4375, 2191, 2184, 0.5008, 0.4992
4376, 2192, 2184, 0.500914, 0.499086
4377, 2192, 2185, 0.5008, 0.4992
4378, 2192, 2186, 0.500685, 0.499315
4379, 2192, 2187, 0.500571, 0.499429
4380, 2192, 2188, 0.500457, 0.499543
4381, 2193, 2188, 0.500571, 0.499429
4382, 2194, 2188, 0.500685, 0.499315
4383, 2195, 2188, 0.500799, 0.499201
4384, 2196, 2188, 0.500912, 0.499088
4385, 2197, 2188, 0.501026, 0.498974
4386, 2198, 2188, 0.50114, 0.49886
4387, 2198, 2189, 0.501026, 0.498974
4388, 2199, 2189, 0.501139, 0.498861
4389, 2199, 2190, 0.501025, 0.498975
4390, 2200, 2190, 0.501139, 0.498861
4391, 2200, 2191, 0.501025, 0.498975
4392, 2201, 2191, 0.501138, 0.498862
4393, 2201, 2192, 0.501024, 0.498976
4394, 2201, 2193, 0.50091, 0.49909
4395, 2202, 2193, 0.501024, 0.498976
4396, 2202, 2194, 0.50091, 0.49909
4397, 2203, 2194, 0.501023, 0.498977
4398, 2203, 2195, 0.50091, 0.49909
4399, 2204, 2195, 0.501023, 0.498977
4400, 2204, 2196, 0.500909, 0.499091
4401, 2204, 2197, 0.500795, 0.499205
4402, 2205, 2197, 0.500909, 0.499091
4403, 2205, 2198, 0.500795, 0.499205
4404, 2205, 2199, 0.500681, 0.499319
4405, 2206, 2199, 0.500795, 0.499205
4406, 2206, 2200, 0.500681, 0.499319
4407, 2207, 2200, 0.500794, 0.499206
4408, 2208, 2200, 0.500907, 0.499093
4409, 2208, 2201, 0.500794, 0.499206
4410, 2208, 2202, 0.50068, 0.49932
4411, 2208, 2203, 0.500567, 0.499433
4412, 2208, 2204, 0.500453, 0.499547
4413, 2209, 2204, 0.500567, 0.499433
4414, 2209, 2205, 0.500453, 0.499547
4415, 2210, 2205, 0.500566, 0.499434
4416, 2211, 2205, 0.500679, 0.499321
4417, 2211, 2206, 0.500566, 0.499434
4418, 2211, 2207, 0.500453, 0.499547
4419, 2212, 2207, 0.500566, 0.499434
4420, 2212, 2208, 0.500452, 0.499548
4421, 2212, 2209, 0.500339, 0.499661
4422, 2212, 2210, 0.500226, 0.499774
4423, 2213, 2210, 0.500339, 0.499661
4424, 2213, 2211, 0.500226, 0.499774
4425, 2214, 2211, 0.500339, 0.499661
4426, 2215, 2211, 0.500452, 0.499548
4427, 2215, 2212, 0.500339, 0.499661
4428, 2216, 2212, 0.500452, 0.499548
4429, 2217, 2212, 0.500564, 0.499436
4430, 2217, 2213, 0.500451, 0.499549
4431, 2218, 2213, 0.500564, 0.499436
4432, 2219, 2213, 0.500677, 0.499323
4433, 2219, 2214, 0.500564, 0.499436
4434, 2219, 2215, 0.500451, 0.499549
4435, 2219, 2216, 0.500338, 0.499662
4436, 2220, 2216, 0.500451, 0.499549
4437, 2220, 2217, 0.500338, 0.499662
4438, 2220, 2218, 0.500225, 0.499775
4439, 2221, 2218, 0.500338, 0.499662
4440, 2222, 2218, 0.50045, 0.49955
4441, 2222, 2219, 0.500338, 0.499662
4442, 2223, 2219, 0.50045, 0.49955
4443, 2224, 2219, 0.500563, 0.499437
4444, 2225, 2219, 0.500675, 0.499325
4445, 2225, 2220, 0.500562, 0.499438
4446, 2226, 2220, 0.500675, 0.499325
4447, 2226, 2221, 0.500562, 0.499438
4448, 2227, 2221, 0.500674, 0.499326
4449, 2227, 2222, 0.500562, 0.499438
4450, 2227, 2223, 0.500449, 0.499551
4451, 2228, 2223, 0.500562, 0.499438
4452, 2229, 2223, 0.500674, 0.499326
4453, 2230, 2223, 0.500786, 0.499214
4454, 2230, 2224, 0.500674, 0.499326
4455, 2230, 2225, 0.500561, 0.499439
4456, 2231, 2225, 0.500673, 0.499327
4457, 2231, 2226, 0.500561, 0.499439
4458, 2231, 2227, 0.500449, 0.499551
4459, 2232, 2227, 0.500561, 0.499439
4460, 2233, 2227, 0.500673, 0.499327
4461, 2234, 2227, 0.500785, 0.499215
4462, 2235, 2227, 0.500896, 0.499104
4463, 2236, 2227, 0.501008, 0.498992
4464, 2237, 2227, 0.50112, 0.49888
4465, 2238, 2227, 0.501232, 0.498768
4466, 2238, 2228, 0.50112, 0.49888
4467, 2238, 2229, 0.501007, 0.498993
4468, 2239, 2229, 0.501119, 0.498881
4469, 2240, 2229, 0.501231, 0.498769
4470, 2241, 2229, 0.501342, 0.498658
4471, 2242, 2229, 0.501454, 0.498546
4472, 2242, 2230, 0.501342, 0.498658
4473, 2243, 2230, 0.501453, 0.498547
4474, 2244, 2230, 0.501565, 0.498435
4475, 2244, 2231, 0.501453, 0.498547
4476, 2245, 2231, 0.501564, 0.498436
4477, 2246, 2231, 0.501675, 0.498325
4478, 2246, 2232, 0.501563, 0.498437
4479, 2246, 2233, 0.501451, 0.498549
4480, 2247, 2233, 0.501563, 0.498437
4481, 2247, 2234, 0.501451, 0.498549
4482, 2247, 2235, 0.501339, 0.498661
4483, 2247, 2236, 0.501227, 0.498773
4484, 2248, 2236, 0.501338, 0.498662
4485, 2248, 2237, 0.501226, 0.498774
4486, 2249, 2237, 0.501337, 0.498663
4487, 2250, 2237, 0.501449, 0.498551
4488, 2250, 2238, 0.501337, 0.498663
4489, 2250, 2239, 0.501225, 0.498775
4490, 2251, 2239, 0.501336, 0.498664
4491, 2251, 2240, 0.501225, 0.498775
4492, 2251, 2241, 0.501113, 0.498887
4493, 2251, 2242, 0.501002, 0.498998
4494, 2251, 2243, 0.50089, 0.49911
4495, 2251, 2244, 0.500779, 0.499221
4496, 2251, 2245, 0.500667, 0.499333
4497, 2252, 2245, 0.500778, 0.499222
4498, 2253, 2245, 0.500889, 0.499111
4499, 2253, 2246, 0.500778, 0.499222
4500, 2254, 2246, 0.500889, 0.499111
4501, 2254, 2247, 0.500778, 0.499222
4502, 2255, 2247, 0.500888, 0.499112
4503, 2255, 2248, 0.500777, 0.499223
4504, 2256, 2248, 0.500888, 0.499112
4505, 2256, 2249, 0.500777, 0.499223
4506, 2256, 2250, 0.500666, 0.499334
4507, 2257, 2250, 0.500777, 0.499223
4508, 2257, 2251, 0.500665, 0.499335
4509, 2257, 2252, 0.500554, 0.499446
4510, 2258, 2252, 0.500665, 0.499335
4511, 2259, 2252, 0.500776, 0.499224
4512, 2260, 2252, 0.500887, 0.499113
4513, 2260, 2253, 0.500776, 0.499224
4514, 2261, 2253, 0.500886, 0.499114
4515, 2262, 2253, 0.500997, 0.499003
4516, 2262, 2254, 0.500886, 0.499114
4517, 2262, 2255, 0.500775, 0.499225
4518, 2263, 2255, 0.500885, 0.499115
4519, 2264, 2255, 0.500996, 0.499004
4520, 2265, 2255, 0.501106, 0.498894
4521, 2266, 2255, 0.501217, 0.498783
4522, 2267, 2255, 0.501327, 0.498673
4523, 2268, 2255, 0.501437, 0.498563
4524, 2269, 2255, 0.501547, 0.498453
4525, 2269, 2256, 0.501436, 0.498564
4526, 2269, 2257, 0.501326, 0.498674
4527, 2270, 2257, 0.501436, 0.498564
4528, 2271, 2257, 0.501546, 0.498454
4529, 2271, 2258, 0.501435, 0.498565
4530, 2271, 2259, 0.501325, 0.498675
4531, 2271, 2260, 0.501214, 0.498786
4532, 2272, 2260, 0.501324, 0.498676
4533, 2272, 2261, 0.501213, 0.498787
4534, 2272, 2262, 0.501103, 0.498897
4535, 2273, 2262, 0.501213, 0.498787
4536, 2274, 2262, 0.501323, 0.498677
4537, 2275, 2262, 0.501433, 0.498567
4538, 2276, 2262, 0.501543, 0.498457
4539, 2277, 2262, 0.501652, 0.498348
4540, 2278, 2262, 0.501762, 0.498238
4541, 2278, 2263, 0.501652, 0.498348
4542, 2279, 2263, 0.501761, 0.498239
4543, 2279, 2264, 0.501651, 0.498349
4544, 2280, 2264, 0.501761, 0.498239
4545, 2281, 2264, 0.50187, 0.49813
4546, 2282, 2264, 0.50198, 0.49802
4547, 2283, 2264, 0.502089, 0.497911
4548, 2284, 2264, 0.502199, 0.497801
4549, 2284, 2265, 0.502088, 0.497912
4550, 2285, 2265, 0.502198, 0.497802
4551, 2285, 2266, 0.502087, 0.497913
4552, 2286, 2266, 0.502197, 0.497803
4553, 2286, 2267, 0.502087, 0.497913
4554, 2287, 2267, 0.502196, 0.497804
4555, 2288, 2267, 0.502305, 0.497695
4556, 2289, 2267, 0.502414, 0.497586
4557, 2290, 2267, 0.502524, 0.497476
4558, 2290, 2268, 0.502413, 0.497587
4559, 2290, 2269, 0.502303, 0.497697
4560, 2291, 2269, 0.502412, 0.497588
4561, 2292, 2269, 0.502521, 0.497479
4562, 2293, 2269, 0.50263, 0.49737
4563, 2294, 2269, 0.502739, 0.497261
4564, 2295, 2269, 0.502848, 0.497152
4565, 2296, 2269, 0.502957, 0.497043
4566, 2297, 2269, 0.503066, 0.496934
4567, 2297, 2270, 0.502956, 0.497044
4568, 2297, 2271, 0.502846, 0.497154
4569, 2297, 2272, 0.502736, 0.497264
4570, 2297, 2273, 0.502626, 0.497374
4571, 2297, 2274, 0.502516, 0.497484
4572, 2297, 2275, 0.502406, 0.497594
4573, 2298, 2275, 0.502515, 0.497485
4574, 2298, 2276, 0.502405, 0.497595
4575, 2299, 2276, 0.502514, 0.497486
4576, 2299, 2277, 0.502404, 0.497596
4577, 2299, 2278, 0.502294, 0.497706
4578, 2300, 2278, 0.502403, 0.497597
4579, 2301, 2278, 0.502511, 0.497489
4580, 2301, 2279, 0.502402, 0.497598
4581, 2301, 2280, 0.502292, 0.497708
4582, 2302, 2280, 0.502401, 0.497599
4583, 2303, 2280, 0.502509, 0.497491
4584, 2303, 2281, 0.5024, 0.4976
4585, 2304, 2281, 0.502508, 0.497492
4586, 2305, 2281, 0.502617, 0.497383
4587, 2305, 2282, 0.502507, 0.497493
4588, 2306, 2282, 0.502616, 0.497384
4589, 2307, 2282, 0.502724, 0.497276
4590, 2307, 2283, 0.502614, 0.497386
4591, 2307, 2284, 0.502505, 0.497495
4592, 2308, 2284, 0.502613, 0.497387
4593, 2309, 2284, 0.502722, 0.497278
4594, 2310, 2284, 0.50283, 0.49717
4595, 2311, 2284, 0.502938, 0.497062
4596, 2312, 2284, 0.503046, 0.496954
4597, 2313, 2284, 0.503154, 0.496846
4598, 2314, 2284, 0.503262, 0.496738
4599, 2315, 2284, 0.50337, 0.49663
4600, 2315, 2285, 0.503261, 0.496739
4601, 2315, 2286, 0.503151, 0.496849
4602, 2316, 2286, 0.503259, 0.496741
4603, 2316, 2287, 0.50315, 0.49685
4604, 2316, 2288, 0.503041, 0.496959
4605, 2317, 2288, 0.503149, 0.496851
4606, 2317, 2289, 0.50304, 0.49696
4607, 2318, 2289, 0.503147, 0.496853
4608, 2318, 2290, 0.503038, 0.496962
4609, 2319, 2290, 0.503146, 0.496854
4610, 2319, 2291, 0.503037, 0.496963
4611, 2320, 2291, 0.503145, 0.496855
4612, 2321, 2291, 0.503252, 0.496748
4613, 2322, 2291, 0.50336, 0.49664
4614, 2322, 2292, 0.503251, 0.496749
4615, 2323, 2292, 0.503359, 0.496641
4616, 2323, 2293, 0.50325, 0.49675
4617, 2324, 2293, 0.503357, 0.496643
4618, 2324, 2294, 0.503248, 0.496752
4619, 2324, 2295, 0.503139, 0.496861
4620, 2325, 2295, 0.503247, 0.496753
4621, 2326, 2295, 0.503354, 0.496646
4622, 2326, 2296, 0.503245, 0.496755
4623, 2327, 2296, 0.503353, 0.496647
4624, 2327, 2297, 0.503244, 0.496756
4625, 2327, 2298, 0.503135, 0.496865
4626, 2328, 2298, 0.503243, 0.496757
4627, 2328, 2299, 0.503134, 0.496866
4628, 2329, 2299, 0.503241, 0.496759
4629, 2330, 2299, 0.503348, 0.496652
4630, 2330, 2300, 0.50324, 0.49676
4631, 2331, 2300, 0.503347, 0.496653
4632, 2331, 2301, 0.503238, 0.496762
4633, 2332, 2301, 0.503346, 0.496654
4634, 2332, 2302, 0.503237, 0.496763
4635, 2332, 2303, 0.503128, 0.496872
4636, 2333, 2303, 0.503236, 0.496764
4637, 2334, 2303, 0.503343, 0.496657
4638, 2334, 2304, 0.503234, 0.496766
4639, 2335, 2304, 0.503341, 0.496659
4640, 2336, 2304, 0.503448, 0.496552
4641, 2337, 2304, 0.503555, 0.496445
4642, 2338, 2304, 0.503662, 0.496338
4643, 2338, 2305, 0.503554, 0.496446
4644, 2339, 2305, 0.503661, 0.496339
4645, 2339, 2306, 0.503552, 0.496448
4646, 2340, 2306, 0.503659, 0.496341
4647, 2340, 2307, 0.503551, 0.496449
4648, 2340, 2308, 0.503442, 0.496558
4649, 2340, 2309, 0.503334, 0.496666
4650, 2340, 2310, 0.503226, 0.496774
4651, 2340, 2311, 0.503118, 0.496882
4652, 2341, 2311, 0.503224, 0.496776
4653, 2341, 2312, 0.503116, 0.496884
4654, 2342, 2312, 0.503223, 0.496777
4655, 2343, 2312, 0.50333, 0.49667
4656, 2343, 2313, 0.503222, 0.496778
4657, 2343, 2314, 0.503114, 0.496886
4658, 2344, 2314, 0.50322, 0.49678
4659, 2345, 2314, 0.503327, 0.496673
4660, 2346, 2314, 0.503433, 0.496567
4661, 2347, 2314, 0.50354, 0.49646
4662, 2348, 2314, 0.503647, 0.496353
4663, 2349, 2314, 0.503753, 0.496247
4664, 2349, 2315, 0.503645, 0.496355
4665, 2349, 2316, 0.503537, 0.496463
4666, 2349, 2317, 0.503429, 0.496571
4667, 2349, 2318, 0.503321, 0.496679
4668, 2349, 2319, 0.503213, 0.496787
4669, 2349, 2320, 0.503106, 0.496894
4670, 2349, 2321, 0.502998, 0.497002
4671, 2349, 2322, 0.50289, 0.49711
4672, 2349, 2323, 0.502783, 0.497217
4673, 2350, 2323, 0.502889, 0.497111
4674, 2350, 2324, 0.502781, 0.497219
4675, 2351, 2324, 0.502888, 0.497112
4676, 2352, 2324, 0.502994, 0.497006
4677, 2353, 2324, 0.5031, 0.4969
4678, 2353, 2325, 0.502993, 0.497007
4679, 2354, 2325, 0.503099, 0.496901
4680, 2355, 2325, 0.503205, 0.496795
4681, 2355, 2326, 0.503098, 0.496902
4682, 2355, 2327, 0.50299, 0.49701
4683, 2355, 2328, 0.502883, 0.497117
4684, 2356, 2328, 0.502989, 0.497011
4685, 2357, 2328, 0.503095, 0.496905
4686, 2357, 2329, 0.502988, 0.497012
4687, 2357, 2330, 0.50288, 0.49712
4688, 2357, 2331, 0.502773, 0.497227
4689, 2358, 2331, 0.502879, 0.497121
4690, 2358, 2332, 0.502772, 0.497228
4691, 2359, 2332, 0.502878, 0.497122
4692, 2359, 2333, 0.502771, 0.497229
4693, 2359, 2334, 0.502664, 0.497336
4694, 2359, 2335, 0.502556, 0.497444
4695, 2360, 2335, 0.502662, 0.497338
4696, 2361, 2335, 0.502768, 0.497232
4697, 2361, 2336, 0.502661, 0.497339
4698, 2362, 2336, 0.502767, 0.497233
4699, 2363, 2336, 0.502873, 0.497127
4700, 2363, 2337, 0.502766, 0.497234
4701, 2364, 2337, 0.502872, 0.497128
4702, 2365, 2337, 0.502977, 0.497023
4703, 2365, 2338, 0.502871, 0.497129
4704, 2365, 2339, 0.502764, 0.497236
4705, 2366, 2339, 0.502869, 0.497131
4706, 2367, 2339, 0.502975, 0.497025
4707, 2368, 2339, 0.503081, 0.496919
4708, 2369, 2339, 0.503186, 0.496814
4709, 2369, 2340, 0.503079, 0.496921
4710, 2370, 2340, 0.503185, 0.496815
4711, 2371, 2340, 0.50329, 0.49671
4712, 2372, 2340, 0.503396, 0.496604
4713, 2372, 2341, 0.503289, 0.496711
4714, 2372, 2342, 0.503182, 0.496818
4715, 2372, 2343, 0.503075, 0.496925
4716, 2372, 2344, 0.502969, 0.497031
4717, 2372, 2345, 0.502862, 0.497138
4718, 2372, 2346, 0.502755, 0.497245
4719, 2373, 2346, 0.502861, 0.497139
4720, 2374, 2346, 0.502966, 0.497034
4721, 2374, 2347, 0.50286, 0.49714
4722, 2375, 2347, 0.502965, 0.497035
4723, 2376, 2347, 0.50307, 0.49693
4724, 2376, 2348, 0.502964, 0.497036
4725, 2376, 2349, 0.502857, 0.497143
4726, 2377, 2349, 0.502962, 0.497038
4727, 2378, 2349, 0.503067, 0.496933
4728, 2379, 2349, 0.503173, 0.496827
4729, 2380, 2349, 0.503278, 0.496722
4730, 2381, 2349, 0.503383, 0.496617
4731, 2382, 2349, 0.503488, 0.496512
4732, 2382, 2350, 0.503381, 0.496619
4733, 2383, 2350, 0.503486, 0.496514
4734, 2383, 2351, 0.50338, 0.49662
4735, 2384, 2351, 0.503485, 0.496515
4736, 2385, 2351, 0.50359, 0.49641
4737, 2385, 2352, 0.503483, 0.496517
4738, 2386, 2352, 0.503588, 0.496412
4739, 2387, 2352, 0.503693, 0.496307
4740, 2388, 2352, 0.503797, 0.496203
4741, 2388, 2353, 0.503691, 0.496309
4742, 2388, 2354, 0.503585, 0.496415
4743, 2389, 2354, 0.50369, 0.49631
4744, 2390, 2354, 0.503794, 0.496206
4745, 2391, 2354, 0.503899, 0.496101
4746, 2392, 2354, 0.504003, 0.495997
4747, 2392, 2355, 0.503897, 0.496103
4748, 2392, 2356, 0.503791, 0.496209
4749, 2393, 2356, 0.503896, 0.496104
4750, 2393, 2357, 0.503789, 0.496211
4751, 2394, 2357, 0.503894, 0.496106
4752, 2394, 2358, 0.503788, 0.496212
4753, 2394, 2359, 0.503682, 0.496318
4754, 2395, 2359, 0.503786, 0.496214
4755, 2396, 2359, 0.503891, 0.496109
4756, 2396, 2360, 0.503785, 0.496215
4757, 2397, 2360, 0.503889, 0.496111
4758, 2398, 2360, 0.503993, 0.496007
4759, 2399, 2360, 0.504097, 0.495903
4760, 2400, 2360, 0.504202, 0.495798
4761, 2401, 2360, 0.504306, 0.495694
4762, 2402, 2360, 0.50441, 0.49559
4763, 2403, 2360, 0.504514, 0.495486
4764, 2403, 2361, 0.504408, 0.495592
4765, 2403, 2362, 0.504302, 0.495698
4766, 2404, 2362, 0.504406, 0.495594
4767, 2404, 2363, 0.5043, 0.4957
4768, 2404, 2364, 0.504195, 0.495805
4769, 2404, 2365, 0.504089, 0.495911
4770, 2405, 2365, 0.504193, 0.495807
4771, 2405, 2366, 0.504087, 0.495913
4772, 2406, 2366, 0.504191, 0.495809
4773, 2407, 2366, 0.504295, 0.495705
4774, 2408, 2366, 0.504399, 0.495601
4775, 2409, 2366, 0.504503, 0.495497
4776, 2410, 2366, 0.504606, 0.495394
4777, 2411, 2366, 0.50471, 0.49529
4778, 2412, 2366, 0.504814, 0.495186
4779, 2413, 2366, 0.504917, 0.495083
4780, 2413, 2367, 0.504812, 0.495188
4781, 2414, 2367, 0.504915, 0.495085
4782, 2414, 2368, 0.50481, 0.49519
4783, 2414, 2369, 0.504704, 0.495296
4784, 2415, 2369, 0.504808, 0.495192
4785, 2416, 2369, 0.504911, 0.495089
4786, 2417, 2369, 0.505015, 0.494985
4787, 2417, 2370, 0.504909, 0.495091
4788, 2418, 2370, 0.505013, 0.494987
4789, 2418, 2371, 0.504907, 0.495093
4790, 2418, 2372, 0.504802, 0.495198
4791, 2419, 2372, 0.504905, 0.495095
4792, 2419, 2373, 0.5048, 0.4952
4793, 2420, 2373, 0.504903, 0.495097
4794, 2420, 2374, 0.504798, 0.495202
4795, 2421, 2374, 0.504901, 0.495099
4796, 2421, 2375, 0.504796, 0.495204
4797, 2421, 2376, 0.50469, 0.49531
4798, 2421, 2377, 0.504585, 0.495415
4799, 2421, 2378, 0.50448, 0.49552
4800, 2421, 2379, 0.504375, 0.495625
4801, 2421, 2380, 0.50427, 0.49573
4802, 2421, 2381, 0.504165, 0.495835
4803, 2421, 2382, 0.50406, 0.49594
4804, 2421, 2383, 0.503955, 0.496045
4805, 2421, 2384, 0.50385, 0.49615
4806, 2421, 2385, 0.503745, 0.496255
4807, 2421, 2386, 0.503641, 0.496359
4808, 2421, 2387, 0.503536, 0.496464
4809, 2422, 2387, 0.503639, 0.496361
4810, 2423, 2387, 0.503742, 0.496258
4811, 2424, 2387, 0.503845, 0.496155
4812, 2424, 2388, 0.503741, 0.496259
4813, 2424, 2389, 0.503636, 0.496364
4814, 2425, 2389, 0.503739, 0.496261
4815, 2425, 2390, 0.503634, 0.496366
4816, 2426, 2390, 0.503738, 0.496262
4817, 2427, 2390, 0.503841, 0.496159
4818, 2427, 2391, 0.503736, 0.496264
4819, 2428, 2391, 0.503839, 0.496161
4820, 2429, 2391, 0.503942, 0.496058
4821, 2429, 2392, 0.503837, 0.496163
4822, 2429, 2393, 0.503733, 0.496267
4823, 2429, 2394, 0.503628, 0.496372
4824, 2430, 2394, 0.503731, 0.496269
4825, 2431, 2394, 0.503834, 0.496166
4826, 2432, 2394, 0.503937, 0.496063
4827, 2433, 2394, 0.50404, 0.49596
4828, 2434, 2394, 0.504143, 0.495857
4829, 2434, 2395, 0.504038, 0.495962
4830, 2435, 2395, 0.504141, 0.495859
4831, 2436, 2395, 0.504243, 0.495757
4832, 2437, 2395, 0.504346, 0.495654
4833, 2438, 2395, 0.504449, 0.495551
4834, 2438, 2396, 0.504344, 0.495656
4835, 2439, 2396, 0.504447, 0.495553
4836, 2440, 2396, 0.504549, 0.495451
4837, 2440, 2397, 0.504445, 0.495555
4838, 2440, 2398, 0.504341, 0.495659
4839, 2441, 2398, 0.504443, 0.495557
4840, 2441, 2399, 0.504339, 0.495661
4841, 2442, 2399, 0.504441, 0.495559
4842, 2442, 2400, 0.504337, 0.495663
4843, 2443, 2400, 0.504439, 0.495561
4844, 2444, 2400, 0.504542, 0.495458
4845, 2444, 2401, 0.504438, 0.495562
4846, 2445, 2401, 0.50454, 0.49546
4847, 2446, 2401, 0.504642, 0.495358
4848, 2446, 2402, 0.504538, 0.495462
4849, 2446, 2403, 0.504434, 0.495566
4850, 2447, 2403, 0.504536, 0.495464
4851, 2447, 2404, 0.504432, 0.495568
4852, 2447, 2405, 0.504328, 0.495672
4853, 2447, 2406, 0.504224, 0.495776
4854, 2448, 2406, 0.504326, 0.495674
4855, 2449, 2406, 0.504428, 0.495572
4856, 2449, 2407, 0.504325, 0.495675
4857, 2449, 2408, 0.504221, 0.495779
4858, 2449, 2409, 0.504117, 0.495883
4859, 2450, 2409, 0.504219, 0.495781
4860, 2450, 2410, 0.504115, 0.495885
4861, 2451, 2410, 0.504217, 0.495783
4862, 2451, 2411, 0.504114, 0.495886
4863, 2451, 2412, 0.50401, 0.49599
4864, 2451, 2413, 0.503906, 0.496094
4865, 2451, 2414, 0.503803, 0.496197
4866, 2452, 2414, 0.503905, 0.496095
4867, 2453, 2414, 0.504007, 0.495993
4868, 2454, 2414, 0.504108, 0.495892
4869, 2454, 2415, 0.504005, 0.495995
4870, 2455, 2415, 0.504107, 0.495893
4871, 2455, 2416, 0.504003, 0.495997
4872, 2455, 2417, 0.5039, 0.4961
4873, 2455, 2418, 0.503796, 0.496204
4874, 2456, 2418, 0.503898, 0.496102
4875, 2457, 2418, 0.504, 0.496
4876, 2457, 2419, 0.503897, 0.496103
4877, 2457, 2420, 0.503793, 0.496207
4878, 2458, 2420, 0.503895, 0.496105
4879, 2459, 2420, 0.503997, 0.496003
4880, 2459, 2421, 0.503893, 0.496107
4881, 2459, 2422, 0.50379, 0.49621
4882, 2460, 2422, 0.503892, 0.496108
4883, 2461, 2422, 0.503993, 0.496007
4884, 2462, 2422, 0.504095, 0.495905
4885, 2462, 2423, 0.503992, 0.496008
4886, 2463, 2423, 0.504093, 0.495907
4887, 2463, 2424, 0.50399, 0.49601
4888, 2464, 2424, 0.504092, 0.495908
4889, 2464, 2425, 0.503989, 0.496011
4890, 2464, 2426, 0.503885, 0.496115
4891, 2465, 2426, 0.503987, 0.496013
4892, 2465, 2427, 0.503884, 0.496116
4893, 2466, 2427, 0.503985, 0.496015
4894, 2466, 2428, 0.503882, 0.496118
4895, 2466, 2429, 0.503779, 0.496221
4896, 2467, 2429, 0.503881, 0.496119
4897, 2467, 2430, 0.503778, 0.496222
4898, 2467, 2431, 0.503675, 0.496325
4899, 2468, 2431, 0.503776, 0.496224
4900, 2469, 2431, 0.503878, 0.496122
4901, 2469, 2432, 0.503775, 0.496225
4902, 2470, 2432, 0.503876, 0.496124
4903, 2470, 2433, 0.503773, 0.496227
4904, 2470, 2434, 0.50367, 0.49633
4905, 2471, 2434, 0.503772, 0.496228
4906, 2472, 2434, 0.503873, 0.496127
4907, 2473, 2434, 0.503974, 0.496026
4908, 2473, 2435, 0.503871, 0.496129
4909, 2474, 2435, 0.503972, 0.496028
4910, 2474, 2436, 0.50387, 0.49613
4911, 2474, 2437, 0.503767, 0.496233
4912, 2474, 2438, 0.503664, 0.496336
4913, 2475, 2438, 0.503766, 0.496234
4914, 2476, 2438, 0.503867, 0.496133
4915, 2477, 2438, 0.503967, 0.496033
4916, 2477, 2439, 0.503865, 0.496135
4917, 2478, 2439, 0.503966, 0.496034
4918, 2479, 2439, 0.504067, 0.495933
4919, 2479, 2440, 0.503964, 0.496036
4920, 2480, 2440, 0.504065, 0.495935
4921, 2481, 2440, 0.504166, 0.495834
4922, 2482, 2440, 0.504267, 0.495733
4923, 2482, 2441, 0.504164, 0.495836
4924, 2483, 2441, 0.504265, 0.495735
4925, 2484, 2441, 0.504365, 0.495635
4926, 2485, 2441, 0.504466, 0.495534
4927, 2486, 2441, 0.504567, 0.495433
4928, 2486, 2442, 0.504464, 0.495536
4929, 2487, 2442, 0.504565, 0.495435
4930, 2488, 2442, 0.504665, 0.495335
4931, 2488, 2443, 0.504563, 0.495437
4932, 2489, 2443, 0.504663, 0.495337
4933, 2489, 2444, 0.504561, 0.495439
4934, 2490, 2444, 0.504662, 0.495338
4935, 2491, 2444, 0.504762, 0.495238
4936, 2492, 2444, 0.504862, 0.495138
4937, 2492, 2445, 0.50476, 0.49524
4938, 2492, 2446, 0.504658, 0.495342
4939, 2493, 2446, 0.504758, 0.495242
4940, 2493, 2447, 0.504656, 0.495344
4941, 2494, 2447, 0.504756, 0.495244
4942, 2494, 2448, 0.504654, 0.495346
4943, 2494, 2449, 0.504552, 0.495448
4944, 2495, 2449, 0.504652, 0.495348
4945, 2496, 2449, 0.504752, 0.495248
4946, 2496, 2450, 0.50465, 0.49535
4947, 2496, 2451, 0.504548, 0.495452
4948, 2496, 2452, 0.504446, 0.495554
4949, 2496, 2453, 0.504344, 0.495656
4950, 2496, 2454, 0.504242, 0.495758
4951, 2496, 2455, 0.504141, 0.495859
4952, 2497, 2455, 0.504241, 0.495759
4953, 2497, 2456, 0.504139, 0.495861
4954, 2497, 2457, 0.504037, 0.495963
4955, 2497, 2458, 0.503935, 0.496065
4956, 2498, 2458, 0.504036, 0.495964
4957, 2499, 2458, 0.504136, 0.495864
4958, 2500, 2458, 0.504236, 0.495764
4959, 2500, 2459, 0.504134, 0.495866
4960, 2501, 2459, 0.504234, 0.495766
4961, 2502, 2459, 0.504334, 0.495666
4962, 2502, 2460, 0.504232, 0.495768
4963, 2503, 2460, 0.504332, 0.495668
4964, 2504, 2460, 0.504432, 0.495568
4965, 2504, 2461, 0.50433, 0.49567
4966, 2504, 2462, 0.504229, 0.495771
4967, 2504, 2463, 0.504127, 0.495873
4968, 2505, 2463, 0.504227, 0.495773
4969, 2505, 2464, 0.504126, 0.495874
4970, 2505, 2465, 0.504024, 0.495976
4971, 2506, 2465, 0.504124, 0.495876
4972, 2507, 2465, 0.504224, 0.495776
4973, 2508, 2465, 0.504323, 0.495677
4974, 2509, 2465, 0.504423, 0.495577
4975, 2509, 2466, 0.504322, 0.495678
4976, 2509, 2467, 0.50422, 0.49578
4977, 2509, 2468, 0.504119, 0.495881
4978, 2509, 2469, 0.504018, 0.495982
4979, 2510, 2469, 0.504117, 0.495883
4980, 2511, 2469, 0.504217, 0.495783
4981, 2512, 2469, 0.504316, 0.495684
4982, 2513, 2469, 0.504416, 0.495584
4983, 2514, 2469, 0.504515, 0.495485
4984, 2514, 2470, 0.504414, 0.495586
4985, 2514, 2471, 0.504313, 0.495687
4986, 2514, 2472, 0.504212, 0.495788
4987, 2514, 2473, 0.504111, 0.495889
4988, 2514, 2474, 0.50401, 0.49599
4989, 2515, 2474, 0.504109, 0.495891
4990, 2515, 2475, 0.504008, 0.495992
4991, 2515, 2476, 0.503907, 0.496093
4992, 2515, 2477, 0.503806, 0.496194
4993, 2516, 2477, 0.503905, 0.496095
4994, 2516, 2478, 0.503805, 0.496195
4995, 2517, 2478, 0.503904, 0.496096
4996, 2517, 2479, 0.503803, 0.496197
4997, 2517, 2480, 0.503702, 0.496298
4998, 2517, 2481, 0.503601, 0.496399
4999, 2518, 2481, 0.503701, 0.496299
5000, 2518, 2482, 0.5036, 0.4964
