Toss,HH,HT,TH,TT,P(HH),P(HT),P(TH),P(TT)
1, 0, 1, 0, 0, 0, 1, 0, 0
2, 0, 2, 0, 0, 0, 1, 0, 0
3, 0, 2, 1, 0, 0, 0.666667, 0.333333, 0
4, 0, 2, 2, 0, 0, 0.5, 0.5, 0
5, 0, 3, 2, 0, 0, 0.6, 0.4, 0
6, 0, 3, 2, 1, 0, 0.5, 0.333333, 0.166667
7, 0, 3, 2, 2, 0, 0.428571, 0.285714, 0.285714
8, 0, 4, 2, 2, 0, 0.5, 0.25, 0.25
9, 0, 5, 2, 2, 0, 0.555556, 0.222222, 0.222222
10, 0, 5, 2, 3, 0, 0.5, 0.2, 0.3
11, 1, 5, 2, 3, 0.0909091, 0.454545, 0.181818, 0.272727
12, 2, 5, 2, 3, 0.166667, 0.416667, 0.166667, 0.25
13, 3, 5, 2, 3, 0.230769, 0.384615, 0.153846, 0.230769
14, 3, 5, 2, 4, 0.214286, 0.357143, 0.142857, 0.285714
15, 3, 5, 3, 4, 0.2, 0.333333, 0.2, 0.266667
16, 4, 5, 3, 4, 0.25, 0.3125, 0.1875, 0.25
17, 4, 5, 4, 4, 0.235294, 0.294118, 0.235294, 0.235294
18, 5, 5, 4, 4, 0.277778, 0.277778, 0.222222, 0.222222
19, 5, 6, 4, 4, 0.263158, 0.315789, 0.210526, 0.210526
20, 5, 6, 5, 4, 0.25, 0.3, 0.25, 0.2
21, 5, 6, 6, 4, 0.238095, 0.285714, 0.285714, 0.190476
22, 5, 6, 6, 5, 0.227273, 0.272727, 0.272727, 0.227273
23, 5, 6, 7, 5, 0.217391, 0.26087, 0.304348, 0.217391
24, 5, 6, 8, 5, 0.208333, 0.25, 0.333333, 0.208333
25, 6, 6, 8, 5, 0.24, 0.24, 0.32, 0.2
26, 6, 6, 8, 6, 0.230769, 0.230769, 0.307692, 0.230769
27, 6, 7, 8, 6, 0.222222, 0.259259, 0.296296, 0.222222
28, 7, 7, 8, 6, 0.25, 0.25, 0.285714, 0.214286
29, 7, 8, 8, 6, 0.241379, 0.275862, 0.275862, 0.206897
30, 8, 8, 8, 6, 0.266667, 0.266667, 0.266667, 0.2
31, 8, 8, 8, 7, 0.258065, 0.258065, 0.258065, 0.225806
32, 8, 8, 9, 7, 0.25, 0.25, 0.28125, 0.21875
33, 8, 9, 9, 7, 0.242424, 0.272727, 0.272727, 0.212121
34, 8, 9, 10, 7, 0.235294, 0.264706, 0.294118, 0.205882
35, 8, 9, 10, 8, 0.228571, 0.257143, 0.285714, 0.228571
36, 8, 9, 11, 8, 0.222222, 0.25, 0.305556, 0.222222
37, 8, 9, 11, 9, 0.216216, 0.243243, 0.297297, 0.243243
38, 8, 9, 12, 9, 0.210526, 0.236842, 0.315789, 0.236842
39, 8, 9, 12, 10, 0.205128, 0.230769, 0.307692, 0.25641
40, 8, 10, 12, 10, 0.2, 0.25, 0.3, 0.25
41, 9, 10, 12, 10, 0.219512, 0.243902, 0.292683, 0.243902
42, 10, 10, 12, 10, 0.238095, 0.238095, 0.285714, 0.238095
43, 10, 10, 13, 10, 0.232558, 0.232558, 0.302326, 0.232558
44, 10, 10, 14, 10, 0.227273, 0.227273, 0.318182, 0.227273
45, 10, 11, 14, 10, 0.222222, 0.244444, 0.311111, 0.222222
46, 10, 11, 15, 10, 0.217391, 0.23913, 0.326087, 0.217391
47, 10, 11, 15, 11, 0.212766, 0.234043, 0.319149, 0.234043
48, 11, 11, 15, 11, 0.229167, 0.229167, 0.3125, 0.229167
49, 12, 11, 15, 11, 0.244898, 0.22449, 0.306122, 0.22449
50, 13, 11, 15, 11, 0.26, 0.22, 0.3, 0.22
51, 13, 12, 15, 11, 0.254902, 0.235294, 0.294118, 0.215686
52, 13, 13, 15, 11, 0.25, 0.25, 0.288462, 0.211538
53, 13, 13, 16, 11, 0.245283, 0.245283, 0.301887, 0.207547
54, 13, 13, 17, 11, 0.240741, 0.240741, 0.314815, 0.203704
55, 14, 13, 17, 11, 0.254545, 0.236364, 0.309091, 0.2
56, 14, 13, 18, 11, 0.25, 0.232143, 0.321429, 0.196429
57, 14, 14, 18, 11, 0.245614, 0.245614, 0.315789, 0.192982
58, 15, 14, 18, 11, 0.258621, 0.241379, 0.310345, 0.189655
59, 15, 14, 19, 11, 0.254237, 0.237288, 0.322034, 0.186441
60, 15, 14, 20, 11, 0.25, 0.233333, 0.333333, 0.183333
61, 16, 14, 20, 11, 0.262295, 0.229508, 0.327869, 0.180328
62, 16, 14, 20, 12, 0.258065, 0.225806, 0.322581, 0.193548
63, 16, 14, 21, 12, 0.253968, 0.222222, 0.333333, 0.190476
64, 16, 14, 22, 12, 0.25, 0.21875, 0.34375, 0.1875
65, 16, 14, 22, 13, 0.246154, 0.215385, 0.338462, 0.2
66, 16, 15, 22, 13, 0.242424, 0.227273, 0.333333, 0.19697
67, 17, 15, 22, 13, 0.253731, 0.223881, 0.328358, 0.19403
68, 17, 15, 22, 14, 0.25, 0.220588, 0.323529, 0.205882
69, 17, 16, 22, 14, 0.246377, 0.231884, 0.318841, 0.202899
70, 17, 17, 22, 14, 0.242857, 0.242857, 0.314286, 0.2
71, 17, 18, 22, 14, 0.239437, 0.253521, 0.309859, 0.197183
72, 17, 18, 23, 14, 0.236111, 0.25, 0.319444, 0.194444
73, 18, 18, 23, 14, 0.246575, 0.246575, 0.315068, 0.191781
74, 18, 19, 23, 14, 0.243243, 0.256757, 0.310811, 0.189189
75, 18, 20, 23, 14, 0.24, 0.266667, 0.306667, 0.186667
76, 18, 21, 23, 14, 0.236842, 0.276316, 0.302632, 0.184211
77, 18, 21, 24, 14, 0.233766, 0.272727, 0.311688, 0.181818
78, 18, 21, 25, 14, 0.230769, 0.269231, 0.320513, 0.179487
79, 18, 21, 26, 14, 0.227848, 0.265823, 0.329114, 0.177215
80, 18, 22, 26, 14, 0.225, 0.275, 0.325, 0.175
81, 18, 23, 26, 14, 0.222222, 0.283951, 0.320988, 0.17284
82, 18, 23, 27, 14, 0.219512, 0.280488, 0.329268, 0.170732
83, 18, 23, 28, 14, 0.216867, 0.277108, 0.337349, 0.168675
84, 19, 23, 28, 14, 0.22619, 0.27381, 0.333333, 0.166667
85, 19, 24, 28, 14, 0.223529, 0.282353, 0.329412, 0.164706
86, 19, 25, 28, 14, 0.22093, 0.290698, 0.325581, 0.162791
87, 19, 26, 28, 14, 0.218391, 0.298851, 0.321839, 0.16092
88, 19, 27, 28, 14, 0.215909, 0.306818, 0.318182, 0.159091
89, 20, 27, 28, 14, 0.224719, 0.303371, 0.314607, 0.157303
90, 21, 27, 28, 14, 0.233333, 0.3, 0.311111, 0.155556
91, 22, 27, 28, 14, 0.241758, 0.296703, 0.307692, 0.153846
92, 23, 27, 28, 14, 0.25, 0.293478, 0.304348, 0.152174
93, 24, 27, 28, 14, 0.258065, 0.290323, 0.301075, 0.150538
94, 24, 27, 29, 14, 0.255319, 0.287234, 0.308511, 0.148936
95, 24, 28, 29, 14, 0.252632, 0.294737, 0.305263, 0.147368
96, 24, 29, 29, 14, 0.25, 0.302083, 0.302083, 0.145833
97, 24, 29, 29, 15, 0.247423, 0.298969, 0.298969, 0.154639
98, 24, 29, 29, 16, 0.244898, 0.295918, 0.295918, 0.163265
99, 24, 29, 30, 16, 0.242424, 0.292929, 0.30303, 0.161616
100, 24, 30, 30, 16, 0.24, 0.3, 0.3, 0.16
101, 24, 30, 31, 16, 0.237624, 0.29703, 0.306931, 0.158416
102, 25, 30, 31, 16, 0.245098, 0.294118, 0.303922, 0.156863
103, 25, 30, 32, 16, 0.242718, 0.291262, 0.31068, 0.15534
104, 25, 30, 33, 16, 0.240385, 0.288462, 0.317308, 0.153846
105, 26, 30, 33, 16, 0.247619, 0.285714, 0.314286, 0.152381
106, 26, 31, 33, 16, 0.245283, 0.292453, 0.311321, 0.150943
107, 26, 32, 33, 16, 0.242991, 0.299065, 0.308411, 0.149533
108, 27, 32, 33, 16, 0.25, 0.296296, 0.305556, 0.148148
109, 28, 32, 33, 16, 0.256881, 0.293578, 0.302752, 0.146789
110, 28, 32, 34, 16, 0.254545, 0.290909, 0.309091, 0.145455
111, 28, 32, 34, 17, 0.252252, 0.288288, 0.306306, 0.153153
112, 29, 32, 34, 17, 0.258929, 0.285714, 0.303571, 0.151786
113, 29, 32, 34, 18, 0.256637, 0.283186, 0.300885, 0.159292
114, 29, 32, 35, 18, 0.254386, 0.280702, 0.307018, 0.157895
115, 30, 32, 35, 18, 0.26087, 0.278261, 0.304348, 0.156522
116, 30, 33, 35, 18, 0.258621, 0.284483, 0.301724, 0.155172
117, 30, 34, 35, 18, 0.25641, 0.290598, 0.299145, 0.153846
118, 30, 34, 36, 18, 0.254237, 0.288136, 0.305085, 0.152542
119, 30, 34, 37, 18, 0.252101, 0.285714, 0.310924, 0.151261
120, 31, 34, 37, 18, 0.258333, 0.283333, 0.308333, 0.15
121, 31, 34, 38, 18, 0.256198, 0.280992, 0.31405, 0.14876
122, 31, 34, 39, 18, 0.254098, 0.278689, 0.319672, 0.147541
123, 31, 35, 39, 18, 0.252033, 0.284553, 0.317073, 0.146341
124, 31, 35, 40, 18, 0.25, 0.282258, 0.322581, 0.145161
125, 31, 35, 40, 19, 0.248, 0.28, 0.32, 0.152
126, 31, 35, 41, 19, 0.246032, 0.277778, 0.325397, 0.150794
127, 31, 35, 41, 20, 0.244094, 0.275591, 0.322835, 0.15748
128, 31, 36, 41, 20, 0.242188, 0.28125, 0.320312, 0.15625
129, 31, 36, 41, 21, 0.24031, 0.27907, 0.317829, 0.162791
130, 32, 36, 41, 21, 0.246154, 0.276923, 0.315385, 0.161538
131, 32, 36, 42, 21, 0.244275, 0.274809, 0.320611, 0.160305
132, 32, 36, 42, 22, 0.242424, 0.272727, 0.318182, 0.166667
133, 33, 36, 42, 22, 0.24812, 0.270677, 0.315789, 0.165414
134, 33, 37, 42, 22, 0.246269, 0.276119, 0.313433, 0.164179
135, 33, 37, 42, 23, 0.244444, 0.274074, 0.311111, 0.17037
136, 33, 38, 42, 23, 0.242647, 0.279412, 0.308824, 0.169118
137, 33, 39, 42, 23, 0.240876, 0.284672, 0.306569, 0.167883
138, 34, 39, 42, 23, 0.246377, 0.282609, 0.304348, 0.166667
139, 34, 40, 42, 23, 0.244604, 0.28777, 0.302158, 0.165468
140, 34, 40, 42, 24, 0.242857, 0.285714, 0.3, 0.171429
141, 35, 40, 42, 24, 0.248227, 0.283688, 0.297872, 0.170213
142, 35, 41, 42, 24, 0.246479, 0.288732, 0.295775, 0.169014
143, 35, 41, 43, 24, 0.244755, 0.286713, 0.300699, 0.167832
144, 35, 41, 44, 24, 0.243056, 0.284722, 0.305556, 0.166667
145, 35, 41, 44, 25, 0.241379, 0.282759, 0.303448, 0.172414
146, 35, 42, 44, 25, 0.239726, 0.287671, 0.30137, 0.171233
147, 35, 43, 44, 25, 0.238095, 0.292517, 0.29932, 0.170068
148, 35, 43, 44, 26, 0.236486, 0.290541, 0.297297, 0.175676
149, 36, 43, 44, 26, 0.241611, 0.288591, 0.295302, 0.174497
150, 37, 43, 44, 26, 0.246667, 0.286667, 0.293333, 0.173333
151, 37, 43, 45, 26, 0.245033, 0.284768, 0.298013, 0.172185
152, 38, 43, 45, 26, 0.25, 0.282895, 0.296053, 0.171053
153, 38, 43, 45, 27, 0.248366, 0.281046, 0.294118, 0.176471
154, 38, 44, 45, 27, 0.246753, 0.285714, 0.292208, 0.175325
155, 38, 45, 45, 27, 0.245161, 0.290323, 0.290323, 0.174194
156, 38, 45, 46, 27, 0.24359, 0.288462, 0.294872, 0.173077
157, 39, 45, 46, 27, 0.248408, 0.286624, 0.292994, 0.171975
158, 40, 45, 46, 27, 0.253165, 0.28481, 0.291139, 0.170886
159, 40, 46, 46, 27, 0.251572, 0.289308, 0.289308, 0.169811
160, 40, 46, 46, 28, 0.25, 0.2875, 0.2875, 0.175
161, 40, 46, 46, 29, 0.248447, 0.285714, 0.285714, 0.180124
162, 40, 46, 46, 30, 0.246914, 0.283951, 0.283951, 0.185185
163, 40, 47, 46, 30, 0.245399, 0.288344, 0.282209, 0.184049
164, 41, 47, 46, 30, 0.25, 0.286585, 0.280488, 0.182927
165, 41, 48, 46, 30, 0.248485, 0.290909, 0.278788, 0.181818
166, 42, 48, 46, 30, 0.253012, 0.289157, 0.277108, 0.180723
167, 43, 48, 46, 30, 0.257485, 0.287425, 0.275449, 0.179641
168, 43, 48, 46, 31, 0.255952, 0.285714, 0.27381, 0.184524
169, 44, 48, 46, 31, 0.260355, 0.284024, 0.272189, 0.183432
170, 44, 48, 46, 32, 0.258824, 0.282353, 0.270588, 0.188235
171, 44, 48, 47, 32, 0.25731, 0.280702, 0.274854, 0.187135
172, 44, 48, 47, 33, 0.255814, 0.27907, 0.273256, 0.19186
173, 45, 48, 47, 33, 0.260116, 0.277457, 0.271676, 0.190751
174, 45, 48, 48, 33, 0.258621, 0.275862, 0.275862, 0.189655
175, 46, 48, 48, 33, 0.262857, 0.274286, 0.274286, 0.188571
176, 46, 48, 48, 34, 0.261364, 0.272727, 0.272727, 0.193182
177, 46, 48, 48, 35, 0.259887, 0.271186, 0.271186, 0.19774
178, 46, 49, 48, 35, 0.258427, 0.275281, 0.269663, 0.196629
179, 46, 50, 48, 35, 0.256983, 0.27933, 0.268156, 0.195531
180, 46, 51, 48, 35, 0.255556, 0.283333, 0.266667, 0.194444
181, 46, 52, 48, 35, 0.254144, 0.287293, 0.265193, 0.19337
182, 46, 52, 48, 36, 0.252747, 0.285714, 0.263736, 0.197802
183, 46, 53, 48, 36, 0.251366, 0.289617, 0.262295, 0.196721
184, 46, 53, 49, 36, 0.25, 0.288043, 0.266304, 0.195652
185, 46, 53, 50, 36, 0.248649, 0.286486, 0.27027, 0.194595
186, 47, 53, 50, 36, 0.252688, 0.284946, 0.268817, 0.193548
187, 47, 54, 50, 36, 0.251337, 0.28877, 0.26738, 0.192513
188, 47, 54, 50, 37, 0.25, 0.287234, 0.265957, 0.196809
189, 47, 55, 50, 37, 0.248677, 0.291005, 0.26455, 0.195767
190, 47, 56, 50, 37, 0.247368, 0.294737, 0.263158, 0.194737
191, 47, 56, 51, 37, 0.246073, 0.293194, 0.267016, 0.193717
192, 47, 56, 51, 38, 0.244792, 0.291667, 0.265625, 0.197917
193, 48, 56, 51, 38, 0.248705, 0.290155, 0.264249, 0.196891
194, 49, 56, 51, 38, 0.252577, 0.28866, 0.262887, 0.195876
195, 49, 56, 51, 39, 0.251282, 0.287179, 0.261538, 0.2
196, 50, 56, 51, 39, 0.255102, 0.285714, 0.260204, 0.19898
197, 50, 56, 51, 40, 0.253807, 0.284264, 0.258883, 0.203046
198, 51, 56, 51, 40, 0.257576, 0.282828, 0.257576, 0.20202
199, 52, 56, 51, 40, 0.261307, 0.281407, 0.256281, 0.201005
200, 52, 56, 52, 40, 0.26, 0.28, 0.26, 0.2
201, 52, 57, 52, 40, 0.258706, 0.283582, 0.258706, 0.199005
202, 52, 58, 52, 40, 0.257426, 0.287129, 0.257426, 0.19802
203, 52, 59, 52, 40, 0.256158, 0.29064, 0.256158, 0.197044
204, 52, 59, 53, 40, 0.254902, 0.289216, 0.259804, 0.196078
205, 52, 59, 53, 41, 0.253659, 0.287805, 0.258537, 0.2
206, 52, 59, 54, 41, 0.252427, 0.286408, 0.262136, 0.199029
207, 52, 59, 54, 42, 0.251208, 0.285024, 0.26087, 0.202899
208, 53, 59, 54, 42, 0.254808, 0.283654, 0.259615, 0.201923
209, 53, 59, 55, 42, 0.253589, 0.282297, 0.263158, 0.200957
210, 53, 60, 55, 42, 0.252381, 0.285714, 0.261905, 0.2
211, 53, 60, 55, 43, 0.251185, 0.28436, 0.260664, 0.203791
212, 53, 61, 55, 43, 0.25, 0.287736, 0.259434, 0.20283
213, 53, 61, 56, 43, 0.248826, 0.286385, 0.262911, 0.201878
214, 53, 62, 56, 43, 0.247664, 0.28972, 0.261682, 0.200935
215, 53, 62, 56, 44, 0.246512, 0.288372, 0.260465, 0.204651
216, 53, 62, 56, 45, 0.24537, 0.287037, 0.259259, 0.208333
217, 53, 63, 56, 45, 0.24424, 0.290323, 0.258065, 0.207373
218, 53, 63, 57, 45, 0.243119, 0.288991, 0.261468, 0.206422
219, 54, 63, 57, 45, 0.246575, 0.287671, 0.260274, 0.205479
220, 54, 63, 57, 46, 0.245455, 0.286364, 0.259091, 0.209091
221, 54, 64, 57, 46, 0.244344, 0.289593, 0.257919, 0.208145
222, 54, 65, 57, 46, 0.243243, 0.292793, 0.256757, 0.207207
223, 54, 66, 57, 46, 0.242152, 0.295964, 0.255605, 0.206278
224, 54, 66, 57, 47, 0.241071, 0.294643, 0.254464, 0.209821
225, 54, 66, 57, 48, 0.24, 0.293333, 0.253333, 0.213333
226, 54, 67, 57, 48, 0.238938, 0.29646, 0.252212, 0.212389
227, 55, 67, 57, 48, 0.242291, 0.295154, 0.251101, 0.211454
228, 55, 67, 58, 48, 0.241228, 0.29386, 0.254386, 0.210526
229, 55, 67, 59, 48, 0.240175, 0.292576, 0.257642, 0.209607
230, 55, 68, 59, 48, 0.23913, 0.295652, 0.256522, 0.208696
231, 55, 68, 59, 49, 0.238095, 0.294372, 0.255411, 0.212121
232, 56, 68, 59, 49, 0.241379, 0.293103, 0.25431, 0.211207
233, 57, 68, 59, 49, 0.244635, 0.291845, 0.253219, 0.2103
234, 57, 69, 59, 49, 0.24359, 0.294872, 0.252137, 0.209402
235, 57, 69, 60, 49, 0.242553, 0.293617, 0.255319, 0.208511
236, 57, 69, 61, 49, 0.241525, 0.292373, 0.258475, 0.207627
237, 58, 69, 61, 49, 0.244726, 0.291139, 0.257384, 0.206751
238, 58, 70, 61, 49, 0.243697, 0.294118, 0.256303, 0.205882
239, 58, 71, 61, 49, 0.242678, 0.297071, 0.25523, 0.205021
240, 58, 71, 61, 50, 0.241667, 0.295833, 0.254167, 0.208333
241, 58, 71, 62, 50, 0.240664, 0.294606, 0.257261, 0.207469
242, 59, 71, 62, 50, 0.243802, 0.293388, 0.256198, 0.206612
243, 59, 71, 63, 50, 0.242798, 0.292181, 0.259259, 0.205761
244, 59, 71, 63, 51, 0.241803, 0.290984, 0.258197, 0.209016
245, 60, 71, 63, 51, 0.244898, 0.289796, 0.257143, 0.208163
246, 60, 71, 63, 52, 0.243902, 0.288618, 0.256098, 0.211382
247, 61, 71, 63, 52, 0.246964, 0.287449, 0.255061, 0.210526
248, 62, 71, 63, 52, 0.25, 0.28629, 0.254032, 0.209677
249, 63, 71, 63, 52, 0.253012, 0.285141, 0.253012, 0.208835
250, 63, 71, 63, 53, 0.252, 0.284, 0.252, 0.212
251, 63, 71, 63, 54, 0.250996, 0.282869, 0.250996, 0.215139
252, 63, 71, 64, 54, 0.25, 0.281746, 0.253968, 0.214286
253, 64, 71, 64, 54, 0.252964, 0.280632, 0.252964, 0.213439
254, 64, 71, 64, 55, 0.251969, 0.279528, 0.251969, 0.216535
255, 65, 71, 64, 55, 0.254902, 0.278431, 0.25098, 0.215686
256, 66, 71, 64, 55, 0.257812, 0.277344, 0.25, 0.214844
257, 66, 72, 64, 55, 0.256809, 0.280156, 0.249027, 0.214008
258, 66, 73, 64, 55, 0.255814, 0.282946, 0.248062, 0.213178
259, 66, 74, 64, 55, 0.254826, 0.285714, 0.247104, 0.212355
260, 66, 74, 64, 56, 0.253846, 0.284615, 0.246154, 0.215385
261, 66, 75, 64, 56, 0.252874, 0.287356, 0.245211, 0.214559
262, 67, 75, 64, 56, 0.255725, 0.28626, 0.244275, 0.21374
263, 67, 75, 64, 57, 0.254753, 0.285171, 0.243346, 0.21673
264, 67, 76, 64, 57, 0.253788, 0.287879, 0.242424, 0.215909
265, 67, 77, 64, 57, 0.25283, 0.290566, 0.241509, 0.215094
266, 68, 77, 64, 57, 0.255639, 0.289474, 0.240602, 0.214286
267, 68, 77, 64, 58, 0.254682, 0.28839, 0.2397, 0.217228
268, 68, 78, 64, 58, 0.253731, 0.291045, 0.238806, 0.216418
269, 68, 79, 64, 58, 0.252788, 0.29368, 0.237918, 0.215613
270, 68, 80, 64, 58, 0.251852, 0.296296, 0.237037, 0.214815
271, 68, 81, 64, 58, 0.250923, 0.298893, 0.236162, 0.214022
272, 68, 82, 64, 58, 0.25, 0.301471, 0.235294, 0.213235
273, 68, 82, 65, 58, 0.249084, 0.300366, 0.238095, 0.212454
274, 68, 82, 65, 59, 0.248175, 0.29927, 0.237226, 0.215328
275, 69, 82, 65, 59, 0.250909, 0.298182, 0.236364, 0.214545
276, 69, 82, 65, 60, 0.25, 0.297101, 0.235507, 0.217391
277, 70, 82, 65, 60, 0.252708, 0.296029, 0.234657, 0.216606
278, 70, 82, 66, 60, 0.251799, 0.294964, 0.23741, 0.215827
279, 70, 82, 67, 60, 0.250896, 0.293907, 0.240143, 0.215054
280, 71, 82, 67, 60, 0.253571, 0.292857, 0.239286, 0.214286
281, 71, 82, 68, 60, 0.252669, 0.291815, 0.241993, 0.213523
282, 72, 82, 68, 60, 0.255319, 0.29078, 0.241135, 0.212766
283, 72, 82, 69, 60, 0.254417, 0.289753, 0.243816, 0.212014
284, 72, 83, 69, 60, 0.253521, 0.292254, 0.242958, 0.211268
285, 72, 83, 69, 61, 0.252632, 0.291228, 0.242105, 0.214035
286, 73, 83, 69, 61, 0.255245, 0.29021, 0.241259, 0.213287
287, 73, 83, 69, 62, 0.254355, 0.289199, 0.240418, 0.216028
288, 74, 83, 69, 62, 0.256944, 0.288194, 0.239583, 0.215278
289, 74, 84, 69, 62, 0.256055, 0.290657, 0.238754, 0.214533
290, 75, 84, 69, 62, 0.258621, 0.289655, 0.237931, 0.213793
291, 75, 85, 69, 62, 0.257732, 0.292096, 0.237113, 0.213058
292, 75, 85, 69, 63, 0.256849, 0.291096, 0.236301, 0.215753
293, 75, 85, 70, 63, 0.255973, 0.290102, 0.238908, 0.215017
294, 76, 85, 70, 63, 0.258503, 0.289116, 0.238095, 0.214286
295, 76, 86, 70, 63, 0.257627, 0.291525, 0.237288, 0.213559
296, 76, 86, 70, 64, 0.256757, 0.290541, 0.236486, 0.216216
297, 77, 86, 70, 64, 0.259259, 0.289562, 0.23569, 0.215488
298, 77, 86, 70, 65, 0.258389, 0.288591, 0.234899, 0.218121
299, 78, 86, 70, 65, 0.26087, 0.287625, 0.234114, 0.217391
300, 78, 86, 71, 65, 0.26, 0.286667, 0.236667, 0.216667
301, 78, 86, 72, 65, 0.259136, 0.285714, 0.239203, 0.215947
302, 78, 86, 73, 65, 0.258278, 0.284768, 0.241722, 0.215232
303, 78, 86, 74, 65, 0.257426, 0.283828, 0.244224, 0.214521
304, 79, 86, 74, 65, 0.259868, 0.282895, 0.243421, 0.213816
305, 80, 86, 74, 65, 0.262295, 0.281967, 0.242623, 0.213115
306, 80, 86, 74, 66, 0.261438, 0.281046, 0.24183, 0.215686
307, 81, 86, 74, 66, 0.263844, 0.28013, 0.241042, 0.214984
308, 81, 87, 74, 66, 0.262987, 0.282468, 0.24026, 0.214286
309, 81, 87, 74, 67, 0.262136, 0.281553, 0.239482, 0.216828
310, 81, 87, 75, 67, 0.26129, 0.280645, 0.241935, 0.216129
311, 81, 87, 76, 67, 0.26045, 0.279743, 0.244373, 0.215434
312, 82, 87, 76, 67, 0.262821, 0.278846, 0.24359, 0.214744
313, 83, 87, 76, 67, 0.265176, 0.277955, 0.242812, 0.214058
314, 83, 87, 77, 67, 0.264331, 0.27707, 0.245223, 0.213376
315, 84, 87, 77, 67, 0.266667, 0.27619, 0.244444, 0.212698
316, 85, 87, 77, 67, 0.268987, 0.275316, 0.243671, 0.212025
317, 86, 87, 77, 67, 0.271293, 0.274448, 0.242902, 0.211356
318, 86, 87, 77, 68, 0.27044, 0.273585, 0.242138, 0.213836
319, 86, 87, 78, 68, 0.269592, 0.272727, 0.244514, 0.213166
320, 86, 88, 78, 68, 0.26875, 0.275, 0.24375, 0.2125
321, 86, 88, 79, 68, 0.267913, 0.274143, 0.246106, 0.211838
322, 86, 88, 79, 69, 0.267081, 0.273292, 0.245342, 0.214286
323, 86, 89, 79, 69, 0.266254, 0.275542, 0.244582, 0.213622
324, 87, 89, 79, 69, 0.268519, 0.274691, 0.243827, 0.212963
325, 87, 90, 79, 69, 0.267692, 0.276923, 0.243077, 0.212308
326, 88, 90, 79, 69, 0.269939, 0.276074, 0.242331, 0.211656
327, 88, 90, 80, 69, 0.269113, 0.275229, 0.244648, 0.211009
328, 88, 90, 81, 69, 0.268293, 0.27439, 0.246951, 0.210366
329, 88, 90, 81, 70, 0.267477, 0.273556, 0.246201, 0.212766
330, 88, 90, 82, 70, 0.266667, 0.272727, 0.248485, 0.212121
331, 88, 91, 82, 70, 0.265861, 0.274924, 0.247734, 0.21148
332, 88, 91, 83, 70, 0.26506, 0.274096, 0.25, 0.210843
333, 88, 91, 84, 70, 0.264264, 0.273273, 0.252252, 0.21021
334, 88, 92, 84, 70, 0.263473, 0.275449, 0.251497, 0.209581
335, 89, 92, 84, 70, 0.265672, 0.274627, 0.250746, 0.208955
336, 89, 92, 84, 71, 0.264881, 0.27381, 0.25, 0.21131
337, 90, 92, 84, 71, 0.267062, 0.272997, 0.249258, 0.210682
338, 90, 92, 84, 72, 0.266272, 0.272189, 0.248521, 0.213018
339, 90, 92, 85, 72, 0.265487, 0.271386, 0.250737, 0.212389
340, 91, 92, 85, 72, 0.267647, 0.270588, 0.25, 0.211765
341, 91, 92, 85, 73, 0.266862, 0.269795, 0.249267, 0.214076
342, 91, 92, 86, 73, 0.266082, 0.269006, 0.251462, 0.21345
343, 91, 93, 86, 73, 0.265306, 0.271137, 0.250729, 0.212828
344, 91, 93, 86, 74, 0.264535, 0.270349, 0.25, 0.215116
345, 92, 93, 86, 74, 0.266667, 0.269565, 0.249275, 0.214493
346, 92, 93, 87, 74, 0.265896, 0.268786, 0.251445, 0.213873
347, 92, 93, 87, 75, 0.26513, 0.268012, 0.25072, 0.216138
348, 93, 93, 87, 75, 0.267241, 0.267241, 0.25, 0.215517
349, 93, 94, 87, 75, 0.266476, 0.269341, 0.249284, 0.2149
350, 93, 94, 87, 76, 0.265714, 0.268571, 0.248571, 0.217143
351, 93, 95, 87, 76, 0.264957, 0.270655, 0.247863, 0.216524
352, 93, 95, 88, 76, 0.264205, 0.269886, 0.25, 0.215909
353, 93, 96, 88, 76, 0.263456, 0.271955, 0.249292, 0.215297
354, 93, 97, 88, 76, 0.262712, 0.274011, 0.248588, 0.214689
355, 94, 97, 88, 76, 0.264789, 0.273239, 0.247887, 0.214085
356, 95, 97, 88, 76, 0.266854, 0.272472, 0.247191, 0.213483
357, 95, 98, 88, 76, 0.266106, 0.27451, 0.246499, 0.212885
358, 95, 98, 89, 76, 0.265363, 0.273743, 0.248603, 0.212291
359, 95, 98, 90, 76, 0.264624, 0.272981, 0.250696, 0.211699
360, 96, 98, 90, 76, 0.266667, 0.272222, 0.25, 0.211111
361, 96, 98, 90, 77, 0.265928, 0.271468, 0.249307, 0.213296
362, 97, 98, 90, 77, 0.267956, 0.270718, 0.248619, 0.212707
363, 97, 98, 90, 78, 0.267218, 0.269972, 0.247934, 0.214876
364, 97, 98, 90, 79, 0.266484, 0.269231, 0.247253, 0.217033
365, 97, 99, 90, 79, 0.265753, 0.271233, 0.246575, 0.216438
366, 97, 99, 90, 80, 0.265027, 0.270492, 0.245902, 0.218579
367, 97, 100, 90, 80, 0.264305, 0.27248, 0.245232, 0.217984
368, 97, 101, 90, 80, 0.263587, 0.274457, 0.244565, 0.217391
369, 97, 102, 90, 80, 0.262873, 0.276423, 0.243902, 0.216802
370, 97, 102, 91, 80, 0.262162, 0.275676, 0.245946, 0.216216
371, 97, 102, 92, 80, 0.261456, 0.274933, 0.247978, 0.215633
372, 97, 102, 92, 81, 0.260753, 0.274194, 0.247312, 0.217742
373, 97, 102, 93, 81, 0.260054, 0.273458, 0.24933, 0.217158
374, 97, 102, 93, 82, 0.259358, 0.272727, 0.248663, 0.219251
375, 97, 102, 93, 83, 0.258667, 0.272, 0.248, 0.221333
376, 97, 102, 93, 84, 0.257979, 0.271277, 0.24734, 0.223404
377, 97, 103, 93, 84, 0.257294, 0.27321, 0.246684, 0.222812
378, 98, 103, 93, 84, 0.259259, 0.272487, 0.246032, 0.222222
379, 99, 103, 93, 84, 0.261214, 0.271768, 0.245383, 0.221636
380, 99, 103, 93, 85, 0.260526, 0.271053, 0.244737, 0.223684
381, 99, 103, 94, 85, 0.259843, 0.270341, 0.246719, 0.223097
382, 99, 103, 95, 85, 0.259162, 0.269634, 0.248691, 0.222513
383, 99, 104, 95, 85, 0.258486, 0.27154, 0.248042, 0.221932
384, 99, 105, 95, 85, 0.257812, 0.273438, 0.247396, 0.221354
385, 100, 105, 95, 85, 0.25974, 0.272727, 0.246753, 0.220779
386, 101, 105, 95, 85, 0.261658, 0.272021, 0.246114, 0.220207
387, 101, 106, 95, 85, 0.260982, 0.273902, 0.245478, 0.219638
388, 101, 106, 95, 86, 0.260309, 0.273196, 0.244845, 0.221649
389, 101, 106, 95, 87, 0.25964, 0.272494, 0.244216, 0.22365
390, 102, 106, 95, 87, 0.261538, 0.271795, 0.24359, 0.223077
391, 102, 107, 95, 87, 0.26087, 0.273657, 0.242967, 0.222506
392, 103, 107, 95, 87, 0.262755, 0.272959, 0.242347, 0.221939
393, 103, 107, 96, 87, 0.262087, 0.272265, 0.244275, 0.221374
394, 103, 108, 96, 87, 0.261421, 0.274112, 0.243655, 0.220812
395, 104, 108, 96, 87, 0.263291, 0.273418, 0.243038, 0.220253
396, 104, 108, 96, 88, 0.262626, 0.272727, 0.242424, 0.222222
397, 105, 108, 96, 88, 0.264484, 0.27204, 0.241814, 0.221662
398, 105, 108, 96, 89, 0.263819, 0.271357, 0.241206, 0.223618
399, 105, 108, 96, 90, 0.263158, 0.270677, 0.240602, 0.225564
400, 106, 108, 96, 90, 0.265, 0.27, 0.24, 0.225
401, 107, 108, 96, 90, 0.266833, 0.269327, 0.239401, 0.224439
402, 108, 108, 96, 90, 0.268657, 0.268657, 0.238806, 0.223881
403, 108, 108, 96, 91, 0.26799, 0.26799, 0.238213, 0.225806
404, 108, 108, 97, 91, 0.267327, 0.267327, 0.240099, 0.225248
405, 108, 108, 98, 91, 0.266667, 0.266667, 0.241975, 0.224691
406, 109, 108, 98, 91, 0.268473, 0.26601, 0.241379, 0.224138
407, 110, 108, 98, 91, 0.27027, 0.265356, 0.240786, 0.223587
408, 111, 108, 98, 91, 0.272059, 0.264706, 0.240196, 0.223039
409, 111, 108, 99, 91, 0.271394, 0.264059, 0.242054, 0.222494
410, 111, 108, 100, 91, 0.270732, 0.263415, 0.243902, 0.221951
411, 111, 109, 100, 91, 0.270073, 0.265207, 0.243309, 0.221411
412, 111, 109, 101, 91, 0.269417, 0.264563, 0.245146, 0.220874
413, 111, 109, 101, 92, 0.268765, 0.263923, 0.244552, 0.22276
414, 112, 109, 101, 92, 0.270531, 0.263285, 0.243961, 0.222222
415, 112, 109, 101, 93, 0.26988, 0.262651, 0.243373, 0.224096
416, 112, 109, 102, 93, 0.269231, 0.262019, 0.245192, 0.223558
417, 113, 109, 102, 93, 0.270983, 0.261391, 0.244604, 0.223022
418, 113, 109, 103, 93, 0.270335, 0.260766, 0.246411, 0.222488
419, 114, 109, 103, 93, 0.272076, 0.260143, 0.245823, 0.221957
420, 115, 109, 103, 93, 0.27381, 0.259524, 0.245238, 0.221429
421, 115, 109, 104, 93, 0.273159, 0.258907, 0.247031, 0.220903
422, 115, 109, 105, 93, 0.272512, 0.258294, 0.248815, 0.220379
423, 115, 109, 106, 93, 0.271868, 0.257683, 0.250591, 0.219858
424, 115, 110, 106, 93, 0.271226, 0.259434, 0.25, 0.21934
425, 115, 110, 106, 94, 0.270588, 0.258824, 0.249412, 0.221176
426, 115, 110, 107, 94, 0.269953, 0.258216, 0.251174, 0.220657
427, 116, 110, 107, 94, 0.271663, 0.257611, 0.250585, 0.220141
428, 117, 110, 107, 94, 0.273364, 0.257009, 0.25, 0.219626
429, 118, 110, 107, 94, 0.275058, 0.25641, 0.249417, 0.219114
430, 118, 110, 108, 94, 0.274419, 0.255814, 0.251163, 0.218605
431, 118, 111, 108, 94, 0.273782, 0.257541, 0.25058, 0.218097
432, 118, 111, 108, 95, 0.273148, 0.256944, 0.25, 0.219907
433, 118, 111, 108, 96, 0.272517, 0.256351, 0.249423, 0.221709
434, 118, 111, 109, 96, 0.271889, 0.25576, 0.251152, 0.221198
435, 118, 111, 110, 96, 0.271264, 0.255172, 0.252874, 0.22069
436, 119, 111, 110, 96, 0.272936, 0.254587, 0.252294, 0.220183
437, 119, 112, 110, 96, 0.272311, 0.256293, 0.251716, 0.21968
438, 119, 112, 111, 96, 0.271689, 0.255708, 0.253425, 0.219178
439, 120, 112, 111, 96, 0.273349, 0.255125, 0.252847, 0.218679
440, 120, 112, 111, 97, 0.272727, 0.254545, 0.252273, 0.220455
441, 120, 112, 112, 97, 0.272109, 0.253968, 0.253968, 0.219955
442, 121, 112, 112, 97, 0.273756, 0.253394, 0.253394, 0.219457
443, 121, 113, 112, 97, 0.273138, 0.255079, 0.252822, 0.218962
444, 121, 113, 113, 97, 0.272523, 0.254505, 0.254505, 0.218468
445, 121, 114, 113, 97, 0.27191, 0.25618, 0.253933, 0.217978
446, 122, 114, 113, 97, 0.273543, 0.255605, 0.253363, 0.217489
447, 122, 114, 114, 97, 0.272931, 0.255034, 0.255034, 0.217002
448, 122, 114, 115, 97, 0.272321, 0.254464, 0.256696, 0.216518
449, 123, 114, 115, 97, 0.273942, 0.253898, 0.256125, 0.216036
450, 123, 115, 115, 97, 0.273333, 0.255556, 0.255556, 0.215556
451, 123, 115, 116, 97, 0.272727, 0.254989, 0.257206, 0.215078
452, 123, 116, 116, 97, 0.272124, 0.256637, 0.256637, 0.214602
453, 123, 117, 116, 97, 0.271523, 0.258278, 0.256071, 0.214128
454, 123, 117, 116, 98, 0.270925, 0.257709, 0.255507, 0.215859
455, 123, 118, 116, 98, 0.27033, 0.259341, 0.254945, 0.215385
456, 124, 118, 116, 98, 0.27193, 0.258772, 0.254386, 0.214912
457, 124, 118, 117, 98, 0.271335, 0.258206, 0.256018, 0.214442
458, 124, 118, 117, 99, 0.270742, 0.257642, 0.255459, 0.216157
459, 125, 118, 117, 99, 0.272331, 0.257081, 0.254902, 0.215686
460, 126, 118, 117, 99, 0.273913, 0.256522, 0.254348, 0.215217
461, 126, 118, 117, 100, 0.273319, 0.255965, 0.253796, 0.21692
462, 126, 118, 118, 100, 0.272727, 0.255411, 0.255411, 0.21645
463, 127, 118, 118, 100, 0.274298, 0.25486, 0.25486, 0.215983
464, 127, 118, 118, 101, 0.273707, 0.25431, 0.25431, 0.217672
465, 127, 118, 118, 102, 0.273118, 0.253763, 0.253763, 0.219355
466, 127, 118, 118, 103, 0.272532, 0.253219, 0.253219, 0.22103
467, 127, 118, 118, 104, 0.271949, 0.252677, 0.252677, 0.222698
468, 127, 119, 118, 104, 0.271368, 0.254274, 0.252137, 0.222222
469, 127, 120, 118, 104, 0.270789, 0.255864, 0.251599, 0.221748
470, 128, 120, 118, 104, 0.27234, 0.255319, 0.251064, 0.221277
471, 128, 120, 118, 105, 0.271762, 0.254777, 0.250531, 0.22293
472, 128, 120, 119, 105, 0.271186, 0.254237, 0.252119, 0.222458
473, 128, 120, 120, 105, 0.270613, 0.2537, 0.2537, 0.221987
474, 128, 120, 121, 105, 0.270042, 0.253165, 0.255274, 0.221519
475, 128, 120, 121, 106, 0.269474, 0.252632, 0.254737, 0.223158
476, 128, 121, 121, 106, 0.268908, 0.254202, 0.254202, 0.222689
477, 128, 122, 121, 106, 0.268344, 0.255765, 0.253669, 0.222222
478, 128, 122, 122, 106, 0.267782, 0.25523, 0.25523, 0.221757
479, 129, 122, 122, 106, 0.269311, 0.254697, 0.254697, 0.221294
480, 129, 123, 122, 106, 0.26875, 0.25625, 0.254167, 0.220833
481, 129, 124, 122, 106, 0.268191, 0.257796, 0.253638, 0.220374
482, 129, 125, 122, 106, 0.267635, 0.259336, 0.253112, 0.219917
483, 130, 125, 122, 106, 0.269151, 0.258799, 0.252588, 0.219462
484, 130, 126, 122, 106, 0.268595, 0.260331, 0.252066, 0.219008
485, 130, 126, 123, 106, 0.268041, 0.259794, 0.253608, 0.218557
486, 130, 126, 124, 106, 0.26749, 0.259259, 0.255144, 0.218107
487, 130, 126, 125, 106, 0.26694, 0.258727, 0.256674, 0.217659
488, 131, 126, 125, 106, 0.268443, 0.258197, 0.256148, 0.217213
489, 131, 126, 126, 106, 0.267894, 0.257669, 0.257669, 0.216769
490, 132, 126, 126, 106, 0.269388, 0.257143, 0.257143, 0.216327
491, 133, 126, 126, 106, 0.270876, 0.256619, 0.256619, 0.215886
492, 133, 126, 126, 107, 0.270325, 0.256098, 0.256098, 0.21748
493, 133, 126, 127, 107, 0.269777, 0.255578, 0.257606, 0.217039
494, 133, 127, 127, 107, 0.269231, 0.257085, 0.257085, 0.216599
495, 133, 127, 128, 107, 0.268687, 0.256566, 0.258586, 0.216162
496, 134, 127, 128, 107, 0.270161, 0.256048, 0.258065, 0.215726
497, 134, 127, 129, 107, 0.269618, 0.255533, 0.259557, 0.215292
498, 134, 128, 129, 107, 0.269076, 0.257028, 0.259036, 0.214859
499, 135, 128, 129, 107, 0.270541, 0.256513, 0.258517, 0.214429
500, 135, 129, 129, 107, 0.27, 0.258, 0.258, 0.214
501, 135, 130, 129, 107, 0.269461, 0.259481, 0.257485, 0.213573
502, 135, 130, 130, 107, 0.268924, 0.258964, 0.258964, 0.213147
503, 135, 131, 130, 107, 0.26839, 0.260437, 0.258449, 0.212724
504, 135, 131, 130, 108, 0.267857, 0.259921, 0.257937, 0.214286
505, 135, 131, 130, 109, 0.267327, 0.259406, 0.257426, 0.215842
506, 135, 131, 131, 109, 0.266798, 0.258893, 0.258893, 0.215415
507, 135, 131, 131, 110, 0.266272, 0.258383, 0.258383, 0.216963
508, 135, 131, 132, 110, 0.265748, 0.257874, 0.259843, 0.216535
509, 135, 131, 133, 110, 0.265226, 0.257367, 0.261297, 0.21611
510, 136, 131, 133, 110, 0.266667, 0.256863, 0.260784, 0.215686
511, 136, 132, 133, 110, 0.266145, 0.258317, 0.260274, 0.215264
512, 137, 132, 133, 110, 0.267578, 0.257812, 0.259766, 0.214844
513, 137, 132, 134, 110, 0.267057, 0.25731, 0.261209, 0.214425
514, 138, 132, 134, 110, 0.268482, 0.256809, 0.2607, 0.214008
515, 138, 132, 134, 111, 0.267961, 0.256311, 0.260194, 0.215534
516, 138, 132, 134, 112, 0.267442, 0.255814, 0.25969, 0.217054
517, 138, 132, 134, 113, 0.266925, 0.255319, 0.259188, 0.218569
518, 138, 132, 135, 113, 0.266409, 0.254826, 0.260618, 0.218147
519, 138, 132, 135, 114, 0.265896, 0.254335, 0.260116, 0.219653
520, 138, 132, 136, 114, 0.265385, 0.253846, 0.261538, 0.219231
521, 138, 133, 136, 114, 0.264875, 0.255278, 0.261036, 0.21881
522, 138, 133, 137, 114, 0.264368, 0.254789, 0.262452, 0.218391
523, 138, 134, 137, 114, 0.263862, 0.256214, 0.26195, 0.217973
524, 138, 135, 137, 114, 0.263359, 0.257634, 0.26145, 0.217557
525, 138, 135, 138, 114, 0.262857, 0.257143, 0.262857, 0.217143
526, 138, 135, 139, 114, 0.262357, 0.256654, 0.264259, 0.21673
527, 138, 135, 140, 114, 0.26186, 0.256167, 0.265655, 0.216319
528, 138, 135, 140, 115, 0.261364, 0.255682, 0.265152, 0.217803
529, 139, 135, 140, 115, 0.26276, 0.255198, 0.26465, 0.217391
530, 139, 135, 140, 116, 0.262264, 0.254717, 0.264151, 0.218868
531, 139, 135, 140, 117, 0.26177, 0.254237, 0.263653, 0.220339
532, 139, 135, 140, 118, 0.261278, 0.253759, 0.263158, 0.221805
533, 139, 136, 140, 118, 0.260788, 0.255159, 0.262664, 0.221388
534, 140, 136, 140, 118, 0.262172, 0.254682, 0.262172, 0.220974
535, 140, 137, 140, 118, 0.261682, 0.256075, 0.261682, 0.220561
536, 140, 137, 140, 119, 0.261194, 0.255597, 0.261194, 0.222015
537, 140, 138, 140, 119, 0.260708, 0.256983, 0.260708, 0.221601
538, 140, 139, 140, 119, 0.260223, 0.258364, 0.260223, 0.22119
539, 140, 140, 140, 119, 0.25974, 0.25974, 0.25974, 0.220779
540, 140, 141, 140, 119, 0.259259, 0.261111, 0.259259, 0.22037
541, 140, 142, 140, 119, 0.25878, 0.262477, 0.25878, 0.219963
542, 140, 142, 141, 119, 0.258303, 0.261993, 0.260148, 0.219557
543, 141, 142, 141, 119, 0.259669, 0.26151, 0.259669, 0.219153
544, 142, 142, 141, 119, 0.261029, 0.261029, 0.259191, 0.21875
545, 143, 142, 141, 119, 0.262385, 0.26055, 0.258716, 0.218349
546, 143, 142, 142, 119, 0.261905, 0.260073, 0.260073, 0.217949
547, 144, 142, 142, 119, 0.263254, 0.259598, 0.259598, 0.21755
548, 144, 143, 142, 119, 0.262774, 0.260949, 0.259124, 0.217153
549, 145, 143, 142, 119, 0.264117, 0.260474, 0.258652, 0.216758
550, 146, 143, 142, 119, 0.265455, 0.26, 0.258182, 0.216364
551, 146, 143, 143, 119, 0.264973, 0.259528, 0.259528, 0.215971
552, 147, 143, 143, 119, 0.266304, 0.259058, 0.259058, 0.21558
553, 147, 144, 143, 119, 0.265823, 0.260398, 0.25859, 0.21519
554, 147, 144, 143, 120, 0.265343, 0.259928, 0.258123, 0.216606
555, 147, 144, 144, 120, 0.264865, 0.259459, 0.259459, 0.216216
556, 147, 144, 144, 121, 0.264388, 0.258993, 0.258993, 0.217626
557, 147, 144, 144, 122, 0.263914, 0.258528, 0.258528, 0.219031
558, 147, 145, 144, 122, 0.263441, 0.259857, 0.258065, 0.218638
559, 147, 146, 144, 122, 0.26297, 0.261181, 0.257603, 0.218247
560, 147, 147, 144, 122, 0.2625, 0.2625, 0.257143, 0.217857
561, 147, 147, 145, 122, 0.262032, 0.262032, 0.258467, 0.217469
562, 147, 148, 145, 122, 0.261566, 0.263345, 0.258007, 0.217082
563, 148, 148, 145, 122, 0.262877, 0.262877, 0.257549, 0.216696
564, 149, 148, 145, 122, 0.264184, 0.262411, 0.257092, 0.216312
565, 150, 148, 145, 122, 0.265487, 0.261947, 0.256637, 0.215929
566, 150, 148, 146, 122, 0.265018, 0.261484, 0.257951, 0.215548
567, 150, 148, 147, 122, 0.26455, 0.261023, 0.259259, 0.215168
568, 150, 148, 147, 123, 0.264085, 0.260563, 0.258803, 0.216549
569, 150, 148, 147, 124, 0.26362, 0.260105, 0.258348, 0.217926
570, 150, 149, 147, 124, 0.263158, 0.261404, 0.257895, 0.217544
571, 150, 149, 148, 124, 0.262697, 0.260946, 0.259194, 0.217163
572, 150, 150, 148, 124, 0.262238, 0.262238, 0.258741, 0.216783
573, 150, 151, 148, 124, 0.26178, 0.263525, 0.25829, 0.216405
574, 150, 152, 148, 124, 0.261324, 0.264808, 0.25784, 0.216028
575, 151, 152, 148, 124, 0.262609, 0.264348, 0.257391, 0.215652
576, 152, 152, 148, 124, 0.263889, 0.263889, 0.256944, 0.215278
577, 153, 152, 148, 124, 0.265165, 0.263432, 0.256499, 0.214905
578, 153, 152, 148, 125, 0.264706, 0.262976, 0.256055, 0.216263
579, 154, 152, 148, 125, 0.265976, 0.262522, 0.255613, 0.215889
580, 154, 153, 148, 125, 0.265517, 0.263793, 0.255172, 0.215517
581, 155, 153, 148, 125, 0.266781, 0.263339, 0.254733, 0.215146
582, 155, 153, 149, 125, 0.266323, 0.262887, 0.256014, 0.214777
583, 155, 153, 150, 125, 0.265866, 0.262436, 0.25729, 0.214408
584, 155, 153, 151, 125, 0.265411, 0.261986, 0.258562, 0.214041
585, 156, 153, 151, 125, 0.266667, 0.261538, 0.25812, 0.213675
586, 156, 153, 151, 126, 0.266212, 0.261092, 0.257679, 0.215017
587, 156, 153, 151, 127, 0.265758, 0.260647, 0.25724, 0.216354
588, 156, 153, 152, 127, 0.265306, 0.260204, 0.258503, 0.215986
589, 156, 154, 152, 127, 0.264856, 0.26146, 0.258065, 0.21562
590, 157, 154, 152, 127, 0.266102, 0.261017, 0.257627, 0.215254
591, 157, 154, 153, 127, 0.265651, 0.260575, 0.258883, 0.21489
592, 157, 155, 153, 127, 0.265203, 0.261824, 0.258446, 0.214527
593, 157, 156, 153, 127, 0.264755, 0.263069, 0.25801, 0.214165
594, 157, 156, 154, 127, 0.26431, 0.262626, 0.259259, 0.213805
595, 157, 156, 155, 127, 0.263866, 0.262185, 0.260504, 0.213445
596, 158, 156, 155, 127, 0.265101, 0.261745, 0.260067, 0.213087
597, 158, 156, 155, 128, 0.264657, 0.261307, 0.259631, 0.214405
598, 158, 157, 155, 128, 0.264214, 0.262542, 0.259197, 0.214047
599, 158, 158, 155, 128, 0.263773, 0.263773, 0.258765, 0.213689
600, 158, 159, 155, 128, 0.263333, 0.265, 0.258333, 0.213333
601, 158, 159, 155, 129, 0.262895, 0.264559, 0.257903, 0.214642
602, 158, 160, 155, 129, 0.262458, 0.265781, 0.257475, 0.214286
603, 158, 161, 155, 129, 0.262023, 0.266998, 0.257048, 0.21393
604, 158, 161, 156, 129, 0.261589, 0.266556, 0.258278, 0.213576
605, 158, 161, 157, 129, 0.261157, 0.266116, 0.259504, 0.213223
606, 158, 161, 158, 129, 0.260726, 0.265677, 0.260726, 0.212871
607, 159, 161, 158, 129, 0.261944, 0.265239, 0.260297, 0.212521
608, 159, 161, 159, 129, 0.261513, 0.264803, 0.261513, 0.212171
609, 159, 161, 160, 129, 0.261084, 0.264368, 0.262726, 0.211823
610, 159, 162, 160, 129, 0.260656, 0.265574, 0.262295, 0.211475
611, 160, 162, 160, 129, 0.261866, 0.265139, 0.261866, 0.211129
612, 160, 162, 160, 130, 0.261438, 0.264706, 0.261438, 0.212418
613, 160, 162, 160, 131, 0.261011, 0.264274, 0.261011, 0.213703
614, 161, 162, 160, 131, 0.262215, 0.263844, 0.260586, 0.213355
615, 162, 162, 160, 131, 0.263415, 0.263415, 0.260163, 0.213008
616, 163, 162, 160, 131, 0.26461, 0.262987, 0.25974, 0.212662
617, 163, 163, 160, 131, 0.264182, 0.264182, 0.259319, 0.212318
618, 164, 163, 160, 131, 0.265372, 0.263754, 0.2589, 0.211974
619, 165, 163, 160, 131, 0.266559, 0.263328, 0.258481, 0.211632
620, 165, 163, 161, 131, 0.266129, 0.262903, 0.259677, 0.21129
621, 166, 163, 161, 131, 0.267311, 0.26248, 0.259259, 0.21095
622, 166, 164, 161, 131, 0.266881, 0.263666, 0.258842, 0.210611
623, 166, 164, 161, 132, 0.266453, 0.263242, 0.258427, 0.211878
624, 166, 164, 162, 132, 0.266026, 0.262821, 0.259615, 0.211538
625, 167, 164, 162, 132, 0.2672, 0.2624, 0.2592, 0.2112
626, 168, 164, 162, 132, 0.268371, 0.261981, 0.258786, 0.210863
627, 168, 164, 163, 132, 0.267943, 0.261563, 0.259968, 0.210526
628, 168, 164, 164, 132, 0.267516, 0.261146, 0.261146, 0.210191
629, 168, 164, 164, 133, 0.267091, 0.260731, 0.260731, 0.211447
630, 168, 165, 164, 133, 0.266667, 0.261905, 0.260317, 0.211111
631, 169, 165, 164, 133, 0.267829, 0.26149, 0.259905, 0.210777
632, 170, 165, 164, 133, 0.268987, 0.261076, 0.259494, 0.210443
633, 171, 165, 164, 133, 0.270142, 0.260664, 0.259084, 0.210111
634, 171, 165, 165, 133, 0.269716, 0.260252, 0.260252, 0.209779
635, 172, 165, 165, 133, 0.270866, 0.259843, 0.259843, 0.209449
636, 172, 165, 165, 134, 0.27044, 0.259434, 0.259434, 0.210692
637, 173, 165, 165, 134, 0.271586, 0.259027, 0.259027, 0.210361
638, 173, 166, 165, 134, 0.27116, 0.260188, 0.258621, 0.210031
639, 173, 167, 165, 134, 0.270736, 0.261346, 0.258216, 0.209703
640, 174, 167, 165, 134, 0.271875, 0.260937, 0.257812, 0.209375
641, 174, 167, 165, 135, 0.271451, 0.26053, 0.25741, 0.210608
642, 174, 167, 166, 135, 0.271028, 0.260125, 0.258567, 0.21028
643, 175, 167, 166, 135, 0.272162, 0.25972, 0.258165, 0.209953
644, 175, 168, 166, 135, 0.271739, 0.26087, 0.257764, 0.209627
645, 175, 169, 166, 135, 0.271318, 0.262016, 0.257364, 0.209302
646, 175, 169, 167, 135, 0.270898, 0.26161, 0.258514, 0.208978
647, 175, 169, 167, 136, 0.270479, 0.261206, 0.258114, 0.210201
648, 175, 169, 168, 136, 0.270062, 0.260802, 0.259259, 0.209877
649, 175, 169, 168, 137, 0.269646, 0.260401, 0.25886, 0.211094
650, 175, 169, 169, 137, 0.269231, 0.26, 0.26, 0.210769
651, 175, 170, 169, 137, 0.268817, 0.261137, 0.259601, 0.210445
652, 175, 170, 170, 137, 0.268405, 0.260736, 0.260736, 0.210123
653, 176, 170, 170, 137, 0.269525, 0.260337, 0.260337, 0.209801
654, 176, 171, 170, 137, 0.269113, 0.261468, 0.259939, 0.20948
655, 177, 171, 170, 137, 0.270229, 0.261069, 0.259542, 0.20916
656, 177, 171, 170, 138, 0.269817, 0.260671, 0.259146, 0.210366
657, 177, 171, 170, 139, 0.269406, 0.260274, 0.258752, 0.211568
658, 177, 171, 171, 139, 0.268997, 0.259878, 0.259878, 0.211246
659, 177, 171, 171, 140, 0.268589, 0.259484, 0.259484, 0.212443
660, 177, 172, 171, 140, 0.268182, 0.260606, 0.259091, 0.212121
661, 177, 173, 171, 140, 0.267776, 0.261725, 0.258699, 0.2118
662, 177, 173, 171, 141, 0.267372, 0.261329, 0.258308, 0.212991
663, 177, 174, 171, 141, 0.266968, 0.262443, 0.257919, 0.21267
664, 177, 174, 171, 142, 0.266566, 0.262048, 0.25753, 0.213855
665, 177, 175, 171, 142, 0.266165, 0.263158, 0.257143, 0.213534
666, 177, 176, 171, 142, 0.265766, 0.264264, 0.256757, 0.213213
667, 178, 176, 171, 142, 0.266867, 0.263868, 0.256372, 0.212894
668, 178, 176, 171, 143, 0.266467, 0.263473, 0.255988, 0.214072
669, 178, 176, 172, 143, 0.266069, 0.263079, 0.2571, 0.213752
670, 179, 176, 172, 143, 0.267164, 0.262687, 0.256716, 0.213433
671, 179, 176, 173, 143, 0.266766, 0.262295, 0.257824, 0.213115
672, 179, 177, 173, 143, 0.266369, 0.263393, 0.25744, 0.212798
673, 179, 177, 173, 144, 0.265973, 0.263001, 0.257058, 0.213967
674, 179, 178, 173, 144, 0.265579, 0.264095, 0.256677, 0.21365
675, 179, 179, 173, 144, 0.265185, 0.265185, 0.256296, 0.213333
676, 179, 179, 174, 144, 0.264793, 0.264793, 0.257396, 0.213018
677, 179, 179, 174, 145, 0.264402, 0.264402, 0.257016, 0.21418
678, 179, 179, 174, 146, 0.264012, 0.264012, 0.256637, 0.215339
679, 179, 179, 174, 147, 0.263623, 0.263623, 0.256259, 0.216495
680, 179, 179, 174, 148, 0.263235, 0.263235, 0.255882, 0.217647
681, 179, 179, 174, 149, 0.262849, 0.262849, 0.255507, 0.218796
682, 180, 179, 174, 149, 0.26393, 0.262463, 0.255132, 0.218475
683, 180, 179, 174, 150, 0.263543, 0.262079, 0.254758, 0.219619
684, 181, 179, 174, 150, 0.26462, 0.261696, 0.254386, 0.219298
685, 181, 179, 174, 151, 0.264234, 0.261314, 0.254015, 0.220438
686, 182, 179, 174, 151, 0.265306, 0.260933, 0.253644, 0.220117
687, 182, 179, 174, 152, 0.26492, 0.260553, 0.253275, 0.221252
688, 182, 179, 174, 153, 0.264535, 0.260174, 0.252907, 0.222384
689, 182, 179, 174, 154, 0.264151, 0.259797, 0.25254, 0.223512
690, 182, 179, 174, 155, 0.263768, 0.25942, 0.252174, 0.224638
691, 183, 179, 174, 155, 0.264834, 0.259045, 0.251809, 0.224313
692, 184, 179, 174, 155, 0.265896, 0.258671, 0.251445, 0.223988
693, 184, 180, 174, 155, 0.265512, 0.25974, 0.251082, 0.223665
694, 184, 181, 174, 155, 0.26513, 0.260807, 0.25072, 0.223343
695, 184, 181, 175, 155, 0.264748, 0.260432, 0.251799, 0.223022
696, 184, 181, 175, 156, 0.264368, 0.260057, 0.251437, 0.224138
697, 184, 181, 176, 156, 0.263989, 0.259684, 0.252511, 0.223816
698, 184, 181, 176, 157, 0.26361, 0.259312, 0.252149, 0.224928
699, 185, 181, 176, 157, 0.264664, 0.258941, 0.251788, 0.224607
700, 185, 182, 176, 157, 0.264286, 0.26, 0.251429, 0.224286
701, 186, 182, 176, 157, 0.265335, 0.259629, 0.25107, 0.223966
702, 186, 182, 176, 158, 0.264957, 0.259259, 0.250712, 0.225071
703, 186, 182, 176, 159, 0.26458, 0.25889, 0.250356, 0.226174
704, 186, 182, 177, 159, 0.264205, 0.258523, 0.25142, 0.225852
705, 186, 182, 177, 160, 0.26383, 0.258156, 0.251064, 0.22695
706, 186, 182, 178, 160, 0.263456, 0.25779, 0.252125, 0.226629
707, 187, 182, 178, 160, 0.264498, 0.257426, 0.251768, 0.226308
708, 187, 182, 179, 160, 0.264124, 0.257062, 0.252825, 0.225989
709, 188, 182, 179, 160, 0.265162, 0.2567, 0.252468, 0.22567
710, 188, 182, 179, 161, 0.264789, 0.256338, 0.252113, 0.226761
711, 188, 182, 180, 161, 0.264416, 0.255977, 0.253165, 0.226442
712, 188, 182, 180, 162, 0.264045, 0.255618, 0.252809, 0.227528
713, 189, 182, 180, 162, 0.265077, 0.255259, 0.252454, 0.227209
714, 189, 183, 180, 162, 0.264706, 0.256303, 0.252101, 0.226891
715, 190, 183, 180, 162, 0.265734, 0.255944, 0.251748, 0.226573
716, 191, 183, 180, 162, 0.26676, 0.255587, 0.251397, 0.226257
717, 192, 183, 180, 162, 0.267782, 0.25523, 0.251046, 0.225941
718, 192, 183, 180, 163, 0.267409, 0.254875, 0.250696, 0.227019
719, 193, 183, 180, 163, 0.268428, 0.25452, 0.250348, 0.226704
720, 193, 183, 180, 164, 0.268056, 0.254167, 0.25, 0.227778
721, 193, 183, 181, 164, 0.267684, 0.253814, 0.25104, 0.227462
722, 193, 183, 182, 164, 0.267313, 0.253463, 0.252078, 0.227147
723, 194, 183, 182, 164, 0.268326, 0.253112, 0.251729, 0.226833
724, 194, 184, 182, 164, 0.267956, 0.254144, 0.251381, 0.226519
725, 194, 184, 183, 164, 0.267586, 0.253793, 0.252414, 0.226207
726, 194, 185, 183, 164, 0.267218, 0.254821, 0.252066, 0.225895
727, 194, 185, 183, 165, 0.26685, 0.25447, 0.251719, 0.22696
728, 194, 186, 183, 165, 0.266484, 0.255495, 0.251374, 0.226648
729, 194, 187, 183, 165, 0.266118, 0.256516, 0.251029, 0.226337
730, 194, 187, 183, 166, 0.265753, 0.256164, 0.250685, 0.227397
731, 194, 187, 184, 166, 0.26539, 0.255814, 0.25171, 0.227086
732, 194, 187, 185, 166, 0.265027, 0.255464, 0.252732, 0.226776
733, 194, 187, 185, 167, 0.264666, 0.255116, 0.252387, 0.227831
734, 195, 187, 185, 167, 0.265668, 0.254768, 0.252044, 0.22752
735, 195, 188, 185, 167, 0.265306, 0.255782, 0.251701, 0.227211
736, 195, 189, 185, 167, 0.264946, 0.256793, 0.251359, 0.226902
737, 195, 189, 186, 167, 0.264586, 0.256445, 0.252374, 0.226594
738, 195, 190, 186, 167, 0.264228, 0.257453, 0.252033, 0.226287
739, 195, 190, 186, 168, 0.26387, 0.257104, 0.251691, 0.227334
740, 195, 190, 186, 169, 0.263514, 0.256757, 0.251351, 0.228378
741, 195, 191, 186, 169, 0.263158, 0.25776, 0.251012, 0.22807
742, 195, 191, 187, 169, 0.262803, 0.257412, 0.252022, 0.227763
743, 195, 192, 187, 169, 0.26245, 0.258412, 0.251682, 0.227456
744, 195, 192, 188, 169, 0.262097, 0.258065, 0.252688, 0.227151
745, 196, 192, 188, 169, 0.263087, 0.257718, 0.252349, 0.226846
746, 196, 192, 188, 170, 0.262735, 0.257373, 0.252011, 0.227882
747, 196, 192, 189, 170, 0.262383, 0.257028, 0.253012, 0.227577
748, 196, 193, 189, 170, 0.262032, 0.258021, 0.252674, 0.227273
749, 197, 193, 189, 170, 0.263017, 0.257677, 0.252336, 0.226969
750, 197, 194, 189, 170, 0.262667, 0.258667, 0.252, 0.226667
751, 198, 194, 189, 170, 0.263648, 0.258322, 0.251664, 0.226365
752, 198, 194, 189, 171, 0.263298, 0.257979, 0.25133, 0.227394
753, 198, 195, 189, 171, 0.262948, 0.258964, 0.250996, 0.227092
754, 199, 195, 189, 171, 0.263926, 0.258621, 0.250663, 0.22679
755, 199, 196, 189, 171, 0.263576, 0.259603, 0.250331, 0.22649
756, 199, 197, 189, 171, 0.263228, 0.260582, 0.25, 0.22619
757, 200, 197, 189, 171, 0.264201, 0.260238, 0.24967, 0.225892
758, 200, 198, 189, 171, 0.263852, 0.261214, 0.24934, 0.225594
759, 200, 198, 190, 171, 0.263505, 0.26087, 0.250329, 0.225296
760, 200, 198, 190, 172, 0.263158, 0.260526, 0.25, 0.226316
761, 200, 198, 190, 173, 0.262812, 0.260184, 0.249671, 0.227332
762, 201, 198, 190, 173, 0.26378, 0.259843, 0.249344, 0.227034
763, 202, 198, 190, 173, 0.264744, 0.259502, 0.249017, 0.226737
764, 202, 198, 190, 174, 0.264398, 0.259162, 0.248691, 0.227749
765, 202, 199, 190, 174, 0.264052, 0.260131, 0.248366, 0.227451
766, 203, 199, 190, 174, 0.265013, 0.259791, 0.248042, 0.227154
767, 203, 199, 191, 174, 0.264668, 0.259452, 0.249022, 0.226858
768, 204, 199, 191, 174, 0.265625, 0.259115, 0.248698, 0.226562
769, 205, 199, 191, 174, 0.26658, 0.258778, 0.248375, 0.226268
770, 205, 200, 191, 174, 0.266234, 0.25974, 0.248052, 0.225974
771, 205, 201, 191, 174, 0.265888, 0.2607, 0.24773, 0.225681
772, 206, 201, 191, 174, 0.266839, 0.260363, 0.247409, 0.225389
773, 206, 201, 191, 175, 0.266494, 0.260026, 0.247089, 0.226391
774, 207, 201, 191, 175, 0.267442, 0.25969, 0.24677, 0.226098
775, 207, 201, 191, 176, 0.267097, 0.259355, 0.246452, 0.227097
776, 207, 202, 191, 176, 0.266753, 0.260309, 0.246134, 0.226804
777, 208, 202, 191, 176, 0.267696, 0.259974, 0.245817, 0.226512
778, 208, 203, 191, 176, 0.267352, 0.260925, 0.245501, 0.226221
779, 208, 204, 191, 176, 0.267009, 0.261874, 0.245186, 0.225931
780, 208, 204, 192, 176, 0.266667, 0.261538, 0.246154, 0.225641
781, 208, 204, 193, 176, 0.266325, 0.261204, 0.247119, 0.225352
782, 208, 204, 194, 176, 0.265985, 0.26087, 0.248082, 0.225064
783, 209, 204, 194, 176, 0.266922, 0.260536, 0.247765, 0.224777
784, 210, 204, 194, 176, 0.267857, 0.260204, 0.247449, 0.22449
785, 210, 205, 194, 176, 0.267516, 0.261146, 0.247134, 0.224204
786, 210, 206, 194, 176, 0.267176, 0.262087, 0.246819, 0.223919
787, 211, 206, 194, 176, 0.268107, 0.261753, 0.246506, 0.223634
788, 211, 206, 194, 177, 0.267766, 0.261421, 0.246193, 0.224619
789, 212, 206, 194, 177, 0.268695, 0.26109, 0.245881, 0.224335
790, 212, 207, 194, 177, 0.268354, 0.262025, 0.24557, 0.224051
791, 212, 207, 194, 178, 0.268015, 0.261694, 0.245259, 0.225032
792, 212, 207, 194, 179, 0.267677, 0.261364, 0.244949, 0.22601
793, 212, 208, 194, 179, 0.267339, 0.262295, 0.244641, 0.225725
794, 212, 208, 194, 180, 0.267003, 0.261965, 0.244332, 0.2267
795, 213, 208, 194, 180, 0.267925, 0.261635, 0.244025, 0.226415
796, 213, 209, 194, 180, 0.267588, 0.262563, 0.243719, 0.226131
797, 213, 209, 195, 180, 0.267252, 0.262233, 0.244668, 0.225847
798, 213, 209, 196, 180, 0.266917, 0.261905, 0.245614, 0.225564
799, 213, 209, 197, 180, 0.266583, 0.261577, 0.246558, 0.225282
800, 213, 210, 197, 180, 0.26625, 0.2625, 0.24625, 0.225
801, 213, 210, 198, 180, 0.265918, 0.262172, 0.247191, 0.224719
802, 214, 210, 198, 180, 0.266833, 0.261845, 0.246883, 0.224439
803, 214, 211, 198, 180, 0.266501, 0.262765, 0.246575, 0.224159
804, 215, 211, 198, 180, 0.267413, 0.262438, 0.246269, 0.223881
805, 215, 212, 198, 180, 0.267081, 0.263354, 0.245963, 0.223602
806, 215, 213, 198, 180, 0.266749, 0.264268, 0.245658, 0.223325
807, 216, 213, 198, 180, 0.267658, 0.263941, 0.245353, 0.223048
808, 216, 213, 199, 180, 0.267327, 0.263614, 0.246287, 0.222772
809, 216, 213, 199, 181, 0.266996, 0.263288, 0.245983, 0.223733
810, 216, 213, 200, 181, 0.266667, 0.262963, 0.246914, 0.223457
811, 216, 213, 201, 181, 0.266338, 0.262639, 0.247842, 0.223181
812, 216, 213, 202, 181, 0.26601, 0.262315, 0.248768, 0.222906
813, 217, 213, 202, 181, 0.266913, 0.261993, 0.248462, 0.222632
814, 217, 213, 203, 181, 0.266585, 0.261671, 0.249386, 0.222359
815, 217, 214, 203, 181, 0.266258, 0.262577, 0.24908, 0.222086
816, 218, 214, 203, 181, 0.267157, 0.262255, 0.248775, 0.221814
817, 218, 214, 204, 181, 0.26683, 0.261934, 0.249694, 0.221542
818, 218, 214, 205, 181, 0.266504, 0.261614, 0.250611, 0.221271
819, 218, 214, 206, 181, 0.266178, 0.261294, 0.251526, 0.221001
820, 218, 214, 206, 182, 0.265854, 0.260976, 0.25122, 0.221951
821, 218, 214, 207, 182, 0.26553, 0.260658, 0.252132, 0.221681
822, 218, 214, 207, 183, 0.265207, 0.260341, 0.251825, 0.222628
823, 218, 215, 207, 183, 0.264885, 0.261239, 0.251519, 0.222357
824, 218, 215, 208, 183, 0.264563, 0.260922, 0.252427, 0.222087
825, 218, 216, 208, 183, 0.264242, 0.261818, 0.252121, 0.221818
826, 218, 216, 208, 184, 0.263923, 0.261501, 0.251816, 0.22276
827, 218, 217, 208, 184, 0.263603, 0.262394, 0.251511, 0.222491
828, 218, 217, 208, 185, 0.263285, 0.262077, 0.251208, 0.22343
829, 219, 217, 208, 185, 0.264174, 0.261761, 0.250905, 0.22316
830, 219, 217, 209, 185, 0.263855, 0.261446, 0.251807, 0.222892
831, 219, 218, 209, 185, 0.263538, 0.262335, 0.251504, 0.222623
832, 219, 218, 210, 185, 0.263221, 0.262019, 0.252404, 0.222356
833, 219, 219, 210, 185, 0.262905, 0.262905, 0.252101, 0.222089
834, 219, 219, 210, 186, 0.26259, 0.26259, 0.251799, 0.223022
835, 219, 219, 211, 186, 0.262275, 0.262275, 0.252695, 0.222754
836, 219, 219, 212, 186, 0.261962, 0.261962, 0.253589, 0.222488
837, 219, 219, 212, 187, 0.261649, 0.261649, 0.253286, 0.223417
838, 220, 219, 212, 187, 0.26253, 0.261337, 0.252983, 0.22315
839, 220, 220, 212, 187, 0.262217, 0.262217, 0.252682, 0.222884
840, 220, 220, 213, 187, 0.261905, 0.261905, 0.253571, 0.222619
841, 221, 220, 213, 187, 0.262782, 0.261593, 0.25327, 0.222354
842, 222, 220, 213, 187, 0.263658, 0.261283, 0.252969, 0.22209
843, 222, 221, 213, 187, 0.263345, 0.262159, 0.252669, 0.221827
844, 222, 221, 214, 187, 0.263033, 0.261848, 0.253555, 0.221564
845, 222, 221, 214, 188, 0.262722, 0.261538, 0.253254, 0.222485
846, 222, 222, 214, 188, 0.262411, 0.262411, 0.252955, 0.222222
847, 223, 222, 214, 188, 0.263282, 0.262102, 0.252656, 0.22196
848, 223, 222, 214, 189, 0.262972, 0.261792, 0.252358, 0.222877
849, 223, 223, 214, 189, 0.262662, 0.262662, 0.252061, 0.222615
850, 223, 223, 215, 189, 0.262353, 0.262353, 0.252941, 0.222353
851, 223, 223, 216, 189, 0.262045, 0.262045, 0.253819, 0.222092
852, 223, 223, 216, 190, 0.261737, 0.261737, 0.253521, 0.223005
853, 223, 224, 216, 190, 0.26143, 0.262603, 0.253224, 0.222743
854, 223, 225, 216, 190, 0.261124, 0.263466, 0.252927, 0.222482
855, 224, 225, 216, 190, 0.261988, 0.263158, 0.252632, 0.222222
856, 225, 225, 216, 190, 0.26285, 0.26285, 0.252336, 0.221963
857, 226, 225, 216, 190, 0.263711, 0.262544, 0.252042, 0.221704
858, 226, 226, 216, 190, 0.263403, 0.263403, 0.251748, 0.221445
859, 226, 226, 217, 190, 0.263097, 0.263097, 0.252619, 0.221187
860, 226, 226, 218, 190, 0.262791, 0.262791, 0.253488, 0.22093
861, 226, 226, 218, 191, 0.262485, 0.262485, 0.253194, 0.221835
862, 226, 227, 218, 191, 0.262181, 0.263341, 0.2529, 0.221578
863, 227, 227, 218, 191, 0.263036, 0.263036, 0.252607, 0.221321
864, 227, 228, 218, 191, 0.262731, 0.263889, 0.252315, 0.221065
865, 227, 229, 218, 191, 0.262428, 0.26474, 0.252023, 0.220809
866, 227, 229, 218, 192, 0.262125, 0.264434, 0.251732, 0.221709
867, 227, 229, 219, 192, 0.261822, 0.264129, 0.252595, 0.221453
868, 228, 229, 219, 192, 0.262673, 0.263825, 0.252304, 0.221198
869, 228, 230, 219, 192, 0.262371, 0.264672, 0.252014, 0.220944
870, 228, 230, 219, 193, 0.262069, 0.264368, 0.251724, 0.221839
871, 228, 231, 219, 193, 0.261768, 0.265212, 0.251435, 0.221584
872, 228, 231, 219, 194, 0.261468, 0.264908, 0.251147, 0.222477
873, 228, 231, 220, 194, 0.261168, 0.264605, 0.252005, 0.222222
874, 228, 231, 221, 194, 0.26087, 0.264302, 0.25286, 0.221968
875, 229, 231, 221, 194, 0.261714, 0.264, 0.252571, 0.221714
876, 229, 231, 222, 194, 0.261416, 0.263699, 0.253425, 0.221461
877, 230, 231, 222, 194, 0.262258, 0.263398, 0.253136, 0.221209
878, 230, 232, 222, 194, 0.261959, 0.264237, 0.252847, 0.220957
879, 231, 232, 222, 194, 0.262799, 0.263936, 0.25256, 0.220705
880, 231, 233, 222, 194, 0.2625, 0.264773, 0.252273, 0.220455
881, 231, 234, 222, 194, 0.262202, 0.265607, 0.251986, 0.220204
882, 231, 234, 222, 195, 0.261905, 0.265306, 0.251701, 0.221088
883, 231, 234, 222, 196, 0.261608, 0.265006, 0.251416, 0.221971
884, 231, 235, 222, 196, 0.261312, 0.265837, 0.251131, 0.221719
885, 231, 235, 222, 197, 0.261017, 0.265537, 0.250847, 0.222599
886, 231, 235, 223, 197, 0.260722, 0.265237, 0.251693, 0.222348
887, 231, 236, 223, 197, 0.260428, 0.266065, 0.251409, 0.222097
888, 231, 236, 224, 197, 0.260135, 0.265766, 0.252252, 0.221847
889, 231, 236, 224, 198, 0.259843, 0.265467, 0.251969, 0.222722
890, 231, 236, 224, 199, 0.259551, 0.265169, 0.251685, 0.223596
891, 231, 237, 224, 199, 0.259259, 0.265993, 0.251403, 0.223345
892, 231, 237, 224, 200, 0.258969, 0.265695, 0.251121, 0.224215
893, 232, 237, 224, 200, 0.259798, 0.265398, 0.25084, 0.223964
894, 232, 237, 224, 201, 0.259508, 0.265101, 0.250559, 0.224832
895, 232, 237, 225, 201, 0.259218, 0.264804, 0.251397, 0.224581
896, 232, 238, 225, 201, 0.258929, 0.265625, 0.251116, 0.22433
897, 232, 238, 225, 202, 0.25864, 0.265329, 0.250836, 0.225195
898, 232, 239, 225, 202, 0.258352, 0.266147, 0.250557, 0.224944
899, 232, 239, 226, 202, 0.258065, 0.265851, 0.25139, 0.224694
900, 232, 239, 226, 203, 0.257778, 0.265556, 0.251111, 0.225556
901, 232, 239, 226, 204, 0.257492, 0.265261, 0.250832, 0.226415
902, 232, 239, 226, 205, 0.257206, 0.264967, 0.250554, 0.227273
903, 233, 239, 226, 205, 0.258029, 0.264673, 0.250277, 0.227021
904, 233, 239, 226, 206, 0.257743, 0.264381, 0.25, 0.227876
905, 233, 239, 226, 207, 0.257459, 0.264088, 0.249724, 0.228729
906, 233, 240, 226, 207, 0.257174, 0.264901, 0.249448, 0.228477
907, 233, 240, 227, 207, 0.256891, 0.264609, 0.250276, 0.228225
908, 233, 240, 228, 207, 0.256608, 0.264317, 0.251101, 0.227974
909, 233, 240, 229, 207, 0.256326, 0.264026, 0.251925, 0.227723
910, 233, 240, 230, 207, 0.256044, 0.263736, 0.252747, 0.227473
911, 233, 240, 230, 208, 0.255763, 0.263447, 0.25247, 0.228321
912, 233, 241, 230, 208, 0.255482, 0.264254, 0.252193, 0.22807
913, 233, 242, 230, 208, 0.255203, 0.26506, 0.251917, 0.22782
914, 233, 243, 230, 208, 0.254923, 0.265864, 0.251641, 0.227571
915, 233, 243, 230, 209, 0.254645, 0.265574, 0.251366, 0.228415
916, 233, 244, 230, 209, 0.254367, 0.266376, 0.251092, 0.228166
917, 233, 244, 231, 209, 0.254089, 0.266085, 0.251908, 0.227917
918, 233, 244, 231, 210, 0.253813, 0.265795, 0.251634, 0.228758
919, 233, 244, 231, 211, 0.253536, 0.265506, 0.25136, 0.229597
920, 233, 244, 232, 211, 0.253261, 0.265217, 0.252174, 0.229348
921, 233, 244, 232, 212, 0.252986, 0.264929, 0.2519, 0.230185
922, 233, 245, 232, 212, 0.252711, 0.265727, 0.251627, 0.229935
923, 233, 245, 232, 213, 0.252438, 0.265439, 0.251354, 0.230769
924, 233, 245, 233, 213, 0.252165, 0.265152, 0.252165, 0.230519
925, 233, 245, 233, 214, 0.251892, 0.264865, 0.251892, 0.231351
926, 234, 245, 233, 214, 0.2527, 0.264579, 0.25162, 0.231102
927, 235, 245, 233, 214, 0.253506, 0.264293, 0.251348, 0.230852
928, 236, 245, 233, 214, 0.25431, 0.264009, 0.251078, 0.230603
929, 236, 246, 233, 214, 0.254037, 0.264801, 0.250807, 0.230355
930, 236, 246, 233, 215, 0.253763, 0.264516, 0.250538, 0.231183
931, 237, 246, 233, 215, 0.254565, 0.264232, 0.250269, 0.230934
932, 237, 247, 233, 215, 0.254292, 0.265021, 0.25, 0.230687
933, 237, 247, 233, 216, 0.254019, 0.264737, 0.249732, 0.231511
934, 237, 247, 233, 217, 0.253747, 0.264454, 0.249465, 0.232334
935, 237, 248, 233, 217, 0.253476, 0.265241, 0.249198, 0.232086
936, 237, 249, 233, 217, 0.253205, 0.266026, 0.248932, 0.231838
937, 237, 250, 233, 217, 0.252935, 0.266809, 0.248666, 0.23159
938, 237, 250, 233, 218, 0.252665, 0.266525, 0.248401, 0.232409
939, 237, 251, 233, 218, 0.252396, 0.267306, 0.248136, 0.232162
940, 237, 251, 233, 219, 0.252128, 0.267021, 0.247872, 0.232979
941, 237, 252, 233, 219, 0.25186, 0.2678, 0.247609, 0.232731
942, 237, 252, 233, 220, 0.251592, 0.267516, 0.247346, 0.233546
943, 237, 252, 234, 220, 0.251326, 0.267232, 0.248144, 0.233298
944, 237, 253, 234, 220, 0.251059, 0.268008, 0.247881, 0.233051
945, 238, 253, 234, 220, 0.251852, 0.267725, 0.247619, 0.232804
946, 238, 253, 235, 220, 0.251586, 0.267442, 0.248414, 0.232558
947, 238, 253, 236, 220, 0.25132, 0.267159, 0.249208, 0.232313
948, 238, 253, 237, 220, 0.251055, 0.266878, 0.25, 0.232068
949, 238, 253, 238, 220, 0.25079, 0.266596, 0.25079, 0.231823
950, 239, 253, 238, 220, 0.251579, 0.266316, 0.250526, 0.231579
951, 240, 253, 238, 220, 0.252366, 0.266036, 0.250263, 0.231335
952, 240, 254, 238, 220, 0.252101, 0.266807, 0.25, 0.231092
953, 240, 254, 239, 220, 0.251836, 0.266527, 0.250787, 0.23085
954, 241, 254, 239, 220, 0.252621, 0.266247, 0.250524, 0.230608
955, 241, 254, 240, 220, 0.252356, 0.265969, 0.251309, 0.230366
956, 241, 255, 240, 220, 0.252092, 0.266736, 0.251046, 0.230126
957, 241, 255, 241, 220, 0.251829, 0.266458, 0.251829, 0.229885
958, 242, 255, 241, 220, 0.25261, 0.26618, 0.251566, 0.229645
959, 243, 255, 241, 220, 0.253389, 0.265902, 0.251303, 0.229406
960, 243, 255, 242, 220, 0.253125, 0.265625, 0.252083, 0.229167
961, 243, 256, 242, 220, 0.252862, 0.266389, 0.251821, 0.228928
962, 243, 256, 242, 221, 0.252599, 0.266112, 0.251559, 0.22973
963, 243, 256, 243, 221, 0.252336, 0.265836, 0.252336, 0.229491
964, 243, 256, 243, 222, 0.252075, 0.26556, 0.252075, 0.23029
965, 243, 257, 243, 222, 0.251813, 0.266321, 0.251813, 0.230052
966, 243, 257, 244, 222, 0.251553, 0.266046, 0.252588, 0.229814
967, 243, 257, 245, 222, 0.251293, 0.26577, 0.253361, 0.229576
968, 243, 257, 245, 223, 0.251033, 0.265496, 0.253099, 0.230372
969, 244, 257, 245, 223, 0.251806, 0.265222, 0.252838, 0.230134
970, 245, 257, 245, 223, 0.252577, 0.264948, 0.252577, 0.229897
971, 246, 257, 245, 223, 0.253347, 0.264676, 0.252317, 0.22966
972, 246, 257, 245, 224, 0.253086, 0.264403, 0.252058, 0.230453
973, 246, 257, 246, 224, 0.252826, 0.264132, 0.252826, 0.230216
974, 246, 258, 246, 224, 0.252567, 0.264887, 0.252567, 0.229979
975, 246, 258, 246, 225, 0.252308, 0.264615, 0.252308, 0.230769
976, 247, 258, 246, 225, 0.253074, 0.264344, 0.252049, 0.230533
977, 247, 258, 246, 226, 0.252815, 0.264074, 0.251791, 0.23132
978, 247, 258, 246, 227, 0.252556, 0.263804, 0.251534, 0.232106
979, 247, 258, 246, 228, 0.252298, 0.263534, 0.251277, 0.232891
980, 247, 259, 246, 228, 0.252041, 0.264286, 0.25102, 0.232653
981, 247, 260, 246, 228, 0.251784, 0.265036, 0.250765, 0.232416
982, 247, 260, 247, 228, 0.251527, 0.264766, 0.251527, 0.232179
983, 247, 261, 247, 228, 0.251272, 0.265514, 0.251272, 0.231943
984, 248, 261, 247, 228, 0.252033, 0.265244, 0.251016, 0.231707
985, 248, 262, 247, 228, 0.251777, 0.26599, 0.250761, 0.231472
986, 248, 263, 247, 228, 0.251521, 0.266734, 0.250507, 0.231237
987, 248, 263, 247, 229, 0.251266, 0.266464, 0.250253, 0.232016
988, 248, 263, 247, 230, 0.251012, 0.266194, 0.25, 0.232794
989, 248, 263, 248, 230, 0.250758, 0.265925, 0.250758, 0.232558
990, 248, 264, 248, 230, 0.250505, 0.266667, 0.250505, 0.232323
991, 248, 264, 249, 230, 0.250252, 0.266398, 0.251261, 0.232089
992, 249, 264, 249, 230, 0.251008, 0.266129, 0.251008, 0.231855
993, 250, 264, 249, 230, 0.251762, 0.265861, 0.250755, 0.231621
994, 250, 264, 249, 231, 0.251509, 0.265594, 0.250503, 0.232394
995, 250, 265, 249, 231, 0.251256, 0.266332, 0.250251, 0.232161
996, 250, 265, 249, 232, 0.251004, 0.266064, 0.25, 0.232932
997, 250, 266, 249, 232, 0.250752, 0.2668, 0.249749, 0.232698
998, 250, 267, 249, 232, 0.250501, 0.267535, 0.249499, 0.232465
999, 250, 267, 249, 233, 0.25025, 0.267267, 0.249249, 0.233233
1000, 251, 267, 249, 233, 0.251, 0.267, 0.249, 0.233
1001, 251, 267, 250, 233, 0.250749, 0.266733, 0.24975, 0.232767
1002, 252, 267, 250, 233, 0.251497, 0.266467, 0.249501, 0.232535
1003, 252, 267, 250, 234, 0.251246, 0.266201, 0.249252, 0.2333
1004, 252, 267, 251, 234, 0.250996, 0.265936, 0.25, 0.233068
1005, 253, 267, 251, 234, 0.251741, 0.265672, 0.249751, 0.232836
1006, 254, 267, 251, 234, 0.252485, 0.265408, 0.249503, 0.232604
1007, 255, 267, 251, 234, 0.253227, 0.265144, 0.249255, 0.232373
1008, 256, 267, 251, 234, 0.253968, 0.264881, 0.249008, 0.232143
1009, 256, 267, 251, 235, 0.253717, 0.264618, 0.248761, 0.232904
1010, 256, 267, 252, 235, 0.253465, 0.264356, 0.249505, 0.232673
1011, 256, 267, 253, 235, 0.253215, 0.264095, 0.250247, 0.232443
1012, 256, 267, 253, 236, 0.252964, 0.263834, 0.25, 0.233202
1013, 256, 267, 254, 236, 0.252715, 0.263574, 0.25074, 0.232971
1014, 256, 267, 254, 237, 0.252465, 0.263314, 0.250493, 0.233728
1015, 256, 268, 254, 237, 0.252217, 0.264039, 0.250246, 0.233498
1016, 256, 268, 254, 238, 0.251969, 0.26378, 0.25, 0.234252
1017, 256, 269, 254, 238, 0.251721, 0.264503, 0.249754, 0.234022
1018, 256, 269, 254, 239, 0.251473, 0.264244, 0.249509, 0.234774
1019, 257, 269, 254, 239, 0.252208, 0.263984, 0.249264, 0.234544
1020, 257, 270, 254, 239, 0.251961, 0.264706, 0.24902, 0.234314
1021, 257, 270, 255, 239, 0.251714, 0.264447, 0.249755, 0.234084
1022, 258, 270, 255, 239, 0.252446, 0.264188, 0.249511, 0.233855
1023, 258, 270, 255, 240, 0.252199, 0.26393, 0.249267, 0.234604
1024, 258, 271, 255, 240, 0.251953, 0.264648, 0.249023, 0.234375
1025, 258, 271, 256, 240, 0.251707, 0.26439, 0.249756, 0.234146
1026, 258, 271, 257, 240, 0.251462, 0.264133, 0.250487, 0.233918
1027, 259, 271, 257, 240, 0.252191, 0.263875, 0.250243, 0.23369
1028, 259, 271, 258, 240, 0.251946, 0.263619, 0.250973, 0.233463
1029, 259, 272, 258, 240, 0.251701, 0.264334, 0.250729, 0.233236
1030, 259, 272, 258, 241, 0.251456, 0.264078, 0.250485, 0.233981
1031, 259, 272, 259, 241, 0.251212, 0.263822, 0.251212, 0.233754
1032, 259, 273, 259, 241, 0.250969, 0.264535, 0.250969, 0.233527
1033, 259, 273, 260, 241, 0.250726, 0.264279, 0.251694, 0.233301
1034, 259, 273, 261, 241, 0.250484, 0.264023, 0.252418, 0.233075
1035, 259, 274, 261, 241, 0.250242, 0.264734, 0.252174, 0.23285
1036, 259, 274, 262, 241, 0.25, 0.264479, 0.252896, 0.232625
1037, 259, 275, 262, 241, 0.249759, 0.265188, 0.252652, 0.232401
1038, 259, 276, 262, 241, 0.249518, 0.265896, 0.252408, 0.232177
1039, 260, 276, 262, 241, 0.250241, 0.26564, 0.252166, 0.231954
1040, 260, 276, 263, 241, 0.25, 0.265385, 0.252885, 0.231731
1041, 261, 276, 263, 241, 0.25072, 0.26513, 0.252642, 0.231508
1042, 262, 276, 263, 241, 0.25144, 0.264875, 0.252399, 0.231286
1043, 263, 276, 263, 241, 0.252157, 0.264621, 0.252157, 0.231064
1044, 263, 277, 263, 241, 0.251916, 0.265326, 0.251916, 0.230843
1045, 264, 277, 263, 241, 0.252632, 0.265072, 0.251675, 0.230622
1046, 264, 277, 264, 241, 0.25239, 0.264818, 0.25239, 0.230402
1047, 264, 278, 264, 241, 0.252149, 0.265521, 0.252149, 0.230181
1048, 264, 278, 264, 242, 0.251908, 0.265267, 0.251908, 0.230916
1049, 264, 279, 264, 242, 0.251668, 0.265968, 0.251668, 0.230696
1050, 264, 280, 264, 242, 0.251429, 0.266667, 0.251429, 0.230476
1051, 264, 280, 264, 243, 0.251189, 0.266413, 0.251189, 0.231208
1052, 265, 280, 264, 243, 0.251901, 0.26616, 0.250951, 0.230989
1053, 265, 280, 265, 243, 0.251662, 0.265907, 0.251662, 0.230769
1054, 265, 280, 265, 244, 0.251423, 0.265655, 0.251423, 0.231499
1055, 265, 281, 265, 244, 0.251185, 0.266351, 0.251185, 0.23128
1056, 265, 282, 265, 244, 0.250947, 0.267045, 0.250947, 0.231061
1057, 265, 282, 266, 244, 0.25071, 0.266793, 0.251656, 0.230842
1058, 265, 282, 266, 245, 0.250473, 0.266541, 0.251418, 0.231569
1059, 265, 282, 267, 245, 0.250236, 0.266289, 0.252125, 0.23135
1060, 265, 282, 267, 246, 0.25, 0.266038, 0.251887, 0.232075
1061, 265, 283, 267, 246, 0.249764, 0.26673, 0.251649, 0.231857
1062, 265, 283, 267, 247, 0.249529, 0.266478, 0.251412, 0.23258
1063, 265, 283, 267, 248, 0.249294, 0.266228, 0.251176, 0.233302
1064, 266, 283, 267, 248, 0.25, 0.265977, 0.25094, 0.233083
1065, 266, 284, 267, 248, 0.249765, 0.266667, 0.250704, 0.232864
1066, 267, 284, 267, 248, 0.250469, 0.266417, 0.250469, 0.232645
1067, 267, 285, 267, 248, 0.250234, 0.267104, 0.250234, 0.232427
1068, 268, 285, 267, 248, 0.250936, 0.266854, 0.25, 0.23221
1069, 268, 286, 267, 248, 0.250702, 0.26754, 0.249766, 0.231993
1070, 268, 287, 267, 248, 0.250467, 0.268224, 0.249533, 0.231776
1071, 269, 287, 267, 248, 0.251167, 0.267974, 0.2493, 0.231559
1072, 270, 287, 267, 248, 0.251866, 0.267724, 0.249067, 0.231343
1073, 270, 287, 267, 249, 0.251631, 0.267474, 0.248835, 0.23206
1074, 270, 287, 268, 249, 0.251397, 0.267225, 0.249534, 0.231844
1075, 270, 287, 268, 250, 0.251163, 0.266977, 0.249302, 0.232558
1076, 270, 288, 268, 250, 0.250929, 0.267658, 0.249071, 0.232342
1077, 270, 288, 268, 251, 0.250696, 0.267409, 0.248839, 0.233055
1078, 271, 288, 268, 251, 0.251391, 0.267161, 0.248609, 0.232839
1079, 272, 288, 268, 251, 0.252085, 0.266914, 0.248378, 0.232623
1080, 272, 289, 268, 251, 0.251852, 0.267593, 0.248148, 0.232407
1081, 272, 290, 268, 251, 0.251619, 0.26827, 0.247919, 0.232192
1082, 272, 290, 269, 251, 0.251386, 0.268022, 0.248614, 0.231978
1083, 273, 290, 269, 251, 0.252078, 0.267775, 0.248384, 0.231764
1084, 273, 291, 269, 251, 0.251845, 0.26845, 0.248155, 0.23155
1085, 273, 291, 269, 252, 0.251613, 0.268203, 0.247926, 0.232258
1086, 273, 291, 270, 252, 0.251381, 0.267956, 0.248619, 0.232044
1087, 274, 291, 270, 252, 0.25207, 0.267709, 0.24839, 0.231831
1088, 274, 291, 271, 252, 0.251838, 0.267463, 0.249081, 0.231618
1089, 275, 291, 271, 252, 0.252525, 0.267218, 0.248852, 0.231405
1090, 275, 291, 271, 253, 0.252294, 0.266972, 0.248624, 0.23211
1091, 275, 291, 271, 254, 0.252062, 0.266728, 0.248396, 0.232814
1092, 276, 291, 271, 254, 0.252747, 0.266484, 0.248168, 0.232601
1093, 276, 291, 271, 255, 0.252516, 0.26624, 0.247941, 0.233303
1094, 276, 291, 271, 256, 0.252285, 0.265996, 0.247715, 0.234004
1095, 276, 291, 272, 256, 0.252055, 0.265753, 0.248402, 0.23379
1096, 277, 291, 272, 256, 0.252737, 0.265511, 0.248175, 0.233577
1097, 277, 291, 273, 256, 0.252507, 0.265269, 0.248861, 0.233364
1098, 277, 292, 273, 256, 0.252277, 0.265938, 0.248634, 0.233151
1099, 278, 292, 273, 256, 0.252957, 0.265696, 0.248408, 0.232939
1100, 279, 292, 273, 256, 0.253636, 0.265455, 0.248182, 0.232727
1101, 279, 292, 273, 257, 0.253406, 0.265213, 0.247956, 0.233424
1102, 280, 292, 273, 257, 0.254083, 0.264973, 0.247731, 0.233212
1103, 280, 292, 274, 257, 0.253853, 0.264733, 0.248413, 0.233001
1104, 280, 292, 274, 258, 0.253623, 0.264493, 0.248188, 0.233696
1105, 281, 292, 274, 258, 0.254299, 0.264253, 0.247964, 0.233484
1106, 281, 292, 274, 259, 0.254069, 0.264014, 0.24774, 0.234177
1107, 282, 292, 274, 259, 0.254743, 0.263776, 0.247516, 0.233966
1108, 282, 293, 274, 259, 0.254513, 0.26444, 0.247292, 0.233755
1109, 282, 293, 275, 259, 0.254283, 0.264202, 0.247971, 0.233544
1110, 282, 293, 275, 260, 0.254054, 0.263964, 0.247748, 0.234234
1111, 283, 293, 275, 260, 0.254725, 0.263726, 0.247525, 0.234023
1112, 284, 293, 275, 260, 0.255396, 0.263489, 0.247302, 0.233813
1113, 284, 293, 276, 260, 0.255166, 0.263252, 0.247978, 0.233603
1114, 284, 294, 276, 260, 0.254937, 0.263914, 0.247756, 0.233393
1115, 284, 295, 276, 260, 0.254709, 0.264574, 0.247534, 0.233184
1116, 285, 295, 276, 260, 0.255376, 0.264337, 0.247312, 0.232975
1117, 285, 296, 276, 260, 0.255148, 0.264996, 0.24709, 0.232766
1118, 285, 297, 276, 260, 0.254919, 0.265653, 0.246869, 0.232558
1119, 285, 298, 276, 260, 0.254692, 0.266309, 0.246649, 0.23235
1120, 286, 298, 276, 260, 0.255357, 0.266071, 0.246429, 0.232143
1121, 286, 298, 277, 260, 0.255129, 0.265834, 0.247101, 0.231936
1122, 286, 299, 277, 260, 0.254902, 0.266488, 0.246881, 0.231729
1123, 286, 299, 278, 260, 0.254675, 0.266251, 0.247551, 0.231523
1124, 286, 300, 278, 260, 0.254448, 0.266904, 0.247331, 0.231317
1125, 286, 300, 278, 261, 0.254222, 0.266667, 0.247111, 0.232
1126, 286, 300, 279, 261, 0.253996, 0.26643, 0.24778, 0.231794
1127, 286, 300, 280, 261, 0.253771, 0.266193, 0.248447, 0.231588
1128, 286, 300, 280, 262, 0.253546, 0.265957, 0.248227, 0.23227
1129, 287, 300, 280, 262, 0.254207, 0.265722, 0.248007, 0.232064
1130, 287, 300, 281, 262, 0.253982, 0.265487, 0.248673, 0.231858
1131, 287, 300, 282, 262, 0.253758, 0.265252, 0.249337, 0.231653
1132, 287, 301, 282, 262, 0.253534, 0.265901, 0.249117, 0.231449
1133, 287, 301, 283, 262, 0.25331, 0.265666, 0.249779, 0.231244
1134, 287, 302, 283, 262, 0.253086, 0.266314, 0.249559, 0.231041
1135, 287, 303, 283, 262, 0.252863, 0.26696, 0.249339, 0.230837
1136, 287, 303, 283, 263, 0.252641, 0.266725, 0.24912, 0.231514
1137, 288, 303, 283, 263, 0.253298, 0.266491, 0.248901, 0.23131
1138, 288, 303, 284, 263, 0.253076, 0.266257, 0.249561, 0.231107
1139, 288, 304, 284, 263, 0.252853, 0.266901, 0.249342, 0.230904
1140, 289, 304, 284, 263, 0.253509, 0.266667, 0.249123, 0.230702
1141, 289, 304, 284, 264, 0.253287, 0.266433, 0.248904, 0.231376
1142, 289, 304, 284, 265, 0.253065, 0.2662, 0.248687, 0.232049
1143, 289, 304, 285, 265, 0.252843, 0.265967, 0.249344, 0.231846
1144, 289, 305, 285, 265, 0.252622, 0.266608, 0.249126, 0.231643
1145, 289, 306, 285, 265, 0.252402, 0.267249, 0.248908, 0.231441
1146, 289, 306, 286, 265, 0.252182, 0.267016, 0.249564, 0.231239
1147, 290, 306, 286, 265, 0.252833, 0.266783, 0.249346, 0.231037
1148, 290, 306, 286, 266, 0.252613, 0.266551, 0.249129, 0.231707
1149, 290, 306, 286, 267, 0.252393, 0.266319, 0.248912, 0.232376
1150, 290, 306, 287, 267, 0.252174, 0.266087, 0.249565, 0.232174
1151, 290, 306, 288, 267, 0.251955, 0.265856, 0.250217, 0.231972
1152, 290, 306, 288, 268, 0.251736, 0.265625, 0.25, 0.232639
1153, 290, 307, 288, 268, 0.251518, 0.266262, 0.249783, 0.232437
1154, 290, 308, 288, 268, 0.2513, 0.266898, 0.249567, 0.232236
1155, 291, 308, 288, 268, 0.251948, 0.266667, 0.249351, 0.232035
1156, 292, 308, 288, 268, 0.252595, 0.266436, 0.249135, 0.231834
1157, 292, 308, 289, 268, 0.252377, 0.266206, 0.249784, 0.231634
1158, 292, 308, 289, 269, 0.252159, 0.265976, 0.249568, 0.232297
1159, 292, 309, 289, 269, 0.251941, 0.266609, 0.249353, 0.232097
1160, 292, 309, 290, 269, 0.251724, 0.266379, 0.25, 0.231897
1161, 293, 309, 290, 269, 0.252369, 0.26615, 0.249785, 0.231697
1162, 294, 309, 290, 269, 0.253012, 0.265921, 0.24957, 0.231497
1163, 294, 309, 290, 270, 0.252794, 0.265692, 0.249355, 0.232158
1164, 294, 310, 290, 270, 0.252577, 0.266323, 0.249141, 0.231959
1165, 294, 311, 290, 270, 0.252361, 0.266953, 0.248927, 0.23176
1166, 294, 312, 290, 270, 0.252144, 0.267581, 0.248714, 0.231561
1167, 294, 313, 290, 270, 0.251928, 0.268209, 0.2485, 0.231362
1168, 294, 314, 290, 270, 0.251712, 0.268836, 0.248288, 0.231164
1169, 294, 314, 291, 270, 0.251497, 0.268606, 0.248931, 0.230967
1170, 294, 315, 291, 270, 0.251282, 0.269231, 0.248718, 0.230769
1171, 294, 315, 291, 271, 0.251067, 0.269001, 0.248506, 0.231426
1172, 295, 315, 291, 271, 0.251706, 0.268771, 0.248294, 0.231229
1173, 295, 315, 291, 272, 0.251492, 0.268542, 0.248082, 0.231884
1174, 295, 316, 291, 272, 0.251278, 0.269165, 0.247871, 0.231687
1175, 295, 316, 291, 273, 0.251064, 0.268936, 0.24766, 0.23234
1176, 295, 316, 291, 274, 0.25085, 0.268707, 0.247449, 0.232993
1177, 295, 317, 291, 274, 0.250637, 0.269329, 0.247239, 0.232795
1178, 295, 317, 292, 274, 0.250424, 0.2691, 0.247878, 0.232598
1179, 295, 318, 292, 274, 0.250212, 0.26972, 0.247668, 0.2324
1180, 295, 319, 292, 274, 0.25, 0.270339, 0.247458, 0.232203
1181, 295, 319, 293, 274, 0.249788, 0.27011, 0.248095, 0.232007
1182, 296, 319, 293, 274, 0.250423, 0.269882, 0.247885, 0.23181
1183, 296, 320, 293, 274, 0.250211, 0.270499, 0.247675, 0.231615
1184, 296, 320, 294, 274, 0.25, 0.27027, 0.248311, 0.231419
1185, 296, 320, 295, 274, 0.249789, 0.270042, 0.248945, 0.231224
1186, 296, 321, 295, 274, 0.249578, 0.270658, 0.248735, 0.231029
1187, 297, 321, 295, 274, 0.250211, 0.27043, 0.248526, 0.230834
1188, 297, 322, 295, 274, 0.25, 0.271044, 0.248316, 0.23064
1189, 297, 322, 296, 274, 0.24979, 0.270816, 0.248949, 0.230446
1190, 297, 323, 296, 274, 0.24958, 0.271429, 0.248739, 0.230252
1191, 298, 323, 296, 274, 0.25021, 0.271201, 0.248531, 0.230059
1192, 298, 323, 296, 275, 0.25, 0.270973, 0.248322, 0.230705
1193, 298, 323, 296, 276, 0.24979, 0.270746, 0.248114, 0.23135
1194, 298, 323, 297, 276, 0.249581, 0.270519, 0.248744, 0.231156
1195, 298, 323, 298, 276, 0.249372, 0.270293, 0.249372, 0.230962
1196, 298, 323, 299, 276, 0.249164, 0.270067, 0.25, 0.230769
1197, 299, 323, 299, 276, 0.249791, 0.269841, 0.249791, 0.230576
1198, 299, 323, 300, 276, 0.249583, 0.269616, 0.250417, 0.230384
1199, 300, 323, 300, 276, 0.250209, 0.269391, 0.250209, 0.230192
1200, 300, 324, 300, 276, 0.25, 0.27, 0.25, 0.23
1201, 300, 324, 300, 277, 0.249792, 0.269775, 0.249792, 0.230641
1202, 300, 324, 300, 278, 0.249584, 0.269551, 0.249584, 0.231281
1203, 300, 325, 300, 278, 0.249377, 0.270158, 0.249377, 0.231089
1204, 300, 325, 301, 278, 0.249169, 0.269934, 0.25, 0.230897
1205, 300, 325, 301, 279, 0.248963, 0.26971, 0.249793, 0.231535
1206, 300, 326, 301, 279, 0.248756, 0.270315, 0.249585, 0.231343
1207, 300, 326, 302, 279, 0.24855, 0.270091, 0.250207, 0.231152
1208, 300, 326, 303, 279, 0.248344, 0.269868, 0.250828, 0.23096
1209, 300, 327, 303, 279, 0.248139, 0.270471, 0.25062, 0.230769
1210, 301, 327, 303, 279, 0.24876, 0.270248, 0.250413, 0.230579
1211, 302, 327, 303, 279, 0.249381, 0.270025, 0.250206, 0.230388
1212, 302, 327, 304, 279, 0.249175, 0.269802, 0.250825, 0.230198
1213, 302, 327, 305, 279, 0.248969, 0.26958, 0.251443, 0.230008
1214, 303, 327, 305, 279, 0.249588, 0.269357, 0.251236, 0.229819
1215, 304, 327, 305, 279, 0.250206, 0.269136, 0.251029, 0.22963
1216, 304, 328, 305, 279, 0.25, 0.269737, 0.250822, 0.229441
1217, 304, 329, 305, 279, 0.249795, 0.270337, 0.250616, 0.229252
1218, 305, 329, 305, 279, 0.250411, 0.270115, 0.250411, 0.229064
1219, 305, 329, 306, 279, 0.250205, 0.269893, 0.251025, 0.228876
1220, 305, 329, 307, 279, 0.25, 0.269672, 0.251639, 0.228689
1221, 306, 329, 307, 279, 0.250614, 0.269451, 0.251433, 0.228501
1222, 306, 330, 307, 279, 0.250409, 0.270049, 0.251227, 0.228314
1223, 306, 331, 307, 279, 0.250204, 0.270646, 0.251022, 0.228128
1224, 306, 331, 308, 279, 0.25, 0.270425, 0.251634, 0.227941
1225, 306, 332, 308, 279, 0.249796, 0.27102, 0.251429, 0.227755
1226, 306, 332, 309, 279, 0.249592, 0.270799, 0.252039, 0.227569
1227, 306, 333, 309, 279, 0.249389, 0.271394, 0.251834, 0.227384
1228, 306, 333, 309, 280, 0.249186, 0.271173, 0.251629, 0.228013
1229, 307, 333, 309, 280, 0.249797, 0.270952, 0.251424, 0.227828
1230, 307, 333, 309, 281, 0.249593, 0.270732, 0.25122, 0.228455
1231, 307, 333, 310, 281, 0.249391, 0.270512, 0.251828, 0.22827
1232, 308, 333, 310, 281, 0.25, 0.270292, 0.251623, 0.228084
1233, 308, 333, 310, 282, 0.249797, 0.270073, 0.251419, 0.22871
1234, 308, 333, 310, 283, 0.249595, 0.269854, 0.251216, 0.229335
1235, 308, 334, 310, 283, 0.249393, 0.270445, 0.251012, 0.22915
1236, 308, 334, 311, 283, 0.249191, 0.270227, 0.251618, 0.228964
1237, 308, 335, 311, 283, 0.248989, 0.270816, 0.251415, 0.228779
1238, 308, 336, 311, 283, 0.248788, 0.271405, 0.251212, 0.228595
1239, 309, 336, 311, 283, 0.249395, 0.271186, 0.251009, 0.22841
1240, 309, 336, 312, 283, 0.249194, 0.270968, 0.251613, 0.228226
1241, 309, 337, 312, 283, 0.248993, 0.271555, 0.25141, 0.228042
1242, 310, 337, 312, 283, 0.249597, 0.271337, 0.251208, 0.227858
1243, 310, 337, 312, 284, 0.249397, 0.271118, 0.251006, 0.228479
1244, 310, 337, 312, 285, 0.249196, 0.2709, 0.250804, 0.2291
1245, 311, 337, 312, 285, 0.249799, 0.270683, 0.250602, 0.228916
1246, 311, 337, 312, 286, 0.249599, 0.270465, 0.250401, 0.229535
1247, 312, 337, 312, 286, 0.2502, 0.270249, 0.2502, 0.22935
1248, 312, 337, 313, 286, 0.25, 0.270032, 0.250801, 0.229167
1249, 313, 337, 313, 286, 0.2506, 0.269816, 0.2506, 0.228983
1250, 314, 337, 313, 286, 0.2512, 0.2696, 0.2504, 0.2288
1251, 314, 337, 314, 286, 0.250999, 0.269384, 0.250999, 0.228617
1252, 314, 337, 314, 287, 0.250799, 0.269169, 0.250799, 0.229233
1253, 315, 337, 314, 287, 0.251397, 0.268955, 0.250599, 0.22905
1254, 315, 337, 314, 288, 0.251196, 0.26874, 0.250399, 0.229665
1255, 315, 337, 314, 289, 0.250996, 0.268526, 0.250199, 0.230279
1256, 315, 337, 314, 290, 0.250796, 0.268312, 0.25, 0.230892
1257, 315, 337, 315, 290, 0.250597, 0.268099, 0.250597, 0.230708
1258, 315, 338, 315, 290, 0.250397, 0.26868, 0.250397, 0.230525
1259, 316, 338, 315, 290, 0.250993, 0.268467, 0.250199, 0.230342
1260, 316, 339, 315, 290, 0.250794, 0.269048, 0.25, 0.230159
1261, 316, 340, 315, 290, 0.250595, 0.269627, 0.249802, 0.229976
1262, 316, 340, 315, 291, 0.250396, 0.269414, 0.249604, 0.230586
1263, 316, 341, 315, 291, 0.250198, 0.269992, 0.249406, 0.230404
1264, 316, 341, 316, 291, 0.25, 0.269778, 0.25, 0.230222
1265, 316, 341, 316, 292, 0.249802, 0.269565, 0.249802, 0.23083
1266, 316, 342, 316, 292, 0.249605, 0.270142, 0.249605, 0.230648
1267, 316, 343, 316, 292, 0.249408, 0.270718, 0.249408, 0.230466
1268, 316, 343, 316, 293, 0.249211, 0.270505, 0.249211, 0.231073
1269, 316, 343, 316, 294, 0.249015, 0.270292, 0.249015, 0.231678
1270, 317, 343, 316, 294, 0.249606, 0.270079, 0.248819, 0.231496
1271, 317, 343, 317, 294, 0.24941, 0.269866, 0.24941, 0.231314
1272, 317, 343, 318, 294, 0.249214, 0.269654, 0.25, 0.231132
1273, 317, 343, 318, 295, 0.249018, 0.269442, 0.249804, 0.231736
1274, 317, 343, 318, 296, 0.248823, 0.269231, 0.249608, 0.232339
1275, 317, 343, 319, 296, 0.248627, 0.26902, 0.250196, 0.232157
1276, 317, 343, 319, 297, 0.248433, 0.268809, 0.25, 0.232759
1277, 318, 343, 319, 297, 0.249021, 0.268598, 0.249804, 0.232576
1278, 318, 344, 319, 297, 0.248826, 0.269171, 0.249609, 0.232394
1279, 319, 344, 319, 297, 0.249414, 0.26896, 0.249414, 0.232213
1280, 319, 344, 320, 297, 0.249219, 0.26875, 0.25, 0.232031
1281, 319, 344, 320, 298, 0.249024, 0.26854, 0.249805, 0.232631
1282, 319, 344, 320, 299, 0.24883, 0.268331, 0.24961, 0.233229
1283, 320, 344, 320, 299, 0.249415, 0.268122, 0.249415, 0.233048
1284, 321, 344, 320, 299, 0.25, 0.267913, 0.249221, 0.232866
1285, 321, 344, 321, 299, 0.249805, 0.267704, 0.249805, 0.232685
1286, 321, 344, 321, 300, 0.249611, 0.267496, 0.249611, 0.233281
1287, 322, 344, 321, 300, 0.250194, 0.267288, 0.249417, 0.2331
1288, 323, 344, 321, 300, 0.250776, 0.267081, 0.249224, 0.232919
1289, 324, 344, 321, 300, 0.251358, 0.266874, 0.24903, 0.232739
1290, 324, 344, 322, 300, 0.251163, 0.266667, 0.249612, 0.232558
1291, 324, 344, 323, 300, 0.250968, 0.26646, 0.250194, 0.232378
1292, 324, 344, 323, 301, 0.250774, 0.266254, 0.25, 0.232972
1293, 324, 344, 324, 301, 0.25058, 0.266048, 0.25058, 0.232792
1294, 325, 344, 324, 301, 0.251159, 0.265842, 0.250386, 0.232612
1295, 326, 344, 324, 301, 0.251737, 0.265637, 0.250193, 0.232432
1296, 326, 345, 324, 301, 0.251543, 0.266204, 0.25, 0.232253
1297, 326, 345, 324, 302, 0.251349, 0.265998, 0.249807, 0.232845
1298, 326, 345, 324, 303, 0.251156, 0.265794, 0.249615, 0.233436
1299, 327, 345, 324, 303, 0.251732, 0.265589, 0.249423, 0.233256
1300, 327, 346, 324, 303, 0.251538, 0.266154, 0.249231, 0.233077
1301, 327, 347, 324, 303, 0.251345, 0.266718, 0.249039, 0.232898
1302, 328, 347, 324, 303, 0.25192, 0.266513, 0.248848, 0.232719
1303, 328, 347, 324, 304, 0.251727, 0.266309, 0.248657, 0.233308
1304, 328, 348, 324, 304, 0.251534, 0.266871, 0.248466, 0.233129
1305, 329, 348, 324, 304, 0.252107, 0.266667, 0.248276, 0.23295
1306, 329, 349, 324, 304, 0.251914, 0.267228, 0.248086, 0.232772
1307, 330, 349, 324, 304, 0.252487, 0.267024, 0.247896, 0.232594
1308, 330, 349, 324, 305, 0.252294, 0.26682, 0.247706, 0.23318
1309, 330, 350, 324, 305, 0.252101, 0.26738, 0.247517, 0.233002
1310, 330, 351, 324, 305, 0.251908, 0.267939, 0.247328, 0.232824
1311, 330, 351, 324, 306, 0.251716, 0.267735, 0.24714, 0.23341
1312, 330, 352, 324, 306, 0.251524, 0.268293, 0.246951, 0.233232
1313, 330, 352, 325, 306, 0.251333, 0.268088, 0.247525, 0.233054
1314, 330, 352, 326, 306, 0.251142, 0.267884, 0.248097, 0.232877
1315, 330, 353, 326, 306, 0.250951, 0.268441, 0.247909, 0.2327
1316, 330, 354, 326, 306, 0.25076, 0.268997, 0.24772, 0.232523
1317, 331, 354, 326, 306, 0.251329, 0.268793, 0.247532, 0.232346
1318, 331, 355, 326, 306, 0.251138, 0.269347, 0.247344, 0.23217
1319, 331, 355, 326, 307, 0.250948, 0.269143, 0.247157, 0.232752
1320, 332, 355, 326, 307, 0.251515, 0.268939, 0.24697, 0.232576
1321, 333, 355, 326, 307, 0.252082, 0.268736, 0.246783, 0.2324
1322, 334, 355, 326, 307, 0.252648, 0.268533, 0.246596, 0.232224
1323, 334, 355, 327, 307, 0.252457, 0.26833, 0.247166, 0.232048
1324, 334, 356, 327, 307, 0.252266, 0.268882, 0.246979, 0.231873
1325, 335, 356, 327, 307, 0.25283, 0.268679, 0.246792, 0.231698
1326, 335, 356, 327, 308, 0.25264, 0.268477, 0.246606, 0.232278
1327, 335, 357, 327, 308, 0.252449, 0.269028, 0.24642, 0.232102
1328, 336, 357, 327, 308, 0.253012, 0.268825, 0.246235, 0.231928
1329, 336, 358, 327, 308, 0.252822, 0.269375, 0.24605, 0.231753
1330, 337, 358, 327, 308, 0.253383, 0.269173, 0.245865, 0.231579
1331, 338, 358, 327, 308, 0.253944, 0.268971, 0.24568, 0.231405
1332, 338, 358, 328, 308, 0.253754, 0.268769, 0.246246, 0.231231
1333, 338, 358, 328, 309, 0.253563, 0.268567, 0.246062, 0.231808
1334, 338, 358, 329, 309, 0.253373, 0.268366, 0.246627, 0.231634
1335, 339, 358, 329, 309, 0.253933, 0.268165, 0.246442, 0.231461
1336, 339, 359, 329, 309, 0.253743, 0.268713, 0.246257, 0.231287
1337, 339, 359, 330, 309, 0.253553, 0.268512, 0.246821, 0.231114
1338, 339, 359, 331, 309, 0.253363, 0.268311, 0.247384, 0.230942
1339, 339, 359, 332, 309, 0.253174, 0.268111, 0.247946, 0.230769
1340, 339, 359, 333, 309, 0.252985, 0.26791, 0.248507, 0.230597
1341, 340, 359, 333, 309, 0.253542, 0.267711, 0.248322, 0.230425
1342, 340, 359, 333, 310, 0.253353, 0.267511, 0.248137, 0.230999
1343, 340, 360, 333, 310, 0.253165, 0.268057, 0.247952, 0.230827
1344, 340, 360, 334, 310, 0.252976, 0.267857, 0.248512, 0.230655
1345, 341, 360, 334, 310, 0.253532, 0.267658, 0.248327, 0.230483
1346, 342, 360, 334, 310, 0.254086, 0.267459, 0.248143, 0.230312
1347, 342, 360, 334, 311, 0.253898, 0.267261, 0.247958, 0.230883
1348, 342, 361, 334, 311, 0.253709, 0.267804, 0.247774, 0.230712
1349, 342, 362, 334, 311, 0.253521, 0.268347, 0.247591, 0.230541
1350, 342, 362, 334, 312, 0.253333, 0.268148, 0.247407, 0.231111
1351, 342, 363, 334, 312, 0.253146, 0.26869, 0.247224, 0.23094
1352, 343, 363, 334, 312, 0.253698, 0.268491, 0.247041, 0.230769
1353, 343, 364, 334, 312, 0.253511, 0.269032, 0.246859, 0.230599
1354, 344, 364, 334, 312, 0.254062, 0.268833, 0.246677, 0.230428
1355, 344, 364, 334, 313, 0.253875, 0.268635, 0.246494, 0.230996
1356, 344, 364, 334, 314, 0.253687, 0.268437, 0.246313, 0.231563
1357, 345, 364, 334, 314, 0.254237, 0.268239, 0.246131, 0.231393
1358, 345, 365, 334, 314, 0.25405, 0.268778, 0.24595, 0.231222
1359, 345, 365, 334, 315, 0.253863, 0.26858, 0.245769, 0.231788
1360, 346, 365, 334, 315, 0.254412, 0.268382, 0.245588, 0.231618
1361, 346, 366, 334, 315, 0.254225, 0.26892, 0.245408, 0.231447
1362, 346, 367, 334, 315, 0.254038, 0.269457, 0.245228, 0.231278
1363, 346, 367, 334, 316, 0.253852, 0.269259, 0.245048, 0.231842
1364, 346, 367, 334, 317, 0.253666, 0.269062, 0.244868, 0.232405
1365, 346, 368, 334, 317, 0.25348, 0.269597, 0.244689, 0.232234
1366, 346, 368, 334, 318, 0.253294, 0.2694, 0.24451, 0.232796
1367, 346, 369, 334, 318, 0.253109, 0.269934, 0.244331, 0.232626
1368, 347, 369, 334, 318, 0.253655, 0.269737, 0.244152, 0.232456
1369, 347, 369, 334, 319, 0.25347, 0.26954, 0.243974, 0.233017
1370, 348, 369, 334, 319, 0.254015, 0.269343, 0.243796, 0.232847
1371, 349, 369, 334, 319, 0.254559, 0.269147, 0.243618, 0.232677
1372, 349, 369, 334, 320, 0.254373, 0.26895, 0.24344, 0.233236
1373, 350, 369, 334, 320, 0.254916, 0.268755, 0.243263, 0.233066
1374, 350, 369, 335, 320, 0.254731, 0.268559, 0.243814, 0.232897
1375, 350, 369, 335, 321, 0.254545, 0.268364, 0.243636, 0.233455
1376, 351, 369, 335, 321, 0.255087, 0.268169, 0.243459, 0.233285
1377, 351, 369, 336, 321, 0.254902, 0.267974, 0.244009, 0.233115
1378, 351, 369, 337, 321, 0.254717, 0.267779, 0.244557, 0.232946
1379, 351, 370, 337, 321, 0.254532, 0.26831, 0.24438, 0.232777
1380, 352, 370, 337, 321, 0.255072, 0.268116, 0.244203, 0.232609
1381, 353, 370, 337, 321, 0.255612, 0.267922, 0.244026, 0.23244
1382, 353, 370, 338, 321, 0.255427, 0.267728, 0.244573, 0.232272
1383, 353, 370, 339, 321, 0.255242, 0.267534, 0.245119, 0.232104
1384, 354, 370, 339, 321, 0.25578, 0.267341, 0.244942, 0.231936
1385, 354, 370, 340, 321, 0.255596, 0.267148, 0.245487, 0.231769
1386, 355, 370, 340, 321, 0.256133, 0.266955, 0.24531, 0.231602
1387, 355, 371, 340, 321, 0.255948, 0.267484, 0.245133, 0.231435
1388, 355, 371, 340, 322, 0.255764, 0.267291, 0.244957, 0.231988
1389, 355, 372, 340, 322, 0.25558, 0.267819, 0.24478, 0.231821
1390, 355, 372, 341, 322, 0.255396, 0.267626, 0.245324, 0.231655
1391, 355, 373, 341, 322, 0.255212, 0.268152, 0.245147, 0.231488
1392, 356, 373, 341, 322, 0.255747, 0.26796, 0.244971, 0.231322
1393, 356, 373, 342, 322, 0.255564, 0.267767, 0.245513, 0.231156
1394, 356, 374, 342, 322, 0.25538, 0.268293, 0.245337, 0.23099
1395, 356, 374, 343, 322, 0.255197, 0.2681, 0.245878, 0.230824
1396, 356, 374, 344, 322, 0.255014, 0.267908, 0.246418, 0.230659
1397, 357, 374, 344, 322, 0.255548, 0.267717, 0.246242, 0.230494
1398, 358, 374, 344, 322, 0.25608, 0.267525, 0.246066, 0.230329
1399, 358, 374, 345, 322, 0.255897, 0.267334, 0.246605, 0.230164
1400, 358, 374, 346, 322, 0.255714, 0.267143, 0.247143, 0.23
1401, 359, 374, 346, 322, 0.256246, 0.266952, 0.246966, 0.229836
1402, 359, 374, 347, 322, 0.256063, 0.266762, 0.247504, 0.229672
1403, 360, 374, 347, 322, 0.256593, 0.266572, 0.247327, 0.229508
1404, 361, 374, 347, 322, 0.257123, 0.266382, 0.247151, 0.229345
1405, 361, 374, 348, 322, 0.25694, 0.266192, 0.247687, 0.229181
1406, 362, 374, 348, 322, 0.257468, 0.266003, 0.247511, 0.229018
1407, 362, 374, 349, 322, 0.257285, 0.265814, 0.248045, 0.228856
1408, 362, 374, 350, 322, 0.257102, 0.265625, 0.24858, 0.228693
1409, 362, 374, 351, 322, 0.25692, 0.265436, 0.249113, 0.228531
1410, 363, 374, 351, 322, 0.257447, 0.265248, 0.248936, 0.228369
1411, 363, 374, 351, 323, 0.257264, 0.26506, 0.24876, 0.228916
1412, 363, 375, 351, 323, 0.257082, 0.265581, 0.248584, 0.228754
1413, 363, 375, 351, 324, 0.2569, 0.265393, 0.248408, 0.229299
1414, 363, 375, 352, 324, 0.256719, 0.265205, 0.248939, 0.229137
1415, 364, 375, 352, 324, 0.257244, 0.265018, 0.248763, 0.228975
1416, 364, 376, 352, 324, 0.257062, 0.265537, 0.248588, 0.228814
1417, 365, 376, 352, 324, 0.257586, 0.265349, 0.248412, 0.228652
1418, 365, 376, 352, 325, 0.257405, 0.265162, 0.248237, 0.229196
1419, 365, 376, 352, 326, 0.257223, 0.264975, 0.248062, 0.229739
1420, 365, 376, 353, 326, 0.257042, 0.264789, 0.248592, 0.229577
1421, 365, 376, 353, 327, 0.256861, 0.264602, 0.248417, 0.23012
1422, 365, 376, 353, 328, 0.256681, 0.264416, 0.248242, 0.230661
1423, 366, 376, 353, 328, 0.257203, 0.26423, 0.248067, 0.230499
1424, 367, 376, 353, 328, 0.257725, 0.264045, 0.247893, 0.230337
1425, 367, 377, 353, 328, 0.257544, 0.264561, 0.247719, 0.230175
1426, 367, 378, 353, 328, 0.257363, 0.265077, 0.247546, 0.230014
1427, 367, 378, 354, 328, 0.257183, 0.264891, 0.248073, 0.229853
1428, 367, 378, 355, 328, 0.257003, 0.264706, 0.248599, 0.229692
1429, 367, 378, 355, 329, 0.256823, 0.264521, 0.248425, 0.230231
1430, 367, 378, 356, 329, 0.256643, 0.264336, 0.248951, 0.23007
1431, 368, 378, 356, 329, 0.257163, 0.264151, 0.248777, 0.229909
1432, 368, 378, 357, 329, 0.256983, 0.263966, 0.249302, 0.229749
1433, 368, 378, 358, 329, 0.256804, 0.263782, 0.249826, 0.229588
1434, 369, 378, 358, 329, 0.257322, 0.263598, 0.249651, 0.229428
1435, 369, 378, 359, 329, 0.257143, 0.263415, 0.250174, 0.229268
1436, 369, 379, 359, 329, 0.256964, 0.263928, 0.25, 0.229109
1437, 369, 379, 360, 329, 0.256785, 0.263744, 0.250522, 0.228949
1438, 370, 379, 360, 329, 0.257302, 0.263561, 0.250348, 0.22879
1439, 371, 379, 360, 329, 0.257818, 0.263377, 0.250174, 0.228631
1440, 372, 379, 360, 329, 0.258333, 0.263194, 0.25, 0.228472
1441, 372, 379, 361, 329, 0.258154, 0.263012, 0.25052, 0.228314
1442, 373, 379, 361, 329, 0.258669, 0.262829, 0.250347, 0.228155
1443, 374, 379, 361, 329, 0.259182, 0.262647, 0.250173, 0.227997
1444, 374, 379, 362, 329, 0.259003, 0.262465, 0.250693, 0.227839
1445, 374, 379, 362, 330, 0.258824, 0.262284, 0.250519, 0.228374
1446, 374, 379, 362, 331, 0.258645, 0.262102, 0.250346, 0.228907
1447, 374, 379, 362, 332, 0.258466, 0.261921, 0.250173, 0.22944
1448, 374, 380, 362, 332, 0.258287, 0.262431, 0.25, 0.229282
1449, 375, 380, 362, 332, 0.258799, 0.26225, 0.249827, 0.229124
1450, 376, 380, 362, 332, 0.25931, 0.262069, 0.249655, 0.228966
1451, 376, 380, 362, 333, 0.259132, 0.261888, 0.249483, 0.229497
1452, 376, 381, 362, 333, 0.258953, 0.262397, 0.249311, 0.229339
1453, 376, 381, 363, 333, 0.258775, 0.262216, 0.249828, 0.229181
1454, 376, 382, 363, 333, 0.258597, 0.262724, 0.249656, 0.229023
1455, 376, 382, 364, 333, 0.258419, 0.262543, 0.250172, 0.228866
1456, 376, 382, 365, 333, 0.258242, 0.262363, 0.250687, 0.228709
1457, 377, 382, 365, 333, 0.258751, 0.262183, 0.250515, 0.228552
1458, 378, 382, 365, 333, 0.259259, 0.262003, 0.250343, 0.228395
1459, 378, 382, 366, 333, 0.259082, 0.261823, 0.250857, 0.228239
1460, 378, 383, 366, 333, 0.258904, 0.262329, 0.250685, 0.228082
1461, 378, 384, 366, 333, 0.258727, 0.262834, 0.250513, 0.227926
1462, 378, 384, 367, 333, 0.25855, 0.262654, 0.251026, 0.22777
1463, 379, 384, 367, 333, 0.259057, 0.262474, 0.250854, 0.227614
1464, 380, 384, 367, 333, 0.259563, 0.262295, 0.250683, 0.227459
1465, 380, 385, 367, 333, 0.259386, 0.262799, 0.250512, 0.227304
1466, 380, 386, 367, 333, 0.259209, 0.263302, 0.250341, 0.227149
1467, 381, 386, 367, 333, 0.259714, 0.263122, 0.25017, 0.226994
1468, 381, 386, 367, 334, 0.259537, 0.262943, 0.25, 0.22752
1469, 381, 387, 367, 334, 0.25936, 0.263445, 0.24983, 0.227366
1470, 381, 387, 367, 335, 0.259184, 0.263265, 0.24966, 0.227891
1471, 381, 387, 367, 336, 0.259007, 0.263086, 0.24949, 0.228416
1472, 382, 387, 367, 336, 0.259511, 0.262908, 0.249321, 0.228261
1473, 382, 388, 367, 336, 0.259335, 0.263408, 0.249151, 0.228106
1474, 383, 388, 367, 336, 0.259837, 0.263229, 0.248982, 0.227951
1475, 383, 388, 367, 337, 0.259661, 0.263051, 0.248814, 0.228475
1476, 383, 388, 367, 338, 0.259485, 0.262873, 0.248645, 0.228997
1477, 384, 388, 367, 338, 0.259986, 0.262695, 0.248477, 0.228842
1478, 385, 388, 367, 338, 0.260487, 0.262517, 0.248309, 0.228687
1479, 385, 388, 368, 338, 0.260311, 0.262339, 0.248817, 0.228533
1480, 386, 388, 368, 338, 0.260811, 0.262162, 0.248649, 0.228378
1481, 386, 388, 368, 339, 0.260635, 0.261985, 0.248481, 0.228899
1482, 386, 388, 368, 340, 0.260459, 0.261808, 0.248313, 0.22942
1483, 386, 389, 368, 340, 0.260283, 0.262306, 0.248146, 0.229265
1484, 386, 390, 368, 340, 0.260108, 0.262803, 0.247978, 0.229111
1485, 386, 390, 368, 341, 0.259933, 0.262626, 0.247811, 0.22963
1486, 386, 391, 368, 341, 0.259758, 0.263122, 0.247645, 0.229475
1487, 387, 391, 368, 341, 0.260256, 0.262946, 0.247478, 0.229321
1488, 387, 391, 369, 341, 0.260081, 0.262769, 0.247984, 0.229167
1489, 387, 392, 369, 341, 0.259906, 0.263264, 0.247817, 0.229013
1490, 388, 392, 369, 341, 0.260403, 0.263087, 0.247651, 0.228859
1491, 388, 392, 369, 342, 0.260228, 0.262911, 0.247485, 0.229376
1492, 388, 392, 369, 343, 0.260054, 0.262735, 0.247319, 0.229893
1493, 388, 393, 369, 343, 0.259879, 0.263228, 0.247153, 0.229739
1494, 388, 394, 369, 343, 0.259705, 0.263722, 0.246988, 0.229585
1495, 388, 395, 369, 343, 0.259532, 0.264214, 0.246823, 0.229431
1496, 388, 395, 369, 344, 0.259358, 0.264037, 0.246658, 0.229947
1497, 388, 395, 369, 345, 0.259185, 0.263861, 0.246493, 0.230461
1498, 389, 395, 369, 345, 0.25968, 0.263685, 0.246328, 0.230307
1499, 389, 395, 369, 346, 0.259506, 0.263509, 0.246164, 0.230821
1500, 389, 395, 370, 346, 0.259333, 0.263333, 0.246667, 0.230667
1501, 389, 395, 370, 347, 0.259161, 0.263158, 0.246502, 0.231179
1502, 389, 396, 370, 347, 0.258988, 0.263648, 0.246338, 0.231025
1503, 390, 396, 370, 347, 0.259481, 0.263473, 0.246174, 0.230872
1504, 390, 396, 371, 347, 0.259309, 0.263298, 0.246676, 0.230718
1505, 390, 397, 371, 347, 0.259136, 0.263787, 0.246512, 0.230565
1506, 391, 397, 371, 347, 0.259628, 0.263612, 0.246348, 0.230412
1507, 391, 398, 371, 347, 0.259456, 0.264101, 0.246184, 0.230259
1508, 391, 399, 371, 347, 0.259284, 0.264589, 0.246021, 0.230106
1509, 391, 400, 371, 347, 0.259112, 0.265076, 0.245858, 0.229954
1510, 392, 400, 371, 347, 0.259603, 0.264901, 0.245695, 0.229801
1511, 393, 400, 371, 347, 0.260093, 0.264725, 0.245533, 0.229649
1512, 394, 400, 371, 347, 0.260582, 0.26455, 0.24537, 0.229497
1513, 394, 400, 372, 347, 0.26041, 0.264375, 0.245869, 0.229346
1514, 394, 400, 373, 347, 0.260238, 0.264201, 0.246367, 0.229194
1515, 394, 400, 373, 348, 0.260066, 0.264026, 0.246205, 0.229703
1516, 394, 401, 373, 348, 0.259894, 0.264512, 0.246042, 0.229551
1517, 394, 401, 374, 348, 0.259723, 0.264338, 0.246539, 0.2294
1518, 394, 402, 374, 348, 0.259552, 0.264822, 0.246377, 0.229249
1519, 394, 402, 375, 348, 0.259381, 0.264648, 0.246873, 0.229098
1520, 394, 402, 376, 348, 0.259211, 0.264474, 0.247368, 0.228947
1521, 394, 403, 376, 348, 0.25904, 0.264957, 0.247206, 0.228797
1522, 395, 403, 376, 348, 0.259527, 0.264783, 0.247043, 0.228647
1523, 395, 403, 376, 349, 0.259357, 0.264609, 0.246881, 0.229153
1524, 395, 403, 376, 350, 0.259186, 0.264436, 0.246719, 0.229659
1525, 395, 403, 376, 351, 0.259016, 0.264262, 0.246557, 0.230164
1526, 396, 403, 376, 351, 0.259502, 0.264089, 0.246396, 0.230013
1527, 396, 403, 377, 351, 0.259332, 0.263916, 0.246889, 0.229862
1528, 396, 403, 378, 351, 0.259162, 0.263743, 0.247382, 0.229712
1529, 396, 403, 379, 351, 0.258993, 0.263571, 0.247874, 0.229562
1530, 396, 404, 379, 351, 0.258824, 0.264052, 0.247712, 0.229412
1531, 397, 404, 379, 351, 0.259308, 0.26388, 0.247551, 0.229262
1532, 397, 404, 379, 352, 0.259138, 0.263708, 0.247389, 0.229765
1533, 397, 404, 380, 352, 0.258969, 0.263536, 0.24788, 0.229615
1534, 398, 404, 380, 352, 0.259452, 0.263364, 0.247718, 0.229465
1535, 399, 404, 380, 352, 0.259935, 0.263192, 0.247557, 0.229316
1536, 399, 404, 381, 352, 0.259766, 0.263021, 0.248047, 0.229167
1537, 400, 404, 381, 352, 0.260247, 0.26285, 0.247885, 0.229018
1538, 400, 405, 381, 352, 0.260078, 0.263329, 0.247724, 0.228869
1539, 400, 405, 381, 353, 0.259909, 0.263158, 0.247563, 0.22937
1540, 400, 406, 381, 353, 0.25974, 0.263636, 0.247403, 0.229221
1541, 400, 407, 381, 353, 0.259572, 0.264114, 0.247242, 0.229072
1542, 400, 407, 382, 353, 0.259403, 0.263943, 0.24773, 0.228923
1543, 400, 408, 382, 353, 0.259235, 0.26442, 0.24757, 0.228775
1544, 400, 408, 383, 353, 0.259067, 0.264249, 0.248057, 0.228627
1545, 400, 408, 384, 353, 0.2589, 0.264078, 0.248544, 0.228479
1546, 400, 408, 384, 354, 0.258732, 0.263907, 0.248383, 0.228978
1547, 400, 408, 384, 355, 0.258565, 0.263736, 0.248222, 0.229476
1548, 400, 408, 385, 355, 0.258398, 0.263566, 0.248708, 0.229328
1549, 400, 408, 386, 355, 0.258231, 0.263396, 0.249193, 0.22918
1550, 400, 408, 387, 355, 0.258065, 0.263226, 0.249677, 0.229032
1551, 400, 408, 388, 355, 0.257898, 0.263056, 0.250161, 0.228885
1552, 401, 408, 388, 355, 0.258376, 0.262887, 0.25, 0.228737
1553, 401, 408, 389, 355, 0.25821, 0.262717, 0.250483, 0.22859
1554, 401, 408, 389, 356, 0.258044, 0.262548, 0.250322, 0.229086
1555, 401, 408, 390, 356, 0.257878, 0.262379, 0.250804, 0.228939
1556, 401, 409, 390, 356, 0.257712, 0.262853, 0.250643, 0.228792
1557, 402, 409, 390, 356, 0.258189, 0.262685, 0.250482, 0.228645
1558, 402, 409, 391, 356, 0.258023, 0.262516, 0.250963, 0.228498
1559, 402, 409, 391, 357, 0.257858, 0.262348, 0.250802, 0.228993
1560, 402, 409, 391, 358, 0.257692, 0.262179, 0.250641, 0.229487
1561, 402, 410, 391, 358, 0.257527, 0.262652, 0.25048, 0.22934
1562, 402, 411, 391, 358, 0.257362, 0.263124, 0.25032, 0.229193
1563, 402, 412, 391, 358, 0.257198, 0.263596, 0.25016, 0.229047
1564, 402, 413, 391, 358, 0.257033, 0.264066, 0.25, 0.2289
1565, 402, 414, 391, 358, 0.256869, 0.264537, 0.24984, 0.228754
1566, 402, 414, 391, 359, 0.256705, 0.264368, 0.249681, 0.229246
1567, 403, 414, 391, 359, 0.257179, 0.264199, 0.249521, 0.2291
1568, 403, 414, 392, 359, 0.257015, 0.264031, 0.25, 0.228954
1569, 403, 414, 392, 360, 0.256851, 0.263862, 0.249841, 0.229446
1570, 403, 414, 393, 360, 0.256688, 0.263694, 0.250318, 0.229299
1571, 403, 414, 394, 360, 0.256525, 0.263526, 0.250796, 0.229153
1572, 403, 414, 394, 361, 0.256361, 0.263359, 0.250636, 0.229644
1573, 403, 414, 395, 361, 0.256198, 0.263191, 0.251113, 0.229498
1574, 403, 414, 396, 361, 0.256036, 0.263024, 0.251588, 0.229352
1575, 403, 414, 397, 361, 0.255873, 0.262857, 0.252063, 0.229206
1576, 403, 415, 397, 361, 0.255711, 0.263325, 0.251904, 0.229061
1577, 403, 415, 398, 361, 0.255549, 0.263158, 0.252378, 0.228916
1578, 403, 415, 399, 361, 0.255387, 0.262991, 0.252852, 0.228771
1579, 403, 415, 400, 361, 0.255225, 0.262825, 0.253325, 0.228626
1580, 404, 415, 400, 361, 0.255696, 0.262658, 0.253165, 0.228481
1581, 405, 415, 400, 361, 0.256167, 0.262492, 0.253004, 0.228336
1582, 405, 415, 400, 362, 0.256005, 0.262326, 0.252845, 0.228824
1583, 405, 415, 400, 363, 0.255843, 0.26216, 0.252685, 0.229311
1584, 405, 415, 401, 363, 0.255682, 0.261995, 0.253157, 0.229167
1585, 405, 416, 401, 363, 0.255521, 0.262461, 0.252997, 0.229022
1586, 405, 416, 401, 364, 0.255359, 0.262295, 0.252837, 0.229508
1587, 406, 416, 401, 364, 0.255829, 0.26213, 0.252678, 0.229364
1588, 407, 416, 401, 364, 0.256297, 0.261965, 0.252519, 0.229219
1589, 408, 416, 401, 364, 0.256765, 0.2618, 0.25236, 0.229075
1590, 409, 416, 401, 364, 0.257233, 0.261635, 0.252201, 0.228931
1591, 409, 417, 401, 364, 0.257071, 0.262099, 0.252043, 0.228787
1592, 409, 417, 402, 364, 0.25691, 0.261935, 0.252513, 0.228643
1593, 409, 417, 403, 364, 0.256748, 0.26177, 0.252982, 0.2285
1594, 409, 418, 403, 364, 0.256587, 0.262233, 0.252823, 0.228356
1595, 410, 418, 403, 364, 0.257053, 0.262069, 0.252665, 0.228213
1596, 411, 418, 403, 364, 0.257519, 0.261905, 0.252506, 0.22807
1597, 411, 419, 403, 364, 0.257358, 0.262367, 0.252348, 0.227927
1598, 412, 419, 403, 364, 0.257822, 0.262203, 0.25219, 0.227785
1599, 412, 419, 403, 365, 0.257661, 0.262039, 0.252033, 0.228268
1600, 412, 419, 403, 366, 0.2575, 0.261875, 0.251875, 0.22875
1601, 412, 419, 403, 367, 0.257339, 0.261711, 0.251718, 0.229232
1602, 413, 419, 403, 367, 0.257803, 0.261548, 0.251561, 0.229089
1603, 413, 419, 403, 368, 0.257642, 0.261385, 0.251404, 0.22957
1604, 413, 419, 403, 369, 0.257481, 0.261222, 0.251247, 0.23005
1605, 413, 419, 403, 370, 0.257321, 0.261059, 0.25109, 0.23053
1606, 413, 420, 403, 370, 0.257161, 0.261519, 0.250934, 0.230386
1607, 414, 420, 403, 370, 0.257623, 0.261357, 0.250778, 0.230243
1608, 414, 420, 403, 371, 0.257463, 0.261194, 0.250622, 0.230721
1609, 414, 420, 403, 372, 0.257303, 0.261032, 0.250466, 0.2312
1610, 414, 421, 403, 372, 0.257143, 0.261491, 0.250311, 0.231056
1611, 414, 422, 403, 372, 0.256983, 0.261949, 0.250155, 0.230912
1612, 414, 422, 403, 373, 0.256824, 0.261787, 0.25, 0.23139
1613, 414, 422, 403, 374, 0.256665, 0.261624, 0.249845, 0.231866
1614, 414, 423, 403, 374, 0.256506, 0.262082, 0.24969, 0.231722
1615, 415, 423, 403, 374, 0.256966, 0.26192, 0.249536, 0.231579
1616, 416, 423, 403, 374, 0.257426, 0.261757, 0.249381, 0.231436
1617, 416, 424, 403, 374, 0.257267, 0.262214, 0.249227, 0.231293
1618, 416, 425, 403, 374, 0.257108, 0.26267, 0.249073, 0.23115
1619, 417, 425, 403, 374, 0.257566, 0.262508, 0.248919, 0.231007
1620, 418, 425, 403, 374, 0.258025, 0.262346, 0.248765, 0.230864
1621, 419, 425, 403, 374, 0.258482, 0.262184, 0.248612, 0.230722
1622, 419, 425, 403, 375, 0.258323, 0.262022, 0.248459, 0.231196
1623, 419, 425, 403, 376, 0.258164, 0.261861, 0.248306, 0.23167
1624, 419, 426, 403, 376, 0.258005, 0.262315, 0.248153, 0.231527
1625, 419, 426, 404, 376, 0.257846, 0.262154, 0.248615, 0.231385
1626, 419, 426, 404, 377, 0.257688, 0.261993, 0.248462, 0.231857
1627, 420, 426, 404, 377, 0.258144, 0.261832, 0.24831, 0.231715
1628, 421, 426, 404, 377, 0.2586, 0.261671, 0.248157, 0.231572
1629, 421, 426, 405, 377, 0.258441, 0.26151, 0.248619, 0.23143
1630, 422, 426, 405, 377, 0.258896, 0.26135, 0.248466, 0.231288
1631, 422, 427, 405, 377, 0.258737, 0.261803, 0.248314, 0.231147
1632, 423, 427, 405, 377, 0.259191, 0.261642, 0.248162, 0.231005
1633, 424, 427, 405, 377, 0.259645, 0.261482, 0.24801, 0.230863
1634, 424, 428, 405, 377, 0.259486, 0.261934, 0.247858, 0.230722
1635, 424, 429, 405, 377, 0.259327, 0.262385, 0.247706, 0.230581
1636, 424, 429, 405, 378, 0.259169, 0.262225, 0.247555, 0.231051
1637, 425, 429, 405, 378, 0.259621, 0.262065, 0.247404, 0.23091
1638, 425, 429, 406, 378, 0.259463, 0.261905, 0.247863, 0.230769
1639, 425, 429, 407, 378, 0.259304, 0.261745, 0.248322, 0.230628
1640, 425, 429, 407, 379, 0.259146, 0.261585, 0.248171, 0.231098
1641, 425, 429, 408, 379, 0.258988, 0.261426, 0.248629, 0.230957
1642, 425, 430, 408, 379, 0.258831, 0.261876, 0.248477, 0.230816
1643, 426, 430, 408, 379, 0.259282, 0.261716, 0.248326, 0.230676
1644, 427, 430, 408, 379, 0.259732, 0.261557, 0.248175, 0.230535
1645, 427, 430, 408, 380, 0.259574, 0.261398, 0.248024, 0.231003
1646, 427, 430, 409, 380, 0.259417, 0.261239, 0.248481, 0.230863
1647, 427, 431, 409, 380, 0.259259, 0.261688, 0.24833, 0.230723
1648, 427, 431, 410, 380, 0.259102, 0.261529, 0.248786, 0.230583
1649, 427, 432, 410, 380, 0.258945, 0.261977, 0.248636, 0.230443
1650, 427, 432, 411, 380, 0.258788, 0.261818, 0.249091, 0.230303
1651, 427, 432, 412, 380, 0.258631, 0.26166, 0.249546, 0.230164
1652, 428, 432, 412, 380, 0.25908, 0.261501, 0.249395, 0.230024
1653, 428, 433, 412, 380, 0.258923, 0.261948, 0.249244, 0.229885
1654, 428, 433, 412, 381, 0.258767, 0.26179, 0.249093, 0.230351
1655, 428, 433, 412, 382, 0.25861, 0.261631, 0.248943, 0.230816
1656, 428, 433, 413, 382, 0.258454, 0.261473, 0.249396, 0.230676
1657, 428, 433, 414, 382, 0.258298, 0.261316, 0.249849, 0.230537
1658, 428, 434, 414, 382, 0.258142, 0.261761, 0.249698, 0.230398
1659, 429, 434, 414, 382, 0.25859, 0.261603, 0.249548, 0.230259
1660, 429, 434, 414, 383, 0.258434, 0.261446, 0.249398, 0.230723
1661, 430, 434, 414, 383, 0.25888, 0.261288, 0.249247, 0.230584
1662, 430, 435, 414, 383, 0.258724, 0.261733, 0.249097, 0.230445
1663, 430, 435, 415, 383, 0.258569, 0.261575, 0.249549, 0.230307
1664, 430, 436, 415, 383, 0.258413, 0.262019, 0.249399, 0.230168
1665, 431, 436, 415, 383, 0.258859, 0.261862, 0.249249, 0.23003
1666, 431, 436, 416, 383, 0.258703, 0.261705, 0.2497, 0.229892
1667, 431, 436, 416, 384, 0.258548, 0.261548, 0.24955, 0.230354
1668, 431, 436, 417, 384, 0.258393, 0.261391, 0.25, 0.230216
1669, 431, 436, 417, 385, 0.258238, 0.261234, 0.24985, 0.230677
1670, 431, 436, 417, 386, 0.258084, 0.261078, 0.249701, 0.231138
1671, 431, 436, 418, 386, 0.257929, 0.260922, 0.25015, 0.230999
1672, 432, 436, 418, 386, 0.258373, 0.260766, 0.25, 0.230861
1673, 432, 437, 418, 386, 0.258219, 0.261207, 0.249851, 0.230723
1674, 433, 437, 418, 386, 0.258662, 0.261051, 0.249701, 0.230585
1675, 434, 437, 418, 386, 0.259104, 0.260896, 0.249552, 0.230448
1676, 435, 437, 418, 386, 0.259547, 0.26074, 0.249403, 0.23031
1677, 435, 437, 419, 386, 0.259392, 0.260584, 0.249851, 0.230173
1678, 435, 438, 419, 386, 0.259237, 0.261025, 0.249702, 0.230036
1679, 435, 439, 419, 386, 0.259083, 0.261465, 0.249553, 0.229899
1680, 436, 439, 419, 386, 0.259524, 0.26131, 0.249405, 0.229762
1681, 436, 439, 419, 387, 0.259369, 0.261154, 0.249256, 0.23022
1682, 436, 440, 419, 387, 0.259215, 0.261593, 0.249108, 0.230083
1683, 436, 440, 420, 387, 0.259061, 0.261438, 0.249554, 0.229947
1684, 437, 440, 420, 387, 0.259501, 0.261283, 0.249406, 0.22981
1685, 437, 441, 420, 387, 0.259347, 0.261721, 0.249258, 0.229674
1686, 437, 441, 421, 387, 0.259193, 0.261566, 0.249703, 0.229537
1687, 437, 442, 421, 387, 0.25904, 0.262004, 0.249555, 0.229401
1688, 437, 443, 421, 387, 0.258886, 0.262441, 0.249408, 0.229265
1689, 437, 444, 421, 387, 0.258733, 0.262877, 0.24926, 0.22913
1690, 437, 445, 421, 387, 0.25858, 0.263314, 0.249112, 0.228994
1691, 437, 446, 421, 387, 0.258427, 0.263749, 0.248965, 0.228859
1692, 437, 446, 421, 388, 0.258274, 0.263593, 0.248818, 0.229314
1693, 437, 447, 421, 388, 0.258122, 0.264028, 0.248671, 0.229179
1694, 437, 447, 422, 388, 0.257969, 0.263872, 0.249115, 0.229044
1695, 437, 447, 422, 389, 0.257817, 0.263717, 0.248968, 0.229499
1696, 438, 447, 422, 389, 0.258255, 0.263561, 0.248821, 0.229363
1697, 439, 447, 422, 389, 0.258692, 0.263406, 0.248674, 0.229228
1698, 439, 447, 422, 390, 0.258539, 0.263251, 0.248528, 0.229682
1699, 440, 447, 422, 390, 0.258976, 0.263096, 0.248381, 0.229547
1700, 440, 448, 422, 390, 0.258824, 0.263529, 0.248235, 0.229412
1701, 440, 448, 423, 390, 0.258671, 0.263374, 0.248677, 0.229277
1702, 440, 449, 423, 390, 0.258519, 0.263807, 0.248531, 0.229142
1703, 440, 449, 423, 391, 0.258368, 0.263652, 0.248385, 0.229595
1704, 440, 449, 424, 391, 0.258216, 0.263498, 0.248826, 0.22946
1705, 441, 449, 424, 391, 0.258651, 0.263343, 0.24868, 0.229326
1706, 441, 449, 424, 392, 0.258499, 0.263189, 0.248535, 0.229777
1707, 441, 449, 425, 392, 0.258348, 0.263035, 0.248975, 0.229643
1708, 442, 449, 425, 392, 0.258782, 0.262881, 0.248829, 0.229508
1709, 443, 449, 425, 392, 0.259216, 0.262727, 0.248683, 0.229374
1710, 443, 450, 425, 392, 0.259064, 0.263158, 0.248538, 0.22924
1711, 444, 450, 425, 392, 0.259497, 0.263004, 0.248393, 0.229106
1712, 444, 450, 426, 392, 0.259346, 0.26285, 0.248832, 0.228972
1713, 445, 450, 426, 392, 0.259778, 0.262697, 0.248687, 0.228838
1714, 445, 450, 427, 392, 0.259627, 0.262544, 0.249125, 0.228705
1715, 446, 450, 427, 392, 0.260058, 0.262391, 0.24898, 0.228571
1716, 446, 450, 427, 393, 0.259907, 0.262238, 0.248834, 0.229021
1717, 446, 450, 428, 393, 0.259755, 0.262085, 0.249272, 0.228888
1718, 446, 450, 428, 394, 0.259604, 0.261932, 0.249127, 0.229336
1719, 446, 451, 428, 394, 0.259453, 0.262362, 0.248982, 0.229203
1720, 446, 451, 429, 394, 0.259302, 0.262209, 0.249419, 0.22907
1721, 446, 452, 429, 394, 0.259152, 0.262638, 0.249274, 0.228937
1722, 447, 452, 429, 394, 0.259582, 0.262485, 0.249129, 0.228804
1723, 447, 452, 430, 394, 0.259431, 0.262333, 0.249565, 0.228671
1724, 448, 452, 430, 394, 0.259861, 0.262181, 0.24942, 0.228538
1725, 449, 452, 430, 394, 0.26029, 0.262029, 0.249275, 0.228406
1726, 449, 452, 431, 394, 0.260139, 0.261877, 0.24971, 0.228273
1727, 449, 453, 431, 394, 0.259988, 0.262305, 0.249566, 0.228141
1728, 449, 453, 432, 394, 0.259838, 0.262153, 0.25, 0.228009
1729, 450, 453, 432, 394, 0.260266, 0.262001, 0.249855, 0.227877
1730, 450, 453, 432, 395, 0.260116, 0.26185, 0.249711, 0.228324
1731, 450, 453, 432, 396, 0.259965, 0.261698, 0.249567, 0.228769
1732, 450, 453, 432, 397, 0.259815, 0.261547, 0.249423, 0.229215
1733, 450, 453, 432, 398, 0.259665, 0.261396, 0.249279, 0.22966
1734, 450, 453, 433, 398, 0.259516, 0.261246, 0.249712, 0.229527
1735, 451, 453, 433, 398, 0.259942, 0.261095, 0.249568, 0.229395
1736, 452, 453, 433, 398, 0.260369, 0.260945, 0.249424, 0.229263
1737, 452, 453, 433, 399, 0.260219, 0.260794, 0.24928, 0.229706
1738, 453, 453, 433, 399, 0.260644, 0.260644, 0.249137, 0.229574
1739, 453, 453, 433, 400, 0.260495, 0.260495, 0.248994, 0.230017
1740, 454, 453, 433, 400, 0.26092, 0.260345, 0.248851, 0.229885
1741, 454, 454, 433, 400, 0.26077, 0.26077, 0.248708, 0.229753
1742, 454, 454, 433, 401, 0.26062, 0.26062, 0.248565, 0.230195
1743, 454, 454, 434, 401, 0.26047, 0.26047, 0.248996, 0.230063
1744, 454, 454, 434, 402, 0.260321, 0.260321, 0.248853, 0.230505
1745, 454, 455, 434, 402, 0.260172, 0.260745, 0.248711, 0.230372
1746, 454, 455, 434, 403, 0.260023, 0.260596, 0.248568, 0.230813
1747, 454, 455, 434, 404, 0.259874, 0.260446, 0.248426, 0.231254
1748, 454, 455, 435, 404, 0.259725, 0.260297, 0.248856, 0.231121
1749, 455, 455, 435, 404, 0.260149, 0.260149, 0.248714, 0.230989
1750, 455, 456, 435, 404, 0.26, 0.260571, 0.248571, 0.230857
1751, 455, 456, 435, 405, 0.259852, 0.260423, 0.248429, 0.231296
1752, 455, 456, 436, 405, 0.259703, 0.260274, 0.248858, 0.231164
1753, 455, 457, 436, 405, 0.259555, 0.260696, 0.248716, 0.231033
1754, 455, 457, 436, 406, 0.259407, 0.260547, 0.248575, 0.231471
1755, 456, 457, 436, 406, 0.259829, 0.260399, 0.248433, 0.231339
1756, 456, 457, 437, 406, 0.259681, 0.260251, 0.248861, 0.231207
1757, 456, 457, 437, 407, 0.259533, 0.260102, 0.248719, 0.231645
1758, 457, 457, 437, 407, 0.259954, 0.259954, 0.248578, 0.231513
1759, 457, 458, 437, 407, 0.259807, 0.260375, 0.248437, 0.231381
1760, 458, 458, 437, 407, 0.260227, 0.260227, 0.248295, 0.23125
1761, 458, 458, 438, 407, 0.26008, 0.26008, 0.248722, 0.231119
1762, 458, 458, 438, 408, 0.259932, 0.259932, 0.248581, 0.231555
1763, 458, 458, 438, 409, 0.259784, 0.259784, 0.24844, 0.231991
1764, 458, 458, 439, 409, 0.259637, 0.259637, 0.248866, 0.231859
1765, 458, 459, 439, 409, 0.25949, 0.260057, 0.248725, 0.231728
1766, 458, 459, 440, 409, 0.259343, 0.259909, 0.249151, 0.231597
1767, 458, 459, 440, 410, 0.259196, 0.259762, 0.24901, 0.232032
1768, 458, 459, 441, 410, 0.25905, 0.259615, 0.249434, 0.2319
1769, 458, 459, 442, 410, 0.258903, 0.259469, 0.249859, 0.231769
1770, 458, 459, 443, 410, 0.258757, 0.259322, 0.250282, 0.231638
1771, 459, 459, 443, 410, 0.259176, 0.259176, 0.250141, 0.231508
1772, 459, 460, 443, 410, 0.259029, 0.259594, 0.25, 0.231377
1773, 459, 460, 443, 411, 0.258883, 0.259447, 0.249859, 0.23181
1774, 460, 460, 443, 411, 0.259301, 0.259301, 0.249718, 0.23168
1775, 460, 460, 443, 412, 0.259155, 0.259155, 0.249577, 0.232113
1776, 460, 460, 443, 413, 0.259009, 0.259009, 0.249437, 0.232545
1777, 460, 461, 443, 413, 0.258863, 0.259426, 0.249297, 0.232414
1778, 461, 461, 443, 413, 0.25928, 0.25928, 0.249156, 0.232283
1779, 462, 461, 443, 413, 0.259696, 0.259134, 0.249016, 0.232153
1780, 463, 461, 443, 413, 0.260112, 0.258989, 0.248876, 0.232022
1781, 463, 462, 443, 413, 0.259966, 0.259405, 0.248737, 0.231892
1782, 463, 462, 444, 413, 0.25982, 0.259259, 0.249158, 0.231762
1783, 463, 462, 445, 413, 0.259675, 0.259114, 0.249579, 0.231632
1784, 464, 462, 445, 413, 0.26009, 0.258969, 0.249439, 0.231502
1785, 465, 462, 445, 413, 0.260504, 0.258824, 0.2493, 0.231373
1786, 466, 462, 445, 413, 0.260918, 0.258679, 0.24916, 0.231243
1787, 466, 463, 445, 413, 0.260772, 0.259093, 0.249021, 0.231114
1788, 467, 463, 445, 413, 0.261186, 0.258949, 0.248881, 0.230984
1789, 467, 464, 445, 413, 0.26104, 0.259363, 0.248742, 0.230855
1790, 467, 464, 445, 414, 0.260894, 0.259218, 0.248603, 0.231285
1791, 467, 464, 446, 414, 0.260748, 0.259073, 0.249023, 0.231156
1792, 467, 464, 447, 414, 0.260603, 0.258929, 0.249442, 0.231027
1793, 467, 464, 448, 414, 0.260457, 0.258784, 0.249861, 0.230898
1794, 467, 464, 448, 415, 0.260312, 0.25864, 0.249721, 0.231327
1795, 467, 464, 449, 415, 0.260167, 0.258496, 0.250139, 0.231198
1796, 467, 464, 449, 416, 0.260022, 0.258352, 0.25, 0.231626
1797, 467, 464, 450, 416, 0.259878, 0.258208, 0.250417, 0.231497
1798, 467, 464, 450, 417, 0.259733, 0.258065, 0.250278, 0.231924
1799, 467, 464, 450, 418, 0.259589, 0.257921, 0.250139, 0.232351
1800, 468, 464, 450, 418, 0.26, 0.257778, 0.25, 0.232222
1801, 468, 464, 451, 418, 0.259856, 0.257635, 0.250416, 0.232093
1802, 468, 465, 451, 418, 0.259711, 0.258047, 0.250277, 0.231964
1803, 468, 466, 451, 418, 0.259567, 0.258458, 0.250139, 0.231836
1804, 469, 466, 451, 418, 0.259978, 0.258315, 0.25, 0.231707
1805, 470, 466, 451, 418, 0.260388, 0.258172, 0.249861, 0.231579
1806, 470, 467, 451, 418, 0.260244, 0.258583, 0.249723, 0.231451
1807, 470, 467, 451, 419, 0.2601, 0.258439, 0.249585, 0.231876
1808, 470, 467, 451, 420, 0.259956, 0.258296, 0.249447, 0.232301
1809, 470, 467, 451, 421, 0.259812, 0.258154, 0.249309, 0.232725
1810, 470, 467, 452, 421, 0.259669, 0.258011, 0.249724, 0.232597
1811, 470, 467, 453, 421, 0.259525, 0.257869, 0.250138, 0.232468
1812, 470, 467, 454, 421, 0.259382, 0.257726, 0.250552, 0.23234
1813, 471, 467, 454, 421, 0.25979, 0.257584, 0.250414, 0.232212
1814, 471, 467, 455, 421, 0.259647, 0.257442, 0.250827, 0.232084
1815, 471, 468, 455, 421, 0.259504, 0.257851, 0.250689, 0.231956
1816, 471, 469, 455, 421, 0.259361, 0.25826, 0.250551, 0.231828
1817, 472, 469, 455, 421, 0.259769, 0.258118, 0.250413, 0.231701
1818, 472, 469, 456, 421, 0.259626, 0.257976, 0.250825, 0.231573
1819, 472, 469, 456, 422, 0.259483, 0.257834, 0.250687, 0.231996
1820, 472, 469, 456, 423, 0.259341, 0.257692, 0.250549, 0.232418
1821, 472, 469, 457, 423, 0.259198, 0.257551, 0.250961, 0.23229
1822, 472, 469, 457, 424, 0.259056, 0.257409, 0.250823, 0.232711
1823, 472, 469, 457, 425, 0.258914, 0.257268, 0.250686, 0.233132
1824, 473, 469, 457, 425, 0.25932, 0.257127, 0.250548, 0.233004
1825, 474, 469, 457, 425, 0.259726, 0.256986, 0.250411, 0.232877
1826, 474, 469, 458, 425, 0.259584, 0.256846, 0.250821, 0.232749
1827, 474, 469, 459, 425, 0.259442, 0.256705, 0.251232, 0.232622
1828, 474, 469, 459, 426, 0.2593, 0.256565, 0.251094, 0.233042
1829, 475, 469, 459, 426, 0.259705, 0.256424, 0.250957, 0.232914
1830, 475, 469, 460, 426, 0.259563, 0.256284, 0.251366, 0.232787
1831, 475, 469, 461, 426, 0.259421, 0.256144, 0.251775, 0.23266
1832, 475, 469, 462, 426, 0.259279, 0.256004, 0.252183, 0.232533
1833, 475, 469, 463, 426, 0.259138, 0.255865, 0.252591, 0.232406
1834, 475, 469, 464, 426, 0.258997, 0.255725, 0.252999, 0.232279
1835, 475, 469, 465, 426, 0.258856, 0.255586, 0.253406, 0.232153
1836, 475, 469, 465, 427, 0.258715, 0.255447, 0.253268, 0.232571
1837, 475, 470, 465, 427, 0.258574, 0.255852, 0.25313, 0.232444
1838, 476, 470, 465, 427, 0.258977, 0.255713, 0.252992, 0.232318
1839, 476, 470, 465, 428, 0.258836, 0.255574, 0.252855, 0.232735
1840, 476, 470, 466, 428, 0.258696, 0.255435, 0.253261, 0.232609
1841, 476, 470, 467, 428, 0.258555, 0.255296, 0.253666, 0.232482
1842, 476, 470, 467, 429, 0.258415, 0.255157, 0.253529, 0.232899
1843, 477, 470, 467, 429, 0.258817, 0.255019, 0.253391, 0.232773
1844, 478, 470, 467, 429, 0.259219, 0.254881, 0.253254, 0.232646
1845, 478, 470, 468, 429, 0.259079, 0.254743, 0.253659, 0.23252
1846, 479, 470, 468, 429, 0.25948, 0.254605, 0.253521, 0.232394
1847, 479, 470, 468, 430, 0.259339, 0.254467, 0.253384, 0.23281
1848, 479, 470, 469, 430, 0.259199, 0.254329, 0.253788, 0.232684
1849, 479, 470, 469, 431, 0.259059, 0.254191, 0.253651, 0.233099
1850, 479, 470, 469, 432, 0.258919, 0.254054, 0.253514, 0.233514
1851, 479, 471, 469, 432, 0.258779, 0.254457, 0.253377, 0.233387
1852, 480, 471, 469, 432, 0.259179, 0.25432, 0.25324, 0.233261
1853, 480, 471, 470, 432, 0.259039, 0.254182, 0.253643, 0.233135
1854, 480, 471, 471, 432, 0.2589, 0.254045, 0.254045, 0.23301
1855, 481, 471, 471, 432, 0.259299, 0.253908, 0.253908, 0.232884
1856, 482, 471, 471, 432, 0.259698, 0.253772, 0.253772, 0.232759
1857, 482, 471, 472, 432, 0.259558, 0.253635, 0.254173, 0.232633
1858, 482, 471, 473, 432, 0.259419, 0.253498, 0.254575, 0.232508
1859, 482, 472, 473, 432, 0.259279, 0.2539, 0.254438, 0.232383
1860, 483, 472, 473, 432, 0.259677, 0.253763, 0.254301, 0.232258
1861, 483, 472, 473, 433, 0.259538, 0.253627, 0.254164, 0.232671
1862, 484, 472, 473, 433, 0.259936, 0.253491, 0.254028, 0.232546
1863, 484, 472, 474, 433, 0.259796, 0.253355, 0.254428, 0.232421
1864, 485, 472, 474, 433, 0.260193, 0.253219, 0.254292, 0.232296
1865, 486, 472, 474, 433, 0.26059, 0.253083, 0.254155, 0.232172
1866, 487, 472, 474, 433, 0.260986, 0.252947, 0.254019, 0.232047
1867, 487, 472, 475, 433, 0.260846, 0.252812, 0.254419, 0.231923
1868, 488, 472, 475, 433, 0.261242, 0.252677, 0.254283, 0.231799
1869, 488, 472, 476, 433, 0.261102, 0.252541, 0.254682, 0.231675
1870, 489, 472, 476, 433, 0.261497, 0.252406, 0.254545, 0.231551
1871, 489, 472, 477, 433, 0.261358, 0.252272, 0.254944, 0.231427
1872, 490, 472, 477, 433, 0.261752, 0.252137, 0.254808, 0.231303
1873, 491, 472, 477, 433, 0.262146, 0.252002, 0.254672, 0.23118
1874, 491, 473, 477, 433, 0.262006, 0.252401, 0.254536, 0.231057
1875, 491, 473, 478, 433, 0.261867, 0.252267, 0.254933, 0.230933
1876, 492, 473, 478, 433, 0.26226, 0.252132, 0.254797, 0.23081
1877, 492, 474, 478, 433, 0.26212, 0.252531, 0.254662, 0.230687
1878, 493, 474, 478, 433, 0.262513, 0.252396, 0.254526, 0.230564
1879, 493, 474, 479, 433, 0.262374, 0.252262, 0.254923, 0.230442
1880, 494, 474, 479, 433, 0.262766, 0.252128, 0.254787, 0.230319
1881, 494, 474, 479, 434, 0.262626, 0.251994, 0.254652, 0.230728
1882, 494, 474, 479, 435, 0.262487, 0.25186, 0.254516, 0.231137
1883, 495, 474, 479, 435, 0.262878, 0.251726, 0.254381, 0.231014
1884, 496, 474, 479, 435, 0.26327, 0.251592, 0.254246, 0.230892
1885, 496, 475, 479, 435, 0.26313, 0.251989, 0.254111, 0.230769
1886, 496, 476, 479, 435, 0.26299, 0.252386, 0.253977, 0.230647
1887, 497, 476, 479, 435, 0.263381, 0.252252, 0.253842, 0.230525
1888, 497, 476, 480, 435, 0.263242, 0.252119, 0.254237, 0.230403
1889, 497, 476, 480, 436, 0.263102, 0.251985, 0.254103, 0.23081
1890, 497, 476, 481, 436, 0.262963, 0.251852, 0.254497, 0.230688
1891, 498, 476, 481, 436, 0.263353, 0.251719, 0.254363, 0.230566
1892, 498, 476, 482, 436, 0.263214, 0.251586, 0.254757, 0.230444
1893, 498, 477, 482, 436, 0.263074, 0.251981, 0.254622, 0.230322
1894, 498, 477, 483, 436, 0.262936, 0.251848, 0.255016, 0.230201
1895, 498, 478, 483, 436, 0.262797, 0.252243, 0.254881, 0.230079
1896, 498, 478, 484, 436, 0.262658, 0.25211, 0.255274, 0.229958
1897, 498, 478, 484, 437, 0.26252, 0.251977, 0.25514, 0.230364
1898, 498, 478, 485, 437, 0.262381, 0.251844, 0.255532, 0.230242
1899, 498, 478, 485, 438, 0.262243, 0.251711, 0.255398, 0.230648
1900, 499, 478, 485, 438, 0.262632, 0.251579, 0.255263, 0.230526
1901, 499, 478, 486, 438, 0.262493, 0.251447, 0.255655, 0.230405
1902, 499, 479, 486, 438, 0.262355, 0.25184, 0.255521, 0.230284
1903, 499, 480, 486, 438, 0.262218, 0.252233, 0.255386, 0.230163
1904, 499, 480, 486, 439, 0.26208, 0.252101, 0.255252, 0.230567
1905, 500, 480, 486, 439, 0.262467, 0.251969, 0.255118, 0.230446
1906, 500, 480, 486, 440, 0.262329, 0.251836, 0.254984, 0.23085
1907, 501, 480, 486, 440, 0.262716, 0.251704, 0.254851, 0.230729
1908, 501, 480, 487, 440, 0.262579, 0.251572, 0.255241, 0.230608
1909, 502, 480, 487, 440, 0.262965, 0.251441, 0.255107, 0.230487
1910, 503, 480, 487, 440, 0.263351, 0.251309, 0.254974, 0.230366
1911, 503, 480, 488, 440, 0.263213, 0.251177, 0.255364, 0.230246
1912, 503, 481, 488, 440, 0.263075, 0.251569, 0.25523, 0.230126
1913, 504, 481, 488, 440, 0.263461, 0.251438, 0.255097, 0.230005
1914, 504, 481, 488, 441, 0.263323, 0.251306, 0.254963, 0.230408
1915, 504, 481, 488, 442, 0.263185, 0.251175, 0.25483, 0.230809
1916, 504, 481, 489, 442, 0.263048, 0.251044, 0.255219, 0.230689
1917, 504, 482, 489, 442, 0.262911, 0.251435, 0.255086, 0.230569
1918, 504, 482, 490, 442, 0.262774, 0.251303, 0.255474, 0.230448
1919, 504, 482, 491, 442, 0.262637, 0.251172, 0.255862, 0.230328
1920, 505, 482, 491, 442, 0.263021, 0.251042, 0.255729, 0.230208
1921, 505, 482, 492, 442, 0.262884, 0.250911, 0.256117, 0.230088
1922, 505, 482, 492, 443, 0.262747, 0.25078, 0.255983, 0.230489
1923, 506, 482, 492, 443, 0.263131, 0.25065, 0.25585, 0.230369
1924, 506, 482, 493, 443, 0.262994, 0.25052, 0.256237, 0.230249
1925, 506, 483, 493, 443, 0.262857, 0.250909, 0.256104, 0.23013
1926, 507, 483, 493, 443, 0.26324, 0.250779, 0.255971, 0.23001
1927, 507, 483, 493, 444, 0.263103, 0.250649, 0.255838, 0.23041
1928, 508, 483, 493, 444, 0.263485, 0.250519, 0.255705, 0.23029
1929, 509, 483, 493, 444, 0.263867, 0.250389, 0.255573, 0.230171
1930, 509, 483, 493, 445, 0.263731, 0.250259, 0.25544, 0.23057
1931, 510, 483, 493, 445, 0.264112, 0.250129, 0.255308, 0.230451
1932, 510, 483, 493, 446, 0.263975, 0.25, 0.255176, 0.230849
1933, 510, 483, 493, 447, 0.263839, 0.249871, 0.255044, 0.231247
1934, 510, 483, 493, 448, 0.263702, 0.249741, 0.254912, 0.231644
1935, 510, 483, 493, 449, 0.263566, 0.249612, 0.25478, 0.232041
1936, 510, 484, 493, 449, 0.26343, 0.25, 0.254649, 0.231921
1937, 510, 485, 493, 449, 0.263294, 0.250387, 0.254517, 0.231802
1938, 510, 485, 494, 449, 0.263158, 0.250258, 0.254902, 0.231682
1939, 510, 485, 495, 449, 0.263022, 0.250129, 0.255286, 0.231563
1940, 510, 486, 495, 449, 0.262887, 0.250515, 0.255155, 0.231443
1941, 511, 486, 495, 449, 0.263266, 0.250386, 0.255023, 0.231324
1942, 511, 486, 495, 450, 0.263131, 0.250257, 0.254892, 0.23172
1943, 512, 486, 495, 450, 0.26351, 0.250129, 0.254761, 0.231601
1944, 512, 487, 495, 450, 0.263374, 0.250514, 0.25463, 0.231481
1945, 512, 487, 495, 451, 0.263239, 0.250386, 0.254499, 0.231877
1946, 512, 487, 495, 452, 0.263104, 0.250257, 0.254368, 0.232271
1947, 512, 488, 495, 452, 0.262969, 0.250642, 0.254237, 0.232152
1948, 512, 488, 495, 453, 0.262834, 0.250513, 0.254107, 0.232546
1949, 512, 489, 495, 453, 0.262699, 0.250898, 0.253976, 0.232427
1950, 512, 490, 495, 453, 0.262564, 0.251282, 0.253846, 0.232308
1951, 513, 490, 495, 453, 0.262942, 0.251153, 0.253716, 0.232189
1952, 513, 490, 496, 453, 0.262807, 0.251025, 0.254098, 0.23207
1953, 513, 491, 496, 453, 0.262673, 0.251408, 0.253968, 0.231951
1954, 513, 491, 496, 454, 0.262538, 0.251279, 0.253838, 0.232344
1955, 513, 491, 496, 455, 0.262404, 0.251151, 0.253708, 0.232737
1956, 514, 491, 496, 455, 0.262781, 0.251022, 0.253579, 0.232618
1957, 514, 491, 497, 455, 0.262647, 0.250894, 0.25396, 0.232499
1958, 514, 492, 497, 455, 0.262513, 0.251277, 0.25383, 0.23238
1959, 515, 492, 497, 455, 0.262889, 0.251149, 0.253701, 0.232261
1960, 515, 492, 497, 456, 0.262755, 0.25102, 0.253571, 0.232653
1961, 516, 492, 497, 456, 0.263131, 0.250892, 0.253442, 0.232534
1962, 516, 492, 498, 456, 0.262997, 0.250765, 0.253823, 0.232416
1963, 516, 492, 499, 456, 0.262863, 0.250637, 0.254203, 0.232298
1964, 516, 493, 499, 456, 0.262729, 0.251018, 0.254073, 0.232179
1965, 516, 493, 500, 456, 0.262595, 0.250891, 0.254453, 0.232061
1966, 516, 494, 500, 456, 0.262462, 0.251272, 0.254323, 0.231943
1967, 516, 494, 501, 456, 0.262328, 0.251144, 0.254703, 0.231825
1968, 516, 495, 501, 456, 0.262195, 0.251524, 0.254573, 0.231707
1969, 516, 495, 502, 456, 0.262062, 0.251397, 0.254952, 0.23159
1970, 517, 495, 502, 456, 0.262437, 0.251269, 0.254822, 0.231472
1971, 517, 496, 502, 456, 0.262303, 0.251649, 0.254693, 0.231355
1972, 517, 496, 502, 457, 0.26217, 0.251521, 0.254564, 0.231744
1973, 518, 496, 502, 457, 0.262544, 0.251394, 0.254435, 0.231627
1974, 518, 496, 502, 458, 0.262411, 0.251266, 0.254306, 0.232016
1975, 519, 496, 502, 458, 0.262785, 0.251139, 0.254177, 0.231899
1976, 519, 496, 503, 458, 0.262652, 0.251012, 0.254555, 0.231781
1977, 519, 496, 504, 458, 0.262519, 0.250885, 0.254932, 0.231664
1978, 519, 496, 504, 459, 0.262386, 0.250758, 0.254803, 0.232053
1979, 519, 496, 504, 460, 0.262254, 0.250632, 0.254674, 0.232441
1980, 520, 496, 504, 460, 0.262626, 0.250505, 0.254545, 0.232323
1981, 520, 496, 504, 461, 0.262494, 0.250379, 0.254417, 0.232711
1982, 521, 496, 504, 461, 0.262866, 0.250252, 0.254289, 0.232593
1983, 521, 496, 505, 461, 0.262733, 0.250126, 0.254665, 0.232476
1984, 521, 496, 506, 461, 0.262601, 0.25, 0.25504, 0.232359
1985, 521, 496, 506, 462, 0.262469, 0.249874, 0.254912, 0.232746
1986, 521, 496, 507, 462, 0.262336, 0.249748, 0.255287, 0.232628
1987, 522, 496, 507, 462, 0.262708, 0.249623, 0.255159, 0.232511
1988, 522, 497, 507, 462, 0.262575, 0.25, 0.25503, 0.232394
1989, 522, 497, 508, 462, 0.262443, 0.249874, 0.255405, 0.232278
1990, 522, 497, 508, 463, 0.262312, 0.249749, 0.255276, 0.232663
1991, 523, 497, 508, 463, 0.262682, 0.249623, 0.255148, 0.232546
1992, 523, 497, 509, 463, 0.26255, 0.249498, 0.255522, 0.23243
1993, 523, 498, 509, 463, 0.262418, 0.249875, 0.255394, 0.232313
1994, 523, 498, 509, 464, 0.262287, 0.249749, 0.255266, 0.232698
1995, 524, 498, 509, 464, 0.262657, 0.249624, 0.255138, 0.232581
1996, 524, 499, 509, 464, 0.262525, 0.25, 0.25501, 0.232465
1997, 524, 499, 509, 465, 0.262394, 0.249875, 0.254882, 0.232849
1998, 524, 499, 510, 465, 0.262262, 0.24975, 0.255255, 0.232733
1999, 524, 500, 510, 465, 0.262131, 0.250125, 0.255128, 0.232616
2000, 524, 500, 511, 465, 0.262, 0.25, 0.2555, 0.2325
2001, 524, 501, 511, 465, 0.261869, 0.250375, 0.255372, 0.232384
2002, 524, 501, 512, 465, 0.261738, 0.25025, 0.255744, 0.232268
2003, 524, 501, 513, 465, 0.261608, 0.250125, 0.256116, 0.232152
2004, 525, 501, 513, 465, 0.261976, 0.25, 0.255988, 0.232036
2005, 525, 502, 513, 465, 0.261845, 0.250374, 0.25586, 0.23192
2006, 525, 502, 514, 465, 0.261715, 0.250249, 0.256231, 0.231805
2007, 526, 502, 514, 465, 0.262083, 0.250125, 0.256104, 0.231689
2008, 526, 502, 514, 466, 0.261952, 0.25, 0.255976, 0.232072
2009, 526, 502, 515, 466, 0.261822, 0.249876, 0.256346, 0.231956
2010, 526, 502, 516, 466, 0.261692, 0.249751, 0.256716, 0.231841
2011, 526, 502, 517, 466, 0.261561, 0.249627, 0.257086, 0.231726
2012, 526, 502, 518, 466, 0.261431, 0.249503, 0.257455, 0.23161
2013, 526, 503, 518, 466, 0.261302, 0.249876, 0.257327, 0.231495
2014, 526, 503, 518, 467, 0.261172, 0.249752, 0.2572, 0.231877
2015, 526, 504, 518, 467, 0.261042, 0.250124, 0.257072, 0.231762
2016, 526, 504, 519, 467, 0.260913, 0.25, 0.25744, 0.231647
2017, 526, 505, 519, 467, 0.260783, 0.250372, 0.257313, 0.231532
2018, 526, 505, 520, 467, 0.260654, 0.250248, 0.257681, 0.231417
2019, 526, 506, 520, 467, 0.260525, 0.250619, 0.257553, 0.231303
2020, 526, 506, 521, 467, 0.260396, 0.250495, 0.257921, 0.231188
2021, 526, 507, 521, 467, 0.260267, 0.250866, 0.257793, 0.231074
2022, 526, 508, 521, 467, 0.260138, 0.251236, 0.257666, 0.230959
2023, 526, 509, 521, 467, 0.26001, 0.251607, 0.257538, 0.230845
2024, 527, 509, 521, 467, 0.260375, 0.251482, 0.257411, 0.230731
2025, 528, 509, 521, 467, 0.260741, 0.251358, 0.257284, 0.230617
2026, 528, 509, 521, 468, 0.260612, 0.251234, 0.257157, 0.230997
2027, 528, 509, 522, 468, 0.260483, 0.25111, 0.257523, 0.230883
2028, 528, 510, 522, 468, 0.260355, 0.251479, 0.257396, 0.230769
2029, 528, 510, 523, 468, 0.260227, 0.251355, 0.257762, 0.230655
2030, 529, 510, 523, 468, 0.260591, 0.251232, 0.257635, 0.230542
2031, 529, 511, 523, 468, 0.260463, 0.2516, 0.257509, 0.230428
2032, 529, 512, 523, 468, 0.260335, 0.251969, 0.257382, 0.230315
2033, 529, 512, 523, 469, 0.260207, 0.251845, 0.257255, 0.230694
2034, 530, 512, 523, 469, 0.26057, 0.251721, 0.257129, 0.23058
2035, 530, 513, 523, 469, 0.260442, 0.252088, 0.257002, 0.230467
2036, 531, 513, 523, 469, 0.260806, 0.251965, 0.256876, 0.230354
2037, 531, 514, 523, 469, 0.260677, 0.252332, 0.25675, 0.230241
2038, 531, 514, 523, 470, 0.26055, 0.252208, 0.256624, 0.230618
2039, 531, 515, 523, 470, 0.260422, 0.252575, 0.256498, 0.230505
2040, 532, 515, 523, 470, 0.260784, 0.252451, 0.256373, 0.230392
2041, 532, 515, 523, 471, 0.260657, 0.252327, 0.256247, 0.230769
2042, 532, 515, 524, 471, 0.260529, 0.252204, 0.256611, 0.230656
2043, 532, 515, 524, 472, 0.260401, 0.25208, 0.256486, 0.231033
2044, 532, 515, 524, 473, 0.260274, 0.251957, 0.25636, 0.231409
2045, 532, 515, 524, 474, 0.260147, 0.251834, 0.256235, 0.231785
2046, 532, 515, 524, 475, 0.26002, 0.251711, 0.256109, 0.23216
2047, 532, 515, 525, 475, 0.259893, 0.251588, 0.256473, 0.232047
2048, 532, 516, 525, 475, 0.259766, 0.251953, 0.256348, 0.231934
2049, 532, 516, 526, 475, 0.259639, 0.25183, 0.256711, 0.23182
2050, 532, 516, 527, 475, 0.259512, 0.251707, 0.257073, 0.231707
2051, 532, 516, 527, 476, 0.259386, 0.251585, 0.256948, 0.232082
2052, 532, 517, 527, 476, 0.259259, 0.251949, 0.256823, 0.231969
2053, 532, 518, 527, 476, 0.259133, 0.252314, 0.256698, 0.231856
2054, 532, 518, 528, 476, 0.259007, 0.252191, 0.257059, 0.231743
2055, 532, 518, 528, 477, 0.258881, 0.252068, 0.256934, 0.232117
2056, 532, 518, 529, 477, 0.258755, 0.251946, 0.257296, 0.232004
2057, 532, 518, 530, 477, 0.258629, 0.251823, 0.257657, 0.231891
2058, 533, 518, 530, 477, 0.258989, 0.251701, 0.257532, 0.231778
2059, 534, 518, 530, 477, 0.259349, 0.251578, 0.257407, 0.231666
2060, 535, 518, 530, 477, 0.259709, 0.251456, 0.257282, 0.231553
2061, 536, 518, 530, 477, 0.260068, 0.251334, 0.257157, 0.231441
2062, 536, 519, 530, 477, 0.259942, 0.251697, 0.257032, 0.231329
2063, 536, 519, 530, 478, 0.259816, 0.251575, 0.256907, 0.231701
2064, 536, 519, 531, 478, 0.25969, 0.251453, 0.257267, 0.231589
2065, 536, 519, 531, 479, 0.259564, 0.251332, 0.257143, 0.231961
2066, 536, 519, 532, 479, 0.259439, 0.25121, 0.257502, 0.231849
2067, 536, 519, 533, 479, 0.259313, 0.251089, 0.257862, 0.231737
2068, 537, 519, 533, 479, 0.259671, 0.250967, 0.257737, 0.231625
2069, 537, 519, 533, 480, 0.259546, 0.250846, 0.257612, 0.231996
2070, 538, 519, 533, 480, 0.259903, 0.250725, 0.257488, 0.231884
2071, 538, 520, 533, 480, 0.259778, 0.251086, 0.257364, 0.231772
2072, 538, 520, 533, 481, 0.259653, 0.250965, 0.257239, 0.232143
2073, 538, 520, 534, 481, 0.259527, 0.250844, 0.257598, 0.232031
2074, 538, 520, 535, 481, 0.259402, 0.250723, 0.257956, 0.231919
2075, 538, 520, 536, 481, 0.259277, 0.250602, 0.258313, 0.231807
2076, 538, 520, 537, 481, 0.259152, 0.250482, 0.258671, 0.231696
2077, 538, 520, 537, 482, 0.259027, 0.250361, 0.258546, 0.232065
2078, 538, 520, 537, 483, 0.258903, 0.250241, 0.258422, 0.232435
2079, 539, 520, 537, 483, 0.259259, 0.25012, 0.258297, 0.232323
2080, 539, 520, 537, 484, 0.259135, 0.25, 0.258173, 0.232692
2081, 540, 520, 537, 484, 0.259491, 0.24988, 0.258049, 0.23258
2082, 541, 520, 537, 484, 0.259846, 0.24976, 0.257925, 0.232469
2083, 541, 521, 537, 484, 0.259722, 0.25012, 0.257801, 0.232357
2084, 541, 521, 537, 485, 0.259597, 0.25, 0.257678, 0.232726
2085, 542, 521, 537, 485, 0.259952, 0.24988, 0.257554, 0.232614
2086, 542, 521, 538, 485, 0.259827, 0.24976, 0.25791, 0.232502
2087, 542, 522, 538, 485, 0.259703, 0.25012, 0.257786, 0.232391
2088, 542, 522, 539, 485, 0.259579, 0.25, 0.258142, 0.23228
2089, 542, 523, 539, 485, 0.259454, 0.250359, 0.258018, 0.232169
2090, 542, 523, 539, 486, 0.25933, 0.250239, 0.257895, 0.232536
2091, 542, 524, 539, 486, 0.259206, 0.250598, 0.257771, 0.232425
2092, 542, 525, 539, 486, 0.259082, 0.250956, 0.257648, 0.232314
2093, 542, 526, 539, 486, 0.258958, 0.251314, 0.257525, 0.232203
2094, 542, 527, 539, 486, 0.258835, 0.251671, 0.257402, 0.232092
2095, 542, 527, 540, 486, 0.258711, 0.251551, 0.257757, 0.231981
2096, 542, 527, 540, 487, 0.258588, 0.251431, 0.257634, 0.232347
2097, 542, 527, 541, 487, 0.258464, 0.251311, 0.257988, 0.232237
2098, 542, 527, 541, 488, 0.258341, 0.251192, 0.257865, 0.232602
2099, 543, 527, 541, 488, 0.258695, 0.251072, 0.257742, 0.232492
2100, 543, 528, 541, 488, 0.258571, 0.251429, 0.257619, 0.232381
2101, 543, 528, 541, 489, 0.258448, 0.251309, 0.257496, 0.232746
2102, 543, 528, 542, 489, 0.258325, 0.251189, 0.25785, 0.232636
2103, 543, 528, 543, 489, 0.258203, 0.25107, 0.258203, 0.232525
2104, 543, 528, 543, 490, 0.25808, 0.250951, 0.25808, 0.23289
2105, 543, 528, 544, 490, 0.257957, 0.250831, 0.258432, 0.232779
2106, 543, 528, 545, 490, 0.257835, 0.250712, 0.258784, 0.232669
2107, 543, 528, 546, 490, 0.257712, 0.250593, 0.259136, 0.232558
2108, 543, 528, 546, 491, 0.25759, 0.250474, 0.259013, 0.232922
2109, 544, 528, 546, 491, 0.257942, 0.250356, 0.25889, 0.232812
2110, 545, 528, 546, 491, 0.258294, 0.250237, 0.258768, 0.232701
2111, 545, 528, 547, 491, 0.258171, 0.250118, 0.259119, 0.232591
2112, 545, 529, 547, 491, 0.258049, 0.250473, 0.258996, 0.232481
2113, 545, 529, 547, 492, 0.257927, 0.250355, 0.258874, 0.232844
2114, 546, 529, 547, 492, 0.258278, 0.250237, 0.258751, 0.232734
2115, 546, 529, 547, 493, 0.258156, 0.250118, 0.258629, 0.233097
2116, 547, 529, 547, 493, 0.258507, 0.25, 0.258507, 0.232987
2117, 547, 529, 547, 494, 0.258385, 0.249882, 0.258385, 0.233349
2118, 547, 530, 547, 494, 0.258263, 0.250236, 0.258263, 0.233239
2119, 548, 530, 547, 494, 0.258613, 0.250118, 0.258141, 0.233129
2120, 548, 531, 547, 494, 0.258491, 0.250472, 0.258019, 0.233019
2121, 548, 531, 548, 494, 0.258369, 0.250354, 0.258369, 0.232909
2122, 548, 531, 548, 495, 0.258247, 0.250236, 0.258247, 0.23327
2123, 548, 531, 548, 496, 0.258125, 0.250118, 0.258125, 0.233632
2124, 548, 531, 549, 496, 0.258004, 0.25, 0.258475, 0.233522
2125, 548, 532, 549, 496, 0.257882, 0.250353, 0.258353, 0.233412
2126, 548, 532, 550, 496, 0.257761, 0.250235, 0.258702, 0.233302
2127, 548, 532, 550, 497, 0.25764, 0.250118, 0.25858, 0.233662
2128, 548, 533, 550, 497, 0.257519, 0.25047, 0.258459, 0.233553
2129, 549, 533, 550, 497, 0.257868, 0.250352, 0.258337, 0.233443
2130, 549, 533, 551, 497, 0.257746, 0.250235, 0.258685, 0.233333
2131, 549, 533, 551, 498, 0.257626, 0.250117, 0.258564, 0.233693
2132, 550, 533, 551, 498, 0.257974, 0.25, 0.258443, 0.233583
2133, 550, 533, 552, 498, 0.257853, 0.249883, 0.25879, 0.233474
2134, 550, 533, 553, 498, 0.257732, 0.249766, 0.259138, 0.233365
2135, 551, 533, 553, 498, 0.25808, 0.249649, 0.259016, 0.233255
2136, 551, 533, 553, 499, 0.257959, 0.249532, 0.258895, 0.233614
2137, 551, 533, 554, 499, 0.257838, 0.249415, 0.259242, 0.233505
2138, 551, 533, 554, 500, 0.257717, 0.249298, 0.259121, 0.233863
2139, 551, 533, 555, 500, 0.257597, 0.249182, 0.259467, 0.233754
2140, 551, 533, 555, 501, 0.257477, 0.249065, 0.259346, 0.234112
2141, 552, 533, 555, 501, 0.257823, 0.248949, 0.259225, 0.234003
2142, 553, 533, 555, 501, 0.25817, 0.248833, 0.259104, 0.233894
2143, 553, 534, 555, 501, 0.258049, 0.249183, 0.258983, 0.233784
2144, 553, 534, 555, 502, 0.257929, 0.249067, 0.258862, 0.234142
2145, 553, 534, 555, 503, 0.257809, 0.248951, 0.258741, 0.234499
2146, 553, 534, 556, 503, 0.257689, 0.248835, 0.259087, 0.23439
2147, 553, 534, 557, 503, 0.257569, 0.248719, 0.259432, 0.23428
2148, 553, 534, 558, 503, 0.257449, 0.248603, 0.259777, 0.234171
2149, 553, 534, 559, 503, 0.257329, 0.248488, 0.260121, 0.234062
2150, 553, 534, 560, 503, 0.257209, 0.248372, 0.260465, 0.233953
2151, 553, 534, 561, 503, 0.25709, 0.248257, 0.260809, 0.233845
2152, 553, 534, 561, 504, 0.25697, 0.248141, 0.260688, 0.234201
2153, 553, 534, 561, 505, 0.256851, 0.248026, 0.260567, 0.234556
2154, 553, 535, 561, 505, 0.256732, 0.248375, 0.260446, 0.234448
2155, 553, 535, 562, 505, 0.256613, 0.24826, 0.260789, 0.234339
2156, 553, 536, 562, 505, 0.256494, 0.248609, 0.260668, 0.23423
2157, 553, 536, 562, 506, 0.256375, 0.248493, 0.260547, 0.234585
2158, 553, 537, 562, 506, 0.256256, 0.248842, 0.260426, 0.234476
2159, 553, 538, 562, 506, 0.256137, 0.249189, 0.260306, 0.234368
2160, 553, 538, 562, 507, 0.256019, 0.249074, 0.260185, 0.234722
2161, 553, 538, 562, 508, 0.2559, 0.248959, 0.260065, 0.235076
2162, 554, 538, 562, 508, 0.256244, 0.248844, 0.259944, 0.234968
2163, 554, 539, 562, 508, 0.256126, 0.249191, 0.259824, 0.234859
2164, 555, 539, 562, 508, 0.25647, 0.249076, 0.259704, 0.23475
2165, 555, 539, 563, 508, 0.256351, 0.248961, 0.260046, 0.234642
2166, 555, 539, 563, 509, 0.256233, 0.248846, 0.259926, 0.234995
2167, 556, 539, 563, 509, 0.256576, 0.248731, 0.259806, 0.234887
2168, 556, 539, 563, 510, 0.256458, 0.248616, 0.259686, 0.23524
2169, 556, 539, 563, 511, 0.256339, 0.248502, 0.259567, 0.235592
2170, 557, 539, 563, 511, 0.256682, 0.248387, 0.259447, 0.235484
2171, 558, 539, 563, 511, 0.257024, 0.248273, 0.259327, 0.235375
2172, 559, 539, 563, 511, 0.257366, 0.248158, 0.259208, 0.235267
2173, 559, 540, 563, 511, 0.257248, 0.248504, 0.259089, 0.235159
2174, 559, 540, 563, 512, 0.25713, 0.24839, 0.25897, 0.235511
2175, 560, 540, 563, 512, 0.257471, 0.248276, 0.258851, 0.235402
2176, 561, 540, 563, 512, 0.257812, 0.248162, 0.258732, 0.235294
2177, 561, 540, 563, 513, 0.257694, 0.248048, 0.258613, 0.235645
2178, 561, 540, 564, 513, 0.257576, 0.247934, 0.258953, 0.235537
2179, 561, 540, 564, 514, 0.257458, 0.24782, 0.258834, 0.235888
2180, 562, 540, 564, 514, 0.257798, 0.247706, 0.258716, 0.23578
2181, 562, 540, 565, 514, 0.25768, 0.247593, 0.259055, 0.235672
2182, 563, 540, 565, 514, 0.25802, 0.247479, 0.258937, 0.235564
2183, 563, 541, 565, 514, 0.257902, 0.247824, 0.258818, 0.235456
2184, 563, 541, 565, 515, 0.257784, 0.247711, 0.2587, 0.235806
2185, 563, 541, 566, 515, 0.257666, 0.247597, 0.259039, 0.235698
2186, 563, 542, 566, 515, 0.257548, 0.247941, 0.25892, 0.23559
2187, 563, 542, 567, 515, 0.25743, 0.247828, 0.259259, 0.235482
2188, 563, 542, 567, 516, 0.257313, 0.247715, 0.259141, 0.235832
2189, 563, 542, 568, 516, 0.257195, 0.247602, 0.259479, 0.235724
2190, 563, 542, 569, 516, 0.257078, 0.247489, 0.259817, 0.235616
2191, 564, 542, 569, 516, 0.257417, 0.247376, 0.259699, 0.235509
2192, 565, 542, 569, 516, 0.257755, 0.247263, 0.25958, 0.235401
2193, 565, 542, 569, 517, 0.257638, 0.24715, 0.259462, 0.23575
2194, 565, 542, 570, 517, 0.257521, 0.247037, 0.259799, 0.235643
2195, 565, 542, 570, 518, 0.257403, 0.246925, 0.259681, 0.235991
2196, 565, 542, 570, 519, 0.257286, 0.246812, 0.259563, 0.236339
2197, 565, 543, 570, 519, 0.257169, 0.247155, 0.259445, 0.236231
2198, 566, 543, 570, 519, 0.257507, 0.247043, 0.259327, 0.236124
2199, 567, 543, 570, 519, 0.257844, 0.24693, 0.259209, 0.236016
2200, 567, 544, 570, 519, 0.257727, 0.247273, 0.259091, 0.235909
2201, 568, 544, 570, 519, 0.258065, 0.24716, 0.258973, 0.235802
2202, 568, 544, 570, 520, 0.257947, 0.247048, 0.258856, 0.236149
2203, 568, 544, 570, 521, 0.25783, 0.246936, 0.258738, 0.236496
2204, 568, 544, 571, 521, 0.257713, 0.246824, 0.259074, 0.236388
2205, 568, 544, 572, 521, 0.257596, 0.246712, 0.25941, 0.236281
2206, 568, 544, 573, 521, 0.25748, 0.2466, 0.259746, 0.236174
2207, 569, 544, 573, 521, 0.257816, 0.246488, 0.259628, 0.236067
2208, 569, 545, 573, 521, 0.257699, 0.24683, 0.259511, 0.23596
2209, 569, 546, 573, 521, 0.257583, 0.247171, 0.259393, 0.235853
2210, 569, 546, 574, 521, 0.257466, 0.247059, 0.259729, 0.235747
2211, 569, 547, 574, 521, 0.25735, 0.247399, 0.259611, 0.23564
2212, 569, 548, 574, 521, 0.257233, 0.24774, 0.259494, 0.235533
2213, 569, 548, 575, 521, 0.257117, 0.247628, 0.259828, 0.235427
2214, 570, 548, 575, 521, 0.257453, 0.247516, 0.259711, 0.235321
2215, 571, 548, 575, 521, 0.257788, 0.247404, 0.259594, 0.235214
2216, 571, 549, 575, 521, 0.257671, 0.247744, 0.259477, 0.235108
2217, 571, 549, 575, 522, 0.257555, 0.247632, 0.259359, 0.235453
2218, 571, 549, 576, 522, 0.257439, 0.24752, 0.259693, 0.235347
2219, 571, 550, 576, 522, 0.257323, 0.247859, 0.259576, 0.235241
2220, 571, 550, 577, 522, 0.257207, 0.247748, 0.25991, 0.235135
2221, 571, 551, 577, 522, 0.257091, 0.248086, 0.259793, 0.235029
2222, 571, 551, 577, 523, 0.256976, 0.247975, 0.259676, 0.235374
2223, 571, 551, 578, 523, 0.25686, 0.247863, 0.260009, 0.235268
2224, 572, 551, 578, 523, 0.257194, 0.247752, 0.259892, 0.235162
2225, 572, 551, 578, 524, 0.257079, 0.24764, 0.259775, 0.235506
2226, 573, 551, 578, 524, 0.257412, 0.247529, 0.259659, 0.2354
2227, 574, 551, 578, 524, 0.257746, 0.247418, 0.259542, 0.235294
2228, 575, 551, 578, 524, 0.258079, 0.247307, 0.259425, 0.235189
2229, 576, 551, 578, 524, 0.258412, 0.247196, 0.259309, 0.235083
2230, 576, 551, 578, 525, 0.258296, 0.247085, 0.259193, 0.235426
2231, 577, 551, 578, 525, 0.258628, 0.246974, 0.259077, 0.23532
2232, 578, 551, 578, 525, 0.258961, 0.246864, 0.258961, 0.235215
2233, 578, 551, 579, 525, 0.258845, 0.246753, 0.259292, 0.23511
2234, 578, 551, 579, 526, 0.258729, 0.246643, 0.259176, 0.235452
2235, 578, 551, 580, 526, 0.258613, 0.246532, 0.259508, 0.235347
2236, 578, 551, 580, 527, 0.258497, 0.246422, 0.259392, 0.235689
2237, 578, 551, 581, 527, 0.258382, 0.246312, 0.259723, 0.235583
2238, 578, 551, 582, 527, 0.258266, 0.246202, 0.260054, 0.235478
2239, 578, 552, 582, 527, 0.258151, 0.246539, 0.259937, 0.235373
2240, 578, 552, 582, 528, 0.258036, 0.246429, 0.259821, 0.235714
2241, 578, 553, 582, 528, 0.257921, 0.246765, 0.259705, 0.235609
2242, 578, 553, 583, 528, 0.257806, 0.246655, 0.260036, 0.235504
2243, 578, 553, 583, 529, 0.257691, 0.246545, 0.25992, 0.235845
2244, 579, 553, 583, 529, 0.258021, 0.246435, 0.259804, 0.23574
2245, 579, 554, 583, 529, 0.257906, 0.246771, 0.259688, 0.235635
2246, 579, 554, 583, 530, 0.257792, 0.246661, 0.259573, 0.235975
2247, 580, 554, 583, 530, 0.258122, 0.246551, 0.259457, 0.23587
2248, 580, 554, 584, 530, 0.258007, 0.246441, 0.259786, 0.235765
2249, 580, 555, 584, 530, 0.257892, 0.246776, 0.259671, 0.23566
2250, 580, 555, 584, 531, 0.257778, 0.246667, 0.259556, 0.236
2251, 580, 555, 584, 532, 0.257663, 0.246557, 0.25944, 0.236339
2252, 580, 556, 584, 532, 0.257549, 0.246892, 0.259325, 0.236234
2253, 580, 556, 585, 532, 0.257435, 0.246782, 0.259654, 0.23613
2254, 580, 557, 585, 532, 0.25732, 0.247116, 0.259539, 0.236025
2255, 580, 557, 586, 532, 0.257206, 0.247007, 0.259867, 0.23592
2256, 580, 557, 586, 533, 0.257092, 0.246897, 0.259752, 0.236259
2257, 580, 557, 587, 533, 0.256978, 0.246788, 0.26008, 0.236154
2258, 580, 557, 588, 533, 0.256864, 0.246678, 0.260407, 0.23605
2259, 581, 557, 588, 533, 0.257193, 0.246569, 0.260292, 0.235945
2260, 581, 557, 588, 534, 0.25708, 0.24646, 0.260177, 0.236283
2261, 581, 558, 588, 534, 0.256966, 0.246793, 0.260062, 0.236179
2262, 581, 559, 588, 534, 0.256852, 0.247126, 0.259947, 0.236074
2263, 581, 559, 588, 535, 0.256739, 0.247017, 0.259832, 0.236412
2264, 581, 560, 588, 535, 0.256625, 0.24735, 0.259717, 0.236307
2265, 582, 560, 588, 535, 0.256954, 0.247241, 0.259603, 0.236203
2266, 582, 560, 589, 535, 0.25684, 0.247132, 0.259929, 0.236099
2267, 583, 560, 589, 535, 0.257168, 0.247022, 0.259815, 0.235995
2268, 584, 560, 589, 535, 0.257496, 0.246914, 0.2597, 0.235891
2269, 585, 560, 589, 535, 0.257823, 0.246805, 0.259586, 0.235787
2270, 585, 561, 589, 535, 0.257709, 0.247137, 0.259471, 0.235683
2271, 586, 561, 589, 535, 0.258036, 0.247028, 0.259357, 0.235579
2272, 586, 562, 589, 535, 0.257923, 0.247359, 0.259243, 0.235475
2273, 586, 562, 589, 536, 0.257809, 0.24725, 0.259129, 0.235812
2274, 586, 562, 589, 537, 0.257696, 0.247142, 0.259015, 0.236148
2275, 586, 562, 589, 538, 0.257582, 0.247033, 0.258901, 0.236484
2276, 586, 562, 590, 538, 0.257469, 0.246924, 0.259227, 0.23638
2277, 586, 562, 590, 539, 0.257356, 0.246816, 0.259113, 0.236715
2278, 586, 562, 590, 540, 0.257243, 0.246708, 0.258999, 0.23705
2279, 586, 563, 590, 540, 0.25713, 0.247038, 0.258885, 0.236946
2280, 587, 563, 590, 540, 0.257456, 0.24693, 0.258772, 0.236842
2281, 588, 563, 590, 540, 0.257782, 0.246822, 0.258658, 0.236738
2282, 588, 563, 591, 540, 0.257669, 0.246713, 0.258983, 0.236635
2283, 588, 563, 592, 540, 0.257556, 0.246605, 0.259308, 0.236531
2284, 589, 563, 592, 540, 0.257881, 0.246497, 0.259194, 0.236427
2285, 589, 564, 592, 540, 0.257768, 0.246827, 0.259081, 0.236324
2286, 590, 564, 592, 540, 0.258093, 0.246719, 0.258968, 0.23622
2287, 591, 564, 592, 540, 0.258417, 0.246611, 0.258854, 0.236117
2288, 591, 565, 592, 540, 0.258304, 0.246941, 0.258741, 0.236014
2289, 591, 565, 592, 541, 0.258191, 0.246833, 0.258628, 0.236348
2290, 591, 565, 593, 541, 0.258079, 0.246725, 0.258952, 0.236245
2291, 591, 565, 594, 541, 0.257966, 0.246617, 0.259275, 0.236141
2292, 592, 565, 594, 541, 0.25829, 0.24651, 0.259162, 0.236038
2293, 593, 565, 594, 541, 0.258613, 0.246402, 0.259049, 0.235935
2294, 594, 565, 594, 541, 0.258936, 0.246295, 0.258936, 0.235833
2295, 594, 565, 594, 542, 0.258824, 0.246187, 0.258824, 0.236166
2296, 595, 565, 594, 542, 0.259146, 0.24608, 0.258711, 0.236063
2297, 595, 566, 594, 542, 0.259034, 0.246408, 0.258598, 0.23596
2298, 595, 566, 595, 542, 0.258921, 0.246301, 0.258921, 0.235857
2299, 595, 566, 596, 542, 0.258808, 0.246194, 0.259243, 0.235755
2300, 595, 566, 597, 542, 0.258696, 0.246087, 0.259565, 0.235652
2301, 595, 566, 598, 542, 0.258583, 0.24598, 0.259887, 0.23555
2302, 595, 566, 599, 542, 0.258471, 0.245873, 0.260209, 0.235447
2303, 596, 566, 599, 542, 0.258793, 0.245766, 0.260096, 0.235345
2304, 596, 566, 599, 543, 0.258681, 0.24566, 0.259983, 0.235677
2305, 597, 566, 599, 543, 0.259002, 0.245553, 0.25987, 0.235575
2306, 597, 567, 599, 543, 0.25889, 0.24588, 0.259757, 0.235473
2307, 597, 567, 600, 543, 0.258778, 0.245774, 0.260078, 0.235371
2308, 597, 567, 601, 543, 0.258666, 0.245667, 0.260399, 0.235269
2309, 598, 567, 601, 543, 0.258987, 0.245561, 0.260286, 0.235167
2310, 598, 567, 601, 544, 0.258874, 0.245455, 0.260173, 0.235498
2311, 599, 567, 601, 544, 0.259195, 0.245348, 0.260061, 0.235396
2312, 599, 568, 601, 544, 0.259083, 0.245675, 0.259948, 0.235294
2313, 599, 569, 601, 544, 0.258971, 0.246001, 0.259836, 0.235192
2314, 599, 569, 602, 544, 0.258859, 0.245895, 0.260156, 0.235091
2315, 599, 570, 602, 544, 0.258747, 0.24622, 0.260043, 0.234989
2316, 600, 570, 602, 544, 0.259067, 0.246114, 0.259931, 0.234888
2317, 601, 570, 602, 544, 0.259387, 0.246008, 0.259819, 0.234786
2318, 601, 570, 602, 545, 0.259275, 0.245902, 0.259707, 0.235116
2319, 602, 570, 602, 545, 0.259595, 0.245796, 0.259595, 0.235015
2320, 602, 571, 602, 545, 0.259483, 0.246121, 0.259483, 0.234914
2321, 603, 571, 602, 545, 0.259802, 0.246015, 0.259371, 0.234813
2322, 603, 571, 603, 545, 0.25969, 0.245909, 0.25969, 0.234711
2323, 603, 571, 604, 545, 0.259578, 0.245803, 0.260009, 0.23461
2324, 603, 571, 605, 545, 0.259466, 0.245697, 0.260327, 0.234509
2325, 603, 572, 605, 545, 0.259355, 0.246022, 0.260215, 0.234409
2326, 604, 572, 605, 545, 0.259673, 0.245916, 0.260103, 0.234308
2327, 605, 572, 605, 545, 0.259991, 0.24581, 0.259991, 0.234207
2328, 605, 572, 606, 545, 0.25988, 0.245704, 0.260309, 0.234107
2329, 606, 572, 606, 545, 0.260198, 0.245599, 0.260198, 0.234006
2330, 606, 572, 606, 546, 0.260086, 0.245494, 0.260086, 0.234335
2331, 606, 573, 606, 546, 0.259974, 0.245817, 0.259974, 0.234234
2332, 606, 574, 606, 546, 0.259863, 0.246141, 0.259863, 0.234134
2333, 606, 574, 607, 546, 0.259751, 0.246035, 0.26018, 0.234033
2334, 606, 574, 608, 546, 0.25964, 0.24593, 0.260497, 0.233933
2335, 606, 574, 609, 546, 0.259529, 0.245824, 0.260814, 0.233833
2336, 607, 574, 609, 546, 0.259846, 0.245719, 0.260702, 0.233733
2337, 607, 574, 610, 546, 0.259735, 0.245614, 0.261018, 0.233633
2338, 607, 575, 610, 546, 0.259624, 0.245937, 0.260907, 0.233533
2339, 608, 575, 610, 546, 0.25994, 0.245832, 0.260795, 0.233433
2340, 608, 575, 611, 546, 0.259829, 0.245726, 0.261111, 0.233333
2341, 608, 575, 611, 547, 0.259718, 0.245622, 0.261, 0.233661
2342, 608, 576, 611, 547, 0.259607, 0.245944, 0.260888, 0.233561
2343, 608, 576, 612, 547, 0.259496, 0.245839, 0.261204, 0.233461
2344, 608, 576, 613, 547, 0.259386, 0.245734, 0.261519, 0.233362
2345, 608, 576, 613, 548, 0.259275, 0.245629, 0.261407, 0.233689
2346, 608, 576, 614, 548, 0.259165, 0.245524, 0.261722, 0.233589
2347, 608, 576, 615, 548, 0.259054, 0.24542, 0.262037, 0.23349
2348, 608, 576, 616, 548, 0.258944, 0.245315, 0.262351, 0.23339
2349, 609, 576, 616, 548, 0.259259, 0.245211, 0.262239, 0.233291
2350, 610, 576, 616, 548, 0.259574, 0.245106, 0.262128, 0.233191
2351, 610, 577, 616, 548, 0.259464, 0.245427, 0.262016, 0.233092
2352, 610, 578, 616, 548, 0.259354, 0.245748, 0.261905, 0.232993
2353, 610, 578, 617, 548, 0.259244, 0.245644, 0.262218, 0.232894
2354, 610, 578, 618, 548, 0.259133, 0.24554, 0.262532, 0.232795
2355, 610, 578, 619, 548, 0.259023, 0.245435, 0.262845, 0.232696
2356, 610, 578, 620, 548, 0.258913, 0.245331, 0.263158, 0.232598
2357, 610, 579, 620, 548, 0.258804, 0.245651, 0.263046, 0.232499
2358, 610, 579, 620, 549, 0.258694, 0.245547, 0.262935, 0.232824
2359, 610, 579, 621, 549, 0.258584, 0.245443, 0.263247, 0.232726
2360, 611, 579, 621, 549, 0.258898, 0.245339, 0.263136, 0.232627
2361, 612, 579, 621, 549, 0.259212, 0.245235, 0.263024, 0.232529
2362, 612, 579, 622, 549, 0.259102, 0.245131, 0.263336, 0.23243
2363, 612, 579, 623, 549, 0.258993, 0.245028, 0.263648, 0.232332
2364, 613, 579, 623, 549, 0.259306, 0.244924, 0.263536, 0.232234
2365, 613, 579, 624, 549, 0.259197, 0.24482, 0.263848, 0.232135
2366, 613, 580, 624, 549, 0.259087, 0.245139, 0.263736, 0.232037
2367, 613, 580, 625, 549, 0.258978, 0.245036, 0.264047, 0.231939
2368, 614, 580, 625, 549, 0.259291, 0.244932, 0.263936, 0.231841
2369, 614, 580, 626, 549, 0.259181, 0.244829, 0.264247, 0.231743
2370, 614, 580, 627, 549, 0.259072, 0.244726, 0.264557, 0.231646
2371, 614, 580, 628, 549, 0.258962, 0.244623, 0.264867, 0.231548
2372, 614, 580, 628, 550, 0.258853, 0.244519, 0.264755, 0.231872
2373, 614, 580, 628, 551, 0.258744, 0.244416, 0.264644, 0.232196
2374, 615, 580, 628, 551, 0.259056, 0.244313, 0.264532, 0.232098
2375, 616, 580, 628, 551, 0.259368, 0.244211, 0.264421, 0.232
2376, 616, 580, 628, 552, 0.259259, 0.244108, 0.26431, 0.232323
2377, 617, 580, 628, 552, 0.259571, 0.244005, 0.264199, 0.232225
2378, 617, 580, 629, 552, 0.259462, 0.243902, 0.264508, 0.232128
2379, 618, 580, 629, 552, 0.259773, 0.2438, 0.264397, 0.23203
2380, 618, 581, 629, 552, 0.259664, 0.244118, 0.264286, 0.231933
2381, 618, 581, 630, 552, 0.259555, 0.244015, 0.264595, 0.231835
2382, 618, 581, 630, 553, 0.259446, 0.243913, 0.264484, 0.232158
2383, 618, 581, 630, 554, 0.259337, 0.24381, 0.264373, 0.23248
2384, 618, 581, 631, 554, 0.259228, 0.243708, 0.264681, 0.232383
2385, 619, 581, 631, 554, 0.259539, 0.243606, 0.26457, 0.232285
2386, 619, 581, 632, 554, 0.25943, 0.243504, 0.264878, 0.232188
2387, 619, 582, 632, 554, 0.259321, 0.243821, 0.264767, 0.23209
2388, 620, 582, 632, 554, 0.259631, 0.243719, 0.264657, 0.231993
2389, 621, 582, 632, 554, 0.259941, 0.243617, 0.264546, 0.231896
2390, 622, 582, 632, 554, 0.260251, 0.243515, 0.264435, 0.231799
2391, 622, 582, 633, 554, 0.260142, 0.243413, 0.264743, 0.231702
2392, 622, 582, 634, 554, 0.260033, 0.243311, 0.26505, 0.231605
2393, 622, 583, 634, 554, 0.259925, 0.243627, 0.264939, 0.231509
2394, 623, 583, 634, 554, 0.260234, 0.243525, 0.264829, 0.231412
2395, 624, 583, 634, 554, 0.260543, 0.243424, 0.264718, 0.231315
2396, 624, 583, 635, 554, 0.260434, 0.243322, 0.265025, 0.231219
2397, 624, 583, 636, 554, 0.260325, 0.243221, 0.265332, 0.231122
2398, 624, 583, 637, 554, 0.260217, 0.243119, 0.265638, 0.231026
2399, 624, 584, 637, 554, 0.260108, 0.243435, 0.265527, 0.23093
2400, 624, 584, 637, 555, 0.26, 0.243333, 0.265417, 0.23125
2401, 624, 585, 637, 555, 0.259892, 0.243648, 0.265306, 0.231154
2402, 624, 586, 637, 555, 0.259784, 0.243963, 0.265196, 0.231057
2403, 624, 586, 638, 555, 0.259675, 0.243862, 0.265501, 0.230961
2404, 625, 586, 638, 555, 0.259983, 0.24376, 0.265391, 0.230865
2405, 625, 586, 639, 555, 0.259875, 0.243659, 0.265696, 0.230769
2406, 625, 586, 639, 556, 0.259767, 0.243558, 0.265586, 0.231089
2407, 625, 586, 640, 556, 0.259659, 0.243457, 0.265891, 0.230993
2408, 625, 586, 640, 557, 0.259551, 0.243355, 0.265781, 0.231312
2409, 625, 586, 641, 557, 0.259444, 0.243254, 0.266086, 0.231216
2410, 625, 586, 642, 557, 0.259336, 0.243154, 0.26639, 0.23112
2411, 626, 586, 642, 557, 0.259643, 0.243053, 0.26628, 0.231024
2412, 627, 586, 642, 557, 0.25995, 0.242952, 0.266169, 0.230929
2413, 627, 586, 642, 558, 0.259843, 0.242851, 0.266059, 0.231247
2414, 627, 587, 642, 558, 0.259735, 0.243165, 0.265949, 0.231152
2415, 627, 588, 642, 558, 0.259627, 0.243478, 0.265839, 0.231056
2416, 627, 589, 642, 558, 0.25952, 0.243791, 0.265728, 0.23096
2417, 627, 590, 642, 558, 0.259412, 0.244104, 0.265619, 0.230865
2418, 627, 591, 642, 558, 0.259305, 0.244417, 0.265509, 0.230769
2419, 627, 592, 642, 558, 0.259198, 0.244729, 0.265399, 0.230674
2420, 627, 592, 643, 558, 0.259091, 0.244628, 0.265702, 0.230579
2421, 627, 592, 643, 559, 0.258984, 0.244527, 0.265593, 0.230896
2422, 628, 592, 643, 559, 0.25929, 0.244426, 0.265483, 0.230801
2423, 628, 592, 644, 559, 0.259183, 0.244325, 0.265786, 0.230706
2424, 629, 592, 644, 559, 0.259488, 0.244224, 0.265677, 0.230611
2425, 630, 592, 644, 559, 0.259794, 0.244124, 0.265567, 0.230515
2426, 630, 593, 644, 559, 0.259687, 0.244435, 0.265458, 0.23042
2427, 630, 594, 644, 559, 0.25958, 0.244747, 0.265348, 0.230326
2428, 630, 594, 645, 559, 0.259473, 0.244646, 0.265651, 0.230231
2429, 631, 594, 645, 559, 0.259778, 0.244545, 0.265541, 0.230136
2430, 631, 594, 645, 560, 0.259671, 0.244444, 0.265432, 0.230453
2431, 631, 595, 645, 560, 0.259564, 0.244755, 0.265323, 0.230358
2432, 631, 595, 645, 561, 0.259457, 0.244655, 0.265214, 0.230674
2433, 632, 595, 645, 561, 0.259762, 0.244554, 0.265105, 0.23058
2434, 632, 595, 645, 562, 0.259655, 0.244454, 0.264996, 0.230896
2435, 632, 595, 645, 563, 0.259548, 0.244353, 0.264887, 0.231211
2436, 632, 595, 645, 564, 0.259442, 0.244253, 0.264778, 0.231527
2437, 632, 596, 645, 564, 0.259335, 0.244563, 0.26467, 0.231432
2438, 633, 596, 645, 564, 0.259639, 0.244463, 0.264561, 0.231337
2439, 633, 596, 645, 565, 0.259533, 0.244362, 0.264453, 0.231652
2440, 633, 596, 646, 565, 0.259426, 0.244262, 0.264754, 0.231557
2441, 634, 596, 646, 565, 0.25973, 0.244162, 0.264646, 0.231463
2442, 634, 596, 646, 566, 0.259623, 0.244062, 0.264537, 0.231777
2443, 634, 596, 647, 566, 0.259517, 0.243962, 0.264838, 0.231682
2444, 634, 597, 647, 566, 0.259411, 0.244272, 0.26473, 0.231588
2445, 635, 597, 647, 566, 0.259714, 0.244172, 0.264622, 0.231493
2446, 636, 597, 647, 566, 0.260016, 0.244072, 0.264513, 0.231398
2447, 636, 597, 647, 567, 0.25991, 0.243972, 0.264405, 0.231712
2448, 636, 598, 647, 567, 0.259804, 0.244281, 0.264297, 0.231618
2449, 637, 598, 647, 567, 0.260106, 0.244181, 0.264189, 0.231523
2450, 638, 598, 647, 567, 0.260408, 0.244082, 0.264082, 0.231429
2451, 638, 598, 648, 567, 0.260302, 0.243982, 0.264382, 0.231334
2452, 638, 598, 648, 568, 0.260196, 0.243883, 0.264274, 0.231648
2453, 639, 598, 648, 568, 0.260497, 0.243783, 0.264166, 0.231553
2454, 640, 598, 648, 568, 0.260799, 0.243684, 0.264059, 0.231459
2455, 640, 598, 648, 569, 0.260692, 0.243585, 0.263951, 0.231772
2456, 640, 598, 649, 569, 0.260586, 0.243485, 0.264251, 0.231678
2457, 640, 598, 650, 569, 0.26048, 0.243386, 0.26455, 0.231583
2458, 640, 598, 651, 569, 0.260374, 0.243287, 0.264849, 0.231489
2459, 640, 598, 651, 570, 0.260268, 0.243188, 0.264742, 0.231802
2460, 640, 598, 651, 571, 0.260163, 0.243089, 0.264634, 0.232114
2461, 641, 598, 651, 571, 0.260463, 0.242991, 0.264527, 0.23202
2462, 641, 598, 652, 571, 0.260357, 0.242892, 0.264825, 0.231925
2463, 641, 599, 652, 571, 0.260252, 0.243199, 0.264718, 0.231831
2464, 641, 600, 652, 571, 0.260146, 0.243506, 0.26461, 0.231737
2465, 641, 600, 652, 572, 0.260041, 0.243408, 0.264503, 0.232049
2466, 642, 600, 652, 572, 0.260341, 0.243309, 0.264396, 0.231955
2467, 642, 601, 652, 572, 0.260235, 0.243616, 0.264289, 0.231861
2468, 643, 601, 652, 572, 0.260535, 0.243517, 0.264182, 0.231767
2469, 644, 601, 652, 572, 0.260834, 0.243418, 0.264075, 0.231673
2470, 644, 601, 652, 573, 0.260729, 0.24332, 0.263968, 0.231984
2471, 644, 602, 652, 573, 0.260623, 0.243626, 0.263861, 0.23189
2472, 644, 602, 652, 574, 0.260518, 0.243528, 0.263754, 0.232201
2473, 644, 603, 652, 574, 0.260412, 0.243833, 0.263647, 0.232107
2474, 644, 603, 652, 575, 0.260307, 0.243735, 0.263541, 0.232417
2475, 644, 604, 652, 575, 0.260202, 0.24404, 0.263434, 0.232323
2476, 644, 605, 652, 575, 0.260097, 0.244346, 0.263328, 0.232229
2477, 644, 605, 653, 575, 0.259992, 0.244247, 0.263625, 0.232136
2478, 644, 606, 653, 575, 0.259887, 0.244552, 0.263519, 0.232042
2479, 645, 606, 653, 575, 0.260186, 0.244453, 0.263413, 0.231948
2480, 645, 606, 654, 575, 0.260081, 0.244355, 0.26371, 0.231855
2481, 646, 606, 654, 575, 0.260379, 0.244256, 0.263603, 0.231761
2482, 647, 606, 654, 575, 0.260677, 0.244158, 0.263497, 0.231668
2483, 648, 606, 654, 575, 0.260975, 0.24406, 0.263391, 0.231575
2484, 648, 607, 654, 575, 0.26087, 0.244364, 0.263285, 0.231481
2485, 648, 607, 655, 575, 0.260765, 0.244266, 0.263581, 0.231388
2486, 649, 607, 655, 575, 0.261062, 0.244167, 0.263475, 0.231295
2487, 650, 607, 655, 575, 0.261359, 0.244069, 0.26337, 0.231202
2488, 650, 607, 655, 576, 0.261254, 0.243971, 0.263264, 0.231511
2489, 651, 607, 655, 576, 0.261551, 0.243873, 0.263158, 0.231418
2490, 651, 608, 655, 576, 0.261446, 0.244177, 0.263052, 0.231325
2491, 652, 608, 655, 576, 0.261742, 0.244079, 0.262947, 0.231232
2492, 652, 608, 656, 576, 0.261637, 0.243981, 0.263242, 0.23114
2493, 652, 608, 656, 577, 0.261532, 0.243883, 0.263137, 0.231448
2494, 653, 608, 656, 577, 0.261828, 0.243785, 0.263031, 0.231355
2495, 653, 609, 656, 577, 0.261723, 0.244088, 0.262926, 0.231263
2496, 653, 609, 657, 577, 0.261619, 0.24399, 0.263221, 0.23117
2497, 653, 610, 657, 577, 0.261514, 0.244293, 0.263116, 0.231077
2498, 654, 610, 657, 577, 0.261809, 0.244195, 0.26301, 0.230985
2499, 655, 610, 657, 577, 0.262105, 0.244098, 0.262905, 0.230892
2500, 655, 610, 657, 578, 0.262, 0.244, 0.2628, 0.2312
2501, 655, 611, 657, 578, 0.261895, 0.244302, 0.262695, 0.231108
2502, 655, 611, 658, 578, 0.261791, 0.244205, 0.26299, 0.231015
2503, 656, 611, 658, 578, 0.262085, 0.244107, 0.262885, 0.230923
2504, 657, 611, 658, 578, 0.26238, 0.24401, 0.26278, 0.230831
2505, 657, 611, 658, 579, 0.262275, 0.243912, 0.262675, 0.231138
2506, 658, 611, 658, 579, 0.26257, 0.243815, 0.26257, 0.231045
2507, 659, 611, 658, 579, 0.262864, 0.243718, 0.262465, 0.230953
2508, 659, 611, 658, 580, 0.262759, 0.24362, 0.26236, 0.23126
2509, 659, 611, 658, 581, 0.262654, 0.243523, 0.262256, 0.231566
2510, 659, 611, 659, 581, 0.26255, 0.243426, 0.26255, 0.231474
2511, 659, 611, 659, 582, 0.262445, 0.243329, 0.262445, 0.23178
2512, 659, 612, 659, 582, 0.262341, 0.243631, 0.262341, 0.231688
2513, 660, 612, 659, 582, 0.262634, 0.243534, 0.262236, 0.231596
2514, 660, 612, 660, 582, 0.26253, 0.243437, 0.26253, 0.231504
2515, 660, 612, 661, 582, 0.262425, 0.24334, 0.262823, 0.231412
2516, 660, 612, 661, 583, 0.262321, 0.243243, 0.262719, 0.231717
2517, 661, 612, 661, 583, 0.262614, 0.243147, 0.262614, 0.231625
2518, 662, 612, 661, 583, 0.262907, 0.24305, 0.26251, 0.231533
2519, 662, 613, 661, 583, 0.262803, 0.243351, 0.262406, 0.231441
2520, 662, 613, 661, 584, 0.262698, 0.243254, 0.262302, 0.231746
2521, 662, 613, 661, 585, 0.262594, 0.243157, 0.262198, 0.232051
2522, 663, 613, 661, 585, 0.262887, 0.243061, 0.262094, 0.231959
2523, 663, 613, 661, 586, 0.262782, 0.242965, 0.26199, 0.232263
2524, 664, 613, 661, 586, 0.263074, 0.242868, 0.261886, 0.232171
2525, 664, 614, 661, 586, 0.26297, 0.243168, 0.261782, 0.232079
2526, 665, 614, 661, 586, 0.263262, 0.243072, 0.261679, 0.231987
2527, 665, 615, 661, 586, 0.263158, 0.243372, 0.261575, 0.231896
2528, 665, 616, 661, 586, 0.263054, 0.243671, 0.261472, 0.231804
2529, 665, 616, 661, 587, 0.26295, 0.243575, 0.261368, 0.232108
2530, 665, 616, 661, 588, 0.262846, 0.243478, 0.261265, 0.232411
2531, 665, 617, 661, 588, 0.262742, 0.243777, 0.261162, 0.232319
2532, 665, 618, 661, 588, 0.262638, 0.244076, 0.261058, 0.232227
2533, 665, 618, 662, 588, 0.262535, 0.243979, 0.26135, 0.232136
2534, 665, 618, 663, 588, 0.262431, 0.243883, 0.261642, 0.232044
2535, 665, 619, 663, 588, 0.262327, 0.244181, 0.261538, 0.231953
2536, 665, 619, 664, 588, 0.262224, 0.244085, 0.26183, 0.231861
2537, 665, 620, 664, 588, 0.262121, 0.244383, 0.261726, 0.23177
2538, 665, 620, 664, 589, 0.262017, 0.244287, 0.261623, 0.232072
2539, 666, 620, 664, 589, 0.262308, 0.244191, 0.26152, 0.231981
2540, 666, 621, 664, 589, 0.262205, 0.244488, 0.261417, 0.23189
2541, 666, 622, 664, 589, 0.262102, 0.244786, 0.261314, 0.231799
2542, 666, 623, 664, 589, 0.261998, 0.245083, 0.261212, 0.231707
2543, 666, 623, 665, 589, 0.261895, 0.244986, 0.261502, 0.231616
2544, 666, 624, 665, 589, 0.261792, 0.245283, 0.261399, 0.231525
2545, 666, 624, 666, 589, 0.26169, 0.245187, 0.26169, 0.231434
2546, 666, 624, 666, 590, 0.261587, 0.24509, 0.261587, 0.231736
2547, 666, 624, 666, 591, 0.261484, 0.244994, 0.261484, 0.232038
2548, 667, 624, 666, 591, 0.261774, 0.244898, 0.261381, 0.231947
2549, 667, 624, 666, 592, 0.261671, 0.244802, 0.261279, 0.232248
2550, 668, 624, 666, 592, 0.261961, 0.244706, 0.261176, 0.232157
2551, 668, 625, 666, 592, 0.261858, 0.245002, 0.261074, 0.232066
2552, 669, 625, 666, 592, 0.262147, 0.244906, 0.260972, 0.231975
2553, 670, 625, 666, 592, 0.262436, 0.24481, 0.26087, 0.231884
2554, 670, 626, 666, 592, 0.262334, 0.245106, 0.260767, 0.231793
2555, 670, 627, 666, 592, 0.262231, 0.245401, 0.260665, 0.231703
2556, 670, 628, 666, 592, 0.262128, 0.245696, 0.260563, 0.231612
2557, 670, 628, 666, 593, 0.262026, 0.2456, 0.260461, 0.231912
2558, 670, 628, 667, 593, 0.261923, 0.245504, 0.260751, 0.231822
2559, 670, 629, 667, 593, 0.261821, 0.245799, 0.260649, 0.231731
2560, 670, 630, 667, 593, 0.261719, 0.246094, 0.260547, 0.231641
2561, 671, 630, 667, 593, 0.262007, 0.245998, 0.260445, 0.23155
2562, 671, 631, 667, 593, 0.261905, 0.246292, 0.260343, 0.23146
2563, 671, 631, 668, 593, 0.261803, 0.246196, 0.260632, 0.231369
2564, 671, 631, 669, 593, 0.2617, 0.2461, 0.26092, 0.231279
2565, 672, 631, 669, 593, 0.261988, 0.246004, 0.260819, 0.231189
2566, 672, 632, 669, 593, 0.261886, 0.246298, 0.260717, 0.231099
2567, 672, 632, 670, 593, 0.261784, 0.246202, 0.261005, 0.231009
2568, 672, 632, 670, 594, 0.261682, 0.246106, 0.260903, 0.231308
2569, 672, 632, 671, 594, 0.26158, 0.24601, 0.261191, 0.231218
2570, 672, 633, 671, 594, 0.261479, 0.246304, 0.261089, 0.231128
2571, 672, 633, 672, 594, 0.261377, 0.246208, 0.261377, 0.231039
2572, 672, 634, 672, 594, 0.261275, 0.246501, 0.261275, 0.230949
2573, 673, 634, 672, 594, 0.261562, 0.246405, 0.261174, 0.230859
2574, 673, 634, 673, 594, 0.261461, 0.246309, 0.261461, 0.230769
2575, 673, 635, 673, 594, 0.261359, 0.246602, 0.261359, 0.23068
2576, 673, 635, 674, 594, 0.261258, 0.246506, 0.261646, 0.23059
2577, 673, 635, 675, 594, 0.261156, 0.246411, 0.261932, 0.230501
2578, 674, 635, 675, 594, 0.261443, 0.246315, 0.261831, 0.230411
2579, 674, 635, 675, 595, 0.261342, 0.246219, 0.261729, 0.23071
2580, 674, 635, 676, 595, 0.26124, 0.246124, 0.262016, 0.23062
2581, 674, 635, 676, 596, 0.261139, 0.246029, 0.261914, 0.230918
2582, 675, 635, 676, 596, 0.261425, 0.245933, 0.261813, 0.230829
2583, 675, 636, 676, 596, 0.261324, 0.246225, 0.261711, 0.230739
2584, 675, 636, 676, 597, 0.261223, 0.24613, 0.26161, 0.231037
2585, 676, 636, 676, 597, 0.261509, 0.246035, 0.261509, 0.230948
2586, 677, 636, 676, 597, 0.261794, 0.24594, 0.261408, 0.230858
2587, 678, 636, 676, 597, 0.26208, 0.245845, 0.261307, 0.230769
2588, 678, 637, 676, 597, 0.261978, 0.246136, 0.261206, 0.23068
2589, 678, 637, 677, 597, 0.261877, 0.246041, 0.261491, 0.230591
2590, 678, 637, 678, 597, 0.261776, 0.245946, 0.261776, 0.230502
2591, 679, 637, 678, 597, 0.262061, 0.245851, 0.261675, 0.230413
2592, 679, 637, 678, 598, 0.26196, 0.245756, 0.261574, 0.23071
2593, 679, 637, 679, 598, 0.261859, 0.245661, 0.261859, 0.230621
2594, 679, 637, 679, 599, 0.261758, 0.245567, 0.261758, 0.230918
2595, 679, 637, 679, 600, 0.261657, 0.245472, 0.261657, 0.231214
2596, 680, 637, 679, 600, 0.261941, 0.245378, 0.261556, 0.231125
2597, 681, 637, 679, 600, 0.262226, 0.245283, 0.261456, 0.231036
2598, 681, 637, 679, 601, 0.262125, 0.245189, 0.261355, 0.231332
2599, 681, 638, 679, 601, 0.262024, 0.245479, 0.261254, 0.231243
2600, 681, 638, 680, 601, 0.261923, 0.245385, 0.261538, 0.231154
2601, 681, 639, 680, 601, 0.261822, 0.245675, 0.261438, 0.231065
2602, 682, 639, 680, 601, 0.262106, 0.24558, 0.261337, 0.230976
2603, 682, 640, 680, 601, 0.262005, 0.24587, 0.261237, 0.230887
2604, 682, 641, 680, 601, 0.261905, 0.24616, 0.261137, 0.230799
2605, 682, 641, 681, 601, 0.261804, 0.246065, 0.26142, 0.23071
2606, 682, 642, 681, 601, 0.261704, 0.246355, 0.26132, 0.230622
2607, 682, 642, 682, 601, 0.261603, 0.24626, 0.261603, 0.230533
2608, 682, 642, 682, 602, 0.261503, 0.246166, 0.261503, 0.230828
2609, 682, 643, 682, 602, 0.261403, 0.246455, 0.261403, 0.23074
2610, 683, 643, 682, 602, 0.261686, 0.24636, 0.261303, 0.230651
2611, 683, 643, 682, 603, 0.261586, 0.246266, 0.261203, 0.230946
2612, 683, 644, 682, 603, 0.261485, 0.246554, 0.261103, 0.230858
2613, 683, 644, 682, 604, 0.261385, 0.24646, 0.261003, 0.231152
2614, 683, 644, 682, 605, 0.261285, 0.246366, 0.260903, 0.231446
2615, 683, 645, 682, 605, 0.261185, 0.246654, 0.260803, 0.231358
2616, 683, 645, 683, 605, 0.261086, 0.24656, 0.261086, 0.231269
2617, 684, 645, 683, 605, 0.261368, 0.246465, 0.260986, 0.231181
2618, 684, 645, 683, 606, 0.261268, 0.246371, 0.260886, 0.231474
2619, 684, 645, 684, 606, 0.261168, 0.246277, 0.261168, 0.231386
2620, 685, 645, 684, 606, 0.26145, 0.246183, 0.261069, 0.231298
2621, 685, 645, 685, 606, 0.261351, 0.246089, 0.261351, 0.231209
2622, 686, 645, 685, 606, 0.261632, 0.245995, 0.261251, 0.231121
2623, 687, 645, 685, 606, 0.261914, 0.245902, 0.261151, 0.231033
2624, 687, 646, 685, 606, 0.261814, 0.246189, 0.261052, 0.230945
2625, 687, 646, 685, 607, 0.261714, 0.246095, 0.260952, 0.231238
2626, 687, 646, 686, 607, 0.261615, 0.246002, 0.261234, 0.23115
2627, 688, 646, 686, 607, 0.261896, 0.245908, 0.261134, 0.231062
2628, 689, 646, 686, 607, 0.262177, 0.245814, 0.261035, 0.230974
2629, 690, 646, 686, 607, 0.262457, 0.245721, 0.260936, 0.230886
2630, 690, 646, 686, 608, 0.262357, 0.245627, 0.260837, 0.231179
2631, 691, 646, 686, 608, 0.262638, 0.245534, 0.260737, 0.231091
2632, 691, 647, 686, 608, 0.262538, 0.245821, 0.260638, 0.231003
2633, 691, 648, 686, 608, 0.262438, 0.246107, 0.260539, 0.230915
2634, 691, 649, 686, 608, 0.262339, 0.246393, 0.26044, 0.230828
2635, 691, 649, 687, 608, 0.262239, 0.2463, 0.260721, 0.23074
2636, 691, 649, 688, 608, 0.26214, 0.246206, 0.261002, 0.230653
2637, 691, 650, 688, 608, 0.26204, 0.246492, 0.260903, 0.230565
2638, 691, 651, 688, 608, 0.261941, 0.246778, 0.260804, 0.230478
2639, 691, 652, 688, 608, 0.261842, 0.247063, 0.260705, 0.23039
2640, 692, 652, 688, 608, 0.262121, 0.24697, 0.260606, 0.230303
2641, 692, 652, 689, 608, 0.262022, 0.246876, 0.260886, 0.230216
2642, 693, 652, 689, 608, 0.262301, 0.246783, 0.260787, 0.230129
2643, 694, 652, 689, 608, 0.26258, 0.246689, 0.260689, 0.230042
2644, 694, 652, 690, 608, 0.262481, 0.246596, 0.260968, 0.229955
2645, 695, 652, 690, 608, 0.26276, 0.246503, 0.26087, 0.229868
2646, 695, 652, 691, 608, 0.262661, 0.24641, 0.261149, 0.229781
2647, 695, 652, 692, 608, 0.262561, 0.246317, 0.261428, 0.229694
2648, 695, 652, 693, 608, 0.262462, 0.246224, 0.261707, 0.229607
2649, 695, 652, 693, 609, 0.262363, 0.246131, 0.261608, 0.229898
2650, 695, 652, 693, 610, 0.262264, 0.246038, 0.261509, 0.230189
2651, 695, 653, 693, 610, 0.262165, 0.246322, 0.261411, 0.230102
2652, 695, 653, 694, 610, 0.262066, 0.246229, 0.261689, 0.230015
2653, 695, 654, 694, 610, 0.261968, 0.246513, 0.261591, 0.229928
2654, 695, 654, 694, 611, 0.261869, 0.24642, 0.261492, 0.230219
2655, 695, 655, 694, 611, 0.26177, 0.246704, 0.261394, 0.230132
2656, 695, 655, 695, 611, 0.261672, 0.246611, 0.261672, 0.230045
2657, 695, 656, 695, 611, 0.261573, 0.246895, 0.261573, 0.229959
2658, 695, 657, 695, 611, 0.261475, 0.247178, 0.261475, 0.229872
2659, 695, 657, 696, 611, 0.261376, 0.247085, 0.261753, 0.229786
2660, 695, 657, 697, 611, 0.261278, 0.246992, 0.26203, 0.229699
2661, 695, 657, 698, 611, 0.26118, 0.2469, 0.262307, 0.229613
2662, 696, 657, 698, 611, 0.261458, 0.246807, 0.262209, 0.229527
2663, 696, 658, 698, 611, 0.261359, 0.24709, 0.26211, 0.22944
2664, 696, 658, 698, 612, 0.261261, 0.246997, 0.262012, 0.22973
2665, 697, 658, 698, 612, 0.261538, 0.246904, 0.261914, 0.229644
2666, 697, 658, 698, 613, 0.26144, 0.246812, 0.261815, 0.229932
2667, 697, 658, 699, 613, 0.261342, 0.246719, 0.262092, 0.229846
2668, 697, 658, 699, 614, 0.261244, 0.246627, 0.261994, 0.230135
2669, 697, 659, 699, 614, 0.261146, 0.246909, 0.261896, 0.230049
2670, 697, 660, 699, 614, 0.261049, 0.247191, 0.261798, 0.229963
2671, 698, 660, 699, 614, 0.261325, 0.247098, 0.2617, 0.229876
2672, 698, 660, 700, 614, 0.261228, 0.247006, 0.261976, 0.22979
2673, 699, 660, 700, 614, 0.261504, 0.246914, 0.261878, 0.229704
2674, 699, 661, 700, 614, 0.261406, 0.247195, 0.26178, 0.229619
2675, 700, 661, 700, 614, 0.261682, 0.247103, 0.261682, 0.229533
2676, 700, 661, 701, 614, 0.261584, 0.24701, 0.261958, 0.229447
2677, 700, 662, 701, 614, 0.261487, 0.247292, 0.26186, 0.229361
2678, 700, 662, 701, 615, 0.261389, 0.247199, 0.261763, 0.229649
2679, 700, 662, 702, 615, 0.261292, 0.247107, 0.262038, 0.229563
2680, 700, 662, 702, 616, 0.261194, 0.247015, 0.26194, 0.229851
2681, 700, 662, 702, 617, 0.261097, 0.246923, 0.261843, 0.230138
2682, 700, 662, 703, 617, 0.260999, 0.246831, 0.262118, 0.230052
2683, 700, 662, 703, 618, 0.260902, 0.246739, 0.26202, 0.230339
2684, 701, 662, 703, 618, 0.261177, 0.246647, 0.261923, 0.230253
2685, 701, 663, 703, 618, 0.26108, 0.246927, 0.261825, 0.230168
2686, 701, 663, 704, 618, 0.260983, 0.246835, 0.2621, 0.230082
2687, 702, 663, 704, 618, 0.261258, 0.246744, 0.262002, 0.229996
2688, 702, 663, 705, 618, 0.261161, 0.246652, 0.262277, 0.229911
2689, 702, 663, 705, 619, 0.261064, 0.24656, 0.262179, 0.230197
2690, 702, 663, 706, 619, 0.260967, 0.246468, 0.262454, 0.230112
2691, 702, 664, 706, 619, 0.26087, 0.246748, 0.262356, 0.230026
2692, 702, 664, 706, 620, 0.260773, 0.246657, 0.262259, 0.230312
2693, 703, 664, 706, 620, 0.261047, 0.246565, 0.262161, 0.230227
2694, 703, 664, 706, 621, 0.26095, 0.246474, 0.262064, 0.230512
2695, 703, 664, 707, 621, 0.260853, 0.246382, 0.262338, 0.230427
2696, 703, 664, 708, 621, 0.260757, 0.246291, 0.262611, 0.230341
2697, 703, 664, 708, 622, 0.26066, 0.246199, 0.262514, 0.230627
2698, 703, 665, 708, 622, 0.260563, 0.246479, 0.262417, 0.230541
2699, 703, 666, 708, 622, 0.260467, 0.246758, 0.262319, 0.230456
2700, 704, 666, 708, 622, 0.260741, 0.246667, 0.262222, 0.23037
2701, 704, 666, 708, 623, 0.260644, 0.246575, 0.262125, 0.230655
2702, 704, 666, 709, 623, 0.260548, 0.246484, 0.262398, 0.23057
2703, 704, 666, 709, 624, 0.260451, 0.246393, 0.262301, 0.230855
2704, 704, 666, 709, 625, 0.260355, 0.246302, 0.262204, 0.231139
2705, 705, 666, 709, 625, 0.260628, 0.246211, 0.262107, 0.231054
2706, 706, 666, 709, 625, 0.260902, 0.24612, 0.26201, 0.230968
2707, 706, 667, 709, 625, 0.260805, 0.246398, 0.261914, 0.230883
2708, 707, 667, 709, 625, 0.261078, 0.246307, 0.261817, 0.230798
2709, 708, 667, 709, 625, 0.261351, 0.246216, 0.26172, 0.230712
2710, 708, 667, 710, 625, 0.261255, 0.246125, 0.261993, 0.230627
2711, 708, 667, 710, 626, 0.261158, 0.246035, 0.261896, 0.230911
2712, 708, 668, 710, 626, 0.261062, 0.246313, 0.261799, 0.230826
2713, 708, 668, 711, 626, 0.260966, 0.246222, 0.262072, 0.230741
2714, 708, 669, 711, 626, 0.26087, 0.2465, 0.261975, 0.230656
2715, 708, 669, 712, 626, 0.260773, 0.246409, 0.262247, 0.230571
2716, 708, 669, 713, 626, 0.260677, 0.246318, 0.262518, 0.230486
2717, 708, 669, 713, 627, 0.260582, 0.246227, 0.262422, 0.230769
2718, 708, 669, 713, 628, 0.260486, 0.246137, 0.262325, 0.231052
2719, 708, 669, 713, 629, 0.26039, 0.246046, 0.262229, 0.231335
2720, 709, 669, 713, 629, 0.260662, 0.245956, 0.262132, 0.23125
2721, 709, 669, 714, 629, 0.260566, 0.245865, 0.262404, 0.231165
2722, 710, 669, 714, 629, 0.260838, 0.245775, 0.262307, 0.23108
2723, 710, 669, 714, 630, 0.260742, 0.245685, 0.262211, 0.231362
2724, 710, 669, 714, 631, 0.260646, 0.245595, 0.262115, 0.231645
2725, 710, 670, 714, 631, 0.26055, 0.245872, 0.262018, 0.23156
2726, 710, 670, 715, 631, 0.260455, 0.245781, 0.262289, 0.231475
2727, 710, 670, 716, 631, 0.260359, 0.245691, 0.26256, 0.23139
2728, 710, 671, 716, 631, 0.260264, 0.245968, 0.262463, 0.231305
2729, 710, 671, 716, 632, 0.260169, 0.245878, 0.262367, 0.231587
2730, 710, 671, 716, 633, 0.260073, 0.245788, 0.262271, 0.231868
2731, 710, 671, 717, 633, 0.259978, 0.245698, 0.262541, 0.231783
2732, 710, 672, 717, 633, 0.259883, 0.245974, 0.262445, 0.231698
2733, 710, 672, 717, 634, 0.259788, 0.245884, 0.262349, 0.23198
2734, 710, 673, 717, 634, 0.259693, 0.246159, 0.262253, 0.231895
2735, 710, 673, 717, 635, 0.259598, 0.246069, 0.262157, 0.232176
2736, 711, 673, 717, 635, 0.259868, 0.24598, 0.262061, 0.232091
2737, 711, 674, 717, 635, 0.259773, 0.246255, 0.261966, 0.232006
2738, 711, 674, 718, 635, 0.259679, 0.246165, 0.262235, 0.231921
2739, 712, 674, 718, 635, 0.259949, 0.246075, 0.262139, 0.231836
2740, 712, 674, 718, 636, 0.259854, 0.245985, 0.262044, 0.232117
2741, 712, 674, 718, 637, 0.259759, 0.245896, 0.261948, 0.232397
2742, 713, 674, 718, 637, 0.260029, 0.245806, 0.261853, 0.232312
2743, 714, 674, 718, 637, 0.260299, 0.245716, 0.261757, 0.232227
2744, 714, 674, 718, 638, 0.260204, 0.245627, 0.261662, 0.232507
2745, 714, 675, 718, 638, 0.260109, 0.245902, 0.261566, 0.232423
2746, 714, 675, 719, 638, 0.260015, 0.245812, 0.261835, 0.232338
2747, 714, 676, 719, 638, 0.25992, 0.246087, 0.26174, 0.232253
2748, 714, 677, 719, 638, 0.259825, 0.246361, 0.261645, 0.232169
2749, 714, 677, 719, 639, 0.259731, 0.246271, 0.26155, 0.232448
2750, 714, 677, 719, 640, 0.259636, 0.246182, 0.261455, 0.232727
2751, 714, 677, 719, 641, 0.259542, 0.246092, 0.26136, 0.233006
2752, 715, 677, 719, 641, 0.259811, 0.246003, 0.261265, 0.232922
2753, 715, 678, 719, 641, 0.259717, 0.246277, 0.26117, 0.232837
2754, 715, 679, 719, 641, 0.259622, 0.24655, 0.261075, 0.232752
2755, 715, 680, 719, 641, 0.259528, 0.246824, 0.26098, 0.232668
2756, 716, 680, 719, 641, 0.259797, 0.246734, 0.260885, 0.232583
2757, 716, 681, 719, 641, 0.259703, 0.247008, 0.260791, 0.232499
2758, 716, 681, 719, 642, 0.259608, 0.246918, 0.260696, 0.232777
2759, 716, 681, 720, 642, 0.259514, 0.246829, 0.260964, 0.232693
2760, 717, 681, 720, 642, 0.259783, 0.246739, 0.26087, 0.232609
2761, 717, 681, 720, 643, 0.259689, 0.24665, 0.260775, 0.232887
2762, 717, 681, 721, 643, 0.259594, 0.24656, 0.261043, 0.232802
2763, 718, 681, 721, 643, 0.259862, 0.246471, 0.260948, 0.232718
2764, 718, 681, 721, 644, 0.259768, 0.246382, 0.260854, 0.232996
2765, 718, 681, 722, 644, 0.259675, 0.246293, 0.261121, 0.232911
2766, 718, 682, 722, 644, 0.259581, 0.246565, 0.261027, 0.232827
2767, 718, 683, 722, 644, 0.259487, 0.246838, 0.260932, 0.232743
2768, 718, 683, 722, 645, 0.259393, 0.246749, 0.260838, 0.23302
2769, 718, 684, 722, 645, 0.259299, 0.247021, 0.260744, 0.232936
2770, 718, 684, 722, 646, 0.259206, 0.246931, 0.26065, 0.233213
2771, 718, 684, 723, 646, 0.259112, 0.246842, 0.260917, 0.233129
2772, 719, 684, 723, 646, 0.25938, 0.246753, 0.260823, 0.233045
2773, 719, 684, 724, 646, 0.259286, 0.246664, 0.261089, 0.232961
2774, 719, 685, 724, 646, 0.259193, 0.246936, 0.260995, 0.232877
2775, 719, 685, 725, 646, 0.259099, 0.246847, 0.261261, 0.232793
2776, 719, 685, 725, 647, 0.259006, 0.246758, 0.261167, 0.233069
2777, 719, 685, 726, 647, 0.258912, 0.246669, 0.261433, 0.232985
2778, 719, 685, 727, 647, 0.258819, 0.24658, 0.261699, 0.232901
2779, 719, 685, 727, 648, 0.258726, 0.246492, 0.261605, 0.233177
2780, 719, 686, 727, 648, 0.258633, 0.246763, 0.261511, 0.233094
2781, 720, 686, 727, 648, 0.2589, 0.246674, 0.261417, 0.23301
2782, 721, 686, 727, 648, 0.259166, 0.246585, 0.261323, 0.232926
2783, 721, 686, 728, 648, 0.259073, 0.246497, 0.261588, 0.232842
2784, 721, 687, 728, 648, 0.25898, 0.246767, 0.261494, 0.232759
2785, 721, 687, 729, 648, 0.258887, 0.246679, 0.261759, 0.232675
2786, 721, 687, 729, 649, 0.258794, 0.24659, 0.261665, 0.23295
2787, 721, 687, 730, 649, 0.258701, 0.246502, 0.26193, 0.232867
2788, 721, 687, 731, 649, 0.258608, 0.246413, 0.262195, 0.232783
2789, 722, 687, 731, 649, 0.258874, 0.246325, 0.262101, 0.2327
2790, 723, 687, 731, 649, 0.25914, 0.246237, 0.262007, 0.232616
2791, 723, 688, 731, 649, 0.259047, 0.246507, 0.261913, 0.232533
2792, 723, 689, 731, 649, 0.258954, 0.246777, 0.261819, 0.23245
2793, 724, 689, 731, 649, 0.259219, 0.246688, 0.261726, 0.232367
2794, 725, 689, 731, 649, 0.259485, 0.2466, 0.261632, 0.232283
2795, 725, 689, 732, 649, 0.259392, 0.246512, 0.261896, 0.2322
2796, 725, 689, 732, 650, 0.259299, 0.246423, 0.261803, 0.232475
2797, 725, 689, 732, 651, 0.259206, 0.246335, 0.261709, 0.232749
2798, 725, 689, 733, 651, 0.259114, 0.246247, 0.261973, 0.232666
2799, 725, 689, 733, 652, 0.259021, 0.246159, 0.261879, 0.23294
2800, 725, 689, 733, 653, 0.258929, 0.246071, 0.261786, 0.233214
2801, 726, 689, 733, 653, 0.259193, 0.245984, 0.261692, 0.233131
2802, 727, 689, 733, 653, 0.259458, 0.245896, 0.261599, 0.233048
2803, 727, 690, 733, 653, 0.259365, 0.246165, 0.261506, 0.232965
2804, 728, 690, 733, 653, 0.259629, 0.246077, 0.261412, 0.232882
2805, 728, 690, 733, 654, 0.259537, 0.245989, 0.261319, 0.233155
2806, 728, 690, 734, 654, 0.259444, 0.245902, 0.261582, 0.233072
2807, 728, 690, 735, 654, 0.259352, 0.245814, 0.261845, 0.232989
2808, 728, 690, 735, 655, 0.259259, 0.245726, 0.261752, 0.233262
2809, 728, 690, 736, 655, 0.259167, 0.245639, 0.262015, 0.233179
2810, 729, 690, 736, 655, 0.259431, 0.245552, 0.261922, 0.233096
2811, 729, 690, 737, 655, 0.259338, 0.245464, 0.262184, 0.233013
2812, 729, 690, 737, 656, 0.259246, 0.245377, 0.262091, 0.233286
2813, 730, 690, 737, 656, 0.259509, 0.24529, 0.261998, 0.233203
2814, 730, 691, 737, 656, 0.259417, 0.245558, 0.261905, 0.23312
2815, 731, 691, 737, 656, 0.25968, 0.245471, 0.261812, 0.233037
2816, 731, 691, 737, 657, 0.259588, 0.245384, 0.261719, 0.23331
2817, 731, 692, 737, 657, 0.259496, 0.245651, 0.261626, 0.233227
2818, 731, 693, 737, 657, 0.259404, 0.245919, 0.261533, 0.233144
2819, 732, 693, 737, 657, 0.259667, 0.245832, 0.26144, 0.233061
2820, 733, 693, 737, 657, 0.259929, 0.245745, 0.261348, 0.232979
2821, 733, 693, 738, 657, 0.259837, 0.245658, 0.261609, 0.232896
2822, 733, 693, 738, 658, 0.259745, 0.245571, 0.261517, 0.233168
2823, 733, 694, 738, 658, 0.259653, 0.245838, 0.261424, 0.233085
2824, 734, 694, 738, 658, 0.259915, 0.245751, 0.261331, 0.233003
2825, 735, 694, 738, 658, 0.260177, 0.245664, 0.261239, 0.23292
2826, 735, 695, 738, 658, 0.260085, 0.245931, 0.261146, 0.232838
2827, 735, 695, 738, 659, 0.259993, 0.245844, 0.261054, 0.233109
2828, 735, 696, 738, 659, 0.259901, 0.24611, 0.260962, 0.233027
2829, 735, 696, 738, 660, 0.259809, 0.246023, 0.26087, 0.233298
2830, 735, 697, 738, 660, 0.259717, 0.24629, 0.260777, 0.233216
2831, 735, 698, 738, 660, 0.259626, 0.246556, 0.260685, 0.233133
2832, 735, 699, 738, 660, 0.259534, 0.246822, 0.260593, 0.233051
2833, 735, 699, 738, 661, 0.259442, 0.246735, 0.260501, 0.233322
2834, 735, 699, 739, 661, 0.259351, 0.246648, 0.260762, 0.233239
2835, 735, 699, 739, 662, 0.259259, 0.246561, 0.26067, 0.23351
2836, 735, 699, 740, 662, 0.259168, 0.246474, 0.260931, 0.233427
2837, 735, 699, 741, 662, 0.259076, 0.246387, 0.261191, 0.233345
2838, 735, 699, 741, 663, 0.258985, 0.2463, 0.261099, 0.233615
2839, 736, 699, 741, 663, 0.259246, 0.246213, 0.261007, 0.233533
2840, 737, 699, 741, 663, 0.259507, 0.246127, 0.260915, 0.233451
2841, 738, 699, 741, 663, 0.259768, 0.24604, 0.260824, 0.233369
2842, 738, 699, 741, 664, 0.259676, 0.245954, 0.260732, 0.233638
2843, 738, 699, 742, 664, 0.259585, 0.245867, 0.260992, 0.233556
2844, 739, 699, 742, 664, 0.259845, 0.245781, 0.2609, 0.233474
2845, 739, 699, 742, 665, 0.259754, 0.245694, 0.260808, 0.233743
2846, 739, 700, 742, 665, 0.259663, 0.245959, 0.260717, 0.233661
2847, 739, 700, 743, 665, 0.259571, 0.245873, 0.260976, 0.233579
2848, 739, 700, 743, 666, 0.25948, 0.245787, 0.260885, 0.233848
2849, 740, 700, 743, 666, 0.25974, 0.2457, 0.260793, 0.233766
2850, 740, 701, 743, 666, 0.259649, 0.245965, 0.260702, 0.233684
2851, 740, 701, 744, 666, 0.259558, 0.245879, 0.260961, 0.233602
2852, 740, 701, 745, 666, 0.259467, 0.245792, 0.26122, 0.23352
2853, 740, 701, 745, 667, 0.259376, 0.245706, 0.261129, 0.233789
2854, 740, 702, 745, 667, 0.259285, 0.245971, 0.261037, 0.233707
2855, 740, 702, 745, 668, 0.259194, 0.245884, 0.260946, 0.233975
2856, 740, 702, 745, 669, 0.259104, 0.245798, 0.260854, 0.234244
2857, 741, 702, 745, 669, 0.259363, 0.245712, 0.260763, 0.234162
2858, 741, 702, 745, 670, 0.259272, 0.245626, 0.260672, 0.23443
2859, 741, 703, 745, 670, 0.259182, 0.24589, 0.260581, 0.234348
2860, 741, 704, 745, 670, 0.259091, 0.246154, 0.26049, 0.234266
2861, 742, 704, 745, 670, 0.25935, 0.246068, 0.260398, 0.234184
2862, 742, 704, 745, 671, 0.259259, 0.245982, 0.260307, 0.234451
2863, 742, 705, 745, 671, 0.259169, 0.246245, 0.260217, 0.23437
2864, 742, 706, 745, 671, 0.259078, 0.246508, 0.260126, 0.234288
2865, 742, 706, 746, 671, 0.258988, 0.246422, 0.260384, 0.234206
2866, 742, 706, 746, 672, 0.258897, 0.246336, 0.260293, 0.234473
2867, 742, 706, 747, 672, 0.258807, 0.24625, 0.260551, 0.234391
2868, 742, 706, 747, 673, 0.258717, 0.246165, 0.26046, 0.234658
2869, 743, 706, 747, 673, 0.258975, 0.246079, 0.260369, 0.234577
2870, 743, 706, 748, 673, 0.258885, 0.245993, 0.260627, 0.234495
2871, 743, 707, 748, 673, 0.258795, 0.246256, 0.260536, 0.234413
2872, 744, 707, 748, 673, 0.259053, 0.24617, 0.260446, 0.234331
2873, 744, 707, 749, 673, 0.258963, 0.246084, 0.260703, 0.23425
2874, 744, 707, 749, 674, 0.258873, 0.245999, 0.260612, 0.234516
2875, 744, 707, 749, 675, 0.258783, 0.245913, 0.260522, 0.234783
2876, 744, 707, 749, 676, 0.258693, 0.245828, 0.260431, 0.235049
2877, 744, 707, 750, 676, 0.258603, 0.245742, 0.260688, 0.234967
2878, 744, 707, 751, 676, 0.258513, 0.245657, 0.260945, 0.234885
2879, 744, 707, 752, 676, 0.258423, 0.245571, 0.261202, 0.234804
2880, 744, 708, 752, 676, 0.258333, 0.245833, 0.261111, 0.234722
2881, 744, 708, 753, 676, 0.258244, 0.245748, 0.261368, 0.234641
2882, 745, 708, 753, 676, 0.258501, 0.245663, 0.261277, 0.234559
2883, 746, 708, 753, 676, 0.258758, 0.245578, 0.261186, 0.234478
2884, 747, 708, 753, 676, 0.259015, 0.245492, 0.261096, 0.234397
2885, 747, 708, 754, 676, 0.258925, 0.245407, 0.261352, 0.234315
2886, 748, 708, 754, 676, 0.259182, 0.245322, 0.261261, 0.234234
2887, 748, 708, 755, 676, 0.259092, 0.245237, 0.261517, 0.234153
2888, 748, 708, 756, 676, 0.259003, 0.245152, 0.261773, 0.234072
2889, 748, 708, 757, 676, 0.258913, 0.245067, 0.262028, 0.233991
2890, 748, 709, 757, 676, 0.258824, 0.245329, 0.261938, 0.23391
2891, 748, 709, 758, 676, 0.258734, 0.245244, 0.262193, 0.233829
2892, 749, 709, 758, 676, 0.25899, 0.245159, 0.262102, 0.233748
2893, 749, 710, 758, 676, 0.258901, 0.24542, 0.262012, 0.233667
2894, 749, 710, 758, 677, 0.258811, 0.245335, 0.261921, 0.233932
2895, 750, 710, 758, 677, 0.259067, 0.24525, 0.261831, 0.233851
2896, 750, 710, 758, 678, 0.258978, 0.245166, 0.26174, 0.234116
2897, 750, 710, 758, 679, 0.258889, 0.245081, 0.26165, 0.23438
2898, 751, 710, 758, 679, 0.259144, 0.244997, 0.26156, 0.2343
2899, 751, 710, 759, 679, 0.259055, 0.244912, 0.261814, 0.234219
2900, 751, 711, 759, 679, 0.258966, 0.245172, 0.261724, 0.234138
2901, 751, 711, 760, 679, 0.258876, 0.245088, 0.261979, 0.234057
2902, 751, 711, 761, 679, 0.258787, 0.245003, 0.262233, 0.233977
2903, 751, 711, 761, 680, 0.258698, 0.244919, 0.262143, 0.23424
2904, 752, 711, 761, 680, 0.258953, 0.244835, 0.262052, 0.23416
2905, 753, 711, 761, 680, 0.259208, 0.24475, 0.261962, 0.234079
2906, 753, 711, 761, 681, 0.259119, 0.244666, 0.261872, 0.234343
2907, 753, 711, 761, 682, 0.25903, 0.244582, 0.261782, 0.234606
2908, 754, 711, 761, 682, 0.259285, 0.244498, 0.261692, 0.234525
2909, 754, 712, 761, 682, 0.259196, 0.244758, 0.261602, 0.234445
2910, 754, 713, 761, 682, 0.259107, 0.245017, 0.261512, 0.234364
2911, 754, 713, 761, 683, 0.259018, 0.244933, 0.261422, 0.234627
2912, 754, 713, 761, 684, 0.258929, 0.244849, 0.261332, 0.23489
2913, 754, 714, 761, 684, 0.25884, 0.245108, 0.261243, 0.234809
2914, 754, 715, 761, 684, 0.258751, 0.245367, 0.261153, 0.234729
2915, 754, 715, 761, 685, 0.258662, 0.245283, 0.261063, 0.234991
2916, 754, 715, 762, 685, 0.258573, 0.245199, 0.261317, 0.234911
2917, 754, 715, 763, 685, 0.258485, 0.245115, 0.26157, 0.23483
2918, 754, 716, 763, 685, 0.258396, 0.245374, 0.26148, 0.23475
2919, 754, 717, 763, 685, 0.258308, 0.245632, 0.261391, 0.234669
2920, 754, 717, 764, 685, 0.258219, 0.245548, 0.261644, 0.234589
2921, 754, 718, 764, 685, 0.258131, 0.245806, 0.261554, 0.234509
2922, 754, 719, 764, 685, 0.258042, 0.246064, 0.261465, 0.234428
2923, 754, 719, 765, 685, 0.257954, 0.24598, 0.261717, 0.234348
2924, 755, 719, 765, 685, 0.258208, 0.245896, 0.261628, 0.234268
2925, 755, 719, 766, 685, 0.25812, 0.245812, 0.26188, 0.234188
2926, 755, 719, 766, 686, 0.258031, 0.245728, 0.261791, 0.23445
2927, 755, 719, 766, 687, 0.257943, 0.245644, 0.261701, 0.234711
2928, 755, 720, 766, 687, 0.257855, 0.245902, 0.261612, 0.234631
2929, 756, 720, 766, 687, 0.258109, 0.245818, 0.261523, 0.234551
2930, 756, 721, 766, 687, 0.25802, 0.246075, 0.261433, 0.234471
2931, 756, 722, 766, 687, 0.257932, 0.246332, 0.261344, 0.234391
2932, 756, 722, 766, 688, 0.257844, 0.246248, 0.261255, 0.234652
2933, 756, 723, 766, 688, 0.257757, 0.246505, 0.261166, 0.234572
2934, 756, 723, 766, 689, 0.257669, 0.246421, 0.261077, 0.234833
2935, 756, 724, 766, 689, 0.257581, 0.246678, 0.260988, 0.234753
2936, 756, 724, 767, 689, 0.257493, 0.246594, 0.26124, 0.234673
2937, 756, 724, 767, 690, 0.257406, 0.24651, 0.261151, 0.234934
2938, 756, 724, 767, 691, 0.257318, 0.246426, 0.261062, 0.235194
2939, 756, 724, 767, 692, 0.25723, 0.246342, 0.260973, 0.235454
2940, 756, 724, 767, 693, 0.257143, 0.246259, 0.260884, 0.235714
2941, 756, 725, 767, 693, 0.257055, 0.246515, 0.260796, 0.235634
2942, 756, 726, 767, 693, 0.256968, 0.246771, 0.260707, 0.235554
2943, 756, 726, 767, 694, 0.256881, 0.246687, 0.260618, 0.235814
2944, 756, 726, 768, 694, 0.256793, 0.246603, 0.26087, 0.235734
2945, 756, 727, 768, 694, 0.256706, 0.246859, 0.260781, 0.235654
2946, 756, 727, 769, 694, 0.256619, 0.246775, 0.261032, 0.235574
2947, 757, 727, 769, 694, 0.256871, 0.246692, 0.260943, 0.235494
2948, 757, 728, 769, 694, 0.256784, 0.246947, 0.260855, 0.235414
2949, 757, 728, 770, 694, 0.256697, 0.246863, 0.261105, 0.235334
2950, 757, 728, 770, 695, 0.25661, 0.24678, 0.261017, 0.235593
2951, 758, 728, 770, 695, 0.256862, 0.246696, 0.260928, 0.235513
2952, 758, 728, 771, 695, 0.256775, 0.246612, 0.261179, 0.235434
2953, 758, 729, 771, 695, 0.256688, 0.246868, 0.26109, 0.235354
2954, 759, 729, 771, 695, 0.25694, 0.246784, 0.261002, 0.235274
2955, 759, 730, 771, 695, 0.256853, 0.247039, 0.260914, 0.235195
2956, 759, 730, 771, 696, 0.256766, 0.246955, 0.260825, 0.235453
2957, 759, 731, 771, 696, 0.256679, 0.24721, 0.260737, 0.235374
2958, 759, 732, 771, 696, 0.256592, 0.247465, 0.260649, 0.235294
2959, 759, 733, 771, 696, 0.256506, 0.247719, 0.260561, 0.235215
2960, 759, 734, 771, 696, 0.256419, 0.247973, 0.260473, 0.235135
2961, 759, 734, 771, 697, 0.256332, 0.247889, 0.260385, 0.235393
2962, 759, 734, 772, 697, 0.256246, 0.247806, 0.260635, 0.235314
2963, 759, 734, 772, 698, 0.256159, 0.247722, 0.260547, 0.235572
2964, 759, 735, 772, 698, 0.256073, 0.247976, 0.260459, 0.235493
2965, 759, 735, 773, 698, 0.255987, 0.247892, 0.260708, 0.235413
2966, 759, 736, 773, 698, 0.2559, 0.248146, 0.26062, 0.235334
2967, 760, 736, 773, 698, 0.256151, 0.248062, 0.260533, 0.235254
2968, 761, 736, 773, 698, 0.256402, 0.247978, 0.260445, 0.235175
2969, 762, 736, 773, 698, 0.256652, 0.247895, 0.260357, 0.235096
2970, 762, 736, 774, 698, 0.256566, 0.247811, 0.260606, 0.235017
2971, 762, 737, 774, 698, 0.256479, 0.248065, 0.260518, 0.234938
2972, 762, 737, 774, 699, 0.256393, 0.247981, 0.260431, 0.235195
2973, 762, 738, 774, 699, 0.256307, 0.248234, 0.260343, 0.235116
2974, 762, 738, 775, 699, 0.256221, 0.248151, 0.260592, 0.235037
2975, 763, 738, 775, 699, 0.256471, 0.248067, 0.260504, 0.234958
2976, 763, 738, 776, 699, 0.256384, 0.247984, 0.260753, 0.234879
2977, 763, 739, 776, 699, 0.256298, 0.248236, 0.260665, 0.2348
2978, 763, 740, 776, 699, 0.256212, 0.248489, 0.260578, 0.234721
2979, 763, 740, 776, 700, 0.256126, 0.248406, 0.26049, 0.234978
2980, 764, 740, 776, 700, 0.256376, 0.248322, 0.260403, 0.234899
2981, 764, 740, 776, 701, 0.25629, 0.248239, 0.260315, 0.235156
2982, 765, 740, 776, 701, 0.256539, 0.248156, 0.260228, 0.235077
2983, 765, 740, 777, 701, 0.256453, 0.248072, 0.260476, 0.234998
2984, 766, 740, 777, 701, 0.256702, 0.247989, 0.260389, 0.23492
2985, 767, 740, 777, 701, 0.256951, 0.247906, 0.260302, 0.234841
2986, 767, 740, 777, 702, 0.256865, 0.247823, 0.260214, 0.235097
2987, 768, 740, 777, 702, 0.257114, 0.24774, 0.260127, 0.235018
2988, 768, 740, 777, 703, 0.257028, 0.247657, 0.26004, 0.235274
2989, 768, 740, 778, 703, 0.256942, 0.247574, 0.260288, 0.235196
2990, 769, 740, 778, 703, 0.257191, 0.247492, 0.260201, 0.235117
2991, 769, 740, 778, 704, 0.257105, 0.247409, 0.260114, 0.235373
2992, 769, 741, 778, 704, 0.257019, 0.24766, 0.260027, 0.235294
2993, 769, 742, 778, 704, 0.256933, 0.247912, 0.25994, 0.235216
2994, 769, 742, 779, 704, 0.256847, 0.247829, 0.260187, 0.235137
2995, 769, 742, 780, 704, 0.256761, 0.247746, 0.260434, 0.235058
2996, 769, 743, 780, 704, 0.256676, 0.247997, 0.260347, 0.23498
2997, 769, 744, 780, 704, 0.25659, 0.248248, 0.26026, 0.234902
2998, 769, 744, 781, 704, 0.256504, 0.248165, 0.260507, 0.234823
2999, 769, 744, 781, 705, 0.256419, 0.248083, 0.26042, 0.235078
3000, 770, 744, 781, 705, 0.256667, 0.248, 0.260333, 0.235
3001, 770, 745, 781, 705, 0.256581, 0.248251, 0.260247, 0.234922
3002, 770, 746, 781, 705, 0.256496, 0.248501, 0.26016, 0.234843
3003, 770, 746, 782, 705, 0.25641, 0.248418, 0.260406, 0.234765
3004, 771, 746, 782, 705, 0.256658, 0.248336, 0.26032, 0.234687
3005, 771, 746, 782, 706, 0.256572, 0.248253, 0.260233, 0.234942
3006, 772, 746, 782, 706, 0.25682, 0.24817, 0.260146, 0.234864
3007, 772, 746, 783, 706, 0.256734, 0.248088, 0.260392, 0.234786
3008, 773, 746, 783, 706, 0.256981, 0.248005, 0.260306, 0.234707
3009, 773, 746, 783, 707, 0.256896, 0.247923, 0.260219, 0.234962
3010, 773, 746, 783, 708, 0.256811, 0.247841, 0.260133, 0.235216
3011, 773, 746, 784, 708, 0.256725, 0.247758, 0.260379, 0.235138
3012, 773, 747, 784, 708, 0.25664, 0.248008, 0.260292, 0.23506
3013, 773, 747, 785, 708, 0.256555, 0.247926, 0.260538, 0.234982
3014, 774, 747, 785, 708, 0.256802, 0.247843, 0.260451, 0.234904
3015, 774, 747, 785, 709, 0.256716, 0.247761, 0.260365, 0.235158
3016, 774, 748, 785, 709, 0.256631, 0.248011, 0.260279, 0.23508
3017, 774, 748, 785, 710, 0.256546, 0.247928, 0.260192, 0.235333
3018, 774, 748, 786, 710, 0.256461, 0.247846, 0.260437, 0.235255
3019, 775, 748, 786, 710, 0.256708, 0.247764, 0.260351, 0.235177
3020, 775, 748, 787, 710, 0.256623, 0.247682, 0.260596, 0.235099
3021, 775, 748, 788, 710, 0.256538, 0.2476, 0.260841, 0.235022
3022, 776, 748, 788, 710, 0.256784, 0.247518, 0.260754, 0.234944
3023, 776, 748, 788, 711, 0.256699, 0.247436, 0.260668, 0.235197
3024, 776, 749, 788, 711, 0.256614, 0.247685, 0.260582, 0.235119
3025, 777, 749, 788, 711, 0.25686, 0.247603, 0.260496, 0.235041
3026, 777, 749, 788, 712, 0.256775, 0.247521, 0.26041, 0.235294
3027, 777, 749, 788, 713, 0.25669, 0.24744, 0.260324, 0.235547
3028, 777, 749, 789, 713, 0.256605, 0.247358, 0.260568, 0.235469
3029, 778, 749, 789, 713, 0.25685, 0.247276, 0.260482, 0.235391
3030, 778, 750, 789, 713, 0.256766, 0.247525, 0.260396, 0.235314
3031, 778, 750, 789, 714, 0.256681, 0.247443, 0.26031, 0.235566
3032, 779, 750, 789, 714, 0.256926, 0.247361, 0.260224, 0.235488
3033, 779, 750, 790, 714, 0.256841, 0.24728, 0.260468, 0.23541
3034, 779, 751, 790, 714, 0.256757, 0.247528, 0.260382, 0.235333
3035, 779, 752, 790, 714, 0.256672, 0.247776, 0.260297, 0.235255
3036, 779, 752, 790, 715, 0.256588, 0.247694, 0.260211, 0.235507
3037, 779, 752, 790, 716, 0.256503, 0.247613, 0.260125, 0.235759
3038, 780, 752, 790, 716, 0.256748, 0.247531, 0.260039, 0.235681
3039, 781, 752, 790, 716, 0.256992, 0.24745, 0.259954, 0.235604
3040, 781, 753, 790, 716, 0.256908, 0.247697, 0.259868, 0.235526
3041, 782, 753, 790, 716, 0.257152, 0.247616, 0.259783, 0.235449
3042, 782, 753, 791, 716, 0.257068, 0.247535, 0.260026, 0.235371
3043, 782, 753, 791, 717, 0.256983, 0.247453, 0.259941, 0.235623
3044, 782, 753, 791, 718, 0.256899, 0.247372, 0.259855, 0.235874
3045, 782, 753, 792, 718, 0.256814, 0.247291, 0.260099, 0.235796
3046, 782, 754, 792, 718, 0.25673, 0.247538, 0.260013, 0.235719
3047, 783, 754, 792, 718, 0.256974, 0.247457, 0.259928, 0.235642
3048, 783, 754, 793, 718, 0.25689, 0.247375, 0.260171, 0.235564
3049, 783, 754, 793, 719, 0.256806, 0.247294, 0.260085, 0.235815
3050, 783, 755, 793, 719, 0.256721, 0.247541, 0.26, 0.235738
3051, 783, 756, 793, 719, 0.256637, 0.247788, 0.259915, 0.23566
3052, 784, 756, 793, 719, 0.256881, 0.247706, 0.25983, 0.235583
3053, 785, 756, 793, 719, 0.257124, 0.247625, 0.259745, 0.235506
3054, 785, 756, 793, 720, 0.25704, 0.247544, 0.259659, 0.235756
3055, 785, 756, 794, 720, 0.256956, 0.247463, 0.259902, 0.235679
3056, 786, 756, 794, 720, 0.257199, 0.247382, 0.259817, 0.235602
3057, 787, 756, 794, 720, 0.257442, 0.247301, 0.259732, 0.235525
3058, 787, 757, 794, 720, 0.257358, 0.247547, 0.259647, 0.235448
3059, 788, 757, 794, 720, 0.257601, 0.247466, 0.259562, 0.235371
3060, 789, 757, 794, 720, 0.257843, 0.247386, 0.259477, 0.235294
3061, 789, 757, 795, 720, 0.257759, 0.247305, 0.259719, 0.235217
3062, 789, 757, 795, 721, 0.257675, 0.247224, 0.259634, 0.235467
3063, 790, 757, 795, 721, 0.257917, 0.247143, 0.259549, 0.23539
3064, 790, 757, 796, 721, 0.257833, 0.247063, 0.259791, 0.235313
3065, 790, 757, 797, 721, 0.257749, 0.246982, 0.260033, 0.235237
3066, 790, 757, 798, 721, 0.257665, 0.246902, 0.260274, 0.23516
3067, 790, 757, 799, 721, 0.257581, 0.246821, 0.260515, 0.235083
3068, 791, 757, 799, 721, 0.257823, 0.246741, 0.26043, 0.235007
3069, 791, 757, 800, 721, 0.257739, 0.24666, 0.260671, 0.23493
3070, 792, 757, 800, 721, 0.25798, 0.24658, 0.260586, 0.234853
3071, 792, 757, 800, 722, 0.257896, 0.2465, 0.260501, 0.235103
3072, 793, 757, 800, 722, 0.258138, 0.246419, 0.260417, 0.235026
3073, 793, 757, 800, 723, 0.258054, 0.246339, 0.260332, 0.235275
3074, 793, 758, 800, 723, 0.25797, 0.246584, 0.260247, 0.235198
3075, 793, 759, 800, 723, 0.257886, 0.246829, 0.260163, 0.235122
3076, 793, 759, 800, 724, 0.257802, 0.246749, 0.260078, 0.235371
3077, 793, 759, 800, 725, 0.257719, 0.246669, 0.259994, 0.235619
3078, 793, 759, 801, 725, 0.257635, 0.246589, 0.260234, 0.235543
3079, 793, 759, 802, 725, 0.257551, 0.246509, 0.260474, 0.235466
3080, 794, 759, 802, 725, 0.257792, 0.246429, 0.26039, 0.23539
3081, 794, 759, 802, 726, 0.257709, 0.246349, 0.260305, 0.235638
3082, 795, 759, 802, 726, 0.257949, 0.246269, 0.260221, 0.235561
3083, 795, 760, 802, 726, 0.257866, 0.246513, 0.260136, 0.235485
3084, 795, 760, 802, 727, 0.257782, 0.246433, 0.260052, 0.235733
3085, 795, 760, 802, 728, 0.257699, 0.246353, 0.259968, 0.235981
3086, 795, 760, 802, 729, 0.257615, 0.246273, 0.259883, 0.236228
3087, 796, 760, 802, 729, 0.257856, 0.246194, 0.259799, 0.236152
3088, 797, 760, 802, 729, 0.258096, 0.246114, 0.259715, 0.236075
3089, 798, 760, 802, 729, 0.258336, 0.246034, 0.259631, 0.235999
3090, 799, 760, 802, 729, 0.258576, 0.245955, 0.259547, 0.235922
3091, 799, 761, 802, 729, 0.258492, 0.246199, 0.259463, 0.235846
3092, 799, 761, 803, 729, 0.258409, 0.246119, 0.259702, 0.23577
3093, 799, 761, 804, 729, 0.258325, 0.246039, 0.259942, 0.235694
3094, 799, 761, 805, 729, 0.258242, 0.24596, 0.260181, 0.235617
3095, 799, 761, 805, 730, 0.258158, 0.24588, 0.260097, 0.235864
3096, 800, 761, 805, 730, 0.258398, 0.245801, 0.260013, 0.235788
3097, 801, 761, 805, 730, 0.258637, 0.245722, 0.259929, 0.235712
3098, 801, 761, 806, 730, 0.258554, 0.245642, 0.260168, 0.235636
3099, 801, 761, 807, 730, 0.25847, 0.245563, 0.260407, 0.23556
3100, 801, 762, 807, 730, 0.258387, 0.245806, 0.260323, 0.235484
3101, 801, 763, 807, 730, 0.258304, 0.24605, 0.260239, 0.235408
3102, 802, 763, 807, 730, 0.258543, 0.24597, 0.260155, 0.235332
3103, 803, 763, 807, 730, 0.258782, 0.245891, 0.260071, 0.235256
3104, 803, 764, 807, 730, 0.258698, 0.246134, 0.259987, 0.23518
3105, 803, 764, 807, 731, 0.258615, 0.246055, 0.259903, 0.235427
3106, 803, 764, 808, 731, 0.258532, 0.245976, 0.260142, 0.235351
3107, 803, 764, 809, 731, 0.258449, 0.245896, 0.26038, 0.235275
3108, 803, 765, 809, 731, 0.258366, 0.246139, 0.260296, 0.235199
3109, 803, 766, 809, 731, 0.258282, 0.246381, 0.260212, 0.235124
3110, 803, 767, 809, 731, 0.258199, 0.246624, 0.260129, 0.235048
3111, 804, 767, 809, 731, 0.258438, 0.246545, 0.260045, 0.234973
3112, 804, 767, 810, 731, 0.258355, 0.246465, 0.260283, 0.234897
3113, 804, 768, 810, 731, 0.258272, 0.246707, 0.260199, 0.234822
3114, 804, 769, 810, 731, 0.258189, 0.246949, 0.260116, 0.234746
3115, 804, 770, 810, 731, 0.258106, 0.247191, 0.260032, 0.234671
3116, 804, 770, 811, 731, 0.258023, 0.247112, 0.26027, 0.234596
3117, 804, 770, 811, 732, 0.25794, 0.247032, 0.260186, 0.234841
3118, 805, 770, 811, 732, 0.258178, 0.246953, 0.260103, 0.234766
3119, 805, 770, 811, 733, 0.258096, 0.246874, 0.260019, 0.235011
3120, 806, 770, 811, 733, 0.258333, 0.246795, 0.259936, 0.234936
3121, 806, 771, 811, 733, 0.258251, 0.247036, 0.259853, 0.234861
3122, 807, 771, 811, 733, 0.258488, 0.246957, 0.259769, 0.234785
3123, 807, 771, 812, 733, 0.258405, 0.246878, 0.260006, 0.23471
3124, 807, 772, 812, 733, 0.258323, 0.247119, 0.259923, 0.234635
3125, 807, 773, 812, 733, 0.25824, 0.24736, 0.25984, 0.23456
3126, 808, 773, 812, 733, 0.258477, 0.247281, 0.259757, 0.234485
3127, 808, 773, 813, 733, 0.258395, 0.247202, 0.259994, 0.23441
3128, 808, 774, 813, 733, 0.258312, 0.247442, 0.25991, 0.234335
3129, 809, 774, 813, 733, 0.258549, 0.247363, 0.259827, 0.23426
3130, 809, 774, 814, 733, 0.258466, 0.247284, 0.260064, 0.234185
3131, 809, 774, 815, 733, 0.258384, 0.247205, 0.2603, 0.234111
3132, 809, 774, 815, 734, 0.258301, 0.247126, 0.260217, 0.234355
3133, 809, 774, 815, 735, 0.258219, 0.247048, 0.260134, 0.234599
3134, 810, 774, 815, 735, 0.258456, 0.246969, 0.260051, 0.234525
3135, 810, 774, 815, 736, 0.258373, 0.24689, 0.259968, 0.234769
3136, 810, 774, 816, 736, 0.258291, 0.246811, 0.260204, 0.234694
3137, 810, 774, 816, 737, 0.258208, 0.246733, 0.260121, 0.234938
3138, 811, 774, 816, 737, 0.258445, 0.246654, 0.260038, 0.234863
3139, 811, 774, 816, 738, 0.258363, 0.246575, 0.259955, 0.235107
3140, 812, 774, 816, 738, 0.258599, 0.246497, 0.259873, 0.235032
3141, 813, 774, 816, 738, 0.258835, 0.246418, 0.25979, 0.234957
3142, 814, 774, 816, 738, 0.259071, 0.24634, 0.259707, 0.234882
3143, 815, 774, 816, 738, 0.259306, 0.246262, 0.259625, 0.234808
3144, 815, 774, 816, 739, 0.259224, 0.246183, 0.259542, 0.235051
3145, 815, 774, 816, 740, 0.259141, 0.246105, 0.259459, 0.235294
3146, 815, 774, 816, 741, 0.259059, 0.246027, 0.259377, 0.235537
3147, 815, 774, 817, 741, 0.258977, 0.245949, 0.259612, 0.235462
3148, 815, 774, 818, 741, 0.258895, 0.24587, 0.259848, 0.235388
3149, 815, 774, 818, 742, 0.258812, 0.245792, 0.259765, 0.23563
3150, 815, 775, 818, 742, 0.25873, 0.246032, 0.259683, 0.235556
3151, 816, 775, 818, 742, 0.258965, 0.245954, 0.2596, 0.235481
3152, 816, 775, 819, 742, 0.258883, 0.245876, 0.259835, 0.235406
3153, 817, 775, 819, 742, 0.259118, 0.245798, 0.259753, 0.235331
3154, 817, 775, 820, 742, 0.259036, 0.24572, 0.259987, 0.235257
3155, 817, 775, 820, 743, 0.258954, 0.245642, 0.259905, 0.235499
3156, 817, 775, 821, 743, 0.258872, 0.245564, 0.260139, 0.235425
3157, 817, 775, 822, 743, 0.25879, 0.245486, 0.260374, 0.23535
3158, 818, 775, 822, 743, 0.259025, 0.245408, 0.260291, 0.235275
3159, 818, 775, 823, 743, 0.258943, 0.245331, 0.260525, 0.235201
3160, 818, 776, 823, 743, 0.258861, 0.24557, 0.260443, 0.235127
3161, 818, 776, 824, 743, 0.258779, 0.245492, 0.260677, 0.235052
3162, 818, 776, 825, 743, 0.258697, 0.245414, 0.260911, 0.234978
3163, 818, 776, 825, 744, 0.258615, 0.245337, 0.260828, 0.23522
3164, 818, 777, 825, 744, 0.258534, 0.245575, 0.260746, 0.235145
3165, 818, 777, 826, 744, 0.258452, 0.245498, 0.260979, 0.235071
3166, 819, 777, 826, 744, 0.258686, 0.24542, 0.260897, 0.234997
3167, 819, 777, 827, 744, 0.258604, 0.245343, 0.26113, 0.234923
3168, 820, 777, 827, 744, 0.258838, 0.245265, 0.261048, 0.234848
3169, 820, 777, 828, 744, 0.258757, 0.245188, 0.261281, 0.234774
3170, 820, 778, 828, 744, 0.258675, 0.245426, 0.261199, 0.2347
3171, 820, 778, 828, 745, 0.258594, 0.245348, 0.261116, 0.234942
3172, 820, 778, 829, 745, 0.258512, 0.245271, 0.261349, 0.234868
3173, 820, 779, 829, 745, 0.258431, 0.245509, 0.261267, 0.234794
3174, 821, 779, 829, 745, 0.258664, 0.245432, 0.261185, 0.23472
3175, 821, 780, 829, 745, 0.258583, 0.245669, 0.261102, 0.234646
3176, 821, 781, 829, 745, 0.258501, 0.245907, 0.26102, 0.234572
3177, 821, 781, 829, 746, 0.25842, 0.245829, 0.260938, 0.234813
3178, 822, 781, 829, 746, 0.258653, 0.245752, 0.260856, 0.234739
3179, 823, 781, 829, 746, 0.258886, 0.245675, 0.260774, 0.234665
3180, 823, 781, 830, 746, 0.258805, 0.245597, 0.261006, 0.234591
3181, 823, 782, 830, 746, 0.258724, 0.245835, 0.260924, 0.234517
3182, 824, 782, 830, 746, 0.258957, 0.245757, 0.260842, 0.234444
3183, 824, 783, 830, 746, 0.258875, 0.245994, 0.26076, 0.23437
3184, 824, 784, 830, 746, 0.258794, 0.246231, 0.260678, 0.234296
3185, 824, 784, 831, 746, 0.258713, 0.246154, 0.260911, 0.234223
3186, 825, 784, 831, 746, 0.258945, 0.246077, 0.260829, 0.234149
3187, 826, 784, 831, 746, 0.259178, 0.245999, 0.260747, 0.234076
3188, 826, 784, 832, 746, 0.259097, 0.245922, 0.260979, 0.234003
3189, 826, 784, 833, 746, 0.259015, 0.245845, 0.26121, 0.233929
3190, 827, 784, 833, 746, 0.259248, 0.245768, 0.261129, 0.233856
3191, 827, 785, 833, 746, 0.259166, 0.246004, 0.261047, 0.233783
3192, 828, 785, 833, 746, 0.259398, 0.245927, 0.260965, 0.233709
3193, 829, 785, 833, 746, 0.25963, 0.24585, 0.260883, 0.233636
3194, 829, 785, 833, 747, 0.259549, 0.245773, 0.260802, 0.233876
3195, 829, 785, 834, 747, 0.259468, 0.245696, 0.261033, 0.233803
3196, 830, 785, 834, 747, 0.2597, 0.24562, 0.260951, 0.23373
3197, 830, 785, 834, 748, 0.259618, 0.245543, 0.26087, 0.233969
3198, 830, 786, 834, 748, 0.259537, 0.245779, 0.260788, 0.233896
3199, 831, 786, 834, 748, 0.259769, 0.245702, 0.260706, 0.233823
3200, 831, 786, 835, 748, 0.259688, 0.245625, 0.260937, 0.23375
3201, 831, 787, 835, 748, 0.259606, 0.245861, 0.260856, 0.233677
3202, 831, 787, 835, 749, 0.259525, 0.245784, 0.260775, 0.233916
3203, 831, 788, 835, 749, 0.259444, 0.246019, 0.260693, 0.233843
3204, 831, 788, 835, 750, 0.259363, 0.245943, 0.260612, 0.234082
3205, 831, 788, 836, 750, 0.259282, 0.245866, 0.260842, 0.234009
3206, 832, 788, 836, 750, 0.259513, 0.245789, 0.260761, 0.233936
3207, 832, 788, 836, 751, 0.259432, 0.245713, 0.26068, 0.234175
3208, 832, 788, 837, 751, 0.259352, 0.245636, 0.26091, 0.234102
3209, 832, 789, 837, 751, 0.259271, 0.245871, 0.260829, 0.234029
3210, 832, 789, 838, 751, 0.25919, 0.245794, 0.261059, 0.233956
3211, 832, 789, 839, 751, 0.259109, 0.245718, 0.261289, 0.233884
3212, 832, 790, 839, 751, 0.259029, 0.245953, 0.261208, 0.233811
3213, 832, 790, 839, 752, 0.258948, 0.245876, 0.261127, 0.234049
3214, 832, 790, 840, 752, 0.258867, 0.2458, 0.261357, 0.233976
3215, 833, 790, 840, 752, 0.259098, 0.245723, 0.261275, 0.233904
3216, 833, 790, 841, 752, 0.259017, 0.245647, 0.261505, 0.233831
3217, 833, 791, 841, 752, 0.258937, 0.245881, 0.261424, 0.233758
3218, 833, 792, 841, 752, 0.258856, 0.246116, 0.261342, 0.233686
3219, 833, 793, 841, 752, 0.258776, 0.24635, 0.261261, 0.233613
3220, 833, 794, 841, 752, 0.258696, 0.246584, 0.26118, 0.23354
3221, 833, 794, 841, 753, 0.258615, 0.246507, 0.261099, 0.233778
3222, 833, 794, 841, 754, 0.258535, 0.246431, 0.261018, 0.234016
3223, 834, 794, 841, 754, 0.258765, 0.246354, 0.260937, 0.233944
3224, 834, 794, 841, 755, 0.258685, 0.246278, 0.260856, 0.234181
3225, 834, 794, 841, 756, 0.258605, 0.246202, 0.260775, 0.234419
3226, 834, 794, 842, 756, 0.258524, 0.246125, 0.261004, 0.234346
3227, 834, 794, 842, 757, 0.258444, 0.246049, 0.260923, 0.234583
3228, 834, 795, 842, 757, 0.258364, 0.246283, 0.260843, 0.234511
3229, 835, 795, 842, 757, 0.258594, 0.246206, 0.260762, 0.234438
3230, 836, 795, 842, 757, 0.258824, 0.24613, 0.260681, 0.234365
3231, 836, 796, 842, 757, 0.258743, 0.246363, 0.2606, 0.234293
3232, 836, 796, 842, 758, 0.258663, 0.246287, 0.26052, 0.23453
3233, 836, 796, 843, 758, 0.258583, 0.246211, 0.260749, 0.234457
3234, 836, 797, 843, 758, 0.258503, 0.246444, 0.260668, 0.234385
3235, 836, 797, 843, 759, 0.258423, 0.246368, 0.260587, 0.234621
3236, 836, 797, 843, 760, 0.258344, 0.246292, 0.260507, 0.234858
3237, 837, 797, 843, 760, 0.258573, 0.246216, 0.260426, 0.234785
3238, 837, 798, 843, 760, 0.258493, 0.246448, 0.260346, 0.234713
3239, 837, 798, 844, 760, 0.258413, 0.246372, 0.260574, 0.23464
3240, 837, 799, 844, 760, 0.258333, 0.246605, 0.260494, 0.234568
3241, 837, 799, 845, 760, 0.258254, 0.246529, 0.260722, 0.234496
3242, 837, 800, 845, 760, 0.258174, 0.246761, 0.260642, 0.234423
3243, 838, 800, 845, 760, 0.258403, 0.246685, 0.260561, 0.234351
3244, 839, 800, 845, 760, 0.258631, 0.246609, 0.260481, 0.234279
3245, 840, 800, 845, 760, 0.25886, 0.246533, 0.260401, 0.234206
3246, 840, 801, 845, 760, 0.25878, 0.246765, 0.26032, 0.234134
3247, 840, 802, 845, 760, 0.2587, 0.246997, 0.26024, 0.234062
3248, 841, 802, 845, 760, 0.258929, 0.246921, 0.26016, 0.23399
3249, 842, 802, 845, 760, 0.259157, 0.246845, 0.26008, 0.233918
3250, 843, 802, 845, 760, 0.259385, 0.246769, 0.26, 0.233846
3251, 843, 803, 845, 760, 0.259305, 0.247001, 0.25992, 0.233774
3252, 843, 803, 846, 760, 0.259225, 0.246925, 0.260148, 0.233702
3253, 844, 803, 846, 760, 0.259453, 0.246849, 0.260068, 0.23363
3254, 844, 803, 846, 761, 0.259373, 0.246773, 0.259988, 0.233866
3255, 844, 803, 847, 761, 0.259293, 0.246697, 0.260215, 0.233794
3256, 844, 803, 848, 761, 0.259214, 0.246622, 0.260442, 0.233722
3257, 845, 803, 848, 761, 0.259441, 0.246546, 0.260362, 0.233651
3258, 845, 803, 848, 762, 0.259362, 0.24647, 0.260282, 0.233886
3259, 845, 804, 848, 762, 0.259282, 0.246701, 0.260203, 0.233814
3260, 846, 804, 848, 762, 0.259509, 0.246626, 0.260123, 0.233742
3261, 847, 804, 848, 762, 0.259736, 0.24655, 0.260043, 0.233671
3262, 848, 804, 848, 762, 0.259963, 0.246475, 0.259963, 0.233599
3263, 848, 804, 849, 762, 0.259884, 0.246399, 0.26019, 0.233527
3264, 848, 804, 850, 762, 0.259804, 0.246324, 0.260417, 0.233456
3265, 848, 804, 851, 762, 0.259724, 0.246248, 0.260643, 0.233384
3266, 848, 805, 851, 762, 0.259645, 0.246479, 0.260563, 0.233313
3267, 849, 805, 851, 762, 0.259871, 0.246403, 0.260484, 0.233242
3268, 849, 806, 851, 762, 0.259792, 0.246634, 0.260404, 0.23317
3269, 849, 807, 851, 762, 0.259712, 0.246864, 0.260324, 0.233099
3270, 849, 807, 851, 763, 0.259633, 0.246789, 0.260245, 0.233333
3271, 849, 807, 852, 763, 0.259554, 0.246714, 0.260471, 0.233262
3272, 850, 807, 852, 763, 0.25978, 0.246638, 0.260391, 0.233191
3273, 850, 808, 852, 763, 0.259701, 0.246868, 0.260312, 0.233119
3274, 850, 808, 852, 764, 0.259621, 0.246793, 0.260232, 0.233354
3275, 850, 809, 852, 764, 0.259542, 0.247023, 0.260153, 0.233282
3276, 851, 809, 852, 764, 0.259768, 0.246947, 0.260073, 0.233211
3277, 851, 809, 852, 765, 0.259689, 0.246872, 0.259994, 0.233445
3278, 851, 810, 852, 765, 0.25961, 0.247102, 0.259915, 0.233374
3279, 851, 810, 852, 766, 0.25953, 0.247027, 0.259835, 0.233608
3280, 851, 810, 853, 766, 0.259451, 0.246951, 0.260061, 0.233537
3281, 852, 810, 853, 766, 0.259677, 0.246876, 0.259982, 0.233465
3282, 852, 810, 854, 766, 0.259598, 0.246801, 0.260207, 0.233394
3283, 852, 810, 854, 767, 0.259519, 0.246726, 0.260128, 0.233628
3284, 852, 811, 854, 767, 0.25944, 0.246955, 0.260049, 0.233557
3285, 852, 812, 854, 767, 0.259361, 0.247184, 0.25997, 0.233486
3286, 852, 813, 854, 767, 0.259282, 0.247413, 0.25989, 0.233414
3287, 852, 813, 854, 768, 0.259203, 0.247338, 0.259811, 0.233648
3288, 852, 813, 855, 768, 0.259124, 0.247263, 0.260036, 0.233577
3289, 852, 813, 855, 769, 0.259045, 0.247188, 0.259957, 0.23381
3290, 852, 813, 855, 770, 0.258967, 0.247112, 0.259878, 0.234043
3291, 852, 813, 856, 770, 0.258888, 0.247037, 0.260103, 0.233971
3292, 853, 813, 856, 770, 0.259113, 0.246962, 0.260024, 0.2339
3293, 853, 813, 856, 771, 0.259034, 0.246887, 0.259945, 0.234133
3294, 853, 813, 857, 771, 0.258956, 0.246812, 0.26017, 0.234062
3295, 853, 813, 858, 771, 0.258877, 0.246737, 0.260395, 0.233991
3296, 854, 813, 858, 771, 0.259102, 0.246663, 0.260316, 0.23392
3297, 854, 814, 858, 771, 0.259023, 0.246891, 0.260237, 0.233849
3298, 854, 815, 858, 771, 0.258945, 0.247119, 0.260158, 0.233778
3299, 855, 815, 858, 771, 0.259169, 0.247045, 0.260079, 0.233707
3300, 855, 815, 858, 772, 0.259091, 0.24697, 0.26, 0.233939
3301, 855, 815, 858, 773, 0.259012, 0.246895, 0.259921, 0.234171
3302, 855, 815, 859, 773, 0.258934, 0.24682, 0.260145, 0.234101
3303, 855, 816, 859, 773, 0.258856, 0.247048, 0.260067, 0.23403
3304, 855, 816, 860, 773, 0.258777, 0.246973, 0.260291, 0.233959
3305, 855, 816, 861, 773, 0.258699, 0.246899, 0.260514, 0.233888
3306, 855, 816, 862, 773, 0.258621, 0.246824, 0.260738, 0.233817
3307, 855, 816, 862, 774, 0.258542, 0.246749, 0.260659, 0.234049
3308, 856, 816, 862, 774, 0.258767, 0.246675, 0.26058, 0.233978
3309, 856, 817, 862, 774, 0.258688, 0.246902, 0.260502, 0.233908
3310, 856, 817, 863, 774, 0.25861, 0.246828, 0.260725, 0.233837
3311, 857, 817, 863, 774, 0.258834, 0.246753, 0.260646, 0.233766
3312, 857, 818, 863, 774, 0.258756, 0.246981, 0.260568, 0.233696
3313, 857, 818, 863, 775, 0.258678, 0.246906, 0.260489, 0.233927
3314, 857, 818, 863, 776, 0.2586, 0.246832, 0.26041, 0.234158
3315, 857, 818, 863, 777, 0.258522, 0.246757, 0.260332, 0.234389
3316, 858, 818, 863, 777, 0.258745, 0.246683, 0.260253, 0.234318
3317, 858, 819, 863, 777, 0.258667, 0.24691, 0.260175, 0.234248
3318, 858, 819, 864, 777, 0.25859, 0.246835, 0.260398, 0.234177
3319, 858, 819, 865, 777, 0.258512, 0.246761, 0.260621, 0.234107
3320, 858, 819, 866, 777, 0.258434, 0.246687, 0.260843, 0.234036
3321, 858, 820, 866, 777, 0.258356, 0.246914, 0.260765, 0.233966
3322, 859, 820, 866, 777, 0.258579, 0.246839, 0.260686, 0.233895
3323, 859, 821, 866, 777, 0.258501, 0.247066, 0.260608, 0.233825
3324, 860, 821, 866, 777, 0.258724, 0.246992, 0.260529, 0.233755
3325, 860, 822, 866, 777, 0.258647, 0.247218, 0.260451, 0.233684
3326, 861, 822, 866, 777, 0.25887, 0.247144, 0.260373, 0.233614
3327, 861, 823, 866, 777, 0.258792, 0.24737, 0.260295, 0.233544
3328, 861, 824, 866, 777, 0.258714, 0.247596, 0.260216, 0.233474
3329, 862, 824, 866, 777, 0.258937, 0.247522, 0.260138, 0.233403
3330, 863, 824, 866, 777, 0.259159, 0.247447, 0.26006, 0.233333
3331, 863, 824, 867, 777, 0.259081, 0.247373, 0.260282, 0.233263
3332, 863, 824, 867, 778, 0.259004, 0.247299, 0.260204, 0.233493
3333, 863, 824, 868, 778, 0.258926, 0.247225, 0.260426, 0.233423
3334, 863, 824, 869, 778, 0.258848, 0.247151, 0.260648, 0.233353
3335, 863, 824, 870, 778, 0.258771, 0.247076, 0.26087, 0.233283
3336, 863, 824, 870, 779, 0.258693, 0.247002, 0.260791, 0.233513
3337, 863, 825, 870, 779, 0.258616, 0.247228, 0.260713, 0.233443
3338, 863, 825, 871, 779, 0.258538, 0.247154, 0.260935, 0.233373
3339, 864, 825, 871, 779, 0.25876, 0.24708, 0.260857, 0.233303
3340, 865, 825, 871, 779, 0.258982, 0.247006, 0.260778, 0.233234
3341, 865, 825, 872, 779, 0.258905, 0.246932, 0.261, 0.233164
3342, 865, 825, 873, 779, 0.258827, 0.246858, 0.261221, 0.233094
3343, 865, 826, 873, 779, 0.25875, 0.247083, 0.261143, 0.233024
3344, 865, 827, 873, 779, 0.258672, 0.247309, 0.261065, 0.232955
3345, 866, 827, 873, 779, 0.258894, 0.247235, 0.260987, 0.232885
3346, 866, 827, 873, 780, 0.258816, 0.247161, 0.260909, 0.233114
3347, 866, 827, 873, 781, 0.258739, 0.247087, 0.260831, 0.233343
3348, 866, 827, 874, 781, 0.258662, 0.247013, 0.261051, 0.233274
3349, 866, 828, 874, 781, 0.258585, 0.247238, 0.260973, 0.233204
3350, 866, 829, 874, 781, 0.258507, 0.247463, 0.260896, 0.233134
3351, 867, 829, 874, 781, 0.258729, 0.247389, 0.260818, 0.233065
3352, 867, 829, 874, 782, 0.258652, 0.247315, 0.26074, 0.233294
3353, 867, 830, 874, 782, 0.258574, 0.24754, 0.260662, 0.233224
3354, 867, 831, 874, 782, 0.258497, 0.247764, 0.260584, 0.233154
3355, 867, 831, 874, 783, 0.25842, 0.24769, 0.260507, 0.233383
3356, 868, 831, 874, 783, 0.258641, 0.247616, 0.260429, 0.233313
3357, 869, 831, 874, 783, 0.258862, 0.247542, 0.260352, 0.233244
3358, 870, 831, 874, 783, 0.259083, 0.247469, 0.260274, 0.233175
3359, 871, 831, 874, 783, 0.259303, 0.247395, 0.260196, 0.233105
3360, 871, 831, 875, 783, 0.259226, 0.247321, 0.260417, 0.233036
3361, 871, 832, 875, 783, 0.259149, 0.247545, 0.260339, 0.232966
3362, 871, 832, 875, 784, 0.259072, 0.247472, 0.260262, 0.233195
3363, 871, 832, 876, 784, 0.258995, 0.247398, 0.260482, 0.233125
3364, 872, 832, 876, 784, 0.259215, 0.247325, 0.260404, 0.233056
3365, 872, 832, 877, 784, 0.259138, 0.247251, 0.260624, 0.232987
3366, 872, 832, 877, 785, 0.259061, 0.247178, 0.260547, 0.233214
3367, 873, 832, 877, 785, 0.259281, 0.247104, 0.260469, 0.233145
3368, 874, 832, 877, 785, 0.259501, 0.247031, 0.260392, 0.233076
3369, 874, 832, 878, 785, 0.259424, 0.246958, 0.260611, 0.233007
3370, 874, 832, 879, 785, 0.259347, 0.246884, 0.260831, 0.232938
3371, 874, 832, 880, 785, 0.25927, 0.246811, 0.26105, 0.232869
3372, 874, 832, 881, 785, 0.259193, 0.246738, 0.261269, 0.2328
3373, 875, 832, 881, 785, 0.259413, 0.246665, 0.261192, 0.232731
3374, 876, 832, 881, 785, 0.259632, 0.246592, 0.261114, 0.232662
3375, 876, 832, 881, 786, 0.259556, 0.246519, 0.261037, 0.232889
3376, 877, 832, 881, 786, 0.259775, 0.246445, 0.26096, 0.23282
3377, 877, 832, 881, 787, 0.259698, 0.246373, 0.260882, 0.233047
3378, 877, 832, 881, 788, 0.259621, 0.2463, 0.260805, 0.233274
3379, 877, 832, 882, 788, 0.259544, 0.246227, 0.261024, 0.233205
3380, 877, 832, 882, 789, 0.259467, 0.246154, 0.260947, 0.233432
3381, 877, 833, 882, 789, 0.259391, 0.246377, 0.26087, 0.233363
3382, 878, 833, 882, 789, 0.25961, 0.246304, 0.260792, 0.233294
3383, 878, 833, 883, 789, 0.259533, 0.246231, 0.261011, 0.233225
3384, 878, 833, 883, 790, 0.259456, 0.246158, 0.260934, 0.233452
3385, 879, 833, 883, 790, 0.259675, 0.246086, 0.260857, 0.233383
3386, 880, 833, 883, 790, 0.259894, 0.246013, 0.26078, 0.233314
3387, 880, 833, 884, 790, 0.259817, 0.24594, 0.260998, 0.233245
3388, 880, 834, 884, 790, 0.25974, 0.246163, 0.260921, 0.233176
3389, 881, 834, 884, 790, 0.259959, 0.24609, 0.260844, 0.233107
3390, 882, 834, 884, 790, 0.260177, 0.246018, 0.260767, 0.233038
3391, 882, 835, 884, 790, 0.2601, 0.24624, 0.26069, 0.23297
3392, 882, 835, 884, 791, 0.260024, 0.246167, 0.260613, 0.233196
3393, 882, 836, 884, 791, 0.259947, 0.24639, 0.260536, 0.233127
3394, 883, 836, 884, 791, 0.260165, 0.246317, 0.26046, 0.233058
3395, 883, 836, 885, 791, 0.260088, 0.246244, 0.260677, 0.23299
3396, 883, 836, 885, 792, 0.260012, 0.246172, 0.260601, 0.233216
3397, 883, 837, 885, 792, 0.259935, 0.246394, 0.260524, 0.233147
3398, 883, 838, 885, 792, 0.259859, 0.246616, 0.260447, 0.233078
3399, 883, 838, 886, 792, 0.259782, 0.246543, 0.260665, 0.23301
3400, 883, 838, 887, 792, 0.259706, 0.246471, 0.260882, 0.232941
3401, 883, 838, 888, 792, 0.25963, 0.246398, 0.2611, 0.232873
3402, 884, 838, 888, 792, 0.259847, 0.246326, 0.261023, 0.232804
3403, 884, 838, 889, 792, 0.259771, 0.246253, 0.26124, 0.232736
3404, 884, 839, 889, 792, 0.259694, 0.246475, 0.261163, 0.232667
3405, 884, 839, 890, 792, 0.259618, 0.246402, 0.26138, 0.232599
3406, 884, 839, 891, 792, 0.259542, 0.24633, 0.261597, 0.232531
3407, 884, 840, 891, 792, 0.259466, 0.246551, 0.26152, 0.232463
3408, 884, 841, 891, 792, 0.25939, 0.246772, 0.261444, 0.232394
3409, 884, 841, 892, 792, 0.259314, 0.2467, 0.26166, 0.232326
3410, 884, 841, 892, 793, 0.259238, 0.246628, 0.261584, 0.232551
3411, 884, 842, 892, 793, 0.259162, 0.246848, 0.261507, 0.232483
3412, 884, 842, 893, 793, 0.259086, 0.246776, 0.261723, 0.232415
3413, 884, 842, 893, 794, 0.25901, 0.246704, 0.261647, 0.23264
3414, 884, 842, 893, 795, 0.258934, 0.246632, 0.26157, 0.232865
3415, 884, 842, 893, 796, 0.258858, 0.246559, 0.261493, 0.233089
3416, 885, 842, 893, 796, 0.259075, 0.246487, 0.261417, 0.233021
3417, 886, 842, 893, 796, 0.259292, 0.246415, 0.26134, 0.232953
3418, 886, 842, 893, 797, 0.259216, 0.246343, 0.261264, 0.233177
3419, 886, 843, 893, 797, 0.25914, 0.246563, 0.261187, 0.233109
3420, 886, 843, 893, 798, 0.259064, 0.246491, 0.261111, 0.233333
3421, 887, 843, 893, 798, 0.259281, 0.246419, 0.261035, 0.233265
3422, 887, 843, 893, 799, 0.259205, 0.246347, 0.260959, 0.233489
3423, 888, 843, 893, 799, 0.259422, 0.246275, 0.260882, 0.233421
3424, 889, 843, 893, 799, 0.259638, 0.246203, 0.260806, 0.233353
3425, 890, 843, 893, 799, 0.259854, 0.246131, 0.26073, 0.233285
3426, 890, 844, 893, 799, 0.259778, 0.246351, 0.260654, 0.233217
3427, 890, 844, 894, 799, 0.259702, 0.24628, 0.26087, 0.233149
3428, 891, 844, 894, 799, 0.259918, 0.246208, 0.260793, 0.233081
3429, 891, 845, 894, 799, 0.259843, 0.246428, 0.260717, 0.233013
3430, 892, 845, 894, 799, 0.260058, 0.246356, 0.260641, 0.232945
3431, 893, 845, 894, 799, 0.260274, 0.246284, 0.260565, 0.232877
3432, 893, 845, 895, 799, 0.260198, 0.246212, 0.260781, 0.232809
3433, 893, 845, 895, 800, 0.260122, 0.24614, 0.260705, 0.233032
3434, 893, 846, 895, 800, 0.260047, 0.24636, 0.260629, 0.232964
3435, 894, 846, 895, 800, 0.260262, 0.246288, 0.260553, 0.232897
3436, 895, 846, 895, 800, 0.260477, 0.246217, 0.260477, 0.232829
3437, 895, 846, 896, 800, 0.260402, 0.246145, 0.260692, 0.232761
3438, 895, 846, 896, 801, 0.260326, 0.246073, 0.260617, 0.232984
3439, 895, 846, 897, 801, 0.26025, 0.246002, 0.260832, 0.232917
3440, 895, 846, 897, 802, 0.260174, 0.24593, 0.260756, 0.23314
3441, 895, 847, 897, 802, 0.260099, 0.246149, 0.26068, 0.233072
3442, 895, 847, 898, 802, 0.260023, 0.246078, 0.260895, 0.233004
3443, 895, 848, 898, 802, 0.259948, 0.246297, 0.260819, 0.232936
3444, 895, 848, 898, 803, 0.259872, 0.246225, 0.260743, 0.233159
3445, 895, 849, 898, 803, 0.259797, 0.246444, 0.260668, 0.233091
3446, 895, 850, 898, 803, 0.259721, 0.246663, 0.260592, 0.233024
3447, 895, 851, 898, 803, 0.259646, 0.246881, 0.260516, 0.232956
3448, 895, 852, 898, 803, 0.259571, 0.2471, 0.260441, 0.232889
3449, 896, 852, 898, 803, 0.259785, 0.247028, 0.260365, 0.232821
3450, 897, 852, 898, 803, 0.26, 0.246957, 0.26029, 0.232754
3451, 897, 852, 898, 804, 0.259925, 0.246885, 0.260214, 0.232976
3452, 898, 852, 898, 804, 0.260139, 0.246813, 0.260139, 0.232908
3453, 898, 853, 898, 804, 0.260064, 0.247032, 0.260064, 0.232841
3454, 898, 854, 898, 804, 0.259988, 0.24725, 0.259988, 0.232774
3455, 898, 855, 898, 804, 0.259913, 0.247467, 0.259913, 0.232706
3456, 899, 855, 898, 804, 0.260127, 0.247396, 0.259838, 0.232639
3457, 899, 856, 898, 804, 0.260052, 0.247614, 0.259763, 0.232572
3458, 900, 856, 898, 804, 0.260266, 0.247542, 0.259688, 0.232504
3459, 901, 856, 898, 804, 0.26048, 0.24747, 0.259613, 0.232437
3460, 901, 856, 898, 805, 0.260405, 0.247399, 0.259538, 0.232659
3461, 901, 856, 898, 806, 0.260329, 0.247327, 0.259463, 0.232881
3462, 901, 856, 899, 806, 0.260254, 0.247256, 0.259676, 0.232813
3463, 901, 857, 899, 806, 0.260179, 0.247473, 0.259602, 0.232746
3464, 901, 858, 899, 806, 0.260104, 0.247691, 0.259527, 0.232679
3465, 901, 859, 899, 806, 0.260029, 0.247908, 0.259452, 0.232612
3466, 902, 859, 899, 806, 0.260242, 0.247836, 0.259377, 0.232545
3467, 902, 860, 899, 806, 0.260167, 0.248053, 0.259302, 0.232478
3468, 902, 861, 899, 806, 0.260092, 0.24827, 0.259227, 0.232411
3469, 902, 861, 900, 806, 0.260017, 0.248198, 0.259441, 0.232344
3470, 903, 861, 900, 806, 0.260231, 0.248127, 0.259366, 0.232277
3471, 903, 862, 900, 806, 0.260156, 0.248343, 0.259291, 0.23221
3472, 903, 863, 900, 806, 0.260081, 0.24856, 0.259217, 0.232143
3473, 903, 863, 900, 807, 0.260006, 0.248488, 0.259142, 0.232364
3474, 903, 864, 900, 807, 0.259931, 0.248705, 0.259067, 0.232297
3475, 903, 864, 900, 808, 0.259856, 0.248633, 0.258993, 0.232518
3476, 903, 864, 900, 809, 0.259781, 0.248562, 0.258918, 0.232739
3477, 904, 864, 900, 809, 0.259994, 0.24849, 0.258844, 0.232672
3478, 904, 864, 901, 809, 0.259919, 0.248419, 0.259057, 0.232605
3479, 904, 865, 901, 809, 0.259845, 0.248635, 0.258982, 0.232538
3480, 905, 865, 901, 809, 0.260057, 0.248563, 0.258908, 0.232471
3481, 905, 866, 901, 809, 0.259983, 0.248779, 0.258834, 0.232404
3482, 905, 867, 901, 809, 0.259908, 0.248995, 0.258759, 0.232338
3483, 905, 868, 901, 809, 0.259833, 0.24921, 0.258685, 0.232271
3484, 906, 868, 901, 809, 0.260046, 0.249139, 0.258611, 0.232204
3485, 906, 868, 902, 809, 0.259971, 0.249067, 0.258824, 0.232138
3486, 906, 868, 902, 810, 0.259897, 0.248996, 0.258749, 0.232358
3487, 907, 868, 902, 810, 0.260109, 0.248925, 0.258675, 0.232291
3488, 907, 869, 902, 810, 0.260034, 0.24914, 0.258601, 0.232225
3489, 907, 869, 903, 810, 0.25996, 0.249069, 0.258813, 0.232158
3490, 907, 869, 903, 811, 0.259885, 0.248997, 0.258739, 0.232378
3491, 907, 870, 903, 811, 0.259811, 0.249212, 0.258665, 0.232312
3492, 907, 871, 903, 811, 0.259737, 0.249427, 0.258591, 0.232245
3493, 907, 872, 903, 811, 0.259662, 0.249642, 0.258517, 0.232179
3494, 907, 872, 903, 812, 0.259588, 0.249571, 0.258443, 0.232398
3495, 908, 872, 903, 812, 0.2598, 0.249499, 0.258369, 0.232332
3496, 908, 872, 904, 812, 0.259725, 0.249428, 0.258581, 0.232265
3497, 908, 873, 904, 812, 0.259651, 0.249643, 0.258507, 0.232199
3498, 909, 873, 904, 812, 0.259863, 0.249571, 0.258433, 0.232133
3499, 909, 873, 905, 812, 0.259789, 0.2495, 0.258645, 0.232066
3500, 909, 873, 906, 812, 0.259714, 0.249429, 0.258857, 0.232
3501, 909, 873, 906, 813, 0.25964, 0.249357, 0.258783, 0.232219
3502, 909, 873, 907, 813, 0.259566, 0.249286, 0.258995, 0.232153
3503, 909, 873, 908, 813, 0.259492, 0.249215, 0.259206, 0.232087
3504, 909, 874, 908, 813, 0.259418, 0.249429, 0.259132, 0.232021
3505, 909, 874, 908, 814, 0.259344, 0.249358, 0.259058, 0.23224
3506, 910, 874, 908, 814, 0.259555, 0.249287, 0.258985, 0.232173
3507, 910, 874, 909, 814, 0.259481, 0.249216, 0.259196, 0.232107
3508, 910, 874, 910, 814, 0.259407, 0.249145, 0.259407, 0.232041
3509, 910, 874, 910, 815, 0.259333, 0.249074, 0.259333, 0.23226
3510, 911, 874, 910, 815, 0.259544, 0.249003, 0.259259, 0.232194
3511, 911, 874, 911, 815, 0.25947, 0.248932, 0.25947, 0.232128
3512, 912, 874, 911, 815, 0.259681, 0.248861, 0.259396, 0.232062
3513, 912, 875, 911, 815, 0.259607, 0.249075, 0.259323, 0.231995
3514, 913, 875, 911, 815, 0.259818, 0.249004, 0.259249, 0.231929
3515, 913, 875, 912, 815, 0.259744, 0.248933, 0.259459, 0.231863
3516, 913, 875, 913, 815, 0.25967, 0.248862, 0.25967, 0.231797
3517, 913, 875, 914, 815, 0.259596, 0.248792, 0.259881, 0.231732
3518, 913, 875, 914, 816, 0.259522, 0.248721, 0.259807, 0.23195
3519, 914, 875, 914, 816, 0.259733, 0.24865, 0.259733, 0.231884
3520, 914, 875, 914, 817, 0.259659, 0.24858, 0.259659, 0.232102
3521, 914, 875, 915, 817, 0.259585, 0.248509, 0.259869, 0.232036
3522, 914, 875, 915, 818, 0.259512, 0.248438, 0.259796, 0.232254
3523, 914, 875, 915, 819, 0.259438, 0.248368, 0.259722, 0.232472
3524, 914, 875, 915, 820, 0.259364, 0.248297, 0.259648, 0.23269
3525, 914, 875, 915, 821, 0.259291, 0.248227, 0.259574, 0.232908
3526, 914, 875, 916, 821, 0.259217, 0.248157, 0.259784, 0.232842
3527, 915, 875, 916, 821, 0.259427, 0.248086, 0.259711, 0.232776
3528, 916, 875, 916, 821, 0.259637, 0.248016, 0.259637, 0.23271
3529, 916, 875, 917, 821, 0.259564, 0.247946, 0.259847, 0.232644
3530, 916, 876, 917, 821, 0.25949, 0.248159, 0.259773, 0.232578
3531, 916, 876, 917, 822, 0.259417, 0.248088, 0.2597, 0.232795
3532, 917, 876, 917, 822, 0.259626, 0.248018, 0.259626, 0.232729
3533, 918, 876, 917, 822, 0.259836, 0.247948, 0.259553, 0.232663
3534, 919, 876, 917, 822, 0.260045, 0.247878, 0.259479, 0.232598
3535, 919, 876, 917, 823, 0.259972, 0.247808, 0.259406, 0.232815
3536, 919, 877, 917, 823, 0.259898, 0.24802, 0.259333, 0.232749
3537, 919, 878, 917, 823, 0.259825, 0.248233, 0.259259, 0.232683
3538, 920, 878, 917, 823, 0.260034, 0.248163, 0.259186, 0.232617
3539, 920, 878, 918, 823, 0.25996, 0.248093, 0.259395, 0.232552
3540, 920, 878, 918, 824, 0.259887, 0.248023, 0.259322, 0.232768
3541, 920, 878, 918, 825, 0.259814, 0.247953, 0.259249, 0.232985
3542, 920, 878, 918, 826, 0.25974, 0.247883, 0.259176, 0.233202
3543, 921, 878, 918, 826, 0.259949, 0.247813, 0.259102, 0.233136
3544, 922, 878, 918, 826, 0.260158, 0.247743, 0.259029, 0.23307
3545, 922, 878, 918, 827, 0.260085, 0.247673, 0.258956, 0.233286
3546, 923, 878, 918, 827, 0.260293, 0.247603, 0.258883, 0.233221
3547, 923, 879, 918, 827, 0.26022, 0.247815, 0.25881, 0.233155
3548, 923, 879, 919, 827, 0.260147, 0.247745, 0.259019, 0.233089
3549, 924, 879, 919, 827, 0.260355, 0.247675, 0.258946, 0.233023
3550, 924, 879, 919, 828, 0.260282, 0.247606, 0.258873, 0.233239
3551, 924, 879, 919, 829, 0.260208, 0.247536, 0.2588, 0.233455
3552, 924, 880, 919, 829, 0.260135, 0.247748, 0.258727, 0.23339
3553, 924, 880, 920, 829, 0.260062, 0.247678, 0.258936, 0.233324
3554, 924, 881, 920, 829, 0.259989, 0.24789, 0.258863, 0.233258
3555, 924, 882, 920, 829, 0.259916, 0.248101, 0.25879, 0.233193
3556, 925, 882, 920, 829, 0.260124, 0.248031, 0.258718, 0.233127
3557, 925, 882, 920, 830, 0.260051, 0.247962, 0.258645, 0.233343
3558, 925, 883, 920, 830, 0.259978, 0.248173, 0.258572, 0.233277
3559, 925, 883, 921, 830, 0.259904, 0.248103, 0.258781, 0.233212
3560, 925, 884, 921, 830, 0.259831, 0.248315, 0.258708, 0.233146
3561, 925, 884, 922, 830, 0.259758, 0.248245, 0.258916, 0.233081
3562, 925, 884, 922, 831, 0.259686, 0.248175, 0.258843, 0.233296
3563, 925, 885, 922, 831, 0.259613, 0.248386, 0.258771, 0.23323
3564, 926, 885, 922, 831, 0.25982, 0.248316, 0.258698, 0.233165
3565, 926, 885, 923, 831, 0.259748, 0.248247, 0.258906, 0.2331
3566, 926, 885, 924, 831, 0.259675, 0.248177, 0.259114, 0.233034
3567, 927, 885, 924, 831, 0.259882, 0.248108, 0.259041, 0.232969
3568, 927, 885, 924, 832, 0.259809, 0.248038, 0.258969, 0.233184
3569, 927, 885, 924, 833, 0.259737, 0.247969, 0.258896, 0.233399
3570, 927, 885, 924, 834, 0.259664, 0.247899, 0.258824, 0.233613
3571, 927, 885, 925, 834, 0.259591, 0.24783, 0.259031, 0.233548
3572, 927, 885, 925, 835, 0.259518, 0.24776, 0.258959, 0.233763
3573, 928, 885, 925, 835, 0.259726, 0.247691, 0.258886, 0.233697
3574, 929, 885, 925, 835, 0.259933, 0.247622, 0.258814, 0.233632
3575, 929, 885, 925, 836, 0.25986, 0.247552, 0.258741, 0.233846
3576, 929, 885, 926, 836, 0.259787, 0.247483, 0.258949, 0.233781
3577, 929, 885, 927, 836, 0.259715, 0.247414, 0.259156, 0.233715
3578, 929, 886, 927, 836, 0.259642, 0.247624, 0.259083, 0.23365
3579, 929, 886, 927, 837, 0.25957, 0.247555, 0.259011, 0.233864
3580, 930, 886, 927, 837, 0.259777, 0.247486, 0.258939, 0.233799
3581, 930, 886, 927, 838, 0.259704, 0.247417, 0.258866, 0.234013
3582, 930, 886, 927, 839, 0.259631, 0.247348, 0.258794, 0.234227
3583, 930, 887, 927, 839, 0.259559, 0.247558, 0.258722, 0.234161
3584, 930, 888, 927, 839, 0.259487, 0.247768, 0.25865, 0.234096
3585, 930, 888, 927, 840, 0.259414, 0.247699, 0.258577, 0.23431
3586, 930, 889, 927, 840, 0.259342, 0.247909, 0.258505, 0.234244
3587, 930, 890, 927, 840, 0.25927, 0.248118, 0.258433, 0.234179
3588, 930, 891, 927, 840, 0.259197, 0.248328, 0.258361, 0.234114
3589, 930, 891, 928, 840, 0.259125, 0.248259, 0.258568, 0.234048
3590, 930, 891, 929, 840, 0.259053, 0.248189, 0.258774, 0.233983
3591, 930, 891, 929, 841, 0.258981, 0.24812, 0.258702, 0.234197
3592, 930, 891, 929, 842, 0.258909, 0.248051, 0.25863, 0.23441
3593, 930, 891, 929, 843, 0.258837, 0.247982, 0.258558, 0.234623
3594, 931, 891, 929, 843, 0.259043, 0.247913, 0.258486, 0.234558
3595, 931, 891, 929, 844, 0.258971, 0.247844, 0.258414, 0.234771
3596, 932, 891, 929, 844, 0.259177, 0.247775, 0.258343, 0.234705
3597, 932, 891, 930, 844, 0.259105, 0.247706, 0.258549, 0.23464
3598, 932, 891, 931, 844, 0.259033, 0.247638, 0.258755, 0.234575
3599, 932, 891, 932, 844, 0.258961, 0.247569, 0.258961, 0.23451
3600, 932, 891, 933, 844, 0.258889, 0.2475, 0.259167, 0.234444
3601, 932, 891, 933, 845, 0.258817, 0.247431, 0.259095, 0.234657
3602, 933, 891, 933, 845, 0.259023, 0.247363, 0.259023, 0.234592
3603, 933, 891, 933, 846, 0.258951, 0.247294, 0.258951, 0.234804
3604, 933, 892, 933, 846, 0.258879, 0.247503, 0.258879, 0.234739
3605, 933, 893, 933, 846, 0.258807, 0.247712, 0.258807, 0.234674
3606, 933, 894, 933, 846, 0.258735, 0.24792, 0.258735, 0.234609
3607, 933, 895, 933, 846, 0.258664, 0.248129, 0.258664, 0.234544
3608, 933, 896, 933, 846, 0.258592, 0.248337, 0.258592, 0.234479
3609, 933, 896, 934, 846, 0.25852, 0.248268, 0.258797, 0.234414
3610, 933, 897, 934, 846, 0.258449, 0.248476, 0.258726, 0.234349
3611, 933, 897, 935, 846, 0.258377, 0.248408, 0.258931, 0.234284
3612, 933, 897, 936, 846, 0.258306, 0.248339, 0.259136, 0.234219
3613, 933, 898, 936, 846, 0.258234, 0.248547, 0.259064, 0.234154
3614, 934, 898, 936, 846, 0.258439, 0.248478, 0.258993, 0.23409
3615, 934, 898, 936, 847, 0.258368, 0.248409, 0.258921, 0.234302
3616, 934, 898, 937, 847, 0.258296, 0.248341, 0.259126, 0.234237
3617, 934, 898, 937, 848, 0.258225, 0.248272, 0.259054, 0.234448
3618, 934, 898, 937, 849, 0.258154, 0.248203, 0.258983, 0.23466
3619, 935, 898, 937, 849, 0.258359, 0.248135, 0.258911, 0.234595
3620, 935, 898, 938, 849, 0.258287, 0.248066, 0.259116, 0.23453
3621, 935, 898, 938, 850, 0.258216, 0.247998, 0.259044, 0.234742
3622, 935, 899, 938, 850, 0.258145, 0.248205, 0.258973, 0.234677
3623, 935, 900, 938, 850, 0.258073, 0.248413, 0.258901, 0.234612
3624, 935, 900, 938, 851, 0.258002, 0.248344, 0.25883, 0.234823
3625, 935, 900, 939, 851, 0.257931, 0.248276, 0.259034, 0.234759
3626, 935, 900, 939, 852, 0.25786, 0.248207, 0.258963, 0.23497
3627, 935, 900, 939, 853, 0.257789, 0.248139, 0.258892, 0.235181
3628, 935, 901, 939, 853, 0.257718, 0.248346, 0.25882, 0.235116
3629, 935, 901, 939, 854, 0.257647, 0.248278, 0.258749, 0.235327
3630, 935, 902, 939, 854, 0.257576, 0.248485, 0.258678, 0.235262
3631, 935, 903, 939, 854, 0.257505, 0.248692, 0.258606, 0.235197
3632, 935, 904, 939, 854, 0.257434, 0.248899, 0.258535, 0.235132
3633, 935, 905, 939, 854, 0.257363, 0.249105, 0.258464, 0.235067
3634, 936, 905, 939, 854, 0.257567, 0.249037, 0.258393, 0.235003
3635, 936, 905, 940, 854, 0.257497, 0.248968, 0.258597, 0.234938
3636, 937, 905, 940, 854, 0.257701, 0.2489, 0.258526, 0.234873
3637, 938, 905, 940, 854, 0.257905, 0.248831, 0.258455, 0.234809
3638, 938, 905, 940, 855, 0.257834, 0.248763, 0.258384, 0.235019
3639, 938, 905, 940, 856, 0.257763, 0.248695, 0.258313, 0.235229
3640, 938, 905, 940, 857, 0.257692, 0.248626, 0.258242, 0.23544
3641, 939, 905, 940, 857, 0.257896, 0.248558, 0.258171, 0.235375
3642, 939, 906, 940, 857, 0.257825, 0.248764, 0.2581, 0.23531
3643, 939, 906, 941, 857, 0.257755, 0.248696, 0.258304, 0.235246
3644, 939, 906, 942, 857, 0.257684, 0.248628, 0.258507, 0.235181
3645, 939, 907, 942, 857, 0.257613, 0.248834, 0.258436, 0.235117
3646, 939, 907, 942, 858, 0.257543, 0.248766, 0.258365, 0.235326
3647, 939, 907, 942, 859, 0.257472, 0.248698, 0.258294, 0.235536
3648, 939, 908, 942, 859, 0.257401, 0.248904, 0.258224, 0.235471
3649, 939, 909, 942, 859, 0.257331, 0.249109, 0.258153, 0.235407
3650, 939, 910, 942, 859, 0.25726, 0.249315, 0.258082, 0.235342
3651, 940, 910, 942, 859, 0.257464, 0.249247, 0.258012, 0.235278
3652, 940, 910, 942, 860, 0.257393, 0.249179, 0.257941, 0.235487
3653, 941, 910, 942, 860, 0.257596, 0.24911, 0.25787, 0.235423
3654, 941, 910, 942, 861, 0.257526, 0.249042, 0.2578, 0.235632
3655, 942, 910, 942, 861, 0.257729, 0.248974, 0.257729, 0.235568
3656, 942, 910, 942, 862, 0.257659, 0.248906, 0.257659, 0.235777
3657, 942, 910, 943, 862, 0.257588, 0.248838, 0.257862, 0.235712
3658, 942, 910, 944, 862, 0.257518, 0.24877, 0.258065, 0.235648
3659, 942, 910, 945, 862, 0.257447, 0.248702, 0.258267, 0.235583
3660, 942, 910, 946, 862, 0.257377, 0.248634, 0.25847, 0.235519
3661, 942, 911, 946, 862, 0.257307, 0.248839, 0.258399, 0.235455
3662, 942, 911, 946, 863, 0.257236, 0.248771, 0.258329, 0.235664
3663, 942, 912, 946, 863, 0.257166, 0.248976, 0.258258, 0.235599
3664, 942, 913, 946, 863, 0.257096, 0.249181, 0.258188, 0.235535
3665, 942, 913, 946, 864, 0.257026, 0.249113, 0.258117, 0.235744
3666, 942, 913, 946, 865, 0.256956, 0.249045, 0.258047, 0.235952
3667, 942, 913, 946, 866, 0.256886, 0.248977, 0.257977, 0.23616
3668, 942, 914, 946, 866, 0.256816, 0.249182, 0.257906, 0.236096
3669, 942, 915, 946, 866, 0.256746, 0.249387, 0.257836, 0.236032
3670, 942, 915, 946, 867, 0.256676, 0.249319, 0.257766, 0.23624
3671, 942, 915, 947, 867, 0.256606, 0.249251, 0.257968, 0.236175
3672, 943, 915, 947, 867, 0.256808, 0.249183, 0.257898, 0.236111
3673, 943, 916, 947, 867, 0.256738, 0.249387, 0.257827, 0.236047
3674, 943, 917, 947, 867, 0.256668, 0.249592, 0.257757, 0.235983
3675, 943, 917, 948, 867, 0.256599, 0.249524, 0.257959, 0.235918
3676, 943, 917, 949, 867, 0.256529, 0.249456, 0.258161, 0.235854
3677, 944, 917, 949, 867, 0.256731, 0.249388, 0.258091, 0.23579
3678, 944, 917, 950, 867, 0.256661, 0.24932, 0.258293, 0.235726
3679, 944, 917, 950, 868, 0.256591, 0.249253, 0.258222, 0.235934
3680, 945, 917, 950, 868, 0.256793, 0.249185, 0.258152, 0.23587
3681, 945, 917, 950, 869, 0.256724, 0.249117, 0.258082, 0.236077
3682, 945, 917, 951, 869, 0.256654, 0.249049, 0.258284, 0.236013
3683, 946, 917, 951, 869, 0.256856, 0.248982, 0.258213, 0.235949
3684, 946, 917, 952, 869, 0.256786, 0.248914, 0.258415, 0.235885
3685, 946, 917, 952, 870, 0.256716, 0.248847, 0.258345, 0.236092
3686, 946, 917, 952, 871, 0.256647, 0.248779, 0.258275, 0.2363
3687, 946, 917, 953, 871, 0.256577, 0.248712, 0.258476, 0.236235
3688, 946, 917, 953, 872, 0.256508, 0.248644, 0.258406, 0.236443
3689, 947, 917, 953, 872, 0.256709, 0.248577, 0.258336, 0.236378
3690, 947, 918, 953, 872, 0.25664, 0.24878, 0.258266, 0.236314
3691, 947, 918, 953, 873, 0.25657, 0.248713, 0.258196, 0.236521
3692, 947, 919, 953, 873, 0.256501, 0.248917, 0.258126, 0.236457
3693, 948, 919, 953, 873, 0.256702, 0.248849, 0.258056, 0.236393
3694, 949, 919, 953, 873, 0.256903, 0.248782, 0.257986, 0.236329
3695, 949, 919, 954, 873, 0.256834, 0.248714, 0.258187, 0.236265
3696, 949, 920, 954, 873, 0.256764, 0.248918, 0.258117, 0.236201
3697, 949, 921, 954, 873, 0.256695, 0.249121, 0.258047, 0.236137
3698, 949, 921, 954, 874, 0.256625, 0.249054, 0.257977, 0.236344
3699, 949, 921, 955, 874, 0.256556, 0.248986, 0.258178, 0.23628
3700, 950, 921, 955, 874, 0.256757, 0.248919, 0.258108, 0.236216
3701, 951, 921, 955, 874, 0.256958, 0.248852, 0.258038, 0.236152
3702, 951, 921, 956, 874, 0.256888, 0.248784, 0.258239, 0.236089
3703, 951, 921, 957, 874, 0.256819, 0.248717, 0.258439, 0.236025
3704, 951, 922, 957, 874, 0.256749, 0.24892, 0.258369, 0.235961
3705, 951, 922, 957, 875, 0.25668, 0.248853, 0.2583, 0.236167
3706, 951, 923, 957, 875, 0.256611, 0.249056, 0.25823, 0.236104
3707, 951, 923, 958, 875, 0.256542, 0.248988, 0.25843, 0.23604
3708, 951, 924, 958, 875, 0.256472, 0.249191, 0.25836, 0.235976
3709, 952, 924, 958, 875, 0.256673, 0.249124, 0.258291, 0.235913
3710, 952, 924, 958, 876, 0.256604, 0.249057, 0.258221, 0.236119
3711, 953, 924, 958, 876, 0.256804, 0.248989, 0.258151, 0.236055
3712, 954, 924, 958, 876, 0.257004, 0.248922, 0.258082, 0.235991
3713, 954, 925, 958, 876, 0.256935, 0.249125, 0.258012, 0.235928
3714, 954, 926, 958, 876, 0.256866, 0.249327, 0.257943, 0.235864
3715, 955, 926, 958, 876, 0.257066, 0.24926, 0.257873, 0.235801
3716, 956, 926, 958, 876, 0.257266, 0.249193, 0.257804, 0.235737
3717, 956, 926, 959, 876, 0.257197, 0.249126, 0.258004, 0.235674
3718, 956, 926, 960, 876, 0.257127, 0.249059, 0.258203, 0.235611
3719, 956, 926, 960, 877, 0.257058, 0.248992, 0.258134, 0.235816
3720, 956, 926, 961, 877, 0.256989, 0.248925, 0.258333, 0.235753
3721, 956, 927, 961, 877, 0.25692, 0.249127, 0.258264, 0.235689
3722, 956, 928, 961, 877, 0.256851, 0.249328, 0.258195, 0.235626
3723, 956, 928, 961, 878, 0.256782, 0.249261, 0.258125, 0.235831
3724, 956, 929, 961, 878, 0.256713, 0.249463, 0.258056, 0.235768
3725, 956, 929, 962, 878, 0.256644, 0.249396, 0.258255, 0.235705
3726, 956, 929, 963, 878, 0.256575, 0.249329, 0.258454, 0.235641
3727, 956, 929, 964, 878, 0.256507, 0.249262, 0.258653, 0.235578
3728, 956, 929, 965, 878, 0.256438, 0.249195, 0.258852, 0.235515
3729, 957, 929, 965, 878, 0.256637, 0.249128, 0.258783, 0.235452
3730, 957, 929, 966, 878, 0.256568, 0.249062, 0.258981, 0.235389
3731, 957, 930, 966, 878, 0.2565, 0.249263, 0.258912, 0.235326
3732, 958, 930, 966, 878, 0.256699, 0.249196, 0.258842, 0.235263
3733, 959, 930, 966, 878, 0.256898, 0.249129, 0.258773, 0.2352
3734, 960, 930, 966, 878, 0.257097, 0.249063, 0.258704, 0.235137
3735, 961, 930, 966, 878, 0.257296, 0.248996, 0.258635, 0.235074
3736, 961, 930, 966, 879, 0.257227, 0.248929, 0.258565, 0.235278
3737, 961, 930, 967, 879, 0.257158, 0.248863, 0.258764, 0.235215
3738, 961, 930, 967, 880, 0.257089, 0.248796, 0.258694, 0.23542
3739, 961, 930, 968, 880, 0.257021, 0.24873, 0.258893, 0.235357
3740, 961, 930, 969, 880, 0.256952, 0.248663, 0.259091, 0.235294
3741, 962, 930, 969, 880, 0.25715, 0.248597, 0.259022, 0.235231
3742, 962, 930, 970, 880, 0.257082, 0.24853, 0.25922, 0.235168
3743, 962, 931, 970, 880, 0.257013, 0.248731, 0.25915, 0.235106
3744, 962, 931, 970, 881, 0.256944, 0.248665, 0.259081, 0.23531
3745, 962, 932, 970, 881, 0.256876, 0.248865, 0.259012, 0.235247
3746, 962, 932, 971, 881, 0.256807, 0.248799, 0.25921, 0.235184
3747, 963, 932, 971, 881, 0.257006, 0.248732, 0.259141, 0.235121
3748, 963, 933, 971, 881, 0.256937, 0.248933, 0.259072, 0.235059
3749, 963, 933, 972, 881, 0.256868, 0.248866, 0.259269, 0.234996
3750, 963, 933, 973, 881, 0.2568, 0.2488, 0.259467, 0.234933
3751, 963, 933, 973, 882, 0.256732, 0.248734, 0.259397, 0.235137
3752, 963, 933, 974, 882, 0.256663, 0.248667, 0.259595, 0.235075
3753, 963, 934, 974, 882, 0.256595, 0.248868, 0.259526, 0.235012
3754, 964, 934, 974, 882, 0.256793, 0.248801, 0.259457, 0.234949
3755, 965, 934, 974, 882, 0.256991, 0.248735, 0.259387, 0.234887
3756, 965, 935, 974, 882, 0.256922, 0.248935, 0.259318, 0.234824
3757, 965, 935, 975, 882, 0.256854, 0.248869, 0.259516, 0.234762
3758, 966, 935, 975, 882, 0.257052, 0.248803, 0.259447, 0.234699
3759, 967, 935, 975, 882, 0.257249, 0.248736, 0.259377, 0.234637
3760, 967, 936, 975, 882, 0.257181, 0.248936, 0.259309, 0.234574
3761, 967, 936, 975, 883, 0.257112, 0.24887, 0.25924, 0.234778
3762, 967, 937, 975, 883, 0.257044, 0.24907, 0.259171, 0.234716
3763, 967, 937, 976, 883, 0.256976, 0.249003, 0.259368, 0.234653
3764, 968, 937, 976, 883, 0.257173, 0.248937, 0.259299, 0.234591
3765, 968, 937, 977, 883, 0.257105, 0.248871, 0.259495, 0.234529
3766, 968, 938, 977, 883, 0.257037, 0.249071, 0.259426, 0.234466
3767, 968, 938, 977, 884, 0.256968, 0.249005, 0.259358, 0.234669
3768, 969, 938, 977, 884, 0.257166, 0.248938, 0.259289, 0.234607
3769, 969, 939, 977, 884, 0.257097, 0.249138, 0.25922, 0.234545
3770, 969, 939, 978, 884, 0.257029, 0.249072, 0.259416, 0.234483
3771, 970, 939, 978, 884, 0.257226, 0.249006, 0.259348, 0.234421
3772, 971, 939, 978, 884, 0.257423, 0.24894, 0.259279, 0.234358
3773, 972, 939, 978, 884, 0.25762, 0.248874, 0.25921, 0.234296
3774, 972, 939, 979, 884, 0.257552, 0.248808, 0.259406, 0.234234
3775, 972, 940, 979, 884, 0.257483, 0.249007, 0.259338, 0.234172
3776, 973, 940, 979, 884, 0.25768, 0.248941, 0.259269, 0.23411
3777, 973, 940, 979, 885, 0.257612, 0.248875, 0.2592, 0.234313
3778, 973, 941, 979, 885, 0.257544, 0.249074, 0.259132, 0.234251
3779, 973, 941, 980, 885, 0.257476, 0.249008, 0.259328, 0.234189
3780, 973, 942, 980, 885, 0.257407, 0.249206, 0.259259, 0.234127
3781, 973, 942, 980, 886, 0.257339, 0.24914, 0.259191, 0.23433
3782, 973, 943, 980, 886, 0.257271, 0.249339, 0.259122, 0.234268
3783, 973, 943, 980, 887, 0.257203, 0.249273, 0.259054, 0.23447
3784, 973, 943, 980, 888, 0.257135, 0.249207, 0.258985, 0.234672
3785, 973, 944, 980, 888, 0.257067, 0.249406, 0.258917, 0.23461
3786, 973, 945, 980, 888, 0.256999, 0.249604, 0.258848, 0.234548
3787, 973, 945, 980, 889, 0.256932, 0.249538, 0.25878, 0.23475
3788, 973, 945, 980, 890, 0.256864, 0.249472, 0.258712, 0.234952
3789, 973, 945, 980, 891, 0.256796, 0.249406, 0.258643, 0.235154
3790, 974, 945, 980, 891, 0.256992, 0.24934, 0.258575, 0.235092
3791, 974, 945, 980, 892, 0.256924, 0.249275, 0.258507, 0.235294
3792, 974, 945, 981, 892, 0.256857, 0.249209, 0.258703, 0.235232
3793, 974, 946, 981, 892, 0.256789, 0.249407, 0.258634, 0.23517
3794, 974, 946, 982, 892, 0.256721, 0.249341, 0.25883, 0.235108
3795, 975, 946, 982, 892, 0.256917, 0.249275, 0.258762, 0.235046
3796, 975, 946, 983, 892, 0.256849, 0.24921, 0.258957, 0.234984
3797, 975, 946, 983, 893, 0.256782, 0.249144, 0.258889, 0.235186
3798, 975, 946, 983, 894, 0.256714, 0.249078, 0.25882, 0.235387
3799, 975, 947, 983, 894, 0.256646, 0.249276, 0.258752, 0.235325
3800, 975, 948, 983, 894, 0.256579, 0.249474, 0.258684, 0.235263
3801, 975, 948, 984, 894, 0.256511, 0.249408, 0.258879, 0.235201
3802, 975, 948, 985, 894, 0.256444, 0.249342, 0.259074, 0.235139
3803, 975, 948, 985, 895, 0.256377, 0.249277, 0.259006, 0.235341
3804, 975, 949, 985, 895, 0.256309, 0.249474, 0.258938, 0.235279
3805, 975, 949, 986, 895, 0.256242, 0.249409, 0.259133, 0.235217
3806, 976, 949, 986, 895, 0.256437, 0.249343, 0.259065, 0.235155
3807, 977, 949, 986, 895, 0.256633, 0.249278, 0.258997, 0.235093
3808, 977, 949, 986, 896, 0.256565, 0.249212, 0.258929, 0.235294
3809, 978, 949, 986, 896, 0.25676, 0.249147, 0.258861, 0.235232
3810, 978, 950, 986, 896, 0.256693, 0.249344, 0.258793, 0.235171
3811, 979, 950, 986, 896, 0.256888, 0.249278, 0.258725, 0.235109
3812, 979, 950, 987, 896, 0.256821, 0.249213, 0.258919, 0.235047
3813, 979, 951, 987, 896, 0.256753, 0.24941, 0.258851, 0.234986
3814, 979, 951, 987, 897, 0.256686, 0.249345, 0.258783, 0.235186
3815, 979, 952, 987, 897, 0.256619, 0.249541, 0.258716, 0.235125
3816, 979, 952, 987, 898, 0.256551, 0.249476, 0.258648, 0.235325
3817, 979, 952, 987, 899, 0.256484, 0.249411, 0.25858, 0.235525
3818, 979, 953, 987, 899, 0.256417, 0.249607, 0.258512, 0.235464
3819, 979, 954, 987, 899, 0.25635, 0.249804, 0.258445, 0.235402
3820, 980, 954, 987, 899, 0.256545, 0.249738, 0.258377, 0.23534
3821, 980, 954, 987, 900, 0.256477, 0.249673, 0.258309, 0.23554
3822, 980, 954, 987, 901, 0.25641, 0.249608, 0.258242, 0.23574
3823, 980, 955, 987, 901, 0.256343, 0.249804, 0.258174, 0.235679
3824, 980, 955, 988, 901, 0.256276, 0.249738, 0.258368, 0.235617
3825, 980, 955, 989, 901, 0.256209, 0.249673, 0.258562, 0.235556
3826, 980, 955, 989, 902, 0.256142, 0.249608, 0.258495, 0.235755
3827, 980, 956, 989, 902, 0.256075, 0.249804, 0.258427, 0.235694
3828, 981, 956, 989, 902, 0.25627, 0.249739, 0.258359, 0.235632
3829, 981, 956, 989, 903, 0.256203, 0.249674, 0.258292, 0.235832
3830, 981, 956, 989, 904, 0.256136, 0.249608, 0.258225, 0.236031
3831, 981, 956, 989, 905, 0.256069, 0.249543, 0.258157, 0.236231
3832, 981, 956, 989, 906, 0.256002, 0.249478, 0.25809, 0.23643
3833, 981, 956, 989, 907, 0.255935, 0.249413, 0.258022, 0.236629
3834, 981, 957, 989, 907, 0.255869, 0.249609, 0.257955, 0.236568
3835, 981, 957, 989, 908, 0.255802, 0.249544, 0.257888, 0.236767
3836, 982, 957, 989, 908, 0.255996, 0.249479, 0.257821, 0.236705
3837, 982, 958, 989, 908, 0.255929, 0.249674, 0.257753, 0.236643
3838, 982, 958, 990, 908, 0.255862, 0.249609, 0.257947, 0.236582
3839, 982, 959, 990, 908, 0.255796, 0.249805, 0.25788, 0.23652
3840, 983, 959, 990, 908, 0.25599, 0.24974, 0.257812, 0.236458
3841, 983, 959, 991, 908, 0.255923, 0.249675, 0.258006, 0.236397
3842, 983, 959, 991, 909, 0.255856, 0.24961, 0.257939, 0.236596
3843, 983, 959, 991, 910, 0.25579, 0.249545, 0.257871, 0.236794
3844, 983, 959, 992, 910, 0.255723, 0.24948, 0.258065, 0.236733
3845, 983, 960, 992, 910, 0.255657, 0.249675, 0.257997, 0.236671
3846, 984, 960, 992, 910, 0.25585, 0.24961, 0.25793, 0.236609
3847, 984, 960, 992, 911, 0.255784, 0.249545, 0.257863, 0.236808
3848, 984, 961, 992, 911, 0.255717, 0.24974, 0.257796, 0.236746
3849, 984, 962, 992, 911, 0.255651, 0.249935, 0.257729, 0.236685
3850, 984, 962, 993, 911, 0.255584, 0.24987, 0.257922, 0.236623
3851, 984, 963, 993, 911, 0.255518, 0.250065, 0.257855, 0.236562
3852, 984, 963, 994, 911, 0.255452, 0.25, 0.258048, 0.236501
3853, 984, 963, 994, 912, 0.255385, 0.249935, 0.257981, 0.236699
3854, 985, 963, 994, 912, 0.255579, 0.24987, 0.257914, 0.236637
3855, 985, 964, 994, 912, 0.255512, 0.250065, 0.257847, 0.236576
3856, 985, 965, 994, 912, 0.255446, 0.250259, 0.25778, 0.236515
3857, 985, 965, 994, 913, 0.25538, 0.250194, 0.257713, 0.236712
3858, 985, 965, 995, 913, 0.255314, 0.25013, 0.257906, 0.236651
3859, 985, 965, 996, 913, 0.255247, 0.250065, 0.258098, 0.23659
3860, 985, 965, 996, 914, 0.255181, 0.25, 0.258031, 0.236788
3861, 986, 965, 996, 914, 0.255374, 0.249935, 0.257964, 0.236726
3862, 986, 965, 996, 915, 0.255308, 0.249871, 0.257897, 0.236924
3863, 986, 965, 996, 916, 0.255242, 0.249806, 0.257831, 0.237121
3864, 987, 965, 996, 916, 0.255435, 0.249741, 0.257764, 0.23706
3865, 987, 965, 997, 916, 0.255369, 0.249677, 0.257956, 0.236999
3866, 987, 966, 997, 916, 0.255303, 0.249871, 0.257889, 0.236937
3867, 988, 966, 997, 916, 0.255495, 0.249806, 0.257823, 0.236876
3868, 988, 966, 998, 916, 0.255429, 0.249741, 0.258014, 0.236815
3869, 988, 966, 998, 917, 0.255363, 0.249677, 0.257948, 0.237012
3870, 988, 966, 998, 918, 0.255297, 0.249612, 0.257881, 0.237209
3871, 988, 967, 998, 918, 0.255231, 0.249806, 0.257815, 0.237148
3872, 989, 967, 998, 918, 0.255424, 0.249742, 0.257748, 0.237087
3873, 989, 967, 998, 919, 0.255358, 0.249677, 0.257681, 0.237284
3874, 989, 967, 998, 920, 0.255292, 0.249613, 0.257615, 0.237481
3875, 990, 967, 998, 920, 0.255484, 0.249548, 0.257548, 0.237419
3876, 990, 967, 998, 921, 0.255418, 0.249484, 0.257482, 0.237616
3877, 991, 967, 998, 921, 0.25561, 0.24942, 0.257416, 0.237555
3878, 992, 967, 998, 921, 0.255802, 0.249355, 0.257349, 0.237494
3879, 992, 967, 998, 922, 0.255736, 0.249291, 0.257283, 0.23769
3880, 992, 968, 998, 922, 0.25567, 0.249485, 0.257216, 0.237629
3881, 992, 969, 998, 922, 0.255604, 0.249678, 0.25715, 0.237568
3882, 992, 969, 999, 922, 0.255538, 0.249614, 0.257342, 0.237506
3883, 992, 969, 999, 923, 0.255473, 0.249549, 0.257275, 0.237703
3884, 993, 969, 999, 923, 0.255664, 0.249485, 0.257209, 0.237642
3885, 993, 969, 999, 924, 0.255598, 0.249421, 0.257143, 0.237838
3886, 994, 969, 999, 924, 0.25579, 0.249357, 0.257077, 0.237777
3887, 995, 969, 999, 924, 0.255981, 0.249293, 0.257011, 0.237715
3888, 995, 969, 999, 925, 0.255916, 0.249228, 0.256944, 0.237912
3889, 995, 969, 1000, 925, 0.25585, 0.249164, 0.257136, 0.23785
3890, 995, 969, 1000, 926, 0.255784, 0.2491, 0.257069, 0.238046
3891, 995, 970, 1000, 926, 0.255718, 0.249293, 0.257003, 0.237985
3892, 995, 970, 1001, 926, 0.255653, 0.249229, 0.257194, 0.237924
3893, 996, 970, 1001, 926, 0.255844, 0.249165, 0.257128, 0.237863
3894, 997, 970, 1001, 926, 0.256035, 0.249101, 0.257062, 0.237802
3895, 997, 971, 1001, 926, 0.255969, 0.249294, 0.256996, 0.237741
3896, 997, 972, 1001, 926, 0.255903, 0.249487, 0.25693, 0.23768
3897, 997, 973, 1001, 926, 0.255838, 0.249679, 0.256864, 0.237619
3898, 998, 973, 1001, 926, 0.256029, 0.249615, 0.256798, 0.237558
3899, 998, 973, 1001, 927, 0.255963, 0.249551, 0.256732, 0.237753
3900, 998, 973, 1001, 928, 0.255897, 0.249487, 0.256667, 0.237949
3901, 998, 973, 1001, 929, 0.255832, 0.249423, 0.256601, 0.238144
3902, 998, 973, 1002, 929, 0.255766, 0.249359, 0.256791, 0.238083
3903, 999, 973, 1002, 929, 0.255957, 0.249295, 0.256726, 0.238022
3904, 999, 973, 1002, 930, 0.255891, 0.249232, 0.25666, 0.238217
3905, 999, 974, 1002, 930, 0.255826, 0.249424, 0.256594, 0.238156
3906, 999, 974, 1002, 931, 0.25576, 0.24936, 0.256528, 0.238351
3907, 999, 974, 1003, 931, 0.255695, 0.249296, 0.256719, 0.23829
3908, 1000, 974, 1003, 931, 0.255885, 0.249232, 0.256653, 0.238229
3909, 1000, 974, 1003, 932, 0.25582, 0.249169, 0.256587, 0.238424
3910, 1000, 974, 1003, 933, 0.255754, 0.249105, 0.256522, 0.238619
3911, 1000, 975, 1003, 933, 0.255689, 0.249297, 0.256456, 0.238558
3912, 1000, 975, 1003, 934, 0.255624, 0.249233, 0.256391, 0.238753
3913, 1000, 975, 1003, 935, 0.255558, 0.249169, 0.256325, 0.238947
3914, 1000, 975, 1003, 936, 0.255493, 0.249106, 0.25626, 0.239142
3915, 1000, 975, 1003, 937, 0.255428, 0.249042, 0.256194, 0.239336
3916, 1000, 975, 1003, 938, 0.255363, 0.248979, 0.256129, 0.23953
3917, 1000, 976, 1003, 938, 0.255297, 0.24917, 0.256063, 0.239469
3918, 1000, 976, 1003, 939, 0.255232, 0.249107, 0.255998, 0.239663
3919, 1000, 976, 1004, 939, 0.255167, 0.249043, 0.256188, 0.239602
3920, 1000, 976, 1004, 940, 0.255102, 0.24898, 0.256122, 0.239796
3921, 1000, 976, 1005, 940, 0.255037, 0.248916, 0.256312, 0.239735
3922, 1000, 976, 1006, 940, 0.254972, 0.248853, 0.256502, 0.239674
3923, 1000, 976, 1007, 940, 0.254907, 0.248789, 0.256691, 0.239613
3924, 1000, 977, 1007, 940, 0.254842, 0.248981, 0.256626, 0.239551
3925, 1000, 977, 1008, 940, 0.254777, 0.248917, 0.256815, 0.23949
3926, 1001, 977, 1008, 940, 0.254967, 0.248854, 0.25675, 0.239429
3927, 1001, 977, 1008, 941, 0.254902, 0.24879, 0.256684, 0.239623
3928, 1001, 978, 1008, 941, 0.254837, 0.248982, 0.256619, 0.239562
3929, 1002, 978, 1008, 941, 0.255027, 0.248918, 0.256554, 0.239501
3930, 1002, 978, 1008, 942, 0.254962, 0.248855, 0.256489, 0.239695
3931, 1003, 978, 1008, 942, 0.255151, 0.248792, 0.256423, 0.239634
3932, 1003, 978, 1009, 942, 0.255086, 0.248728, 0.256612, 0.239573
3933, 1003, 979, 1009, 942, 0.255022, 0.248919, 0.256547, 0.239512
3934, 1004, 979, 1009, 942, 0.255211, 0.248856, 0.256482, 0.239451
3935, 1004, 979, 1010, 942, 0.255146, 0.248793, 0.256671, 0.23939
3936, 1004, 979, 1010, 943, 0.255081, 0.24873, 0.256606, 0.239583
3937, 1004, 979, 1010, 944, 0.255017, 0.248666, 0.256541, 0.239776
3938, 1004, 979, 1011, 944, 0.254952, 0.248603, 0.256729, 0.239716
3939, 1004, 980, 1011, 944, 0.254887, 0.248794, 0.256664, 0.239655
3940, 1005, 980, 1011, 944, 0.255076, 0.248731, 0.256599, 0.239594
3941, 1005, 980, 1011, 945, 0.255011, 0.248668, 0.256534, 0.239787
3942, 1006, 980, 1011, 945, 0.2552, 0.248605, 0.256469, 0.239726
3943, 1006, 980, 1011, 946, 0.255136, 0.248542, 0.256404, 0.239919
3944, 1006, 980, 1011, 947, 0.255071, 0.248479, 0.256339, 0.240112
3945, 1006, 981, 1011, 947, 0.255006, 0.248669, 0.256274, 0.240051
3946, 1007, 981, 1011, 947, 0.255195, 0.248606, 0.256209, 0.23999
3947, 1007, 981, 1011, 948, 0.25513, 0.248543, 0.256144, 0.240182
3948, 1007, 982, 1011, 948, 0.255066, 0.248734, 0.256079, 0.240122
3949, 1007, 983, 1011, 948, 0.255001, 0.248924, 0.256014, 0.240061
3950, 1007, 984, 1011, 948, 0.254937, 0.249114, 0.255949, 0.24
3951, 1007, 984, 1011, 949, 0.254872, 0.249051, 0.255885, 0.240192
3952, 1007, 985, 1011, 949, 0.254808, 0.249241, 0.25582, 0.240132
3953, 1007, 985, 1012, 949, 0.254743, 0.249178, 0.256008, 0.240071
3954, 1008, 985, 1012, 949, 0.254932, 0.249115, 0.255943, 0.24001
3955, 1008, 985, 1013, 949, 0.254867, 0.249052, 0.256131, 0.239949
3956, 1008, 986, 1013, 949, 0.254803, 0.249242, 0.256067, 0.239889
3957, 1008, 986, 1014, 949, 0.254738, 0.249179, 0.256255, 0.239828
3958, 1009, 986, 1014, 949, 0.254927, 0.249116, 0.25619, 0.239768
3959, 1010, 986, 1014, 949, 0.255115, 0.249053, 0.256125, 0.239707
3960, 1010, 987, 1014, 949, 0.255051, 0.249242, 0.256061, 0.239646
3961, 1010, 988, 1014, 949, 0.254986, 0.249432, 0.255996, 0.239586
3962, 1010, 988, 1015, 949, 0.254922, 0.249369, 0.256184, 0.239525
3963, 1010, 988, 1016, 949, 0.254857, 0.249306, 0.256371, 0.239465
3964, 1011, 988, 1016, 949, 0.255045, 0.249243, 0.256307, 0.239405
3965, 1011, 989, 1016, 949, 0.254981, 0.249433, 0.256242, 0.239344
3966, 1011, 989, 1016, 950, 0.254917, 0.24937, 0.256178, 0.239536
3967, 1011, 990, 1016, 950, 0.254853, 0.249559, 0.256113, 0.239476
3968, 1011, 991, 1016, 950, 0.254788, 0.249748, 0.256048, 0.239415
3969, 1011, 991, 1017, 950, 0.254724, 0.249685, 0.256236, 0.239355
3970, 1012, 991, 1017, 950, 0.254912, 0.249622, 0.256171, 0.239295
3971, 1012, 991, 1017, 951, 0.254848, 0.249559, 0.256107, 0.239486
3972, 1013, 991, 1017, 951, 0.255035, 0.249496, 0.256042, 0.239426
3973, 1013, 991, 1018, 951, 0.254971, 0.249434, 0.25623, 0.239366
3974, 1013, 992, 1018, 951, 0.254907, 0.249623, 0.256165, 0.239305
3975, 1014, 992, 1018, 951, 0.255094, 0.24956, 0.256101, 0.239245
3976, 1015, 992, 1018, 951, 0.255282, 0.249497, 0.256036, 0.239185
3977, 1015, 992, 1019, 951, 0.255218, 0.249434, 0.256223, 0.239125
3978, 1015, 992, 1019, 952, 0.255153, 0.249372, 0.256159, 0.239316
3979, 1016, 992, 1019, 952, 0.255341, 0.249309, 0.256094, 0.239256
3980, 1016, 992, 1019, 953, 0.255276, 0.249246, 0.25603, 0.239447
3981, 1016, 992, 1019, 954, 0.255212, 0.249184, 0.255966, 0.239638
3982, 1016, 993, 1019, 954, 0.255148, 0.249372, 0.255902, 0.239578
3983, 1016, 994, 1019, 954, 0.255084, 0.249561, 0.255837, 0.239518
3984, 1016, 994, 1019, 955, 0.25502, 0.249498, 0.255773, 0.239709
3985, 1017, 994, 1019, 955, 0.255207, 0.249435, 0.255709, 0.239649
3986, 1017, 994, 1020, 955, 0.255143, 0.249373, 0.255896, 0.239589
3987, 1017, 995, 1020, 955, 0.255079, 0.249561, 0.255831, 0.239528
3988, 1017, 995, 1020, 956, 0.255015, 0.249498, 0.255767, 0.239719
3989, 1017, 996, 1020, 956, 0.254951, 0.249687, 0.255703, 0.239659
3990, 1017, 996, 1021, 956, 0.254887, 0.249624, 0.25589, 0.239599
3991, 1017, 996, 1022, 956, 0.254823, 0.249562, 0.256076, 0.239539
3992, 1017, 997, 1022, 956, 0.25476, 0.249749, 0.256012, 0.239479
3993, 1018, 997, 1022, 956, 0.254946, 0.249687, 0.255948, 0.239419
3994, 1019, 997, 1022, 956, 0.255133, 0.249624, 0.255884, 0.239359
3995, 1019, 997, 1023, 956, 0.255069, 0.249562, 0.25607, 0.239299
3996, 1019, 998, 1023, 956, 0.255005, 0.24975, 0.256006, 0.239239
3997, 1019, 998, 1023, 957, 0.254941, 0.249687, 0.255942, 0.23943
3998, 1020, 998, 1023, 957, 0.255128, 0.249625, 0.255878, 0.23937
3999, 1021, 998, 1023, 957, 0.255314, 0.249562, 0.255814, 0.23931
4000, 1021, 999, 1023, 957, 0.25525, 0.24975, 0.25575, 0.23925
4001, 1021, 999, 1024, 957, 0.255186, 0.249688, 0.255936, 0.23919
4002, 1022, 999, 1024, 957, 0.255372, 0.249625, 0.255872, 0.23913
4003, 1022, 999, 1024, 958, 0.255309, 0.249563, 0.255808, 0.239321
4004, 1023, 999, 1024, 958, 0.255495, 0.2495, 0.255744, 0.239261
4005, 1023, 999, 1025, 958, 0.255431, 0.249438, 0.25593, 0.239201
4006, 1023, 999, 1025, 959, 0.255367, 0.249376, 0.255866, 0.239391
4007, 1023, 999, 1026, 959, 0.255303, 0.249314, 0.256052, 0.239331
4008, 1023, 1000, 1026, 959, 0.25524, 0.249501, 0.255988, 0.239271
4009, 1023, 1000, 1027, 959, 0.255176, 0.249439, 0.256174, 0.239212
4010, 1024, 1000, 1027, 959, 0.255362, 0.249377, 0.25611, 0.239152
4011, 1025, 1000, 1027, 959, 0.255547, 0.249314, 0.256046, 0.239092
4012, 1025, 1000, 1028, 959, 0.255484, 0.249252, 0.256231, 0.239033
4013, 1025, 1000, 1029, 959, 0.25542, 0.24919, 0.256417, 0.238973
4014, 1025, 1001, 1029, 959, 0.255356, 0.249377, 0.256353, 0.238914
4015, 1026, 1001, 1029, 959, 0.255542, 0.249315, 0.256289, 0.238854
4016, 1027, 1001, 1029, 959, 0.255727, 0.249253, 0.256225, 0.238795
4017, 1027, 1001, 1030, 959, 0.255663, 0.249191, 0.25641, 0.238735
4018, 1027, 1001, 1031, 959, 0.2556, 0.249129, 0.256595, 0.238676
4019, 1027, 1001, 1032, 959, 0.255536, 0.249067, 0.25678, 0.238617
4020, 1027, 1001, 1032, 960, 0.255473, 0.249005, 0.256716, 0.238806
4021, 1027, 1001, 1033, 960, 0.255409, 0.248943, 0.256901, 0.238747
4022, 1028, 1001, 1033, 960, 0.255594, 0.248881, 0.256837, 0.238687
4023, 1028, 1001, 1033, 961, 0.255531, 0.248819, 0.256774, 0.238876
4024, 1028, 1001, 1034, 961, 0.255467, 0.248757, 0.256958, 0.238817
4025, 1028, 1001, 1034, 962, 0.255404, 0.248696, 0.256894, 0.239006
4026, 1028, 1002, 1034, 962, 0.25534, 0.248882, 0.256831, 0.238947
4027, 1028, 1002, 1035, 962, 0.255277, 0.24882, 0.257015, 0.238888
4028, 1028, 1002, 1036, 962, 0.255214, 0.248759, 0.2572, 0.238828
4029, 1028, 1002, 1037, 962, 0.25515, 0.248697, 0.257384, 0.238769
4030, 1028, 1003, 1037, 962, 0.255087, 0.248883, 0.25732, 0.23871
4031, 1028, 1003, 1037, 963, 0.255024, 0.248822, 0.257256, 0.238899
4032, 1028, 1003, 1037, 964, 0.25496, 0.24876, 0.257192, 0.239087
4033, 1028, 1003, 1038, 964, 0.254897, 0.248698, 0.257377, 0.239028
4034, 1028, 1003, 1038, 965, 0.254834, 0.248637, 0.257313, 0.239217
4035, 1028, 1004, 1038, 965, 0.254771, 0.248823, 0.257249, 0.239157
4036, 1028, 1004, 1039, 965, 0.254708, 0.248761, 0.257433, 0.239098
4037, 1028, 1004, 1040, 965, 0.254645, 0.2487, 0.257617, 0.239039
4038, 1028, 1004, 1041, 965, 0.254581, 0.248638, 0.257801, 0.23898
4039, 1029, 1004, 1041, 965, 0.254766, 0.248576, 0.257737, 0.238921
4040, 1029, 1004, 1041, 966, 0.254703, 0.248515, 0.257673, 0.239109
4041, 1029, 1004, 1041, 967, 0.25464, 0.248453, 0.25761, 0.239297
4042, 1029, 1004, 1041, 968, 0.254577, 0.248392, 0.257546, 0.239485
4043, 1029, 1004, 1041, 969, 0.254514, 0.24833, 0.257482, 0.239674
4044, 1030, 1004, 1041, 969, 0.254698, 0.248269, 0.257418, 0.239614
4045, 1030, 1004, 1041, 970, 0.254635, 0.248208, 0.257355, 0.239802
4046, 1031, 1004, 1041, 970, 0.25482, 0.248146, 0.257291, 0.239743
4047, 1031, 1004, 1042, 970, 0.254757, 0.248085, 0.257475, 0.239684
4048, 1031, 1005, 1042, 970, 0.254694, 0.248271, 0.257411, 0.239625
4049, 1032, 1005, 1042, 970, 0.254878, 0.248209, 0.257347, 0.239565
4050, 1032, 1005, 1043, 970, 0.254815, 0.248148, 0.257531, 0.239506
4051, 1032, 1005, 1044, 970, 0.254752, 0.248087, 0.257714, 0.239447
4052, 1032, 1005, 1044, 971, 0.254689, 0.248026, 0.257651, 0.239635
4053, 1033, 1005, 1044, 971, 0.254873, 0.247964, 0.257587, 0.239576
4054, 1033, 1006, 1044, 971, 0.25481, 0.24815, 0.257523, 0.239517
4055, 1034, 1006, 1044, 971, 0.254994, 0.248089, 0.25746, 0.239457
4056, 1035, 1006, 1044, 971, 0.255178, 0.248028, 0.257396, 0.239398
4057, 1035, 1006, 1045, 971, 0.255115, 0.247966, 0.257579, 0.239339
4058, 1035, 1006, 1045, 972, 0.255052, 0.247905, 0.257516, 0.239527
4059, 1035, 1006, 1045, 973, 0.254989, 0.247844, 0.257453, 0.239714
4060, 1035, 1006, 1045, 974, 0.254926, 0.247783, 0.257389, 0.239901
4061, 1036, 1006, 1045, 974, 0.25511, 0.247722, 0.257326, 0.239842
4062, 1036, 1006, 1045, 975, 0.255047, 0.247661, 0.257262, 0.24003
4063, 1036, 1006, 1046, 975, 0.254984, 0.2476, 0.257445, 0.23997
4064, 1037, 1006, 1046, 975, 0.255167, 0.247539, 0.257382, 0.239911
4065, 1037, 1007, 1046, 975, 0.255105, 0.247724, 0.257319, 0.239852
4066, 1037, 1008, 1046, 975, 0.255042, 0.247909, 0.257255, 0.239793
4067, 1037, 1008, 1046, 976, 0.254979, 0.247849, 0.257192, 0.23998
4068, 1037, 1008, 1046, 977, 0.254916, 0.247788, 0.257129, 0.240167
4069, 1038, 1008, 1046, 977, 0.2551, 0.247727, 0.257066, 0.240108
4070, 1038, 1008, 1047, 977, 0.255037, 0.247666, 0.257248, 0.240049
4071, 1039, 1008, 1047, 977, 0.25522, 0.247605, 0.257185, 0.23999
4072, 1039, 1009, 1047, 977, 0.255157, 0.24779, 0.257122, 0.239931
4073, 1039, 1010, 1047, 977, 0.255095, 0.247974, 0.257059, 0.239872
4074, 1039, 1010, 1047, 978, 0.255032, 0.247914, 0.256996, 0.240059
4075, 1039, 1011, 1047, 978, 0.254969, 0.248098, 0.256933, 0.24
4076, 1039, 1011, 1047, 979, 0.254907, 0.248037, 0.256869, 0.240186
4077, 1039, 1011, 1048, 979, 0.254844, 0.247976, 0.257052, 0.240128
4078, 1039, 1012, 1048, 979, 0.254782, 0.248161, 0.256989, 0.240069
4079, 1040, 1012, 1048, 979, 0.254964, 0.2481, 0.256926, 0.24001
4080, 1040, 1012, 1048, 980, 0.254902, 0.248039, 0.256863, 0.240196
4081, 1040, 1012, 1048, 981, 0.25484, 0.247978, 0.2568, 0.240382
4082, 1040, 1012, 1049, 981, 0.254777, 0.247918, 0.256982, 0.240323
4083, 1040, 1012, 1049, 982, 0.254715, 0.247857, 0.256919, 0.240509
4084, 1041, 1012, 1049, 982, 0.254897, 0.247796, 0.256856, 0.240451
4085, 1041, 1012, 1050, 982, 0.254835, 0.247736, 0.257038, 0.240392
4086, 1042, 1012, 1050, 982, 0.255017, 0.247675, 0.256975, 0.240333
4087, 1042, 1012, 1050, 983, 0.254955, 0.247614, 0.256912, 0.240519
4088, 1042, 1012, 1050, 984, 0.254892, 0.247554, 0.256849, 0.240705
4089, 1042, 1012, 1051, 984, 0.25483, 0.247493, 0.257031, 0.240646
4090, 1042, 1012, 1051, 985, 0.254768, 0.247433, 0.256968, 0.240831
4091, 1042, 1012, 1051, 986, 0.254705, 0.247372, 0.256905, 0.241017
4092, 1042, 1012, 1051, 987, 0.254643, 0.247312, 0.256843, 0.241202
4093, 1042, 1013, 1051, 987, 0.254581, 0.247496, 0.25678, 0.241143
4094, 1042, 1014, 1051, 987, 0.254519, 0.24768, 0.256717, 0.241085
4095, 1042, 1014, 1051, 988, 0.254457, 0.247619, 0.256654, 0.24127
4096, 1042, 1014, 1051, 989, 0.254395, 0.247559, 0.256592, 0.241455
4097, 1042, 1015, 1051, 989, 0.254332, 0.247742, 0.256529, 0.241396
4098, 1042, 1016, 1051, 989, 0.25427, 0.247926, 0.256467, 0.241337
4099, 1042, 1017, 1051, 989, 0.254208, 0.248109, 0.256404, 0.241278
4100, 1042, 1017, 1052, 989, 0.254146, 0.248049, 0.256585, 0.24122
4101, 1042, 1017, 1053, 989, 0.254084, 0.247988, 0.256767, 0.241161
4102, 1042, 1017, 1053, 990, 0.254022, 0.247928, 0.256704, 0.241346
4103, 1042, 1018, 1053, 990, 0.253961, 0.248111, 0.256641, 0.241287
4104, 1043, 1018, 1053, 990, 0.254142, 0.248051, 0.256579, 0.241228
4105, 1043, 1018, 1053, 991, 0.25408, 0.24799, 0.256516, 0.241413
4106, 1043, 1019, 1053, 991, 0.254019, 0.248173, 0.256454, 0.241354
4107, 1043, 1019, 1054, 991, 0.253957, 0.248113, 0.256635, 0.241295
4108, 1043, 1020, 1054, 991, 0.253895, 0.248296, 0.256573, 0.241237
4109, 1043, 1020, 1055, 991, 0.253833, 0.248236, 0.256753, 0.241178
4110, 1044, 1020, 1055, 991, 0.254015, 0.248175, 0.256691, 0.241119
4111, 1044, 1020, 1055, 992, 0.253953, 0.248115, 0.256629, 0.241304
4112, 1044, 1020, 1055, 993, 0.253891, 0.248054, 0.256566, 0.241488
4113, 1045, 1020, 1055, 993, 0.254072, 0.247994, 0.256504, 0.24143
4114, 1045, 1020, 1056, 993, 0.254011, 0.247934, 0.256684, 0.241371
4115, 1045, 1021, 1056, 993, 0.253949, 0.248117, 0.256622, 0.241312
4116, 1046, 1021, 1056, 993, 0.25413, 0.248056, 0.25656, 0.241254
4117, 1046, 1021, 1056, 994, 0.254068, 0.247996, 0.256497, 0.241438
4118, 1046, 1021, 1056, 995, 0.254007, 0.247936, 0.256435, 0.241622
4119, 1046, 1021, 1057, 995, 0.253945, 0.247876, 0.256616, 0.241563
4120, 1046, 1021, 1058, 995, 0.253883, 0.247816, 0.256796, 0.241505
4121, 1046, 1021, 1058, 996, 0.253822, 0.247755, 0.256734, 0.241689
4122, 1046, 1021, 1059, 996, 0.25376, 0.247695, 0.256914, 0.24163
4123, 1047, 1021, 1059, 996, 0.253941, 0.247635, 0.256852, 0.241572
4124, 1048, 1021, 1059, 996, 0.254122, 0.247575, 0.25679, 0.241513
4125, 1048, 1021, 1059, 997, 0.254061, 0.247515, 0.256727, 0.241697
4126, 1048, 1021, 1059, 998, 0.253999, 0.247455, 0.256665, 0.241881
4127, 1048, 1022, 1059, 998, 0.253937, 0.247638, 0.256603, 0.241822
4128, 1048, 1022, 1059, 999, 0.253876, 0.247578, 0.256541, 0.242006
4129, 1048, 1023, 1059, 999, 0.253814, 0.24776, 0.256479, 0.241947
4130, 1048, 1024, 1059, 999, 0.253753, 0.247942, 0.256416, 0.241889
4131, 1048, 1024, 1059, 1000, 0.253692, 0.247882, 0.256354, 0.242072
4132, 1048, 1024, 1059, 1001, 0.25363, 0.247822, 0.256292, 0.242256
4133, 1048, 1025, 1059, 1001, 0.253569, 0.248004, 0.25623, 0.242197
4134, 1048, 1026, 1059, 1001, 0.253507, 0.248186, 0.256168, 0.242138
4135, 1048, 1026, 1060, 1001, 0.253446, 0.248126, 0.256348, 0.24208
4136, 1048, 1026, 1061, 1001, 0.253385, 0.248066, 0.256528, 0.242021
4137, 1049, 1026, 1061, 1001, 0.253565, 0.248006, 0.256466, 0.241963
4138, 1049, 1027, 1061, 1001, 0.253504, 0.248188, 0.256404, 0.241904
4139, 1049, 1027, 1062, 1001, 0.253443, 0.248128, 0.256584, 0.241846
4140, 1049, 1027, 1062, 1002, 0.253382, 0.248068, 0.256522, 0.242029
4141, 1049, 1027, 1062, 1003, 0.25332, 0.248008, 0.25646, 0.242212
4142, 1050, 1027, 1062, 1003, 0.253501, 0.247948, 0.256398, 0.242154
4143, 1050, 1028, 1062, 1003, 0.25344, 0.248129, 0.256336, 0.242095
4144, 1051, 1028, 1062, 1003, 0.25362, 0.248069, 0.256274, 0.242037
4145, 1051, 1029, 1062, 1003, 0.253559, 0.248251, 0.256212, 0.241978
4146, 1051, 1029, 1062, 1004, 0.253497, 0.248191, 0.256151, 0.242161
4147, 1051, 1030, 1062, 1004, 0.253436, 0.248372, 0.256089, 0.242103
4148, 1051, 1031, 1062, 1004, 0.253375, 0.248554, 0.256027, 0.242044
4149, 1051, 1031, 1062, 1005, 0.253314, 0.248494, 0.255965, 0.242227
4150, 1051, 1031, 1062, 1006, 0.253253, 0.248434, 0.255904, 0.24241
4151, 1051, 1032, 1062, 1006, 0.253192, 0.248615, 0.255842, 0.242351
4152, 1051, 1032, 1063, 1006, 0.253131, 0.248555, 0.256021, 0.242293
4153, 1051, 1032, 1063, 1007, 0.25307, 0.248495, 0.25596, 0.242475
4154, 1051, 1032, 1063, 1008, 0.253009, 0.248435, 0.255898, 0.242658
4155, 1051, 1032, 1064, 1008, 0.252948, 0.248375, 0.256077, 0.242599
4156, 1051, 1033, 1064, 1008, 0.252887, 0.248556, 0.256015, 0.242541
4157, 1051, 1033, 1065, 1008, 0.252827, 0.248497, 0.256194, 0.242483
4158, 1052, 1033, 1065, 1008, 0.253006, 0.248437, 0.256133, 0.242424
4159, 1052, 1033, 1066, 1008, 0.252945, 0.248377, 0.256312, 0.242366
4160, 1052, 1034, 1066, 1008, 0.252885, 0.248558, 0.25625, 0.242308
4161, 1053, 1034, 1066, 1008, 0.253064, 0.248498, 0.256188, 0.242249
4162, 1053, 1034, 1067, 1008, 0.253003, 0.248438, 0.256367, 0.242191
4163, 1054, 1034, 1067, 1008, 0.253183, 0.248379, 0.256306, 0.242133
4164, 1054, 1034, 1067, 1009, 0.253122, 0.248319, 0.256244, 0.242315
4165, 1054, 1035, 1067, 1009, 0.253061, 0.248499, 0.256182, 0.242257
4166, 1054, 1035, 1068, 1009, 0.253, 0.24844, 0.256361, 0.242199
4167, 1054, 1035, 1069, 1009, 0.25294, 0.24838, 0.256539, 0.242141
4168, 1055, 1035, 1069, 1009, 0.253119, 0.248321, 0.256478, 0.242083
4169, 1055, 1035, 1069, 1010, 0.253058, 0.248261, 0.256416, 0.242264
4170, 1055, 1035, 1070, 1010, 0.252998, 0.248201, 0.256595, 0.242206
4171, 1055, 1035, 1071, 1010, 0.252937, 0.248142, 0.256773, 0.242148
4172, 1055, 1035, 1071, 1011, 0.252876, 0.248082, 0.256711, 0.24233
4173, 1055, 1035, 1071, 1012, 0.252816, 0.248023, 0.25665, 0.242511
4174, 1055, 1035, 1071, 1013, 0.252755, 0.247964, 0.256588, 0.242693
4175, 1055, 1035, 1072, 1013, 0.252695, 0.247904, 0.256766, 0.242635
4176, 1055, 1036, 1072, 1013, 0.252634, 0.248084, 0.256705, 0.242577
4177, 1055, 1037, 1072, 1013, 0.252574, 0.248264, 0.256644, 0.242519
4178, 1056, 1037, 1072, 1013, 0.252753, 0.248205, 0.256582, 0.242461
4179, 1057, 1037, 1072, 1013, 0.252931, 0.248145, 0.256521, 0.242402
4180, 1057, 1037, 1073, 1013, 0.252871, 0.248086, 0.256699, 0.242344
4181, 1057, 1038, 1073, 1013, 0.25281, 0.248266, 0.256637, 0.242287
4182, 1057, 1038, 1073, 1014, 0.25275, 0.248207, 0.256576, 0.242468
4183, 1057, 1038, 1073, 1015, 0.252689, 0.248147, 0.256514, 0.242649
4184, 1058, 1038, 1073, 1015, 0.252868, 0.248088, 0.256453, 0.242591
4185, 1058, 1038, 1073, 1016, 0.252808, 0.248029, 0.256392, 0.242772
4186, 1058, 1039, 1073, 1016, 0.252747, 0.248208, 0.256331, 0.242714
4187, 1058, 1040, 1073, 1016, 0.252687, 0.248388, 0.256269, 0.242656
4188, 1059, 1040, 1073, 1016, 0.252865, 0.248329, 0.256208, 0.242598
4189, 1059, 1041, 1073, 1016, 0.252805, 0.248508, 0.256147, 0.24254
4190, 1060, 1041, 1073, 1016, 0.252983, 0.248449, 0.256086, 0.242482
4191, 1060, 1041, 1073, 1017, 0.252923, 0.248389, 0.256025, 0.242663
4192, 1060, 1041, 1073, 1018, 0.252863, 0.24833, 0.255964, 0.242844
4193, 1060, 1042, 1073, 1018, 0.252802, 0.248509, 0.255903, 0.242786
4194, 1061, 1042, 1073, 1018, 0.25298, 0.24845, 0.255842, 0.242728
4195, 1061, 1042, 1074, 1018, 0.25292, 0.248391, 0.256019, 0.24267
4196, 1061, 1043, 1074, 1018, 0.25286, 0.24857, 0.255958, 0.242612
4197, 1061, 1044, 1074, 1018, 0.2528, 0.248749, 0.255897, 0.242554
4198, 1061, 1045, 1074, 1018, 0.252739, 0.248928, 0.255836, 0.242496
4199, 1061, 1046, 1074, 1018, 0.252679, 0.249107, 0.255775, 0.242439
4200, 1062, 1046, 1074, 1018, 0.252857, 0.249048, 0.255714, 0.242381
4201, 1062, 1046, 1075, 1018, 0.252797, 0.248988, 0.255891, 0.242323
4202, 1062, 1046, 1076, 1018, 0.252737, 0.248929, 0.256069, 0.242266
4203, 1062, 1046, 1077, 1018, 0.252677, 0.24887, 0.256246, 0.242208
4204, 1063, 1046, 1077, 1018, 0.252854, 0.248811, 0.256185, 0.24215
4205, 1063, 1047, 1077, 1018, 0.252794, 0.248989, 0.256124, 0.242093
4206, 1063, 1048, 1077, 1018, 0.252734, 0.249168, 0.256063, 0.242035
4207, 1063, 1049, 1077, 1018, 0.252674, 0.249346, 0.256002, 0.241978
4208, 1063, 1049, 1078, 1018, 0.252614, 0.249287, 0.256179, 0.24192
4209, 1063, 1049, 1079, 1018, 0.252554, 0.249228, 0.256355, 0.241863
4210, 1064, 1049, 1079, 1018, 0.252732, 0.249169, 0.256295, 0.241805
4211, 1064, 1050, 1079, 1018, 0.252672, 0.249347, 0.256234, 0.241748
4212, 1065, 1050, 1079, 1018, 0.252849, 0.249288, 0.256173, 0.24169
4213, 1065, 1050, 1080, 1018, 0.252789, 0.249229, 0.256349, 0.241633
4214, 1066, 1050, 1080, 1018, 0.252966, 0.249169, 0.256289, 0.241576
4215, 1067, 1050, 1080, 1018, 0.253144, 0.24911, 0.256228, 0.241518
4216, 1068, 1050, 1080, 1018, 0.253321, 0.249051, 0.256167, 0.241461
4217, 1068, 1051, 1080, 1018, 0.253261, 0.249229, 0.256106, 0.241404
4218, 1068, 1051, 1081, 1018, 0.253201, 0.24917, 0.256283, 0.241347
4219, 1068, 1052, 1081, 1018, 0.253141, 0.249348, 0.256222, 0.241289
4220, 1068, 1052, 1081, 1019, 0.253081, 0.249289, 0.256161, 0.241469
4221, 1068, 1052, 1082, 1019, 0.253021, 0.24923, 0.256337, 0.241412
4222, 1068, 1052, 1082, 1020, 0.252961, 0.249171, 0.256277, 0.241592
4223, 1068, 1053, 1082, 1020, 0.252901, 0.249349, 0.256216, 0.241534
4224, 1068, 1054, 1082, 1020, 0.252841, 0.249527, 0.256155, 0.241477
4225, 1068, 1054, 1082, 1021, 0.252781, 0.249467, 0.256095, 0.241657
4226, 1068, 1054, 1082, 1022, 0.252721, 0.249408, 0.256034, 0.241836
4227, 1068, 1054, 1083, 1022, 0.252661, 0.249349, 0.25621, 0.241779
4228, 1068, 1054, 1084, 1022, 0.252602, 0.24929, 0.256386, 0.241722
4229, 1068, 1055, 1084, 1022, 0.252542, 0.249468, 0.256325, 0.241665
4230, 1068, 1056, 1084, 1022, 0.252482, 0.249645, 0.256265, 0.241608
4231, 1069, 1056, 1084, 1022, 0.252659, 0.249586, 0.256204, 0.24155
4232, 1069, 1057, 1084, 1022, 0.252599, 0.249764, 0.256144, 0.241493
4233, 1070, 1057, 1084, 1022, 0.252776, 0.249705, 0.256083, 0.241436
4234, 1071, 1057, 1084, 1022, 0.252952, 0.249646, 0.256023, 0.241379
4235, 1071, 1058, 1084, 1022, 0.252893, 0.249823, 0.255962, 0.241322
4236, 1071, 1058, 1084, 1023, 0.252833, 0.249764, 0.255902, 0.241501
4237, 1071, 1058, 1085, 1023, 0.252773, 0.249705, 0.256077, 0.241444
4238, 1071, 1059, 1085, 1023, 0.252714, 0.249882, 0.256017, 0.241387
4239, 1071, 1060, 1085, 1023, 0.252654, 0.250059, 0.255957, 0.241331
4240, 1072, 1060, 1085, 1023, 0.25283, 0.25, 0.255896, 0.241274
4241, 1072, 1060, 1086, 1023, 0.252771, 0.249941, 0.256072, 0.241217
4242, 1073, 1060, 1086, 1023, 0.252947, 0.249882, 0.256011, 0.24116
4243, 1074, 1060, 1086, 1023, 0.253123, 0.249823, 0.255951, 0.241103
4244, 1074, 1061, 1086, 1023, 0.253063, 0.25, 0.255891, 0.241046
4245, 1074, 1062, 1086, 1023, 0.253004, 0.250177, 0.25583, 0.240989
4246, 1074, 1063, 1086, 1023, 0.252944, 0.250353, 0.25577, 0.240933
4247, 1074, 1063, 1087, 1023, 0.252884, 0.250294, 0.255945, 0.240876
4248, 1074, 1064, 1087, 1023, 0.252825, 0.250471, 0.255885, 0.240819
4249, 1074, 1064, 1088, 1023, 0.252765, 0.250412, 0.25606, 0.240763
4250, 1074, 1064, 1088, 1024, 0.252706, 0.250353, 0.256, 0.240941
4251, 1074, 1064, 1089, 1024, 0.252646, 0.250294, 0.256175, 0.240884
4252, 1074, 1064, 1089, 1025, 0.252587, 0.250235, 0.256115, 0.241063
4253, 1074, 1065, 1089, 1025, 0.252528, 0.250411, 0.256055, 0.241006
4254, 1075, 1065, 1089, 1025, 0.252703, 0.250353, 0.255994, 0.24095
4255, 1075, 1065, 1090, 1025, 0.252644, 0.250294, 0.256169, 0.240893
4256, 1075, 1066, 1090, 1025, 0.252585, 0.25047, 0.256109, 0.240836
4257, 1075, 1066, 1091, 1025, 0.252525, 0.250411, 0.256284, 0.24078
4258, 1075, 1067, 1091, 1025, 0.252466, 0.250587, 0.256224, 0.240723
4259, 1075, 1067, 1092, 1025, 0.252407, 0.250528, 0.256398, 0.240667
4260, 1075, 1067, 1093, 1025, 0.252347, 0.250469, 0.256573, 0.24061
4261, 1075, 1068, 1093, 1025, 0.252288, 0.250645, 0.256513, 0.240554
4262, 1075, 1068, 1094, 1025, 0.252229, 0.250587, 0.256687, 0.240497
4263, 1076, 1068, 1094, 1025, 0.252404, 0.250528, 0.256627, 0.240441
4264, 1077, 1068, 1094, 1025, 0.25258, 0.250469, 0.256567, 0.240385
4265, 1077, 1068, 1094, 1026, 0.252521, 0.25041, 0.256506, 0.240563
4266, 1077, 1068, 1094, 1027, 0.252461, 0.250352, 0.256446, 0.240741
4267, 1077, 1069, 1094, 1027, 0.252402, 0.250527, 0.256386, 0.240684
4268, 1078, 1069, 1094, 1027, 0.252577, 0.250469, 0.256326, 0.240628
4269, 1078, 1070, 1094, 1027, 0.252518, 0.250644, 0.256266, 0.240572
4270, 1079, 1070, 1094, 1027, 0.252693, 0.250585, 0.256206, 0.240515
4271, 1079, 1070, 1095, 1027, 0.252634, 0.250527, 0.25638, 0.240459
4272, 1079, 1070, 1095, 1028, 0.252575, 0.250468, 0.25632, 0.240637
4273, 1080, 1070, 1095, 1028, 0.25275, 0.25041, 0.25626, 0.24058
4274, 1080, 1070, 1096, 1028, 0.252691, 0.250351, 0.256434, 0.240524
4275, 1080, 1070, 1097, 1028, 0.252632, 0.250292, 0.256608, 0.240468
4276, 1080, 1071, 1097, 1028, 0.252572, 0.250468, 0.256548, 0.240412
4277, 1080, 1071, 1098, 1028, 0.252513, 0.250409, 0.256722, 0.240355
4278, 1080, 1071, 1099, 1028, 0.252454, 0.250351, 0.256896, 0.240299
4279, 1080, 1071, 1099, 1029, 0.252395, 0.250292, 0.256836, 0.240477
4280, 1080, 1071, 1099, 1030, 0.252336, 0.250234, 0.256776, 0.240654
4281, 1080, 1071, 1099, 1031, 0.252278, 0.250175, 0.256716, 0.240832
4282, 1081, 1071, 1099, 1031, 0.252452, 0.250117, 0.256656, 0.240775
4283, 1081, 1072, 1099, 1031, 0.252393, 0.250292, 0.256596, 0.240719
4284, 1081, 1073, 1099, 1031, 0.252334, 0.250467, 0.256536, 0.240663
4285, 1081, 1073, 1100, 1031, 0.252275, 0.250408, 0.256709, 0.240607
4286, 1081, 1073, 1100, 1032, 0.252217, 0.25035, 0.25665, 0.240784
4287, 1081, 1074, 1100, 1032, 0.252158, 0.250525, 0.25659, 0.240728
4288, 1081, 1074, 1100, 1033, 0.252099, 0.250466, 0.25653, 0.240905
4289, 1082, 1074, 1100, 1033, 0.252273, 0.250408, 0.25647, 0.240849
4290, 1082, 1074, 1100, 1034, 0.252214, 0.25035, 0.25641, 0.241026
4291, 1082, 1074, 1100, 1035, 0.252156, 0.250291, 0.256351, 0.241203
4292, 1082, 1075, 1100, 1035, 0.252097, 0.250466, 0.256291, 0.241146
4293, 1082, 1075, 1101, 1035, 0.252038, 0.250408, 0.256464, 0.24109
4294, 1082, 1075, 1102, 1035, 0.25198, 0.250349, 0.256637, 0.241034
4295, 1082, 1075, 1102, 1036, 0.251921, 0.250291, 0.256577, 0.241211
4296, 1082, 1076, 1102, 1036, 0.251862, 0.250466, 0.256518, 0.241155
4297, 1082, 1076, 1103, 1036, 0.251804, 0.250407, 0.256691, 0.241098
4298, 1082, 1076, 1103, 1037, 0.251745, 0.250349, 0.256631, 0.241275
4299, 1082, 1076, 1103, 1038, 0.251686, 0.250291, 0.256571, 0.241452
4300, 1082, 1077, 1103, 1038, 0.251628, 0.250465, 0.256512, 0.241395
4301, 1083, 1077, 1103, 1038, 0.251802, 0.250407, 0.256452, 0.241339
4302, 1083, 1077, 1104, 1038, 0.251743, 0.250349, 0.256625, 0.241283
4303, 1084, 1077, 1104, 1038, 0.251917, 0.25029, 0.256565, 0.241227
4304, 1084, 1078, 1104, 1038, 0.251859, 0.250465, 0.256506, 0.241171
4305, 1085, 1078, 1104, 1038, 0.252033, 0.250407, 0.256446, 0.241115
4306, 1085, 1079, 1104, 1038, 0.251974, 0.250581, 0.256386, 0.241059
4307, 1085, 1079, 1104, 1039, 0.251915, 0.250522, 0.256327, 0.241235
4308, 1085, 1079, 1105, 1039, 0.251857, 0.250464, 0.2565, 0.241179
4309, 1085, 1079, 1106, 1039, 0.251799, 0.250406, 0.256672, 0.241123
4310, 1085, 1079, 1107, 1039, 0.25174, 0.250348, 0.256845, 0.241067
4311, 1085, 1079, 1108, 1039, 0.251682, 0.25029, 0.257017, 0.241011
4312, 1085, 1080, 1108, 1039, 0.251623, 0.250464, 0.256957, 0.240955
4313, 1085, 1080, 1108, 1040, 0.251565, 0.250406, 0.256898, 0.241131
4314, 1085, 1081, 1108, 1040, 0.251507, 0.25058, 0.256838, 0.241076
4315, 1086, 1081, 1108, 1040, 0.25168, 0.250521, 0.256779, 0.24102
4316, 1086, 1081, 1108, 1041, 0.251622, 0.250463, 0.256719, 0.241196
4317, 1086, 1082, 1108, 1041, 0.251564, 0.250637, 0.25666, 0.24114
4318, 1086, 1083, 1108, 1041, 0.251505, 0.250811, 0.2566, 0.241084
4319, 1086, 1084, 1108, 1041, 0.251447, 0.250984, 0.256541, 0.241028
4320, 1087, 1084, 1108, 1041, 0.25162, 0.250926, 0.256481, 0.240972
4321, 1087, 1084, 1108, 1042, 0.251562, 0.250868, 0.256422, 0.241148
4322, 1087, 1085, 1108, 1042, 0.251504, 0.251041, 0.256363, 0.241092
4323, 1088, 1085, 1108, 1042, 0.251677, 0.250983, 0.256303, 0.241036
4324, 1088, 1085, 1108, 1043, 0.251619, 0.250925, 0.256244, 0.241212
4325, 1088, 1085, 1109, 1043, 0.251561, 0.250867, 0.256416, 0.241156
4326, 1088, 1085, 1109, 1044, 0.251503, 0.250809, 0.256357, 0.241331
4327, 1088, 1086, 1109, 1044, 0.251444, 0.250982, 0.256298, 0.241276
4328, 1089, 1086, 1109, 1044, 0.251617, 0.250924, 0.256238, 0.24122
4329, 1089, 1087, 1109, 1044, 0.251559, 0.251097, 0.256179, 0.241164
4330, 1089, 1087, 1110, 1044, 0.251501, 0.251039, 0.256351, 0.241109
4331, 1089, 1087, 1111, 1044, 0.251443, 0.250981, 0.256523, 0.241053
4332, 1090, 1087, 1111, 1044, 0.251616, 0.250923, 0.256464, 0.240997
4333, 1090, 1087, 1112, 1044, 0.251558, 0.250865, 0.256635, 0.240942
4334, 1090, 1087, 1113, 1044, 0.2515, 0.250808, 0.256807, 0.240886
4335, 1090, 1087, 1113, 1045, 0.251442, 0.25075, 0.256747, 0.241061
4336, 1091, 1087, 1113, 1045, 0.251614, 0.250692, 0.256688, 0.241006
4337, 1092, 1087, 1113, 1045, 0.251787, 0.250634, 0.256629, 0.24095
4338, 1092, 1087, 1114, 1045, 0.251729, 0.250576, 0.2568, 0.240894
4339, 1092, 1088, 1114, 1045, 0.251671, 0.250749, 0.256741, 0.240839
4340, 1093, 1088, 1114, 1045, 0.251843, 0.250691, 0.256682, 0.240783
4341, 1093, 1088, 1115, 1045, 0.251785, 0.250633, 0.256853, 0.240728
4342, 1093, 1089, 1115, 1045, 0.251727, 0.250806, 0.256794, 0.240673
4343, 1093, 1089, 1115, 1046, 0.251669, 0.250748, 0.256735, 0.240847
4344, 1093, 1090, 1115, 1046, 0.251611, 0.250921, 0.256676, 0.240792
4345, 1093, 1090, 1115, 1047, 0.251554, 0.250863, 0.256617, 0.240967
4346, 1093, 1090, 1116, 1047, 0.251496, 0.250805, 0.256788, 0.240911
4347, 1093, 1090, 1117, 1047, 0.251438, 0.250748, 0.256959, 0.240856
4348, 1093, 1090, 1118, 1047, 0.25138, 0.25069, 0.25713, 0.2408
4349, 1093, 1090, 1119, 1047, 0.251322, 0.250632, 0.257301, 0.240745
4350, 1093, 1090, 1119, 1048, 0.251264, 0.250575, 0.257241, 0.24092
4351, 1093, 1091, 1119, 1048, 0.251207, 0.250747, 0.257182, 0.240864
4352, 1093, 1091, 1119, 1049, 0.251149, 0.250689, 0.257123, 0.241039
4353, 1093, 1091, 1119, 1050, 0.251091, 0.250632, 0.257064, 0.241213
4354, 1094, 1091, 1119, 1050, 0.251263, 0.250574, 0.257005, 0.241158
4355, 1094, 1091, 1120, 1050, 0.251206, 0.250517, 0.257176, 0.241102
4356, 1094, 1091, 1120, 1051, 0.251148, 0.250459, 0.257117, 0.241276
4357, 1094, 1091, 1121, 1051, 0.25109, 0.250402, 0.257287, 0.241221
4358, 1095, 1091, 1121, 1051, 0.251262, 0.250344, 0.257228, 0.241166
4359, 1095, 1091, 1122, 1051, 0.251204, 0.250287, 0.257398, 0.24111
4360, 1095, 1092, 1122, 1051, 0.251147, 0.250459, 0.257339, 0.241055
4361, 1096, 1092, 1122, 1051, 0.251319, 0.250401, 0.25728, 0.241
4362, 1096, 1092, 1122, 1052, 0.251261, 0.250344, 0.257221, 0.241174
4363, 1096, 1092, 1122, 1053, 0.251203, 0.250287, 0.257163, 0.241348
4364, 1096, 1093, 1122, 1053, 0.251146, 0.250458, 0.257104, 0.241292
4365, 1097, 1093, 1122, 1053, 0.251317, 0.250401, 0.257045, 0.241237
4366, 1097, 1094, 1122, 1053, 0.25126, 0.250573, 0.256986, 0.241182
4367, 1097, 1094, 1122, 1054, 0.251202, 0.250515, 0.256927, 0.241356
4368, 1098, 1094, 1122, 1054, 0.251374, 0.250458, 0.256868, 0.2413
4369, 1098, 1095, 1122, 1054, 0.251316, 0.250629, 0.256809, 0.241245
4370, 1099, 1095, 1122, 1054, 0.251487, 0.250572, 0.256751, 0.24119
4371, 1100, 1095, 1122, 1054, 0.251659, 0.250515, 0.256692, 0.241135
4372, 1101, 1095, 1122, 1054, 0.25183, 0.250457, 0.256633, 0.24108
4373, 1101, 1095, 1122, 1055, 0.251772, 0.2504, 0.256574, 0.241253
4374, 1101, 1095, 1122, 1056, 0.251715, 0.250343, 0.256516, 0.241427
4375, 1101, 1096, 1122, 1056, 0.251657, 0.250514, 0.256457, 0.241371
4376, 1101, 1097, 1122, 1056, 0.2516, 0.250686, 0.256399, 0.241316
4377, 1101, 1097, 1123, 1056, 0.251542, 0.250628, 0.256568, 0.241261
4378, 1101, 1098, 1123, 1056, 0.251485, 0.250799, 0.25651, 0.241206
4379, 1101, 1098, 1123, 1057, 0.251427, 0.250742, 0.256451, 0.241379
4380, 1101, 1098, 1124, 1057, 0.25137, 0.250685, 0.256621, 0.241324
4381, 1101, 1099, 1124, 1057, 0.251312, 0.250856, 0.256562, 0.241269
4382, 1102, 1099, 1124, 1057, 0.251483, 0.250799, 0.256504, 0.241214
4383, 1103, 1099, 1124, 1057, 0.251654, 0.250742, 0.256445, 0.241159
4384, 1104, 1099, 1124, 1057, 0.251825, 0.250684, 0.256387, 0.241104
4385, 1105, 1099, 1124, 1057, 0.251995, 0.250627, 0.256328, 0.241049
4386, 1106, 1099, 1124, 1057, 0.252166, 0.25057, 0.25627, 0.240994
4387, 1106, 1099, 1124, 1058, 0.252109, 0.250513, 0.256212, 0.241167
4388, 1107, 1099, 1124, 1058, 0.252279, 0.250456, 0.256153, 0.241112
4389, 1107, 1100, 1124, 1058, 0.252221, 0.250627, 0.256095, 0.241057
4390, 1107, 1100, 1124, 1059, 0.252164, 0.250569, 0.256036, 0.24123
4391, 1108, 1100, 1124, 1059, 0.252334, 0.250512, 0.255978, 0.241175
4392, 1109, 1100, 1124, 1059, 0.252505, 0.250455, 0.25592, 0.24112
4393, 1109, 1100, 1125, 1059, 0.252447, 0.250398, 0.256089, 0.241065
4394, 1109, 1101, 1125, 1059, 0.25239, 0.250569, 0.256031, 0.24101
4395, 1109, 1101, 1126, 1059, 0.252332, 0.250512, 0.2562, 0.240956
4396, 1110, 1101, 1126, 1059, 0.252502, 0.250455, 0.256142, 0.240901
4397, 1111, 1101, 1126, 1059, 0.252672, 0.250398, 0.256084, 0.240846
4398, 1111, 1101, 1126, 1060, 0.252615, 0.250341, 0.256025, 0.241019
4399, 1111, 1101, 1126, 1061, 0.252557, 0.250284, 0.255967, 0.241191
4400, 1111, 1101, 1127, 1061, 0.2525, 0.250227, 0.256136, 0.241136
4401, 1111, 1101, 1127, 1062, 0.252443, 0.25017, 0.256078, 0.241309
4402, 1111, 1102, 1127, 1062, 0.252385, 0.250341, 0.25602, 0.241254
4403, 1111, 1103, 1127, 1062, 0.252328, 0.250511, 0.255962, 0.241199
4404, 1111, 1103, 1128, 1062, 0.252271, 0.250454, 0.256131, 0.241144
4405, 1111, 1104, 1128, 1062, 0.252213, 0.250624, 0.256073, 0.24109
4406, 1111, 1104, 1129, 1062, 0.252156, 0.250567, 0.256241, 0.241035
4407, 1111, 1104, 1129, 1063, 0.252099, 0.250511, 0.256183, 0.241207
4408, 1111, 1104, 1130, 1063, 0.252042, 0.250454, 0.256352, 0.241152
4409, 1111, 1105, 1130, 1063, 0.251985, 0.250624, 0.256294, 0.241098
4410, 1111, 1105, 1130, 1064, 0.251927, 0.250567, 0.256236, 0.24127
4411, 1111, 1105, 1131, 1064, 0.25187, 0.25051, 0.256404, 0.241215
4412, 1111, 1106, 1131, 1064, 0.251813, 0.25068, 0.256346, 0.24116
4413, 1111, 1106, 1132, 1064, 0.251756, 0.250623, 0.256515, 0.241106
4414, 1111, 1106, 1132, 1065, 0.251699, 0.250566, 0.256457, 0.241278
4415, 1112, 1106, 1132, 1065, 0.251869, 0.25051, 0.256399, 0.241223
4416, 1112, 1107, 1132, 1065, 0.251812, 0.250679, 0.256341, 0.241168
4417, 1112, 1107, 1133, 1065, 0.251755, 0.250623, 0.256509, 0.241114
4418, 1112, 1107, 1134, 1065, 0.251698, 0.250566, 0.256677, 0.241059
4419, 1112, 1107, 1134, 1066, 0.251641, 0.250509, 0.256619, 0.241231
4420, 1112, 1108, 1134, 1066, 0.251584, 0.250679, 0.256561, 0.241176
4421, 1113, 1108, 1134, 1066, 0.251753, 0.250622, 0.256503, 0.241122
4422, 1113, 1109, 1134, 1066, 0.251696, 0.250791, 0.256445, 0.241067
4423, 1113, 1110, 1134, 1066, 0.251639, 0.250961, 0.256387, 0.241013
4424, 1113, 1110, 1135, 1066, 0.251582, 0.250904, 0.256555, 0.240958
4425, 1114, 1110, 1135, 1066, 0.251751, 0.250847, 0.256497, 0.240904
4426, 1114, 1110, 1135, 1067, 0.251695, 0.250791, 0.256439, 0.241075
4427, 1114, 1110, 1136, 1067, 0.251638, 0.250734, 0.256607, 0.241021
4428, 1114, 1110, 1136, 1068, 0.251581, 0.250678, 0.256549, 0.241192
4429, 1114, 1111, 1136, 1068, 0.251524, 0.250847, 0.256491, 0.241138
4430, 1114, 1111, 1136, 1069, 0.251467, 0.25079, 0.256433, 0.241309
4431, 1114, 1112, 1136, 1069, 0.251411, 0.250959, 0.256376, 0.241255
4432, 1115, 1112, 1136, 1069, 0.251579, 0.250903, 0.256318, 0.2412
4433, 1115, 1113, 1136, 1069, 0.251523, 0.251072, 0.25626, 0.241146
4434, 1115, 1113, 1137, 1069, 0.251466, 0.251015, 0.256428, 0.241092
4435, 1115, 1113, 1137, 1070, 0.251409, 0.250958, 0.25637, 0.241263
4436, 1116, 1113, 1137, 1070, 0.251578, 0.250902, 0.256312, 0.241208
4437, 1116, 1113, 1138, 1070, 0.251521, 0.250845, 0.25648, 0.241154
4438, 1116, 1113, 1138, 1071, 0.251465, 0.250789, 0.256422, 0.241325
4439, 1117, 1113, 1138, 1071, 0.251633, 0.250732, 0.256364, 0.241271
4440, 1118, 1113, 1138, 1071, 0.251802, 0.250676, 0.256306, 0.241216
4441, 1118, 1113, 1138, 1072, 0.251745, 0.250619, 0.256249, 0.241387
4442, 1119, 1113, 1138, 1072, 0.251914, 0.250563, 0.256191, 0.241333
4443, 1119, 1113, 1139, 1072, 0.251857, 0.250506, 0.256358, 0.241278
4444, 1119, 1113, 1140, 1072, 0.2518, 0.25045, 0.256526, 0.241224
4445, 1119, 1113, 1140, 1073, 0.251744, 0.250394, 0.256468, 0.241395
4446, 1119, 1113, 1140, 1074, 0.251687, 0.250337, 0.25641, 0.241565
4447, 1120, 1113, 1140, 1074, 0.251855, 0.250281, 0.256353, 0.241511
4448, 1121, 1113, 1140, 1074, 0.252023, 0.250225, 0.256295, 0.241457
4449, 1121, 1113, 1140, 1075, 0.251967, 0.250169, 0.256237, 0.241627
4450, 1121, 1114, 1140, 1075, 0.25191, 0.250337, 0.25618, 0.241573
4451, 1121, 1115, 1140, 1075, 0.251854, 0.250506, 0.256122, 0.241519
4452, 1122, 1115, 1140, 1075, 0.252022, 0.250449, 0.256065, 0.241465
4453, 1122, 1115, 1141, 1075, 0.251965, 0.250393, 0.256232, 0.24141
4454, 1122, 1115, 1141, 1076, 0.251908, 0.250337, 0.256174, 0.241581
4455, 1122, 1115, 1142, 1076, 0.251852, 0.250281, 0.256341, 0.241526
4456, 1122, 1116, 1142, 1076, 0.251795, 0.250449, 0.256284, 0.241472
4457, 1122, 1116, 1143, 1076, 0.251739, 0.250393, 0.256451, 0.241418
4458, 1122, 1116, 1143, 1077, 0.251682, 0.250336, 0.256393, 0.241588
4459, 1122, 1116, 1143, 1078, 0.251626, 0.25028, 0.256336, 0.241758
4460, 1122, 1117, 1143, 1078, 0.25157, 0.250448, 0.256278, 0.241704
4461, 1123, 1117, 1143, 1078, 0.251737, 0.250392, 0.256221, 0.24165
4462, 1124, 1117, 1143, 1078, 0.251905, 0.250336, 0.256163, 0.241596
4463, 1124, 1118, 1143, 1078, 0.251849, 0.250504, 0.256106, 0.241542
4464, 1124, 1118, 1144, 1078, 0.251792, 0.250448, 0.256272, 0.241487
4465, 1125, 1118, 1144, 1078, 0.25196, 0.250392, 0.256215, 0.241433
4466, 1125, 1119, 1144, 1078, 0.251903, 0.25056, 0.256158, 0.241379
4467, 1125, 1119, 1144, 1079, 0.251847, 0.250504, 0.2561, 0.241549
4468, 1126, 1119, 1144, 1079, 0.252014, 0.250448, 0.256043, 0.241495
4469, 1126, 1120, 1144, 1079, 0.251958, 0.250615, 0.255986, 0.241441
4470, 1126, 1120, 1144, 1080, 0.251902, 0.250559, 0.255928, 0.241611
4471, 1126, 1120, 1145, 1080, 0.251845, 0.250503, 0.256095, 0.241557
4472, 1126, 1120, 1146, 1080, 0.251789, 0.250447, 0.256261, 0.241503
4473, 1126, 1121, 1146, 1080, 0.251733, 0.250615, 0.256204, 0.241449
4474, 1126, 1122, 1146, 1080, 0.251676, 0.250782, 0.256147, 0.241395
4475, 1127, 1122, 1146, 1080, 0.251844, 0.250726, 0.256089, 0.241341
4476, 1128, 1122, 1146, 1080, 0.252011, 0.25067, 0.256032, 0.241287
4477, 1128, 1123, 1146, 1080, 0.251954, 0.250838, 0.255975, 0.241233
4478, 1128, 1123, 1146, 1081, 0.251898, 0.250782, 0.255918, 0.241402
4479, 1128, 1123, 1146, 1082, 0.251842, 0.250726, 0.255861, 0.241572
4480, 1128, 1124, 1146, 1082, 0.251786, 0.250893, 0.255804, 0.241518
4481, 1129, 1124, 1146, 1082, 0.251953, 0.250837, 0.255746, 0.241464
4482, 1129, 1124, 1146, 1083, 0.251896, 0.250781, 0.255689, 0.241633
4483, 1129, 1125, 1146, 1083, 0.25184, 0.250948, 0.255632, 0.241579
4484, 1129, 1125, 1147, 1083, 0.251784, 0.250892, 0.255798, 0.241525
4485, 1130, 1125, 1147, 1083, 0.251951, 0.250836, 0.255741, 0.241472
4486, 1130, 1125, 1147, 1084, 0.251895, 0.25078, 0.255684, 0.241641
4487, 1130, 1125, 1148, 1084, 0.251839, 0.250724, 0.25585, 0.241587
4488, 1131, 1125, 1148, 1084, 0.252005, 0.250668, 0.255793, 0.241533
4489, 1131, 1126, 1148, 1084, 0.251949, 0.250835, 0.255736, 0.241479
4490, 1131, 1126, 1148, 1085, 0.251893, 0.25078, 0.255679, 0.241648
4491, 1131, 1126, 1148, 1086, 0.251837, 0.250724, 0.255622, 0.241817
4492, 1132, 1126, 1148, 1086, 0.252004, 0.250668, 0.255565, 0.241763
4493, 1132, 1126, 1148, 1087, 0.251947, 0.250612, 0.255509, 0.241932
4494, 1132, 1126, 1148, 1088, 0.251891, 0.250556, 0.255452, 0.242101
4495, 1132, 1127, 1148, 1088, 0.251835, 0.250723, 0.255395, 0.242047
4496, 1132, 1128, 1148, 1088, 0.251779, 0.25089, 0.255338, 0.241993
4497, 1132, 1128, 1148, 1089, 0.251723, 0.250834, 0.255281, 0.242161
4498, 1133, 1128, 1148, 1089, 0.25189, 0.250778, 0.255225, 0.242108
4499, 1133, 1129, 1148, 1089, 0.251834, 0.250945, 0.255168, 0.242054
4500, 1133, 1129, 1149, 1089, 0.251778, 0.250889, 0.255333, 0.242
4501, 1133, 1129, 1150, 1089, 0.251722, 0.250833, 0.255499, 0.241946
4502, 1133, 1130, 1150, 1089, 0.251666, 0.251, 0.255442, 0.241892
4503, 1133, 1130, 1151, 1089, 0.25161, 0.250944, 0.255607, 0.241839
4504, 1133, 1130, 1152, 1089, 0.251554, 0.250888, 0.255773, 0.241785
4505, 1134, 1130, 1152, 1089, 0.25172, 0.250832, 0.255716, 0.241731
4506, 1134, 1131, 1152, 1089, 0.251664, 0.250999, 0.255659, 0.241678
4507, 1134, 1131, 1152, 1090, 0.251609, 0.250943, 0.255602, 0.241846
4508, 1134, 1131, 1152, 1091, 0.251553, 0.250887, 0.255546, 0.242014
4509, 1134, 1131, 1153, 1091, 0.251497, 0.250832, 0.255711, 0.241961
4510, 1135, 1131, 1153, 1091, 0.251663, 0.250776, 0.255654, 0.241907
4511, 1135, 1131, 1154, 1091, 0.251607, 0.25072, 0.255819, 0.241853
4512, 1135, 1131, 1155, 1091, 0.251551, 0.250665, 0.255984, 0.2418
4513, 1135, 1132, 1155, 1091, 0.251496, 0.250831, 0.255927, 0.241746
4514, 1136, 1132, 1155, 1091, 0.251661, 0.250775, 0.255871, 0.241693
4515, 1136, 1132, 1156, 1091, 0.251606, 0.25072, 0.256035, 0.241639
4516, 1136, 1133, 1156, 1091, 0.25155, 0.250886, 0.255979, 0.241585
4517, 1136, 1133, 1157, 1091, 0.251494, 0.25083, 0.256143, 0.241532
4518, 1136, 1133, 1158, 1091, 0.251439, 0.250775, 0.256308, 0.241479
4519, 1136, 1133, 1158, 1092, 0.251383, 0.250719, 0.256251, 0.241646
4520, 1136, 1134, 1158, 1092, 0.251327, 0.250885, 0.256195, 0.241593
4521, 1137, 1134, 1158, 1092, 0.251493, 0.250829, 0.256138, 0.241539
4522, 1137, 1134, 1159, 1092, 0.251437, 0.250774, 0.256303, 0.241486
4523, 1137, 1134, 1159, 1093, 0.251382, 0.250719, 0.256246, 0.241654
4524, 1137, 1135, 1159, 1093, 0.251326, 0.250884, 0.256189, 0.2416
4525, 1138, 1135, 1159, 1093, 0.251492, 0.250829, 0.256133, 0.241547
4526, 1139, 1135, 1159, 1093, 0.251657, 0.250773, 0.256076, 0.241494
4527, 1139, 1136, 1159, 1093, 0.251602, 0.250939, 0.256019, 0.24144
4528, 1139, 1136, 1159, 1094, 0.251546, 0.250883, 0.255963, 0.241608
4529, 1139, 1137, 1159, 1094, 0.25149, 0.251049, 0.255906, 0.241554
4530, 1139, 1137, 1160, 1094, 0.251435, 0.250993, 0.256071, 0.241501
4531, 1139, 1138, 1160, 1094, 0.251379, 0.251159, 0.256014, 0.241448
4532, 1140, 1138, 1160, 1094, 0.251545, 0.251103, 0.255958, 0.241395
4533, 1141, 1138, 1160, 1094, 0.25171, 0.251048, 0.255901, 0.241341
4534, 1141, 1138, 1161, 1094, 0.251654, 0.250993, 0.256065, 0.241288
4535, 1142, 1138, 1161, 1094, 0.251819, 0.250937, 0.256009, 0.241235
4536, 1142, 1139, 1161, 1094, 0.251764, 0.251102, 0.255952, 0.241182
4537, 1143, 1139, 1161, 1094, 0.251929, 0.251047, 0.255896, 0.241128
4538, 1143, 1140, 1161, 1094, 0.251873, 0.251212, 0.25584, 0.241075
4539, 1143, 1140, 1161, 1095, 0.251818, 0.251157, 0.255783, 0.241243
4540, 1143, 1141, 1161, 1095, 0.251762, 0.251322, 0.255727, 0.241189
4541, 1143, 1141, 1161, 1096, 0.251707, 0.251266, 0.255671, 0.241357
4542, 1143, 1142, 1161, 1096, 0.251651, 0.251431, 0.255614, 0.241303
4543, 1143, 1142, 1162, 1096, 0.251596, 0.251376, 0.255778, 0.24125
4544, 1144, 1142, 1162, 1096, 0.251761, 0.25132, 0.255722, 0.241197
4545, 1144, 1142, 1162, 1097, 0.251705, 0.251265, 0.255666, 0.241364
4546, 1144, 1143, 1162, 1097, 0.25165, 0.25143, 0.255609, 0.241311
4547, 1144, 1144, 1162, 1097, 0.251594, 0.251594, 0.255553, 0.241258
4548, 1144, 1144, 1163, 1097, 0.251539, 0.251539, 0.255717, 0.241205
4549, 1144, 1144, 1163, 1098, 0.251484, 0.251484, 0.255661, 0.241372
4550, 1144, 1145, 1163, 1098, 0.251429, 0.251648, 0.255604, 0.241319
4551, 1144, 1145, 1164, 1098, 0.251373, 0.251593, 0.255768, 0.241266
4552, 1144, 1146, 1164, 1098, 0.251318, 0.251757, 0.255712, 0.241213
4553, 1144, 1146, 1165, 1098, 0.251263, 0.251702, 0.255875, 0.24116
4554, 1144, 1146, 1166, 1098, 0.251208, 0.251647, 0.256039, 0.241107
4555, 1144, 1147, 1166, 1098, 0.251153, 0.251811, 0.255982, 0.241054
4556, 1145, 1147, 1166, 1098, 0.251317, 0.251756, 0.255926, 0.241001
4557, 1145, 1147, 1167, 1098, 0.251262, 0.251701, 0.25609, 0.240948
4558, 1145, 1147, 1167, 1099, 0.251207, 0.251645, 0.256033, 0.241115
4559, 1145, 1148, 1167, 1099, 0.251152, 0.25181, 0.255977, 0.241062
4560, 1146, 1148, 1167, 1099, 0.251316, 0.251754, 0.255921, 0.241009
4561, 1147, 1148, 1167, 1099, 0.25148, 0.251699, 0.255865, 0.240956
4562, 1147, 1148, 1168, 1099, 0.251425, 0.251644, 0.256028, 0.240903
4563, 1148, 1148, 1168, 1099, 0.251589, 0.251589, 0.255972, 0.24085
4564, 1148, 1148, 1169, 1099, 0.251534, 0.251534, 0.256135, 0.240798
4565, 1148, 1149, 1169, 1099, 0.251479, 0.251698, 0.256079, 0.240745
4566, 1149, 1149, 1169, 1099, 0.251643, 0.251643, 0.256023, 0.240692
4567, 1149, 1149, 1170, 1099, 0.251587, 0.251587, 0.256186, 0.240639
4568, 1149, 1150, 1170, 1099, 0.251532, 0.251751, 0.25613, 0.240587
4569, 1149, 1151, 1170, 1099, 0.251477, 0.251915, 0.256074, 0.240534
4570, 1149, 1151, 1170, 1100, 0.251422, 0.25186, 0.256018, 0.2407
4571, 1150, 1151, 1170, 1100, 0.251586, 0.251805, 0.255961, 0.240648
4572, 1150, 1151, 1170, 1101, 0.251531, 0.25175, 0.255906, 0.240814
4573, 1150, 1151, 1171, 1101, 0.251476, 0.251695, 0.256068, 0.240761
4574, 1151, 1151, 1171, 1101, 0.25164, 0.25164, 0.256012, 0.240708
4575, 1151, 1151, 1172, 1101, 0.251585, 0.251585, 0.256175, 0.240656
4576, 1151, 1152, 1172, 1101, 0.25153, 0.251748, 0.256119, 0.240603
4577, 1151, 1152, 1173, 1101, 0.251475, 0.251693, 0.256281, 0.240551
4578, 1151, 1153, 1173, 1101, 0.25142, 0.251857, 0.256225, 0.240498
4579, 1152, 1153, 1173, 1101, 0.251583, 0.251802, 0.256169, 0.240446
4580, 1152, 1153, 1173, 1102, 0.251528, 0.251747, 0.256114, 0.240611
4581, 1153, 1153, 1173, 1102, 0.251692, 0.251692, 0.256058, 0.240559
4582, 1154, 1153, 1173, 1102, 0.251855, 0.251637, 0.256002, 0.240506
4583, 1155, 1153, 1173, 1102, 0.252018, 0.251582, 0.255946, 0.240454
4584, 1155, 1154, 1173, 1102, 0.251963, 0.251745, 0.25589, 0.240401
4585, 1155, 1154, 1173, 1103, 0.251908, 0.25169, 0.255834, 0.240567
4586, 1156, 1154, 1173, 1103, 0.252072, 0.251635, 0.255778, 0.240515
4587, 1156, 1154, 1174, 1103, 0.252017, 0.251581, 0.255941, 0.240462
4588, 1156, 1155, 1174, 1103, 0.251962, 0.251744, 0.255885, 0.24041
4589, 1156, 1156, 1174, 1103, 0.251907, 0.251907, 0.255829, 0.240357
4590, 1157, 1156, 1174, 1103, 0.25207, 0.251852, 0.255773, 0.240305
4591, 1158, 1156, 1174, 1103, 0.252233, 0.251797, 0.255718, 0.240253
4592, 1159, 1156, 1174, 1103, 0.252395, 0.251742, 0.255662, 0.2402
4593, 1159, 1156, 1175, 1103, 0.252341, 0.251687, 0.255824, 0.240148
4594, 1159, 1156, 1176, 1103, 0.252286, 0.251633, 0.255986, 0.240096
4595, 1159, 1156, 1177, 1103, 0.252231, 0.251578, 0.256148, 0.240044
4596, 1159, 1157, 1177, 1103, 0.252176, 0.251741, 0.256092, 0.239991
4597, 1160, 1157, 1177, 1103, 0.252338, 0.251686, 0.256037, 0.239939
4598, 1161, 1157, 1177, 1103, 0.252501, 0.251631, 0.255981, 0.239887
4599, 1161, 1158, 1177, 1103, 0.252446, 0.251794, 0.255925, 0.239835
4600, 1161, 1159, 1177, 1103, 0.252391, 0.251957, 0.25587, 0.239783
4601, 1161, 1159, 1178, 1103, 0.252336, 0.251902, 0.256031, 0.23973
4602, 1162, 1159, 1178, 1103, 0.252499, 0.251847, 0.255976, 0.239678
4603, 1162, 1159, 1179, 1103, 0.252444, 0.251792, 0.256137, 0.239626
4604, 1162, 1159, 1180, 1103, 0.252389, 0.251738, 0.256299, 0.239574
4605, 1163, 1159, 1180, 1103, 0.252552, 0.251683, 0.256243, 0.239522
4606, 1163, 1159, 1181, 1103, 0.252497, 0.251628, 0.256405, 0.23947
4607, 1163, 1159, 1181, 1104, 0.252442, 0.251574, 0.256349, 0.239635
4608, 1163, 1159, 1181, 1105, 0.252387, 0.251519, 0.256293, 0.2398
4609, 1163, 1159, 1181, 1106, 0.252332, 0.251465, 0.256238, 0.239965
4610, 1163, 1159, 1181, 1107, 0.252278, 0.25141, 0.256182, 0.24013
4611, 1163, 1159, 1181, 1108, 0.252223, 0.251355, 0.256127, 0.240295
4612, 1163, 1160, 1181, 1108, 0.252168, 0.251518, 0.256071, 0.240243
4613, 1163, 1161, 1181, 1108, 0.252114, 0.25168, 0.256016, 0.240191
4614, 1163, 1161, 1182, 1108, 0.252059, 0.251625, 0.256177, 0.240139
4615, 1163, 1162, 1182, 1108, 0.252004, 0.251788, 0.256121, 0.240087
4616, 1163, 1162, 1182, 1109, 0.25195, 0.251733, 0.256066, 0.240251
4617, 1163, 1163, 1182, 1109, 0.251895, 0.251895, 0.25601, 0.240199
4618, 1163, 1163, 1183, 1109, 0.251841, 0.251841, 0.256172, 0.240147
4619, 1164, 1163, 1183, 1109, 0.252003, 0.251786, 0.256116, 0.240095
4620, 1164, 1164, 1183, 1109, 0.251948, 0.251948, 0.256061, 0.240043
4621, 1165, 1164, 1183, 1109, 0.25211, 0.251894, 0.256005, 0.239991
4622, 1166, 1164, 1183, 1109, 0.252272, 0.251839, 0.25595, 0.239939
4623, 1166, 1165, 1183, 1109, 0.252217, 0.252001, 0.255894, 0.239888
4624, 1166, 1166, 1183, 1109, 0.252163, 0.252163, 0.255839, 0.239836
4625, 1166, 1166, 1183, 1110, 0.252108, 0.252108, 0.255784, 0.24
4626, 1166, 1167, 1183, 1110, 0.252054, 0.25227, 0.255728, 0.239948
4627, 1167, 1167, 1183, 1110, 0.252215, 0.252215, 0.255673, 0.239896
4628, 1168, 1167, 1183, 1110, 0.252377, 0.252161, 0.255618, 0.239844
4629, 1168, 1167, 1183, 1111, 0.252322, 0.252106, 0.255563, 0.240009
4630, 1168, 1167, 1184, 1111, 0.252268, 0.252052, 0.255724, 0.239957
4631, 1168, 1167, 1184, 1112, 0.252213, 0.251997, 0.255668, 0.240121
4632, 1169, 1167, 1184, 1112, 0.252375, 0.251943, 0.255613, 0.240069
4633, 1170, 1167, 1184, 1112, 0.252536, 0.251889, 0.255558, 0.240017
4634, 1170, 1167, 1184, 1113, 0.252482, 0.251834, 0.255503, 0.240181
4635, 1171, 1167, 1184, 1113, 0.252643, 0.25178, 0.255448, 0.240129
4636, 1171, 1168, 1184, 1113, 0.252588, 0.251941, 0.255393, 0.240078
4637, 1171, 1169, 1184, 1113, 0.252534, 0.252103, 0.255338, 0.240026
4638, 1172, 1169, 1184, 1113, 0.252695, 0.252048, 0.255282, 0.239974
4639, 1172, 1170, 1184, 1113, 0.252641, 0.25221, 0.255227, 0.239922
4640, 1173, 1170, 1184, 1113, 0.252802, 0.252155, 0.255172, 0.239871
4641, 1174, 1170, 1184, 1113, 0.252963, 0.252101, 0.255117, 0.239819
4642, 1174, 1170, 1185, 1113, 0.252908, 0.252047, 0.255278, 0.239767
4643, 1174, 1170, 1186, 1113, 0.252854, 0.251992, 0.255438, 0.239716
4644, 1174, 1171, 1186, 1113, 0.252799, 0.252153, 0.255383, 0.239664
4645, 1174, 1172, 1186, 1113, 0.252745, 0.252314, 0.255328, 0.239612
4646, 1174, 1172, 1187, 1113, 0.25269, 0.25226, 0.255489, 0.239561
4647, 1174, 1172, 1188, 1113, 0.252636, 0.252206, 0.255649, 0.239509
4648, 1174, 1173, 1188, 1113, 0.252582, 0.252367, 0.255594, 0.239458
4649, 1174, 1173, 1189, 1113, 0.252527, 0.252312, 0.255754, 0.239406
4650, 1174, 1173, 1190, 1113, 0.252473, 0.252258, 0.255914, 0.239355
4651, 1174, 1174, 1190, 1113, 0.252419, 0.252419, 0.255859, 0.239303
4652, 1174, 1174, 1190, 1114, 0.252365, 0.252365, 0.255804, 0.239467
4653, 1175, 1174, 1190, 1114, 0.252525, 0.25231, 0.255749, 0.239415
4654, 1176, 1174, 1190, 1114, 0.252686, 0.252256, 0.255694, 0.239364
4655, 1176, 1174, 1190, 1115, 0.252632, 0.252202, 0.255639, 0.239527
4656, 1176, 1175, 1190, 1115, 0.252577, 0.252363, 0.255584, 0.239476
4657, 1177, 1175, 1190, 1115, 0.252738, 0.252308, 0.255529, 0.239425
4658, 1177, 1175, 1191, 1115, 0.252684, 0.252254, 0.255689, 0.239373
4659, 1177, 1175, 1191, 1116, 0.252629, 0.2522, 0.255634, 0.239536
4660, 1177, 1175, 1192, 1116, 0.252575, 0.252146, 0.255794, 0.239485
4661, 1177, 1175, 1193, 1116, 0.252521, 0.252092, 0.255954, 0.239434
4662, 1177, 1175, 1194, 1116, 0.252467, 0.252038, 0.256113, 0.239382
4663, 1178, 1175, 1194, 1116, 0.252627, 0.251984, 0.256058, 0.239331
4664, 1179, 1175, 1194, 1116, 0.252787, 0.25193, 0.256003, 0.23928
4665, 1180, 1175, 1194, 1116, 0.252947, 0.251876, 0.255949, 0.239228
4666, 1181, 1175, 1194, 1116, 0.253108, 0.251822, 0.255894, 0.239177
4667, 1182, 1175, 1194, 1116, 0.253268, 0.251768, 0.255839, 0.239126
4668, 1182, 1175, 1195, 1116, 0.253213, 0.251714, 0.255998, 0.239075
4669, 1183, 1175, 1195, 1116, 0.253373, 0.25166, 0.255943, 0.239023
4670, 1183, 1175, 1195, 1117, 0.253319, 0.251606, 0.255889, 0.239186
4671, 1183, 1175, 1196, 1117, 0.253265, 0.251552, 0.256048, 0.239135
4672, 1183, 1175, 1196, 1118, 0.253211, 0.251498, 0.255993, 0.239298
4673, 1183, 1175, 1196, 1119, 0.253156, 0.251444, 0.255938, 0.239461
4674, 1184, 1175, 1196, 1119, 0.253316, 0.251391, 0.255884, 0.239409
4675, 1184, 1175, 1196, 1120, 0.253262, 0.251337, 0.255829, 0.239572
4676, 1184, 1175, 1196, 1121, 0.253208, 0.251283, 0.255774, 0.239735
4677, 1185, 1175, 1196, 1121, 0.253368, 0.251229, 0.255719, 0.239684
4678, 1185, 1175, 1196, 1122, 0.253313, 0.251176, 0.255665, 0.239846
4679, 1186, 1175, 1196, 1122, 0.253473, 0.251122, 0.25561, 0.239795
4680, 1186, 1175, 1197, 1122, 0.253419, 0.251068, 0.255769, 0.239744
4681, 1186, 1175, 1198, 1122, 0.253365, 0.251015, 0.255928, 0.239692
4682, 1186, 1176, 1198, 1122, 0.253311, 0.251175, 0.255874, 0.239641
4683, 1186, 1177, 1198, 1122, 0.253256, 0.251335, 0.255819, 0.23959
4684, 1186, 1178, 1198, 1122, 0.253202, 0.251494, 0.255764, 0.239539
4685, 1186, 1178, 1198, 1123, 0.253148, 0.251441, 0.25571, 0.239701
4686, 1186, 1178, 1199, 1123, 0.253094, 0.251387, 0.255869, 0.23965
4687, 1186, 1178, 1199, 1124, 0.25304, 0.251333, 0.255814, 0.239812
4688, 1186, 1178, 1200, 1124, 0.252986, 0.25128, 0.255973, 0.239761
4689, 1186, 1179, 1200, 1124, 0.252932, 0.25144, 0.255918, 0.23971
4690, 1187, 1179, 1200, 1124, 0.253092, 0.251386, 0.255864, 0.239659
4691, 1187, 1179, 1201, 1124, 0.253038, 0.251332, 0.256022, 0.239608
4692, 1187, 1179, 1202, 1124, 0.252984, 0.251279, 0.256181, 0.239557
4693, 1187, 1179, 1202, 1125, 0.25293, 0.251225, 0.256126, 0.239719
4694, 1187, 1179, 1202, 1126, 0.252876, 0.251172, 0.256072, 0.239881
4695, 1187, 1179, 1202, 1127, 0.252822, 0.251118, 0.256017, 0.240043
4696, 1187, 1179, 1203, 1127, 0.252768, 0.251065, 0.256175, 0.239991
4697, 1188, 1179, 1203, 1127, 0.252927, 0.251011, 0.256121, 0.23994
4698, 1189, 1179, 1203, 1127, 0.253086, 0.250958, 0.256066, 0.239889
4699, 1190, 1179, 1203, 1127, 0.253245, 0.250904, 0.256012, 0.239838
4700, 1190, 1179, 1203, 1128, 0.253191, 0.250851, 0.255957, 0.24
4701, 1191, 1179, 1203, 1128, 0.25335, 0.250798, 0.255903, 0.239949
4702, 1191, 1179, 1203, 1129, 0.253296, 0.250744, 0.255849, 0.240111
4703, 1191, 1179, 1203, 1130, 0.253243, 0.250691, 0.255794, 0.240272
4704, 1191, 1179, 1203, 1131, 0.253189, 0.250638, 0.25574, 0.240434
4705, 1191, 1180, 1203, 1131, 0.253135, 0.250797, 0.255685, 0.240383
4706, 1191, 1180, 1203, 1132, 0.253081, 0.250744, 0.255631, 0.240544
4707, 1191, 1180, 1204, 1132, 0.253027, 0.25069, 0.255789, 0.240493
4708, 1191, 1180, 1205, 1132, 0.252974, 0.250637, 0.255947, 0.240442
4709, 1191, 1180, 1205, 1133, 0.25292, 0.250584, 0.255893, 0.240603
4710, 1192, 1180, 1205, 1133, 0.253079, 0.250531, 0.255839, 0.240552
4711, 1192, 1181, 1205, 1133, 0.253025, 0.25069, 0.255784, 0.240501
4712, 1192, 1182, 1205, 1133, 0.252971, 0.250849, 0.25573, 0.24045
4713, 1192, 1182, 1206, 1133, 0.252917, 0.250796, 0.255888, 0.240399
4714, 1192, 1182, 1207, 1133, 0.252864, 0.250742, 0.256046, 0.240348
4715, 1192, 1182, 1208, 1133, 0.25281, 0.250689, 0.256204, 0.240297
4716, 1193, 1182, 1208, 1133, 0.252969, 0.250636, 0.256149, 0.240246
4717, 1193, 1182, 1209, 1133, 0.252915, 0.250583, 0.256307, 0.240195
4718, 1194, 1182, 1209, 1133, 0.253073, 0.25053, 0.256253, 0.240144
4719, 1194, 1182, 1209, 1134, 0.25302, 0.250477, 0.256198, 0.240305
4720, 1194, 1183, 1209, 1134, 0.252966, 0.250636, 0.256144, 0.240254
4721, 1195, 1183, 1209, 1134, 0.253124, 0.250583, 0.25609, 0.240203
4722, 1195, 1183, 1210, 1134, 0.253071, 0.250529, 0.256247, 0.240152
4723, 1195, 1183, 1211, 1134, 0.253017, 0.250476, 0.256405, 0.240102
4724, 1195, 1183, 1212, 1134, 0.252964, 0.250423, 0.256562, 0.240051
4725, 1195, 1183, 1213, 1134, 0.25291, 0.25037, 0.25672, 0.24
4726, 1195, 1183, 1214, 1134, 0.252857, 0.250317, 0.256877, 0.239949
4727, 1195, 1183, 1214, 1135, 0.252803, 0.250264, 0.256823, 0.24011
4728, 1195, 1184, 1214, 1135, 0.25275, 0.250423, 0.256768, 0.240059
4729, 1195, 1184, 1215, 1135, 0.252696, 0.25037, 0.256925, 0.240008
4730, 1195, 1185, 1215, 1135, 0.252643, 0.250529, 0.256871, 0.239958
4731, 1196, 1185, 1215, 1135, 0.252801, 0.250476, 0.256817, 0.239907
4732, 1196, 1186, 1215, 1135, 0.252747, 0.250634, 0.256762, 0.239856
4733, 1197, 1186, 1215, 1135, 0.252905, 0.250581, 0.256708, 0.239806
4734, 1197, 1186, 1215, 1136, 0.252852, 0.250528, 0.256654, 0.239966
4735, 1197, 1186, 1215, 1137, 0.252798, 0.250475, 0.2566, 0.240127
4736, 1197, 1187, 1215, 1137, 0.252745, 0.250633, 0.256546, 0.240076
4737, 1197, 1187, 1216, 1137, 0.252692, 0.250581, 0.256703, 0.240025
4738, 1197, 1187, 1217, 1137, 0.252638, 0.250528, 0.256859, 0.239975
4739, 1198, 1187, 1217, 1137, 0.252796, 0.250475, 0.256805, 0.239924
4740, 1198, 1187, 1218, 1137, 0.252743, 0.250422, 0.256962, 0.239873
4741, 1198, 1187, 1218, 1138, 0.252689, 0.250369, 0.256908, 0.240034
4742, 1198, 1188, 1218, 1138, 0.252636, 0.250527, 0.256854, 0.239983
4743, 1198, 1188, 1219, 1138, 0.252583, 0.250474, 0.25701, 0.239933
4744, 1198, 1188, 1220, 1138, 0.25253, 0.250422, 0.257167, 0.239882
4745, 1198, 1188, 1221, 1138, 0.252476, 0.250369, 0.257323, 0.239831
4746, 1198, 1188, 1221, 1139, 0.252423, 0.250316, 0.257269, 0.239992
4747, 1199, 1188, 1221, 1139, 0.252581, 0.250263, 0.257215, 0.239941
4748, 1200, 1188, 1221, 1139, 0.252738, 0.250211, 0.257161, 0.23989
4749, 1200, 1189, 1221, 1139, 0.252685, 0.250368, 0.257107, 0.23984
4750, 1200, 1190, 1221, 1139, 0.252632, 0.250526, 0.257053, 0.239789
4751, 1200, 1191, 1221, 1139, 0.252578, 0.250684, 0.256999, 0.239739
4752, 1200, 1191, 1221, 1140, 0.252525, 0.250631, 0.256944, 0.239899
4753, 1201, 1191, 1221, 1140, 0.252683, 0.250579, 0.25689, 0.239849
4754, 1202, 1191, 1221, 1140, 0.25284, 0.250526, 0.256836, 0.239798
4755, 1202, 1191, 1222, 1140, 0.252787, 0.250473, 0.256993, 0.239748
4756, 1202, 1191, 1222, 1141, 0.252733, 0.250421, 0.256939, 0.239907
4757, 1203, 1191, 1222, 1141, 0.25289, 0.250368, 0.256885, 0.239857
4758, 1203, 1191, 1222, 1142, 0.252837, 0.250315, 0.256831, 0.240017
4759, 1203, 1192, 1222, 1142, 0.252784, 0.250473, 0.256777, 0.239966
4760, 1203, 1193, 1222, 1142, 0.252731, 0.25063, 0.256723, 0.239916
4761, 1203, 1194, 1222, 1142, 0.252678, 0.250788, 0.256669, 0.239866
4762, 1204, 1194, 1222, 1142, 0.252835, 0.250735, 0.256615, 0.239815
4763, 1204, 1194, 1223, 1142, 0.252782, 0.250682, 0.256771, 0.239765
4764, 1204, 1194, 1223, 1143, 0.252729, 0.25063, 0.256717, 0.239924
4765, 1204, 1194, 1224, 1143, 0.252676, 0.250577, 0.256873, 0.239874
4766, 1204, 1195, 1224, 1143, 0.252623, 0.250734, 0.256819, 0.239824
4767, 1204, 1195, 1225, 1143, 0.25257, 0.250682, 0.256975, 0.239773
4768, 1204, 1196, 1225, 1143, 0.252517, 0.250839, 0.256921, 0.239723
4769, 1205, 1196, 1225, 1143, 0.252674, 0.250786, 0.256867, 0.239673
4770, 1205, 1196, 1225, 1144, 0.252621, 0.250734, 0.256813, 0.239832
4771, 1205, 1196, 1225, 1145, 0.252568, 0.250681, 0.25676, 0.239992
4772, 1205, 1196, 1226, 1145, 0.252515, 0.250629, 0.256915, 0.239941
4773, 1205, 1197, 1226, 1145, 0.252462, 0.250786, 0.256862, 0.239891
4774, 1205, 1197, 1226, 1146, 0.252409, 0.250733, 0.256808, 0.24005
4775, 1205, 1197, 1226, 1147, 0.252356, 0.250681, 0.256754, 0.240209
4776, 1205, 1198, 1226, 1147, 0.252303, 0.250838, 0.2567, 0.240159
4777, 1205, 1199, 1226, 1147, 0.25225, 0.250994, 0.256646, 0.240109
4778, 1205, 1200, 1226, 1147, 0.252198, 0.251151, 0.256593, 0.240059
4779, 1205, 1201, 1226, 1147, 0.252145, 0.251308, 0.256539, 0.240008
4780, 1206, 1201, 1226, 1147, 0.252301, 0.251255, 0.256485, 0.239958
4781, 1206, 1201, 1226, 1148, 0.252248, 0.251203, 0.256432, 0.240117
4782, 1206, 1201, 1227, 1148, 0.252196, 0.25115, 0.256587, 0.240067
4783, 1207, 1201, 1227, 1148, 0.252352, 0.251098, 0.256534, 0.240017
4784, 1207, 1202, 1227, 1148, 0.252299, 0.251254, 0.25648, 0.239967
4785, 1207, 1202, 1227, 1149, 0.252247, 0.251202, 0.256426, 0.240125
4786, 1207, 1203, 1227, 1149, 0.252194, 0.251358, 0.256373, 0.240075
4787, 1207, 1204, 1227, 1149, 0.252141, 0.251515, 0.256319, 0.240025
4788, 1207, 1204, 1228, 1149, 0.252089, 0.251462, 0.256475, 0.239975
4789, 1207, 1205, 1228, 1149, 0.252036, 0.251618, 0.256421, 0.239925
4790, 1207, 1206, 1228, 1149, 0.251983, 0.251775, 0.256367, 0.239875
4791, 1207, 1206, 1228, 1150, 0.251931, 0.251722, 0.256314, 0.240033
4792, 1207, 1206, 1228, 1151, 0.251878, 0.251669, 0.25626, 0.240192
4793, 1207, 1207, 1228, 1151, 0.251826, 0.251826, 0.256207, 0.240142
4794, 1207, 1208, 1228, 1151, 0.251773, 0.251982, 0.256154, 0.240092
4795, 1207, 1209, 1228, 1151, 0.251721, 0.252138, 0.2561, 0.240042
4796, 1207, 1209, 1228, 1152, 0.251668, 0.252085, 0.256047, 0.2402
4797, 1207, 1210, 1228, 1152, 0.251616, 0.252241, 0.255993, 0.24015
4798, 1207, 1210, 1229, 1152, 0.251563, 0.252188, 0.256148, 0.2401
4799, 1207, 1211, 1229, 1152, 0.251511, 0.252344, 0.256095, 0.24005
4800, 1207, 1211, 1229, 1153, 0.251458, 0.252292, 0.256042, 0.240208
4801, 1208, 1211, 1229, 1153, 0.251614, 0.252239, 0.255988, 0.240158
4802, 1208, 1212, 1229, 1153, 0.251562, 0.252395, 0.255935, 0.240108
4803, 1208, 1213, 1229, 1153, 0.251509, 0.25255, 0.255882, 0.240058
4804, 1208, 1213, 1229, 1154, 0.251457, 0.252498, 0.255828, 0.240216
4805, 1209, 1213, 1229, 1154, 0.251613, 0.252445, 0.255775, 0.240166
4806, 1210, 1213, 1229, 1154, 0.251769, 0.252393, 0.255722, 0.240117
4807, 1210, 1213, 1230, 1154, 0.251716, 0.25234, 0.255877, 0.240067
4808, 1210, 1214, 1230, 1154, 0.251664, 0.252496, 0.255824, 0.240017
4809, 1211, 1214, 1230, 1154, 0.25182, 0.252443, 0.25577, 0.239967
4810, 1211, 1215, 1230, 1154, 0.251767, 0.252599, 0.255717, 0.239917
4811, 1211, 1215, 1231, 1154, 0.251715, 0.252546, 0.255872, 0.239867
4812, 1211, 1215, 1231, 1155, 0.251663, 0.252494, 0.255819, 0.240025
4813, 1211, 1215, 1232, 1155, 0.25161, 0.252441, 0.255973, 0.239975
4814, 1212, 1215, 1232, 1155, 0.251766, 0.252389, 0.25592, 0.239925
4815, 1212, 1216, 1232, 1155, 0.251713, 0.252544, 0.255867, 0.239875
4816, 1212, 1216, 1233, 1155, 0.251661, 0.252492, 0.256022, 0.239826
4817, 1212, 1217, 1233, 1155, 0.251609, 0.252647, 0.255968, 0.239776
4818, 1212, 1218, 1233, 1155, 0.251557, 0.252802, 0.255915, 0.239726
4819, 1212, 1218, 1234, 1155, 0.251504, 0.25275, 0.25607, 0.239676
4820, 1212, 1218, 1234, 1156, 0.251452, 0.252697, 0.256017, 0.239834
4821, 1212, 1219, 1234, 1156, 0.2514, 0.252852, 0.255963, 0.239784
4822, 1212, 1220, 1234, 1156, 0.251348, 0.253007, 0.25591, 0.239735
4823, 1213, 1220, 1234, 1156, 0.251503, 0.252955, 0.255857, 0.239685
4824, 1213, 1220, 1235, 1156, 0.251451, 0.252902, 0.256012, 0.239635
4825, 1213, 1221, 1235, 1156, 0.251399, 0.253057, 0.255959, 0.239585
4826, 1213, 1221, 1235, 1157, 0.251347, 0.253005, 0.255906, 0.239743
4827, 1213, 1221, 1235, 1158, 0.251295, 0.252952, 0.255852, 0.239901
4828, 1213, 1221, 1235, 1159, 0.251243, 0.2529, 0.2558, 0.240058
4829, 1213, 1221, 1235, 1160, 0.251191, 0.252847, 0.255747, 0.240215
4830, 1214, 1221, 1235, 1160, 0.251346, 0.252795, 0.255694, 0.240166
4831, 1214, 1222, 1235, 1160, 0.251294, 0.25295, 0.255641, 0.240116
4832, 1215, 1222, 1235, 1160, 0.251449, 0.252897, 0.255588, 0.240066
4833, 1215, 1222, 1235, 1161, 0.251397, 0.252845, 0.255535, 0.240223
4834, 1216, 1222, 1235, 1161, 0.251552, 0.252793, 0.255482, 0.240174
4835, 1216, 1223, 1235, 1161, 0.251499, 0.252947, 0.255429, 0.240124
4836, 1216, 1224, 1235, 1161, 0.251447, 0.253102, 0.255376, 0.240074
4837, 1216, 1224, 1235, 1162, 0.251395, 0.253049, 0.255324, 0.240232
4838, 1216, 1225, 1235, 1162, 0.251344, 0.253204, 0.255271, 0.240182
4839, 1216, 1225, 1236, 1162, 0.251292, 0.253151, 0.255425, 0.240132
4840, 1216, 1225, 1237, 1162, 0.25124, 0.253099, 0.255579, 0.240083
4841, 1217, 1225, 1237, 1162, 0.251394, 0.253047, 0.255526, 0.240033
4842, 1217, 1225, 1237, 1163, 0.251342, 0.252995, 0.255473, 0.24019
4843, 1217, 1225, 1238, 1163, 0.251291, 0.252942, 0.255627, 0.24014
4844, 1217, 1225, 1239, 1163, 0.251239, 0.25289, 0.25578, 0.240091
4845, 1217, 1225, 1239, 1164, 0.251187, 0.252838, 0.255728, 0.240248
4846, 1217, 1225, 1240, 1164, 0.251135, 0.252786, 0.255881, 0.240198
4847, 1217, 1225, 1241, 1164, 0.251083, 0.252734, 0.256035, 0.240149
4848, 1217, 1226, 1241, 1164, 0.251031, 0.252888, 0.255982, 0.240099
4849, 1217, 1226, 1242, 1164, 0.25098, 0.252836, 0.256135, 0.240049
4850, 1218, 1226, 1242, 1164, 0.251134, 0.252784, 0.256082, 0.24
4851, 1218, 1227, 1242, 1164, 0.251082, 0.252938, 0.25603, 0.239951
4852, 1218, 1227, 1242, 1165, 0.251031, 0.252885, 0.255977, 0.240107
4853, 1218, 1227, 1242, 1166, 0.250979, 0.252833, 0.255924, 0.240264
4854, 1219, 1227, 1242, 1166, 0.251133, 0.252781, 0.255871, 0.240214
4855, 1219, 1227, 1242, 1167, 0.251081, 0.252729, 0.255819, 0.240371
4856, 1219, 1227, 1242, 1168, 0.25103, 0.252677, 0.255766, 0.240527
4857, 1219, 1227, 1242, 1169, 0.250978, 0.252625, 0.255713, 0.240684
4858, 1219, 1227, 1243, 1169, 0.250926, 0.252573, 0.255867, 0.240634
4859, 1220, 1227, 1243, 1169, 0.25108, 0.252521, 0.255814, 0.240584
4860, 1220, 1227, 1244, 1169, 0.251029, 0.252469, 0.255967, 0.240535
4861, 1220, 1228, 1244, 1169, 0.250977, 0.252623, 0.255914, 0.240485
4862, 1221, 1228, 1244, 1169, 0.251131, 0.252571, 0.255862, 0.240436
4863, 1222, 1228, 1244, 1169, 0.251285, 0.252519, 0.255809, 0.240387
4864, 1222, 1228, 1245, 1169, 0.251234, 0.252467, 0.255962, 0.240337
4865, 1223, 1228, 1245, 1169, 0.251387, 0.252415, 0.25591, 0.240288
4866, 1224, 1228, 1245, 1169, 0.251541, 0.252363, 0.255857, 0.240238
4867, 1225, 1228, 1245, 1169, 0.251695, 0.252311, 0.255804, 0.240189
4868, 1225, 1229, 1245, 1169, 0.251643, 0.252465, 0.255752, 0.24014
4869, 1225, 1229, 1246, 1169, 0.251592, 0.252413, 0.255905, 0.24009
4870, 1225, 1230, 1246, 1169, 0.25154, 0.252567, 0.255852, 0.240041
4871, 1225, 1230, 1246, 1170, 0.251488, 0.252515, 0.2558, 0.240197
4872, 1225, 1230, 1246, 1171, 0.251437, 0.252463, 0.255747, 0.240353
4873, 1226, 1230, 1246, 1171, 0.25159, 0.252411, 0.255695, 0.240304
4874, 1226, 1230, 1246, 1172, 0.251539, 0.252359, 0.255642, 0.24046
4875, 1227, 1230, 1246, 1172, 0.251692, 0.252308, 0.25559, 0.24041
4876, 1227, 1230, 1247, 1172, 0.251641, 0.252256, 0.255742, 0.240361
4877, 1227, 1230, 1248, 1172, 0.251589, 0.252204, 0.255895, 0.240312
4878, 1227, 1230, 1249, 1172, 0.251538, 0.252153, 0.256048, 0.240262
4879, 1227, 1231, 1249, 1172, 0.251486, 0.252306, 0.255995, 0.240213
4880, 1228, 1231, 1249, 1172, 0.251639, 0.252254, 0.255943, 0.240164
4881, 1229, 1231, 1249, 1172, 0.251793, 0.252202, 0.25589, 0.240115
4882, 1230, 1231, 1249, 1172, 0.251946, 0.252151, 0.255838, 0.240066
4883, 1230, 1232, 1249, 1172, 0.251894, 0.252304, 0.255785, 0.240016
4884, 1230, 1233, 1249, 1172, 0.251843, 0.252457, 0.255733, 0.239967
4885, 1230, 1233, 1250, 1172, 0.251791, 0.252405, 0.255885, 0.239918
4886, 1231, 1233, 1250, 1172, 0.251944, 0.252354, 0.255833, 0.239869
4887, 1232, 1233, 1250, 1172, 0.252097, 0.252302, 0.255781, 0.23982
4888, 1233, 1233, 1250, 1172, 0.25225, 0.25225, 0.255728, 0.239771
4889, 1233, 1234, 1250, 1172, 0.252199, 0.252403, 0.255676, 0.239722
4890, 1233, 1235, 1250, 1172, 0.252147, 0.252556, 0.255624, 0.239673
4891, 1234, 1235, 1250, 1172, 0.2523, 0.252505, 0.255571, 0.239624
4892, 1234, 1235, 1250, 1173, 0.252249, 0.252453, 0.255519, 0.239779
4893, 1235, 1235, 1250, 1173, 0.252401, 0.252401, 0.255467, 0.23973
4894, 1235, 1236, 1250, 1173, 0.25235, 0.252554, 0.255415, 0.239681
4895, 1235, 1237, 1250, 1173, 0.252298, 0.252707, 0.255363, 0.239632
4896, 1236, 1237, 1250, 1173, 0.252451, 0.252655, 0.25531, 0.239583
4897, 1237, 1237, 1250, 1173, 0.252604, 0.252604, 0.255258, 0.239534
4898, 1237, 1238, 1250, 1173, 0.252552, 0.252756, 0.255206, 0.239486
4899, 1237, 1238, 1251, 1173, 0.252501, 0.252705, 0.255358, 0.239437
4900, 1237, 1238, 1252, 1173, 0.252449, 0.252653, 0.25551, 0.239388
4901, 1237, 1238, 1252, 1174, 0.252397, 0.252602, 0.255458, 0.239543
4902, 1237, 1238, 1253, 1174, 0.252346, 0.25255, 0.25561, 0.239494
4903, 1237, 1239, 1253, 1174, 0.252295, 0.252702, 0.255558, 0.239445
4904, 1237, 1240, 1253, 1174, 0.252243, 0.252855, 0.255506, 0.239396
4905, 1237, 1240, 1253, 1175, 0.252192, 0.252803, 0.255454, 0.239551
4906, 1237, 1240, 1253, 1176, 0.25214, 0.252752, 0.255402, 0.239706
4907, 1237, 1241, 1253, 1176, 0.252089, 0.252904, 0.25535, 0.239658
4908, 1237, 1242, 1253, 1176, 0.252037, 0.253056, 0.255297, 0.239609
4909, 1238, 1242, 1253, 1176, 0.25219, 0.253005, 0.255245, 0.23956
4910, 1238, 1242, 1254, 1176, 0.252138, 0.252953, 0.255397, 0.239511
4911, 1238, 1242, 1255, 1176, 0.252087, 0.252902, 0.255549, 0.239462
4912, 1238, 1243, 1255, 1176, 0.252036, 0.253054, 0.255497, 0.239414
4913, 1238, 1243, 1255, 1177, 0.251985, 0.253002, 0.255445, 0.239568
4914, 1239, 1243, 1255, 1177, 0.252137, 0.252951, 0.255393, 0.23952
4915, 1239, 1243, 1256, 1177, 0.252085, 0.252899, 0.255544, 0.239471
4916, 1240, 1243, 1256, 1177, 0.252238, 0.252848, 0.255492, 0.239422
4917, 1240, 1243, 1257, 1177, 0.252186, 0.252796, 0.255644, 0.239374
4918, 1241, 1243, 1257, 1177, 0.252338, 0.252745, 0.255592, 0.239325
4919, 1241, 1243, 1257, 1178, 0.252287, 0.252694, 0.25554, 0.23948
4920, 1241, 1244, 1257, 1178, 0.252236, 0.252846, 0.255488, 0.239431
4921, 1242, 1244, 1257, 1178, 0.252388, 0.252794, 0.255436, 0.239382
4922, 1242, 1244, 1258, 1178, 0.252336, 0.252743, 0.255587, 0.239334
4923, 1242, 1244, 1258, 1179, 0.252285, 0.252691, 0.255535, 0.239488
4924, 1243, 1244, 1258, 1179, 0.252437, 0.25264, 0.255483, 0.239439
4925, 1243, 1245, 1258, 1179, 0.252386, 0.252792, 0.255431, 0.239391
4926, 1244, 1245, 1258, 1179, 0.252538, 0.252741, 0.25538, 0.239342
4927, 1244, 1245, 1259, 1179, 0.252486, 0.252689, 0.255531, 0.239294
4928, 1244, 1245, 1260, 1179, 0.252435, 0.252638, 0.255682, 0.239245
4929, 1244, 1245, 1261, 1179, 0.252384, 0.252587, 0.255833, 0.239197
4930, 1244, 1246, 1261, 1179, 0.252333, 0.252738, 0.255781, 0.239148
4931, 1244, 1246, 1262, 1179, 0.252281, 0.252687, 0.255932, 0.2391
4932, 1244, 1246, 1263, 1179, 0.25223, 0.252636, 0.256083, 0.239051
4933, 1244, 1246, 1263, 1180, 0.252179, 0.252585, 0.256031, 0.239205
4934, 1244, 1246, 1263, 1181, 0.252128, 0.252533, 0.255979, 0.23936
4935, 1244, 1246, 1263, 1182, 0.252077, 0.252482, 0.255927, 0.239514
4936, 1244, 1247, 1263, 1182, 0.252026, 0.252634, 0.255875, 0.239465
4937, 1244, 1247, 1264, 1182, 0.251975, 0.252583, 0.256026, 0.239417
4938, 1244, 1247, 1265, 1182, 0.251924, 0.252531, 0.256177, 0.239368
4939, 1244, 1247, 1265, 1183, 0.251873, 0.25248, 0.256125, 0.239522
4940, 1245, 1247, 1265, 1183, 0.252024, 0.252429, 0.256073, 0.239474
4941, 1246, 1247, 1265, 1183, 0.252176, 0.252378, 0.256021, 0.239425
4942, 1246, 1247, 1265, 1184, 0.252125, 0.252327, 0.255969, 0.239579
4943, 1246, 1247, 1266, 1184, 0.252074, 0.252276, 0.25612, 0.239531
4944, 1247, 1247, 1266, 1184, 0.252225, 0.252225, 0.256068, 0.239482
4945, 1247, 1248, 1266, 1184, 0.252174, 0.252376, 0.256016, 0.239434
4946, 1247, 1249, 1266, 1184, 0.252123, 0.252527, 0.255964, 0.239385
4947, 1247, 1250, 1266, 1184, 0.252072, 0.252678, 0.255913, 0.239337
4948, 1248, 1250, 1266, 1184, 0.252223, 0.252627, 0.255861, 0.239289
4949, 1249, 1250, 1266, 1184, 0.252374, 0.252576, 0.255809, 0.23924
4950, 1249, 1250, 1266, 1185, 0.252323, 0.252525, 0.255758, 0.239394
4951, 1249, 1251, 1266, 1185, 0.252272, 0.252676, 0.255706, 0.239346
4952, 1250, 1251, 1266, 1185, 0.252423, 0.252625, 0.255654, 0.239297
4953, 1251, 1251, 1266, 1185, 0.252574, 0.252574, 0.255603, 0.239249
4954, 1251, 1251, 1266, 1186, 0.252523, 0.252523, 0.255551, 0.239403
4955, 1251, 1251, 1267, 1186, 0.252472, 0.252472, 0.255701, 0.239354
4956, 1252, 1251, 1267, 1186, 0.252623, 0.252421, 0.25565, 0.239306
4957, 1252, 1251, 1267, 1187, 0.252572, 0.25237, 0.255598, 0.239459
4958, 1253, 1251, 1267, 1187, 0.252723, 0.252319, 0.255547, 0.239411
4959, 1253, 1251, 1268, 1187, 0.252672, 0.252269, 0.255697, 0.239363
4960, 1254, 1251, 1268, 1187, 0.252823, 0.252218, 0.255645, 0.239315
4961, 1254, 1251, 1268, 1188, 0.252772, 0.252167, 0.255594, 0.239468
4962, 1254, 1252, 1268, 1188, 0.252721, 0.252318, 0.255542, 0.23942
4963, 1255, 1252, 1268, 1188, 0.252871, 0.252267, 0.255491, 0.239371
4964, 1255, 1252, 1269, 1188, 0.25282, 0.252216, 0.255641, 0.239323
4965, 1255, 1253, 1269, 1188, 0.252769, 0.252367, 0.255589, 0.239275
4966, 1255, 1254, 1269, 1188, 0.252718, 0.252517, 0.255538, 0.239227
4967, 1255, 1255, 1269, 1188, 0.252668, 0.252668, 0.255486, 0.239179
4968, 1256, 1255, 1269, 1188, 0.252818, 0.252617, 0.255435, 0.23913
4969, 1256, 1256, 1269, 1188, 0.252767, 0.252767, 0.255383, 0.239082
4970, 1256, 1256, 1269, 1189, 0.252716, 0.252716, 0.255332, 0.239235
4971, 1256, 1256, 1269, 1190, 0.252665, 0.252665, 0.255281, 0.239388
4972, 1256, 1257, 1269, 1190, 0.252615, 0.252816, 0.255229, 0.23934
4973, 1256, 1257, 1269, 1191, 0.252564, 0.252765, 0.255178, 0.239493
4974, 1256, 1257, 1270, 1191, 0.252513, 0.252714, 0.255328, 0.239445
4975, 1257, 1257, 1270, 1191, 0.252663, 0.252663, 0.255276, 0.239397
4976, 1257, 1258, 1270, 1191, 0.252613, 0.252814, 0.255225, 0.239349
4977, 1257, 1258, 1270, 1192, 0.252562, 0.252763, 0.255174, 0.239502
4978, 1257, 1259, 1270, 1192, 0.252511, 0.252913, 0.255123, 0.239454
4979, 1257, 1260, 1270, 1192, 0.25246, 0.253063, 0.255071, 0.239406
4980, 1257, 1260, 1271, 1192, 0.25241, 0.253012, 0.255221, 0.239357
4981, 1257, 1260, 1272, 1192, 0.252359, 0.252961, 0.25537, 0.239309
4982, 1257, 1260, 1272, 1193, 0.252308, 0.25291, 0.255319, 0.239462
4983, 1258, 1260, 1272, 1193, 0.252458, 0.25286, 0.255268, 0.239414
4984, 1258, 1261, 1272, 1193, 0.252408, 0.25301, 0.255217, 0.239366
4985, 1258, 1262, 1272, 1193, 0.252357, 0.253159, 0.255165, 0.239318
4986, 1258, 1262, 1272, 1194, 0.252306, 0.253109, 0.255114, 0.239471
4987, 1258, 1262, 1273, 1194, 0.252256, 0.253058, 0.255264, 0.239422
4988, 1259, 1262, 1273, 1194, 0.252406, 0.253007, 0.255213, 0.239374
4989, 1259, 1262, 1273, 1195, 0.252355, 0.252957, 0.255161, 0.239527
4990, 1259, 1262, 1274, 1195, 0.252305, 0.252906, 0.255311, 0.239479
4991, 1259, 1263, 1274, 1195, 0.252254, 0.253055, 0.255259, 0.239431
4992, 1259, 1263, 1275, 1195, 0.252204, 0.253005, 0.255409, 0.239383
4993, 1259, 1263, 1276, 1195, 0.252153, 0.252954, 0.255558, 0.239335
4994, 1259, 1263, 1277, 1195, 0.252103, 0.252903, 0.255707, 0.239287
4995, 1259, 1263, 1277, 1196, 0.252052, 0.252853, 0.255656, 0.239439
4996, 1259, 1263, 1277, 1197, 0.252002, 0.252802, 0.255604, 0.239592
4997, 1259, 1264, 1277, 1197, 0.251951, 0.252952, 0.255553, 0.239544
4998, 1259, 1265, 1277, 1197, 0.251901, 0.253101, 0.255502, 0.239496
4999, 1259, 1266, 1277, 1197, 0.25185, 0.253251, 0.255451, 0.239448
5000, 1260, 1266, 1277, 1197, 0.252, 0.2532, 0.2554, 0.2394
