Iteration,X,F_X,Integral_Estimate
1,1.153292521,1.633987871,3.267975742
2,0.8021186952,1.832104145,3.466092016
3,1.499516807,1.323423344,3.19301024
4,0.952682602,1.75852093,3.274018145
5,0.255926067,1.983557876,3.412637666
6,0.9762943365,1.745522663,3.42570561
7,0.7135397117,1.868384618,3.47014327
8,0.01559441695,1.999939203,3.536360162
9,0.7275101625,1.862989255,3.557428868
10,0.0540751711,1.999268835,3.601539748
11,0.2801134673,1.98028696,3.634179218
12,0.285260421,1.979552094,3.661256299
13,0.8703463474,1.800693543,3.656650975
14,0.2247434401,1.98733248,3.679366259
15,0.8311760407,1.819105931,3.676622633
16,1.061982973,1.694754308,3.658678007
17,1.257156655,1.555492573,3.62646078
18,0.245854487,1.984831371,3.645527556
19,1.023903776,1.718028247,3.634502763
20,1.781753453,0.9084903043,3.543626655
21,0.3448101069,1.970052281,3.562506555
22,1.330017228,1.493671374,3.536362746
23,1.073232779,1.687652631,3.529360247
24,0.4872265426,1.939744905,3.543948979
25,0.01837865751,1.999915554,3.562184264
26,1.83919048,0.785734292,3.485618276
27,1.845423061,0.7709823115,3.413631104
28,1.824933806,0.8183010461,3.350165782
29,0.7579526564,1.850812732,3.362285081
30,1.165580491,1.625245249,3.358558595
31,1.83719943,0.7903785512,3.30121016
32,0.4781204456,1.942009485,3.319422935
33,1.514185476,1.306614841,3.29802314
34,0.8654372683,1.803058051,3.307084697
35,0.6686124657,1.884929009,3.320306792
36,0.7696195889,1.84599179,3.330631148
37,1.407416125,1.420978483,3.317423737
38,0.8991836456,1.78646824,3.324147757
39,0.02707122762,1.999816779,3.341467905
40,1.367089834,1.459816902,3.330922053
41,0.7256813508,1.863702384,3.340592363
42,0.6901178769,1.877162038,3.350443118
43,1.254899637,1.557314002,3.344959046
44,0.931918425,1.769612401,3.349374177
45,1.187239858,1.609491075,3.346476576
46,1.78030089,0.9113334955,3.313350281
47,0.6415004158,1.894327642,3.323463153
48,0.5093334333,1.934057769,3.334810078
49,1.421877132,1.406508237,3.324161229
50,1.510989105,1.310309858,3.310090398
51,1.512918257,1.308081935,3.296483996
52,1.887849671,0.6603208455,3.258487028
53,1.276562544,1.539606466,3.255104498
54,0.8964189728,1.787857104,3.261041715
55,0.01124909275,1.999968364,3.27447617
56,0.8589046016,1.806179085,3.280509777
57,1.873211192,0.7007708816,3.247545426
58,1.380739427,1.446913486,3.241446832
59,0.2898654081,1.97888303,3.253587836
60,1.274935034,1.540954464,3.250726521
61,1.484234663,1.34053999,3.241388053
62,0.02355954075,1.999861232,3.253619253
63,1.704487096,1.046290466,3.235190073
64,1.551021787,1.262668372,3.224098615
65,1.103502439,1.668017496,3.225820713
66,0.1177615082,1.996530047,3.237445552
67,0.6905406426,1.877006559,3.245155516
68,0.4928747622,1.938317432,3.254441977
69,1.654228868,1.124067104,3.239857806
70,0.1840009455,1.991517927,3.250474636
71,0.6887489266,1.877664751,3.257585267
72,0.8467277385,1.811919462,3.262672124
73,1.970715699,0.3409979963,3.227320396
74,1.044313509,1.705699063,3.229807933
75,1.32327316,1.499649341,3.226734476
76,1.192846322,1.605340354,3.226523242
77,1.335308347,1.488943121,3.22329419
78,1.456740227,1.370367802,3.217107542
79,0.4573509431,1.947005422,3.225675938
80,0.4363281801,1.951824203,3.234150594
81,1.046613711,1.704288631,3.23630401
82,1.106880799,1.665777565,3.237465609
83,0.9649816049,1.751802073,3.240672097
84,1.332876158,1.491120769,3.237595543
85,1.795455737,0.8811008438,3.220237968
86,1.823487776,0.8215183086,3.201898417
87,1.68699551,1.0742654,3.189790744
88,1.304780178,1.5157667,3.187992365
89,1.831979721,0.8024028311,3.17020375
90,0.4901183701,1.939016241,3.178068514
91,1.342931252,1.482071406,3.175717682
92,0.8912774778,1.790425776,3.180121311
93,0.500223407,1.936433976,3.1875702
94,1.709849333,1.037504341,3.175734439
95,1.524652837,1.294385462,3.169555875
96,0.3176199321,1.974618337,3.17767755
97,1.592448149,1.210003675,3.169866517
98,0.2816867549,1.98006378,3.177930406
99,0.2487779422,1.984467066,3.185920342
100,1.645062817,1.137439374,3.176809926
101,1.207217362,1.594561457,3.176931837
102,1.357695517,1.468558097,3.174580703
103,1.742059235,0.9824610032,3.162836444
104,1.781718652,0.9085585543,3.149896835
105,1.026527518,1.716461842,3.152592329
106,0.1402461207,1.995076697,3.160493848
107,0.262102899,1.982751137,3.168017292
108,1.491231344,1.332752445,3.163364399
109,0.09161649764,1.997900502,3.171001432
110,0.751833526,1.853306869,3.175870635
111,1.183971279,1.611897023,3.176302377
112,1.491847403,1.332062809,3.17172937
113,1.512579779,1.308473313,3.166819789
114,0.3220747906,1.973896611,3.173670433
115,1.338184638,1.486358596,3.171923013
116,0.01761888132,1.999922392,3.17906027
117,1.825250737,0.8175938767,3.165864778
118,0.793645522,1.835790507,3.170150509
119,0.2471641745,1.984668706,3.176866366
120,0.9516583318,1.759075445,3.179710403
121,1.774406845,0.9227569289,3.168683985
122,1.59766923,1.203101422,3.16243414
123,1.290989718,1.52752923,3.161561167
124,1.308773273,1.512320244,3.160456968
125,0.973451435,1.7471097,3.163127067
126,1.376832714,1.450631476,3.161048781
127,0.9979979088,1.733205174,3.163453203
128,1.732513352,0.9991984208,3.1543512
129,1.911894109,0.5870782862,3.139000854
130,1.326371833,1.496909403,3.137884069
131,0.8713819943,1.800192606,3.141414612
132,1.246131747,1.564338732,3.141318118
133,0.1100869695,1.996967916,3.147728778
134,0.9768767582,1.74519678,3.150285978
135,1.511729822,1.309455209,3.146349863
136,0.949102615,1.760455687,3.149103991
137,0.1528352359,1.994151797,3.155229536
138,1.650271513,1.12986899,3.148740467
139,0.07307900111,1.998664419,3.154845419
140,0.2120842566,1.988723276,3.160721141
141,0.5379115582,1.926305053,3.165628155
142,0.4336761322,1.952415174,3.170833804
143,0.5833438513,1.91303684,3.175415901
144,1.395457757,1.432723856,3.173263345
145,1.76934092,0.9324337565,3.164239925
146,1.757105003,0.9552915829,3.155653235
147,0.1905501013,1.990901971,3.161273308
148,1.266168198,1.548166042,3.160834516
149,0.0006880887832,1.999999882,3.166466497
150,1.807092763,0.8569805989,3.156783129
151,0.4936060871,1.938131324,3.161547894
152,0.7879714943,1.838233098,3.164935514
153,1.073486487,1.687491263,3.16630837
154,1.362269085,1.464316544,3.164765024
155,1.950045459,0.4442102076,3.15007893
156,1.155966296,1.6320974,3.150810442
157,0.6814607313,1.880322119,3.154694734
158,0.1682282169,1.992912258,3.159955049
159,0.6503375353,1.891312002,3.163871206
160,0.596986846,1.908823383,3.167957303
161,1.470151212,1.355970285,3.165124901
162,0.07835704439,1.998464454,3.170259494
163,1.263792955,1.550105598,3.169829749
164,1.934749027,0.5067012946,3.156680803
165,1.718795787,1.022614806,3.149944736
166,1.174916391,1.618509028,3.150469274
167,0.1819670311,1.991704797,3.15545694
168,0.3090109982,1.975983857,3.160198076
169,0.1352196646,1.995423675,3.16511316
170,0.1017574917,1.997409676,3.169993785
171,0.3498331071,1.969166523,3.174486997
172,1.498862266,1.324164608,3.17142794
173,0.5258523811,1.929631901,3.17540387
174,1.161030061,1.628499063,3.175872802
175,0.9067056437,1.7826623,3.178098241
176,0.003583633342,1.999996789,3.182768101
177,1.59104783,1.211844381,3.178479517
178,0.5224023917,1.930568761,3.182314675
179,0.3203304828,1.974180433,3.186594262
180,1.134141394,1.647338246,3.187194719
181,1.53910998,1.277161098,3.183698186
182,1.196201615,1.602841757,3.183818984
183,0.9766533031,1.74532184,3.185495622
184,1.92414919,0.5455729968,3.174113287
185,0.5550919567,1.921424711,3.177728077
186,1.022432981,1.718903953,3.179126356
187,1.287446786,1.530516505,3.17849484
188,0.333781735,1.971950748,3.182566152
189,0.8827427455,1.794649059,3.184718173
190,1.974645358,0.3174519022,3.171298098
191,0.4166888918,1.956111031,3.175177281
192,1.914191873,0.5795424689,3.1646768
193,0.7569089818,1.851239799,3.167463343
194,0.8368008239,1.816525359,3.169863278
195,1.714481881,1.029830996,3.164169938
196,0.9911593326,1.737124975,3.165751979
197,1.618325254,1.175169508,3.161612827
198,1.704046613,1.047007707,3.156220921
199,1.276905686,1.539321886,3.155831086
200,0.988706185,1.738522384,3.157437154
201,1.166007365,1.624939022,3.157897059
202,0.2376372427,1.985831952,3.161925608
203,1.961721317,0.3894219755,3.150186289
204,0.9605262456,1.754248937,3.151942719
205,1.752167744,0.9643174771,3.145975364
206,0.4277636568,1.953719083,3.149671785
207,0.7911982852,1.836846557,3.152203289
208,0.3522801629,1.968730222,3.155978564
209,1.544675885,1.270423712,3.153035353
210,1.767760562,0.935426425,3.146929722
211,1.090660905,1.676442301,3.147905811
212,1.169948769,1.622103535,3.148360062
213,1.838713014,0.7868509718,3.140967301
214,1.268451904,1.546295498,3.140741244
215,0.006681021267,1.999988841,3.144737692
216,1.702179854,1.050039877,3.139901313
217,1.439362566,1.388609161,3.138229963
218,0.1439902481,1.994809968,3.142135421
219,0.3874152194,1.962118612,3.145706662
220,0.4501819528,1.948675501,3.149123228
221,0.6365923882,1.895982629,3.152032015
222,1.495621459,1.327823954,3.149796051
223,0.924382159,1.773560719,3.151577779
224,1.393019875,1.435094292,3.150321577
225,0.1410047786,1.995023221,3.154053688
226,0.9899323836,1.737824466,3.155476675
227,1.246925465,1.563706138,3.155353044
228,0.2458917287,1.984826758,3.158924537
229,1.361138998,1.465367063,3.157928072
230,1.44774161,1.379871092,3.156196829
231,0.3572900879,1.967827176,3.159571104
232,0.6874321811,1.878147224,3.162143188
233,1.807942475,0.8551865327,3.155912415
234,0.9863495541,1.739860499,3.157296212
235,0.213149435,1.988609393,3.160785244
236,0.4183561215,1.955755137,3.163966282
237,1.306150997,1.514585611,3.163397527
238,1.183922451,1.611932887,3.163651595
239,0.3172842738,1.974672299,3.166939014
240,0.6541808981,1.889986072,3.169493318
241,1.439207531,1.388769845,3.167866955
242,0.1226851851,1.99623354,3.171274393
243,0.8213393351,1.823568396,3.173232675
244,0.5495486624,1.92301749,3.175990061
245,0.4433355108,1.950244504,3.1789472
246,1.406840985,1.421547904,3.17758195
247,1.946174143,0.4608754772,3.168449031
248,0.4544290741,1.947689456,3.1713802
249,0.8826673369,1.794686149,3.173058883
250,1.93480251,0.5064970374,3.164418624
251,0.9519495129,1.758917885,3.16582666
252,1.048952483,1.702850166,3.16677854
253,1.267593431,1.546999319,3.166490872
254,1.117830183,1.658449783,3.167083033
255,0.7899500973,1.837383695,3.169073952
256,0.8989188624,1.786601489,3.170652581
257,1.993320693,0.1633175302,3.159586365
258,1.654232788,1.124061334,3.15605356
259,0.2718126449,1.981443385,3.159168746
260,1.298211754,1.521396149,3.158721144
261,0.9947388826,1.73507768,3.159914379
262,0.2628137781,1.982657035,3.162988423
263,1.156805478,1.631502708,3.163368716
264,1.640765055,1.1436302,3.160050124
265,1.749111446,0.9698500654,3.15544503
266,1.736805596,0.991718873,3.151038987
267,1.729107282,1.005081095,3.14676604
268,0.07636589099,1.998541531,3.149938865
269,0.7303736702,1.861868497,3.152071944
270,0.1966811479,1.990305636,3.155140608
271,1.433077016,1.395095075,3.153793927
272,1.308365113,1.512673372,3.153321695
273,0.9548485719,1.757345784,3.154645394
274,0.009743422468,1.999976266,3.157730457
275,1.936994225,0.4980495695,3.149869979
276,0.3561235735,1.968038618,3.152718556
277,1.428220252,1.400066753,3.151445686
278,1.786026087,0.9000615633,3.146584813
279,0.1730471909,1.992499603,3.149589883
280,0.7108704057,1.869401847,3.151694218
281,1.194041003,1.604451957,3.151897811
282,1.810794957,0.8491299215,3.146743067
283,1.599469349,1.200707209,3.144109396
284,1.49890447,1.324116834,3.142363355
285,1.46818072,1.358103595,3.14086807
286,0.5772684819,1.914878873,3.143276775
287,0.02574684405,1.999834268,3.146260719
288,1.939197355,0.489401285,3.138734823
289,0.3424981815,1.97045553,3.141510519
290,1.502935148,1.319540049,3.139778
291,1.916373535,0.5722870556,3.132921629
292,1.372547066,1.454687098,3.132156056
293,0.8660931782,1.802743078,3.133771517
294,0.813297803,1.827169035,3.135542152
295,1.279486273,1.537177569,3.135334738
296,0.8698407937,1.800937809,3.13691089
297,1.384691555,1.443131768,3.136066959
298,0.9676683282,1.750319401,3.137290355
299,1.624420608,1.166729484,3.134601955
300,1.236875398,1.571667666,3.134631067
301,0.8356641542,1.817048547,3.136290422
302,0.9840996671,1.741134069,3.137436044
303,0.3075385768,1.976213557,3.140125783
304,0.6086302498,1.905142834,3.142330257
305,1.439741437,1.388216336,3.141130592
306,0.3288908323,1.972772369,3.143759397
307,1.241367368,1.568122144,3.143734918
308,1.102851403,1.668448016,3.144362064
309,0.8822840071,1.794874628,3.145803447
310,1.748477526,0.9709924512,3.141920161
311,1.416642714,1.411780231,3.140896496
312,0.1727632218,1.992524246,3.143602112
313,1.147502768,1.638059034,3.144025485
314,1.804366144,0.8627066825,3.139507612
315,0.7919044827,1.83654221,3.141201507
316,1.216351425,1.587604866,3.141309128
317,1.93054054,0.5225066745,3.134696207
318,0.9133909957,1.779246158,3.1360289
319,0.1083568245,1.997062542,3.138718856
320,0.6689312219,1.884815912,3.140690459
321,0.2931951253,1.978392433,3.14323281
322,0.1333987629,1.995546234,3.145865914
323,0.1668676574,1.993026639,3.148467113
324,0.8942678521,1.788934043,3.149792425
325,1.662236459,1.11219151,3.146945011
326,0.991873423,1.736717338,3.147946513
327,1.507135037,1.314741032,3.146360995
328,1.151478805,1.635266511,3.146739569
329,1.300075194,1.519804096,3.146413941
330,1.570075557,1.238895777,3.144387813
331,0.134511923,1.995471509,3.146945381
332,0.8642351776,1.803634541,3.148331899
333,1.186141039,1.610301039,3.148548926
334,1.657326589,1.119494786,3.145825695
335,0.1616017413,1.993460528,3.148336427
336,0.2919334549,1.978579,3.150743634
337,1.669758873,1.100865708,3.147927574
338,0.6296873846,1.898287069,3.149846647
339,0.472670492,1.943343152,3.152020215
340,0.04621629028,1.999465942,3.154511132
341,0.4975853576,1.937113526,3.156621736
342,0.6288060745,1.898579185,3.15849465
343,0.5319278175,1.927965974,3.160527995
344,1.424911061,1.403434526,3.159499916
345,0.150098066,1.994359689,3.161903451
346,0.4558739796,1.94735177,3.16402137
347,1.714642285,1.029563906,3.160837239
348,1.543766726,1.271528331,3.159062007
349,1.894521242,0.6409284375,3.153683196
350,0.4224324071,1.954878733,3.155843408
351,0.5227697129,1.930469328,3.157852227
352,0.5410547498,1.925424566,3.159820968
353,1.347838073,1.477610412,3.159241364
354,0.8360334467,1.816878663,3.160581805
355,0.09298548766,1.997837255,3.162934178
356,0.9602837988,1.754381665,3.163905609
357,1.039047795,1.708911841,3.164616864
358,1.879692115,0.6831965705,3.159593893
359,0.5472650161,1.923668631,3.161509612
360,0.3267540894,1.973127407,3.16368946
361,0.5054088867,1.935087041,3.165646481
362,1.020008207,1.720343936,3.166406264
363,1.271119447,1.544103413,3.166190838
364,1.871486983,0.7053626539,3.161368131
365,0.6245960547,1.89996836,3.163117634
366,1.267460379,1.547108331,3.16292938
367,1.321884645,1.500873407,3.16249019
368,0.04109186318,1.99957782,3.164763738
369,1.062714562,1.694295653,3.165370317
370,1.77301323,0.9254318384,3.161817596
371,1.737944067,0.9897223946,3.158630607
372,0.7989600368,1.833483804,3.159997105
373,0.4708975433,1.943773522,3.161947641
374,1.388000556,1.439949463,3.1611935
375,1.169142046,1.622685082,3.161417971
376,0.9203782981,1.775641796,3.162454847
377,0.4117370135,1.957159327,3.164449181
378,0.8535674089,1.808707461,3.165647503
379,1.785658045,0.9007915118,3.162048388
380,0.1361739496,1.995358779,3.164229097
381,0.5276926303,1.929129464,3.166050697
382,1.971759654,0.334908746,3.159516055
383,0.9147435659,1.778551154,3.16055414
384,1.320517218,1.502076655,3.160146846
385,1.168127957,1.623415251,3.160371998
386,1.984271817,0.2503304918,3.153481555
387,1.81073076,0.8492668094,3.149722
388,0.9823697363,1.742110703,3.150584112
389,0.0125467285,1.999960645,3.152767498
390,1.130574072,1.649788552,3.153143933
391,1.411176282,1.417244334,3.152328958
392,0.1223640834,1.996253248,3.154472268
393,0.5673925025,1.917828394,3.156205562
394,1.808210617,0.8546194261,3.152533057
395,0.9055844277,1.783232134,3.153580984
396,0.6620059491,1.887259421,3.155149009
397,1.470900772,1.355157156,3.154028519
398,1.972210582,0.3322430142,3.147773387
399,1.771291906,0.9287222322,3.14453948
400,1.958285171,0.4063486056,3.138709874
401,1.734044746,0.9965384178,3.135852934
402,1.341029039,1.483792814,3.135434358
403,0.8204253795,1.823979769,3.136706133
404,0.1445009579,1.994773038,3.138817123
405,1.605139936,1.193115999,3.136958888
406,1.121018283,1.656296474,3.137391484
407,0.7251566553,1.863906603,3.138842152
408,0.9721780011,1.747818622,3.13971665
409,1.381913647,1.445792057,3.139109969
410,0.2206757725,1.987788269,3.141150131
411,1.523258528,1.296026025,3.139814126
412,1.446204039,1.381482493,3.138899444
413,0.1510683888,1.994286424,3.140956764
414,0.6263313772,1.899397011,3.142545743
415,1.75706669,0.9553620493,3.139577498
416,0.811898654,1.827791174,3.140817895
417,1.436529357,1.39153994,3.13996001
418,0.1560805246,1.993900416,3.141988337
419,0.2657144041,1.982270379,3.143951469
420,1.702456263,1.04959167,3.141463926
421,0.3881074935,1.961981797,3.143322595
422,1.60460226,1.193839012,3.141531968
423,0.8046411773,1.8309977,3.142762378
424,1.201120969,1.599158659,3.142893404
425,0.6973413415,1.874490612,3.144319493
426,0.08688499424,1.998111858,3.146319268
427,0.2257230454,1.987221454,3.148258668
428,1.786371268,0.8993762806,3.145105616
429,0.6710473337,1.884063554,3.146557881
430,0.6188142603,1.90185933,3.148086162
431,1.80412039,0.8632204922,3.144787681
432,0.05722598084,1.999181129,3.146763548
433,1.714203637,1.030294079,3.14425506
434,0.06535577301,1.998931871,3.1462219
435,1.4911212,1.332875676,3.14511737
436,1.039871719,1.708410608,3.145740544
437,0.7285168835,1.86259581,3.147066519
438,1.443300379,1.384515805,3.146203426
439,1.315107079,1.506815639,3.145901439
440,1.882520638,0.675363641,3.141821498
441,0.5549642776,1.921461592,3.143411297
442,0.8048925179,1.830887226,3.144584065
443,1.724070411,1.013696807,3.14206219
444,1.439631731,1.388330105,3.141239213
445,0.280182212,1.980277235,3.143080371
446,0.9459103434,1.762172983,3.143935226
447,0.2543754696,1.983757324,3.145777686
448,1.296166993,1.523138578,3.145555586
449,1.549000717,1.265146939,3.144185293
450,1.7951703,0.8816822521,3.141116802
451,0.3919698548,1.961213816,3.142849199
452,0.9958053168,1.734465846,3.14357062
453,0.5197097836,1.931295353,3.145157861
454,1.182007899,1.613337326,3.145337413
455,1.068079054,1.690919021,3.145857195
456,0.8307466761,1.819302053,3.14693778
457,1.586795442,1.217407174,3.145379523
458,1.466462018,1.359959245,3.144450569
459,0.4247640422,1.954373431,3.146115703
460,1.264733964,1.549337923,3.146012573
461,0.08732273786,1.998092775,3.147856766
462,0.6574812325,1.888840499,3.149220022
463,0.3157150223,1.974923802,3.150949239
464,1.284308906,1.533150558,3.150766808
465,1.862970459,0.7275582929,3.147120248
466,0.5906688665,1.910787872,3.148567577
467,1.577255864,1.229741412,3.147092021
468,0.7886063237,1.837960845,3.148221999
469,0.6333284984,1.897075384,3.149599246
470,1.212531581,1.59052418,3.149666159
471,0.09429613713,1.997775823,3.151462094
472,1.631151704,1.157300357,3.149689083
473,0.6865160476,1.878482291,3.150972963
474,0.870097323,1.800813885,3.151923712
475,1.959088697,0.4024568031,3.146982638
476,0.3297301981,1.972632251,3.148659701
477,1.729523135,1.004365335,3.146269912
478,1.657322061,1.11950149,3.144371864
479,0.2215304284,1.987693203,3.146106759
480,0.5895434634,1.911135397,3.147515434
481,0.4663622314,1.944866646,3.149058506
482,0.7559692687,1.851623737,3.150208276
483,1.854749137,0.7482684272,3.146784526
484,1.662461291,1.111855411,3.144877349
485,0.440559664,1.950873441,3.146437904
486,0.3916593752,1.961275843,3.148034846
487,0.2650652752,1.982357284,3.149711807
488,1.155095063,1.63271412,3.149948931
489,0.390526845,1.961501665,3.151529819
490,0.97734833,1.744932733,3.1522203
491,0.9310759242,1.770055825,3.153010303
492,1.295428493,1.523766721,3.152795919
493,0.9024250502,1.784833053,3.153641497
494,0.1972948121,1.990244899,3.155315279
495,0.1858680082,1.991344542,3.156986741
496,1.309137275,1.512005157,3.156718644
497,0.970829728,1.748567882,3.157403588
498,0.3109088455,1.975686131,3.158997902
499,1.892111956,0.6480064403,3.155264465
500,1.090622048,1.67646758,3.155659807
501,1.079654319,1.683551767,3.15608185
502,1.703112133,1.048527093,3.153972233
503,0.88325016,1.794399386,3.1548367
504,1.106547832,1.665998768,3.155188209
505,1.164513805,1.626009717,3.155379954
506,1.395830634,1.432360584,3.15480553
507,1.274386977,1.541407744,3.154663538
508,0.6431368321,1.893772694,3.155909368
509,0.366391321,1.966152944,3.157434705
510,0.6191794181,1.901740479,3.158701462
511,1.533395433,1.284016529,3.157545555
512,1.49938435,1.32357341,3.156548683
513,0.7040618808,1.871976727,3.157693721
514,1.303175187,1.517146807,3.157453643
515,1.277740683,1.538628853,3.157297923
516,1.703825118,1.047368115,3.155238695
517,0.666743413,1.885590947,3.156430075
518,1.190812748,1.606849401,3.156540632
519,0.2231872929,1.987507845,3.158117655
520,0.4217655462,1.955022717,3.15956367
521,1.20417447,1.596860622,3.159629232
522,1.956086113,0.4168058505,3.155173259
523,0.01050827842,1.999972394,3.156788501
524,0.953012725,1.758342045,3.157475325
525,0.955056338,1.757232879,3.158155307
526,0.3103978269,1.975766481,3.159663629
527,1.813602887,0.8431159876,3.156867744
528,0.6186813093,1.901902584,3.158093004
529,0.3404004899,1.970818994,3.159574185
530,0.1818689942,1.991713752,3.161128626
531,0.2948173962,1.978151335,3.162626129
532,0.905498789,1.783275622,3.163385386
533,1.841210295,0.7809895312,3.160380872
534,1.766741915,0.9373489234,3.157973226
535,0.6214799945,1.900989904,3.159176976
536,1.825402076,0.8172559343,3.156332452
537,0.7616584971,1.849290765,3.157342227
538,1.374004039,1.453311013,3.156876204
539,1.886664617,0.6636991951,3.153481996
540,1.395834723,1.432356599,3.152947239
541,0.6493391999,1.891654991,3.15411242
542,1.440417153,1.387515198,3.153413007
543,1.474195453,1.351572331,3.152583783
544,1.791600447,0.888913854,3.150056658
545,0.5382614587,1.92620731,3.151345388
546,0.03070188334,1.999764335,3.152898838
547,0.287854425,1.979176554,3.154371332
548,0.2307755782,1.986641043,3.155865694
549,0.8312164017,1.819087489,3.156744218
550,0.3448673558,1.97004226,3.158168473
551,0.9945330625,1.735195663,3.15873512
552,0.9162852858,1.777757372,3.159453924
553,1.718930746,1.022387935,3.157438231
554,1.09718375,1.672180558,3.157775637
555,0.6215405152,1.900970118,3.158936294
556,0.5121029409,1.933326299,3.160209165
557,0.7743699123,1.844004132,3.16115674
558,1.401467614,1.426845656,3.160605727
559,0.7801576856,1.841562919,3.161540467
560,1.945963881,0.4617624661,3.157544011
561,1.519845564,1.300026715,3.156550267
562,0.8879729149,1.792066992,3.157311092
563,0.1456565666,1.994688989,3.158789008
564,0.03225156394,1.999739942,3.160279595
565,0.7741812729,1.844083338,3.161213908
566,1.827628605,0.8122645401,3.158498917
567,1.48958868,1.334588162,3.157635915
568,0.5048360805,1.935236557,3.15889091
569,1.896917032,0.6338026301,3.155567033
570,1.678986636,1.086740023,3.153844074
571,0.310360447,1.975772354,3.155241098
572,1.49439444,1.329204746,3.154372511
573,1.331128506,1.492681111,3.154077554
574,0.7029571684,1.872391845,3.155106659
575,1.18269341,1.612834864,3.155229377
576,0.9272723875,1.772051331,3.155904504
577,0.7260755885,1.863548829,3.15689444
578,1.594125211,1.207793365,3.155611901
579,1.713180111,1.03199511,3.153726544
580,1.255251117,1.55703071,3.153658156
581,0.8287892511,1.820194599,3.154495903
582,1.554589954,1.258272655,3.153399768
583,1.774805798,0.9219893591,3.151153763
584,1.658547122,1.117685753,3.149585643
585,0.1071905558,1.99712548,3.151029515
586,1.43717162,1.390876607,3.150399351
587,1.57165228,1.236894948,3.149246694
588,0.3854795767,1.962499808,3.150566002
589,1.802308614,0.8669969197,3.148160956
590,0.07833478977,1.998465326,3.149599548
591,1.973078799,0.3270474772,3.145377036
592,0.6845562621,1.879197362,3.146412539
593,1.484452159,1.340299141,3.145627018
594,1.550186838,1.263693305,3.144586209
595,1.895873792,0.6369164511,3.141442086
596,0.7486231258,1.854606,3.14239472
597,1.24567227,1.564704635,3.142372968
598,0.4368936943,1.951697697,3.143645581
599,0.1752528527,1.992306813,3.145049535
600,0.7103480939,1.869600381,3.146039787
601,1.077331844,1.685038901,3.146412562
602,1.572239592,1.236148319,3.145292768
603,1.057980831,1.697255597,3.145706066
604,0.4865298476,1.939919768,3.146921518
605,1.072252861,1.688275393,3.147301071
606,1.673159996,1.095689568,3.145723642
607,1.378953143,1.44861597,3.145314265
608,1.945616085,0.463225699,3.14166482
609,0.795841702,1.834839499,3.142531838
610,0.260381755,1.982977897,3.143881713
611,1.145645652,1.639358424,3.144102393
612,1.304179473,1.516283582,3.143920146
613,0.4649590989,1.945202569,3.145137903
614,0.4776774898,1.942118487,3.146341647
615,1.973402508,0.3250885142,3.142282843
616,0.7311440294,1.861566117,3.14322578
617,0.8627295769,1.804355197,3.143980212
618,1.548142847,1.266196559,3.142990589
619,1.408328352,1.420074383,3.142501345
620,0.595591183,1.909259318,3.143591696
621,1.777911639,0.9159859199,3.141479587
622,1.608016377,1.189236449,3.140252888
623,1.213495606,1.589788795,3.140316009
624,0.86934694,1.801176254,3.141056452
625,1.812607776,0.845253247,3.138735573
626,1.777714796,0.9163678875,3.136649311
627,1.807654061,0.8557960004,3.134376492
628,0.8062171533,1.830304319,3.135214441
629,0.2500356567,1.984308991,3.136539407
630,1.637514313,1.148279963,3.135206107
631,1.892145453,0.6479086223,3.132291069
632,1.164410963,1.626083365,3.132480745
633,1.12293235,1.654999377,3.132761185
634,0.8224066023,1.823087321,3.133570985
635,1.06743455,1.691325953,3.133963238
636,1.412899271,1.415526633,3.133486965
637,0.7542061542,1.852342592,3.134383665
638,0.3679254804,1.965866435,3.135633429
639,1.882123881,0.6764685486,3.132843607
640,0.6515827086,1.890883385,3.133857549
641,1.066898289,1.691664281,3.13424674
642,0.3000778641,1.977360178,3.135524736
643,1.444463473,1.383302308,3.134950988
644,1.66376847,1.109898409,3.133529941
645,0.2708108647,1.98158055,3.134816191
646,1.415157712,1.413268782,3.134338979
647,1.717453942,1.0248668,3.132662619
648,1.976133655,0.3080515834,3.128779039
649,0.7050036197,1.871622263,3.129725827
650,1.075139829,1.686438362,3.130099906
651,1.666566139,1.105693133,3.128688671
652,1.147742923,1.637890773,3.128914274
653,0.3753963778,1.964453501,3.130139377
654,1.105295753,1.666829715,3.13045057
655,0.6355253725,1.896340555,3.131461609
656,0.1400914952,1.99508756,3.132770624
657,1.452202754,1.375175321,3.132188554
658,0.1514666188,1.994256218,3.133489958
659,0.9499619917,1.759992106,3.134076444
660,1.516106476,1.304385355,3.133280526
661,1.115308807,1.660146459,3.133563449
662,0.039128259,1.999617208,3.134871109
663,1.656643941,1.120504731,3.133522902
664,1.443785022,1.384010408,3.132972447
665,1.629035535,1.160277219,3.131750766
666,1.830551184,0.8056564793,3.129467826
667,1.556113237,1.256388314,3.128543252
668,0.8086272044,1.829240838,3.129336573
669,0.2935063188,1.978346289,3.130573278
670,1.374320767,1.453011504,3.130238128
671,1.815671393,0.838652128,3.128072802
672,0.3809771576,1.963378824,3.129261321
673,0.616699729,1.902546043,3.130265528
674,1.238116815,1.570689897,3.130282018
675,0.03686262229,1.999660258,3.131569482
676,1.274129643,1.541620463,3.13149799
677,0.1957817749,1.990394307,3.132752481
678,1.895815255,0.6370906669,3.130011226
679,1.004825157,1.729256026,3.130495027
680,0.232872124,1.986396379,3.1317337
681,0.9116713598,1.780127898,3.132362954
682,1.193612388,1.604770846,3.132476119
683,0.9263434667,1.772537103,3.133080216
684,1.193438394,1.604900246,3.13319238
685,0.7520372369,1.853224216,3.134029251
686,1.778188373,0.9154485844,3.132129641
687,0.8868512764,1.792622329,3.132789197
688,0.4903264973,1.938963622,3.133872247
689,1.344621615,1.48053798,3.133621454
690,0.5899867128,1.910998608,3.1346191
691,0.6609037774,1.887645676,3.135546267
692,0.09665932777,1.997662878,3.136788723
693,0.7075758415,1.870651338,3.137661037
694,0.9691038644,1.749524993,3.13818177
695,0.5236100771,1.930241562,3.139221053
696,1.307803557,1.5131589,3.139058836
697,1.425208461,1.403132511,3.13858137
698,0.1813414223,1.991761855,3.139791889
699,1.304902945,1.515661012,3.13963671
700,1.859120168,0.7373413051,3.137258204
701,1.137486063,1.645030534,3.137476183
702,0.8688082938,1.801436135,3.13813914
703,1.336969416,1.487451775,3.137906941
704,1.598682293,1.201754936,3.136863764
705,1.048955692,1.702848189,3.137245087
706,1.079478482,1.683664517,3.137570985
707,0.8186901708,1.824759273,3.138295097
708,1.094184514,1.674144632,3.138591699
709,1.14616981,1.638991997,3.138788303
710,1.201374891,1.598967908,3.138871609
711,0.1686068221,1.992880262,3.140062733
712,0.06175605568,1.99904632,3.141267831
713,1.781992022,0.9080222656,3.139409173
714,1.449496691,1.378027338,3.138872262
715,1.371868438,1.455327107,3.138553076
716,0.5426290032,1.924981497,3.139546665
717,0.000237016784,1.999999986,3.14074674
718,1.815306535,0.8394415909,3.138710718
719,1.740118849,0.9858937022,3.137087737
720,0.8068137636,1.830041407,3.137814119
721,0.2717360168,1.981453895,3.138958493
722,1.837639342,0.7893552101,3.136797485
723,1.976946819,0.3027891563,3.13329649
724,0.3982662598,1.959944894,3.134382945
725,1.545784972,1.269074001,3.133560552
726,0.6831805875,1.879697924,3.134422584
727,1.821627576,0.8256348923,3.132382484
728,0.29920756,1.977492057,3.133512431
729,0.8717534415,1.80001276,3.134152367
730,1.195757297,1.603173256,3.134251263
731,0.3066885934,1.976345645,3.13537088
732,0.5110999101,1.933591705,3.136370624
733,1.714343317,1.030061644,3.134902346
734,1.030190482,1.714265899,3.135302386
735,0.2618754595,1.982781189,3.136431992
736,1.512529549,1.308531377,3.135726327
737,0.4517861449,1.948304206,3.136758731
738,1.204474648,1.596634217,3.136835303
739,1.519092034,1.300907142,3.136111323
740,0.40207247,1.959167611,3.137168382
741,1.922749326,0.5504861767,3.13442048
742,0.9480953291,1.760998367,3.13494282
743,0.4575090392,1.946968279,3.135964345
744,1.93824337,0.4931659336,3.133075054
745,1.277338555,1.538962707,3.133001028
746,1.664734173,1.108449428,3.131773009
747,1.975515543,0.3119909279,3.128415859
748,0.9725961826,1.747585954,3.128906175
749,0.594387335,1.90963444,3.129827887
750,1.964763955,0.3737681134,3.126651498
751,0.7232052322,1.864664633,3.127453999
752,1.668496366,1.102778254,3.126228071
753,1.828774659,0.8096809532,3.124226921
754,0.6890261502,1.877563039,3.125063657
755,1.643802564,1.139259905,3.123942407
756,1.178055499,1.616225616,3.124085937
757,0.4799699661,1.941553201,3.125088606
758,1.400954278,1.427349681,3.124731892
759,1.534059882,1.283222614,3.123996337
760,0.2269131402,1.987085913,3.125114989
761,1.622880856,1.168870279,3.124080331
762,0.1964647315,1.990327011,3.125204443
763,0.1287626126,1.995850743,3.126340088
764,1.915992031,0.5735630199,3.123749494
765,0.870498757,1.800619869,3.124373664
766,1.926533674,0.5370921751,3.121697177
767,1.753826997,0.9612964506,3.120133808
768,0.4329194202,1.952583103,3.121155985
769,0.3123481226,1.975459099,3.122235
770,0.2320848894,1.986488511,3.12333986
771,0.9891335862,1.738279249,3.12379799
772,1.894808661,0.6400782268,3.121409853
773,1.925562496,0.5405636622,3.118770419
774,0.1227539765,1.996229311,3.119899215
775,1.569927868,1.239082923,3.119071172
776,0.8814320269,1.795293174,3.119678795
777,1.915453657,0.5753583994,3.117144738
778,1.736256329,0.9926801904,3.115690003
779,1.817294458,0.8351292432,3.113834507
780,0.757326922,1.851068862,3.114588741
781,0.369834957,1.965508103,3.115634103
782,1.773195739,0.9250820888,3.114015855
783,1.301054743,1.518965621,3.113918684
784,1.101146679,1.669573595,3.114205966
785,1.958898747,0.4033803381,3.111266545
786,0.5423696289,1.925054593,3.112206548
787,1.568738675,1.240588155,3.111404731
788,0.1650710422,1.993176247,3.112515071
789,0.005294704774,1.999992992,3.113639875
790,1.814346677,0.841514192,3.111828975
791,0.1579635334,1.993752122,3.112936023
792,0.3549108564,1.968257677,3.113975896
793,1.518110496,1.302052427,3.113332931
794,0.8706656256,1.800539188,3.11394722
795,0.5129032991,1.933114121,3.114893486
796,0.1445341237,1.994770635,3.11599229
797,1.718467532,1.023166331,3.114650182
798,0.5081508201,1.934368823,3.115595154
799,1.180178194,1.614676262,3.115737529
800,1.848668466,0.7631676777,3.113750776
801,0.322008213,1.973907473,3.114792054
802,0.5416857047,1.925247152,3.115709389
803,1.209223478,1.593040671,3.115797025
804,0.6005167145,1.907715827,3.116667218
805,0.175778464,1.992260508,3.117745297
806,1.018588808,1.72118472,3.118148056
807,1.569783042,1.239266396,3.117355472
808,1.839413761,0.7852114474,3.115440952
809,1.24940014,1.561729583,3.115450863
810,1.017299463,1.721947096,3.115856349
811,1.707192399,1.041870487,3.114583703
812,1.098050932,1.671611244,3.114865278
813,0.8039505402,1.831301048,3.115539001
814,1.774419638,0.9227323281,3.113978713
815,1.60894023,1.187986252,3.113073184
816,0.1139346944,1.996752084,3.114152144
817,0.7910775342,1.836898564,3.114837144
818,1.684128014,1.078755224,3.113666818
819,1.501043282,1.321691744,3.113092601
820,1.389483726,1.438518326,3.112804728
821,0.1673124708,1.992989347,3.113868277
822,1.275348591,1.540612206,3.113828565
823,1.368590269,1.458410325,3.113589187
824,1.614252012,1.180758418,3.112676478
825,1.140823086,1.642718079,3.112885883
826,1.054326894,1.699527817,3.113232336
827,0.7775884774,1.842649223,3.113924072
828,0.7270806475,1.863156926,3.114663674
829,0.4306015203,1.953095576,3.115618471
830,1.564477602,1.245957396,3.114867021
831,1.605302641,1.192897075,3.113989677
832,1.118054286,1.65829871,3.114233196
833,1.214942279,1.588683498,3.114308987
834,0.6219636347,1.900831722,3.115133153
835,0.3092873956,1.975940613,3.116135247
836,1.288360179,1.529747707,3.116067496
837,1.048155897,1.703340605,3.116414704
838,1.947166379,0.4566651885,3.113785725
839,0.8366377456,1.816600474,3.114404814
840,1.104360484,1.667449526,3.114667307
841,1.491629377,1.332306947,3.114132166
842,0.1753988311,1.992293967,3.115165962
843,1.071318243,1.688868622,3.115477434
844,1.961248069,0.3917984341,3.112714542
845,0.1095371412,1.996998151,3.113757479
846,1.530244007,1.287770662,3.11312129
847,0.2237334827,1.987446434,3.11413873
848,1.686342631,1.075289975,3.113002458
849,1.878858196,0.6854866016,3.110950598
850,1.996941778,0.1105600923,3.107550797
851,1.112705512,1.661892429,3.107804891
852,0.0607233005,1.999077958,3.108849904
853,0.474827913,1.942817143,3.109760554
854,0.2394555375,1.985613519,3.110769297
855,1.585077784,1.219642742,3.109983936
856,0.8796921399,1.796146358,3.110547381
857,1.574918265,1.232733734,3.109794662
858,0.9564022653,1.756500699,3.1102646
859,0.6285845609,1.898652535,3.111064414
860,0.2993921687,1.977464116,3.112045651
861,1.294764478,1.524330983,3.111972035
862,0.8847777017,1.793646682,3.112523452
863,0.6601217205,1.887919308,3.113292067
864,1.540545358,1.27542934,3.112641103
865,1.711509812,1.034762854,3.111435189
866,0.9692362818,1.749451637,3.111882612
867,1.258814236,1.554151446,3.111878483
868,1.81978725,0.8296832917,3.110205082
869,0.7132611953,1.86849096,3.110926344
870,0.05889380219,1.999132692,3.111946274
871,0.07714273498,1.998511696,3.112962436
872,1.5025643,1.319962319,3.112419962
873,1.175394934,1.618161533,3.11256189
874,0.6667081878,1.885603403,3.113315488
875,1.948875353,0.4493159912,3.110784421
876,0.69859916,1.874022202,3.111511887
877,0.5019548075,1.935985891,3.112379002
878,1.690064428,1.069430796,3.111270212
879,1.658854392,1.117229657,3.110272703
880,0.5931668723,1.91001389,3.111079242
881,1.93098448,0.5208636473,3.108730375
882,0.5392555504,1.925929244,3.109572924
883,0.6726904016,1.883477535,3.110317411
884,0.09428625445,1.997776289,3.111318808
885,0.8114514733,1.827989745,3.111934244
886,1.35017375,1.47547648,3.11175255
887,1.556806108,1.255529666,3.111075331
888,1.597689465,1.203074551,3.110281495
889,0.7310746581,1.861593362,3.110970927
890,0.82313671,1.822757789,3.111571539
891,1.789806958,0.8925194968,3.110082726
892,0.4358431949,1.951932558,3.110972617
893,1.179595691,1.615101856,3.111106134
894,0.9178193697,1.776965842,3.111601465
895,1.847771698,0.7653363659,3.109835064
896,1.620787064,1.171771861,3.108979828
897,0.4157572804,1.956309251,3.109875746
898,1.544401743,1.270756962,3.109242827
899,1.351650924,1.474123393,3.109063743
900,1.421466645,1.406923089,3.108735724
901,0.279817715,1.980328772,3.109681253
902,0.9244349021,1.773533228,3.110166159
903,0.7710164414,1.845408802,3.110809184
904,0.9485165751,1.760771509,3.111263535
905,1.532999898,1.284488736,3.110664324
906,0.705457104,1.871451382,3.111362159
907,1.883055296,0.6738714652,3.109417706
908,0.7991606501,1.833396372,3.110031555
909,0.5625855384,1.919243995,3.110832937
910,0.7977250585,1.834021464,3.111445256
911,0.1103162758,1.996955262,3.112413933
912,1.034798352,1.71148835,3.112754463
913,1.055478515,1.698812851,3.113066479
914,0.7634479548,1.848552737,3.113705472
915,0.9743465888,1.746610639,3.114120243
916,0.6185136009,1.90195713,3.114873293
917,0.3997466644,1.959643489,3.115750516
918,1.533455405,1.283944905,3.115153718
919,0.4611424373,1.946110904,3.115999277
920,1.149125462,1.636921095,3.116170845
921,1.24589012,1.564531178,3.116184842
922,0.8949875488,1.788574093,3.116684803
923,1.829795289,0.8073717858,3.115057564
924,0.3332673918,1.972037739,3.115954769
925,0.3580564578,1.967687875,3.11684063
926,0.8794140653,1.796282523,3.117354371
927,0.1249818565,1.996091064,3.118298091
928,0.2363075316,1.985990622,3.119218008
929,0.6324873982,1.897355974,3.119945127
930,0.1724600436,1.99255051,3.120875402
931,0.01556852434,1.999939404,3.121819552
932,0.25083621,1.984207952,3.122727917
933,1.615503043,1.17904619,3.121908372
934,0.3387592619,1.971101764,3.122786633
935,0.7947555687,1.835310215,3.123372551
936,1.6610473,1.113966726,3.122415885
937,0.7660313014,1.847483706,3.123026933
938,0.9359965748,1.767458744,3.123466049
939,1.126141237,1.652817569,3.123660052
940,0.6178761893,1.902164298,3.124384167
941,1.602485301,1.196679097,3.123607307
942,0.4607685153,1.94619947,3.124423434
943,0.5126787885,1.933173676,3.125210203
944,1.498451175,1.324629788,3.124706018
945,1.065001358,1.692859151,3.124982222
946,1.256867552,1.555726183,3.12496792
947,0.8103304696,1.828486951,3.1255297
948,1.73533691,0.9942865825,3.124330379
949,1.642482973,1.14116155,3.123443121
950,1.371107164,1.456044349,3.123220643
951,1.553306163,1.259857121,3.122586041
952,0.2264131972,1.98714294,3.123480684
953,0.4887367247,1.939364951,3.12427318
954,0.7769584433,1.842914968,3.124861814
955,0.1422642016,1.994933808,3.12576758
956,1.676809512,1.090096261,3.124778484
957,0.3254357074,1.973345282,3.125637327
958,1.99972256,0.03331190374,3.122444202
959,0.4473857643,1.949319363,3.123253581
960,0.8855071267,1.793286683,3.123736206
961,0.05427622528,1.999263387,3.124646498
962,1.033854647,1.712058576,3.124957798
963,0.5754759882,1.915418332,3.125690798
964,1.997524764,0.09947270302,3.122654755
965,0.6734599834,1.883202499,3.123321853
966,1.230571472,1.576608338,3.1233528
967,0.592385982,1.910256226,3.124073751
968,1.290746069,1.527735116,3.12400288
969,1.331407165,1.492432565,3.123859291
970,1.071344429,1.688852011,3.124120987
971,0.9306942345,1.770256547,3.124549815
972,0.4367781732,1.951723553,3.125351149
973,0.9585995666,1.755302501,3.125747094
974,0.1981449554,1.99016044,3.126624479
975,1.8310304,0.8045667615,3.125068079
976,1.689541653,1.070256512,3.124059313
977,1.752499676,0.9637141094,3.122834512
978,1.651691542,1.127792113,3.121947753
979,1.339743237,1.484953891,3.121792451
980,0.7689920132,1.84625331,3.122374813
981,1.938949728,0.4903814373,3.120191722
982,1.347492467,1.477925591,3.120024369
983,0.4600039141,1.946380333,3.120810469
984,0.6234723512,1.900337398,3.121501388
985,0.1224278463,1.996249339,3.122385649
986,1.536294928,1.280545936,3.121816386
987,1.922323324,0.5519719541,3.119771936
988,1.28158448,1.535428676,3.119722427
989,1.993743201,0.1580760889,3.116887674
990,1.184077034,1.611819337,3.116995504
991,1.877700459,0.6886515698,3.115240012
992,0.9157503958,1.778032962,3.115684393
993,0.8406150595,1.814763434,3.116201858
994,1.177501434,1.616629324,3.116319621
995,1.346744511,1.47860719,3.116159716
996,0.7705094011,1.845620563,3.116737107
997,0.9264434086,1.772484869,3.117166628
998,0.9683419142,1.749946838,3.117550122
999,1.046874644,1.704128363,3.11784112
1000,0.8159972294,1.825965093,3.118375209
1001,0.8034548039,1.831518599,3.118919327
1002,1.72279025,1.015870934,3.117834319
1003,0.9531256665,1.758280826,3.118231854
1004,0.6680445143,1.885130374,3.118881285
1005,0.531857642,1.927985334,3.119614708
1006,1.431603285,1.39660733,3.119290254
1007,1.578708048,1.227876581,3.11863133
1008,1.934834492,0.5063748512,3.116542161
1009,0.2030354873,1.989667457,3.117397258
1010,1.93324904,0.5123945244,3.115325369
1011,0.04975588714,1.999380992,3.116199193
1012,0.659554791,1.888117443,3.116851403
1013,1.120882743,1.656388202,3.117044813
1014,1.572082157,1.236348531,3.116409362
1015,0.909505883,1.781235259,3.116848831
1016,0.6504099167,1.891287112,3.117504073
1017,1.776017639,0.9196528395,3.11624724
1018,1.885203299,0.6678386936,3.114498154
1019,0.335040404,1.971737287,3.115311674
1020,0.8955391436,1.788297974,3.115763913
1021,1.21222793,1.590755621,3.115828308
1022,0.70038513,1.873355457,3.11644561
1023,1.727576504,1.00770999,3.115369339
1024,1.250462842,1.560878817,3.115375577
1025,0.879552217,1.796214881,3.115840996
1026,0.6673296149,1.885383564,3.116479325
1027,0.8548617738,1.808096056,3.116965901
1028,1.267803746,1.546826966,3.116943224
1029,0.1480336197,1.994513988,3.117790731
1030,0.7043257736,1.871877454,3.118398463
1031,0.59900421,1.908191279,3.11907546
1032,1.341680188,1.483204057,3.118927527
1033,0.9596707453,1.754717088,3.119305558
1034,0.3046800432,1.976656286,3.120112141
1035,0.6172342003,1.902372714,3.120773623
1036,1.64625665,1.13571081,3.119953785
1037,1.02032308,1.720157206,3.120262715
1038,0.8522807781,1.80931409,3.120742836
1039,1.85602509,0.7450978894,3.119173493
1040,0.6414434639,1.894346928,3.119817263
1041,0.0903354938,1.997958833,3.120658858
1042,1.249149526,1.561930044,3.12066193
1043,1.005119652,1.729084869,3.120985524
1044,0.8665601662,1.802518649,3.121449175
1045,1.548697782,1.265517752,3.120884186
1046,1.838886864,0.7864445949,3.119404267
1047,1.923530636,0.5477498444,3.117471216
1048,0.2095609957,1.988990746,3.118292313
1049,1.15806956,1.630605683,3.118428556
1050,0.9954771212,1.734654231,3.118762728
1051,0.06047909242,1.999085361,3.119599462
1052,0.1319188357,1.995644613,3.120428065
1053,1.874378577,0.6976424229,3.118789752
1054,0.6755940252,1.882437971,3.119402737
1055,1.137994518,1.644678837,3.119563832
1056,0.5444683809,1.92446205,3.120254514
1057,1.096060775,1.672916847,3.120467928
1058,0.6708902557,1.884119493,3.121080188
1059,0.8132532218,1.827188878,3.121583774
1060,1.474622461,1.351106434,3.121188141
1061,0.7021721454,1.87268638,3.12177644
1062,1.459878698,1.367023843,3.121411347
1063,1.247349347,1.563368033,3.121416356
1064,1.351173138,1.474561342,3.121254426
1065,1.888254756,0.6591615719,3.119561533
1066,0.3851774764,1.962559123,3.120317214
1067,0.4650086721,1.945190719,3.121038924
1068,1.604284717,1.194265694,3.120353056
1069,0.4082068791,1.957898655,3.121097157
1070,0.8830729911,1.794486582,3.121534424
1071,0.7225551608,1.864916631,3.122102397
1072,0.2694622924,1.981764384,3.12288731
1073,1.338678298,1.485913999,3.122746527
1074,1.826986951,0.8137067537,3.121354225
1075,0.9201147148,1.775778396,3.121754413
1076,0.3744705818,1.96463019,3.122504883
1077,0.2232883902,1.987496489,3.123296423
1078,0.6376722431,1.895619717,3.123916036
1079,0.3637518623,1.966642973,3.124666147
1080,1.823297052,0.8219415177,3.123295052
1081,0.9941009857,1.735443237,3.123616598
1082,1.09080903,1.676345925,3.123828313
1083,0.01513653913,1.99994272,3.12463723
1084,0.025500429,1.999837425,3.12544446
1085,0.002585411843,1.999998329,3.126250499
1086,0.6271948952,1.899112046,3.126869259
1087,0.1332138401,1.995558587,3.127664335
1088,1.584952609,1.219805406,3.127031933
1089,0.2893808357,1.978953949,3.127794905
1090,0.9580651371,1.755594256,3.128146642
1091,0.2736416384,1.981191625,3.128911295
1092,0.6644626038,1.886395888,3.129500929
1093,0.08349533893,1.998256372,3.13029417
1094,0.883143985,1.794451644,3.130713374
1095,1.369544821,1.457513973,3.130516401
1096,1.522376361,1.297062148,3.130026992
1097,1.78273499,0.906562714,3.128826535
1098,1.597739529,1.203008062,3.128168237
1099,0.7402136034,1.857978423,3.128703077
1100,1.289828146,1.528510175,3.128637911
1101,1.747482457,0.9727821256,3.127563366
1102,1.441282484,1.386616314,3.127241832
1103,0.2334352364,1.986330282,3.128008304
1104,0.1914503641,1.990815601,3.128781513
1105,1.911985127,0.5867817954,3.127012085
1106,0.4762639656,1.942465607,3.127697364
1107,0.05346207041,1.999285324,3.128484061
1108,0.3774651077,1.964057049,3.129205749
1109,0.2221369788,1.987625509,3.129968639
1110,1.543967517,1.27128451,3.12943945
1111,0.4412864509,1.950709171,3.130134301
1112,0.6498810201,1.891468916,3.130721354
1113,1.628564395,1.160938419,3.12999463
1114,0.1597610278,1.993608892,3.13076413
1115,0.8098698243,1.828691026,3.131236433
1116,0.6628025396,1.886979807,3.13181235
1117,1.463806518,1.362817111,3.131448717
1118,0.07454350435,1.998610334,3.13222311
1119,0.8816028765,1.795209283,3.132632579
1120,0.3790311821,1.963755423,3.133342292
1121,0.1749415123,1.992334176,3.134101726
1122,0.4938926414,1.938058322,3.134763059
1123,1.139023063,1.643966685,3.134899452
1124,1.130696781,1.649704455,3.135045813
1125,0.02945333521,1.999783114,3.135814276
1126,1.79128229,0.8895548085,3.134609387
1127,0.1344144541,1.995478077,3.135369233
1128,0.2915798213,1.978631145,3.136097862
1129,0.8210989794,1.823676634,3.136550701
1130,0.6001182999,1.907841195,3.137151703
1131,1.30252443,1.517705541,3.137061746
1132,1.670109557,1.100333617,3.136234543
1133,1.857446024,0.7415485619,3.134775463
1134,0.857081216,1.807045043,3.135198139
1135,0.9680042972,1.750133618,3.135519786
1136,0.1103630089,1.99695268,3.136275407
1137,1.570119993,1.23883946,3.135696166
1138,0.1934229964,1.990624913,3.136439183
1139,0.7792055631,1.841965985,3.136919862
1140,1.566721407,1.243134761,3.136349116
1141,0.3826475831,1.963053954,3.13704128
1142,1.379304273,1.448281644,3.136830704
1143,0.3307075616,1.972468633,3.137537708
1144,1.0314209,1.713525876,3.13779078
1145,1.937624016,0.4955937559,3.135916017
1146,1.156047488,1.632039891,3.136027853
1147,0.3181650323,1.97453058,3.136736688
1148,1.239647439,1.569482152,3.136738628
1149,1.071481891,1.688764802,3.136948194
1150,0.8458972665,1.812307318,3.137372252
1151,1.968134565,0.3555929333,3.135264357
1152,1.312124437,1.509413615,3.135163283
1153,1.810174557,0.8504516886,3.133919346
1154,0.6036017971,1.906741952,3.134508223
1155,0.07522957409,1.998584627,3.135255116
1156,0.4360013843,1.951897229,3.135919943
1157,0.01597191608,1.999936223,3.13666666
1158,1.12873756,1.651045584,3.136809514
1159,1.499580084,1.323351643,3.136386644
1160,1.37626807,1.451167185,3.136184875
1161,0.4237809888,1.954586829,3.136850671
1162,0.07861583667,1.99845429,3.137590824
1163,0.3397900627,1.97092433,3.138282361
1164,1.818049052,0.8334852392,3.137018347
1165,1.390517181,1.43751938,3.136793472
1166,0.545860413,1.924067673,3.137403542
1167,0.6268409266,1.89922891,3.137969998
1168,0.4624522586,1.945800069,3.13861523
1169,1.15821207,1.630504462,3.138719929
1170,0.5441200822,1.924560557,3.13932711
1171,0.9973406176,1.733583483,3.139607075
1172,1.497197711,1.326046385,3.139191108
1173,0.4971479651,1.937225826,3.139817928
1174,1.479177106,1.346118527,3.139436684
1175,1.337285345,1.487167746,3.139296172
1176,1.035095299,1.711308775,3.139537092
1177,1.270332811,1.544750643,3.13949458
1178,1.385355556,1.442494361,3.139278531
1179,1.460819013,1.366018965,3.138933119
1180,0.7136573104,1.868339702,3.139439684
1181,1.921369355,0.5552835329,3.137721756
1182,1.607155816,1.190399169,3.137081381
1183,1.381359815,1.446321216,3.136874755
1184,0.5638728218,1.918866186,3.137466695
1185,0.4670411905,1.944703712,3.138101245
1186,1.926505632,0.5371927488,3.136361181
1187,0.5989360353,1.908212678,3.136934108
1188,0.7512994221,1.85352345,3.137414
1189,1.837535963,0.7895958368,3.136103469
1190,1.519636107,1.300271549,3.135653418
1191,0.9944631258,1.735235745,3.135934541
1192,0.6671061684,1.885462638,3.136467252
1193,0.7442147505,1.856379381,3.136950313
1194,0.05048198737,1.999362791,3.137672067
1195,1.86392194,0.7251172342,3.136259986
1196,0.8417247967,1.814248981,3.136671556
1197,1.384319546,1.443488619,3.136462956
1198,1.394813921,1.433350664,3.136237779
1199,0.1896432046,1.990988562,3.13694315
1200,0.3512037929,1.968922522,3.137610568
1201,0.3404848381,1.970804423,3.138280009
1202,0.9400513806,1.76530547,3.138606407
1203,1.220592508,1.584346531,3.138631417
1204,0.7467574,1.855358021,3.13910657
1205,1.15545658,1.632458297,3.139210977
1206,1.418709437,1.40970335,3.138945799
1207,0.3131194657,1.975336984,3.139618316
1208,1.50564765,1.316444133,3.139198838
1209,0.8235094785,1.822589405,3.139617349
1210,0.08712380648,1.998101459,3.140325271
1211,0.4715028503,1.943626781,3.140942057
1212,0.3077972052,1.976173292,3.141611533
1213,0.77968815,1.841761762,3.142058286
1214,0.123198972,1.996201897,3.142758736
1215,0.6672815325,1.885400582,3.143275643
1216,1.425677182,1.402656256,3.142997713
1217,0.2124790946,1.988681129,3.143683304
1218,1.966438401,0.3648561548,3.14170139
1219,0.8497758834,1.810491908,3.142094567
1220,1.467534663,1.358801683,3.141746623
1221,1.724458097,1.013037153,3.140832887
1222,0.9396165098,1.765536976,3.141152233
1223,1.891809878,0.6488878074,3.139644975
1224,0.5358409797,1.926882053,3.140228406
1225,1.678864976,1.086927961,3.13943953
1226,1.286728694,1.531120266,3.139376562
1227,0.7791489638,1.841989927,3.139820411
1228,1.961411878,0.3909775487,3.137900326
1229,0.216089593,1.988292053,3.138582737
1230,0.2804481617,1.980239589,3.139250946
1231,1.183539515,1.612214073,3.139320139
1232,0.108104842,1.997076199,3.140013997
1233,1.419160057,1.409249705,3.139753239
1234,1.058791434,1.69675004,3.139958868
1235,1.75464301,0.9598061822,3.138970733
1236,1.937951725,0.494310745,3.137230969
1237,1.426156186,1.402169224,3.136961856
1238,1.792404301,0.8872918474,3.135861389
1239,1.672116324,1.097281641,3.135101665
1240,1.414969955,1.413456765,3.134853126
1241,0.7362512381,1.859552127,3.135323916
1242,0.7516292902,1.853389708,3.135784026
1243,1.968714851,0.3523660541,3.133828232
1244,1.175169088,1.618325559,3.133910887
1245,1.773486107,0.924525298,3.13287887
1246,1.187410619,1.609365099,3.132947772
1247,0.2373624101,1.985864821,3.133620412
1248,0.1566779194,1.993853563,3.134304776
1249,0.4096523376,1.957596731,3.134929987
1250,0.2943988969,1.978213661,3.135587185
1251,0.2356756097,1.986065711,3.136255886
1252,0.1859490404,1.991336977,3.136931938
1253,0.1622344545,1.993409136,3.137610219
1254,0.5877293039,1.911694083,3.138157092
1255,0.201883969,1.989784627,3.13882754
1256,0.6392753916,1.895079675,3.139346116
1257,1.914452783,0.5786800008,3.137769357
1258,1.860394258,0.734120701,3.136442228
1259,0.5571959693,1.920815622,3.137002347
1260,1.962897052,0.3834516439,3.135121316
1261,0.2953145125,1.978077182,3.135772412
1262,1.247700467,1.563087824,3.135764808
1263,0.7123469238,1.86883971,3.136241383
1264,1.140402604,1.643010013,3.136359879
1265,1.770019584,0.9311448184,3.135352709
1266,0.4768862111,1.942312936,3.135944552
1267,0.1983138378,1.990143618,3.136610963
1268,0.9204461963,1.775606601,3.136937936
1269,0.2699429169,1.981698974,3.137589205
1270,0.6527573054,1.89047822,3.138095793
1271,1.720256923,1.020154949,3.137232075
1272,0.78863144,1.837950068,3.137655556
1273,1.566687763,1.243177161,3.137143929
1274,1.477593026,1.347857132,3.136797438
1275,0.7135592687,1.868377149,3.137267992
1276,1.05978891,1.696127196,3.137467825
1277,0.3896124768,1.961683491,3.138083251
1278,0.9768720493,1.745199415,3.138358929
1279,0.09258363736,1.997855918,3.139029259
1280,1.332706258,1.491272621,3.138907006
1281,0.6873502017,1.878177228,3.13938901
1282,1.387240043,1.440682152,3.139187743
1283,0.744149774,1.856405428,3.139634838
1284,0.9068762681,1.782575506,3.139966237
1285,1.696740537,1.058806664,3.139170632
1286,1.340794258,1.484004972,3.139037536
1287,0.8132699359,1.827181439,3.139437944
1288,0.8876360464,1.792233871,3.139783464
1289,0.5892880771,1.911214159,3.140313057
1290,1.486460271,1.338071696,3.139953236
1291,1.12135697,1.656067192,3.140086606
1292,1.968328643,0.3545170709,3.138204986
1293,1.660756985,1.114399497,3.137501656
1294,0.4989097468,1.936772848,3.138070469
1295,1.354653179,1.471364932,3.137919627
1296,1.54434195,1.270829627,3.13745955
1297,1.308627818,1.51244611,3.137372759
1298,0.08267549651,1.99829046,3.138034707
1299,0.3288291152,1.972782657,3.138656362
1300,0.7105633971,1.869518563,3.139118194
1301,0.4827435861,1.940865433,3.139688995
1302,0.2262213911,1.987164785,3.14033004
1303,1.061338728,1.695157841,3.140521894
1304,0.6308370084,1.897905337,3.141024416
1305,0.165030569,1.993179598,3.141672182
1306,0.4400615968,1.950985851,3.142254341
1307,0.4135773099,1.956771271,3.142844462
1308,1.471732423,1.354253918,3.142512401
1309,1.563883649,1.246702824,3.142016521
1310,0.6333885714,1.897055328,3.142514302
1311,0.4572325028,1.94703324,3.143087569
1312,1.882170664,0.6763383708,3.141722926
1313,0.245614348,1.984861101,3.142353543
1314,0.3366833693,1.971457407,3.142962798
1315,1.299062539,1.52066976,3.142885518
1316,0.7764283184,1.843138374,3.143298429
1317,1.756202263,0.9569501616,3.142364945
1318,0.09759818367,1.997617229,3.143012039
1319,1.977050065,0.3021142825,3.14108726
1320,0.722492957,1.86494073,3.141533316
1321,0.6102378845,1.9046285,3.142038785
1322,0.1328685547,1.995581606,3.142681088
1323,0.1901976923,1.990935669,3.143315396
1324,0.5036645278,1.935541796,3.14386507
1325,1.600546875,1.199270487,3.143302561
1326,0.3244535514,1.973507004,3.143908678
1327,0.6843645859,1.879267175,3.144371848
1328,1.408929365,1.419478089,3.144141866
1329,1.376003465,1.451418088,3.143960297
1330,1.061713324,1.694923248,3.144145174
1331,0.05758413701,1.999170845,3.144786944
1332,0.418500899,1.955724162,3.145362516
1333,1.767729836,0.9354844886,3.144406482
1334,1.279903193,1.536830445,3.144353449
1335,1.831233185,0.8041051057,3.14320278
1336,1.958931577,0.403220878,3.141453707
1337,0.5212494267,1.930880378,3.141992456
1338,1.163694568,1.626596124,3.142075565
1339,1.086701344,1.67901167,3.14223684
1340,1.963230344,0.3817415545,3.140461651
1341,0.7756028441,1.84348589,3.14086919
1342,1.814213695,0.841800849,3.139783298
1343,1.357383413,1.468846578,3.139632821
1344,1.123477254,1.654629524,3.139759031
1345,1.904401014,0.6109474414,3.13833311
1346,1.854347818,0.7492624162,3.137114827
1347,0.399383684,1.959717498,3.137695614
1348,0.8227810386,1.822918364,3.138072574
1349,1.977362241,0.3000642748,3.136191222
1350,0.5971664661,1.908767197,3.13669592
1351,0.005861631918,1.99999141,3.137334919
1352,1.499380613,1.323577643,3.13697236
1353,0.05396011685,1.999271944,3.137609146
1354,1.452741723,1.374605938,3.137322294
1355,1.034782007,1.711498232,3.137533124
1356,0.919005991,1.776352439,3.137839298
1357,1.746041312,0.9753664626,3.136964495
1358,0.4220781984,1.954955241,3.137533675
1359,0.6867970731,1.878379562,3.137989323
1360,1.622935987,1.168793729,3.137400792
1361,1.043258543,1.706344517,3.137603061
1362,1.488396347,1.335917779,3.137261088
1363,1.464440345,1.362135997,3.136958088
1364,0.003888422919,1.99999622,3.137590811
1365,0.3910780073,1.961391851,3.138166044
1366,0.2973612954,1.977770528,3.138764415
1367,1.181077278,1.614018731,3.138829721
1368,1.670335007,1.099991347,3.138143429
1369,0.8219952823,1.823272814,3.138514797
1370,0.4982767022,1.936935809,3.139051554
1371,1.292490497,1.526259583,3.138988437
1372,0.8517857195,1.809547205,3.139338369
1373,1.774881346,0.9218439176,3.138394705
1374,1.027534051,1.715859486,3.138608187
1375,0.5814963806,1.913599216,3.13910898
1376,0.01415905344,1.99994988,3.139734555
1377,0.4418275,1.950586696,3.140287524
1378,0.2586285461,1.98320732,3.140887036
1379,0.1335413767,1.995536695,3.14150356
1380,0.7668622883,1.847138931,3.141904121
1381,1.453093452,1.374234121,3.141619229
1382,0.3233424074,1.973689359,3.142202267
1383,0.3717407586,1.965148546,3.142772112
1384,1.735954883,0.9932072515,3.141936593
1385,0.2142841801,1.988487438,3.142539509
1386,1.759055143,0.9516958574,3.141645463
1387,0.03510187423,1.999691941,3.142263876
1388,1.706776594,1.042551513,3.141502232
1389,1.667679435,1.104013271,3.140830184
1390,0.4302483768,1.953173401,3.141380915
1391,1.375861465,1.451552696,3.141209617
1392,0.7311631554,1.861558605,3.141627654
1393,1.288735135,1.52943184,3.14156824
1394,0.3531856681,1.968567978,3.142138948
1395,1.859851609,0.7354943863,3.140940991
1396,1.308486534,1.512568342,3.140858037
1397,0.5402261575,1.925657212,3.141366596
1398,0.5193208728,1.931399967,3.141882642
1399,1.373636603,1.45365831,3.141714975
1400,1.757274046,0.9549805904,3.140835151
1401,0.7010635514,1.873101678,3.141267248
1402,1.630147368,1.158714615,3.140679632
1403,0.6387521111,1.895256115,3.141142806
1404,0.1359416874,1.995374616,3.141747939
1405,1.775544631,0.920565731,3.140822233
1406,1.085400453,1.679852927,3.140977911
1407,0.3647952137,1.966449707,3.141540755
1408,1.643362294,1.139894895,3.140928716
1409,1.957794485,0.4087061971,3.139279663
1410,0.4697682338,1.94404676,3.139810736
1411,0.7334206112,1.860670365,3.140222877
1412,1.746116433,0.9752319735,3.139380271
1413,1.157604103,1.630936155,3.139466961
1414,0.5104581573,1.933761224,3.139981851
1415,1.692581389,1.065442744,3.139268709
1416,1.749577751,0.9690086135,3.138420367
1417,0.8952246164,1.788455447,3.138729817
1418,0.7013135462,1.873008091,3.139158087
1419,1.399713288,1.428566664,3.138959338
1420,0.5784092364,1.914534605,3.139445331
1421,1.846019603,0.7695528745,3.138319124
1422,0.1641947035,1.99324863,3.138915593
1423,1.468193657,1.358089608,3.138618519
1424,1.748986519,0.970075335,3.137776898
1425,0.3068718841,1.976317193,3.138348728
1426,1.019054643,1.720908956,3.138561539
1427,1.658666611,1.117508422,3.137928362
1428,0.993102306,1.736014922,3.138162326
1429,0.3088013494,1.976016631,3.138731865
1430,1.089648624,1.677100437,3.138882543
1431,0.2817948898,1.980048393,3.139456417
1432,0.4082317044,1.957893479,3.139998547
1433,1.116575117,1.659295033,3.140123175
1434,1.997899027,0.09164865554,3.138061232
1435,1.29393486,1.525035271,3.137999915
1436,0.2342506814,1.986234281,3.138581021
1437,1.357258689,1.468961828,3.138441385
1438,1.695066732,1.061484232,3.137735214
1439,0.2650503237,1.982359283,3.138309908
1440,1.81262618,0.8452137776,3.137304434
1441,0.5575736285,1.920706029,3.137793058
1442,0.9790180719,1.743996449,3.138035915
1443,1.364904412,1.46186044,3.137887395
1444,1.16048189,1.628889739,3.137970422
1445,0.5542846848,1.921657745,3.13845855
1446,0.5022362822,1.93591289,3.13896572
1447,1.200044382,1.599966712,3.139007854
1448,1.600299067,1.199601141,3.138496938
1449,0.8313024748,1.819048156,3.138841727
1450,1.717941991,1.024048492,3.13808949
1451,1.974765933,0.316700976,3.136363309
1452,1.236609451,1.571876925,3.136368399
1453,0.9589861417,1.755091331,3.13662567
1454,0.9245390984,1.773478913,3.136907879
1455,1.827333622,0.8129279381,3.135869355
1456,1.656072918,1.121348514,3.135255913
1457,1.95661766,0.414303429,3.133672763
1458,0.5692667889,1.917272887,3.134153472
1459,0.911890487,1.780015657,3.134445369
1460,0.4194140528,1.955528535,3.134977295
1461,0.7889314391,1.837821315,3.13534736
1462,1.256869142,1.555724898,3.135331014
1463,0.7615900133,1.84931897,3.13571605
1464,0.317475794,1.974641517,3.136271765
1465,1.405534019,1.42284016,3.136073409
1466,1.575866814,1.231520923,3.135614315
1467,1.674824152,1.093144117,3.134967194
1468,0.9598438123,1.754622425,3.135222152
1469,1.172441681,1.620302597,3.13529389
1470,1.055130439,1.699029063,3.135472641
1471,0.3898707961,1.961632168,3.136008189
1472,0.1915891624,1.990802249,3.136582643
1473,0.663216852,1.886834229,3.137015152
1474,0.6522639136,1.89064851,3.13745225
1475,0.4499510984,1.948728819,3.137967508
1476,1.028926099,1.715025097,3.138165396
1477,0.9498627261,1.760045682,3.138423978
1478,0.6068402572,1.905713751,3.138879326
1479,1.708195495,1.040225049,3.138163687
1480,1.939302043,0.4889862853,3.136704099
1481,0.8913623332,1.790383532,3.137003939
1482,0.3199633091,1.974239975,3.137551493
1483,1.349446517,1.476141625,3.137426565
1484,1.350653342,1.475037474,3.137300317
1485,0.8828823487,1.794580385,3.137604601
1486,1.023940904,1.718006119,3.137805413
1487,0.3003586216,1.977317551,3.138354727
1488,1.748651017,0.9706799787,3.137550295
1489,1.579102036,1.227369854,3.137091725
1490,1.147833984,1.637826958,3.13718472
1491,0.9675876932,1.750363978,3.137428545
1492,0.2751830999,1.980978107,3.137981178
1493,0.1295210136,1.99580167,3.138552927
1494,1.416858609,1.411563559,3.138341799
1495,0.2662264243,1.982201678,3.138894348
1496,1.50587507,1.316183981,3.138555761
1497,1.169947569,1.6221044,3.138626338
1498,0.150031667,1.994364686,3.13919383
1499,1.701536201,1.051082564,3.138502016
1500,0.6384281563,1.895365265,3.138936835
1501,1.732576601,0.9990887458,3.138176835
1502,1.041400442,1.707479171,3.138361111
1503,0.6631844079,1.886845633,3.138783819
1504,0.8540677952,1.808471233,3.139101743
1505,1.571396227,1.23722023,3.138660108
1506,0.6121883838,1.904002464,3.13910456
1507,0.5854751951,1.91238563,3.139559548
1508,1.97136149,0.3372445325,3.137924886
1509,1.635948589,1.150509545,3.137370276
1510,0.7641604011,1.848258337,3.137740572
1511,1.085119303,1.680034553,3.137887712
1512,1.833395976,0.7991615565,3.136869481
1513,1.49709368,1.326163833,3.136549229
1514,1.621326088,1.171025924,3.136024462
1515,1.125353889,1.653353751,3.136137124
1516,0.01149618156,1.999966959,3.136706911
1517,1.332695851,1.491281921,3.1366053
1518,1.295900853,1.523365019,3.136546094
1519,0.2648383737,1.98238761,3.13709134
1520,0.3997553868,1.95964171,3.13760594
1521,1.400843516,1.427458386,3.137420083
1522,1.788435335,0.8952647953,3.136535135
1523,0.1734359533,1.992465801,3.137092191
1524,1.902057041,0.6182062858,3.135845026
1525,1.613388761,1.181937691,3.135338817
1526,0.6678050566,1.885215215,3.135754997
1527,0.03588326904,1.999678072,3.136320551
1528,0.6259084659,1.899536415,3.13675429
1529,0.01274156968,1.999959413,3.137318818
1530,1.808822799,0.8533229642,3.136383738
1531,0.479392262,1.941695923,3.13687166
1532,0.5908691345,1.910725953,3.137318514
1533,0.480578164,1.941402748,3.137804807
1534,0.2483189941,1.984524547,3.138346687
1535,0.2433561795,1.985139232,3.138888662
1536,0.9855293134,1.740325249,3.139111163
1537,1.572102507,1.236322654,3.138677548
1538,1.540319974,1.275701524,3.138295705
1539,0.7059363507,1.871270656,3.138688328
1540,1.371430062,1.455740219,3.13854079
1541,1.549219031,1.264879596,3.138145734
1542,0.5386725353,1.926092391,3.138608794
1543,0.1023923908,1.99737723,3.139163652
1544,1.677921589,1.08838373,3.138540339
1545,0.5153258296,1.932469738,3.1390105
1546,1.186846653,1.609781048,3.139062603
1547,0.3091204054,1.975966744,3.139588053
1548,1.08109347,1.682627977,3.139733833
1549,1.358516032,1.467799098,3.139602048
1550,1.759036343,0.9517306052,3.138804537
1551,1.322638761,1.500208888,3.138715313
1552,1.420913046,1.407482191,3.138506711
1553,0.8686191662,1.801527336,3.13880584
1554,1.564490169,1.245941616,3.138389545
1555,0.6523805544,1.890608265,3.138802939
1556,1.407472808,1.42092234,3.138612092
1557,1.017277305,1.721960187,3.138808179
1558,0.7075593155,1.870657589,3.139194897
1559,1.911637574,0.5879130779,3.13793552
1560,1.317769574,1.504487737,3.137852854
1561,1.158346167,1.630409199,3.137931627
1562,1.003670669,1.729926354,3.138137723
1563,1.896918934,0.6337969363,3.136940957
1564,1.848088584,0.7645708517,3.135912953
1565,1.355254429,1.470811148,3.135788805
1566,1.015940085,1.722749472,3.135986577
1567,0.8268589211,1.821072301,3.136309588
1568,0.06440896634,1.998962602,3.136859088
1569,0.6854799446,1.878860624,3.137254793
1570,0.7671645798,1.847013402,3.137609425
1571,0.4505095568,1.948599789,3.138092932
1572,0.4849281593,1.940320767,3.138565292
1573,1.556434909,1.255989798,3.138166954
1574,1.80558779,0.8601469246,3.137266145
1575,1.726396706,1.009729871,3.136556426
1576,0.9486813536,1.760682734,3.136800595
1577,0.5925665718,1.910200214,3.137234076
1578,0.8131534843,1.827233267,3.137561853
1579,0.6675789194,1.885295305,3.137962758
1580,1.486486717,1.338042317,3.13767043
1581,0.2279794317,1.986963859,3.138199372
1582,1.612031901,1.183787628,3.137712252
1583,0.6975229432,1.874423043,3.138098312
1584,0.3728745672,1.964933728,3.138598167
1585,1.555850818,1.256713265,3.138203737
1586,0.1109464543,1.99692035,3.13874323
1587,1.062527069,1.69441324,3.138900813
1588,0.7264751582,1.8633931,3.139271017
1589,0.7347932305,1.860128734,3.139636648
1590,0.2301317733,1.986715724,3.140161047
1591,1.109042719,1.664338982,3.140279537
1592,0.2527215468,1.983968704,3.140799422
1593,0.08969292682,1.997987782,3.141336256
1594,0.9061137944,1.782963205,3.141602624
1595,1.866420594,0.7186613703,3.14053411
1596,1.372391633,1.454833738,3.140389456
1597,1.802631359,0.8663256789,3.139507967
1598,1.809945412,0.8509392499,3.138608324
1599,0.6346938831,1.896619011,3.139017724
1600,0.8546602407,1.808191326,3.139316077
1601,0.1253790697,1.996066153,3.139848754
1602,0.7046846921,1.871742366,3.140225555
1603,1.615242146,1.179403582,3.139738083
1604,0.7020163842,1.872744776,3.140115733
1605,0.2379079668,1.985799537,3.140633792
1606,1.973421904,0.324970749,3.139082925
1607,0.8299149091,1.819681632,3.139394238
1608,0.1034585482,1.99732229,3.13992611
1609,1.494201303,1.329421854,3.139627115
1610,1.183402635,1.612314549,3.139679912
1611,1.090209914,1.676735621,3.139812619
1612,0.364008648,1.96659546,3.140304789
1613,1.439400952,1.388569372,3.14007964
1614,0.7343062548,1.860321027,3.140439344
1615,1.515180287,1.305461105,3.140111469
1616,1.661310232,1.113574566,3.139546517
1617,0.5427438413,1.924949122,3.13998582
1618,0.2646827364,1.982408396,3.140495604
1619,0.1414186862,1.994993924,3.141020306
1620,0.3618562935,1.966992634,3.14150979
1621,0.3073053798,1.976249833,3.142010092
1622,1.467840313,1.3584715,3.141748029
1623,1.366740853,1.460143637,3.141611577
1624,1.511427834,1.309803765,3.141290146
1625,1.085255933,1.679946296,3.141424671
1626,1.708408123,1.039875802,3.140771735
1627,1.434066916,1.394077501,3.140555007
1628,1.752333443,0.9640163411,3.139810215
1629,1.038789067,1.709069125,3.139981073
1630,1.463473799,1.363174398,3.139727311
1631,1.909089722,0.5961345772,3.138533284
1632,0.5846479819,1.912638684,3.138954083
1633,0.1321402682,1.995629963,3.139476009
1634,0.1251993534,1.996077434,3.139997844
1635,0.6087064074,1.905118503,3.140407777
1636,0.8505445484,1.810130927,3.140701086
1637,1.083467372,1.68110037,3.140836394
1638,0.6091783726,1.90496764,3.14124488
1639,0.1895195673,1.991000335,3.141757848
1640,0.1974725717,1.990227269,3.142269249
1641,0.9579825197,1.75563934,3.142494117
1642,0.5040615353,1.935438444,3.142937712
1643,0.4292018513,1.953403637,3.143402636
1644,0.1259607579,1.996029531,3.14391885
1645,0.006560092893,1.999989241,3.144439251
1646,0.6273475286,1.899061631,3.144836386
1647,0.1099348208,1.996976298,3.145351939
1648,0.9172356806,1.777267202,3.14560023
1649,1.88317595,0.6735342167,3.144509549
1650,1.969591625,0.3474317623,3.143024916
1651,0.246381947,1.984765965,3.143525525
1652,0.4930011354,1.938285294,3.143969257
1653,1.581533053,1.224235763,3.143548509
1654,1.968268009,0.3548535536,3.14207702
1655,1.283073472,1.534184626,3.142032484
1656,1.315543405,1.506434715,3.141954487
1657,0.4603673318,1.946294407,3.142407495
1658,1.698252414,1.056380017,3.141786477
1659,0.0750076649,1.998592968,3.142302089
1660,0.03410732917,1.999709151,3.142818424
1661,1.094820402,1.673728857,3.142941626
1662,0.3658788848,1.966248367,3.14341669
1663,1.127965998,1.651572798,3.143512738
1664,1.752125781,0.9643937196,3.142782735
1665,1.698140118,1.056560523,3.14216432
1666,1.174192516,1.61903426,3.142221885
1667,0.3660749504,1.966211873,3.142695911
1668,0.6705311387,1.884247328,3.143071091
1669,0.4717433475,1.943568423,3.143516906
1670,1.562727542,1.248151685,3.143129353
1671,1.460932295,1.365897811,3.142883193
1672,1.803447257,0.8646259259,3.142037719
1673,1.834465391,0.7967036648,3.141112059
1674,0.06527094388,1.998934642,3.141623861
1675,1.11108128,1.66297877,3.141733911
1676,1.418375819,1.41003902,3.141541992
1677,1.22305765,1.582444307,3.141555914
1678,0.7172314381,1.866970558,3.141908944
1679,0.1343156674,1.995484728,3.142414638
1680,0.3654684233,1.966324701,3.142885016
1681,0.1825308288,1.991653207,3.14338497
1682,1.21361307,1.589699127,3.143406381
1683,0.1797261599,1.991908258,3.143905733
1684,1.606301346,1.191551923,3.14345395
1685,0.6317716664,1.897594414,3.143840737
1686,0.6520542157,1.890720841,3.14421891
1687,1.397139308,1.431084118,3.14405172
1688,1.554741538,1.258085351,3.143679752
1689,1.400192299,1.42809717,3.143509542
1690,0.971512135,1.748188826,3.14371834
1691,1.80044448,0.8708614559,3.142889247
1692,1.673617023,1.094991352,3.142326064
1693,1.385535549,1.442321477,3.142173859
1694,1.364138558,1.462575124,3.142045745
1695,1.945790162,0.462493943,3.140737747
1696,0.2610868891,1.98288518,3.141224205
1697,1.47868284,1.346661449,3.140960267
1698,0.5613729465,1.919599025,3.141371479
1699,1.078657568,1.684190563,3.141505093
1700,1.682939978,1.080607714,3.140928452
1701,0.8292218379,1.819997567,3.141221848
1702,0.5252878771,1.929785648,3.14164391
1703,1.543310822,1.272081643,3.14129307
1704,1.31129669,1.510132773,3.141222044
1705,1.165809411,1.625081049,3.141285939
1706,0.3556570561,1.968122978,3.141751918
1707,0.7020980483,1.872714161,3.142105565
1708,1.655249603,1.122563474,3.141580402
1709,0.4598503143,1.946416628,3.142019988
1710,0.7648250838,1.847983385,3.142343934
1711,0.530822265,1.928270656,3.142761349
1712,0.1481205914,1.994507531,3.143255656
1713,1.475328036,1.350335953,3.142997289
1714,1.849141887,0.7620198685,3.142052739
1715,0.2470621612,1.984681407,3.142535136
1716,1.446509732,1.381162407,3.142313568
1717,0.1726437447,1.992534601,3.142804398
1718,1.322642567,1.500205532,3.142721515
1719,0.6736139817,1.88314742,3.143084269
1720,0.5137940778,1.932877556,3.143504426
1721,1.539580257,1.276594153,3.143161419
1722,0.2304762801,1.986675787,3.143643527
1723,0.4002352277,1.959543764,3.144093581
1724,1.371977754,1.455224052,3.143958056
1725,1.762175934,0.9459048469,3.143232173
1726,1.74839479,0.9711414195,3.142536374
1727,1.027150535,1.716089094,3.142704088
1728,0.9115984728,1.780165224,3.142945769
1729,0.5486133704,1.923284526,3.143352723
1730,1.224561784,1.581280632,3.143363827
1731,1.179443516,1.615212987,3.143414122
1732,0.2012518945,1.989848656,3.143896965
1733,0.07986741214,1.998404663,3.144389124
1734,0.01065385412,1.999971624,3.144882524
1735,0.4182039228,1.955787688,3.145324421
1736,1.706878394,1.042384837,3.144713503
1737,0.8962284773,1.787952605,3.144961742
1738,0.1624587553,1.993390868,3.145446103
1739,1.679612352,1.085772696,3.144886069
1740,1.970666914,0.341279817,3.143470938
1741,1.347127744,1.478258043,3.143363555
1742,0.7585825148,1.850554665,3.14368373
1743,0.5297379615,1.92856882,3.144093056
1744,0.6901763057,1.877140556,3.144442934
1745,1.722724807,1.015981909,3.14380541
1746,0.4164376281,1.956164539,3.144245573
1747,0.6662164403,1.885777202,3.14460465
1748,1.305133232,1.515462717,3.144539617
1749,0.1993232696,1.990042772,3.145017344
1750,0.614272586,1.903331077,3.145395427
1751,0.3947490144,1.960656323,3.145838555
1752,1.072920388,1.687851249,3.145969756
1753,0.5657219664,1.918321833,3.146363751
1754,0.5820024958,1.913445347,3.146751737
1755,1.402235681,1.426090844,3.146583891
1756,0.4101066954,1.957501596,3.147021487
1757,1.164695013,1.625879924,3.147081099
1758,0.1375738539,1.995262748,3.147560874
1759,1.666007659,1.106534447,3.147029611
1760,1.866259531,0.7190795241,3.146058662
1761,0.9717307677,1.748067309,3.146257456
1762,1.698775973,1.05553787,3.145669952
1763,1.995231306,0.1380291125,3.144042265
1764,0.7693619227,1.846099193,3.144353011
1765,0.1124297933,1.996837385,3.144834214
1766,0.5162871782,1.932213122,3.145241684
1767,0.1088053916,1.997038154,3.145722065
1768,1.9424157,0.4764674666,3.144481801
1769,1.270244415,1.544823332,3.144450803
1770,0.2714166513,1.981497666,3.144913258
1771,1.601502291,1.197994329,3.144490375
1772,1.237747618,1.570980851,3.144488948
1773,1.441507034,1.386382874,3.144279291
1774,1.934787085,0.5065559556,3.143077956
1775,1.893597842,0.6436514693,3.142032449
1776,1.521919006,1.297598759,3.141724547
1777,0.9307504237,1.770227005,3.14194893
1778,1.115628997,1.659931306,3.142048994
1779,0.7848802506,1.839555107,3.142350883
1780,0.1956318348,1.99040905,3.142821932
1781,1.866674518,0.7180015613,3.141863584
1782,1.411746573,1.416676256,3.141690458
1783,0.218934327,1.987980825,3.142158361
1784,0.5559624611,1.921173012,3.142550843
1785,1.520513466,1.299245473,3.142246047
1786,1.532320277,1.285299409,3.141925976
1787,1.692224751,1.066009096,3.141360834
1788,0.7104285202,1.869569822,3.141695163
1789,1.216138572,1.587767922,3.141714079
1790,1.434850945,1.393270529,3.141515658
1791,1.390085911,1.437936424,3.141367337
1792,1.988860349,0.2107949547,3.139849604
1793,1.199926799,1.600054898,3.139883213
1794,1.544595484,1.270521464,3.139549411
1795,0.02830009691,1.999799766,3.140028547
1796,1.361916273,1.464644689,3.139911209
1797,0.9133454548,1.779269536,3.140144169
1798,0.9329032535,1.769093417,3.140365549
1799,1.857127874,0.7423449722,3.139445218
1800,1.814371155,0.8414614147,3.138636039
1801,0.1556232291,1.99393616,3.139107575
1802,0.2867502886,1.979336826,3.139562384
1803,0.9512854054,1.759277146,3.139772585
1804,0.04184548983,1.999562191,3.140248944
1805,0.3008549259,1.977242098,3.140700044
1806,0.04202029244,1.999558525,3.141175358
1807,1.557602162,1.254541951,3.140825556
1808,1.903742606,0.6129959956,3.139766467
1809,1.236502345,1.57196118,3.139768764
1810,1.699284418,1.054719142,3.139199521
1811,0.7675220692,1.846864877,3.139505722
1812,1.493517782,1.330189699,3.139241304
1813,0.2637391146,1.982534156,3.139696807
1814,0.6977579063,1.87433559,3.140032515
1815,1.532384423,1.28522293,3.139718693
1816,1.493343129,1.33038577,3.139454955
1817,1.397936223,1.430305672,3.139301492
1818,1.433378832,1.394784974,3.13910912
1819,1.244101883,1.565953545,3.139105161
1820,1.762547348,0.9452125939,3.138419073
1821,1.565076132,1.245205486,3.13806322
1822,0.4315701132,1.952881778,3.13848457
1823,1.727175741,1.008396728,3.137869271
1824,1.620012911,1.17284192,3.137434959
1825,0.828591794,1.820284494,3.137710648
1826,0.9600126239,1.754530069,3.137914016
1827,0.1674869664,1.99297469,3.138378184
1828,1.750199105,0.9678858891,3.137720303
1829,0.5449102739,1.924336975,3.138109015
1830,0.5169271613,1.932042005,3.138505723
1831,1.549007246,1.265138946,3.138173539
1832,0.4740594634,1.943004793,3.138581747
1833,0.07377750915,1.998638757,3.139050212
1834,0.177274465,1.992127949,3.139511065
1835,1.508474727,1.313203715,3.139231445
1836,1.470469488,1.355625127,3.138998339
1837,0.4496359187,1.948801565,3.139411298
1838,0.6529628947,1.89040722,3.139760266
1839,0.8843981557,1.793833856,3.140003826
1840,1.476149071,1.349438372,3.139764083
1841,0.6288290416,1.898571578,3.14012116
1842,1.20685488,1.594835822,3.140148061
1843,0.8100790065,1.828598371,3.140428608
1844,1.695657162,1.0605408,3.139875817
1845,0.7355894659,1.859814006,3.140190046
1846,0.06185882378,1.999043143,3.140654778
1847,0.0442689461,1.999510005,3.141119513
1848,1.066707656,1.691784495,3.141250709
1849,0.9298247558,1.770713394,3.141467137
1850,0.225758428,1.987217435,3.14191739
1851,1.322999522,1.499890751,3.141840601
1852,0.4057921557,1.958400553,3.142259046
1853,1.118804557,1.657792617,3.142352585
1854,0.1614520757,1.993472655,3.142808136
1855,0.7728377582,1.844646795,3.143102738
1856,0.4695272113,1.944104986,3.143504196
1857,0.1051762007,1.997232577,3.143962441
1858,0.9655670331,1.751479462,3.144155658
1859,1.890340642,0.6531556155,3.143167038
1860,1.493546434,1.330157528,3.14290744
1861,1.889389862,0.6559008681,3.141923504
1862,1.120385042,1.656724889,3.142015623
1863,0.5283140379,1.928959377,3.142399897
1864,1.569703363,1.23936732,3.142043854
1865,1.021221369,1.719624062,3.142203213
1866,0.1239327208,1.996156477,3.142658791
1867,1.889184318,0.6564926611,3.141678784
1868,1.226568165,1.579724829,3.141688297
1869,0.9488145589,1.760610954,3.141891365
1870,0.8681693986,1.801744126,3.142138208
1871,0.550487692,1.922748892,3.142514135
1872,0.2765634152,1.980785874,3.142951666
1873,1.497136868,1.326115077,3.142689669
1874,0.2832238956,1.979844495,3.143125634
1875,1.314286096,1.507531777,3.143057334
1876,0.07103086607,1.998738256,3.143512782
1877,1.303875714,1.516544798,3.143453952
1878,1.152314103,1.634678014,3.143520993
1879,0.4350456388,1.952110471,3.143925836
1880,0.3599532856,1.967341768,3.144346451
1881,1.773031312,0.9253971943,3.143658757
1882,1.360361199,1.466089154,3.143546387
1883,1.659535488,1.116217704,3.143062526
1884,1.072014374,1.688426837,3.143186619
1885,0.4903871943,1.938948272,3.143576386
1886,1.729223154,1.004881725,3.142975212
1887,1.090908689,1.676281072,3.143086281
1888,0.3738698833,1.964744592,3.143502808
1889,0.613516551,1.903574911,3.14385413
1890,1.583600192,1.221560655,3.143483372
1891,1.608481713,1.188606991,3.143078153
1892,0.01850162377,1.999914421,3.143530981
1893,1.28444088,1.533039995,3.143490066
1894,1.769697135,0.9317575064,3.142814261
1895,0.09659033941,1.997666215,3.143264139
1896,0.9778837207,1.744632749,3.143446629
1897,1.409450373,1.418960763,3.143285572
1898,1.144863219,1.639904939,3.143357503
1899,1.321586646,1.501135815,3.143283208
1900,0.8940057629,1.789065034,3.143512074
1901,0.8315153334,1.818950865,3.143772143
1902,0.5649563034,1.918547465,3.144136666
1903,1.009585202,1.726481312,3.144298949
1904,1.750959264,0.9665100384,3.143662774
1905,0.3520641275,1.968768867,3.144079506
1906,0.2928948693,1.978436907,3.144505946
1907,0.8140266012,1.826844463,3.144772953
1908,0.7444166427,1.85629843,3.145070555
1909,0.4943960204,1.937929972,3.145453367
1910,0.4456646815,1.949713567,3.145848118
1911,0.37662947,1.964217463,3.146257635
1912,1.546588989,1.268094042,3.145938561
1913,1.710890069,1.035787223,3.145376949
1914,1.677383745,1.089212455,3.144871749
1915,1.249039825,1.562017771,3.144860869
1916,0.290855579,1.978737737,3.145284989
1917,0.8656772173,1.80294286,3.145525261
1918,1.879331918,0.684186773,3.144598695
1919,0.04741103711,1.999437969,3.145043863
1920,0.4346267787,1.952203771,3.145439365
1921,1.397630688,1.430604229,3.145291405
1922,0.8622068841,1.804605023,3.145532778
1923,0.6410268385,1.89448795,3.145867382
1924,0.5302961656,1.928415406,3.146236906
1925,0.6557762858,1.889433106,3.146565544
1926,0.338772253,1.971099531,3.146978646
1927,0.3751570948,1.964499212,3.147384468
1928,1.254408833,1.55770937,3.147367889
1929,0.3939011154,1.960826844,3.147769281
1930,0.04067514104,1.99958634,3.148210423
1931,0.03650730864,1.999666776,3.148651191
1932,0.581262014,1.913670419,3.149002479
1933,0.5843598244,1.912726744,3.149352428
1934,0.2129275407,1.988633164,3.149780512
1935,1.235102972,1.573060917,3.149778621
1936,0.9085444691,1.781725834,3.149992295
1937,0.3457679594,1.969884392,3.150400027
1938,0.6312582913,1.897765257,3.150732911
1939,0.05295638676,1.999298782,3.151170181
1940,0.7769227987,1.842929995,3.151445794
1941,0.2007689722,1.98989744,3.151872558
1942,0.8123171631,1.827605216,3.152131743
1943,1.203233238,1.597569959,3.152153878
1944,0.2907100212,1.978759127,3.15256816
1945,0.6924841257,1.876290419,3.15287665
1946,0.3074489869,1.976227497,3.153287533
1947,0.250215419,1.984286331,3.153706272
1948,1.843898758,0.7746207908,3.152882625
1949,0.08459660865,1.998210052,3.15331543
1950,0.1039411006,1.997297236,3.153746855
1951,0.0763288039,1.998542948,3.154179115
1952,1.033761498,1.712114822,3.154317461
1953,1.317465018,1.50475444,3.154243314
1954,0.3983745687,1.959922882,3.154635127
1955,1.975698338,0.3108312697,3.153339489
1956,0.2251469613,1.987286805,3.153759343
1957,0.3233936198,1.973680969,3.154164863
1958,1.928923242,0.5284459525,3.153093733
1959,1.396529692,1.431679021,3.152945833
1960,0.337884909,1.971251833,3.153348668
1961,1.93956806,0.4879300572,3.152238271
1962,0.04420201394,1.999511486,3.152669864
1963,1.731864162,1.000323211,3.152082995
1964,0.9948652951,1.7350052,3.152244873
1965,1.588006599,1.215826896,3.15187816
1966,0.7943131074,1.835501754,3.152142211
1967,0.9607770154,1.754111606,3.152323239
1968,1.192221503,1.605804436,3.152353363
1969,0.3150165981,1.975035327,3.152758502
1970,0.8353027879,1.817214696,3.153003005
1971,1.539640515,1.276521479,3.152698611
1972,0.9744214916,1.746568853,3.152871247
1973,1.754259798,0.9605064081,3.152246889
1974,1.704739294,1.045879506,3.151709662
1975,1.055381213,1.698873301,3.151834237
1976,0.5212932055,1.930868559,3.1521935
1977,1.922874841,0.5500475834,3.151155514
1978,1.126448581,1.652608119,3.151233401
1979,1.85979474,0.7356381752,3.150384509
1980,0.3262124557,1.973217027,3.150786554
1981,0.7013157823,1.873007254,3.151087023
1982,0.7692758218,1.846135074,3.151360072
1983,0.9187674074,1.776475852,3.151562589
1984,1.810322508,0.8501367043,3.150831092
1985,0.4869294737,1.939819499,3.15119825
1986,1.659412141,1.116401069,3.150735815
1987,1.4953718,1.328105109,3.150486934
1988,0.8930461991,1.789544212,3.150702529
1989,0.6460088934,1.892794894,3.151021728
1990,0.179486847,1.991929836,3.151440239
1991,1.924396783,0.5446990186,3.150404558
1992,1.174832469,1.618569946,3.1504481
1993,1.712615253,1.032932232,3.149903903
1994,1.044936997,1.705317176,3.150034661
1995,0.4871266376,1.939769996,3.150400327
1996,0.33657501,1.97147591,3.150797397
1997,0.2461639073,1.98479302,3.151207407
1998,0.3753728056,1.964458006,3.15159665
1999,1.208343276,1.59370842,3.151614569
2000,1.662541772,1.111735066,3.151150497
2001,1.527312114,1.291246571,3.15086631
2002,1.546372014,1.268358622,3.150559543
2003,1.074494051,1.686849885,3.150670946
2004,0.1875293847,1.991188773,3.151085969
2005,0.7085075072,1.870298669,3.15137999
2006,1.026659731,1.716382765,3.151520261
2007,0.387401063,1.962121407,3.151905275
2008,1.262460961,1.551190615,3.151880612
2009,0.4765051131,1.942406465,3.152245436
2010,0.7831904945,1.840275156,3.152508275
2011,1.994974797,0.1416882401,3.151081556
2012,1.354064987,1.471906251,3.150978539
2013,0.9864316987,1.739813928,3.151141803
2014,1.074625675,1.686766036,3.151252225
2015,0.3743557058,1.964652083,3.151638355
2016,0.7552499885,1.851917238,3.151912262
2017,1.667570482,1.104177833,3.15144446
2018,1.483418556,1.341443024,3.15121227
2019,0.1560061828,1.993906234,3.151626634
2020,1.904623431,0.6102537052,3.150670634
2021,1.1878915,1.609010188,3.150703959
2022,1.483090545,1.341805662,3.150472954
2023,1.538011878,1.278483267,3.150179575
2024,0.4536750919,1.947865219,3.15054793
2025,1.849274863,0.761697105,3.149744397
2026,1.5130305,1.307952104,3.149480902
2027,1.327091253,1.496271635,3.149403479
2028,0.8508131676,1.810004683,3.149635533
2029,0.9611052398,1.753931788,3.149812087
2030,1.930052002,0.5243083709,3.148777015
2031,0.0474408712,1.999437262,3.149195576
2032,1.811182787,0.8483023701,3.148480719
2033,0.04841307774,1.999413958,3.148898991
2034,1.096683697,1.672508556,3.148995411
2035,1.556837877,1.255490273,3.14868189
2036,1.782767627,0.9064985311,3.148025856
2037,1.230928689,1.576329459,3.148028131
2038,1.597043935,1.203931339,3.147664948
2039,0.1737406488,1.992439256,3.148075548
2040,0.6450456428,1.893123377,3.148388377
2041,1.27260408,1.542880052,3.148357692
2042,0.8403064086,1.814906372,3.148593468
2043,0.4887457688,1.939362672,3.148950851
2044,1.303256129,1.517077276,3.148894688
2045,1.186048969,1.610368853,3.148929819
2046,1.292597717,1.526168779,3.148882609
2047,1.012649838,1.724685567,3.149029403
2048,1.733666636,0.9971960668,3.148465616
2049,0.8545587874,1.808239276,3.148694026
2050,0.3608904017,1.967170079,3.149077268
2051,0.7976339291,1.834061099,3.149330337
2052,0.9115652031,1.78018226,3.149530646
2053,0.2071417656,1.98924415,3.149934425
2054,1.186680072,1.60990385,3.149968443
2055,1.938679138,0.4914501007,3.148913909
2056,0.7143003408,1.868093955,3.149199548
2057,0.3902404039,1.961558673,3.149575784
2058,0.2324620464,1.986444411,3.149975839
2059,0.918641342,1.776541045,3.150171617
2060,0.757611633,1.850952353,3.150439448
2061,0.3334908188,1.971999968,3.150824485
2062,1.755109866,0.9589522188,3.150226561
2063,0.696676393,1.874737849,3.150517035
2064,0.9493356997,1.760330006,3.150696368
2065,0.2115129708,1.988784117,3.15109679
2066,0.411368757,1.957236763,3.151466285
2067,1.371681312,1.455503479,3.151349953
2068,0.4570482359,1.947076503,3.151709142
2069,0.9366785369,1.767097428,3.151894007
2070,1.38254875,1.445184748,3.151767667
2071,1.395354254,1.43282466,3.151629512
2072,0.5660417204,1.918227508,3.151960026
2073,0.5964051962,1.909005197,3.152281324
2074,1.719029389,1.02222207,3.151747169
2075,0.4805914841,1.94139945,3.152099483
2076,1.587387216,1.216635454,3.151753227
2077,0.3279240856,1.972933297,3.152135563
2078,1.217217829,1.586940691,3.152146028
2079,1.7249458,1.012206495,3.151603588
2080,0.5034345691,1.935601621,3.151949549
2081,1.362278883,1.464307428,3.151842228
2082,1.888598404,0.6581763195,3.150960629
2083,1.633384869,1.154146381,3.150556084
2084,0.4522324842,1.948200652,3.150913975
2085,0.2335482592,1.986316997,3.151308085
2086,1.574836822,1.232837777,3.150979403
2087,1.276452703,1.539697534,3.150945102
2088,0.7460872731,1.855627598,3.15121345
2089,1.556625572,1.255753491,3.150907224
2090,1.723938664,1.013920847,3.150369872
2091,0.6113112126,1.904284275,3.150684649
2092,1.3654262,1.461373085,3.150575692
2093,0.04224809765,1.999553725,3.150981106
2094,0.1196490437,1.996417819,3.151383138
2095,1.253481077,1.558456027,3.151366684
2096,1.289374649,1.528892742,3.151322036
2097,1.031113608,1.713710806,3.1514537
2098,0.7607759819,1.849653996,3.151714832
2099,1.08488229,1.680187613,3.151814241
2100,1.077024371,1.685235445,3.151918364
2101,1.325870581,1.497353399,3.151843537
2102,0.04702475675,1.999447092,3.15224651
2103,1.024999662,1.717374652,3.152380844
2104,1.507756494,1.314028292,3.15213164
2105,1.712545114,1.033048514,3.151615709
2106,0.8205093356,1.823942003,3.151851354
2107,1.302246328,1.51794417,3.151796317
2108,0.2303338656,1.986692304,3.152186065
2109,0.5977676051,1.908579024,3.152501367
2110,1.02784617,1.715672536,3.15263352
2111,0.3859813559,1.96240118,3.152999304
2112,1.941670058,0.479497013,3.151960475
2113,0.7685710435,1.846428594,3.152216461
2114,0.1350758392,1.995433416,3.152613173
2115,1.222146776,1.583147896,3.152619643
2116,0.1538130425,1.994076615,3.153014507
2117,1.304369096,1.516120464,3.152957458
2118,1.333566563,1.490503345,3.152876272
2119,1.017230022,1.721988119,3.153013648
2120,0.7922470793,1.836394447,3.153258825
2121,0.9899914485,1.737790819,3.153410793
2122,1.853510392,0.7513316346,3.152632872
2123,1.220755725,1.584220774,3.152640319
2124,0.1475293234,1.994551353,3.153034133
2125,0.4871137604,1.93977323,3.153376021
2126,0.1162699314,1.996617465,3.153771063
2127,1.33441639,1.489742561,3.153689123
2128,1.012574895,1.724729568,3.153828113
2129,1.686821894,1.074537992,3.153356177
2130,1.357786975,1.468473538,3.153254576
2131,0.5197442023,1.931286091,3.153587433
2132,0.5857120352,1.912313105,3.153902179
2133,0.02649723088,1.999824466,3.154298685
2134,0.006929010953,1.999987997,3.154694972
2135,0.6002260183,1.907807309,3.155004537
2136,1.31526951,1.506673858,3.154938218
2137,0.7387506427,1.858560596,3.155201289
2138,1.814658855,0.8408407945,3.154512084
2139,0.3972830633,1.960144425,3.154870091
2140,0.1146741675,1.996709752,3.155261937
2141,0.351360932,1.968894486,3.155627433
2142,0.4589822652,1.946621504,3.155971791
2143,1.664281544,1.109128912,3.15553422
2144,0.5265642862,1.929437756,3.155862271
2145,1.3184869,1.503859134,3.155793207
2146,0.473078363,1.943243902,3.156133698
2147,1.137428437,1.645070379,3.156196114
2148,0.7892244283,1.837695514,3.156437825
2149,0.5510676848,1.922582744,3.156758312
2150,1.344245238,1.480879718,3.156667615
2151,0.06636078405,1.998898758,3.157058657
2152,1.904241946,0.611443055,3.156159877
2153,0.03177107604,1.999747634,3.15655158
2154,1.895307484,0.6385996727,3.155679086
2155,1.811038743,0.8486098469,3.155002307
2156,0.5833728129,1.913028008,3.155313556
2157,0.01243998389,1.999961311,3.155705122
2158,0.7666870463,1.847211675,3.15595476
2159,1.813028762,0.8443498727,3.155275161
2160,0.09478531266,1.997752674,3.155664156
2161,0.7573898454,1.851043117,3.155917012
2162,1.793130109,0.8858241429,3.15527674
2163,0.2722992257,1.981376575,3.155650053
2164,1.575218311,1.232350305,3.155330761
2165,1.528594585,1.289728109,3.155064768
2166,1.58064689,1.2253797,3.154739604
2167,1.574381359,1.233419368,3.15442216
2168,1.569187939,1.240019843,3.154111098
2169,1.551300966,1.26232536,3.15382089
2170,0.5452554399,1.924239202,3.154141009
2171,0.3954996714,1.96050504,3.154494242
2172,1.368059329,1.458908384,3.154385274
2173,0.4912091353,1.938740206,3.154718038
2174,0.03080285723,1.999762782,3.155106634
2175,1.49100612,1.333004408,3.154881761
2176,1.758393482,0.9529178154,3.154307751
2177,0.5067803744,1.934728315,3.154636253
2178,0.4243609691,1.954460992,3.154982573
2179,0.4917265139,1.938609047,3.155314026
2180,1.592054669,1.210521347,3.154977204
2181,0.2778665594,1.980603488,3.155346865
2182,1.679070908,1.086609812,3.154896761
2183,0.3505902655,1.96903186,3.155255518
2184,1.024983412,1.71738435,3.1553835
2185,0.9900744702,1.737743521,3.155530001
2186,1.86346177,0.726298996,3.154750983
2187,1.061399695,1.695119667,3.15485866
2188,0.279374387,1.980391363,3.155226998
2189,1.19236205,1.605700078,3.15525266
2190,1.267831647,1.546804098,3.155224512
2191,1.39766472,1.430570981,3.155090289
2192,1.142523908,1.641535598,3.155148674
2193,1.750968106,0.9664940204,3.154591373
2194,1.291667188,1.526956409,3.154545485
2195,0.1006578387,1.997465394,3.154928349
2196,1.811851523,0.8468731076,3.154262965
2197,1.471678222,1.354312819,3.154060126
2198,1.526141049,1.292630457,3.153801346
2199,0.1069292325,1.997139489,3.154183555
2200,0.3455874586,1.969916066,3.154540668
2201,0.7652207318,1.847819588,3.15478651
2202,0.1266886602,1.995983463,3.155166701
2203,0.2698494831,1.981711699,3.15553359
2204,1.966730935,0.3632759688,3.154431511
2205,1.176878775,1.617082666,3.154467672
2206,1.688485541,1.071921908,3.154009546
2207,1.491955932,1.331941252,3.153787468
2208,0.9778661583,1.744642593,3.153939414
2209,1.987658754,0.221839306,3.152712497
2210,0.1459961018,1.994664167,3.153091056
2211,0.8825027055,1.794767109,3.153288452
2212,1.045926514,1.704710453,3.153404245
2213,1.853361022,0.7517000206,3.152658649
2214,0.7178950205,1.866715495,3.152920967
2215,0.1029542813,1.997348346,3.153301001
2216,0.2413982798,1.985378269,3.153669889
2217,0.6979856807,1.874250781,3.153938194
2218,0.6179466525,1.902141408,3.154231406
2219,1.835199655,0.7950108343,3.153526489
2220,0.008442649864,1.99998218,3.153907768
2221,0.939937279,1.765366226,3.154077432
2222,0.4702461261,1.943931218,3.154407668
2223,1.512554786,1.308502205,3.154165921
2224,0.5282089347,1.92898816,3.154482383
2225,0.12741055,1.995937512,3.154858739
2226,1.476949137,1.34856266,3.154653109
2227,0.4289303715,1.953463267,3.154990905
2228,1.131412397,1.649213749,3.155055285
2229,1.330352842,1.493372464,3.154979775
2230,1.746038721,0.9753711015,3.154439758
2231,1.312083908,1.509448846,3.154379004
2232,1.740588828,0.9850637204,3.153848426
2233,0.9280548885,1.771641647,3.154022826
2234,0.9826339783,1.741961671,3.154170498
2235,0.1790548499,1.991968715,3.154541758
2236,1.111660919,1.662591352,3.154618074
2237,1.553538585,1.259570508,3.154333998
2238,0.7351271022,1.859996813,3.15458675
2239,1.676832503,1.090060895,3.154151527
2240,0.3351463453,1.971719282,3.154503887
2241,1.464738072,1.361815839,3.15431162
2242,0.7740675698,1.844131068,3.154549778
2243,1.620556683,1.172090455,3.15418849
2244,0.04135059913,1.999572486,3.15456503
2245,1.668224345,1.103189709,3.154142676
2246,1.133794065,1.647577318,3.154205459
2247,0.8328565897,1.818337125,3.154420176
2248,1.827450499,0.8126651676,3.153739976
2249,1.897549878,0.6319054198,3.152899634
2250,0.2457812932,1.984840436,3.153262648
2251,1.881819119,0.6773158815,3.152463612
2252,1.798843687,0.874163252,3.151840105
2253,1.395072573,1.433098921,3.151713322
2254,1.958365516,0.4059612144,3.15067526
2255,1.664846017,1.108281436,3.15026102
2256,1.504576879,1.317667794,3.150032773
2257,1.308793036,1.512303141,3.1499772
2258,1.897383721,0.6324041541,3.149142316
2259,0.8356479672,1.817055991,3.149356999
2260,0.6736437928,1.883136756,3.149629971
2261,1.932168543,0.5164539879,3.148693783
2262,0.8030656083,1.831689283,3.148921318
2263,1.806528291,0.8581698756,3.148288273
2264,0.7617636495,1.849247453,3.148531297
2265,1.210241184,1.592267652,3.148547193
2266,0.7284382843,1.86262655,3.148801697
2267,0.5466340703,1.923848017,3.149109987
2268,0.9340112775,1.768508675,3.149281022
2269,1.026151196,1.716686845,3.149406228
2270,1.230576755,1.576604215,3.149407903
2271,1.264113034,1.549844585,3.14938601
2272,0.3142622018,1.975155505,3.14973853
2273,1.797206907,0.8775234083,3.149124939
2274,0.6077112297,1.905436187,3.149415945
2275,0.07475466518,1.998602447,3.1497886
2276,1.272953166,1.542592051,3.149760215
2277,0.6193220389,1.901694037,3.150047271
2278,1.814197115,0.8418365808,3.14940356
2279,1.236570077,1.571907899,3.149401108
2280,0.6330492481,1.897168588,3.149683975
2281,0.1098795096,1.996979342,3.150054108
2282,1.462396024,1.364330557,3.149869449
2283,1.456418561,1.370709661,3.14969054
2284,0.931423512,1.769872945,3.149861317
2285,0.02441458639,1.999850976,3.150233238
2286,0.8370244318,1.816422335,3.150444354
2287,0.7094981597,1.86992309,3.150702073
2288,1.241653854,1.567895311,3.150695556
2289,1.844333311,0.7735855726,3.149995021
2290,0.3773521821,1.964078749,3.15033483
2291,1.291628402,1.526989217,3.150292771
2292,1.106894917,1.665768184,3.150371848
2293,0.3688266947,1.965697553,3.15071246
2294,0.2236514162,1.987455671,3.151071744
2295,1.703708737,1.047557416,3.150611632
2296,0.978017826,1.744557575,3.150759064
2297,0.4274403803,1.953789835,3.151088546
2298,0.1714394058,1.992638585,3.151451553
2299,1.435291715,1.39281646,3.151292432
2300,1.008129893,1.727331502,3.151424332
2301,0.8626204987,1.804407347,3.151623111
2302,0.8702116766,1.800758628,3.151818547
2303,1.291478215,1.527116243,3.151776174
2304,1.196892108,1.60232621,3.151799124
2305,0.5861134865,1.912190101,3.152090916
2306,0.2130570168,1.988619297,3.152448742
2307,0.3705296404,1.965377263,3.152786109
2308,1.230409234,1.576734954,3.152786406
2309,0.9455113653,1.762387091,3.152947509
2310,0.313145637,1.975332835,3.153292841
2311,0.8617779799,1.804809883,3.1534903
2312,0.8659777807,1.802798514,3.153685848
2313,0.7265730475,1.863354933,3.153933589
2314,0.3341761382,1.971883949,3.154274917
2315,0.252277306,1.984025242,3.15462644
2316,0.9044337861,1.783816001,3.154804767
2317,0.2611289253,1.982879644,3.155154769
2318,1.437283155,1.39076135,3.154993582
2319,1.103076893,1.668298944,3.155071893
2320,1.746287791,0.9749251,3.154552401
2321,1.00611248,1.728507355,3.154682717
2322,0.4118843188,1.957128332,3.155009837
2323,0.8936665727,1.789234489,3.155192127
2324,0.390648762,1.961477388,3.15552249
2325,1.380266883,1.447364271,3.15541032
2326,0.9744223721,1.746568361,3.155555516
2327,0.1277058911,1.995918637,3.155914898
2328,1.038207229,1.709422637,3.156027841
2329,1.122149401,1.655530345,3.156094407
2330,0.2442432987,1.98503028,3.156443749
2331,1.972829191,0.3285498163,3.155371529
2332,0.3017210078,1.977110122,3.155714089
2333,0.765076219,1.847879428,3.15594557
2334,1.401059151,1.42724674,3.155816413
2335,1.95013043,0.443837025,3.154845046
2336,0.8772996676,1.797316136,3.155033311
2337,1.332957451,1.491048099,3.154959311
2338,1.660571312,1.11467615,3.154563414
2339,1.692928812,1.064890622,3.154125286
2340,1.079953331,1.683359974,3.154216138
2341,1.352587328,1.47326424,3.154127421
2342,0.2402437866,1.985518301,3.154476229
2343,0.5869433949,1.911935525,3.154761929
2344,1.750813957,0.9667732356,3.154240933
2345,1.474483412,1.35125818,3.154048299
2346,0.3852416222,1.962546533,3.154376963
2347,1.107805865,1.665162504,3.15445193
2348,0.07652767676,1.998535342,3.154810797
2349,1.849595731,0.7609176246,3.154115618
2350,1.537676995,1.278886022,3.153861855
2351,0.6695621109,1.884591887,3.154123582
2352,0.9036179285,1.784229424,3.154299745
2353,0.5252429602,1.929797874,3.154599489
2354,0.3053073615,1.976559489,3.154938707
2355,1.457264821,1.369809929,3.154762351
2356,1.210740162,1.591888269,3.154774666
2357,1.064908782,1.692917389,3.154872697
2358,0.4373409049,1.951597534,3.155190052
2359,0.3238898575,1.973599595,3.155525791
2360,0.7180777866,1.866645197,3.155770607
2361,1.711866684,1.034172353,3.155310028
2362,1.814277348,0.8416636526,3.154686835
2363,0.6707644603,1.884164281,3.154946522
2364,1.910230834,0.5924678549,3.154113184
2365,0.9477700013,1.761173479,3.154268886
2366,1.065835029,1.692334391,3.154366265
2367,1.047841872,1.703533801,3.154473025
2368,1.829035487,0.8090915824,3.153824254
2369,1.244595722,1.565561078,3.153814671
2370,0.7646907828,1.848038962,3.154043474
2371,1.823315172,0.8219013212,3.153406511
2372,1.062764415,1.694264383,3.153505635
2373,0.7654968301,1.847705226,3.153733998
2374,0.1054596983,1.997217628,3.154088126
2375,0.9881147717,1.738858591,3.154224391
2376,0.656311882,1.889247129,3.154487131
2377,1.377003026,1.450469809,3.154380464
2378,0.8499328745,1.810418214,3.154576619
2379,1.282505667,1.534659315,3.154540781
2380,1.795619135,0.8807678021,3.153955485
2381,0.3594147838,1.967440218,3.154283466
2382,1.788726436,0.8946830371,3.153710453
2383,0.4432832427,1.950256385,3.154023841
2384,0.565079915,1.918511061,3.154310333
2385,1.191382059,1.606427337,3.15433488
2386,1.276015419,1.540059951,3.154303776
2387,0.830907647,1.81922854,3.154506605
2388,0.446422832,1.949540114,3.154818403
2389,0.219263186,1.987944581,3.155162091
2390,1.8342746,0.7971428311,3.154509005
2391,1.293434723,1.525459478,3.15446568
2392,0.5852837927,1.912444217,3.154745957
2393,1.1166484,1.659245718,3.154814384
2394,1.701381614,1.051332774,3.15437489
2395,1.351130503,1.474600408,3.154289222
2396,1.145740289,1.639292284,3.154341098
2397,1.918604042,0.5647641374,3.15349637
2398,1.633949364,1.153347076,3.153143242
2399,1.349315328,1.476261544,3.153059615
2400,0.6175774633,1.902261306,3.153331058
2401,1.887414469,0.6615637696,3.152568791
2402,1.252454752,1.559280954,3.152554633
2403,0.333160107,1.972055867,3.152884037
2404,0.6020548069,1.90723098,3.153159236
2405,0.9065755655,1.782728455,3.153330669
2406,1.357241935,1.468977307,3.153241153
2407,0.4807114665,1.941369745,3.153544227
2408,0.7392926054,1.858345082,3.153778091
2409,0.3463195931,1.969787486,3.154104283
2410,1.22171517,1.583480989,3.154109618
2411,0.9904720507,1.73751694,3.154242727
2412,1.974432225,0.3187748247,3.153199322
2413,0.842638508,1.813824783,3.153395944
2414,1.637915569,1.147707537,3.153040526
2415,0.5026300865,1.935810682,3.153338075
2416,0.1367470084,1.995319587,3.15368464
2417,1.360255934,1.466186821,3.153593075
2418,1.43562975,1.392468032,3.153440612
2419,1.427221339,1.401085025,3.153295398
2420,0.573072918,1.916138677,3.15357597
2421,0.1700438182,1.992758164,3.153919605
2422,0.3501444749,1.969111182,3.154243429
2423,0.5436065497,1.924705671,3.154530333
2424,0.818291176,1.824938232,3.154734683
2425,0.6239154587,1.900191964,3.155000931
2426,0.5314004602,1.928111395,3.155289975
2427,0.1901515445,1.990940077,3.155630556
2428,0.2361702553,1.986006951,3.155966793
2429,1.008501355,1.727114651,3.156089585
2430,0.4036351001,1.958846269,3.156403002
2431,0.889412214,1.791353096,3.156578363
2432,0.9677119376,1.750295291,3.156719816
2433,1.173355713,1.619640815,3.15675375
2434,0.359591165,1.967407989,3.157073414
2435,1.338827045,1.485779978,3.156997228
2436,0.4114202278,1.957225944,3.15730817
2437,1.32649868,1.496796997,3.157240991
2438,0.3400809151,1.970874164,3.157562774
2439,1.301598524,1.518499681,3.157513343
2440,0.8275873346,1.820741388,3.157711691
2441,1.296362097,1.522972525,3.157665904
2442,1.128566086,1.651162799,3.157725142
2443,0.6961115716,1.874947647,3.157967537
2444,0.499637057,1.936585348,3.158260173
2445,0.2654665952,1.982303581,3.158589967
2446,1.359696778,1.46670538,3.158497907
2447,1.793493815,0.8850875295,3.15793055
2448,0.9016591595,1.785220087,3.158099059
2449,0.2615781424,1.982820434,3.158428802
2450,0.5648964806,1.91856508,3.158705823
2451,1.889956361,0.6542667295,3.157950959
2452,1.250373515,1.560950375,3.157936257
2453,0.753614657,1.852583318,3.158159343
2454,0.3395705346,1.970962164,3.158478725
2455,1.994765401,0.1446063481,3.157309982
2456,0.9964310953,1.734106419,3.157436571
2457,0.5206721643,1.93103612,3.157723358
2458,1.629859367,1.159119684,3.157381826
2459,0.9831969524,1.74164398,3.157514362
2460,0.9263730605,1.772521637,3.157671894
2461,0.1146738786,1.996709769,3.158011491
2462,0.8216364892,1.823434528,3.158210052
2463,1.814262323,0.8416960403,3.157611263
2464,1.230546498,1.57662783,3.157609495
2465,1.648636203,1.132253801,3.157247182
2466,1.212104912,1.590849359,3.157257098
2467,0.1745089958,1.992372106,3.15759252
2468,1.278471835,1.53802138,3.157559477
2469,0.7661212573,1.847446405,3.157777109
2470,1.893488723,0.6439724041,3.157020092
2471,1.057034719,1.697844988,3.157116681
2472,0.2525336632,1.983992628,3.157444702
2473,0.9822068432,1.742202548,3.157576914
2474,0.8615802403,1.804904288,3.157759708
2475,1.855088753,0.7474260615,3.157087826
2476,0.4220789427,1.95495508,3.157391874
2477,1.956601074,0.4143817523,3.156451773
2478,1.395789931,1.432400247,3.156334077
2479,1.470210608,1.355905885,3.156154762
2480,0.6065011314,1.905821707,3.156419072
2481,1.034515612,1.711659268,3.156526649
2482,0.5855003376,1.912377932,3.156795879
2483,0.7437569761,1.856562835,3.157019935
2484,0.02513272964,1.99984208,3.157359172
2485,0.2741690658,1.981118705,3.157683066
2486,0.7446573931,1.856201866,3.157906204
2487,1.728854587,1.005515696,3.157445056
2488,1.360515259,1.46594619,3.1573544
2489,0.6426187202,1.893948569,3.157607732
2490,0.5489141997,1.92319869,3.157884354
2491,1.389671445,1.438336982,3.157771464
2492,0.8698700967,1.800923656,3.157949664
2493,0.6854748274,1.878862491,3.158190248
2494,1.146017316,1.639098627,3.158238366
2495,1.258623857,1.554305629,3.158218476
2496,1.754355027,0.9603324629,3.157722661
2497,0.02369055464,1.999859684,3.158059864
2498,1.328248289,1.495244623,3.157992782
2499,0.9762212825,1.745563522,3.158126089
2500,0.8864063522,1.792842374,3.158297113
2501,0.2592970277,1.98312003,3.158620161
2502,1.680413464,1.08453243,3.158224655
2503,1.901833934,0.6188923067,3.1574574
2504,0.2016868183,1.98980462,3.157785735
2505,1.349755039,1.475859524,3.157703473
2506,1.415971485,1.412453451,3.157570673
2507,1.784563916,0.9029571589,3.15703152
2508,1.940648665,0.4836142654,3.156158393
2509,1.726799384,1.009041073,3.155704795
2510,0.4573803085,1.946998524,3.155998936
2511,0.6024327862,1.907111622,3.156261072
2512,0.8286432299,1.82026108,3.156453851
2513,0.5960032565,1.909130723,3.156717205
2514,0.2794720709,1.980377581,3.157037029
2515,0.9118776713,1.780022222,3.15719727
2516,1.808448297,0.8541163609,3.15662137
2517,1.679532486,1.085896233,3.156230099
2518,0.2997327637,1.977412519,3.156547254
2519,0.3163770928,1.974817849,3.156862096
2520,0.2759107925,1.980876885,3.157181498
2521,0.2210747213,1.987743939,3.157506094
2522,0.7505089489,1.85384366,3.157724247
2523,1.682705034,1.080973528,3.157329567
2524,1.820958204,0.827110162,3.15673404
2525,1.546839522,1.267788426,3.156488037
2526,0.2976919289,1.977720788,3.156804329
2527,0.8273349487,1.820856085,3.15699622
2528,1.873595305,0.6997432612,3.156301003
2529,0.826870509,1.821067039,3.156493107
2530,0.7265798223,1.863352291,3.156718487
2531,1.621652849,1.170573379,3.156396254
2532,1.110250226,1.663533719,3.15646366
2533,0.9910284441,1.73719965,3.156589177
2534,1.857008178,0.7426443477,3.155929627
2535,0.2855465569,1.97951084,3.156246429
2536,1.233739391,1.57413059,3.15624328
2537,1.593716982,1.208331983,3.155951763
2538,0.8235500913,1.822571054,3.156144509
2539,0.8379585913,1.815991575,3.156331921
2540,0.4957805251,1.937576236,3.156614921
2541,0.7146374821,1.867965008,3.156842908
2542,0.9420465624,1.764241558,3.156989108
2543,0.2367804112,1.985934298,3.157309548
2544,1.583311288,1.22193509,3.157029108
2545,1.67312725,1.09573957,3.156649717
2546,1.305971874,1.514740065,3.156599769
2547,0.4759177837,1.942550453,3.156885792
2548,0.449972209,1.948723944,3.157176436
2549,0.8403810009,1.814871834,3.15736183
2550,0.4826199528,1.94089618,3.15764592
2551,1.588370409,1.215351572,3.157360956
2552,1.476646557,1.348893972,3.157180873
2553,1.693072023,1.064662917,3.156778266
2554,0.402203457,1.959140725,3.157076427
2555,0.6504431754,1.891275674,3.157321231
2556,0.9378860652,1.766456829,3.157468177
2557,1.281753108,1.535287911,3.157434194
2558,0.5231004683,1.930379729,3.157709146
2559,0.3269893693,1.97308843,3.158017261
2560,1.112472019,1.662048738,3.158082136
2561,1.248226597,1.562667707,3.15806935
2562,1.560907286,1.250427304,3.157812825
2563,1.697484618,1.057613337,3.157406042
2564,1.834812512,0.7959039176,3.156795434
2565,1.118349096,1.658099907,3.15685758
2566,1.763155743,0.9440772352,3.156363152
2567,0.2877775508,1.979187733,3.156675584
2568,0.3175176232,1.974634791,3.156984226
2569,0.3878556317,1.962031602,3.157282817
2570,0.6524936146,1.890569248,3.157525562
2571,1.274531832,1.541287971,3.15749641
2572,1.339654886,1.485033598,3.157423537
2573,0.3640741669,1.966583332,3.157725031
2574,1.141558702,1.642206969,3.157774249
2575,0.1627923529,1.993363652,3.158096173
2576,1.240422993,1.568869274,3.15808827
2577,1.578739786,1.227835774,3.157815699
2578,0.2399398567,1.985555052,3.158131174
2579,1.570277752,1.238639488,3.157867175
2580,0.08848689445,1.998041559,3.158192065
2581,1.048884005,1.702892347,3.158287994
2582,0.8067328932,1.830077058,3.158482365
2583,0.8301088838,1.819593153,3.158668468
2584,1.339648494,1.485039364,3.158595484
2585,1.442794456,1.385043017,3.158445191
2586,0.1437326005,1.994828549,3.158766618
2587,0.138902365,1.995170703,3.159088062
2588,0.09374779329,1.99780163,3.15941129
2589,0.5104086597,1.933774289,3.159684808
2590,1.662127454,1.112354407,3.159323813
2591,1.938028137,0.4940110744,3.158485797
2592,0.6155398755,1.902921612,3.158735549
2593,1.713785852,1.030988872,3.15831258
2594,0.530102144,1.928468749,3.158581903
2595,0.9893141301,1.738176502,3.158704359
2596,0.7078983083,1.870529333,3.158928686
2597,0.3427677424,1.970408657,3.15922976
2598,1.603668821,1.195092596,3.158933746
2599,1.936130148,0.5013980946,3.158104143
2600,1.498566911,1.324498853,3.157908333
2601,0.6237026379,1.900261829,3.158155398
2602,1.548823031,1.265364461,3.157914265
2603,1.97881848,0.290305743,3.156924137
2604,0.04115890275,1.999576441,3.157247574
2605,1.42814641,1.400142075,3.157110544
2606,1.968968459,0.3509461613,3.156168403
2607,0.9929660998,1.736092833,3.156289622
2608,0.4409609371,1.950782779,3.156575387
2609,1.010370086,1.7260221,3.156688637
2610,1.736785546,0.9917539852,3.156239143
2611,0.8359867513,1.816900149,3.156422046
2612,0.2973591943,1.977770844,3.156727988
2613,0.6086152592,1.905147623,3.156978109
2614,0.8402791793,1.814918979,3.157159004
2615,1.426391515,1.401929829,3.157023899
2616,1.1690095,1.622780573,3.157057744
2617,0.3354032728,1.971675593,3.1573582
2618,0.7753880352,1.843576251,3.157560566
2619,1.775399,0.9208465614,3.157058135
2620,0.1538912455,1.994070582,3.157375342
2621,0.2884727519,1.979086524,3.157680873
2622,1.976477447,0.305838032,3.156709857
2623,0.2069131534,1.989267942,3.157023172
2624,1.711034195,1.035549122,3.156609329
2625,1.407498988,1.420896407,3.156489399
2626,1.156473159,1.631738286,3.15653014
2627,0.9778039966,1.744677433,3.156656834
2628,0.5153325377,1.932467949,3.156926347
2629,1.169747977,1.622248338,3.156959656
2630,0.6545249879,1.889866937,3.157196453
2631,0.07458911137,1.998608632,3.157515731
2632,1.800461345,0.8708265874,3.156977789
2633,0.1483334002,1.994491715,3.157293781
2634,1.144768935,1.639970758,3.157340344
2635,0.1379536835,1.995236523,3.157656523
2636,1.885393094,0.6673026909,3.156964926
2637,1.852742152,0.7532240828,3.156339019
2638,1.916199796,0.5728685212,3.15557685
2639,1.116558656,1.65930611,3.155638629
2640,1.794002269,0.8840564792,3.155113051
2641,1.419596794,1.408809761,3.154985261
2642,1.966883935,0.3624466665,3.154065468
2643,0.2217891785,1.987664348,3.1543762
2644,1.469593746,1.356574444,3.154209321
2645,1.145128228,1.639719897,3.154256667
2646,1.363077165,1.463564362,3.154170829
2647,0.7958751994,1.834824969,3.15436557
2648,1.092906294,1.674979353,3.154439434
2649,1.243807808,1.566187133,3.154431105
2650,1.83364407,0.7985921524,3.153843464
2651,1.761435434,0.9472830689,3.153368445
2652,0.316473568,1.97480239,3.153668685
2653,1.404173461,1.424182886,3.153553606
2654,0.2362063714,1.986002656,3.15386199
2655,0.6704982854,1.884259019,3.154093499
2656,0.2386156904,1.98571462,3.154401231
2657,0.6309987383,1.897851573,3.154642594
2658,1.276960547,1.539276376,3.154613968
2659,0.5644780619,1.918688228,3.154870742
2660,1.830238475,0.8063666191,3.154290991
2661,1.180191233,1.614666731,3.154319192
2662,0.8828224065,1.794609874,3.154482565
2663,0.2419380544,1.985312564,3.15478904
2664,0.07296401849,1.99866862,3.155105312
2665,1.01959007,1.720591784,3.155212658
2666,1.563165001,1.247603775,3.154965095
2667,1.613109336,1.182319021,3.154668759
2668,0.5315409821,1.928072661,3.154931681
2669,1.828787976,0.8096508736,3.154356323
2670,1.855163433,0.7472406819,3.153734647
2671,1.681710422,1.082520233,3.153364489
2672,1.371601561,1.455578633,3.153273842
2673,1.839452041,0.7851217674,3.152681612
2674,1.355446006,1.470634599,3.15260255
2675,1.709158878,1.038641387,3.152200561
2676,1.53196478,1.285723109,3.151983538
2677,1.38363568,1.444144143,3.151885034
2678,1.879406741,0.6839812134,3.151218894
2679,1.629315032,1.159884704,3.150908536
2680,0.4114668388,1.957216146,3.151193433
2681,1.686902085,1.074412098,3.150819554
2682,0.7083388358,1.870362557,3.151039504
2683,1.928867954,0.5286477232,3.15025913
2684,0.7995998426,1.833204869,3.150451436
2685,1.611945577,1.183905173,3.15015995
2686,0.3840268254,1.962784603,3.150448635
2687,0.4391408136,1.951193313,3.150728478
2688,0.7663591441,1.847347737,3.150930847
2689,0.2477346689,1.984597575,3.151235148
2690,0.7928350079,1.836140695,3.151428845
2691,1.211515935,1.591297942,3.151440427
2692,1.759567596,0.9507480615,3.150976109
2693,1.843393044,0.7758234881,3.150382225
2694,0.6044441105,1.906475103,3.150628167
2695,1.785474579,0.9011551066,3.150127864
2696,1.257694441,1.555057778,3.150113022
2697,0.8253924031,1.821737462,3.150295952
2698,0.3845373127,1.962684655,3.150583229
2699,0.9541978112,1.757699217,3.150718396
2700,0.9592326014,1.754956642,3.150851431
2701,0.02126965045,1.999886897,3.15116573
2702,1.147789849,1.637857888,3.151211826
2703,0.07782040537,1.998485423,3.151524722
2704,0.7568078684,1.851281138,3.151728508
2705,1.122294028,1.655432304,3.151787339
2706,0.6223153004,1.900716619,3.152027415
2707,0.4947399622,1.937842194,3.152294743
2708,0.3228489158,1.973770143,3.152588408
2709,1.732310537,0.9995500002,3.15216261
2710,0.15319156,1.994124456,3.152471128
2711,1.911729267,0.587614848,3.151741788
2712,0.2451492068,1.984918604,3.152043446
2713,1.338632699,1.485955079,3.151977049
2714,1.669696197,1.100960767,3.151626992
2715,0.3289093731,1.972769278,3.151919409
2716,1.805942675,0.8594015685,3.151391752
2717,1.5796691,1.226639937,3.15113481
2718,1.441821492,1.386055838,3.150995361
2719,0.602821034,1.906988936,3.151239194
2720,0.07046864597,1.998758157,3.151550325
2721,0.6082166105,1.905274929,3.151792515
2722,0.412731503,1.956949848,3.152072496
2723,1.269587859,1.545362957,3.152049967
2724,1.574621955,1.2331122,3.151798195
2725,0.01853950105,1.99991407,3.152109399
2726,0.6771097179,1.88189331,3.152333785
2727,1.510474879,1.310902605,3.152139239
2728,1.123237141,1.654792532,3.152196953
2729,0.8008100095,1.832676548,3.152384992
2730,1.892121996,0.6479771235,3.15170498
2731,1.444825509,1.382924166,3.151563693
2732,1.164784712,1.625815664,3.151600321
2733,0.5476426988,1.923561144,3.151854811
2734,1.110365716,1.663456635,3.151918841
2735,0.1615369184,1.993465782,3.152224147
2736,1.49969241,1.323224349,3.152039288
2737,1.600915378,1.198778525,3.151763628
2738,1.39482508,1.433339805,3.151659506
2739,1.747033164,0.9735887866,3.151219754
2740,1.18825078,1.608744879,3.15124394
2741,0.4787358102,1.941857879,3.151511168
2742,0.8584076565,1.806415316,3.15167941
2743,0.7766668663,1.843037867,3.151874232
2744,1.234044245,1.573891611,3.151872741
2745,0.2499477794,1.984320062,3.152170288
2746,0.8203032387,1.824034703,3.152350878
2747,0.08932780689,1.99800414,3.152657997
2748,1.417456134,1.410963539,3.152537644
2749,0.9858039051,1.740169722,3.152656888
2750,1.422696986,1.405678941,3.152532779
2751,0.7747069203,1.843862573,3.152727324
2752,1.053519079,1.700028691,3.152817197
2753,1.446023668,1.381671289,3.152675724
2754,0.6117240851,1.904151686,3.152913788
2755,1.818345729,0.8328378057,3.152373956
2756,1.754351307,0.9603392588,3.151927041
2757,0.5683694042,1.917539105,3.152174829
2758,0.965429893,1.751555058,3.152302072
2759,0.9554265033,1.757031644,3.152433192
2760,0.2016678357,1.989806544,3.152732895
2761,0.4041516896,1.958739751,3.153009877
2762,0.9495549037,1.760211773,3.153142901
2763,1.334015984,1.490101122,3.15308031
2764,0.7123441351,1.868840773,3.153291815
2765,0.3464476404,1.969764969,3.153576169
2766,1.2544406,1.557683787,3.153562355
2767,0.4667584757,1.944771587,3.153828341
2768,1.366686629,1.460194391,3.153744005
2769,0.8893588175,1.791379606,3.153898941
2770,0.4473678178,1.949323482,3.154167803
2771,0.277657505,1.980632805,3.154459069
2772,0.3048755169,1.976626146,3.154747233
2773,0.4964360473,1.937408385,3.155006905
2774,0.1530146346,1.99413804,3.155307291
2775,1.881449531,0.6783418472,3.154659138
2776,1.073742624,1.687328296,3.154738388
2777,0.7696500147,1.845979105,3.154931841
2778,0.1673083362,1.992989694,3.155230994
2779,1.960339931,0.3963172423,3.154380834
2780,1.75100404,0.9664289175,3.153941437
2781,1.444271894,1.383502329,3.153802301
2782,1.068512335,1.690645258,3.153884072
2783,1.81450452,0.841173792,3.153355313
2784,1.328892906,1.494671752,3.153296401
2785,0.4832757246,1.940732999,3.153557862
2786,1.429583847,1.398674381,3.153430005
2787,0.8686429198,1.801515883,3.153591327
2788,0.1223742589,1.996252624,3.153892228
2789,1.423262274,1.405106579,3.153769002
2790,1.291816694,1.526829928,3.15373312
2791,0.123752179,1.996167678,3.154033587
2792,1.395465768,1.432716054,3.153930219
2793,0.8947831166,1.788676375,3.154081821
2794,1.212841652,1.59028775,3.154091303
2795,1.307890393,1.513083845,3.154045534
2796,0.008520262045,1.999981851,3.15434808
2797,0.8307264482,1.81931129,3.154521221
2798,0.06778681051,1.998850907,3.154822572
2799,0.904117652,1.783976253,3.154970171
2800,0.9703665093,1.748824988,3.155092557
2801,0.1254496759,1.996061717,3.15539139
2802,1.251027711,1.560426117,3.155379063
2803,1.377889202,1.449628003,3.155287689
2804,1.496497829,1.32683618,3.155108796
2805,0.7329247841,1.860865729,3.1553108
2806,1.583475804,1.221721891,3.155057106
2807,0.6150652291,1.903075081,3.155289059
2808,1.582411125,1.223100581,3.155036535
2809,0.7954150714,1.835024486,3.155219879
2810,0.4563117781,1.947249229,3.155482967
2811,1.226012324,1.580156252,3.155484685
2812,0.5881056133,1.91157835,3.155722122
2813,0.4293676603,1.953367199,3.155989101
2814,1.346942142,1.47842716,3.155918335
2815,0.6651959869,1.886137402,3.15613729
2816,0.2591676697,1.983136939,3.15642498
2817,1.00676168,1.728129312,3.156531417
2818,1.689049491,1.071033061,3.156171423
2819,1.297279938,1.522190777,3.156131767
2820,1.029912753,1.71443277,3.156228481
2821,0.5852393986,1.912457802,3.15646552
2822,0.4817274286,1.941117896,3.156722703
2823,0.7432708067,1.856757525,3.156919937
2824,0.170721108,1.992700254,3.157213308
2825,1.103907236,1.667749626,3.157276418
2826,0.74690801,1.855297395,3.157472214
2827,0.01817669551,1.9999174,3.157770184
2828,0.4539657237,1.947797505,3.158031084
2829,1.012690646,1.724661606,3.158134051
2830,1.960736342,0.3943513615,3.157296796
2831,0.2719749405,1.981421114,3.15758134
2832,0.3912847594,1.961350616,3.15785151
2833,1.277312905,1.538983997,3.157823312
2834,0.945393847,1.762450134,3.157952838
2835,1.694149228,1.062947973,3.157588797
2836,0.1751045884,1.99231985,3.157880423
2837,1.863686544,0.7257220314,3.15727893
2838,1.19166174,1.606219878,3.157298366
2839,0.01872381951,1.999912353,3.157595135
2840,0.9535717829,1.758038923,3.157721361
2841,0.8216608293,1.823423561,3.157893528
2842,0.7639832042,1.848331589,3.158083102
2843,0.9499823332,1.759981127,3.15821039
2844,0.02472154378,1.999847205,3.15850627
2845,1.996821144,0.1127178811,3.157475314
2846,0.8328246963,1.818351733,3.157643701
2847,1.545708954,1.269166589,3.15742617
2848,1.174970949,1.618469422,3.157454089
2849,0.5611153301,1.919674344,3.157693434
2850,1.036812564,1.710268899,3.15778566
2851,1.135466515,1.646425155,3.157833034
2852,1.466300962,1.360132894,3.15767961
2853,1.867150116,0.7167638692,3.15707528
2854,1.872872855,0.7016746176,3.1564608
2855,1.346738704,1.478612479,3.156391015
2856,1.614156753,1.180888639,3.156112789
2857,1.957386657,0.4106549339,3.155295567
2858,1.496568881,1.326756038,3.155119996
2859,1.774008815,0.9235219124,3.154662467
2860,0.2928316144,1.978446271,3.154942967
2861,1.78523059,0.901638365,3.154470521
2862,1.794975434,0.8820789034,3.153984738
2863,1.742706699,0.9813120603,3.153568614
2864,1.894954677,0.6396458164,3.152914188
2865,0.5200292717,1.931209351,3.153161834
2866,0.5377731366,1.926343701,3.153405911
2867,1.413412997,1.415013675,3.153293118
2868,1.513353748,1.307578079,3.153105483
2869,0.9447612453,1.762789321,3.15323531
2870,1.18195816,1.613373766,3.153260924
2871,0.392469597,1.961113871,3.153528763
2872,0.3650689649,1.966398904,3.153800096
2873,0.2706299246,1.981605269,3.154081826
2874,0.6310336034,1.89783998,3.154305068
2875,1.759886785,0.9501570946,3.153868898
2876,1.362378021,1.464215192,3.153790512
2877,1.34030605,1.484445921,3.153726244
2878,0.9554269476,1.757031402,3.153851447
2879,0.9407128872,1.764953049,3.153982067
2880,0.50721542,1.934614307,3.154230417
2881,1.421622682,1.406765421,3.154112159
2882,1.224462222,1.581357729,3.154115145
2883,0.8113364777,1.828040787,3.154289257
2884,0.7887438515,1.83790183,3.154470087
2885,1.304957662,1.515613902,3.154427369
2886,1.923209939,0.5488747853,3.15371473
2887,0.0916285175,1.997899951,3.154006411
2888,1.901873364,0.6187711264,3.153342816
2889,0.487169905,1.93975913,3.153594174
2890,0.3494452428,1.96923539,3.153865758
2891,1.17445815,1.618841578,3.153894751
2892,1.882995676,0.6740380437,3.153270332
2893,1.283400244,1.533911279,3.153240796
2894,0.9226728584,1.774450562,3.153377513
2895,1.305277198,1.51533872,3.15333513
2896,0.7915535272,1.8366935,3.153514706
2897,0.9470319175,1.761570478,3.153642295
2898,1.842551842,0.7778192022,3.153090879
2899,1.788945379,0.8942451744,3.152620165
2900,1.536323613,1.280511521,3.152416166
2901,1.206441271,1.595148727,3.152429224
2902,1.293648038,1.525278582,3.15239412
2903,0.05721281032,1.999181506,3.152685532
2904,0.7691261991,1.846197414,3.152871382
2905,0.8398279676,1.815127815,3.153035714
2906,0.6221372381,1.90077491,3.153258878
2907,0.07859043074,1.99845529,3.153549092
2908,0.5108748317,1.933651185,3.153794536
2909,1.216663135,1.587366,3.153801734
2910,1.760066949,0.949823317,3.153370753
2911,1.497436839,1.325776344,3.153198366
2912,0.4374787129,1.951566647,3.153455898
2913,1.173681523,1.619404731,3.153485199
2914,0.6211575915,1.901095275,3.153707816
2915,0.06658651327,1.998891252,3.153997379
2916,0.6530804306,1.890366618,3.154212309
2917,0.06768688744,1.998854293,3.154501474
2918,0.8829660131,1.794539222,3.154650404
2919,0.005333436275,1.999992889,3.154940002
2920,1.377473751,1.450022781,3.154852709
2921,0.6653301878,1.886090067,3.15506405
2922,1.584076581,1.220942826,3.154819978
2923,1.004650349,1.72935759,3.154923945
2924,1.931788627,0.5178732483,3.154199192
2925,1.431065409,1.397158472,3.154076155
2926,0.8860151268,1.793035748,3.154223796
2927,1.202582103,1.598060164,3.15423811
2928,0.1432212828,1.994865325,3.154523455
2929,1.346345432,1.47897058,3.15445634
2930,0.2918238105,1.978595174,3.15473031
2931,0.9218706013,1.774867486,3.154865078
2932,1.791448642,0.8892197496,3.154395629
2933,0.4676142623,1.944565993,3.154646135
2934,1.695356444,1.061021455,3.154294192
2935,0.8664495323,1.802571832,3.154447803
2936,1.208969346,1.593233542,3.154458709
2937,0.9605667915,1.754226735,3.154579238
2938,1.664265394,1.109153145,3.154260561
2939,0.5640125138,1.918825131,3.154493086
2940,1.007331567,1.727797185,3.154595501
2941,0.9810423976,1.742858518,3.154708089
2942,1.671950365,1.097534499,3.154381903
2943,1.99858599,0.07519336733,3.153361178
2944,0.01690484576,1.999928555,3.15364871
2945,0.7232779772,1.864636417,3.153844168
2946,1.317304083,1.50489533,3.15379527
2947,1.925087899,0.5422514005,3.153093101
2948,0.2315875424,1.986546554,3.153371256
2949,1.858036586,0.7400675948,3.152803865
2950,0.3300514163,1.972578531,3.153072459
2951,1.488305307,1.336019204,3.152909452
2952,1.180611163,1.614359712,3.152935133
2953,1.593367891,1.208792276,3.152686115
2954,0.946910947,1.761635507,3.152811567
2955,1.097260999,1.672129869,3.152876355
2956,0.1909023168,1.990868229,3.153156754
2957,0.6790418888,1.881196989,3.153362786
2958,0.4787770411,1.941847714,3.153609687
2959,1.669210831,1.10169651,3.153288559
2960,0.1605524774,1.99354531,3.153570249
2961,0.3184045211,1.974491975,3.153838879
2962,1.248760723,1.562240908,3.153828968
2963,0.6848566845,1.879087896,3.154032933
2964,0.8661297779,1.802725494,3.154185233
2965,1.195041996,1.603706528,3.154203185
2966,0.4133779219,1.956813403,3.154459228
2967,1.082393797,1.681791803,3.154529711
2968,0.8779680278,1.796989745,3.154677774
2969,1.378075343,1.449451051,3.154591625
2970,1.904710676,0.6099813458,3.153940235
2971,0.4989913355,1.936751829,3.154182431
2972,0.8361400973,1.816829584,3.154343762
2973,0.2561068558,1.983534542,3.154617131
2974,1.939482945,0.4882682742,3.153884757
2975,1.565539435,1.244622946,3.153661349
2976,1.079374872,1.683730942,3.15373319
2977,0.1890887753,1.991041294,3.15401144
2978,1.167789403,1.623658804,3.154042772
2979,1.417850314,1.410567435,3.15393102
2980,1.056944036,1.697901441,3.154012185
2981,0.9986812188,1.732811537,3.154116718
2982,1.202594656,1.598050717,3.154130797
2983,0.450037775,1.948708804,3.154379971
2984,1.474822187,1.350888417,3.154228295
2985,1.401203129,1.427105389,3.154127786
2986,1.370129728,1.456964148,3.154047344
2987,1.271214706,1.544024991,3.154025249
2988,0.7764078077,1.843147014,3.154203385
2989,0.8233652299,1.822654575,3.154367689
2990,0.895272685,1.788431385,3.154508992
2991,1.702034164,1.050276013,3.154156616
2992,0.8572629818,1.806958821,3.154310279
2993,1.369722589,1.457346915,3.15423022
2994,1.933236599,0.5124414608,3.153519015
2995,0.801354865,1.83243837,3.153689753
2996,0.4076281359,1.958019229,3.153944208
2997,0.917747077,1.77700318,3.154077696
2998,0.3595010852,1.967424451,3.154338126
2999,1.435906711,1.392182429,3.154214761
3000,1.555760837,1.256824657,3.154001239
3001,0.1856563021,1.991364291,3.154277389
3002,0.2212968188,1.987719225,3.154550927
3003,0.03991420325,1.999601674,3.154832197
3004,1.405229219,1.423141188,3.154729484
3005,1.254518096,1.557621375,3.154716344
3006,1.799960033,0.8718623045,3.154246952
3007,1.381867926,1.445835756,3.15415963
3008,1.993957201,0.155353411,3.153214334
3009,1.325982149,1.497254601,3.15316159
3010,0.2973286028,1.977775443,3.153428165
3011,0.4972640802,1.937196024,3.153667608
3012,0.8699366351,1.800891516,3.153816385
3013,0.50143549,1.936120464,3.154054826
3014,1.379907721,1.447706697,3.153969013
3015,0.6878590559,1.877990926,3.154168685
3016,0.8228032821,1.822908324,3.154331699
3017,0.9087647889,1.781613471,3.154467229
3018,0.5466886312,1.923832514,3.154696917
3019,1.714063684,1.030526899,3.154334664
3020,0.3506601313,1.969019419,3.154594168
3021,1.051177545,1.701477525,3.15467638
3022,1.032826786,1.712678846,3.15476595
3023,0.3787695071,1.963805912,3.155021605
3024,1.620132162,1.172677184,3.154753858
3025,0.9307909184,1.770205713,3.154881348
3026,1.603254673,1.195648131,3.154629007
3027,1.535552998,1.28143552,3.154433514
3028,1.307393101,1.513513555,3.154391438
3029,1.236553355,1.571921054,3.154387955
3030,0.4125896919,1.956979751,3.154638638
3031,1.942755905,0.4750784081,3.153911327
3032,0.2288026238,1.986869236,3.154181718
3033,0.9315173235,1.769823572,3.154308809
3034,1.052578679,1.700611103,3.154390191
3035,0.1328367322,1.995583725,3.1546659
3036,1.438400253,1.389605956,3.154542233
3037,0.7703928126,1.845669232,3.154718985
3038,1.879566407,0.6835423331,3.15413056
3039,1.48578925,1.338816756,3.153973766
3040,0.3850847531,1.962577319,3.154227444
3041,1.543080007,1.27236162,3.154027015
3042,0.4079098239,1.957960565,3.154277473
3043,0.191953051,1.990767195,3.154549329
3044,0.9078924547,1.782058161,3.154683878
3045,0.4921888659,1.938491713,3.154921086
3046,1.738057198,0.9895237118,3.154535048
3047,0.7342142959,1.860357323,3.154720863
3048,0.794489865,1.835425252,3.154890197
3049,0.5687747299,1.917418918,3.155113204
3050,1.914814156,0.5774831151,3.154457418
3051,0.2829838697,1.979878817,3.154721364
3052,1.070348364,1.689483466,3.154794839
3053,0.9777189894,1.744725072,3.154904454
3054,0.03132855704,1.999754615,3.155181011
3055,0.1984618201,1.990128867,3.155451086
3056,1.960158201,0.3972150879,3.1546785
3057,0.308520053,1.97606057,3.154939358
3058,1.366051858,1.460788254,3.154863046
3059,0.4134760868,1.956792663,3.155111075
3060,1.886079552,0.6653599954,3.154514869
3061,0.9141109035,1.778876403,3.154646603
3062,1.566820252,1.243010176,3.154428241
3063,1.063657106,1.693704095,3.154504303
3064,1.263779432,1.550116624,3.154486591
3065,1.526967596,1.291653964,3.154300236
3066,0.9770523513,1.745098479,3.154409791
3067,1.051860324,1.701055513,3.154490554
3068,1.955577904,0.4191838061,3.153735625
3069,1.435545544,1.392554843,3.153615512
3070,1.915876684,0.5739481959,3.152962184
3071,1.790904613,0.8903149264,3.152515315
3072,0.6898724936,1.877252232,3.152711275
3073,1.089590754,1.677138035,3.152776868
3074,1.129359241,1.6506204,3.152825164
3075,1.660993824,1.114046461,3.152524438
3076,1.105035007,1.66700259,3.152583437
3077,1.607194795,1.190346542,3.152332579
3078,0.6701369829,1.884387546,3.152532853
3079,1.627127682,1.162951205,3.152264379
3080,0.5924884573,1.910224444,3.152481322
3081,0.4441213696,1.950065694,3.152723987
3082,1.011176448,1.725549823,3.152820799
3083,1.805333333,0.8606808674,3.152356492
3084,1.214946012,1.588680644,3.1523646
3085,1.464824194,1.361723203,3.152225567
3086,1.784624994,0.9028364364,3.151789224
3087,0.6086318518,1.905142322,3.152002537
3088,1.260111025,1.553100192,3.151987704
3089,1.188295599,1.608711773,3.152008888
3090,1.880043501,0.6822290193,3.151430392
3091,1.44271732,1.385123364,3.151307072
3092,1.30971346,1.511506088,3.151265579
3093,1.557856609,1.254225971,3.151057751
3094,0.5748255279,1.915613639,3.151277586
3095,1.541072572,1.274792268,3.151083178
3096,0.8658103122,1.802878949,3.151230037
3097,1.584470167,1.22043201,3.151000664
3098,1.952697248,0.4324042738,3.150262707
3099,1.811349866,0.8479455536,3.149793403
3100,1.990504486,0.1946583971,3.148902927
3101,0.3557259236,1.968110532,3.149156819
3102,0.4167604204,1.956095793,3.1494028
3103,1.397438836,1.430791634,3.149310045
3104,1.33151046,1.492340408,3.149257007
3105,0.9415384844,1.764512761,3.149379316
3106,1.406201178,1.422180807,3.149281113
3107,1.095304829,1.673411883,3.149344693
3108,0.9103203378,1.780819161,3.149477349
3109,0.4550311508,1.947548883,3.149717175
3110,0.7279006362,1.862836725,3.14990237
3111,1.77282431,0.9257936946,3.14948504
3112,0.4549463005,1.947568706,3.149724645
3113,1.197024572,1.602227254,3.149742226
3114,1.788747484,0.8946409559,3.149305341
3115,1.539534069,1.276649854,3.149114007
3116,0.8550172812,1.808022524,3.149263856
3117,1.801262997,0.8691671965,3.1488112
3118,0.3465390487,1.96974889,3.149064788
3119,0.485428598,1.940195628,3.149299263
3120,0.4978502231,1.937045471,3.149531568
3121,0.913260176,1.779313309,3.149662646
3122,0.04620728614,1.99946615,3.149934673
3123,1.571874749,1.236612216,3.149717987
3124,0.6744219263,1.882858217,3.14991517
3125,0.392729976,1.961061745,3.150162277
3126,0.9301108222,1.770563147,3.150287345
3127,0.8808901341,1.795559125,3.150428321
3128,1.32888164,1.494681768,3.150376829
3129,0.3542136163,1.968383274,3.150628152
3130,0.4478165587,1.949220442,3.15086707
3131,0.7777988488,1.842560433,3.151037704
3132,0.4309957156,1.953008626,3.151278757
3133,0.7793628365,1.841899446,3.151448729
3134,0.4604237855,1.946281053,3.151685204
3135,1.671451106,1.098294679,3.151380548
3136,0.7243585224,1.864216922,3.151564557
3137,1.413830478,1.414596543,3.151461793
3138,1.966395462,0.3650875063,3.150690191
3139,1.23910366,1.569911501,3.150686729
3140,1.814509533,0.8411629774,3.150219098
3141,0.09564851886,1.997711531,3.150488186
3142,0.2222125142,1.987617065,3.150750677
3143,1.097299508,1.672104599,3.150812229
3144,1.726868351,1.008923039,3.150451871
3145,1.838366242,0.7876608164,3.149951034
3146,0.01976474599,1.999902336,3.150221172
3147,0.7865982051,1.838821161,3.150388767
3148,0.004330888959,1.999995311,3.150658653
3149,1.997602235,0.0979045914,3.149720308
3150,0.8296694634,1.819793555,3.149875821
3151,0.3471006141,1.96965001,3.150126353
3152,1.920741656,0.5574508877,3.14948066
3153,1.930142676,0.5239744755,3.148814141
3154,0.006525404576,1.999989355,3.14908401
3155,1.688722205,1.071549025,3.148765155
3156,0.4962887674,1.937446118,3.148995234
3157,0.4900124731,1.939043005,3.149226178
3158,0.9250333862,1.773221147,3.149351959
3159,1.917034267,0.570069838,3.148715931
3160,1.959695533,0.3994914485,3.147972344
3161,1.526746386,1.291915428,3.147793875
3162,0.8416842636,1.814267786,3.147945912
3163,1.595892813,1.205456814,3.147712895
3164,1.678931547,1.086825129,3.147405037
3165,0.2334049193,1.986333845,3.147665784
3166,0.1290353395,1.99583313,3.147932366
3167,1.804299848,0.8628453265,3.147483285
3168,0.2303162284,1.986694349,3.147743987
3169,0.4828415805,1.940841057,3.147975586
3170,0.3807732538,1.963418379,3.148221284
3171,0.0814443145,1.998341018,3.148488853
3172,0.9995032797,1.732337494,3.148588533
3173,1.147281944,1.638213704,3.148628823
3174,1.221587975,1.583579117,3.148634661
3175,1.269810277,1.545180204,3.148616307
3176,0.7050303434,1.871612197,3.148803526
3177,1.386272549,1.441613131,3.148719932
3178,0.9341442942,1.768438418,3.148842071
3179,1.11486465,1.660444763,3.148896191
3180,1.859388805,0.7366636072,3.148369282
3181,0.7233742034,1.864599089,3.148551875
3182,0.08030135209,1.998387273,3.148818445
3183,0.07756463621,1.998495366,3.149084914
3184,1.807970186,0.8551279474,3.14863302
3185,1.564760581,1.245601993,3.148426606
3186,0.7893549388,1.837639459,3.148591971
3187,1.887413931,0.661565305,3.148019187
3188,0.09377870852,1.997800179,3.148285054
3189,0.67630384,1.882183072,3.148478243
3190,1.121570683,1.655922463,3.148529455
3191,1.939672746,0.4875137311,3.14784832
3192,0.8459725529,1.812272176,3.147997661
3193,0.1911436325,1.990845075,3.148258761
3194,1.480319974,1.344861619,3.148115199
3195,0.3664315996,1.966145438,3.148360638
3196,0.6394300935,1.895027481,3.148561418
3197,1.901410779,0.6201911387,3.147964553
3198,1.742885251,0.9809949037,3.147593704
3199,0.145024768,1.994735024,3.147856873
3200,1.924312818,0.5449955781,3.147213789
3201,0.2563629708,1.983501456,3.147469894
3202,1.982686671,0.2625901107,3.14665094
3203,0.04847579231,1.999412438,3.146916995
3204,0.8801396853,1.795927096,3.147055864
3205,1.770012872,0.9311575777,3.146655009
3206,1.656321458,1.120981368,3.146372822
3207,1.738641823,0.9884961354,3.146008188
3208,1.635579933,1.151033571,3.145745114
3209,1.107511412,1.665358361,3.145802756
3210,0.5109838277,1.933622385,3.146027504
3211,0.8557105541,1.807694512,3.146173677
3212,0.8197758895,1.82427177,3.146330081
3213,0.284993991,1.979590469,3.146583069
3214,1.008199026,1.727291152,3.1466789
3215,0.9706065706,1.748691764,3.146787983
3216,0.9622422483,1.75330826,3.14689987
3217,1.032063814,1.713138723,3.146986715
3218,0.2354890443,1.98608784,3.147243144
3219,0.1713652599,1.992644963,3.147503487
3220,0.8043764697,1.831114004,3.14766334
3221,0.07342218705,1.998651841,3.147927121
3222,0.8709132131,1.800419444,3.14806769
3223,1.781245437,0.9094859502,3.147655311
3224,0.1853085182,1.991396684,3.147914349
3225,1.499425,1.323527359,3.147759044
3226,0.6776518391,1.881698165,3.14794988
3227,0.1782049385,1.992044929,3.148208988
3228,1.627540922,1.162372809,3.147953887
3229,1.234705337,1.573373043,3.147953513
3230,1.749830163,0.9685527351,3.147578638
3231,0.8260105228,1.821457278,3.147731945
3232,0.4321909164,1.952744482,3.1479664
3233,1.53661908,1.280156944,3.147784633
3234,1.809337924,0.8522301788,3.147338336
3235,0.2778622453,1.980604093,3.147589918
3236,0.716352161,1.867308111,3.147771323
3237,0.3204750641,1.974156968,3.148018633
3238,1.273880638,1.541826229,3.147998755
3239,0.6349186014,1.896543796,3.148197918
3240,0.9352420323,1.767858122,3.148317522
3241,0.8438586073,1.81325747,3.148465069
3242,0.9946673967,1.735118662,3.14856432
3243,1.393006291,1.435107478,3.148478489
3244,1.325034215,1.498093565,3.148431543
3245,1.797935794,0.876029041,3.148001228
3246,0.3691413027,1.965638496,3.148242533
3247,0.7268060357,1.863264068,3.148420631
3248,1.29555712,1.52365736,3.148389503
3249,1.405965899,1.422413403,3.14829607
3250,0.1262568507,1.996010824,3.148555678
3251,0.6538630365,1.890096064,3.148749968
3252,0.5079876894,1.93441167,3.148971393
3253,1.888000402,0.65988975,3.148409083
3254,1.292412648,1.526325505,3.148379656
3255,1.452716237,1.374632873,3.14825704
3256,0.8400410419,1.815029214,3.148405013
3257,0.2039719173,1.989571677,3.148660076
3258,0.5223625179,1.93057955,3.148878768
3259,1.700986743,1.05197153,3.148558137
3260,0.579758836,1.914126352,3.148766632
3261,0.3620760118,1.966952201,3.149007398
3262,0.2078477826,1.989170505,3.149261639
3263,1.822725595,0.8232079973,3.148801067
3264,1.266848679,1.547609261,3.148784651
3265,0.8611830843,1.805093819,3.148925969
3266,0.3285781648,1.97282447,3.149169914
3267,0.2506573417,1.984230555,3.149420692
3268,1.068025076,1.690953115,3.149491832
3269,0.6800814983,1.880821404,3.149679091
3270,1.041963803,1.707135447,3.149760006
3271,1.22107324,1.583976055,3.149765568
3272,0.7809534632,1.841225594,3.149928369
3273,1.012558956,1.724738925,3.15001989
3274,1.842238146,0.7785618869,3.149533361
3275,1.426052259,1.402274922,3.149428023
3276,0.9410070968,1.764796205,3.149544068
3277,0.2898806137,1.978880802,3.149790701
3278,1.743417076,0.9800494364,3.149427769
3279,0.2004969326,1.989924868,3.149681024
3280,1.37210534,1.455103754,3.149608013
3281,0.7179499325,1.866694376,3.149785941
3282,1.46891756,1.357306599,3.149653347
3283,0.623834106,1.900218674,3.149851576
3284,1.591104702,1.211769708,3.149630409
3285,0.220977108,1.987754793,3.149881818
3286,0.8417052488,1.814258051,3.150027477
3287,1.996642233,0.1158438402,3.149139634
3288,0.8192894198,1.824490298,3.149291654
3289,0.8262745489,1.821337522,3.149441664
3290,0.114258642,1.996733573,3.149698206
3291,1.984334581,0.2498324863,3.14889297
3292,0.4319431195,1.952799309,3.149122832
3293,0.7929422367,1.83609439,3.149281674
3294,0.2550423374,1.983671698,3.149530023
3295,0.06586952212,1.998915007,3.149787473
3296,0.8387994614,1.815603333,3.149933535
3297,0.9104854522,1.780734748,3.150058356
3298,0.3604837329,1.967244641,3.150296207
3299,1.001581561,1.73113673,3.150390774
3300,0.7635081435,1.848527878,3.15055643
3301,1.954120032,0.4259282795,3.149860065
3302,1.999396656,0.04912242073,3.148935894
3303,1.383312497,1.444453715,3.148857169
3304,1.558832685,1.253012634,3.148662607
3305,1.270805486,1.544361815,3.148644471
3306,0.7705007431,1.845624178,3.148808598
3307,0.518507322,1.931618533,3.149024633
3308,0.7371890529,1.859180545,3.149196742
3309,1.218850858,1.585686787,3.149203444
3310,1.508843278,1.312780241,3.149045244
3311,0.3998942289,1.959613382,3.149277857
3312,0.09956584148,1.997520123,3.14953322
3313,1.104949055,1.667059563,3.149588936
3314,0.4109752322,1.957319432,3.14981979
3315,0.8032785571,1.831595905,3.149974653
3316,0.1756252172,1.992274023,3.150226334
3317,1.626367426,1.164014174,3.14997846
3318,1.498983324,1.324027566,3.149827187
3319,0.5635235799,1.918968779,3.150034511
3320,1.26909787,1.545765376,3.15001689
3321,0.7518773978,1.85328907,3.150184478
3322,1.201601105,1.598797918,3.15019875
3323,0.006731400882,1.999988672,3.150454477
3324,0.1736972269,1.992443041,3.150705509
3325,1.140795512,1.642737228,3.150746041
3326,0.6551507232,1.889650108,3.150935023
3327,0.6298952754,1.898218097,3.151129042
3328,1.666732937,1.105441685,3.150846516
3329,1.290880383,1.527621628,3.150817798
3330,0.1967948951,1.990294393,3.151066978
3331,1.274809295,1.541058488,3.151046279
3332,0.06783413477,1.998849302,3.151300376
3333,0.03217235894,1.999741218,3.151554856
3334,1.683358383,1.079955812,3.151257423
3335,0.4202775647,1.955343133,3.151485138
3336,1.786713668,0.8986958705,3.151079234
3337,0.645482285,1.892974543,3.151269486
3338,1.58606243,1.218362003,3.151055422
3339,0.4117627422,1.957153914,3.151284009
3340,1.474341416,1.351413109,3.15114974
3341,1.749651572,0.9688753152,3.150786556
3342,0.3589350116,1.967527803,3.151021227
3343,1.826793498,0.8141409685,3.150565726
3344,1.682113892,1.081893181,3.150270636
3345,1.7770183,0.9177178012,3.149877561
3346,1.901528711,0.61982946,3.149306665
3347,0.5479057428,1.923486235,3.14951511
3348,1.169308113,1.622565419,3.149543669
3349,1.359866758,1.466547784,3.149479039
3350,0.8355133195,1.817117908,3.149623742
3351,0.8647445743,1.803390369,3.149760166
3352,0.06212789023,1.999034798,3.150013242
3353,1.718833279,1.022551788,3.149683713
3354,1.107587781,1.665307571,3.149737658
3355,0.3504498531,1.969056856,3.149972644
3356,0.7881494252,1.838156817,3.150129479
3357,0.3599707826,1.967338567,3.150363184
3358,1.261103826,1.552294154,3.150349553
3359,0.1480606039,1.994511985,3.150599233
3360,0.113983336,1.996749308,3.150850096
3361,0.6513769595,1.890954271,3.151037855
3362,1.702511306,1.049502384,3.150724936
3363,1.882083252,0.6765815797,3.150190424
3364,0.9369738989,1.766940835,3.150304482
3365,0.8015363347,1.832359,3.150457354
3366,0.130399655,1.995744455,3.150707215
3367,0.1716457611,1.99262082,3.150955072
3368,0.134799981,1.99545207,3.151204463
3369,1.821766007,0.8253293973,3.150759065
3370,0.6416774481,1.894267682,3.150948316
3371,1.867736952,0.7152333032,3.150437939
3372,0.6171602629,1.902396701,3.150631995
3373,0.8705979393,1.800571917,3.150765559
3374,1.575467871,1.232031244,3.150562031
3375,1.046172601,1.704559442,3.15063864
3376,1.139301404,1.643773802,3.150679194
3377,1.710475338,1.036471957,3.150360054
3378,1.567119484,1.2426329,3.150163164
3379,1.809040964,0.8528603589,3.149735688
3380,0.5518570898,1.922356302,3.149941302
3381,0.6034795136,1.906780658,3.150137582
3382,0.4517287704,1.94831751,3.150358308
3383,1.767266053,0.9363603457,3.149980644
3384,1.141130533,1.642504523,3.150020546
3385,1.711319451,1.035077647,3.149701531
3386,0.2367651244,1.985936121,3.149944346
3387,0.2747475848,1.981038557,3.150184125
3388,1.942815401,0.4748350414,3.149534623
3389,0.03905442232,1.999618652,3.149785347
3390,0.6398209746,1.894895543,3.149974139
3391,1.141207066,1.642451349,3.150013929
3392,1.12011581,1.656906929,3.150062219
3393,1.809099287,0.8527366351,3.149636464
3394,0.868728601,1.801474568,3.149770027
3395,1.551603783,1.26195313,3.149585678
3396,0.0934860507,1.997813895,3.149834807
3397,0.983781771,1.741313707,3.149932773
3398,0.7950706238,1.835173753,3.150085927
3399,1.387422446,1.440506493,3.150006764
3400,0.5599578461,1.920012294,3.150209711
3401,1.739881403,0.9863126799,3.149863464
3402,0.6877459758,1.878032341,3.150041654
3403,1.608586572,1.188465078,3.149814469
3404,1.053978955,1.699743616,3.149887815
3405,1.516384337,1.304062323,3.149728707
3406,0.3065942243,1.976360286,3.149964465
3407,1.56892192,1.240356404,3.149768031
3408,0.2474288183,1.98463573,3.150008496
3409,1.407395391,1.42099902,3.149918144
3410,1.405582933,1.42279184,3.149828896
3411,0.2467991159,1.984714135,3.150069177
3412,1.928063063,0.5315757929,3.149457537
3413,0.1695788087,1.992797789,3.149702523
3414,1.299441365,1.520346059,3.149670592
3415,0.9666016269,1.750908705,3.14977371
3416,1.784185411,0.9037048294,3.149380746
3417,0.6499718694,1.891437699,3.149566141
3418,1.572114981,1.236306793,3.149368086
3419,1.234432796,1.573586881,3.149367444
3420,0.06395542229,1.998977164,3.149615569
3421,0.01859254033,1.999913577,3.149864096
3422,0.293318499,1.978374145,3.15009989
3423,1.063975191,1.693504294,3.1501691
3424,1.969461421,0.3481690828,3.149452444
3425,1.312941536,1.508702927,3.14941389
3426,0.4930601095,1.938270293,3.149626128
3427,1.850722325,0.7581733814,3.149149537
3428,1.668751533,1.102392091,3.148874051
3429,1.138640735,1.644231515,3.148914759
3430,0.375540632,1.96442593,3.149142146
3431,0.3494531256,1.969233991,3.149372203
3432,1.716304548,1.026790484,3.149052917
3433,0.9305768045,1.77031828,3.149166981
3434,0.349116549,1.969293689,3.149396865
3435,0.09906200374,1.997545173,3.149643064
3436,1.206986506,1.594736209,3.149654656
3437,0.01151298289,1.999966863,3.149902046
3438,0.8252023317,1.821823568,3.15004566
3439,0.1894366186,1.991008229,3.150287582
3440,1.7162599,1.026865111,3.149968815
3441,1.004084236,1.729686343,3.150058732
3442,0.4925862832,1.938390764,3.150269866
3443,0.4029089107,1.958995766,3.150492846
3444,1.464298879,1.362288073,3.150369177
3445,0.9774806276,1.744858625,3.150467682
3446,0.9172370993,1.77726647,3.150584938
3447,0.4000935234,1.959572702,3.150807903
3448,0.3224143721,1.973841172,3.151039015
3449,1.126299072,1.652710017,3.151083776
3450,1.041709732,1.707290495,3.151160152
3451,0.9183842844,1.776673945,3.151276695
3452,1.170517672,1.62169306,3.151303378
3453,0.5750378726,1.915549907,3.151500249
3454,1.024173575,1.717867425,3.15158254
3455,1.980460444,0.2788842616,3.150831798
3456,0.1248574572,1.996098849,3.151075249
3457,0.1255316119,1.996056566,3.151318534
3458,0.9220374973,1.77478079,3.1514337
3459,0.6256533597,1.899620455,3.151620982
3460,1.389370196,1.438627978,3.151541685
3461,1.997191363,0.1059559269,3.150692327
3462,1.760334356,0.9493276326,3.150330676
3463,1.505508187,1.316603623,3.150181347
3464,0.2163632898,1.988262288,3.150419899
3465,1.204135193,1.59689024,3.150432413
3466,1.349720005,1.475891564,3.150375099
3467,1.084021845,1.680742883,3.150435991
3468,1.591539605,1.21119845,3.15022606
3469,1.075594219,1.686148593,3.150290076
3470,0.05571751685,1.999223739,3.150534502
3471,1.080740189,1.682854908,3.150596494
3472,1.900792031,0.6220849249,3.150047408
3473,1.678679377,1.087214583,3.149766493
3474,0.1539035639,1.994069631,3.150007821
3475,1.996604294,0.1164958977,3.149168392
3476,1.009119676,1.726753451,3.149255946
3477,1.514568249,1.306171129,3.149101527
3478,1.264987798,1.549130682,3.14908691
3479,0.6749749239,1.882660047,3.149264039
3480,1.395188625,1.432985939,3.149182633
3481,0.1355222646,1.995403146,3.14942441
3482,1.852546023,0.7537063312,3.148952838
3483,0.3801731887,1.963534656,3.149176242
3484,0.241335841,1.98538586,3.149412062
3485,1.848183357,0.7643417297,3.148947004
3486,1.251438815,1.560096437,3.148938755
3487,0.5614147425,1.919586801,3.1491367
3488,0.270961679,1.981559933,3.149370067
3489,1.868042477,0.7144349545,3.148876946
3490,1.010206915,1.726117606,3.148963868
3491,1.258238189,1.55461785,3.148952488
3492,1.752887811,0.9630079549,3.148602277
3493,0.7275877679,1.862958947,3.148767555
3494,0.7348883217,1.860091168,3.148931096
3495,1.442722709,1.385117751,3.148822743
3496,0.02127030944,1.99988689,3.14906615
3497,1.539945647,1.276153362,3.148895501
3498,0.2797071867,1.980344387,3.149127575
3499,1.684940474,1.077485776,3.148843449
3500,1.818080882,0.8334158071,3.148420017
3501,0.3763005076,1.964280512,3.148642851
3502,0.7239938238,1.864358588,3.148808491
3503,0.5414696899,1.925307917,3.149008836
3504,1.550225546,1.263645819,3.148831405
3505,1.222735006,1.582693624,3.148836129
3506,0.8620481047,1.804680876,3.148967482
3507,0.005948541922,1.999991154,3.149210144
3508,1.486978189,1.337496118,3.149074962
3509,1.92723088,0.534585013,3.148482228
3510,0.6582189933,1.888583532,3.14866134
3511,1.760870159,0.9483334237,3.148304748
3512,0.7370608814,1.859231362,3.148467094
3513,0.4689744432,1.944238404,3.148677743
3514,0.9026238221,1.784732539,3.148797489
3515,0.9496517971,1.7601595,3.148903185
3516,0.7598280226,1.850043615,3.14905995
3517,0.2429686384,1.985186702,3.149293476
3518,0.1983601302,1.990139005,3.149529686
3519,0.2916337566,1.978623196,3.149759216
3520,0.5117564026,1.933418057,3.149962931
3521,0.9255249755,1.772964613,3.150075389
3522,0.2319989567,1.986498549,3.150309041
3523,0.3929612426,1.961015416,3.150528094
3524,0.4111774064,1.957276971,3.1507449
3525,1.995748319,0.1303405103,3.149925024
3526,1.747075497,0.9735128191,3.149583873
3527,1.664494817,1.108808822,3.149319635
3528,0.4929248188,1.938304703,3.149525783
3529,1.084449087,1.68046725,3.149585689
3530,0.2848511696,1.979611025,3.149815048
3531,0.8142284365,1.826754514,3.149957697
3532,1.389991368,1.438027815,3.149880148
3533,1.243907083,1.566108288,3.149875148
3534,1.935737725,0.502910985,3.149268455
3535,0.04084536692,1.999582871,3.149508879
3536,1.943512526,0.471973583,3.148885134
3537,1.442186113,1.385676447,3.148778396
3538,1.837688806,0.7892400484,3.148334558
3539,1.506145548,1.315874458,3.148188589
3540,0.1986832806,1.990106769,3.148423624
3541,1.415265362,1.41316098,3.148332661
3542,1.529001085,1.289246168,3.14817178
3543,0.2510421862,1.984181902,3.148403276
3544,1.031414982,1.713529438,3.148481904
3545,1.356968869,1.469229556,3.148422659
3546,0.2315168477,1.986554794,3.148655227
3547,0.2736069149,1.98119642,3.148884643
3548,1.766622775,0.9375734477,3.148525641
3549,1.203999229,1.596992754,3.14853845
3550,1.77517578,0.9212768035,3.148170567
3551,1.214908239,1.58870953,3.148178804
3552,0.9829007396,1.741811165,3.148273242
3553,0.2669819441,1.982100058,3.148502886
3554,1.297813219,1.52173613,3.148473334
3555,1.906359062,0.6048099919,3.147927946
3556,1.289196162,1.529043249,3.147902681
3557,0.2707851538,1.981584063,3.148131882
3558,1.944346317,0.4685268398,3.147510443
3559,1.772294992,0.9268065924,3.147146887
3560,0.5479608115,1.923470548,3.147343458
3561,1.509338176,1.312211214,3.147196611
3562,1.852149003,0.7546814373,3.146736804
3563,0.7315969284,1.861388174,3.146898477
3564,1.787228449,0.8976716943,3.146519252
3565,1.560097425,1.251437584,3.146338707
3566,1.811568381,0.8474786131,3.145931702
3567,0.9673579507,1.750490958,3.146031239
3568,1.997988317,0.08968101452,3.145199774
3569,1.437452122,1.390586709,3.145097777
3570,1.526116032,1.292659992,3.144940976
3571,0.167086986,1.993008264,3.145176506
3572,1.758227962,0.9532231807,3.144829717
3573,1.632524611,1.155362884,3.14459627
3574,1.822580963,0.8235281625,3.144177261
3575,0.8305822446,1.819377128,3.144315604
3576,0.05707245009,1.999185518,3.144554434
3577,0.9864458903,1.739805882,3.144648104
3578,1.10177767,1.669157262,3.144702231
3579,1.237433541,1.571228256,3.144701603
3580,0.9388039219,1.765969195,3.14480977
3581,1.053179197,1.700239271,3.144881166
3582,1.449938703,1.377562251,3.144772356
3583,1.935870608,0.5023992317,3.144175099
3584,0.3654418681,1.966329637,3.1443951
3585,1.753985543,0.9610071354,3.144054129
3586,1.621232723,1.171155181,3.143830553
3587,1.808286814,0.8544581891,3.143430521
3588,0.2193313324,1.987937063,3.143662529
3589,1.451989073,1.375400935,3.143553066
3590,0.9106252304,1.780663272,3.143669438
3591,0.540605069,1.925550872,3.143866439
3592,0.369722006,1.965529353,3.144085591
3593,0.7343305276,1.860311446,3.144246052
3594,0.2530764597,1.983923463,3.144475212
3595,1.136367205,1.645803626,3.144516139
3596,0.7745068987,1.8439466,3.144667245
3597,0.124307337,1.996133183,3.144902885
3598,0.3935941126,1.960888491,3.145118804
3599,1.689378231,1.070514453,3.144839812
3600,0.568789968,1.917414398,3.145031476
3601,0.5841553112,1.912789213,3.145220464
3602,0.4263796725,1.95402159,3.145432242
3603,1.5330431,1.284437174,3.14527222
3604,1.51853688,1.301555126,3.145121787
3605,0.3958613975,1.960432032,3.145336972
3606,0.383320862,1.962922596,3.145553419
3607,0.994367404,1.7352906,3.145643529
3608,0.5820386523,1.913434349,3.145832339
3609,0.902310166,1.784891135,3.145949809
3610,0.4301496137,1.953195154,3.146160457
3611,0.983382203,1.741539389,3.146253761
3612,0.1053978119,1.997220894,3.146488586
3613,0.9881459021,1.7388409,3.146580253
3614,0.7088753338,1.870159288,3.146744541
3615,0.2589710256,1.983162628,3.146971258
3616,0.2514229192,1.984133694,3.147198386
3617,0.505529876,1.935055437,3.147398251
3618,1.424872451,1.403473726,3.147304152
3619,1.000630693,1.731686524,3.147391488
3620,1.666501862,1.105790009,3.147132977
3621,1.512398418,1.308682936,3.146986673
3622,1.902439069,0.6170296488,3.146458531
3623,1.785642849,0.9008216334,3.146087343
3624,0.8361246237,1.816836705,3.146221887
3625,1.55711327,1.255148702,3.146046459
3626,1.045682686,1.70486003,3.146119177
3627,1.729918968,1.003683399,3.145805211
3628,0.8460249577,1.812247712,3.145937155
3629,0.7822581383,1.840671672,3.14608469
3630,0.3097625737,1.975866177,3.146306632
3631,0.7720035041,1.844996095,3.146456366
3632,1.161422782,1.628219003,3.146486647
3633,1.401395061,1.426916915,3.146406093
3634,1.710044497,1.037182635,3.14611109
3635,1.5471825,1.26736984,3.1459429
3636,1.976329503,0.3067925965,3.145246432
3637,0.4353527847,1.952041996,3.145455076
3638,1.544350519,1.270819214,3.145289101
3639,1.565788137,1.244310054,3.145108648
3640,1.836814139,0.7912735413,3.144679373
3641,1.757681835,0.9542298289,3.144339845
3642,0.6445864755,1.893279767,3.144516182
3643,1.27135417,1.543910157,3.144500619
3644,1.671395272,1.098379646,3.144240537
3645,0.2352990092,1.986110364,3.144467692
3646,0.7561456856,1.851551701,3.14462091
3647,1.84968064,0.7607111997,3.144175833
3648,0.9512398775,1.759301764,3.144278472
3649,0.1819379761,1.991707452,3.144508435
3650,0.2309645297,1.986619084,3.144735485
3651,0.3973703201,1.960126738,3.144947897
3652,0.3778780448,1.963977643,3.145162302
3653,1.787798927,0.8965349945,3.14479217
3654,0.984940248,1.740658699,3.144884268
3655,0.6746376104,1.882780947,3.145054084
3656,0.7922194355,1.836406373,3.145198438
3657,0.8481252922,1.811265715,3.145328964
3658,0.4054902732,1.958463081,3.145539898
3659,0.8423537749,1.813957033,3.14567173
3660,1.538295257,1.278142285,3.145510696
3661,0.4173267366,1.95597505,3.145720048
3662,0.939163816,1.765777825,3.14582541
3663,0.8421680417,1.814043271,3.145957067
3664,0.08987151042,1.997979758,3.146189055
3665,0.6289866569,1.898519367,3.14636664
3666,0.1264053271,1.996001426,3.14659731
3667,1.447123393,1.380519426,3.146492167
3668,0.4414955723,1.950661852,3.146697956
3669,1.450576914,1.376890197,3.146590865
3670,1.047496115,1.703746428,3.146661955
3671,0.9192882058,1.776206405,3.146772484
3672,0.479192976,1.941745115,3.146973115
3673,0.286093913,1.979431806,3.147194158
3674,1.830607396,0.8055287471,3.146776048
3675,1.021086408,1.719704204,3.146855675
3676,0.2138925609,1.988529601,3.14708152
3677,1.075602826,1.686143102,3.147142767
3678,1.545232945,1.269746095,3.146977554
3679,0.1064068571,1.997167389,3.147207877
3680,0.7528142583,1.852908711,3.147359673
3681,1.440289061,1.387648162,3.147258596
3682,0.4661767276,1.944911118,3.14746027
3683,1.011244757,1.725509792,3.147542692
3684,1.900471339,0.6230639527,3.147026564
3685,1.107212019,1.665557428,3.147076521
3686,1.61925208,1.173892116,3.146859675
3687,0.1313286105,1.995683541,3.147088725
3688,1.637362829,1.148495958,3.146858222
3689,0.4471601965,1.949371119,3.147062039
3690,1.665867548,1.106745369,3.146809039
3691,1.05150995,1.70127212,3.146878325
3692,1.78152287,0.9089423882,3.14651836
3693,0.952775379,1.758470664,3.146618664
3694,0.4056426365,1.958431528,3.146827176
3695,1.275663101,1.540351795,3.14680928
3696,1.763356771,0.9437016992,3.146468532
3697,0.03653467774,1.999666276,3.146699223
3698,1.980969096,0.2752479639,3.145997167
3699,1.166451898,1.624619946,3.146025078
3700,1.302727508,1.517531232,3.145995088
3701,0.3373582404,1.971342035,3.146210351
3702,0.9359247708,1.767496768,3.146315371
3703,1.543226634,1.272183775,3.146152814
3704,1.502211615,1.320363687,3.14601636
3705,0.5147667232,1.932618747,3.146210482
3706,0.4294595391,1.953347,3.146415685
3707,0.6295611709,1.898328931,3.146591095
3708,0.7569982889,1.851203282,3.146740991
3709,0.2144234446,1.988472425,3.146964826
3710,1.540523444,1.275455808,3.146804165
3711,0.6189001783,1.901831372,3.146981168
3712,1.830689111,0.805343019,3.146567295
3713,0.6687627121,1.884875708,3.146735134
3714,1.827855773,0.8117532084,3.146325002
3715,1.294488628,1.524565247,3.146298839
3716,0.5072202891,1.934613031,3.146493384
3717,0.8800410525,1.79597543,3.146613227
3718,0.5137304213,1.932894476,3.146806658
3719,1.951921245,0.4358938542,3.146194929
3720,0.49124693,1.938730629,3.146391506
3721,0.1540969665,1.994054695,3.146617713
3722,1.005203059,1.729036382,3.146701393
3723,0.1171198412,1.996567791,3.146928746
3724,1.012746776,1.724628646,3.14700993
3725,0.5697832682,1.917119461,3.147194421
3726,1.709265528,1.038465866,3.146907179
3727,1.190551651,1.607042864,3.146925204
3728,0.9166433033,1.777572799,3.147034705
3729,0.8061318136,1.830341908,3.147172449
3730,1.817295923,0.8351260557,3.146776492
3731,0.5425177018,1.925012868,3.14696498
3732,1.783570967,0.9049169059,3.146606692
3733,1.679011995,1.086700843,3.146345989
3734,0.9796327892,1.743651226,3.1464373
3735,1.083058367,1.681363903,3.146495209
3736,0.3726313161,1.964979873,3.146704916
3737,1.019090462,1.720887745,3.146783875
3738,1.941967785,0.4782897888,3.146197946
3739,1.604717288,1.193684391,3.145994996
3740,1.175018647,1.618434793,3.146019294
3741,1.224803117,1.581093711,3.146023616
3742,0.9648304552,1.751885325,3.146119219
3743,1.13819374,1.644540972,3.146157414
3744,0.7248829741,1.864013056,3.146312828
3745,0.4466191228,1.949495155,3.146513809
3746,1.488462468,1.335844108,3.146387054
3747,1.184817016,1.61127547,3.146407381
3748,0.825712112,1.821592575,3.146539926
3749,0.4443441968,1.950014932,3.14674091
3750,0.9305220893,1.77034704,3.146845964
3751,0.9070241983,1.782500239,3.146957442
3752,0.5930849719,1.910039323,3.147136845
3753,0.2667100624,1.982136661,3.147354574
3754,0.7015216246,1.872930167,3.147514006
3755,1.497405997,1.325811179,3.147381944
3756,0.903322547,1.784378989,3.147494131
3757,0.8280578556,1.820527448,3.147625502
3758,1.178117281,1.616180581,3.147648051
3759,0.4367980341,1.951719108,3.147849112
3760,1.735407729,0.9941629713,3.147540728
3761,1.878736351,0.6858204758,3.14706854
3762,1.609729869,1.186916067,3.146863001
3763,0.168428576,1.992895335,3.147085943
3764,0.9199966458,1.775839568,3.147193433
3765,0.8366505673,1.816594569,3.147322515
3766,1.14266114,1.641440075,3.14735851
3767,0.6905055905,1.877019454,3.147519562
3768,0.2760158524,1.980862249,3.147735646
3769,1.780112252,0.9117019081,3.147384271
3770,0.7083938134,1.870341735,3.147541645
3771,1.24569941,1.564683029,3.147536825
3772,0.8074215969,1.82977331,3.147672565
3773,0.7089127322,1.870145112,3.147829633
3774,1.17870395,1.615752766,3.147851804
3775,0.1415016769,1.994988039,3.148074884
3776,0.8685431486,1.801563987,3.148195396
3777,0.1986511349,1.990109979,3.148415683
3778,0.4533287831,1.947945845,3.148613532
3779,0.9702527619,1.748888098,3.148705928
3780,1.486630236,1.337882858,3.148580811
3781,0.6169213488,1.902474192,3.148754408
3782,1.475755374,1.349868911,3.148635683
3783,0.3608026924,1.967186167,3.148843385
3784,0.534234576,1.927328051,3.149029911
3785,0.686843734,1.878362501,3.149190464
3786,0.552540816,1.922159891,3.149374069
3787,1.748693678,0.9706031213,3.149055039
3788,1.380462056,1.44717812,3.148987801
3789,1.915206707,0.5761798945,3.148460847
3790,0.4478423345,1.94921452,3.148658728
3791,0.3307041847,1.972469199,3.148868772
3792,1.719686689,1.021115905,3.148576938
3793,1.28222307,1.534895436,3.148556166
3794,1.063291302,1.693933767,3.148619243
3795,1.007702311,1.727580983,3.148700018
3796,0.242624473,1.985228794,3.148916498
3797,1.310246631,1.511043932,3.148883096
3798,1.897001085,0.6335510112,3.148387629
3799,1.859344536,0.736775337,3.147946767
3800,0.7391931522,1.858384644,3.148096457
3801,1.790157007,0.8918171844,3.147737482
3802,0.9597448633,1.754676551,3.147832594
3803,1.70218947,1.050024289,3.147557079
3804,0.1452482137,1.994718766,3.147778394
3805,0.4484672585,1.949070835,3.147975598
3806,0.5115962696,1.933460436,3.148164496
3807,0.1360724711,1.995365701,3.148385816
3808,0.3152971851,1.974990553,3.148596319
3809,1.829527612,0.8079781657,3.148193946
3810,0.8902012251,1.790961133,3.148307786
3811,1.45633723,1.370796073,3.148201064
3812,0.8086160808,1.829245755,3.148334928
3813,1.945662904,0.4630290113,3.147752112
3814,0.1128320547,1.996814695,3.147973895
3815,0.828559049,1.820299399,3.148103023
3816,0.2944070216,1.978212452,3.148314847
3817,0.7334394926,1.860662922,3.148464968
3818,1.986883901,0.2286752349,3.147760119
3819,1.119822794,1.657104979,3.147803704
3820,1.480949203,1.344168686,3.147683424
3821,1.934694791,0.506908339,3.147124967
3822,0.1519796197,1.994217189,3.14734509
3823,0.445464623,1.949759285,3.147541839
3824,0.1458787067,1.994672756,3.147761976
3825,0.4935799595,1.938137978,3.147952437
3826,1.192872201,1.605321124,3.147968822
3827,0.8228477433,1.822888255,3.1480989
3828,1.234872922,1.573241515,3.148098478
3829,1.971954259,0.3337609917,3.147450639
3830,0.3083830243,1.976081959,3.147660747
3831,0.7422100364,1.857181806,3.147808672
3832,1.220438532,1.584465143,3.147814184
3833,0.8529768506,1.80898604,3.147936845
3834,1.619764337,1.173185191,3.147727777
3835,1.782540393,0.9069452837,3.147379971
3836,1.734123089,0.9964020841,3.147078986
3837,1.948047763,0.4528906213,3.146494859
3838,0.7355451614,1.859831529,3.146644199
3839,0.9600254583,1.754523046,3.146738599
3840,1.88009776,0.6820794767,3.146274386
3841,0.7813521266,1.841056451,3.146413891
3842,1.086784472,1.678957865,3.14646894
3843,0.9776018216,1.744790726,3.146558223
3844,0.3094644632,1.975912889,3.14676771
3845,0.7216823312,1.865254571,3.146919528
3846,0.6911756405,1.876772824,3.147077257
3847,1.067112058,1.691529443,3.147138599
3848,1.055956739,1.698515636,3.14720354
3849,0.8727609793,1.799524457,3.147320933
3850,0.5859011903,1.91225516,3.147496826
3851,1.550300728,1.263553581,3.147335728
3852,0.6997647763,1.87358727,3.147491449
3853,1.042891741,1.706568726,3.147560394
3854,1.79623435,0.8795124551,3.14720011
3855,1.352400555,1.473435692,3.147148144
3856,1.657510914,1.119221859,3.146912484
3857,1.722678689,1.016060103,3.146623453
3858,0.8822827089,1.794875266,3.146738313
3859,1.402450566,1.425879522,3.146661873
3860,1.296676047,1.522705234,3.146635643
3861,1.531555698,1.28621038,3.146486921
3862,0.63882114,1.895232849,3.146653668
3863,0.02221678186,1.9998766,3.146874507
3864,1.556722362,1.2556335,3.146710012
3865,1.037638759,1.709767764,3.146780601
3866,0.702935643,1.872399926,3.146935288
3867,1.864299682,0.7241454941,3.146496021
3868,0.7252088836,1.863886283,3.146646299
3869,1.37418354,1.453141287,3.146584174
3870,1.979510113,0.285551593,3.145918675
3871,1.886993336,0.6627640222,3.145448411
3872,1.051278534,1.70141513,3.145514884
3873,0.3338074994,1.971946387,3.145721023
3874,0.48539157,1.940204892,3.145910669
3875,1.51559148,1.304983704,3.145772361
3876,0.04271296459,1.999543849,3.145992515
3877,1.326429803,1.496858036,3.145953238
3878,0.4433562388,1.950239792,3.146147804
3879,1.721290108,1.018410705,3.145861821
3880,1.446296275,1.381385929,3.145763087
3881,0.6809746135,1.880498225,3.145921611
3882,1.649033856,1.131674573,3.145694261
3883,0.3819355735,1.963192608,3.145895315
3884,1.306765875,1.514055133,3.145864989
3885,1.695031011,1.061541271,3.145601725
3886,1.914590239,0.5782250586,3.145089848
3887,0.09572554576,1.997707841,3.14530861
3888,0.5043985883,1.935350631,3.145495182
3889,0.4975581029,1.937120527,3.145682568
3890,1.328810678,1.494744855,3.145642416
3891,1.309351024,1.51182006,3.145611061
3892,1.559630031,1.252020035,3.145446217
3893,0.06726288318,1.998868606,3.145665146
3894,0.0847161778,1.998204987,3.145883622
3895,0.095569618,1.997715307,3.146101734
3896,1.49544282,1.32802514,3.145975951
3897,1.420052458,1.408350459,3.145891457
3898,1.113644222,1.661263539,3.145936771
3899,1.710315915,1.036735006,3.145661709
3900,0.5521949417,1.922259282,3.145840903
3901,0.750280486,1.853936135,3.145984977
3902,0.03663409408,1.999664458,3.146203671
3903,1.042120453,1.707039824,3.146272304
3904,1.436042159,1.392042714,3.146179531
3905,0.4749629766,1.942784129,3.146368875
3906,0.07994163126,1.998401695,3.1465866
3907,0.3924325699,1.961121281,3.14678513
3908,1.927889155,0.5322061671,3.146252281
3909,1.46671934,1.35968172,3.146143075
3910,1.132156628,1.648702936,3.146181761
3911,1.638335449,1.147108084,3.145963922
3912,1.511621688,1.309580037,3.145829259
3913,1.144294307,1.640301966,3.145863702
3914,1.019262193,1.720786036,3.145939253
3915,0.9685857352,1.749811897,3.146029594
3916,0.7773066606,1.842768123,3.146167364
3917,0.3494591944,1.969232914,3.146369636
3918,1.621502853,1.170781149,3.146164223
3919,1.377489527,1.450007794,3.146101414
3920,1.431625738,1.396584314,3.14601138
3921,1.348936309,1.476607881,3.14596221
3922,0.03334745383,1.999721968,3.146179824
3923,1.847261428,0.7665671634,3.145768647
3924,1.164906732,1.625728239,3.145795581
3925,1.369367948,1.457680151,3.145736871
3926,0.7870687146,1.838619819,3.145872252
3927,1.122235974,1.655471661,3.145914287
3928,1.792252955,0.8875975122,3.145565325
3929,1.596022815,1.205284686,3.145378256
3930,0.2146536851,1.988447584,3.145589838
3931,0.2291267665,1.986831881,3.14580049
3932,0.3211572843,1.974046098,3.146004532
3933,1.515465791,1.305129663,3.145868314
3934,0.221375841,1.987710426,3.146079181
3935,1.522668295,1.296719423,3.145938739
3936,0.5845658557,1.912663787,3.146111348
3937,0.5044942226,1.935325704,3.146295381
3938,1.153245543,1.634021027,3.146326297
3939,1.482976088,1.34193216,3.146208891
3940,1.552576277,1.26075648,3.146050339
3941,0.9344403147,1.768282019,3.146149429
3942,1.777976286,0.9158604295,3.145815987
3943,1.355889928,1.470225324,3.145763904
3944,0.3933288929,1.960941708,3.145960688
3945,0.09524948876,1.997730596,3.146176024
3946,0.5479850769,1.923463635,3.14635361
3947,1.818365988,0.8327935712,3.145978447
3948,1.640171469,1.144481346,3.145761371
3949,1.711838826,1.034218465,3.145488562
3950,0.7323165064,1.861105192,3.145634567
3951,1.879350012,0.68413707,3.145184716
3952,0.7531360276,1.852777948,3.145326511
3953,1.536120563,1.280755096,3.145178821
3954,1.695220957,1.061237913,3.144920171
3955,1.334032928,1.490085953,3.144878515
3956,0.9880695236,1.738884302,3.144962664
3957,0.9300804029,1.770579127,3.145062789
3958,1.318219269,1.504093733,3.145028207
3959,0.9304424453,1.7703889,3.145128169
3960,1.492915896,1.33086518,3.145006099
3961,1.509527403,1.311993529,3.144874561
3962,0.1330867259,1.995567068,3.145088156
3963,1.449396615,1.378132596,3.144990042
3964,0.6521389883,1.890691604,3.145150585
3965,1.525897308,1.292918174,3.145009523
3966,0.7496053422,1.85420922,3.145151582
3967,1.810635869,0.8494690992,3.144787021
3968,1.034493663,1.711672534,3.144857222
3969,1.670431398,1.099844964,3.144619085
3970,0.3545701451,1.968319083,3.144818586
3971,0.2240234922,1.987413765,3.145027604
3972,0.4410205344,1.950769307,3.145218065
3973,1.65832498,1.118015322,3.144989223
3974,1.539989492,1.276100452,3.144840056
3975,0.6025242237,1.907082735,3.14500844
3976,1.723054109,1.015423329,3.144728218
3977,0.20549834,1.989414595,3.14493795
3978,1.287378424,1.530574007,3.144916886
3979,1.823144941,0.822278861,3.144539817
3980,0.4610570458,1.946131137,3.144727687
3981,1.387975013,1.439974084,3.144661176
3982,0.7661189695,1.847447354,3.144799356
3983,0.3089635341,1.975991279,3.145002013
3984,1.258298824,1.554568773,3.144993011
3985,0.3698074243,1.965513284,3.145190259
3986,0.5073285816,1.934584635,3.14537189
3987,0.734935068,1.860072699,3.145516052
3988,1.352214441,1.473606497,3.145466327
3989,1.387566425,1.440367806,3.145399962
3990,1.158680401,1.630171687,3.145428769
3991,1.771616018,0.9281038108,3.145105737
3992,1.577394806,1.229563185,3.144933899
3993,1.699826119,1.053845892,3.144674134
3994,0.8153348912,1.826260938,3.144801286
3995,0.6163402125,1.90266254,3.144966624
3996,0.8746238527,1.798619781,3.145079805
3997,1.814475609,0.8412361534,3.144713879
3998,1.260990446,1.552386258,3.144703889
3999,0.4934220589,1.938178184,3.144886848
4000,1.98811215,0.2177385577,3.144209495
4001,1.309304429,1.511860414,3.14417938
4002,1.01891263,1.720993043,3.144253795
4003,1.207283639,1.594511278,3.144264979
4004,0.7317281782,1.861336582,3.144409436
4005,1.653480724,1.125167318,3.144186197
4006,1.286007388,1.53172615,3.144166043
4007,0.06361366503,1.998988069,3.144379123
4008,1.454735126,1.372496161,3.144279476
4009,1.314699443,1.507171316,3.144247064
4010,1.734009073,0.9966004893,3.14396002
4011,1.694500358,1.062388129,3.143705923
4012,0.06709364453,1.998874294,3.143918795
4013,1.865255204,0.721680695,3.143495033
4014,0.5274076239,1.929207402,3.14367314
4015,1.160953184,1.628553869,3.143701393
4016,0.7130476796,1.868572452,3.143849162
4017,0.7889464472,1.837814872,3.143981545
4018,1.439996369,1.387951893,3.143889938
4019,1.876317652,0.6924103334,3.143452249
4020,0.7620157498,1.849143585,3.143590268
4021,0.08112842694,1.998353867,3.143802433
4022,1.843556697,0.7754345263,3.143406378
4023,1.206123446,1.595389054,3.143418154
4024,1.636426603,1.149829541,3.143208472
4025,0.6233912446,1.900364006,3.143371831
4026,0.1537928226,1.994078175,3.143581663
4027,1.415235121,1.413191265,3.143502895
4028,1.826720985,0.8143036542,3.143126804
4029,1.544581581,1.270538366,3.142977375
4030,1.017558022,1.721794318,3.143051968
4031,0.05658252245,1.999199444,3.14326416
4032,1.330646518,1.493110795,3.143225211
4033,1.522608036,1.296790179,3.143088924
4034,0.8958845872,1.788124941,3.143196302
4035,1.629652446,1.159410586,3.142991996
4036,1.937930513,0.4943938973,3.142458248
4037,1.582977138,1.22236794,3.142285416
4038,0.3818690604,1.963205547,3.142479603
4039,0.4709133399,1.943769695,3.14266407
4040,0.3155074906,1.974956967,3.142863884
4041,1.237058093,1.57152387,3.142863929
4042,0.1745302211,1.992370247,3.143072212
4043,1.761083631,0.9479369421,3.142763728
4044,1.284673127,1.532845379,3.14274467
4045,0.1355293511,1.995402665,3.142954326
4046,1.301997167,1.518157889,3.14292797
4047,1.563046442,1.247752308,3.142767993
4048,1.208216608,1.593804451,3.142779071
4049,0.620663089,1.901256776,3.142942008
4050,0.5935109309,1.909907007,3.143109137
4051,1.0916262,1.675813904,3.143160611
4052,0.5795828921,1.914179634,3.143329712
4053,1.576583438,1.230603374,3.143161411
4054,0.51238172,1.933252434,3.143339838
4055,0.2883336077,1.979106801,3.143540794
4056,1.037136146,1.710072693,3.14360899
4057,0.4547881808,1.947605635,3.143794251
4058,1.057238765,1.697717937,3.143856262
4059,0.2097496782,1.988970858,3.144061752
4060,1.741368287,0.9836851568,3.143771927
4061,1.431478771,1.396734953,3.143685667
4062,1.552025997,1.261433829,3.143532831
4063,0.3809088818,1.963392071,3.143725608
4064,0.180754136,1.991815238,3.143932277
4065,1.702763502,1.049093159,3.143675021
4066,0.6101577771,1.904654165,3.143838728
4067,1.909775421,0.5939342057,3.143357791
4068,0.9198234965,1.77592926,3.14345821
4069,1.581316768,1.22451512,3.143287546
4070,1.274710035,1.541140592,3.143272557
4071,1.673052587,1.095853568,3.143038815
4072,1.687579444,1.073347856,3.142794133
4073,0.7156781752,1.867566532,3.142939564
4074,0.1889036139,1.99105887,3.143145548
4075,0.714763447,1.867916812,3.143290993
4076,1.587744811,1.216168745,3.143116568
4077,0.1082167461,1.997070138,3.143325306
4078,0.1033180874,1.99732956,3.143534069
4079,1.269676656,1.545290001,3.143521087
4080,0.8449189516,1.812763626,3.143639225
4081,1.669510445,1.101242423,3.143408607
4082,1.430944399,1.397282408,3.143323148
4083,0.1333423618,1.995550003,3.143530783
4084,1.613961413,1.181155602,3.143339496
4085,1.789053443,0.8940289586,3.143007725
4086,0.5805858797,1.913875659,3.143175308
4087,0.5398685765,1.925757493,3.143348624
4088,0.1624511458,1.993391488,3.143554943
4089,0.9728317485,1.747454832,3.14364087
4090,1.084390465,1.680505078,3.143694016
4091,0.1909453721,1.9908641,3.143898865
4092,0.3215238083,1.973986434,3.144095364
4093,0.0887414085,1.998030271,3.144303515
4094,0.5602210212,1.919935522,3.144473415
4095,1.122195423,1.655499149,3.14451408
4096,0.6924336705,1.87630904,3.144662543
4097,1.080325053,1.68312144,3.144716627
4098,0.3013304042,1.977169691,3.144914192
4099,0.6925073918,1.876281832,3.145062435
4100,1.162414561,1.627511102,3.145089255
4101,1.696874347,1.058592202,3.144838607
4102,1.667648499,1.104060001,3.144610251
4103,1.772843854,0.9257562685,3.144295092
4104,1.982646103,0.262896235,3.143657055
4105,0.07663702158,1.998531152,3.143864949
4106,0.4373766962,1.951589513,3.144049877
4107,1.201451158,1.598910602,3.14406297
4108,0.3441050011,1.970175563,3.144256808
4109,1.058795672,1.696747396,3.144317465
4110,1.557637021,1.25449867,3.144162886
4111,1.436498085,1.391572223,3.144075068
4112,0.05370062842,1.999278931,3.14428287
4113,1.25778316,1.55498602,3.144274528
4114,1.528547053,1.289784443,3.144137264
4115,0.6380252555,1.895500929,3.14429446
4116,0.2612872869,1.982858783,3.144494029
4117,1.846530169,0.7683269714,3.144103492
4118,1.317124728,1.505052308,3.144070952
4119,0.641796249,1.894227435,3.144227394
4120,1.788568127,0.8949994718,3.143898698
4121,1.110581124,1.663312829,3.143943038
4122,0.2466036974,1.984738425,3.144143313
4123,1.032281203,1.71300774,3.144211679
4124,0.5210581584,1.930932002,3.144385698
4125,1.598140629,1.202475169,3.14420644
4126,1.657754966,1.118860345,3.14398674
4127,0.3492929881,1.969262402,3.144179262
4128,0.003030265608,1.999997704,3.144386581
4129,0.01513189969,1.999942756,3.144593774
4130,0.8327784941,1.818372893,3.144712939
4131,1.262762162,1.550945428,3.144702573
4132,1.303163681,1.517156689,3.144675858
4133,0.7658656728,1.847552373,3.144809037
4134,1.23631411,1.572109227,3.144808894
4135,1.012154377,1.724976382,3.144882689
4136,0.09906923802,1.997544815,3.145088252
4137,1.761605475,0.9469668163,3.144785821
4138,0.3986525261,1.959866364,3.144973097
4139,1.953736986,0.4276818809,3.144419918
4140,0.9334378074,1.768811426,3.144514894
4141,1.152169496,1.63477994,3.144545091
4142,1.558584738,1.253321034,3.144391083
4143,0.4571179519,1.947060137,3.144572045
4144,1.922793473,0.5503319534,3.144078824
4145,0.08911192079,1.99801378,3.144284361
4146,0.58170606,1.913535487,3.144449046
4147,1.286532115,1.531285446,3.144429302
4148,1.615817351,1.178615412,3.144239525
4149,0.58585885,1.912268132,3.144403491
4150,1.99478442,0.1443437417,3.143715367
4151,0.65760147,1.888798641,3.143868073
4152,0.7769407571,1.842922424,3.143998606
4153,1.033562635,1.712234878,3.144066141
4154,0.9337918512,1.768624544,3.144160793
4155,1.971132608,0.3385797391,3.14356705
4156,1.278927995,1.537642086,3.14355062
4157,1.333487352,1.490574213,3.143511553
4158,0.6808268252,1.880551737,3.143660084
4159,1.559222542,1.25252747,3.143506536
4160,0.4121971047,1.957062479,3.143691781
4161,1.775357724,0.9209261373,3.143378914
4162,1.77550673,0.9206388282,3.143066059
4163,1.213415416,1.589850001,3.143074859
4164,0.5529406509,1.92204491,3.14324321
4165,0.1375173604,1.995266643,3.143446641
4166,1.08010769,1.683260936,3.143500188
4167,0.1296734325,1.995791773,3.143703712
4168,0.02666397697,1.99982225,3.143909072
4169,1.485441926,1.339202107,3.143797413
4170,0.5698795144,1.917090853,3.143962973
4171,1.114228896,1.660871448,3.144005596
4172,0.6757965949,1.882365257,3.144154379
4173,0.02718964515,1.999815172,3.144359382
4174,1.754660521,0.9597741701,3.144065944
4175,0.9801164224,1.743379419,3.144148026
4176,1.150165278,1.636190647,3.144178733
4177,0.9562141894,1.756603092,3.144267081
4178,1.239546471,1.569561897,3.14426585
4179,1.394315969,1.43383506,3.144199663
4180,1.973314475,0.3256224562,3.143603262
4181,0.3399883827,1.970890129,3.143794168
4182,0.1781693632,1.992048111,3.143995101
4183,0.2796440272,1.980353306,3.144190346
4184,0.8286634099,1.820251893,3.144308968
4185,0.2682378793,1.981930483,3.144504799
4186,1.604542778,1.193918956,3.144324037
4187,1.177479093,1.616645597,3.144345286
4188,1.812146069,0.8462426522,3.143998614
4189,1.695476221,1.060830045,3.143754561
4190,0.2204704815,1.987811049,3.143953098
4191,0.8336580764,1.817969805,3.144070489
4192,0.8929047258,1.789614805,3.144174296
4193,1.32295326,1.499931556,3.144139879
4194,1.659445369,1.116351677,3.14392256
4195,0.2741554806,1.981120585,3.14411763
4196,1.035884056,1.710831442,3.144183775
4197,1.340536901,1.484237453,3.144141909
4198,1.767006066,0.9368508748,3.14383928
4199,0.1466762315,1.994614269,3.144040611
4200,1.927704537,0.532874487,3.143545779
4201,1.746213722,0.9750577612,3.143261697
4202,1.094374727,1.674020298,3.143310431
4203,1.398696018,1.429562678,3.143242816
4204,1.705185348,1.045152108,3.142992355
4205,1.302373204,1.517835313,3.142966832
4206,1.280975033,1.535937161,3.14294993
4207,0.6720911502,1.883691452,3.143098357
4208,0.7297582895,1.862109782,3.143236456
4209,1.386519167,1.441375939,3.143174568
4210,0.898122783,1.787001809,3.143276903
4211,1.726415012,1.009698572,3.143010012
4212,1.736461351,0.9923215086,3.142734996
4213,1.017595732,1.721772031,3.142806396
4214,1.859132853,0.737309321,3.142410528
4215,1.981615407,0.2705556819,3.141793375
4216,0.158768878,1.993688151,3.14199394
4217,1.860804627,0.7330798998,3.141596541
4218,1.475419265,1.350236273,3.141491959
4219,0.1176972113,1.996533838,3.141693802
4220,0.5188763584,1.931519434,3.141864737
4221,0.1017292666,1.997411113,3.142066812
4222,0.4057710498,1.958404926,3.142250313
4223,1.762063587,0.9461141133,3.14195431
4224,0.5516410167,1.922418318,3.142120712
4225,1.661752481,1.112914504,3.141903838
4226,1.328449366,1.495065979,3.141867924
4227,1.750240967,0.9678101858,3.141582557
4228,1.234235423,1.573741694,3.141583953
4229,0.479720882,1.94161476,3.141759324
4230,1.833558538,0.7987885127,3.141394269
4231,0.1763112814,1.992213425,3.141593521
4232,0.5487456363,1.923246793,3.141760085
4233,1.112036381,1.662340244,3.141803298
4234,1.999742112,0.03211674205,3.141076427
4235,0.2153732586,1.988369774,3.14127375
4236,0.5550650484,1.921432484,3.141439376
4237,1.040360771,1.708112838,3.14150423
4238,1.98506166,0.2439881262,3.140878103
4239,0.6241667458,1.900109437,3.141033644
4240,0.3743057755,1.964661596,3.141219562
4241,1.503796352,1.318558505,3.141100698
4242,1.169584306,1.622366343,3.141125128
4243,1.834373336,0.7969155934,3.140760458
4244,0.4060584302,1.958345361,3.140943288
4245,0.9682506807,1.74999732,3.14102787
4246,1.217958544,1.586372272,3.14103534
4247,0.1214664964,1.996308065,3.141235853
4248,1.02894159,1.715015803,3.141303837
4249,0.3774251379,1.96406473,3.141489016
4250,0.9953116259,1.734749194,3.141566195
4251,0.7401709048,1.857995434,3.141701322
4252,1.841605937,0.7800561355,3.141329358
4253,0.007689881532,1.999985216,3.141531249
4254,0.9323351888,1.769392861,3.141624633
4255,1.529512657,1.288639217,3.141492001
4256,0.9900369964,1.737764871,3.141570488
4257,0.1899283315,1.990961383,3.141767893
4258,1.24043843,1.568857069,3.141766941
4259,1.118170012,1.65822068,3.141807954
4260,0.8990282609,1.786546441,3.141909194
4261,1.645803333,1.136367629,3.141705211
4262,0.06488539886,1.998947194,3.1419061
4263,0.9634044105,1.752669947,3.141991353
4264,1.792917907,0.8862535628,3.141670179
4265,1.732040727,1.00001746,3.141402504
4266,0.9772292872,1.744999404,3.141484219
4267,1.835311233,0.7947532178,3.141120502
4268,0.8212151501,1.823624325,3.141239089
4269,0.6262314389,1.899429963,3.141393135
4270,1.136618634,1.645629995,3.141428232
4271,1.946929303,0.4576748732,3.140907025
4272,1.138498742,1.644329838,3.140941611
4273,1.84353005,0.7754978749,3.14056952
4274,1.133315796,1.64790634,3.140605842
4275,0.3306474122,1.972478717,3.140793995
4276,0.1414434877,1.994992165,3.140992589
4277,1.978566886,0.2920155447,3.140394749
4278,1.190079722,1.607392378,3.140412138
4279,0.57987564,1.91409097,3.14057287
4280,0.2458300077,1.984834403,3.140766584
4281,0.3779520388,1.963963405,3.140950457
4282,1.581069355,1.224834558,3.140789018
4283,0.909298561,1.781341103,3.140887522
4284,0.2526113819,1.983982734,3.141080584
4285,1.039427095,1.708681162,3.141145061
4286,0.09418804639,1.997780922,3.141344411
4287,0.557202992,1.920813584,3.141507762
4288,0.1145605355,1.996716275,3.141706438
4289,0.1311935829,1.995692422,3.141904544
4290,1.588917828,1.214635803,3.14173843
4291,0.608554481,1.905167038,3.141894243
4292,1.807185542,0.8567849303,3.141561455
4293,0.1361749507,1.99535871,3.141759256
4294,1.566012609,1.244027535,3.141607019
4295,0.4860181237,1.940048036,3.14177896
4296,0.3977139978,1.960057034,3.141960137
4297,1.452605653,1.374749729,3.141868803
4298,1.296149962,1.523153071,3.141846569
4299,1.189916085,1.607513518,3.141863592
4300,0.6742817995,1.882908403,3.142008697
4301,0.883770489,1.794143172,3.142112459
4302,0.7145970145,1.867980489,3.142250499
4303,1.507474324,1.314351993,3.142131153
4304,1.575612106,1.231846781,3.141973523
4305,0.9061785135,1.782930313,3.142071987
4306,1.135185252,1.646619095,3.142107093
4307,1.341593487,1.48328248,3.142066336
4308,0.1500527227,1.994363101,3.142262868
4309,1.320879878,1.501757753,3.142230668
4310,0.5949718234,1.909452416,3.142387669
4311,0.7411101344,1.857620997,3.142520551
4312,1.239807881,1.569355415,3.142519668
4313,1.58180441,1.223885129,3.142358585
4314,1.074520728,1.686832892,3.142412203
4315,0.9633054624,1.752724333,3.142496336
4316,0.9810837515,1.74283524,3.142575848
4317,1.807641431,0.8558226793,3.142244384
4318,1.547583376,1.2668803,3.142103466
4319,0.9548953634,1.757320359,3.142189722
4320,1.038338325,1.709343009,3.142253726
4321,0.1301379747,1.995761536,3.14245027
4322,0.0794032182,1.998423161,3.142647956
4323,1.079643034,1.683559003,3.14269988
4324,0.04883578141,1.999403678,3.14289787
4325,0.9687174418,1.749738986,3.142980316
4326,1.974089537,0.3208901709,3.142402138
4327,0.1093577801,1.997007981,3.142598952
4328,1.791481889,0.8891527668,3.142283727
4329,1.827831703,0.8118074064,3.141932914
4330,0.7981178468,1.833850567,3.142054338
4331,0.795393633,1.835033779,3.142176253
4332,0.3205102412,1.974151257,3.14236234
4333,0.6816040214,1.880270182,3.142505007
4334,1.474905508,1.350797447,3.142403274
4335,1.956750743,0.4136744239,3.141869236
4336,1.414461868,1.413965213,3.141796833
4337,1.288595892,1.529549159,3.141777765
4338,1.580821087,1.225154966,3.141618367
4339,0.03805620102,1.999637899,3.14181603
4340,0.5490696236,1.923154323,3.141978355
4341,1.86682132,0.7176197865,3.141585188
4342,0.2636230235,1.982549596,3.141774851
4343,0.5718032476,1.916517948,3.141934017
4344,0.3037708741,1.97679621,3.142120863
4345,0.2290395513,1.986841937,3.142312247
4346,1.202703064,1.59796913,3.142324586
4347,0.4791596529,1.941753338,3.14249509
4348,0.6279102248,1.898875654,3.142645793
4349,1.222543561,1.582841508,3.14265109
4350,0.383006912,1.962983878,3.142831163
4351,1.987290632,0.225113183,3.142212316
4352,1.364039887,1.462667148,3.142162482
4353,1.81626906,0.8373569739,3.14182537
4354,1.050975203,1.701602516,3.141885402
4355,0.3113942118,1.975609689,3.142071242
4356,0.1644958843,1.993223797,3.142265084
4357,0.4236455977,1.954616179,3.142441115
4358,1.585900753,1.218572444,3.142279276
4359,0.5231600947,1.930363571,3.142444095
4360,0.3840292393,1.962784131,3.142623711
4361,0.8224172351,1.823082525,3.142739176
4362,0.590450547,1.910855346,3.142894832
4363,1.671476799,1.098255576,3.14267792
4364,0.2452452216,1.984906744,3.142867456
4365,1.785860317,0.9003904301,3.142559991
4366,1.016792585,1.722246451,3.142629147
4367,1.891385899,0.6501225903,3.142207259
4368,0.2135946773,1.988561619,3.142398402
4369,1.877336417,0.6896433705,3.141994852
4370,1.517338681,1.302951775,3.141872177
4371,0.7431275415,1.856814869,3.142002984
4372,0.1791541634,1.991959785,3.142195554
4373,1.050604406,1.701831479,3.142255345
4374,0.5853267707,1.912431063,3.142411405
4375,1.765802002,0.939118357,3.142122451
4376,0.785646844,1.839227837,3.142245014
4377,0.07126286486,1.998729998,3.142440402
4378,0.5106178402,1.933719065,3.142606002
4379,0.3880941854,1.96198443,3.142784436
4380,0.05271510288,1.999305159,3.14297983
4381,1.779592704,0.9127156227,3.142679089
4382,0.8346562755,1.817511734,3.142791445
4383,0.3952141497,1.960562617,3.142969025
4384,1.879270234,0.6843561853,3.142564313
4385,0.5111988925,1.933565539,3.142729551
4386,1.071617436,1.688678794,3.142783045
4387,1.879812084,0.6828664068,3.142377974
4388,1.881018479,0.6795362247,3.141971569
4389,1.609136199,1.187720798,3.141796921
4390,1.07023512,1.689555204,3.141850978
4391,0.5015114549,1.936100788,3.142017307
4392,0.1845876826,1.991463629,3.142208771
4393,1.616487672,1.177695888,3.142029664
4394,0.002606548935,1.999998301,3.142224923
4395,1.815894145,0.8381697042,3.141891388
4396,1.816874943,0.8360415302,3.141557037
4397,1.11306051,1.661654687,3.141598372
4398,1.388692631,1.439282035,3.141538565
4399,0.9069612078,1.782532291,3.141634843
4400,0.8489048926,1.810900462,3.141743971
4401,1.305833394,1.514859448,3.141718517
4402,1.339260101,1.48538964,3.141679685
4403,1.975446439,0.3124281793,3.141108069
4404,1.486428146,1.338107382,3.141002507
4405,1.29723709,1.522227293,3.14098059
4406,1.578942725,1.227574792,3.140824931
4407,0.996645244,1.73398335,3.140899163
4408,1.181246209,1.6138951,3.140918876
4409,0.5159135116,1.932312927,3.141083019
4410,0.6171229158,1.902408817,3.141233525
4411,0.8774823969,1.797226931,3.141336273
4412,1.38915241,1.438838275,3.141276514
4413,0.4999964907,1.936492579,3.141442321
4414,1.574775739,1.2329158,3.14128926
4415,1.657848265,1.118722097,3.141084539
4416,0.9585074963,1.755352779,3.141168239
4417,1.840602986,0.7824197384,3.140811361
4418,0.8590352508,1.80611695,3.140918066
4419,1.337649941,1.486839815,3.140880221
4420,1.203509846,1.59736159,3.140892403
4421,0.3795449092,1.963656197,3.141070286
4422,0.6800936286,1.880817018,3.141210621
4423,1.390546957,1.437490577,3.141150429
4424,0.9475466768,1.761293643,3.141236649
4425,1.085255441,1.679946615,3.141286063
4426,0.451080785,1.948467635,3.141456793
4427,0.3214548724,1.973997661,3.141638979
4428,0.5607030903,1.919794792,3.141796601
4429,0.5878200867,1.91166617,3.141950481
4430,0.9517720736,1.759013906,3.142035374
4431,0.1148109388,1.996701893,3.142227514
4432,1.202753712,1.597931009,3.142239615
4433,0.5827647184,1.91321334,3.142393955
4434,0.2249380699,1.98731046,3.142581647
4435,1.066390658,1.691984328,3.142636075
4436,1.962446941,0.3857486266,3.142101553
4437,0.2452312,1.984908476,3.142288101
4438,1.753620224,0.9616735992,3.142013441
4439,0.9753847452,1.746031099,3.142092299
4440,1.527774398,1.290699574,3.141966017
4441,1.21212778,1.590831935,3.141974956
4442,1.56450676,1.245920783,3.141828595
4443,0.9112666663,1.780335098,3.141922865
4444,0.2598092207,1.983052992,3.142108325
4445,0.1199106681,1.996402122,3.142299707
4446,0.5801706686,1.914001566,3.142453937
4447,1.668080442,1.103407286,3.142243539
4448,0.2744384248,1.981081409,3.142427873
4449,1.600088834,1.199881546,3.142260945
4450,1.743623469,0.979682192,3.141995125
4451,0.4325852825,1.952657157,3.142166619
4452,0.1023489191,1.997379458,3.142358127
4453,1.883893319,0.6715251027,3.14195406
4454,1.868142734,0.7141727571,3.141569326
4455,1.068327507,1.690762058,3.141623188
4456,0.8550478426,1.808008072,3.141729649
4457,0.0835258838,1.998255096,3.141921433
4458,0.8159192263,1.82599995,3.142035852
4459,1.228562931,1.578173984,3.142039061
4460,0.5366721954,1.926650709,3.142198537
4461,0.8728930728,1.799460387,3.142300918
4462,0.9873370856,1.739300284,3.142376288
4463,1.291851974,1.526800077,3.142356397
4464,0.2180683735,1.988076001,3.142543179
4465,0.9142938694,1.77878237,3.142636129
4466,0.03918169383,1.999616162,3.142827933
4467,1.561563191,1.249608099,3.142683851
4468,1.359519951,1.466869286,3.142637086
4469,1.368199771,1.458776674,3.142586721
4470,1.815504369,0.8390136394,3.142259079
4471,0.6591063461,1.888274033,3.142400946
4472,0.303833289,1.976786618,3.142582335
4473,0.03991862362,1.999601586,3.142773845
4474,1.312234686,1.509317769,3.142746098
4475,1.323660952,1.499307068,3.14271389
4476,0.8689936726,1.801346718,3.142816655
4477,0.3455678843,1.9699195,3.142994681
4478,1.942650218,0.4755103904,3.142505183
4479,1.294051565,1.524936243,3.142484501
4480,0.2286704051,1.986884457,3.142670056
4481,0.703800783,1.872074907,3.142804285
4482,1.942801648,0.474891311,3.14231499
4483,1.144239487,1.640340208,3.142345854
4484,1.560271948,1.251219985,3.142203145
4485,1.779161315,0.9135562463,3.141909926
4486,0.8422359529,1.814011742,3.142018288
4487,0.03484128574,1.999696498,3.142209368
4488,0.834862833,1.817416862,3.142319132
4489,1.393287477,1.434834487,3.142258395
4490,0.8071704787,1.8298841,3.142373653
4491,1.77043013,0.9303639899,3.142088272
4492,0.3016168476,1.977126015,3.142269075
4493,1.579227317,1.227208654,3.142115981
4494,1.805002572,0.8613743182,3.141800145
4495,0.9901977453,1.737673279,3.141874348
4496,1.207083146,1.594663061,3.141884903
4497,1.454879073,1.372343573,3.141796578
4498,0.1291163194,1.995827892,3.141985519
4499,1.456092784,1.371055726,3.141896638
4500,0.4560851566,1.947302321,3.142063907
4501,1.454677054,1.372557711,3.141975716
4502,0.453956043,1.947799762,3.142143113
4503,1.384220885,1.44358323,3.14208649
4504,0.03882689621,1.999623083,3.1422768
4505,0.2631568641,1.982611526,3.142459474
4506,1.940565069,0.483949597,3.141976882
4507,0.639589614,1.894973648,3.142120652
4508,0.4555990216,1.947416117,3.142287624
4509,0.6419857288,1.894163225,3.142430902
4510,0.7429275743,1.856894886,3.142557589
4511,0.7202098404,1.865823621,3.142688179
4512,1.129543109,1.650494582,3.142723263
4513,1.623731924,1.167687732,3.142544369
4514,1.623639043,1.167816877,3.142365612
4515,1.618200725,1.175340977,3.142190267
4516,1.052181159,1.700857081,3.142247734
4517,1.197328428,1.602000198,3.142261406
4518,1.572511652,1.23580221,3.142112964
4519,0.6120764181,1.90403846,3.142260334
4520,0.7538739749,1.852477808,3.142384824
4521,0.7096346109,1.869871311,3.142516954
4522,0.8850215245,1.793526387,3.142615259
4523,0.8119600118,1.827763918,3.14272866
4524,0.06396578897,1.998976833,3.142917702
4525,1.67807699,1.088144116,3.142704082
4526,1.057143771,1.69777709,3.142759948
4527,1.331235144,1.492586008,3.142725137
4528,0.4500692929,1.948701524,3.142891807
4529,0.4326421607,1.952644556,3.143060143
4530,0.8676852327,1.801977341,3.143161886
4531,1.385116546,1.442723866,3.143105008
4532,0.4958253263,1.937564772,3.143266532
4533,1.77773208,0.9163343561,3.142977408
4534,1.255177313,1.557090207,3.142971057
4535,0.9641497765,1.752260029,3.143050781
4536,0.8414908578,1.8143575,3.14315785
4537,0.8014603048,1.832392256,3.143272821
4538,0.9707822137,1.748594262,3.143350811
4539,1.482669885,1.34227047,3.143249729
4540,1.772182444,0.9270217831,3.142965763
4541,1.582500685,1.222984702,3.142812273
4542,1.379372816,1.448216363,3.142758028
4543,1.377714431,1.449794105,3.142704502
4544,1.762402365,0.9454828943,3.142429032
4545,1.687982624,1.07271369,3.142209669
4546,0.4828199662,1.940846434,3.142372336
4547,0.7637723707,1.84841872,3.142494277
4548,0.972062023,1.747883126,3.142571953
4549,1.434912264,1.393207376,3.14249366
4550,1.519590394,1.300324972,3.142374573
4551,0.4721199965,1.943476964,3.142538181
4552,1.931054119,0.5206054058,3.142076554
4553,1.668803125,1.102313989,3.141870657
4554,1.802210886,0.8672000467,3.141561594
4555,1.670440046,1.099831829,3.141354811
4556,1.57705711,1.229996289,3.141205258
4557,1.882944411,0.6741812419,3.140811832
4558,0.7530232786,1.852823775,3.140935754
4559,0.6698954342,1.88447343,3.141073506
4560,1.911061737,0.5897821946,3.14064335
4561,1.459110087,1.3678442,3.140554564
4562,0.116437037,1.996607727,3.140741469
4563,1.1894131,1.607885716,3.140757912
4564,1.597612575,1.203176653,3.140597
4565,0.1985110314,1.990123959,3.140780932
4566,0.3745932712,1.964606801,3.140953607
4567,1.765255842,0.9401445695,3.140677569
4568,0.178785802,1.991992881,3.140862181
4569,1.609573831,1.18712766,3.140694397
4570,0.5097365772,1.933951556,3.140853523
4571,0.5924680473,1.910230775,3.141002202
4572,1.052061566,1.700931057,3.141059257
4573,0.9842130494,1.741069979,3.141133843
4574,1.358614307,1.467708133,3.141088868
4575,1.189201592,1.608042155,3.14110526
4576,0.8760463943,1.797927339,3.141204637
4577,1.981090705,0.2743713141,3.140638227
4578,1.785720139,0.9006684101,3.140345675
4579,0.7576822065,1.850923465,3.1404683
4580,0.2365573208,1.985960884,3.14064984
4581,1.344956918,1.48023339,3.140610508
4582,0.8116127197,1.827918158,3.140722953
4583,1.416752364,1.411670195,3.140653701
4584,1.810409359,0.849951736,3.140339401
4585,1.796261798,0.8794563973,3.140038109
4586,0.8140828606,1.826819393,3.140150102
4587,1.057003695,1.697864302,3.14020582
4588,0.1163062322,1.996615351,3.140391745
4589,1.410355692,1.418060937,3.140325441
4590,1.864174491,0.7244677119,3.139956946
4591,0.4632943697,1.945599735,3.14012058
4592,0.1638107607,1.99328022,3.140304909
4593,1.277061447,1.539192665,3.140291428
4594,0.919608675,1.776040508,3.140381064
4595,0.9926689162,1.736262775,3.140453348
4596,1.14402515,1.6404897,3.140483924
4597,1.710174027,1.036969044,3.140251915
4598,1.568141112,1.241343407,3.140108904
4599,0.8648226138,1.803352946,3.14021036
4600,1.740589113,0.985063216,3.139955994
4601,0.3241290043,1.973560333,3.140131426
4602,1.231839083,1.575618124,3.140133839
4603,1.294343638,1.524688344,3.140114122
4604,0.0792058661,1.998430992,3.14030021
4605,0.1681510884,1.992918767,3.140483823
4606,0.1510250633,1.994289706,3.140667952
4607,0.7804628418,1.841433613,3.140785642
4608,1.356788867,1.469395784,3.140741806
4609,1.072919281,1.687851954,3.140792785
4610,0.4854491746,1.94019048,3.140953217
4611,0.04480983267,1.999497957,3.141139303
4612,1.692580763,1.065443738,3.140920254
4613,1.72214313,1.016967571,3.140680283
4614,0.2697769073,1.98172158,3.140858602
4615,1.673285262,1.095498258,3.140652781
4616,0.8337067774,1.817947472,3.14076007
4617,0.9971049928,1.733719018,3.140830825
4618,1.149067026,1.636962116,3.140859646
4619,0.5704037708,1.916934933,3.14100968
4620,1.293333272,1.525545492,3.140990217
4621,1.071168374,1.68896368,3.141041491
4622,0.2145312847,1.988460794,3.14122234
4623,0.8612946379,1.805040594,3.141323758
4624,1.33607024,1.488259491,3.141288117
4625,1.154306008,1.633272065,3.1413152
4626,0.7899405678,1.837387792,3.141430517
4627,1.09591888,1.673009805,3.141474734
4628,1.577030041,1.230030996,3.141327497
4629,0.8463675133,1.812087755,3.141431806
4630,0.2046150672,1.989505636,3.141612709
4631,0.7203989271,1.865750623,3.141740087
4632,0.7576744568,1.850926638,3.14186101
4633,0.4330330404,1.952557908,3.142025753
4634,1.708731678,1.039344049,3.141796288
4635,0.06949174674,1.99879236,3.141980924
4636,0.9648908956,1.751852037,3.142058949
4637,0.5149831149,1.932561096,3.142214883
4638,0.06240905197,1.99902604,3.14239941
4639,0.6439228968,1.893505559,3.142538365
4640,1.936190349,0.5011655751,3.142077113
4641,0.8135082818,1.827075334,3.14218745
4642,0.3088961878,1.976001808,3.142361904
4643,0.9244219495,1.77353998,3.142449072
4644,1.963490795,0.3803996573,3.141936227
4645,0.4090028365,1.957732535,3.142102757
4646,0.7894723433,1.837589023,3.142217495
4647,0.910748655,1.780600148,3.142307657
4648,0.4078270013,1.957977818,3.142474105
4649,1.685589893,1.07646956,3.142261256
4650,0.787317784,1.838513178,3.142376259
4651,1.094405633,1.674000093,3.14242047
4652,0.2760815016,1.9808531,3.142596584
4653,0.9764814582,1.745417991,3.142671426
4654,1.954361511,0.4248188831,3.142178724
4655,0.9535810479,1.758033898,3.142259044
4656,0.307657501,1.976195047,3.142433042
4657,0.3644935253,1.96650565,3.142602803
4658,0.1368429917,1.995313007,3.14278486
4659,0.679472471,1.88104151,3.142917785
4660,0.5345587813,1.927238156,3.14307048
4661,1.632939654,1.154776206,3.142891652
4662,0.7441837944,1.856391791,3.143013894
4663,1.460031575,1.366860563,3.14292612
4664,1.833165617,0.7996898279,3.14259517
4665,1.83341133,0.7991263321,3.142264122
4666,1.601779571,1.197623566,3.142104024
4667,1.758341742,0.9530132841,3.141839169
4668,0.6909002584,1.876874219,3.141970255
4669,1.285626339,1.532045991,3.141953575
4670,0.4023601735,1.959108545,3.142119799
4671,0.4297434609,1.953284556,3.142283457
4672,0.3670520633,1.9660297,3.142452502
4673,0.2295232802,1.986786114,3.142630357
4674,1.314971795,1.506933701,3.142602809
4675,1.868907911,0.7121679707,3.142235265
4676,1.483458249,1.341399129,3.142137011
4677,0.01718513806,1.999926166,3.142320401
4678,1.340676845,1.484111046,3.142283184
4679,1.202645705,1.5980123,3.14229467
4680,0.07256434488,1.99868317,3.142477378
4681,0.3621787871,1.96693328,3.142646442
4682,1.546362909,1.268369723,3.14251703
4683,1.945053126,0.4655838664,3.142044822
4684,1.930418629,0.5229568981,3.141597313
4685,1.55291096,1.260344218,3.141464782
4686,1.924847205,0.5431051791,3.141026187
4687,1.121244369,1.656143431,3.141062727
4688,1.740146628,0.9858446703,3.140813287
4689,1.806595539,0.8580282972,3.140509436
4690,1.530558049,1.287397398,3.140388815
4691,0.9511650182,1.759342237,3.140469457
4692,0.09958410592,1.997519213,3.140651591
4693,0.9818762935,1.742388861,3.140724918
4694,1.758071228,0.9535122211,3.140462093
4695,0.891272497,1.790428255,3.140555894
4696,1.212958306,1.590198776,3.140564378
4697,0.2850554918,1.979581614,3.140738659
4698,0.5056095118,1.935034631,3.140893902
4699,0.07006930861,1.998772196,3.141076207
4700,1.8853504,0.667423306,3.140691903
4701,0.5832238791,1.913073419,3.140837713
4702,0.1251362263,1.996081392,3.141018769
4703,1.475702187,1.349927056,3.140924964
4704,1.982387184,0.2648415653,3.140369853
4705,1.583542076,1.221635991,3.140221692
4706,0.1151919894,1.996679946,3.14040298
4707,1.799522223,0.8727655861,3.14010664
4708,1.725765833,1.010807741,3.139869067
4709,0.4244903279,1.9544329,3.140032371
4710,1.069730164,1.689874959,3.140083266
4711,0.0292008565,1.999786816,3.14026571
4712,1.148817342,1.637137354,3.14029415
4713,1.16597345,1.624963358,3.140317411
4714,0.793824959,1.835712923,3.140430077
4715,1.716815708,1.025935586,3.140199206
4716,0.4158535327,1.956288792,3.140362984
4717,1.87130378,0.7058485398,3.139996509
4718,1.156852308,1.631469502,3.140022567
4719,0.4689036635,1.944255476,3.140181178
4720,0.7730851333,1.844543135,3.140297472
4721,1.527981807,1.290454028,3.140178982
4722,0.5680391714,1.917636957,3.140326186
4723,1.175610038,1.618005265,3.140346445
4724,0.3593080638,1.967459711,3.140514644
4725,0.09560005505,1.997713851,3.140695578
4726,1.77548313,0.9206843398,3.140420647
4727,0.2578621723,1.983307112,3.140595428
4728,0.05695882564,1.999188759,3.140776854
4729,0.02726835453,1.999814101,3.140958468
4730,1.43928364,1.388690968,3.140881602
4731,0.1808072414,1.991810418,3.141059733
4732,0.7359965447,1.859652948,3.141181932
4733,0.3448912635,1.970038075,3.141350725
4734,0.07871315965,1.998450459,3.141531449
4735,1.328614331,1.494919383,3.141499413
4736,0.02415048272,1.999854183,3.141680623
4737,0.394022711,1.960802413,3.141845268
4738,0.8422054763,1.814025892,3.141947886
4739,0.1187533792,1.996471296,3.142127459
4740,0.4364128071,1.951805283,3.142288109
4741,1.153948802,1.63352446,3.142314425
4742,1.024093246,1.717915314,3.142376322
4743,1.124282082,1.654082767,3.142411276
4744,1.408901283,1.419505961,3.142347322
4745,1.318691597,1.503679644,3.142318873
4746,0.3749083855,1.964546691,3.14248465
4747,1.560394924,1.251066617,3.142349754
4748,0.1476412016,1.994543074,3.142528089
4749,0.7573150432,1.851073722,3.142645929
4750,0.8017269885,1.832275589,3.142755803
4751,0.7241898805,1.86428244,3.142879106
4752,0.5189719037,1.931493765,3.143030644
4753,1.231153258,1.576154071,3.143032596
4754,0.7388176701,1.858533952,3.143153343
4755,0.5379666496,1.926289668,3.143302539
4756,0.5347058247,1.927197364,3.143452054
4757,1.940409263,0.4845739281,3.142994979
4758,0.4937918039,1.938084016,3.143149072
4759,0.3910275632,1.961401908,3.143312899
4760,1.3158784,1.506142104,3.143285372
4761,1.523412041,1.295845574,3.143169516
4762,0.9307124155,1.770246988,3.143252952
4763,0.6055703428,1.906117667,3.143393406
4764,1.488417688,1.335894002,3.143294412
4765,1.384644723,1.443176701,3.14324049
4766,1.666491557,1.105805539,3.143045016
4767,1.181793983,1.613494029,3.143062625
4768,1.7433904,0.980096889,3.14281454
4769,1.011842467,1.725159361,3.14287902
4770,0.9940418244,1.735477125,3.142947799
4771,0.3732931417,1.964854252,3.143112704
4772,1.26611385,1.548210489,3.143102919
4773,0.7738270022,1.844232027,3.143217179
4774,1.936696974,0.4992041975,3.14276791
4775,1.698786305,1.055521242,3.142551842
4776,0.5257171462,1.929668749,3.142701923
4777,0.1345377633,1.995469767,3.14287949
4778,1.642764961,1.140755575,3.142699212
4779,1.641354361,1.142784258,3.142519858
4780,0.963855229,1.752422066,3.142595658
4781,0.5063007462,1.934853885,3.142747742
4782,1.094788998,1.673749399,3.142790559
4783,1.999265501,0.05419829449,3.142156146
4784,0.8264109946,1.821275616,3.142260744
4785,1.860743841,0.7332341778,3.141910526
4786,0.9195852056,1.77605266,3.141996233
4787,1.878601761,0.6861890579,3.141626562
4788,1.769418698,0.9322861528,3.141359842
4789,1.547680095,1.266762142,3.141232919
4790,0.8564247873,1.807356241,3.141331766
4791,0.7495667137,1.854224836,3.141450138
4792,0.7475952101,1.855020593,3.141568792
4793,1.581687078,1.224036759,3.141424103
4794,0.4476243406,1.949264592,3.14158203
4795,0.8473083565,1.81164802,3.141682492
4796,0.07169506258,1.998714541,3.141860921
4797,1.169237108,1.622616586,3.141882471
4798,1.873080042,0.7011213574,3.141519895
4799,0.009166753493,1.999978993,3.141698773
4800,1.20943779,1.592877972,3.141707952
4801,0.6415901727,1.894297244,3.141842692
4802,1.029912384,1.714432991,3.141902463
4803,0.5458364327,1.924074476,3.142049506
4804,0.08611884525,1.998145026,3.142227325
4805,1.817579571,0.8345085401,3.141920725
4806,1.193103558,1.605149183,3.141934953
4807,1.857913782,0.7403758351,3.141589377
4808,0.6082315243,1.905270168,3.14172851
4809,0.9784182953,1.744333007,3.141800653
4810,1.440691469,1.387230367,3.141724283
4811,1.316265556,1.505803768,3.141697238
4812,0.7676479609,1.846812554,3.141811936
4813,1.947264868,0.4562450355,3.141348748
4814,0.5921177411,1.910339389,3.141489864
4815,0.2457402983,1.984845512,3.141661868
4816,1.289807176,1.52852787,3.1416443
4817,1.002203032,1.730777017,3.141710713
4818,1.045102966,1.705215467,3.141766487
4819,0.9040269451,1.78402222,3.141854945
4820,0.08267028392,1.998290676,3.142032274
4821,0.8762781301,1.797814406,3.142126362
4822,0.2054538053,1.989419195,3.142299882
4823,0.9719348119,1.747953867,3.142373199
4824,0.63264342,1.897303956,3.142508405
4825,1.386201057,1.441681876,3.142454696
4826,0.6986788873,1.873992479,3.142580169
4827,1.93332569,0.5121052405,3.14214131
4828,0.8626517314,1.804392416,3.142237964
4829,0.4763924227,1.942434107,3.142391749
4830,0.7982387571,1.833797941,3.142500487
4831,0.8806616426,1.795671204,3.142593396
4832,1.861559171,0.7311617157,3.142245658
4833,1.386072092,1.441805866,3.142192144
4834,1.641617685,1.142405959,3.142014779
4835,1.351671795,1.474104256,3.141974695
4836,0.7144439717,1.868039028,3.142097545
4837,1.950786192,0.4409458381,3.141630271
4838,0.5190265493,1.931479081,3.141779367
4839,0.9081082319,1.781948215,3.1418666
4840,1.447243063,1.380393972,3.141787864
4841,1.669763151,1.100859219,3.141593675
4842,0.2303464102,1.986690849,3.141765461
4843,1.623670859,1.167772642,3.14159899
4844,1.245164975,1.565108362,3.14159664
4845,0.8978917905,1.787117884,3.141685936
4846,0.8133596114,1.827141522,3.141791714
4847,1.707015102,1.042160948,3.141573544
4848,1.29611406,1.523183621,3.141553905
4849,0.2643040471,1.98245892,3.141723706
4850,0.4028813547,1.959001433,3.141883764
4851,0.1006067262,1.997467969,3.142059614
4852,0.2848174393,1.979615878,3.142228034
4853,1.557859127,1.254222844,3.142097438
4854,1.81140949,0.8478181752,3.141799444
4855,0.06186306116,1.999043011,3.141975817
4856,1.356022988,1.4701026,3.141934266
4857,0.4642009665,1.945383629,3.142088442
4858,1.189047589,1.608156035,3.14210372
4859,0.6926923543,1.876213555,3.142229327
4860,1.042142106,1.707026605,3.142285258
4861,0.658863327,1.888358842,3.142415773
4862,0.3855725023,1.962481553,3.142576725
4863,1.631223164,1.157199632,3.142406423
4864,1.968492075,0.3536084729,3.141905767
4865,1.119304297,1.657455245,3.141941328
4866,1.709221793,1.038537849,3.14172249
4867,1.132976687,1.648139504,3.141754246
4868,1.558709708,1.253165611,3.141623716
4869,0.232962008,1.986385839,3.141794418
4870,1.093079919,1.674866052,3.141837115
4871,0.9773203091,1.744948427,3.141908571
4872,1.1488749,1.637096962,3.141935723
4873,1.453301543,1.374014056,3.141854888
4874,1.955479103,0.4196444657,3.14138247
4875,0.498634415,1.936843752,3.141532687
4876,1.927002921,0.5354061474,3.141108011
4877,0.2538725043,1.983821754,3.141277487
4878,0.4308875964,1.953032483,3.14143427
4879,0.2775303517,1.980650626,3.14160231
4880,0.9695864231,1.749257605,3.141675448
4881,1.413892616,1.414534436,3.141611402
4882,1.701373801,1.051345418,3.141398596
4883,0.1745072863,1.992372256,3.141571306
4884,1.777289281,0.9171928969,3.14130366
4885,0.9540788973,1.757763766,3.141380266
4886,1.478369177,1.347005782,3.141288705
4887,1.282923859,1.534309738,3.141273835
4888,0.2696980979,1.981732307,3.141442041
4889,0.5751896577,1.915504335,3.141583086
4890,1.867050284,0.717023874,3.141233896
4891,1.502405119,1.320143499,3.141131474
4892,0.5437868918,1.924654727,3.141276237
4893,1.672607327,1.09653305,3.141082448
4894,0.2647417173,1.98240052,3.14125076
4895,0.8990830963,1.786518846,3.141338969
4896,0.8742292919,1.798811592,3.141432165
4897,1.425061417,1.403281852,3.141363782
4898,0.8981453583,1.786990463,3.141452108
4899,0.3271170003,1.973067274,3.141616362
4900,0.8690641153,1.801312733,3.141710445
4901,1.880038681,0.6822423001,3.14134782
4902,1.559731247,1.25189394,3.141217759
4903,0.3282798641,1.972874129,3.141381849
4904,0.1968989178,1.990284104,3.141552971
4905,1.90075749,0.6221904559,3.141166188
4906,1.026020593,1.716764906,3.141225781
4907,0.7998637584,1.833089733,3.141332762
4908,0.8841306285,1.793965728,3.141423756
4909,1.043072753,1.706458096,3.141479061
4910,1.341668479,1.483214649,3.141443409
4911,1.97461866,0.3176179255,3.140933084
4912,0.6788188729,1.881277475,3.141059636
4913,0.2332986296,1.986346332,3.141228907
4914,1.974004801,0.3214110222,3.140720481
4915,1.137602519,1.644950002,3.140750833
4916,0.6164443771,1.902628795,3.140886005
4917,0.9429360908,1.763766291,3.14096464
4918,1.761567792,0.9470369124,3.140711104
4919,1.781190023,0.9095944711,3.140442447
4920,1.882190605,0.6762828741,3.140079058
4921,0.7683966326,1.846501182,3.140191418
4922,1.04640435,1.704417184,3.140245998
4923,0.4332642561,1.952506616,3.140401343
4924,1.210666133,1.59194457,3.140410175
4925,0.7945675119,1.835391639,3.140517865
4926,1.980212581,0.2806387991,3.139994268
4927,0.2022239553,1.989750103,3.140164657
4928,1.340364407,1.484393229,3.14012988
4929,0.5640823259,1.91880461,3.140271385
4930,0.8851968854,1.793439844,3.140361975
4931,1.073805593,1.687288223,3.140409474
4932,1.659095314,1.116871854,3.14022564
4933,0.03038952686,1.999769106,3.140399837
4934,0.9504391558,1.759734472,3.140476665
4935,1.611424259,1.184614645,3.140320384
4936,0.05530697188,1.999235138,3.140494239
4937,0.7472139334,1.855174207,3.140609665
4938,1.664431177,1.10890435,3.140422787
4939,0.4671340711,1.944681403,3.140574425
4940,0.729356085,1.862267355,3.140692636
4941,0.9068488627,1.782589448,3.140778547
4942,1.943194934,0.4732794604,3.140334552
4943,0.3538338525,1.968451575,3.140495703
4944,1.496329568,1.327025932,3.140397313
4945,1.881517429,0.6781534974,3.140036526
4946,0.9990359071,1.732607069,3.140102271
4947,0.8225310958,1.823031156,3.140204548
4948,0.3987180798,1.959853028,3.140362086
4949,1.815813713,0.8383439389,3.140066335
4950,0.2258087654,1.987211715,3.140234892
4951,1.445761653,1.381945456,3.140158878
4952,0.4087713861,1.957780875,3.140315462
4953,1.122426876,1.655342233,3.140349859
4954,1.454279057,1.372979396,3.140270248
4955,1.757646849,0.9542942704,3.140021675
4956,1.371430942,1.45573939,3.13997556
4957,0.08013082836,1.998394118,3.140148409
4958,0.1814208247,1.991754625,3.14031851
4959,0.301289628,1.977175905,3.140482663
4960,0.2233154653,1.987493447,3.14065091
4961,0.9589341465,1.75511974,3.140725409
4962,0.3515219204,1.968865749,3.140886031
4963,1.670809836,1.099269982,3.140696156
4964,0.1231477708,1.996205056,3.140867735
4965,1.409318539,1.419091701,3.140806771
4966,1.208542205,1.593557573,3.140816096
4967,1.55796409,1.254092459,3.140688729
4968,1.987688125,0.2215759876,3.140145747
4969,1.684446775,1.07825742,3.139947793
4970,0.5098955519,1.933909648,3.140094246
4971,1.052711384,1.700528959,3.140146743
4972,0.946382262,1.761919582,3.140223914
4973,0.1639389345,1.993269682,3.140394096
4974,1.956753644,0.4136607041,3.139929063
4975,1.790038771,0.892054481,3.139656537
4976,0.8703929643,1.80067101,3.139749319
4977,0.05151279058,1.999336498,3.139921898
4978,1.754404306,0.9602424326,3.139676933
4979,1.93903715,0.4900356413,3.13924319
4980,1.275242066,1.540700384,3.139231575
4981,0.6536469586,1.8901708,3.139360286
4982,1.764642541,0.9412952265,3.139108024
4983,0.9131429138,1.779373491,3.139192238
4984,0.2295914791,1.986778234,3.139359647
4985,1.803123508,0.8653008812,3.139077047
4986,1.041060128,1.707686684,3.139132462
4987,0.7567631009,1.851299438,3.139245449
4988,1.553952935,1.259059282,3.139120924
4989,1.953917093,0.4268582819,3.138662836
4990,0.5207054224,1.931027152,3.138807804
4991,0.2091689585,1.989032013,3.138975958
4992,0.4537832405,1.947840027,3.139127541
4993,1.745631957,0.9760989048,3.138889822
4994,0.1091110625,1.997021476,3.139061059
4995,1.662964489,1.111102655,3.138877504
4996,1.004021225,1.72972292,3.138941669
4997,0.2477861361,1.98459115,3.139107817
4998,0.4783168078,1.94196113,3.139256839
4999,0.6428592127,1.893866952,3.139386561
5000,0.9829714024,1.741771289,3.139455392
5001,0.3725637416,1.964992687,3.139613466
5002,0.5563727745,1.921054225,3.139753909
5003,1.403589071,1.424758829,3.139695896
5004,1.909257087,0.5955983356,3.139306508
5005,1.752856358,0.9630652046,3.139064115
5006,1.077862922,1.684699238,3.139110127
5007,0.4048124646,1.958603295,3.139265529
5008,1.548179088,1.266152246,3.13914433
5009,1.397373773,1.430855177,3.139088943
5010,1.671983586,1.09748389,3.138900496
5011,1.513165083,1.307796403,3.138796064
5012,1.01028576,1.726071459,3.138858584
5013,0.2112490859,1.988812164,3.139025902
5014,1.021423065,1.719504266,3.139085731
5015,0.9778367988,1.744659048,3.139155568
5016,0.5427800675,1.924938908,3.139297259
5017,0.3228776422,1.973765444,3.139458358
5018,1.575323303,1.232216089,3.139323837
5019,1.925394009,0.5411634783,3.138913995
5020,1.888077073,0.6596703474,3.13855153
5021,1.469722176,1.3564353,3.13846675
5022,1.698523092,1.055944746,3.138262334
5023,0.6881685667,1.877877532,3.138385267
5024,1.084272129,1.680581432,3.13842961
5025,0.8171787574,1.825436627,3.138531588
5026,1.077326507,1.685042313,3.138577659
5027,0.6661276393,1.885808571,3.138703587
5028,1.471219116,1.354811542,3.138618249
5029,1.894387639,0.6413232208,3.138249195
5030,1.616135029,1.178179769,3.13809375
5031,1.014641495,1.723514617,3.138155156
5032,1.41665637,1.411766528,3.138092632
5033,0.2245361411,1.987355912,3.138258859
5034,0.471823495,1.943548968,3.138407615
5035,1.978648161,0.2914643297,3.137900072
5036,1.898979197,0.6275970132,3.137526223
5037,1.469996408,1.356138105,3.137441797
5038,1.505255232,1.316892815,3.137341826
5039,0.53761345,1.926388273,3.137483805
5040,0.04173864406,1.999564424,3.137654767
5041,0.1060614755,1.997185761,3.137824716
5042,1.396364208,1.431840424,3.137770344
5043,1.995407838,0.1354531645,3.137201861
5044,1.239275868,1.569775565,3.137202326
5045,0.7934192336,1.835888319,3.137308288
5046,0.1614974591,1.993468979,3.137476664
5047,0.9584860528,1.755364488,3.13755062
5048,1.858151493,0.7397790419,3.137222174
5049,0.5345477823,1.927241207,3.137364234
5050,1.468404535,1.357861598,3.137280741
5051,1.965875653,0.3678762246,3.136805285
5052,0.5570994647,1.920843613,3.13694481
5053,1.218300765,1.586109468,3.136951791
5054,0.774157341,1.844093385,3.13706086
5055,0.1792189108,1.991953961,3.137228387
5056,0.5219384683,1.930694237,3.137371615
5057,0.184907954,1.991433918,3.137538808
5058,1.649366961,1.131189033,3.137365783
5059,1.24770718,1.563082465,3.137363569
5060,1.922207907,0.5523737522,3.136961866
5061,0.7750276613,1.843727779,3.137070638
5062,1.549190339,1.264914738,3.136950677
5063,1.045305099,1.705091567,3.137004643
5064,1.710854441,1.035846071,3.136794274
5065,0.3688745069,1.965688581,3.136951151
5066,0.2449621345,1.9849417,3.137115567
5067,0.48638029,1.939957271,3.137262162
5068,1.303475741,1.516888589,3.137241743
5069,0.1122966872,1.996844875,3.137410701
5070,0.04718775171,1.999443252,3.137580617
5071,1.335553974,1.488722803,3.137549039
5072,0.7611229507,1.849511247,3.137659739
5073,0.4664517323,1.944845182,3.137807981
5074,1.873325339,0.7004656847,3.137465672
5075,0.6781406763,1.88152205,3.137588939
5076,1.636917985,1.149129893,3.137423586
5077,0.8058499659,1.830466015,3.1375267
5078,0.4534457999,1.947918609,3.137676033
5079,1.835534415,0.7942376294,3.137371012
5080,0.3592068647,1.96747819,3.137528017
5081,1.252060733,1.559597359,3.137524408
5082,0.2069425682,1.989264883,3.137689896
5083,1.731379229,1.001162308,3.13746653
5084,1.80393922,0.8635990337,3.137189137
5085,0.4157512068,1.956310541,3.137341631
5086,1.823939307,0.8205153284,3.137047429
5087,1.725154327,1.01185105,3.136828568
5088,0.2350240439,1.98614292,3.13699277
5089,1.06453688,1.693151272,3.13704176
5090,0.1633033011,1.993321859,3.137208675
5091,1.454488453,1.372757568,3.137131737
5092,1.009964667,1.726259358,3.137193675
5093,1.390857098,1.437190499,3.137142072
5094,0.5237184288,1.930212166,3.137284059
5095,0.6366544154,1.895961802,3.137412546
5096,0.5671216045,1.917908519,3.137549595
5097,1.961535619,0.3903562661,3.137087198
5098,1.558284617,1.253694163,3.13696368
5099,0.7800369106,1.84161408,3.137070811
5100,1.593550108,1.208552049,3.136929641
5101,1.337777028,1.48672547,3.136897593
5102,1.201634871,1.598772541,3.13690948
5103,1.684052553,1.078873023,3.1367176
5104,1.589954019,1.213279118,3.136578462
5105,0.01625561008,1.999933938,3.136747569
5106,1.348462189,1.477040868,3.136711794
5107,1.338698184,1.485896084,3.136679501
5108,0.8601203089,1.805600469,3.136772399
5109,0.6940294061,1.875719378,3.136892709
5110,0.2169081868,1.988202917,3.137056998
5111,0.4164727905,1.956157053,3.137208682
5112,1.170674004,1.62158021,3.137229408
5113,0.7896760091,1.83750151,3.137334586
5114,1.469513044,1.356661864,3.137251674
5115,0.4448225389,1.949905872,3.137400757
5116,1.786514093,0.8990925393,3.137138987
5117,1.281983312,1.535095694,3.137125903
5118,0.5717241481,1.916541546,3.137261886
5119,1.965327866,0.3707915582,3.136793888
5120,0.5669860942,1.917948584,3.136930432
5121,0.7923429154,1.836353099,3.137035055
5122,1.996630273,0.1160497937,3.136467907
5123,1.429767701,1.398486439,3.136401638
5124,0.2957428063,1.978013193,3.136561596
5125,1.304056646,1.51638922,3.136541345
5126,1.505633771,1.316460006,3.136443097
5127,0.8012381484,1.832489408,3.136546186
5128,0.8777922924,1.797075594,3.136635422
5129,1.172777332,1.620059668,3.136655598
5130,1.93152471,0.5188567205,3.136246448
5131,0.8545265203,1.808254525,3.136340048
5132,1.85931204,0.7368573401,3.136016076
5133,1.093023479,1.674902885,3.136057726
5134,1.589359378,1.214057975,3.135919833
5135,1.682861288,1.080730255,3.135730065
5136,1.278365977,1.538109369,3.135718478
5137,0.6237406813,1.900249342,3.135847888
5138,0.3703910228,1.965403391,3.13600261
5139,1.714770043,1.029351107,3.135792977
5140,0.4968862906,1.93729296,3.135936711
5141,1.709387622,1.038264878,3.135730641
5142,1.610719008,1.185573396,3.135581947
5143,1.948210062,0.4521919454,3.135148115
5144,1.409256459,1.419153351,3.135090409
5145,1.230990149,1.576281464,3.135093805
5146,0.9536555639,1.757993477,3.135167822
5147,0.5690212832,1.917345764,3.135303731
5148,1.069686537,1.689902575,3.135351226
5149,0.9864952943,1.739777869,3.135418074
5150,0.8387336061,1.815633757,3.135514356
5151,0.01529301493,1.99994153,3.135682162
5152,1.72026754,1.020137046,3.135469544
5153,1.07457839,1.68679616,3.135515754
5154,0.9872277847,1.739362326,3.135582345
5155,0.4302259021,1.953178352,3.135731865
5156,0.9632410463,1.752759734,3.135803585
5157,1.446339819,1.381340338,3.135731232
5158,1.716046844,1.027221119,3.135521599
5159,0.8180067856,1.825065725,3.135621349
5160,1.624221788,1.167006249,3.135465998
5161,1.461912865,1.364848261,3.135387376
5162,0.1546410939,1.994012571,3.135552552
5163,0.9609114599,1.75403796,3.135624704
5164,0.9343947545,1.768306094,3.135702355
5165,1.420671107,1.407726396,3.135640351
5166,0.1093195998,1.997010071,3.13580651
5167,0.9964234263,1.734110826,3.135870845
5168,1.491366104,1.332601645,3.135779771
5169,0.4118033646,1.957145367,3.135930383
5170,0.2757710877,1.980896339,3.136090124
5171,1.02744358,1.71591366,3.136147315
5172,1.969629129,0.3472190866,3.135675214
5173,0.2772235563,1.980693591,3.135834834
5174,1.02456797,1.717632229,3.135892705
5175,1.721798234,1.017551396,3.135679992
5176,1.128624638,1.651122778,3.135712173
5177,0.6622159159,1.887185757,3.135835538
5178,0.2507922778,1.984213505,3.135996332
5179,1.236509923,1.571955219,3.13599786
5180,0.2959302033,1.977985165,3.136156156
5181,0.7468167579,1.855334129,3.136267044
5182,1.937355485,0.4966424519,3.1358535
5183,1.547238128,1.267301928,3.135737496
5184,1.059708001,1.696177748,3.135786998
5185,0.7012414134,1.873035098,3.1359047
5186,0.4360746489,1.951880862,3.136052763
5187,1.719345381,1.021690491,3.135842107
5188,1.884180173,0.6707198185,3.135496232
5189,1.124259941,1.654097816,3.135529514
5190,1.683600231,1.079578743,3.135341388
5191,1.383641713,1.444138363,3.135293793
5192,1.678089582,1.088124696,3.135109077
5193,1.821116688,0.8267611566,3.134823773
5194,0.09862046285,1.997567021,3.134989408
5195,0.2278310747,1.986980876,3.135150904
5196,0.1977964701,1.990195105,3.135313576
5197,0.8311926607,1.819098337,3.13541034
5198,1.629482147,1.159649918,3.135253335
5199,0.974548714,1.746497868,3.135322145
5200,0.4423119727,1.950476895,3.135469382
5201,0.7355586141,1.859826208,3.135581703
5202,0.6999577042,1.873515202,3.135699244
5203,0.99350683,1.735783448,3.135763797
5204,1.672224298,1.097117084,3.135582872
5205,0.2934531148,1.978354182,3.13574063
5206,0.1581774186,1.993735164,3.135904235
5207,1.874570453,0.6971266854,3.135569752
5208,0.5686744383,1.917448665,3.135704032
5209,1.859883777,0.7354130369,3.135384416
5210,0.1090214624,1.99702637,3.135549228
5211,0.1385596409,1.995194533,3.135713273
5212,0.8656559616,1.802953065,3.135803487
5213,1.534011332,1.283280652,3.13569429
5214,1.275832535,1.54021146,3.135683689
5215,0.4510642783,1.948471457,3.135829664
5216,0.2289336318,1.986854145,3.1359903
5217,1.250882427,1.560542583,3.135987443
5218,0.6079691394,1.905353911,3.13611675
5219,0.8261414304,1.821397907,3.136213833
5220,1.585647385,1.218902117,3.136080038
5221,0.1771912121,1.992135355,3.136242496
5222,0.5761344266,1.915220385,3.136375433
5223,0.9556907208,1.756887944,3.136447691
5224,0.6578121289,1.888725285,3.136570394
5225,0.505283332,1.935119829,3.136710809
5226,0.6621079279,1.887223646,3.136832841
5227,0.01178841478,1.999965258,3.136997964
5228,1.266050306,1.548262453,3.136990222
5229,0.867188937,1.802216232,3.137079616
5230,1.392337581,1.435756268,3.137028839
5231,1.971978147,0.3336198275,3.136556694
5232,0.2986896708,1.977570348,3.136713151
5233,0.347992317,1.969492662,3.136866461
5234,1.585007136,1.219734553,3.136733217
5235,1.899663341,0.6255231336,3.13637301
5236,1.782743978,0.9065450391,3.136120282
5237,1.618241629,1.175284659,3.135970282
5238,1.072026917,1.688418873,3.136016266
5239,0.9889333192,1.738393192,3.136081311
5240,0.006881281297,1.999988162,3.136246177
5241,1.834450977,0.7967368523,3.135951811
5242,0.7308930232,1.861664682,3.136063863
5243,0.4869599774,1.939811842,3.136205682
5244,1.365232616,1.461553934,3.136165046
5245,0.6124857619,1.903906823,3.136293101
5246,1.654644025,1.123455896,3.136123566
5247,1.088127139,1.678087998,3.136165505
5248,1.963786894,0.3788680952,3.135712298
5249,1.009806962,1.726351615,3.135772689
5250,0.9568613171,1.756250671,3.135844446
5251,1.909741903,0.594041972,3.135473515
5252,0.3158174649,1.974907423,3.135628569
5253,0.1744100019,1.992380775,3.135790216
5254,0.3375136404,1.971315435,3.135943783
5255,0.2869828241,1.979303125,3.136100331
5256,0.242989017,1.985184207,3.136259058
5257,0.3144403305,1.975127155,3.136413898
5258,1.110603743,1.663297726,3.136450068
5259,0.1525549599,1.994173258,3.136612057
5260,1.092622056,1.675164781,3.136652687
5261,1.406749243,1.421638691,3.136596923
5262,0.4620413677,1.945897678,3.136740442
5263,1.125071032,1.653546242,3.13677281
5264,0.9793307427,1.74382089,3.136839465
5265,0.2821940063,1.979991551,3.136995807
5266,0.7873564836,1.838496605,3.137098351
5267,1.457800426,1.369239905,3.137022669
5268,1.242290033,1.567391295,3.137022244
5269,1.499910529,1.322977099,3.136929044
5270,1.883952454,0.6713591818,3.136588587
5271,1.197911036,1.601564594,3.136601211
5272,1.446082267,1.381609959,3.136530387
5273,1.121190427,1.65617995,3.136563733
5274,1.599907653,1.20012312,3.13642412
5275,1.979608875,0.2848661149,3.135937543
5276,0.1153216117,1.996672463,3.136100054
5277,0.3350891626,1.971729001,3.13625305
5278,1.509025183,1.31257114,3.136156212
5279,0.454447779,1.947685092,3.13630003
5280,0.4493285764,1.948872451,3.136444243
5281,1.348936948,1.476607298,3.136409547
5282,0.1201266644,1.996389137,3.136571676
5283,0.1396559427,1.995118096,3.136733263
5284,1.372672308,1.454568917,3.136690191
5285,1.587981567,1.21585959,3.1365568
5286,0.07728537357,1.998506185,3.13671958
5287,0.576571561,1.915088832,3.136850743
5288,0.4271193172,1.953860048,3.13699652
5289,1.824970175,0.8182199343,3.136712807
5290,1.810114396,0.8505797277,3.136441436
5291,0.3708098278,1.965324419,3.136591541
5292,0.434273839,1.952282314,3.136736661
5293,0.5484474329,1.923331852,3.136870787
5294,1.864095248,0.7246715863,3.136552024
5295,0.2738203157,1.981166938,3.136707979
5296,0.05380065889,1.999276241,3.136870714
5297,0.4856678834,1.940135744,3.137011058
5298,1.570797299,1.237980552,3.136886285
5299,1.912009805,0.5867013767,3.136515746
5300,1.544091435,1.271133998,3.136403624
5301,0.3977942435,1.96004075,3.13655146
5302,1.963734082,0.3791417324,3.136102899
5303,1.845366052,0.771118754,3.13580234
5304,1.93519183,0.5050075064,3.135401551
5305,1.480527423,1.344633239,3.135317453
5306,1.717253046,1.025203383,3.135112985
5307,1.111348064,1.662800493,3.135148879
5308,0.9063738139,1.782831038,3.135229985
5309,1.491284072,1.332693445,3.135141486
5310,1.674247467,1.094027157,3.134963126
5311,0.2763979031,1.980808976,3.135118776
5312,1.534571152,1.282611156,3.135011491
5313,1.720690807,1.019422948,3.134805174
5314,0.4600707627,1.946364532,3.134947801
5315,0.9849639815,1.74064527,3.135012965
5316,1.275495245,1.540490792,3.135002801
5317,0.1728138723,1.992519853,3.135162672
5318,0.3792987999,1.963703751,3.135311647
5319,0.5117946226,1.93340794,3.135449173
5320,0.2801700638,1.980278954,3.135604269
5321,0.8988574605,1.786632381,3.13568652
5322,0.1717211017,1.992614329,3.135846149
5323,0.8884034717,1.791853585,3.135930286
5324,0.8748989406,1.798485987,3.136016883
5325,0.3381615323,1.971204398,3.136168318
5326,1.960896998,0.3935517288,3.135727262
5327,1.136697055,1.645575828,3.135756438
5328,1.837742219,0.7891156674,3.13546411
5329,0.2641640999,1.982477573,3.135619766
5330,0.499237538,1.93668838,3.135758182
5331,0.1255987056,1.996052345,3.135918817
5332,1.461898463,1.364863687,3.135842637
5333,0.9288012536,1.771250471,3.13591889
5334,1.394913799,1.433253465,3.135868382
5335,0.2998184288,1.977399532,3.136021884
5336,1.256956351,1.555654438,3.136017252
5337,1.760902933,0.9482725672,3.135785011
5338,0.5121261183,1.933320159,3.135921926
5339,0.5384495516,1.926154739,3.136056106
5340,0.2387900307,1.985693662,3.136212536
5341,0.9269198084,1.772235783,3.136288974
5342,0.6839041342,1.879434791,3.136405519
5343,1.873524274,0.6999334228,3.136080507
5344,0.04161352404,1.999567032,3.136242006
5345,0.7363727721,1.859504004,3.136351036
5346,1.588068815,1.215745631,3.136219188
5347,1.020021018,1.72033634,3.136276128
5348,0.4111495426,1.957282824,3.136421657
5349,1.735665417,0.9937130179,3.136206851
5350,1.060303667,1.695805453,3.13625459
5351,0.2042006328,1.989548215,3.136412101
5352,1.172331365,1.620382415,3.136431599
5353,0.18202868,1.991699164,3.136589822
5354,0.9909306454,1.737255438,3.136652937
5355,0.5814726584,1.913606424,3.136781894
5356,1.617769377,1.175934625,3.136635345
5357,1.980680149,0.2773195798,3.13615336
5358,1.734864564,0.9951105191,3.135939487
5359,0.8852476582,1.793414783,3.136023624
5360,1.558768022,1.253093074,3.135906117
5361,1.694729054,1.062023274,3.135717372
5362,1.844397432,0.7734326807,3.135421055
5363,1.336926223,1.487490596,3.135391139
5364,0.5021375434,1.935938503,3.135528441
5365,1.072365605,1.688203782,3.135573339
5366,0.9917802551,1.736770545,3.135636322
5367,0.1233454384,1.996192852,3.135795955
5368,0.669087098,1.884760583,3.135914011
5369,1.027401455,1.715938883,3.135969135
5370,1.826810587,0.8141026225,3.13568836
5371,0.8897948733,1.791163053,3.135771517
5372,0.8025388136,1.831920155,3.135869818
5373,1.905889222,0.6062889353,3.135511863
5374,0.3534085213,1.968527982,3.135661015
5375,1.170533934,1.621681321,3.135681052
5376,1.484652787,1.340076901,3.135596319
5377,0.5383138727,1.926192663,3.135729625
5378,0.8884293128,1.791840773,3.135812919
5379,1.093551186,1.674558391,3.135852574
5380,0.6152179145,1.903025727,3.135977146
5381,1.807402856,0.8563264073,3.135712637
5382,1.213816715,1.58954364,3.135720696
5383,1.81595266,0.83804292,3.13544954
5384,0.5438039241,1.924649914,3.135582127
5385,0.8985870279,1.786768411,3.135663456
5386,0.203734903,1.989595961,3.135820071
5387,0.5138038863,1.932874948,3.135955569
5388,1.172385274,1.620343411,3.135975007
5389,0.3406182369,1.970781372,3.136124494
5390,0.1138738067,1.996755557,3.136283564
5391,1.332307118,1.491629225,3.136255179
5392,0.9485833085,1.760735558,3.136326621
5393,0.8273852451,1.820833231,3.136420324
5394,0.1507911326,1.994307407,3.136578313
5395,1.586801098,1.2173998,3.136448234
5396,0.283433219,1.979814539,3.136600788
5397,0.3441321423,1.970170822,3.136749711
5398,1.384856926,1.442973075,3.136703249
5399,0.9053368468,1.783357842,3.136782896
5400,1.47775401,1.347680632,3.136701151
5401,1.447220303,1.380417834,3.136631559
5402,1.598842534,1.201541739,3.136495767
5403,1.235242337,1.572951483,3.136497508
5404,1.273837026,1.541862261,3.136487743
5405,0.6678749186,1.885190466,3.136605022
5406,0.7282086164,1.862716353,3.136713943
5407,1.888298171,0.6590371885,3.136377594
5408,0.7444695185,1.856277225,3.136484135
5409,1.736289968,0.9926213505,3.136271297
5410,1.564733759,1.245635687,3.136152074
5411,1.716884213,1.025820938,3.135951647
5412,1.362624107,1.463986183,3.135913217
5413,0.851410167,1.809723937,3.136002546
5414,0.599244481,1.908115838,3.136128188
5415,1.6979915,1.05679935,3.135939356
5416,1.525927496,1.292882546,3.135837772
5417,0.1304301651,1.995742461,3.135995728
5418,1.974395864,0.3189999561,3.135534673
5419,1.326048409,1.497195918,3.135508627
5420,0.9558563461,1.756797839,3.135578385
5421,0.5665145813,1.91808791,3.135707623
5422,1.529103696,1.289124465,3.135604809
5423,1.440395986,1.387537172,3.135538327
5424,1.461381365,1.365417338,3.135463713
5425,1.565737668,1.244373559,3.135344503
5426,0.8898293482,1.791145927,3.135426874
5427,0.5993576767,1.908080285,3.135552309
5428,0.2660619873,1.982223756,3.135705016
5429,0.5568554524,1.920914367,3.135835081
5430,1.383883474,1.44390669,3.135789405
5431,1.77459267,0.9223995105,3.135551698
5432,1.484553411,1.34018699,3.135467902
5433,0.2856405257,1.979497282,3.135619481
5434,1.423741769,1.404620723,3.135559418
5435,0.6772179981,1.881854347,3.135674993
5436,1.515148074,1.305498492,3.135578474
5437,0.9755665004,1.745929553,3.135644003
5438,0.165849056,1.99311166,3.135800417
5439,0.9734149224,1.747130043,3.135866322
5440,1.422377506,1.406002215,3.135806789
5441,0.3706951529,1.965346052,3.135952881
5442,1.52104421,1.298624084,3.135853891
5443,0.5574747294,1.920734736,3.135983528
5444,1.163391203,1.626813114,3.136005137
5445,0.294995561,1.978124773,3.136155779
5446,0.08631275538,1.998136659,3.136313715
5447,1.76781089,0.9353313091,3.136081357
5448,0.9522084462,1.758777722,3.136151378
5449,0.9715358809,1.74817563,3.136217482
5450,0.5446891381,1.92439958,3.136348231
5451,1.585498487,1.219095792,3.136220153
5452,0.1095203846,1.99699907,3.136377485
5453,0.2637946464,1.982526768,3.136529452
5454,0.8617762536,1.804810707,3.136616194
5455,1.297548739,1.521961652,3.136599202
5456,0.8622569386,1.804581107,3.136685816
5457,1.661709641,1.112978468,3.136518924
5458,1.235983235,1.572369372,3.13652043
5459,1.698330193,1.056254968,3.136332848
5460,1.32217027,1.500621797,3.136308106
5461,0.7148815876,1.8678716,3.136417873
5462,0.5783986306,1.91453781,3.136544687
5463,0.4568583102,1.947121076,3.136683383
5464,0.2869891159,1.979302212,3.136833808
5465,0.5199113706,1.931241095,3.136966589
5466,0.131953303,1.995642334,3.137122885
5467,1.613898385,1.18124172,3.136981192
5468,0.4784671291,1.941924099,3.13711778
5469,1.103135106,1.668260453,3.137154241
5470,0.9419169304,1.764310771,3.137225807
5471,1.193821507,1.604615284,3.137238968
5472,1.807670251,0.8557618029,3.136978421
5473,1.391466578,1.436600419,3.136930225
5474,0.3766589517,1.96421181,3.137074816
5475,1.213926658,1.589459678,3.137082459
5476,1.844304833,0.7736534645,3.136792142
5477,0.005506228845,1.99999242,3.136949745
5478,0.4699416782,1.94400484,3.13708685
5479,1.367061054,1.459843853,3.137047171
5480,0.8868765198,1.79260984,3.137128955
5481,0.2468438694,1.984708569,3.137280804
5482,0.8411139155,1.814532276,3.137370513
5483,1.091607854,1.675825854,3.137409594
5484,0.6508253043,1.89114421,3.137527187
5485,0.9609055654,1.754041189,3.137594745
5486,0.8179727208,1.825080992,3.137688177
5487,1.576458392,1.230763559,3.137564947
5488,0.8694291037,1.801136595,3.137649624
5489,1.842261307,0.7785070815,3.13736166
5490,0.9852654147,1.740474666,3.137424244
5491,0.9421942761,1.764162676,3.137495434
5492,0.4177408069,1.955886658,3.137636417
5493,1.49295805,1.330817892,3.137549761
5494,0.1165287054,1.996602379,3.137705504
5495,0.9690387287,1.749561071,3.137771276
5496,1.03406191,1.7119334,3.137823332
5497,1.648249519,1.132816632,3.137664665
5498,0.2024717193,1.989724906,3.137817773
5499,1.677295975,1.089347609,3.137643355
5500,1.636073899,1.150331343,3.137491177
5501,1.682846454,1.080753354,3.137313757
5502,0.4432569657,1.950262357,3.137452472
5503,1.273847149,1.541853897,3.137442706
5504,1.238032487,1.570756366,3.137443445
5505,0.2291618499,1.986827835,3.137595346
5506,1.733671262,0.9971880238,3.137387714
5507,1.068976433,1.690351853,3.137431897
5508,1.764967071,0.940686579,3.137203855
5509,0.8639012807,1.803794494,3.13728924
5510,0.4176822365,1.955899166,3.137429804
5511,0.2750202283,1.981000725,3.137579427
5512,1.816843722,0.8361093773,3.137313578
5513,1.321888157,1.500870314,3.137288986
5514,0.9464390536,1.761889076,3.137359078
5515,1.540444745,1.275550856,3.137252776
5516,1.551261756,1.262373544,3.137141734
5517,0.8906910508,1.79071758,3.137222266
5518,1.209071913,1.593155708,3.137231162
5519,1.862297498,0.729279117,3.136927
5520,0.194024988,1.990566327,3.137079936
5521,0.9155746821,1.778123449,3.137155858
5522,1.73061428,1.002484022,3.136950826
5523,0.2220374455,1.98763663,3.137102613
5524,1.084738795,1.680280258,3.137143065
5525,0.1579295833,1.993754811,3.137296978
5526,0.2251449,1.987287039,3.137448494
5527,0.4268756109,1.953913307,3.137587878
5528,1.263223638,1.550569586,3.137581285
5529,1.464534625,1.362034629,3.137506495
5530,1.147178676,1.63828602,3.137531643
5531,0.5131052766,1.93306052,3.137663371
5532,0.772163874,1.844928983,3.137763189
5533,1.576777865,1.230354243,3.137640823
5534,0.7931930737,1.835986042,3.137737377
5535,0.03531546421,1.99968818,3.137893048
5536,1.909952147,0.5933656508,3.137540598
5537,1.90614267,0.6054916347,3.137192656
5538,0.8068973361,1.83000456,3.137287061
5539,0.02755919197,1.999810114,3.137442745
5540,1.785820202,0.9004699927,3.137201499
5541,1.671369311,1.098419149,3.137031789
5542,1.312465747,1.509116849,3.137010353
5543,0.04845978592,1.999412826,3.137165831
5544,1.304871838,1.515687793,3.137146749
5545,1.602348773,1.196861901,3.137012678
5546,0.5075606035,1.934523774,3.137144672
5547,1.377692335,1.449815102,3.137101853
5548,1.728696357,1.005787704,3.136898982
5549,0.4102731265,1.95746672,3.137039194
5550,0.9844878395,1.740914614,3.137101318
5551,0.2811111031,1.980145588,3.137249614
5552,1.348662986,1.476857525,3.137216557
5553,0.8994066832,1.786355961,3.137294982
5554,0.7733827342,1.844418376,3.137394287
5555,0.4657855013,1.94500485,3.137529772
5556,1.806578598,0.8580639659,3.13727394
5557,0.2244319656,1.987367679,3.137424644
5558,0.6727459068,1.88345771,3.137537902
5559,0.8541260981,1.808443698,3.137624132
5560,0.8897816735,1.79116961,3.137704116
5561,0.7835762999,1.840110916,3.137801674
5562,1.62847322,1.161066308,3.137655024
5563,1.689263394,1.070695656,3.137475936
5564,0.6953464426,1.875231539,3.137586106
5565,1.619205349,1.173956574,3.137444206
5566,0.1895344536,1.990998918,3.137595941
5567,0.6088442182,1.905074465,3.137716751
5568,1.013644476,1.724101179,3.137772514
5569,0.5136080986,1.932926983,3.137903252
5570,1.044152962,1.705797348,3.137952389
5571,0.2981375022,1.977653668,3.138099105
5572,1.602283752,1.196948945,3.137965544
5573,0.3814920953,1.963278834,3.138107046
5574,1.539302972,1.276928487,3.138002229
5575,0.2927208321,1.978462664,3.138149121
5576,0.920626734,1.775513001,3.138223167
5577,1.693342856,1.064232104,3.138042109
5578,0.06987117709,1.998779132,3.138196199
5579,1.517204267,1.303108289,3.138100845
5580,0.7921987426,1.836415299,3.138196675
5581,1.165278462,1.625461813,3.138216873
5582,1.164374039,1.626109805,3.138237297
5583,0.04727230391,1.999441254,3.138391451
5584,1.089468673,1.677217341,3.138430141
5585,0.92843081,1.771444673,3.13850256
5586,0.557779231,1.920646331,3.138628373
5587,0.4556298677,1.9474089,3.138763721
5588,1.889697344,0.6550144629,3.13843646
5589,1.355372015,1.470702791,3.138401206
5590,1.332142409,1.491776324,3.138373505
5591,0.6445130462,1.893304765,3.138489448
5592,1.965306472,0.370904937,3.138060857
5593,1.498573533,1.324491361,3.137973413
5594,1.41261684,1.415808484,3.137918647
5595,0.3538040006,1.968456941,3.138061453
5596,0.8965971147,1.787767774,3.138139629
5597,0.4119090935,1.957123118,3.138278294
5598,0.924750995,1.773368432,3.138351259
5599,1.975119438,0.3144888021,3.137903076
5600,1.501725053,1.320917054,3.137814492
5601,1.970203033,0.3439476832,3.137377085
5602,1.793229374,0.8856231783,3.13713322
5603,0.2499618156,1.984318294,3.137281623
5604,0.4793029413,1.941717974,3.13741477
5605,1.164185181,1.62624502,3.137435301
5606,1.320443418,1.502141531,3.137411549
5607,1.479377774,1.345897991,3.137332074
5608,0.8888616256,1.791626359,3.13741159
5609,0.1857819967,1.991352568,3.137562293
5610,0.8675119505,1.802060769,3.137645458
5611,1.01355269,1.724155139,3.137700825
5612,0.9933727972,1.735860157,3.137760344
5613,1.582628547,1.222819235,3.137637037
5614,1.143872154,1.640596384,3.137662608
5615,0.7640595641,1.848300025,3.137762152
5616,0.2133805085,1.988584612,3.137911619
5617,0.7812559384,1.84109727,3.138008518
5618,1.013429259,1.724227693,3.138063777
5619,1.692413317,1.065709701,3.137884627
5620,0.1727396252,1.992526291,3.138035369
5621,0.8606955939,1.805326313,3.13811945
5622,0.01806512853,1.999918411,3.138272726
5623,0.1793086843,1.991945882,3.138423111
5624,1.769804191,0.9315541447,3.138196348
5625,0.1652538216,1.993161101,3.138347126
5626,0.7374567786,1.859074366,3.138450184
5627,1.305716383,1.514960306,3.138430897
5628,0.3195954586,1.974299558,3.13857485
5629,0.1443851753,1.994781422,3.138726029
5630,1.259300779,1.553757236,3.138720485
5631,0.3403956805,1.970819825,3.138863074
5632,0.5179426609,1.931770017,3.138991746
5633,1.933844981,0.5101407545,3.138615621
5634,1.478748295,1.346589573,3.138536559
5635,1.987599839,0.2223665484,3.13805851
5636,0.3534265974,1.968524737,3.138200276
5637,0.7946005396,1.835377341,3.138294751
5638,0.1921236529,1.990750738,3.138444308
5639,0.2424620796,1.985248634,3.138591862
5640,1.618221963,1.175311737,3.138452151
5641,0.3162393151,1.974839916,3.13859596
5642,0.1668749123,1.993026032,3.138746165
5643,0.750041888,1.854032677,3.138847054
5644,0.8929402221,1.789597094,3.138925075
5645,0.02352865853,1.999861596,3.139077563
5646,1.178156186,1.616152221,3.139094075
5647,0.3670142347,1.966036763,3.1392345
5648,0.2560505979,1.983541805,3.139381074
5649,1.658800175,1.117310154,3.139220911
5650,0.7755720153,1.843498861,3.139317863
5651,1.738163448,0.9893370656,3.139112476
5652,0.2992908055,1.97747946,3.139256822
5653,0.2891253575,1.97899129,3.139401652
5654,0.7601058198,1.849929497,3.139500778
5655,0.391584258,1.961290843,3.139639254
5656,0.609983436,1.904710006,3.139757674
5657,0.5732813136,1.916076339,3.13988007
5658,1.777132762,0.9174961283,3.139649443
5659,1.776593176,0.9185405203,3.139419266
5660,0.1483905409,1.994487465,3.139569364
5661,0.6423428488,1.89404215,3.139683923
5662,0.9440805285,1.76315398,3.139752207
5663,1.540862655,1.27504599,3.139648082
5664,1.301231158,1.518814496,3.13963007
5665,1.009969228,1.726256689,3.139685301
5666,0.2192301785,1.987948221,3.139832885
5667,0.1906037175,1.990896839,3.139981457
5668,0.33814579,1.971207098,3.14012303
5669,1.283095526,1.534166181,3.140110366
5670,0.6869709225,1.878315988,3.1402191
5671,0.9140577177,1.778903732,3.140292736
5672,0.585837815,1.912274576,3.140413373
5673,0.4832129308,1.940748635,3.140544007
5674,1.334984363,1.489233611,3.140515442
5675,1.184207634,1.611723388,3.140530056
5676,1.171017853,1.621331918,3.14054805
5677,0.4491175085,1.948921102,3.140681446
5678,0.148547098,1.994475811,3.140830842
5679,1.082202771,1.681914731,3.14087011
5680,1.825720036,0.8165453753,3.140604656
5681,0.4484996982,1.94906337,3.140737999
5682,0.5366319415,1.926661921,3.14086341
5683,0.9350848533,1.767941265,3.140932919
5684,1.564450828,1.245991015,3.140818747
5685,0.09148936153,1.997906328,3.140969142
5686,0.5658089739,1.918296172,3.141091481
5687,1.554884284,1.257908925,3.140981534
5688,0.324904958,1.973432737,3.141123215
5689,0.5369797058,1.926565025,3.14124837
5690,0.6795024177,1.881030692,3.141357476
5691,1.510807443,1.310519313,3.141266048
5692,0.1293898497,1.995810178,3.141415442
5693,0.4211386937,1.955157845,3.141550503
5694,1.486723655,1.337779045,3.141468664
5695,1.077151974,1.685153888,3.141508846
5696,0.2927430395,1.978459379,3.141652001
5697,1.015174877,1.723200502,3.141705494
5698,0.8490462017,1.810834213,3.141789727
5699,1.028611403,1.715213859,3.141840375
5700,1.808009818,0.8550441498,3.14158919
5701,1.154780128,1.632936881,3.141610991
5702,0.3326836495,1.972136301,3.141751759
5703,0.1384827601,1.995199871,3.141900566
5704,0.8000587435,1.833004639,3.141992451
5705,0.05854169867,1.999143034,3.142142546
5706,1.353125379,1.47277008,3.142108091
5707,0.5346897791,1.927201816,3.142232901
5708,0.2012586657,1.989847971,3.142379619
5709,0.5708914161,1.916789762,3.142500691
5710,0.3169574974,1.974724777,3.142642013
5711,0.7775231217,1.842676802,3.142737042
5712,1.934020972,0.5094731397,3.14236523
5713,0.6177548699,1.902203701,3.142481113
5714,1.371750231,1.455438527,3.142440581
5715,0.4081680795,1.957906744,3.142575904
5716,0.3141628322,1.975171313,3.142717221
5717,0.8397333737,1.815171579,3.142802515
5718,1.599200138,1.201065743,3.142672982
5719,0.6888740168,1.877618861,3.142780092
5720,1.885515306,0.6669572935,3.142463857
5721,1.614370971,1.180595768,3.142327295
5722,0.09178850601,1.997892607,3.142476448
5723,0.1694433751,1.992809309,3.142623774
5724,0.694843577,1.875417928,3.14273003
5725,1.281781741,1.535264006,3.142717418
5726,0.4434892899,1.95020954,3.142849745
5727,1.510212437,1.311204941,3.14275887
5728,1.379133552,1.448444216,3.142715946
5729,1.195793689,1.603146111,3.142727043
5730,0.136340554,1.995347402,3.14287503
5731,1.542606199,1.272936022,3.14277086
5732,0.5780441346,1.91464487,3.142890629
5733,1.028925792,1.715025281,3.142940718
5734,0.9680534807,1.750106413,3.143003026
5735,1.619049279,1.174171807,3.142864463
5736,0.4924403531,1.938427842,3.142992425
5737,0.9901295668,1.737712128,3.14305037
5738,1.69034957,1.068980043,3.142875206
5739,0.08585965956,1.99815618,3.143023915
5740,1.80332578,0.8648792575,3.142777701
5741,0.5693507241,1.917247963,3.142898188
5742,0.2015019312,1.989823352,3.143043913
5743,0.2668032232,1.982124123,3.143186905
5744,1.427729611,1.400567085,3.143127355
5745,1.684903022,1.07754434,3.142955373
5746,0.3101371181,1.975807422,3.143096107
5747,0.8872139799,1.792442845,3.14317298
5748,1.048252358,1.703281243,3.143218803
5749,0.7968079662,1.83442009,3.143310232
5750,1.085455269,1.679817508,3.143347853
5751,1.185322839,1.610903401,3.143361496
5752,0.8663598595,1.802614932,3.143441793
5753,1.723890472,1.014002781,3.143247905
5754,1.586170327,1.218221529,3.143125068
5755,0.474208534,1.942968416,3.14325414
5756,0.7193290159,1.866163382,3.143356481
5757,0.8383322932,1.81581909,3.143441296
5758,1.143726932,1.640697628,3.143465255
5759,1.058752331,1.696774441,3.14350868
5760,1.827953635,0.811532813,3.143244714
5761,1.486544074,1.337978593,3.143163602
5762,0.7234430806,1.864572366,3.143265299
5763,0.7903459673,1.837213448,3.143357467
5764,1.728986014,1.005289691,3.143160941
5765,0.5778330163,1.914708595,3.143279979
5766,0.584455016,1.912697659,3.143398278
5767,0.7932379713,1.835966645,3.143489927
5768,1.595532182,1.205934101,3.143363085
5769,1.985150813,0.2432616894,3.142902548
5770,1.532718941,1.284823976,3.142803197
5771,1.356202123,1.469937346,3.142768033
5772,0.4378493733,1.951483519,3.142899738
5773,1.051894577,1.701034332,3.142944631
5774,1.288793479,1.529382676,3.142930052
5775,0.312757748,1.975394287,3.143069941
5776,1.489022766,1.335219534,3.142988115
5777,1.000091928,1.73199773,3.143043681
5778,0.9851839845,1.74052076,3.143102178
5779,0.6653685872,1.886076521,3.14321103
5780,0.3680992811,1.965833899,3.143347441
5781,0.89811557,1.787005435,3.143421937
5782,0.4263488389,1.954028318,3.143554181
5783,1.902884458,0.6156547238,3.143223515
5784,1.160824289,1.628645747,3.143243236
5785,0.7860899432,1.839038499,3.143335688
5786,0.6923981556,1.876322146,3.143440995
5787,0.3980060995,1.959997741,3.143575185
5788,1.769132835,0.9328285012,3.143354397
5789,1.893359508,0.6443522136,3.143034022
5790,0.1976349233,1.990211154,3.143178649
5791,0.659435024,1.888159275,3.143287981
5792,0.5159623001,1.9322999,3.143412516
5793,1.155357516,1.63252841,3.143433515
5794,0.4934104691,1.938181134,3.143560013
5795,0.669137076,1.88474284,3.143668024
5796,0.677100178,1.881896742,3.143775016
5797,1.777513753,0.9167577964,3.143548992
5798,1.439187806,1.388790286,3.143485873
5799,1.079674949,1.683538537,3.143524429
5800,0.8624334968,1.804496734,3.143604683
5801,1.003871147,1.729810024,3.143659159
5802,1.653020299,1.125843636,3.143505424
5803,1.123761313,1.654436614,3.14353392
5804,1.287333628,1.530611685,3.143519739
5805,0.3882767423,1.96194831,3.143654171
5806,0.7925708931,1.836254715,3.143745258
5807,0.8463267548,1.812106792,3.143827998
5808,1.406487892,1.421897257,3.143776339
5809,0.6601438671,1.887911564,3.143885144
5810,0.6010882532,1.907535822,3.144000667
5811,1.581523509,1.224248092,3.143880979
5812,0.2703007764,1.981650194,3.144021967
5813,0.01498513893,1.999943861,3.1441692
5814,1.184437951,1.611554138,3.144182777
5815,1.8955968,0.6377403635,3.143861418
5816,0.8301681111,1.819566132,3.143946575
5817,0.9846398153,1.740828663,3.144004631
5818,1.672720617,1.096360222,3.143841123
5819,1.47497451,1.350722101,3.143765097
5820,1.717123476,1.025420387,3.143577309
5821,1.863314276,0.7266773079,3.143286943
5822,1.246714357,1.563874455,3.143284274
5823,1.021069229,1.719714404,3.143335132
5824,0.5308491038,1.928263268,3.143457589
5825,0.4945292561,1.937895976,3.143583312
5826,0.08305372884,1.998274775,3.143729719
5827,1.06273267,1.694284295,3.143771737
5828,0.6245442345,1.899985394,3.143884331
5829,1.174896844,1.618523218,3.143900313
5830,1.209271677,1.593004084,3.143907536
5831,1.033302012,1.712392172,3.143955706
5832,0.3017227154,1.977109861,3.14409464
5833,0.2918836343,1.97858635,3.144234033
5834,1.547281348,1.267249159,3.144129518
5835,1.178692394,1.615761195,3.144144496
5836,0.2460682921,1.984804876,3.144285939
5837,1.076934992,1.685292563,3.144324709
5838,0.825859066,1.821525955,3.144410137
5839,1.360705808,1.465769322,3.14437368
5840,0.5862147539,1.912159058,3.144490109
5841,1.146510541,1.638753666,3.144512882
5842,0.9662010098,1.751129809,3.144574119
5843,1.533566371,1.283812364,3.144475377
5844,0.4164639464,1.956158936,3.144606767
5845,0.1734022716,1.992468733,3.144750536
5846,1.179198522,1.615391855,3.144765253
5847,0.3818234159,1.963214425,3.144898939
5848,1.893543372,0.6438116935,3.144581347
5849,1.300894103,1.5191032,3.144563161
5850,0.8034086725,1.831538835,3.144651795
5851,0.1649527523,1.99318604,3.144795655
5852,1.672385883,1.096870757,3.144633137
5853,1.810610619,0.8495229172,3.144386155
5854,0.6009343705,1.907584305,3.14450074
5855,1.149694453,1.636521514,3.144522694
5856,1.850198975,0.7594496375,3.144245095
5857,1.113605629,1.66128941,3.144275543
5858,1.882681091,0.6749162228,3.143969219
5859,1.483703181,1.341128208,3.143890415
5860,1.261927875,1.551624322,3.14388348
5861,0.2064480468,1.989316265,3.144025904
5862,1.676832594,1.090060756,3.143861471
5863,0.3290029104,1.972753681,3.143998201
5864,0.6239612151,1.90017694,3.144110131
5865,1.887170803,0.6622585305,3.143799884
5866,0.4233277798,1.954685036,3.143930394
5867,1.37485613,1.452504947,3.143889671
5868,1.815041361,0.8400147973,3.143640207
5869,1.373291962,1.453983902,3.143600051
5870,1.155703686,1.632283367,3.143620659
5871,0.91008205,1.780940949,3.143691901
5872,1.727526694,1.007795376,3.143499785
5873,0.8863287212,1.792880754,3.14357509
5874,1.850843147,0.7578783837,3.143297967
5875,1.735643024,0.9937521289,3.143101236
5876,1.930481591,0.5227244282,3.14274425
5877,0.115547543,1.996659401,3.142888979
5878,0.7042304907,1.871913304,3.142991214
5879,0.4753848035,1.942680954,3.143117489
5880,1.411104949,1.417315358,3.143065025
5881,0.08862737941,1.998035332,3.14321007
5882,1.277287917,1.539004736,3.143198985
5883,1.73519909,0.9945270834,3.143002802
5884,0.6689460063,1.884810664,3.143109297
5885,1.48138534,1.343688012,3.143031857
5886,0.7812898141,1.841082895,3.143123453
5887,0.008805894764,1.999980614,3.143269001
5888,0.1663096363,1.993073281,3.143412152
5889,1.511256174,1.310001823,3.143323273
5890,0.1220480604,1.996272594,3.143467454
5891,0.9440560917,1.763167064,3.143532446
5892,0.9688599259,1.749660094,3.14359283
5893,0.6437495122,1.893564513,3.143702034
5894,0.8409845312,1.814592246,3.143784403
5895,1.679076682,1.086600891,3.143619758
5896,0.1918108915,1.990780898,3.143761878
5897,0.4393109769,1.951155008,3.143890511
5898,0.3378899475,1.971250969,3.144025915
5899,0.499827874,1.936536108,3.144149503
5900,0.5337884082,1.927451669,3.14426997
5901,0.7984481223,1.833706791,3.144358623
5902,1.877404453,0.6894581351,3.144059497
5903,1.420457865,1.407941566,3.144003902
5904,1.896184258,0.6359915554,3.143686825
5905,0.1601645607,1.993576513,3.143829665
5906,1.485446509,1.339197024,3.143750858
5907,1.034890921,1.711432377,3.143798109
5908,0.09710981557,1.99764103,3.143942233
5909,0.9351981173,1.767881354,3.144008542
5910,0.8694863897,1.801108941,3.144086073
5911,1.632790091,1.15498767,3.143944962
5912,1.4502561,1.377228102,3.14387908
5913,0.5847726462,1.912600573,3.143994305
5914,0.1295896255,1.995797216,3.144137626
5915,0.7270248522,1.863178699,3.144236057
5916,1.316530228,1.505572369,3.14421356
5917,1.069166625,1.69023156,3.144253487
5918,1.496201555,1.327170263,3.144170704
5919,1.850169276,0.7595219867,3.143896143
5920,0.5626097934,1.919236885,3.14401347
5921,1.913820549,0.5807675136,3.143678649
5922,0.6601952591,1.887893593,3.143785388
5923,0.7279931754,1.862800563,3.143883617
5924,1.591323643,1.211482176,3.143761923
5925,1.61909701,1.174105988,3.143627653
5926,1.781744781,0.9085073108,3.14340379
5927,1.935464646,0.5039609134,3.143043492
5928,0.3567438853,1.967926269,3.143177232
5929,0.6361100015,1.896144527,3.143286713
5930,0.4502012645,1.94867104,3.143413872
5931,1.701261196,1.051527624,3.143238462
5932,1.52878278,1.289505026,3.143143346
5933,1.0041312,1.72965908,3.143196637
5934,1.115769809,1.659836658,3.143226377
5935,0.977970512,1.744584099,3.143284665
5936,0.6254451138,1.89968903,3.143395193
5937,0.3931554227,1.960976495,3.14352633
5938,1.166919662,1.624283997,3.143544019
5939,1.447606239,1.380013107,3.143479443
5940,0.2204869889,1.987809218,3.143619534
5941,0.0830876439,1.998273366,3.1437631
5942,0.1356671422,1.995393301,3.143905649
5943,1.377766924,1.44974422,3.143864522
5944,0.8095195927,1.828846092,3.143950967
5945,0.799187012,1.83338488,3.144038909
5946,0.3589103283,1.967532306,3.144171944
5947,0.9480928224,1.760999716,3.144235477
5948,0.9696191267,1.749239477,3.144295033
5949,1.813664675,0.8429830647,3.144049895
5950,1.540693428,1.27525047,3.143950139
5951,0.5584017924,1.920465422,3.144067259
5952,1.194266879,1.604283834,3.144078095
5953,1.648632067,1.132259824,3.143930345
5954,1.600229201,1.199694338,3.143805296
5955,0.01365863375,1.99995336,3.143949058
5956,0.4366001437,1.951763386,3.144076589
5957,0.2060316183,1.989359438,3.1442167
5958,1.684915883,1.077524231,3.144050677
5959,0.8568389686,1.807159921,3.144129594
5960,0.9261922102,1.772616143,3.144196893
5961,1.590250417,1.212890602,3.144076374
5962,0.8079469991,1.829541376,3.144162756
5963,1.256684344,1.555874178,3.14415732
5964,1.524037773,1.295109596,3.144064439
5965,1.946197605,0.4607763898,3.143691847
5966,0.6015936325,1.907376497,3.143804328
5967,0.657781019,1.88873612,3.143910524
5968,1.94758672,0.4548691749,3.143536165
5969,0.4048533218,1.95859485,3.143665777
5970,0.2794044763,1.980387118,3.143802646
5971,0.3831278341,1.96296028,3.143933632
5972,1.171034261,1.621320067,3.14395016
5973,0.8876053923,1.792249053,3.144023917
5974,0.6163522239,1.902658649,3.144134612
5975,1.130031154,1.650160474,3.144160752
5976,1.112443891,1.662067565,3.144190868
5977,0.6221295787,1.900777417,3.144300851
5978,1.387352946,1.440573429,3.14425683
5979,1.646052892,1.136006107,3.144110945
5980,1.982391373,0.2648102016,3.14367374
5981,0.1175467587,1.996542702,3.143815758
5982,1.496209048,1.327161816,3.14373393
5983,0.1475529762,1.994549603,3.143875225
5984,1.813772919,0.8427501402,3.143631513
5985,1.385596663,1.442262766,3.14358822
5986,1.783039375,0.9059639005,3.143365758
5987,0.7351491491,1.859988099,3.143462068
5988,1.730904645,1.00198259,3.143271771
5989,0.1460383791,1.994661072,3.143413039
5990,0.7450010489,1.856063964,3.143507983
5991,1.598793097,1.201607521,3.143384415
5992,1.282658429,1.53453164,3.143372012
5993,0.5276519883,1.92914058,3.143491303
5994,1.126467726,1.652595069,3.143518279
5995,1.183183968,1.612475023,3.143531863
5996,0.5773346115,1.914858936,3.143646303
5997,1.761030983,0.9480347439,3.14343827
5998,0.551108355,1.922571086,3.143555259
5999,0.88101911,1.795495845,3.143629845
6000,0.7387796662,1.858549059,3.143725423
6001,1.756026222,0.957273163,3.143520594
6002,1.516427335,1.304012322,3.143431374
6003,1.793116372,0.8858519495,3.143202867
6004,1.538748343,1.277596782,3.143104931
6005,1.43494278,1.393175947,3.143045521
6006,1.664610363,1.108635351,3.14289138
6007,1.717745997,1.024377221,3.142709236
6008,1.176099305,1.61764966,3.142724647
6009,1.624148691,1.167107976,3.142590098
6010,0.3322166696,1.97221502,3.142723515
6011,0.2443999831,1.985010994,3.142861146
6012,0.0569854306,1.999188,3.143003447
6013,0.4417269048,1.95060948,3.143129543
6014,1.782329628,0.9073594086,3.142908657
6015,0.3966605132,1.960270501,3.143037939
6016,1.995723777,0.1307157481,3.142558949
6017,1.242368209,1.567329331,3.142557636
6018,0.8511596196,1.809841789,3.142636919
6019,1.525148882,1.293800946,3.142544705
6020,1.998114393,0.08682668115,3.142051534
6021,0.4219559601,1.954981628,3.142179072
6022,1.208204261,1.593813811,3.14218662
6023,1.047702496,1.703619523,3.142230626
6024,0.9778074724,1.744675485,3.142288249
6025,0.8832954637,1.794377085,3.142362351
6026,1.135857734,1.646155281,3.142387235
6027,1.261202321,1.55221413,3.142380937
6028,0.3457291729,1.9698912,3.14251322
6029,1.328393691,1.495115448,3.142487961
6030,0.4682139241,1.944421693,3.142611735
6031,1.993934122,0.1556493378,3.142142275
6032,1.139308634,1.64376879,3.142166379
6033,0.04092064228,1.999581331,3.142308431
6034,1.892972315,0.6454888176,3.142001614
6035,0.7377697019,1.858950206,3.142097041
6036,1.040228342,1.708193489,3.142142483
6037,1.150743629,1.635783941,3.142163922
6038,1.820484671,0.8281518966,3.141917837
6039,0.7974581541,1.834137534,3.142004996
6040,0.2135378353,1.988567724,3.142143263
6041,1.276654292,1.539530389,3.142132821
6042,1.992371141,0.174520012,3.141670541
6043,0.2757146158,1.9809042,3.141806258
6044,1.035016724,1.711356299,3.141852735
6045,0.2189704377,1.987976848,3.141990717
6046,1.942300439,0.4769371089,3.141628806
6047,0.5580417607,1.92057007,3.141744485
6048,0.3188462528,1.974420692,3.141877933
6049,0.1785683502,1.992012386,3.142017154
6050,1.421671143,1.406716446,3.141962843
6051,1.216343604,1.587610858,3.141968339
6052,1.006614855,1.72821484,3.142020299
6053,0.2559290927,1.983557486,3.142156611
6054,0.6062028305,1.905916611,3.142267228
6055,1.962099847,0.387510246,3.14187627
6056,0.8643136223,1.803596951,3.141953106
6057,1.090366757,1.676633632,3.141987994
6058,0.8070537556,1.829935582,3.142073481
6059,1.726009966,1.010390814,3.141888419
6060,1.972384434,0.3312093651,3.141479266
6061,1.654784525,1.123248938,3.141331603
6062,0.5334767522,1.927537952,3.141449344
6063,1.558520979,1.253400319,3.141344668
6064,1.23562408,1.572651625,3.141345321
6065,1.417173089,1.41124783,3.141292749
6066,0.2491897114,1.984415402,3.141429172
6067,0.6233709494,1.900370664,3.141537843
6068,0.6492904362,1.891671729,3.141643612
6069,0.3911876403,1.961369988,3.141772315
6070,1.748086012,0.9716971208,3.141574889
6071,0.4013465405,1.959316451,3.141702884
6072,0.5895024038,1.911148062,3.141814971
6073,1.77051485,0.9302027562,3.14160397
6074,0.3409934921,1.970716478,3.14173565
6075,0.4867998794,1.939852025,3.141857127
6076,0.9120417723,1.779938147,3.141925925
6077,1.603447733,1.195389211,3.14180232
6078,0.7107447871,1.869449611,3.141900559
6079,1.11110454,1.662963229,3.141930832
6080,0.6850054225,1.87903368,3.14203217
6081,0.5771815841,1.914905068,3.142145273
6082,1.480142442,1.345057006,3.14207095
6083,1.889401209,0.6558681815,3.141770056
6084,0.8893068916,1.791405385,3.141842548
6085,0.3816048744,1.963256916,3.1419715
6086,0.9996136118,1.732273831,3.142024503
6087,1.964181718,0.3768158421,3.141632127
6088,0.7178250666,1.866742396,3.141729343
6089,0.8910586443,1.790534695,3.141801496
6090,1.237890406,1.57086834,3.141801486
6091,1.221063405,1.583983637,3.141805782
6092,0.9330158137,1.769034056,3.141870828
6093,0.1736979008,1.992442983,3.142009186
6094,1.726260099,1.0099634,3.141825057
6095,1.01445447,1.723624706,3.141875167
6096,0.001032856754,1.999999733,3.142015936
6097,1.233560412,1.574270851,3.142017006
6098,1.378741407,1.448817494,3.14197693
6099,0.585294468,1.91244095,3.1420889
6100,1.216804649,1.587257524,3.142094216
6101,1.739127425,0.9876415341,3.141902967
6102,0.3452867301,1.9699688,3.14203375
6103,1.586597242,1.217665467,3.141917954
6104,1.922488686,0.5513957313,3.14158389
6105,0.5391165661,1.925968153,3.141700245
6106,0.4124699699,1.957004988,3.141826729
6107,0.536037654,1.926827349,3.141943289
6108,0.3527529271,1.968645568,3.142073503
6109,0.4490827032,1.948929123,3.142197219
6110,1.50786693,1.313901565,3.14211303
6111,1.519199839,1.300781246,3.142024575
6112,0.8340879352,1.817772625,3.142105321
6113,1.860647758,0.7334779616,3.141831291
6114,1.971710603,0.3351974016,3.141427065
6115,0.3283327874,1.972865323,3.141558594
6116,1.347200409,1.47819182,3.141528317
6117,1.083006158,1.681397532,3.14156449
6118,1.063872894,1.69356856,3.141604629
6119,0.226000335,1.987189938,3.141740726
6120,1.61027252,1.186179755,3.14161501
6121,0.3023987989,1.977006567,3.141747733
6122,1.697810431,1.057090224,3.141579885
6123,0.1983988651,1.990135144,3.141716858
6124,1.722453355,1.016442049,3.141535795
6125,0.3361073655,1.97155569,3.141666664
6126,0.04348263214,1.999527259,3.141806623
6127,0.3633736402,1.966712891,3.141935825
6128,0.1059208969,1.997193221,3.142074932
6129,1.108328085,1.664814961,3.142105534
6130,1.353653942,1.472284281,3.142073309
6131,0.2617601093,1.982796421,3.14220763
6132,1.616614194,1.177522208,3.14207926
6133,0.08944235272,1.997999015,3.142218493
6134,1.999816708,0.02707644957,3.141715059
6135,0.5385061189,1.926138925,3.14183088
6136,0.1838819183,1.99152892,3.141967977
6137,1.705637267,1.044414436,3.141796372
6138,1.465997448,1.360460026,3.141727803
6139,1.308283589,1.512743882,3.141708869
6140,1.992346591,0.174800064,3.141254128
6141,1.350589855,1.475095605,3.141223015
6142,0.4491808932,1.948906495,3.141346198
6143,0.6955877465,1.875142044,3.141445325
6144,1.023280043,1.718399823,3.141493397
6145,1.58411378,1.220894563,3.141379532
6146,0.6446994663,1.893241294,3.141484495
6147,0.7035970106,1.872151502,3.141582562
6148,1.358475999,1.467836149,3.14154907
6149,1.931793404,0.5178554297,3.141206601
6150,0.9036961858,1.784189789,3.14127606
6151,1.824361735,0.8195756576,3.141031852
6152,1.755421929,0.9583808493,3.140832848
6153,0.3111539562,1.975647543,3.140964567
6154,0.6908861052,1.876879429,3.141064143
6155,1.971366601,0.3372146539,3.14066339
6156,0.5469327754,1.923763119,3.140778215
6157,0.4478906525,1.949203418,3.140901267
6158,0.7848691207,1.839559856,3.140988668
6159,0.2229933802,1.98752961,3.141124091
6160,0.5987378912,1.908274859,3.141233738
6161,1.930527906,0.5225533503,3.140893513
6162,0.8662390504,1.80267299,3.140968887
6163,1.307497751,1.51342315,3.14095037
6164,1.857600937,0.7411604127,3.140681286
6165,1.945865819,0.4621755237,3.140321784
6166,0.8233003813,1.822683868,3.140403692
6167,0.8498530471,1.810455688,3.140481608
6168,0.0291893712,1.999786984,3.14062089
6169,1.697358089,1.057816392,3.140454739
6170,0.7351174402,1.860000631,3.140548669
6171,0.01621776215,1.999934245,3.14068792
6172,1.254563791,1.557584571,3.140683785
6173,0.1783670655,1.992030419,3.140820409
6174,1.882451106,0.6755574252,3.140530531
6175,0.9342448008,1.768385323,3.1405947
6176,1.619791915,1.173147114,3.140466089
6177,1.556792692,1.255546302,3.140364199
6178,1.036503586,1.710456172,3.14040961
6179,1.564875202,1.245457989,3.140304497
6180,1.879912346,0.6825903403,3.14001726
6181,0.8601230269,1.805599174,3.14009349
6182,0.8752540135,1.798313213,3.140167339
6183,0.3693253902,1.965603916,3.140295277
6184,1.012607213,1.724710594,3.140345265
6185,1.39474425,1.433418459,3.140301044
6186,1.826636387,0.8144934077,3.140056732
6187,0.1406593854,1.995047603,3.140194123
6188,1.213211496,1.590005618,3.140200558
6189,0.02173450907,1.999881899,3.140339443
6190,1.453192492,1.37412939,3.140276102
6191,1.411877026,1.416546245,3.140226484
6192,1.205848412,1.595596944,3.140234716
6193,0.5396699659,1.92581316,3.140349586
6194,0.6847813692,1.879115344,3.140449341
6195,1.599744519,1.200340566,3.140329927
6196,1.103420412,1.668071759,3.14036153
6197,1.969269965,0.3492503498,3.139967491
6198,0.9311796723,1.770001248,3.140032034
6199,0.3875595809,1.962090103,3.140158529
6200,0.7387343832,1.858567059,3.14025159
6201,1.737579227,0.9903627778,3.1400646
6202,0.7321886543,1.861155494,3.14015848
6203,1.393750685,1.434384547,3.140114729
6204,1.330099095,1.493598472,3.140090081
6205,0.8597925469,1.805756566,3.140166055
6206,1.6927272,1.065211072,3.140003351
6207,1.41418245,1.414244674,3.139953163
6208,0.03333159906,1.999722232,3.140091612
6209,0.3361642767,1.971545987,3.140220941
6210,0.5437423975,1.924667297,3.14033513
6211,0.7197012172,1.866019871,3.140430397
6212,0.2803487118,1.980253671,3.140562412
6213,1.952997306,0.4310470076,3.140195686
6214,1.450019016,1.377477715,3.140133691
6215,1.76889046,0.9332880269,3.139928774
6216,1.523462844,1.295785848,3.139840557
6217,0.2954730056,1.978053514,3.139971853
6218,0.6612690749,1.887517738,3.140073986
6219,1.990388805,0.1958377052,3.13963205
6220,1.415997301,1.412427571,3.139581443
6221,0.7321080148,1.861187216,3.139675124
6222,1.00709159,1.727937073,3.139725944
6223,1.696571986,1.059076718,3.139561783
6224,0.100828221,1.9974568,3.139699211
6225,1.133422324,1.647833073,3.139724266
6226,0.1912705673,1.990832884,3.139859496
6227,1.739711541,0.9866122618,3.139672145
6228,1.534482529,1.282717182,3.139579942
6229,1.681686577,1.082557277,3.139423502
6230,0.1578808875,1.993758668,3.139559633
6231,0.8022235238,1.832058246,3.139643818
6232,0.9530226031,1.758336691,3.139704317
6233,0.9567773848,1.756296398,3.139764142
6234,0.6772426275,1.881845483,3.139864226
6235,1.929254674,0.5272346759,3.13952976
6236,1.313727987,1.508018162,3.139509957
6237,0.2577844106,1.983317221,3.139642573
6238,1.918392485,0.5654823356,3.139320566
6239,1.316914887,1.505235922,3.139299914
6240,1.098438848,1.671356365,3.139332512
6241,0.4996652061,1.936578086,3.139450093
6242,0.7323751332,1.861082122,3.139543447
6243,1.661445442,1.113372822,3.139397235
6244,1.468586347,1.357664959,3.13932932
6245,1.81504941,0.839997405,3.139095639
6246,0.6327149673,1.897280098,3.139200581
6247,0.3571925295,1.967844886,3.13932808
6248,0.01087922204,1.99997041,3.139465822
6249,0.6404923393,1.894668721,3.139569818
6250,0.3667082321,1.966093862,3.139696637
6251,1.668275833,1.103111846,3.139547305
6252,0.260216634,1.982999572,3.139679495
6253,1.276074318,1.540011148,3.139669955
6254,0.437321417,1.951601901,3.139792042
6255,0.3431525975,1.97034167,3.139920082
6256,1.871887784,0.7042983199,3.139643336
6257,1.536167756,1.280698491,3.13955092
6258,0.9720123516,1.74791075,3.139607851
6259,0.443326997,1.950246439,3.139729417
6260,1.497019629,1.326247424,3.139651584
6261,0.06921771964,1.998801868,3.139788615
6262,0.5400196235,1.925715141,3.13990226
6263,0.5520839036,1.922291176,3.140014775
6264,0.7954486986,1.835009909,3.140099386
6265,1.844962373,0.7720840897,3.139844648
6266,1.63578514,1.150741923,3.139710853
6267,0.0214720913,1.999884734,3.139848089
6268,1.929039029,0.5280231286,3.139515638
6269,0.337282123,1.971355059,3.13964376
6270,0.6927367358,1.876197168,3.139741487
6271,0.3659288264,1.966239073,3.1398679
6272,0.2190482763,1.987968273,3.140001202
6273,0.6048355205,1.906350963,3.14010844
6274,0.2542334589,1.983775529,3.140240324
6275,0.2500121474,1.984311953,3.140372337
6276,0.03231338669,1.999738944,3.140509225
6277,1.809044805,0.8528522101,3.140280644
6278,1.868192381,0.7140428755,3.140007914
6279,0.2841659428,1.979709503,3.140138414
6280,0.2883695429,1.979101566,3.140268679
6281,1.400145748,1.428142809,3.140223466
6282,0.2875664047,1.979218422,3.140353714
6283,1.560285125,1.251203552,3.140252178
6284,1.156690732,1.631584062,3.140271739
6285,0.1986443425,1.990110657,3.140405382
6286,1.53022214,1.287796647,3.14031553
6287,1.344845416,1.480334694,3.140286955
6288,0.6410716548,1.894472785,3.140390114
6289,0.4703607759,1.94390348,3.140508959
6290,0.7877658399,1.83832124,3.140594195
6291,1.409658455,1.418754045,3.140546017
6292,1.208227564,1.593796145,3.140553494
6293,1.019276068,1.720777817,3.140601325
6294,1.842653671,0.7775779368,3.140349427
6295,1.544843739,1.270219596,3.140254128
6296,0.2571903303,1.983394347,3.140385407
6297,0.3001360761,1.977351344,3.140514725
6298,0.9562487577,1.756584274,3.140573896
6299,1.133097957,1.648056133,3.140598588
6300,0.4583097976,1.946779939,3.140718106
6301,1.690525385,1.068701981,3.140558875
6302,1.982457222,0.264316785,3.140144415
6303,0.2570961481,1.983406557,3.14027557
6304,1.663918599,1.109673328,3.140129484
6305,0.7893498709,1.837641636,3.140214361
6306,0.8548476627,1.808102728,3.140289843
6307,0.04633894919,1.999463103,3.140425984
6308,0.04678340705,1.999452753,3.140562077
6309,0.4687013705,1.944304252,3.140680646
6310,1.169797523,1.622212611,3.140697087
6311,0.6021886613,1.907188721,3.140803834
6312,0.4266590762,1.953960602,3.140925367
6313,1.673974965,1.094444067,3.140774561
6314,0.8950629127,1.78853638,3.140843661
6315,0.3223292954,1.973855067,3.140971431
6316,0.3480303147,1.969485948,3.141097777
6317,1.152178026,1.634773928,3.141118111
6318,0.7537521623,1.852527376,3.14120737
6319,1.689743141,1.069938372,3.141048906
6320,1.675507543,1.092096367,3.140897505
6321,0.6714941661,1.883904346,3.140996684
6322,1.087967115,1.678191752,3.141030754
6323,1.240426212,1.568866728,3.141030232
6324,0.03665331241,1.999664105,3.141165953
6325,0.5690579984,1.917334868,3.141275598
6326,0.09006806803,1.997970906,3.141410701
6327,0.3048093968,1.976636343,3.141539019
6328,1.308918442,1.512194601,3.141520506
6329,1.120166891,1.656872396,3.141547718
6330,0.06062437029,1.99908096,3.141683044
6331,1.437550324,1.39048519,3.141626068
6332,1.491861265,1.332047284,3.141550652
6333,0.8440352317,1.813175261,3.141627204
6334,1.061985211,1.694752906,3.141666338
6335,0.6703023254,1.884328738,3.141765311
6336,1.087526332,1.678477428,3.141799274
6337,1.301756691,1.518364092,3.141782693
6338,1.066112448,1.69215964,3.14182096
6339,1.829765539,0.8074392075,3.14158008
6340,0.6770406489,1.88191816,3.141678227
6341,0.1538120657,1.994076691,3.14181172
6342,1.469237243,1.356960546,3.14174425
6343,0.3061556767,1.976428269,3.141872126
6344,0.3706654819,1.965351648,3.141996469
6345,1.810509463,0.84973848,3.141769121
6346,1.50664442,1.315303232,3.141688572
6347,0.1054500745,1.997218136,3.141822927
6348,0.1640631667,1.993259461,3.141955992
6349,0.8952751185,1.788430167,3.142024491
6350,1.835309606,0.7947569753,3.141780001
6351,1.902094343,0.618091507,3.141479955
6352,1.913010276,0.5834309598,3.141169089
6353,1.36732038,1.459600965,3.14113415
6354,1.068702524,1.690525041,3.141171908
6355,1.690916574,1.068082927,3.141013764
6356,0.424239295,1.954487406,3.141134589
6357,1.679026644,1.086678208,3.140982351
6358,1.665303382,1.10759408,3.14083674
6359,0.9291494029,1.771067866,3.140899847
6360,1.471840338,1.354136633,3.140831824
6361,0.7881265572,1.838166622,3.140916009
6362,1.458920931,1.368045948,3.140852377
6363,0.7704981944,1.845625242,3.140938877
6364,0.8290834995,1.82006059,3.141017316
6365,1.232481213,1.575115888,3.141018763
6366,1.588437192,1.215264287,3.140907156
6367,1.354294489,1.471695089,3.140876134
6368,0.9306239389,1.770293502,3.140938903
6369,0.2335810617,1.986313139,3.141069487
6370,1.853437916,0.7515104076,3.140812336
6371,1.755641008,0.9579794623,3.140620082
6372,0.5787582171,1.914429138,3.140728091
6373,0.8798936577,1.796047647,3.140798916
6374,0.6863560436,1.878540759,3.140895603
6375,1.686636018,1.074829728,3.140740115
6376,1.885041511,0.66829522,3.140457156
6377,1.068261161,1.690803978,3.140494972
6378,0.1083442175,1.997063226,3.140628812
6379,1.763261977,0.9438788065,3.140432406
6380,1.657611252,1.11907325,3.140290982
6381,0.7150118617,1.867821736,3.140384283
6382,1.614142695,1.180907854,3.140262288
6383,1.561394701,1.249818622,3.140161924
6384,1.497332532,1.325894147,3.140085424
6385,0.7937738795,1.83573501,3.140168648
6386,1.559850141,1.251745796,3.140068949
6387,1.535677283,1.281286573,3.139978532
6388,1.851672862,0.7558489352,3.139723635
6389,0.3915079735,1.961306072,3.139846172
6390,0.841310148,1.814441301,3.139922704
6391,1.682252347,1.081677883,3.1397699
6392,1.037626532,1.709775184,3.139813671
6393,1.639353466,1.145652745,3.139680946
6394,1.304909861,1.515655058,3.139663997
6395,0.9900500539,1.737757432,3.139716515
6396,1.04544425,1.705006252,3.139758775
6397,1.651900694,1.127485741,3.139620462
6398,0.6780836757,1.881542593,3.139717909
6399,1.739753965,0.9865374513,3.139535593
6400,1.231647371,1.575767989,3.139537468
6401,1.036217782,1.710629331,3.13958148
6402,1.061104402,1.69530453,3.139620691
6403,1.767280341,0.9363333783,3.139422822
6404,1.729916569,1.003687533,3.13924605
6405,0.5261443411,1.929552314,3.13935844
6406,0.6952140545,1.875280624,3.139453851
6407,0.7147271454,1.867930702,3.139546938
6408,1.706527728,1.042958827,3.139382514
6409,0.5936883294,1.909851871,3.139488665
6410,0.1284014286,1.995874012,3.139621622
6411,0.4282180934,1.953619529,3.139741357
6412,0.889327227,1.79139529,3.139810454
6413,0.28480094,1.979618252,3.139938229
6414,0.03044686653,1.999768234,3.140072248
6415,0.09795277491,1.997599873,3.14020555
6416,0.8975772737,1.787275871,3.140273247
6417,0.06060148832,1.999081654,3.140406937
6418,0.3183681085,1.974497847,3.140532925
6419,1.489188913,1.335034225,3.140459632
6420,1.329006432,1.494570809,3.140436063
6421,1.515551861,1.305029715,3.140353462
6422,0.8159025282,1.826007411,3.140433136
6423,0.1267703031,1.995978279,3.14056571
6424,1.294211226,1.524800742,3.14055155
6425,0.3214478867,1.973998798,3.140677222
6426,1.964934616,0.3728698903,3.140304527
6427,0.3600723937,1.967319972,3.140428121
6428,1.359930882,1.466488321,3.140395848
6429,0.2672395,1.982065349,3.140523976
6430,0.7240712494,1.864328519,3.140615443
6431,1.758286619,0.9531149804,3.1404235
6432,0.6230641424,1.900471277,3.140526192
6433,0.9516593316,1.759074904,3.140584893
6434,0.9144908407,1.778681113,3.140649671
6435,0.2760135299,1.980862573,3.140777266
6436,0.9362023326,1.767349765,3.140838472
6437,1.952388221,0.4337974578,3.140485319
6438,0.683228897,1.879680365,3.140581448
6439,0.2837323286,1.979771695,3.140708636
6440,0.7641626371,1.848257413,3.140794941
6441,1.711497602,1.03478305,3.140628627
6442,1.230954171,1.57630956,3.140630488
6443,0.1839776641,1.991520078,3.140761236
6444,0.9714287173,1.748235181,3.140816436
6445,1.231951723,1.575530055,3.140818026
6446,0.1212297975,1.996322453,3.140950174
6447,1.565486556,1.244689457,3.140849108
6448,0.1029205909,1.997350082,3.140981529
6449,1.792139857,0.8878258451,3.140769817
6450,0.5978624533,1.908549315,3.140874674
6451,1.913026516,0.5833777056,3.140568657
6452,1.158887164,1.630024706,3.140587175
6453,1.878332322,0.6869262606,3.14031339
6454,1.738765139,0.9882792067,3.140133075
6455,0.5821678475,1.913395045,3.140239451
6456,0.9169146952,1.777432823,3.140303674
6457,1.416918778,1.411503162,3.140254534
6458,0.71556197,1.867611059,3.140346663
6459,0.3228189554,1.973775043,3.140471636
6460,1.313210293,1.508469,3.140452514
6461,1.927680303,0.5329621448,3.140131429
6462,1.326063411,1.497182631,3.140108871
6463,1.408117125,1.420283831,3.140062524
6464,0.4117946174,1.957147208,3.1401823
6465,1.371137241,1.456016025,3.14014701
6466,0.2379118948,1.985799066,3.140275598
6467,0.001653137236,1.999999317,3.140408538
6468,0.8069645771,1.82997491,3.140488863
6469,0.07290161792,1.998670897,3.140621319
6470,0.9914153239,1.736978887,3.140672839
6471,1.037897275,1.709610847,3.140715885
6472,0.3284169471,1.972851314,3.140840264
6473,0.08682282165,1.998114561,3.140972412
6474,0.5225894006,1.930518148,3.141083636
6475,0.8057409756,1.830513993,3.141163936
6476,0.03843602506,1.999630634,3.14129644
6477,0.5205995274,1.931055704,3.141407729
6478,0.192923862,1.990673349,3.141537389
6479,1.347165024,1.478224069,3.141508821
6480,1.683336015,1.079990676,3.141357351
6481,1.059674167,1.696198886,3.141396086
6482,0.5501422387,1.922847762,3.14150474
6483,1.547383424,1.267124516,3.141411071
6484,1.162204396,1.627661187,3.14142864
6485,1.369356937,1.457690495,3.141393783
6486,0.5977714146,1.908577831,3.14149797
6487,1.45603837,1.371113513,3.141436421
6488,1.115546154,1.659986981,3.141463939
6489,1.855393634,0.7466689101,3.141209951
6490,1.793566171,0.8849408964,3.140998653
6491,0.5935825745,1.909884742,3.141103224
6492,1.968289991,0.3547316073,3.140728664
6493,1.135030722,1.646725618,3.140752185
6494,1.936029778,0.5017855101,3.140423085
6495,0.1962009321,1.990353033,3.140552458
6496,0.4517520701,1.948312107,3.140668849
6497,1.405378146,1.42299412,3.140623492
6498,1.530711207,1.28721529,3.140536359
6499,1.834555572,0.7964959839,3.140298239
6500,0.7848080329,1.839585918,3.140381142
6501,0.2000565499,1.98996919,3.140510285
6502,1.845162996,0.7716045091,3.140264622
6503,1.586323428,1.218022159,3.14015633
6504,0.1960036704,1.990372468,3.140285572
6505,1.19003149,1.607428086,3.140297036
6506,1.203520977,1.597353204,3.140305399
6507,0.1828021319,1.991628324,3.140434944
6508,1.929012347,0.528120598,3.140114693
6509,0.8381714395,1.815893344,3.14019023
6510,0.974631266,1.746451802,3.14024441
6511,0.02091072146,1.999890682,3.140376423
6512,0.4198250487,1.955440341,3.140494744
6513,0.2394542362,1.985613676,3.140622294
6514,1.192103832,1.605891794,3.140633218
6515,0.5723959608,1.916341009,3.140739442
6516,0.9279034951,1.771720944,3.140801244
6517,0.9666320044,1.750891935,3.140856635
6518,0.4113838144,1.957233598,3.140975324
6519,1.154912908,1.632842973,3.140994454
6520,0.06731738946,1.998866771,3.141125856
6521,1.764354868,0.9418343276,3.140933024
6522,1.816022755,0.8378910162,3.140708376
6523,0.4251037465,1.954299569,3.140826097
6524,1.877794502,0.6883950962,3.140555705
6525,0.9595411679,1.754787949,3.14061226
6526,0.05912907653,1.999125747,3.140743679
6527,1.231011677,1.576264652,3.140745484
6528,0.995531861,1.734622816,3.140795806
6529,1.866950075,0.7172847539,3.140534476
6530,1.487914294,1.336454658,3.140462864
6531,0.1697754632,1.992781045,3.140592262
6532,0.9524385855,1.758653104,3.140649934
6533,0.5186535088,1.931579286,3.140760528
6534,1.416468119,1.411955405,3.140712035
6535,0.3916507193,1.961277572,3.140831674
6536,1.359951867,1.46646886,3.140799867
6537,1.140471494,1.642962194,3.140822067
6538,0.873550818,1.799141175,3.140892037
6539,0.8230896149,1.822779056,3.140969215
6540,1.323853959,1.49913665,3.140947396
6541,1.543295759,1.272099918,3.140856164
6542,1.083600352,1.681014657,3.140889972
6543,0.9905385452,1.737479033,3.140941029
6544,1.210694939,1.591922663,3.140947586
6545,0.7583158552,1.850663952,3.141033205
6546,0.4857443593,1.940116599,3.141146129
6547,1.214844428,1.588758325,3.141151685
6548,0.3236210261,1.973643694,3.141274796
6549,0.4299205363,1.953245589,3.141391641
6550,1.32286856,1.500006258,3.141370056
6551,1.828110728,0.8111788747,3.141138182
6552,0.295238817,1.978088482,3.141262577
6553,0.5973927297,1.908696395,3.141365756
6554,1.396827041,1.431388912,3.141323249
6555,1.960844299,0.3938142119,3.140964181
6556,0.6194399686,1.901655627,3.14106521
6557,1.342492115,1.482469197,3.141038349
6558,1.227415567,1.579066505,3.141040956
6559,0.3011714362,1.977193912,3.14116496
6560,1.535327846,1.281705272,3.141076888
6561,0.4065593228,1.958241435,3.141195072
6562,0.9377415987,1.766533525,3.14125479
6563,0.7283193327,1.862673066,3.141343788
6564,1.921489644,0.5548671445,3.14103428
6565,1.677846229,1.0884999,3.140887436
6566,0.4127291461,1.956950345,3.141005165
6567,1.327283108,1.496101451,3.140982506
6568,0.2262722814,1.987158991,3.141109384
6569,0.8569765974,1.80709466,3.141181401
6570,0.4811192336,1.94126873,3.141294241
6571,0.5931908934,1.91000643,3.141397531
6572,1.973384756,0.3251962557,3.141018498
6573,1.603566003,1.195230553,3.14090431
6574,0.5265048951,1.929453963,3.141013529
6575,1.166283014,1.624741189,3.141030026
6576,1.861604948,0.7310451549,3.140774713
6577,1.5239478,1.295215465,3.140691036
6578,1.280821649,1.536065072,3.140680613
6579,0.05573445228,1.999223267,3.140810992
6580,0.1275393878,1.995929283,3.140940331
6581,1.304274976,1.516201433,3.140923838
6582,0.06805900092,1.998841658,3.141054005
6583,0.3921194448,1.961183913,3.141172692
6584,1.645524684,1.136771091,3.141040913
6585,1.762461136,0.945373336,3.140851043
6586,0.2624769507,1.982701654,3.140976241
6587,0.5165178885,1.932151462,3.141086052
6588,0.8388698629,1.815570806,3.141160438
6589,1.604032834,1.194603979,3.141046316
6590,0.5912522321,1.910607442,3.141149528
6591,1.669484409,1.101281893,3.141007124
6592,1.784475065,0.9031327387,3.140804645
6593,0.3778575592,1.963981585,3.140924038
6594,1.420632964,1.407764888,3.140874691
6595,0.4166076017,1.956128346,3.140991656
6596,1.388003497,1.439946628,3.140952071
6597,0.4682835293,1.944404931,3.141065435
6598,0.9952258458,1.734798408,3.141115227
6599,0.3368332148,1.971431811,3.141236723
6600,0.9210117385,1.775313318,3.141298751
6601,0.7717886107,1.845085998,3.141381901
6602,0.07000715655,1.998774374,3.141511584
6603,1.892564912,0.6466823426,3.141231689
6604,0.009836160894,1.999975812,3.14136172
6605,0.3894685916,1.961712062,3.141480124
6606,0.9070719492,1.782475941,3.141544228
6607,0.9933329992,1.735882932,3.141594209
6608,1.572158302,1.236251703,3.141492954
6609,1.664558709,1.108712904,3.141353135
6610,0.613448278,1.903596914,3.141453867
6611,0.9603401744,1.754350806,3.141509418
6612,1.108796953,1.664502724,3.141537775
6613,0.71254061,1.868765871,3.1416279
6614,0.4854492988,1.940190449,3.141739595
6615,0.050039371,1.999373917,3.14186915
6616,0.8005029269,1.832810701,3.141948315
6617,0.8259585667,1.821480839,3.142024031
6618,0.1639659984,1.993267456,3.142151639
6619,0.8585363814,1.806354141,3.142222731
6620,1.065392813,1.692612819,3.142259438
6621,1.935042257,0.5055803244,3.141937569
6622,1.200448329,1.599663655,3.141946235
6623,1.899387274,0.6263609038,3.141660983
6624,1.664107978,1.109389309,3.141521659
6625,1.064354287,1.693266061,3.141558642
6626,0.8265564112,1.821209625,3.141634232
6627,1.762549265,0.9452090188,3.141445426
6628,0.2100599383,1.988938114,3.141571623
6629,1.595196561,1.206378022,3.141461679
6630,0.5435269386,1.924728154,3.141568466
6631,0.6145788627,1.903232204,3.141668736
6632,1.025055694,1.717341208,3.141712918
6633,0.5329765264,1.927676327,3.141820508
6634,0.114064597,1.996744668,3.141948887
6635,1.57842418,1.22824147,3.141845576
6636,1.220190004,1.584656541,3.141849715
6637,0.6668753246,1.885544298,3.141944523
6638,1.725040195,1.012045614,3.141776121
6639,1.823812885,0.820796297,3.141550156
6640,0.1422575772,1.99493428,3.141677915
6641,0.7004275306,1.873339605,3.141769015
6642,0.6460629927,1.892776429,3.141865942
6643,1.565685393,1.244439331,3.141767645
6644,1.34988773,1.47573816,3.141739004
6645,1.915539236,0.5750734169,3.141439291
6646,1.451101532,1.376337292,3.141380795
6647,1.847748554,0.7653922409,3.14113849
6648,1.274845646,1.541028416,3.141129603
6649,0.2526491825,1.983977921,3.141253957
6650,1.178219035,1.616106403,3.141267635
6651,1.913600338,0.5814926878,3.140970193
6652,1.557767731,1.254336357,3.14087514
6653,1.137160512,1.645255594,3.140897631
6654,0.8137090138,1.826985944,3.140974739
6655,1.060907897,1.695427508,3.141012287
6656,1.170682286,1.62157423,3.141027632
6657,1.231148096,1.576158103,3.141029327
6658,0.1229137821,1.996219477,3.141157205
6659,1.303571477,1.516806317,3.141141055
6660,1.019215233,1.72081385,3.141186173
6661,1.740581361,0.985076914,3.141010369
6662,0.2971005442,1.977809714,3.141132646
6663,0.9513969817,1.75921681,3.141189272
6664,1.165276725,1.625463058,3.141205739
6665,1.133154759,1.648017079,3.141228969
6666,1.010208328,1.726116779,3.141275624
6667,0.9445140102,1.762921803,3.141333307
6668,1.799806449,0.8721793087,3.141123802
6669,1.276785807,1.539421321,3.141114463
6670,0.7842447913,1.839826108,3.141195204
6671,0.5154486676,1.932436977,3.141303685
6672,1.551071606,1.262607173,3.141211346
6673,0.369658146,1.965541364,3.141329714
6674,0.8223331664,1.823120447,3.141405367
6675,1.182190813,1.613203298,3.141418102
6676,0.04867385197,1.999407626,3.141546531
6677,1.256649816,1.555902067,3.141542077
6678,0.02090871272,1.999890703,3.141670594
6679,1.574115247,1.233758967,3.141569658
6680,0.4530592418,1.948008553,3.141682599
6681,0.2095285407,1.988994166,3.141807776
6682,1.613517073,1.18176252,3.141691302
6683,0.5972120353,1.90875294,3.141792426
6684,0.1825206782,1.991654137,3.141918326
6685,0.3171150568,1.974699481,3.142039116
6686,0.5492489021,1.923103129,3.142144436
6687,0.267694048,1.98200401,3.14226734
6688,1.87304185,0.7012233806,3.1420072
6689,0.2310816106,1.986605469,3.142131464
6690,1.735827006,0.9934307243,3.141958778
6691,1.826178315,0.815519933,3.141732964
6692,0.3434524912,1.970289417,3.141852337
6693,1.826129723,0.8156287356,3.14162664
6694,0.9410990024,1.764747197,3.141684582
6695,0.6178863221,1.902161006,3.141783557
6696,0.9456571062,1.762308894,3.141840731
6697,0.1602431891,1.993570194,3.141966951
6698,0.3748975079,1.964548767,3.142084469
6699,0.0739799193,1.998631275,3.142212126
6700,0.01182296823,1.999965054,3.142340144
6701,0.472527727,1.94337787,3.142451234
6702,1.171007866,1.621339131,3.142466189
6703,1.785555676,0.9009944098,3.142266207
6704,1.85716744,0.7422459834,3.142018926
6705,0.9619731244,1.753455933,3.142073347
6706,0.963661178,1.752528783,3.142127475
6707,0.8948067896,1.788664532,3.142192363
6708,0.1765695305,1.992190553,3.142317913
6709,1.348713991,1.476810946,3.142289787
6710,1.516048505,1.304452732,3.142210296
6711,1.818206634,0.8331414256,3.141990369
6712,0.9526897683,1.758517047,3.142046246
6713,1.566863107,1.242956155,3.141948505
6714,1.38913902,1.438851203,3.141909148
6715,0.5101105744,1.933852942,3.142017234
6716,0.7487422142,1.854557925,3.142101674
6717,0.8480415617,1.811304919,3.14217321
6718,0.1437343973,1.994828419,3.142299361
6719,0.0876541079,1.998078266,3.142426442
6720,1.89356009,0.6437625238,3.142150415
6721,0.8797308915,1.796127378,3.142217385
6722,1.099442665,1.67069621,3.142247015
6723,1.513929573,1.306911339,3.142168416
6724,0.2486387748,1.984484507,3.142291378
6725,0.8606536637,1.805346302,3.142361029
6726,0.5267396898,1.929389877,3.142467544
6727,1.217642934,1.586614536,3.142472117
6728,1.118055079,1.658298176,3.142497997
6729,1.084669673,1.680324879,3.142530417
6730,0.6285247364,1.89867234,3.142627715
6731,1.272324617,1.543110518,3.142619334
6732,0.002576506112,1.99999834,3.142746693
6733,0.9315641875,1.769798905,3.142805634
6734,0.3000126594,1.977370073,3.142926206
6735,1.592017906,1.210569696,3.142819037
6736,1.630988918,1.157529762,3.142696151
6737,1.587587869,1.21637361,3.14259077
6738,0.4659960669,1.944954412,3.142701681
6739,1.535452905,1.281555452,3.142615676
6740,0.07340336588,1.998652533,3.142742484
6741,1.484158845,1.34062393,3.142674024
6742,0.4009748657,1.959392548,3.142789139
6743,1.890914843,0.6514914097,3.142516293
6744,1.161978904,1.627822173,3.142533067
6745,1.027693875,1.715763765,3.142575913
6746,1.300551973,1.519396119,3.142560529
6747,0.8057572913,1.830506812,3.142637371
6748,0.2351116871,1.986132547,3.142760315
6749,0.4016089501,1.959262681,3.14287526
6750,1.245275566,1.565020372,3.142873359
6751,0.3892059402,1.96176419,3.142988994
6752,0.2891493599,1.978987784,3.143109697
6753,0.03553715405,1.999684253,3.143236494
6754,1.0717243,1.688610975,3.143271138
6755,1.485829731,1.338771829,3.143202192
6756,0.6797327313,1.880947478,3.143293769
6757,1.108758055,1.664528635,3.143321261
6758,0.1224002428,1.996251031,3.143446917
6759,0.4847794219,1.940357934,3.143555996
6760,0.3132996361,1.975308416,3.143675384
6761,1.415778917,1.412646474,3.143628293
6762,1.445437615,1.382284378,3.143572236
6763,1.965107472,0.3719578268,3.143217414
6764,0.7514214113,1.853473998,3.143300757
6765,0.5341164803,1.927360782,3.143405919
6766,0.6554197094,1.889556828,3.143499875
6767,1.492132417,1.331743537,3.143428941
6768,1.25922779,1.55381639,3.143423652
6769,1.194977674,1.603754457,3.143433119
6770,1.983690961,0.2548924724,3.143044102
6771,1.492672053,1.331138664,3.142973098
6772,1.116725781,1.659193639,3.142999001
6773,1.833625002,0.7986359326,3.142770782
6774,1.841718848,0.7797895135,3.142537066
6775,0.6445857594,1.893280011,3.142632125
6776,1.206524799,1.59508555,3.142639141
6777,1.342772574,1.482215172,3.142612844
6778,1.282993719,1.534251321,3.14260191
6779,1.870930058,0.7068385362,3.142346869
6780,1.722698823,1.016025967,3.142183109
6781,1.118235836,1.658176292,3.142208794
6782,1.97939112,0.2863752706,3.141829929
6783,0.3578658277,1.967722554,3.14194693
6784,1.718259616,1.023515458,3.141785533
6785,0.8715113782,1.800129972,3.141853105
6786,0.7662611481,1.847388387,3.141934585
6787,1.768118558,0.9347495732,3.141747104
6788,0.6297803955,1.898256214,3.141843563
6789,1.4890899,1.335144662,3.141774104
6790,0.2472423215,1.984658972,3.141895981
6791,0.1275385547,1.995929337,3.142021141
6792,0.08661723767,1.998123483,3.142146911
6793,0.7210805588,1.86548729,3.142233592
6794,0.1963218692,1.990341107,3.142357003
6795,0.8664876096,1.802553528,3.142425104
6796,1.336706699,1.48768787,3.142400524
6797,0.4982543888,1.936941549,3.142508142
6798,0.6025282759,1.907081455,3.142606944
6799,1.317972183,1.504310249,3.142587237
6800,1.284739322,1.532789899,3.142575912
6801,1.551883999,1.261608519,3.142484844
6802,1.851324505,0.7567017755,3.142245343
6803,1.878384922,0.6867824134,3.141985358
6804,0.03224113974,1.99974011,3.142111386
6805,1.679905053,1.085319774,3.141968627
6806,1.499319991,1.323646314,3.141895945
6807,1.11044366,1.663404604,3.14192311
6808,1.131121501,1.649413275,3.141946157
6809,0.7671722604,1.847010212,3.142027237
6810,1.757592252,0.9543948221,3.141846145
6811,1.273710114,1.541967102,3.141837642
6812,1.366305798,1.460550741,3.141805238
6813,0.9792362972,1.743873927,3.141856015
6814,0.0412216412,1.999575149,3.141981829
6815,0.345156449,1.969991631,3.142098924
6816,0.7707412041,1.845523773,3.142179462
6817,0.5220110768,1.930674606,3.142284958
6818,0.8558051017,1.807649753,3.142354336
6819,0.6360530909,1.896163618,3.142449654
6820,0.7921059349,1.836455332,3.142527434
6821,1.147579458,1.638005307,3.142547003
6822,1.839529286,0.7849407657,3.142316475
6823,1.888113508,0.6595660551,3.142049263
6824,0.4382054576,1.951403592,3.142160746
6825,1.151135124,1.635508461,3.142179626
6826,1.448284381,1.3793014,3.142123433
6827,0.3972937764,1.960142254,3.142237415
6828,0.5611964889,1.919650619,3.142339504
6829,1.054781929,1.699245445,3.142377014
6830,0.007081275633,1.999987464,3.142502577
6831,1.457656044,1.369393609,3.142443477
6832,0.1543753222,1.994033164,3.142567251
6833,1.011506793,1.725356197,3.142612347
6834,1.636348965,1.149940026,3.142489032
6835,1.736661809,0.9919706457,3.14231953
6836,0.07666197143,1.998530195,3.142444565
6837,1.522553222,1.296854536,3.142364306
6838,0.8668897796,1.80236015,3.142431921
6839,0.1863515279,1.991299352,3.142554771
6840,1.594006018,1.207950667,3.142448535
6841,1.462907083,1.363782559,3.142387888
6842,0.3128487791,1.975379873,3.142506037
6843,1.478165321,1.347229484,3.142440562
6844,1.273836919,1.541862349,3.142431982
6845,0.5446254913,1.924417594,3.142535182
6846,1.362653023,1.463959268,3.142503833
6847,0.5729689112,1.91616978,3.142604583
6848,1.300224569,1.519676305,3.142589505
6849,1.26923193,1.5456553,3.142582018
6850,0.05149984448,1.999336832,3.142706995
6851,0.3515525581,1.968860279,3.142823039
6852,1.323048421,1.499847618,3.14280215
6853,0.3167649481,1.974755673,3.142919866
6854,0.481324908,1.941217745,3.143027762
6855,1.73487012,0.9951008317,3.142859589
6856,0.4585259803,1.946729032,3.142969069
6857,0.9633626376,1.752692908,3.143021923
6858,1.375293049,1.452091261,3.142987097
6859,0.5510451231,1.92258921,3.143089472
6860,1.933651219,0.5108747048,3.142780239
6861,1.865295303,0.7215770461,3.142532516
6862,1.121723895,1.655818681,3.142557159
6863,1.751565301,0.96541131,3.142380599
6864,0.9948564137,1.735010293,3.142428332
6865,0.8428798299,1.813712654,3.14249898
6866,0.8829665677,1.794538949,3.142564022
6867,0.6652558844,1.886116276,3.142655717
6868,1.735178994,0.9945621437,3.142487759
6869,1.126501893,1.652571779,3.142511439
6870,0.4587353626,1.946679703,3.142620733
6871,1.973001182,0.3275153957,3.142258691
6872,1.736756314,0.991805176,3.142090087
6873,1.902343389,0.6173245732,3.14181256
6874,1.960975829,0.3931587459,3.141469893
6875,0.05235719699,1.999314564,3.14159457
6876,0.2551891031,1.983652823,3.141714656
6877,0.04363531247,1.999523933,3.141839323
6878,0.2283086014,1.986926064,3.14196029
6879,1.467811118,1.358503045,3.141898515
6880,0.9066472831,1.782691982,3.141960068
6881,0.6014294666,1.907428268,3.142057858
6882,0.1383621784,1.995208237,3.14218113
6883,1.943114188,0.4736108654,3.141862235
6884,1.78162561,0.9087409891,3.141669849
6885,1.782662752,0.9067047543,3.141476928
6886,1.795467126,0.8810776347,3.14127662
6887,1.249622545,1.56155163,3.141273982
6888,1.00611633,1.728505114,3.14131982
6889,1.003015378,1.730306375,3.141366168
6890,1.250714108,1.560677488,3.141363264
6891,1.550345356,1.263498824,3.141274109
6892,1.921477699,0.5549085091,3.140979353
6893,0.4948060054,1.937825332,3.141085936
6894,1.170192369,1.62192781,3.141100843
6895,1.291327424,1.527243754,3.141088281
6896,0.1419405093,1.994956865,3.141211371
6897,0.7461347042,1.855608526,3.141294016
6898,0.8368602211,1.816497996,3.141365298
6899,0.2669010099,1.982110958,3.14148457
6900,0.14516023,1.994725171,3.141607463
6901,1.305760664,1.51492214,3.141591268
6902,1.221409436,1.583716827,3.141595012
6903,0.8514381097,1.809710791,3.141664232
6904,1.632998681,1.154692734,3.141543682
6905,0.4147193882,1.956529537,3.141655415
6906,1.859032873,0.7375613718,3.141414098
6907,0.5305258829,1.928352221,3.141517659
6908,1.673107348,1.095769959,3.14138014
6909,0.9189166479,1.776398659,3.141439688
6910,1.351751103,1.474031531,3.141411703
6911,1.57663251,1.230540503,3.141313261
6912,0.03207704823,1.999742749,3.141437418
6913,1.068558456,1.690616108,3.141472106
6914,0.2255985744,1.987235588,3.141592586
6915,0.2866125742,1.979356772,3.141710752
6916,1.707650089,1.041120153,3.141557561
6917,1.525658084,1.293200453,3.141477301
6918,0.6493551938,1.8916495,3.141570077
6919,1.81214409,0.8462468889,3.141360643
6920,0.4523732434,1.948167972,3.141469743
6921,1.281909671,1.53515719,3.141459462
6922,1.692956351,1.06484684,3.141313295
6923,0.1282192695,1.995885723,3.141436141
6924,0.71958194,1.86606587,3.141521452
6925,0.6288193332,1.898574793,3.141616127
6926,0.9952353373,1.734792963,3.141663481
6927,0.4287329606,1.953506603,3.141773969
6928,0.7977690781,1.834002317,3.141849926
6929,1.2880519,1.530007289,3.141838115
6930,0.6909829457,1.876843778,3.141926405
6931,0.831869009,1.818789144,3.141997918
6932,1.020822935,1.719860615,3.142040867
6933,1.042081861,1.707063383,3.142080112
6934,1.621790432,1.170382756,3.141964549
6935,0.06094168764,1.999071312,3.142088006
6936,0.2605110214,1.982960919,3.142206783
6937,0.2306386734,1.986656941,3.142326591
6938,1.166874923,1.624316137,3.142341913
6939,1.115717231,1.659872001,3.142367479
6940,1.220704764,1.584260042,3.142371247
6941,1.449347967,1.378183758,3.142315635
6942,1.800928489,0.86986009,3.14211359
6943,0.9619067813,1.753492328,3.142166142
6944,1.074544084,1.686818014,3.142199476
6945,1.950132787,0.4438266682,3.141874848
6946,1.058022726,1.697229481,3.141911212
6947,1.588560663,1.215102885,3.141808764
6948,0.9274575603,1.771954422,3.141866636
6949,1.657303433,1.119529066,3.141736717
6950,1.321298311,1.501389614,3.141716723
6951,1.106863538,1.665789035,3.141744038
6952,1.234701675,1.573375916,3.141744758
6953,0.3979428402,1.960010586,3.141856692
6954,0.9593635351,1.75488507,3.141909599
6955,0.8253025845,1.821778154,3.141981726
6956,0.4351814592,1.952080198,3.142091297
6957,1.397958934,1.430283475,3.142050831
6958,1.111549522,1.662665829,3.142077172
6959,1.570436544,1.238438154,3.141981584
6960,1.683714778,1.079400086,3.141840322
6961,1.751005632,0.966426033,3.141666642
6962,0.1070096221,1.997135183,3.141789107
6963,1.253065681,1.558790043,3.14178563
6964,0.7167704501,1.86714759,3.141870712
6965,0.9912092016,1.73709652,3.141918425
6966,1.419759368,1.408645923,3.141871824
6967,1.886781124,0.6633679152,3.14161129
6968,0.4985179285,1.936873737,3.141716361
6969,0.7781713151,1.84240316,3.141794291
6970,1.966663859,0.3636389223,3.141447875
6971,1.517295297,1.303002295,3.141371065
6972,0.4865730729,1.939908927,3.141476981
6973,0.9674856593,1.750420378,3.141528518
6974,0.5784359034,1.914526549,3.141627102
6975,0.09793978819,1.99760051,3.141749478
6976,1.181498503,1.61371041,3.141761759
6977,0.6736473457,1.883135485,3.141851268
6978,1.75375599,0.9614259871,3.141676577
6979,0.8127687021,1.827404454,3.141750102
6980,1.586663211,1.217579506,3.141648871
6981,1.317708645,1.504541102,3.141629881
6982,1.278525904,1.537976434,3.141620475
6983,1.689685162,1.070029932,3.141477046
6984,1.417169462,1.411251471,3.141431374
6985,0.3579296069,1.967710953,3.141545045
6986,1.940414908,0.484551324,3.141234074
6987,0.443418827,1.950225562,3.141342736
6988,0.09406759826,1.997786597,3.141464978
6989,1.168754328,1.622964362,3.141479925
6990,1.700188738,1.053260772,3.141331862
6991,0.7191465681,1.866233697,3.141416419
6992,1.478812311,1.346519271,3.141352292
6993,0.7889024547,1.837833757,3.141428699
6994,1.791842938,0.8884249463,3.141233592
6995,1.612888146,1.182620746,3.141122656
6996,0.05727081847,1.999179845,3.141245189
6997,0.2239995813,1.987416461,3.141364324
6998,1.745509478,0.9763179099,3.141194457
6999,0.9942374359,1.735365069,3.14124154
7000,0.1631529256,1.993334172,3.141362315
7001,0.4005826559,1.95947277,3.141473383
7002,0.1570877576,1.993821315,3.14159423
7003,0.2348545704,1.986162967,3.141712855
7004,0.8746300117,1.798616786,3.141777892
7005,0.4769401159,1.9422997,3.141883934
7006,0.3926618715,1.961075382,3.141995305
7007,1.434862238,1.393258899,3.141944573
7008,1.068909263,1.690394329,3.141978655
7009,0.120074903,1.99639225,3.142100042
7010,0.1522684467,1.994195156,3.142220769
7011,1.024845051,1.71746692,3.142262519
7012,1.369718993,1.457350294,3.142230066
7013,0.6759129281,1.882323488,3.142318818
7014,1.121191716,1.656179077,3.142343061
7015,0.3891863991,1.961768066,3.142454421
7016,0.1497882498,1.994382982,3.142575047
7017,0.7460614564,1.855637977,3.142656093
7018,0.9319411255,1.769600446,3.142712597
7019,0.04931236068,1.99939198,3.142834562
7020,0.0328626006,1.999729994,3.142956588
7021,1.347137362,1.478249278,3.142930031
7022,1.422473947,1.405904645,3.142882876
7023,1.411461569,1.416960211,3.142838883
7024,1.94643516,0.4597718634,3.142522355
7025,1.015992899,1.722718325,3.142565475
7026,0.00148581471,1.999999448,3.142687512
7027,1.523273677,1.29600822,3.142609147
7028,1.643028564,1.140375876,3.142486515
7029,1.907611054,0.6008494553,3.142210403
7030,1.267872546,1.546770574,3.14220348
7031,1.722181021,1.016903402,3.142045836
7032,0.3751359488,1.96450325,3.142157747
7033,0.4424014397,1.950456605,3.142265632
7034,1.614150328,1.18089742,3.142154675
7035,1.947284141,0.4561627712,3.141837713
7036,1.489085943,1.335149076,3.141770695
7037,1.3922161,1.435874065,3.141732323
7038,1.005898742,1.728631748,3.141777156
7039,0.1348141327,1.995451114,3.141897787
7040,1.607071103,1.190513531,3.141789709
7041,1.977993412,0.2958750814,3.141427539
7042,1.772493161,0.926427543,3.141244555
7043,1.414648599,1.413778392,3.141200016
7044,0.4838233899,1.940596539,3.141305069
7045,1.504233413,1.318059877,3.141233361
7046,1.686739111,1.074667935,3.141092586
7047,0.871195067,1.800283076,3.141157787
7048,1.309241121,1.511915238,3.141141141
7049,1.551669859,1.261871883,3.141053554
7050,1.386544664,1.441351412,3.141016909
7051,1.518476867,1.30162514,3.14094064
7052,1.834550779,0.7965070229,3.140721139
7053,1.358611218,1.467710992,3.140692031
7054,1.579614566,1.226710163,3.140594601
7055,0.9226667339,1.774453746,3.140652476
7056,0.7346830559,1.860172252,3.140734632
7057,0.2683726779,1.981912235,3.140851267
7058,1.988593673,0.213296044,3.140466702
7059,0.3913896152,1.961329694,3.14057751
7060,0.5481680074,1.92341151,3.140677544
7061,0.8064130661,1.830218011,3.140751154
7062,1.297910795,1.521652907,3.140737356
7063,1.723874942,1.014029184,3.140579819
7064,0.4557183854,1.947388188,3.140686585
7065,1.556684773,1.255680102,3.140597509
7066,0.1914881681,1.990811965,3.140716533
7067,0.4112302088,1.957265878,3.14082603
7068,0.6353084129,1.896413252,3.140918277
7069,1.436288641,1.391788396,3.140867727
7070,1.479490654,1.345773905,3.140804174
7071,0.9667157202,1.750845715,3.140855211
7072,0.5473375017,1.923648008,3.140955104
7073,1.38338009,1.44438898,3.14091945
7074,1.266262611,1.548088821,3.140913126
7075,1.700999113,1.051951528,3.140766552
7076,0.8640701346,1.803713614,3.140832501
7077,0.3026182226,1.976972992,3.140947397
7078,0.04034165795,1.999593096,3.141068651
7079,0.3509150427,1.968974005,3.141181221
7080,0.4145431123,1.956566893,3.141290253
7081,1.604982335,1.193327995,3.141183682
7082,1.693748323,1.063586676,3.1410405
7083,1.427264604,1.401040952,3.140992645
7084,1.069222772,1.690196043,3.141026439
7085,1.56739275,1.242288198,3.140933786
7086,0.6201452865,1.901425734,3.141027198
7087,1.628520445,1.16100007,3.140911631
7088,0.9606586176,1.754176451,3.14096347
7089,1.320305136,1.502263075,3.140944224
7090,0.283856036,1.979753962,3.141059677
7091,1.041755262,1.707262714,3.141098243
7092,1.275931614,1.540129383,3.141089664
7093,1.398309483,1.429940765,3.141050018
7094,0.5459734912,1.924035589,3.141149683
7095,1.279294775,1.537336944,3.141140313
7096,1.342244913,1.482693021,3.141115545
7097,0.5284961476,1.92890949,3.141216532
7098,1.280447234,1.536377194,3.141206887
7099,1.29641176,1.522930251,3.141193456
7100,1.388600063,1.439371343,3.141156491
7101,0.5704601316,1.916918162,3.141254038
7102,0.3858645134,1.962424158,3.141364372
7103,0.08167912084,1.998331434,3.141484786
7104,1.274344678,1.541442714,3.141476537
7105,0.9958847475,1.73442024,3.141522612
7106,0.5969388843,1.908838382,3.141617765
7107,1.900825406,0.6219829385,3.141350753
7108,0.9584548224,1.755381541,3.141402724
7109,0.8225372032,1.823028401,3.141473712
7110,1.038764884,1.709083823,3.141512629
7111,1.595270952,1.206279648,3.141410118
7112,1.437103251,1.390947248,3.141359567
7113,0.649589557,1.891569033,3.141449794
7114,1.935921561,0.5022028565,3.141149394
7115,1.817729633,0.8341816247,3.140942396
7116,0.4930827035,1.938264545,3.141045767
7117,0.4677647222,1.944529806,3.14115087
7118,0.4185288518,1.95571818,3.141259086
7119,0.5917771401,1.910444926,3.141354553
7120,1.559193018,1.252564223,3.141265196
7121,1.130112322,1.650104887,3.141287516
7122,0.7384486772,1.858680594,3.141368403
7123,0.146269586,1.994644131,3.141487442
7124,1.394483889,1.433671749,3.141448961
7125,1.420435599,1.40796403,3.141403274
7126,1.449152728,1.378389049,3.141349299
7127,0.2567507736,1.983451295,3.141465133
7128,0.5216261516,1.93077864,3.141566156
7129,0.5421354854,1.925120546,3.141665564
7130,0.32679457,1.973120703,3.141778407
7131,0.3122336163,1.9754772,3.14189188
7132,1.0944201,1.673990635,3.141920777
7133,0.5676122729,1.917763361,3.142018016
7134,1.778777318,0.9143036989,3.14183391
7135,0.6173138652,1.902346864,3.141926813
7136,1.233718035,1.574147328,3.141927705
7137,1.611583696,1.184397734,3.141819378
7138,1.473049064,1.352821664,3.141758271
7139,0.5032937766,1.935638234,3.141860459
7140,0.6206207456,1.901270599,3.141952992
7141,1.816070666,0.8377871674,3.141747645
7142,0.9123652928,1.779772337,3.141806144
7143,0.4103554931,1.957449455,3.141914375
7144,0.1176283995,1.996537893,3.142033518
7145,0.6446233002,1.893267229,3.142123721
7146,0.5548884846,1.921483482,3.142221796
7147,1.55808356,1.253944026,3.142133041
7148,1.257113059,1.555527807,3.142128693
7149,0.1263299482,1.996006198,3.142247575
7150,1.539068585,1.277210982,3.142165361
7151,1.138652608,1.644223293,3.142185817
7152,0.6718798931,1.883766814,3.142273254
7153,0.6566378059,1.889133873,3.142362167
7154,1.151665821,1.635134807,3.142380046
7155,1.402620342,1.425712515,3.142339382
7156,1.451254474,1.376176025,3.142284884
7157,1.755529839,0.958183168,3.142113594
7158,1.217253387,1.586913417,3.142118025
7159,1.605857736,1.19214971,3.142012169
7160,0.3619213087,1.966980673,3.142122777
7161,1.431249394,1.396969997,3.142074155
7162,0.3448015165,1.970053785,3.142185581
7163,0.9723417686,1.74772752,3.142234899
7164,1.425668633,1.402664945,3.142187872
7165,1.250761531,1.560639482,3.142184954
7166,1.310591638,1.510744703,3.142168111
7167,0.6935871086,1.875882972,3.142253167
7168,0.9527854843,1.758465189,3.142305438
7169,0.9205325794,1.775561818,3.142362464
7170,0.2252676253,1.987273131,3.142478528
7171,1.064175466,1.693378451,3.142512593
7172,1.409723622,1.418689293,3.142470048
7173,1.119160757,1.657552171,3.142494115
7174,1.033893291,1.71203524,3.142533365
7175,0.4663434588,1.944871147,3.142637505
7176,0.6808617149,1.880539105,3.142723687
7177,1.381182384,1.446490657,3.14268889
7178,1.589778353,1.213509286,3.142589186
7179,1.308108373,1.512895398,3.142572917
7180,1.546432681,1.268284653,3.142488515
7181,0.2848283425,1.97961431,3.142602251
7182,1.60819552,1.188994184,3.142495789
7183,0.6936792498,1.875848901,3.142580601
7184,0.1913755697,1.990822793,3.142697397
7185,1.934056849,0.5093369254,3.142401778
7186,1.936208753,0.5010944665,3.142103947
7187,1.081427106,1.682413568,3.142134937
7188,1.714442059,1.029897289,3.141984361
7189,1.74643277,0.9746653684,3.141818461
7190,0.8383652229,1.815803886,3.141886582
7191,1.202919465,1.597806234,3.141894053
7192,1.157836955,1.630770856,3.141910689
7193,0.5914548879,1.910544717,3.142005111
7194,1.71243076,1.033238061,3.141855608
7195,0.233972606,1.986267056,3.14197106
7196,0.8340966046,1.817768647,3.142039649
7197,1.12498534,1.653604543,3.142062599
7198,0.4984633285,1.93688779,3.142164254
7199,1.419127429,1.409282562,3.142119303
7200,0.7699092414,1.845871003,3.14219564
7201,0.672060706,1.883702314,3.142282462
7202,0.1268497391,1.995973232,3.142400438
7203,1.508395193,1.31329507,3.142328828
7204,1.514975919,1.305698267,3.142255128
7205,1.667703597,1.103976772,3.142125454
7206,1.957606286,0.4096066776,3.141803096
7207,1.388821022,1.439158146,3.141766536
7208,1.535205984,1.281851234,3.141686339
7209,0.4313317684,1.952934435,3.141792343
7210,1.547701076,1.266736507,3.141707971
7211,0.6384317141,1.895364067,3.141797975
7212,0.5619697053,1.919424406,3.141894627
7213,1.554863634,1.257934449,3.141807835
7214,0.7837387301,1.840041739,3.141882451
7215,1.243061576,1.566779473,3.141881297
7216,0.6293078318,1.89841293,3.14197206
7217,1.336275013,1.488075633,3.141949084
7218,0.6002328537,1.907805158,3.142042414
7219,1.339469626,1.485200701,3.142018638
7220,0.9684036065,1.749912699,3.142068196
7221,0.9201454532,1.775762469,3.142124899
7222,0.9051740217,1.783440493,3.142183714
7223,0.02246247097,1.999873855,3.14230244
7224,0.00824358028,1.999983011,3.142421165
7225,1.53570339,1.281255282,3.1423409
7226,1.64585537,1.13629226,3.142220535
7227,0.7591063388,1.850339852,3.142297809
7228,1.385641061,1.442220111,3.142262134
7229,0.04310967827,1.999535335,3.142380658
7230,1.946881738,0.4578771633,3.142072688
7231,0.4800007357,1.941545594,3.142175166
7232,0.673670854,1.883127075,3.14226146
7233,1.775551459,0.9205525603,3.142081568
7234,1.820633208,0.8278252969,3.14187609
7235,1.917092047,0.569875498,3.141599362
7236,0.5141571946,1.932780996,3.141699412
7237,0.9831732307,1.741657371,3.141746616
7238,1.093565373,1.674549126,3.141775264
7239,0.7557420269,1.851716498,3.141852852
7240,1.073629363,1.687400365,3.141885027
7241,1.129830239,1.650298043,3.141906945
7242,1.475489318,1.350159721,3.141845969
7243,0.80419619,1.831193187,3.141917837
7244,1.949595932,0.4461790009,3.141607296
7245,0.288240915,1.979120303,3.141720013
7246,1.214172255,1.589272077,3.141725095
7247,1.624030493,1.167272444,3.141613714
7248,0.9169209983,1.777429572,3.141670729
7249,1.767761466,0.9354247154,3.141495419
7250,1.606553843,1.191211463,3.141390719
7251,1.578386494,1.228289899,3.141296276
7252,0.1816762064,1.991731346,3.141412404
7253,0.9246215029,1.773435952,3.141468307
7254,0.0504830992,1.999362763,3.141586484
7255,1.233009713,1.574702209,3.141587562
7256,0.1738999547,1.992425358,3.141703778
7257,1.332521422,1.491437783,3.141681891
7258,1.636185481,1.150172628,3.141565973
7259,1.218433111,1.586007804,3.141570168
7260,0.3311105294,1.972401029,3.141680806
7261,0.0668976971,1.998880861,3.141798707
7262,1.924124404,0.5456604061,3.14151635
7263,1.464357179,1.362225405,3.141458926
7264,0.5484143446,1.923341287,3.141556011
7265,0.5050811657,1.935172606,3.141656326
7266,1.21090363,1.591763927,3.141662089
7267,0.7597409209,1.850079386,3.141738943
7268,0.6151229275,1.903056432,3.141830353
7269,0.8275533907,1.820756817,3.141899095
7270,1.889019526,0.6569666889,3.141647656
7271,1.219356099,1.585298301,3.141651637
7272,0.2433744554,1.985136991,3.141765584
7273,0.9606640763,1.754173461,3.141815987
7274,1.445870296,1.381831787,3.141764
7275,0.2587641946,1.983189626,3.141877349
7276,0.6183149753,1.902021712,3.141968356
7277,0.4519811656,1.948258973,3.142072046
7278,1.643274377,1.140021632,3.141953603
7279,0.7321634939,1.861165393,3.142033336
7280,0.4669737387,1.94471991,3.142136002
7281,1.828718867,0.8098069563,3.141926893
7282,1.192131045,1.605871592,3.14193648
7283,1.19950231,1.600373146,3.141944555
7284,1.227569303,1.578946993,3.141946745
7285,0.1149064753,1.996696397,3.142063621
7286,0.8880266769,1.792040351,3.142124288
7287,0.4607887567,1.946194677,3.142227247
7288,1.819495612,0.8303226585,3.142023957
7289,1.445284324,1.382444654,3.141972217
7290,0.1023024146,1.99738184,3.142089198
7291,0.9670103434,1.750683008,3.142138474
7292,0.7976225458,1.83406605,3.142210607
7293,1.481317685,1.343762597,3.142148262
7294,0.06886677241,1.99881399,3.142265547
7295,1.015488901,1.723015465,3.142307187
7296,1.086707692,1.679007562,3.142336753
7297,1.222137445,1.583155098,3.142340038
7298,1.222332765,1.583004299,3.142343281
7299,1.841735517,0.779750142,3.142126424
7300,1.458586085,1.368402949,3.1420709
7301,0.6422892758,1.894060317,3.142159388
7302,0.1514819526,1.994255053,3.142275295
7303,1.116594059,1.659282287,3.142299434
7304,1.661001816,1.114034544,3.142174266
7305,0.3890937922,1.961786436,3.142281233
7306,1.047422159,1.703791895,3.142317546
7307,1.107328788,1.665479797,3.142343363
7308,1.602035928,1.197280621,3.142241039
7309,1.890617846,0.6523527873,3.141989632
7310,1.121754549,1.655797914,3.142012834
7311,0.3635806754,1.966674628,3.142121073
7312,1.223864676,1.581820235,3.142124016
7313,0.8833034333,1.794373162,3.142185088
7314,1.6080714,1.189162046,3.14208065
7315,1.770444036,0.9303375268,3.141905475
7316,1.615681528,1.178801595,3.141798271
7317,0.6797574141,1.880938558,3.141883016
7318,0.3006129711,1.977278898,3.141994068
7319,1.612243166,1.183499884,3.14188818
7320,0.6776156366,1.881711202,3.141973089
7321,1.773947772,0.9236391624,3.141796242
7322,0.4827289453,1.940869075,3.1418973
7323,0.2614930859,1.982831653,3.14200979
7324,0.2635237843,1.98256279,3.142122176
7325,0.01692828208,1.999928357,3.142239273
7326,1.330842888,1.492935768,3.142217929
7327,1.032563857,1.712837377,3.142256615
7328,1.790521341,0.891085477,3.142071014
7329,1.162993541,1.627097423,3.142086313
7330,0.738453618,1.858678631,3.142164794
7331,1.113320747,1.661480338,3.142189456
7332,0.5997412489,1.907959757,3.142281345
7333,1.319379172,1.503076379,3.142262781
7334,0.1888545318,1.991063526,3.142377298
7335,0.5032671733,1.935645151,3.142476672
7336,0.5321827234,1.927895627,3.142573907
7337,1.726248009,1.009984065,3.142420901
7338,0.6051296775,1.906257609,3.14251222
7339,0.761624813,1.849304638,3.142587992
7340,0.2750669178,1.980994243,3.142699627
7341,1.044378152,1.705659484,3.142736219
7342,0.05555720516,1.9992282,3.14285277
7343,0.9314655035,1.769850846,3.142906815
7344,1.179330532,1.615295483,3.142918755
7345,0.9476615357,1.761231846,3.142970428
7346,1.457883543,1.369151407,3.142915342
7347,0.6048381953,1.906350114,3.143006506
7348,0.6996847301,1.873617164,3.143088736
7349,1.80913068,0.8526700308,3.142893098
7350,0.4824921352,1.940927958,3.142993637
7351,0.5684910079,1.917503057,3.143087775
7352,0.6557669703,1.889436339,3.143174253
7353,1.460618857,1.366232979,3.143118397
7354,1.886219773,0.664962381,3.142871838
7355,1.94213978,0.4775909084,3.142574396
7356,0.4098095732,1.957563821,3.142679419
7357,1.400961984,1.427342117,3.142640274
7358,1.960998154,0.393047377,3.142320004
7359,1.394964766,1.433203859,3.142282511
7360,1.408155738,1.420245549,3.142241506
7361,0.2868490565,1.979322515,3.142352416
7362,1.726987526,1.008719031,3.142199616
7363,1.596173442,1.205085201,3.142100196
7364,0.4310313541,1.953000761,3.14220393
7365,0.5102355316,1.933819977,3.142302428
7366,1.039805108,1.708451151,3.142339707
7367,0.5100707146,1.933863456,3.142438172
7368,1.744721899,0.9777246514,3.142277071
7369,1.444567191,1.383193996,3.142226062
7370,1.842258464,0.7785138106,3.142010974
7371,0.6715129221,1.883897661,3.142095872
7372,1.589236305,1.214219076,3.141999065
7373,1.451025532,1.376417417,3.141946283
7374,0.5425047467,1.925016519,3.142042308
7375,0.9896804004,1.737967982,3.142087581
7376,1.9879683,0.2190480286,3.141720988
7377,0.6467309505,1.892548303,3.141808202
7378,0.3097238743,1.975872243,3.141917979
7379,0.08488444418,1.998197846,3.142033778
7380,0.04924018698,1.999393759,3.142149869
7381,1.863905083,0.7251605616,3.141920655
7382,1.937083756,0.4977012397,3.141629878
7383,0.35420316,1.968385156,3.141737577
7384,1.500378611,1.322446227,3.14167029
7385,1.403546213,1.424801048,3.141630741
7386,0.2502342809,1.984283953,3.141742701
7387,0.005747306345,1.999991742,3.141858884
7388,0.1640283158,1.993262329,3.141973213
7389,0.82158868,1.82345607,3.14204155
7390,0.4373523046,1.951594979,3.142144547
7391,1.009960077,1.726262043,3.142186541
7392,0.1783711233,1.992030056,3.142300431
7393,1.946382587,0.4599943742,3.141999834
7394,0.93076606,1.770218784,3.142053721
7395,0.7550096365,1.85201524,3.142129715
7396,0.745781547,1.855750491,3.142206699
7397,1.397366064,1.430862706,3.14216878
7398,0.2351190344,1.986131677,3.142280986
7399,1.873063991,0.7011642364,3.142045825
7400,1.11394861,1.661059449,3.142070159
7401,1.113269772,1.661514494,3.14209461
7402,1.884284864,0.6704256502,3.141851264
7403,0.6196335666,1.901592554,3.141940598
7404,0.3887528333,1.96185403,3.142046185
7405,0.03878114769,1.99962397,3.142161945
7406,1.381184162,1.44648896,3.142128298
7407,0.645287585,1.893040922,3.142215237
7408,1.577037183,1.230021838,3.142123151
7409,0.5830634609,1.913122317,3.142215488
7410,1.188209106,1.608775659,3.142225654
7411,1.224449039,1.581367937,3.142228422
7412,0.4394844366,1.951115945,3.142330959
7413,0.2958821329,1.977992357,3.142440719
7414,1.10659477,1.665967591,3.142466278
7415,1.813294065,0.8437799671,3.142270067
7416,0.870428426,1.800653869,3.142331965
7417,1.530782556,1.287130439,3.142255375
7418,1.633614242,1.153821697,3.142142863
7419,0.7973077454,1.834202922,3.142213798
7420,0.7790191853,1.842044817,3.142286827
7421,1.891030491,0.6511556523,3.142038885
7422,0.5047915341,1.935248177,3.142137033
7423,1.384822438,1.443006173,3.142102529
7424,1.782495432,0.9070336457,3.141923645
7425,0.8237730997,1.822470269,3.141991392
7426,0.4757731334,1.942585886,3.14209147
7427,0.350444821,1.969057751,3.142198649
7428,0.4280103066,1.953665063,3.142301656
7429,0.5956109614,1.909253148,3.142392678
7430,1.900896271,0.6217663277,3.142137112
7431,0.996915394,1.733828047,3.142180917
7432,0.7195835547,1.866065247,3.142260297
7433,0.8146772357,1.826554407,3.142329024
7434,1.066455836,1.691943247,3.142361517
7435,0.3557207701,1.968111464,3.142468291
7436,0.3202222354,1.974197994,3.142576673
7437,0.8369305841,1.816465578,3.142642607
7438,1.629167801,1.160091495,3.142532032
7439,0.1155283032,1.996660515,3.142646401
7440,0.4624751484,1.945794629,3.142747065
7441,0.2224915947,1.987585845,3.142858935
7442,1.028669665,1.715178918,3.142897567
7443,1.290615782,1.527845183,3.14288585
7444,0.5794711632,1.91421346,3.142977943
7445,0.9672030546,1.750576548,3.143026053
7446,1.857559502,0.7412642552,3.142803048
7447,0.8883652941,1.791872513,3.142862258
7448,1.68938432,1.070504842,3.142727745
7449,0.8521322548,1.809384044,3.142791652
7450,0.1677066559,1.992956216,3.142904822
7451,1.730340921,1.002955779,3.142752226
7452,1.727859067,1.00722542,3.142600817
7453,1.663221013,1.110718625,3.142477221
7454,0.4902773159,1.938976058,3.142575889
7455,0.0893461464,1.99800332,3.142690367
7456,0.3199865417,1.97423621,3.142798439
7457,0.8132681903,1.827182216,3.142867041
7458,1.703689226,1.047589147,3.142726562
7459,0.03277149036,1.999731489,3.142841422
7460,0.2233621141,1.987488205,3.142952968
7461,0.9810767176,1.742839199,3.142998903
7462,1.117952134,1.658367579,3.143022186
7463,0.4907814154,1.938848525,3.143120629
7464,0.2207252736,1.987782773,3.143232157
7465,0.2337512264,1.986293121,3.143343256
7466,1.020946979,1.719786983,3.143382933
7467,0.7495985342,1.854211972,3.143458605
7468,1.488540717,1.335756914,3.143395409
7469,1.7684575,0.9341081681,3.143224679
7470,1.555132208,1.257602407,3.143140607
7471,0.08275023808,1.998287366,3.14325484
7472,1.967780984,0.3575444,3.142929871
7473,1.205201326,1.596085763,3.142936461
7474,1.427896089,1.400397357,3.142890683
7475,0.5985600312,1.908330655,3.14298082
7476,0.9922259247,1.73651597,3.143024968
7477,1.300028868,1.519843723,3.143011147
7478,0.1873012334,1.991210247,3.143123398
7479,0.9561785707,1.756622481,3.143172886
7480,1.086732519,1.678991493,3.143201604
7481,0.2923145542,1.978522732,3.143310392
7482,0.3268463502,1.973112126,3.143417704
7483,1.324518092,1.498549907,3.143398151
7484,0.3663045617,1.96616911,3.143503568
7485,0.1061948825,1.997178672,3.143617242
7486,0.8146666135,1.826559145,3.143685303
7487,0.5559869961,1.921165912,3.143778618
7488,0.4795152989,1.941665542,3.143877383
7489,1.364315799,1.462409792,3.143848132
7490,1.822038581,0.8247274752,3.143648614
7491,0.8852676881,1.793404896,3.143707773
7492,1.138084497,1.644616575,3.143727197
7493,1.627626821,1.162252524,3.143617865
7494,0.9459807628,1.762135181,3.143668659
7495,1.362891596,1.463737168,3.143639814
7496,1.877933171,0.6880167176,3.143404008
7497,1.708348708,1.039973409,3.143262157
7498,1.302959491,1.517332055,3.143247673
7499,0.3520552791,1.968770449,3.143353593
7500,0.8745172959,1.798671593,3.143414125
7501,0.1989785727,1.990077267,3.143525675
7502,0.7108591661,1.869406121,3.143605026
7503,0.1218869019,1.996282441,3.143718175
7504,1.906288451,0.6050325118,3.143460492
7505,1.333418561,1.490635751,3.143438881
7506,1.34295022,1.482054218,3.14341499
7507,0.7647808438,1.848001694,3.1434886
7508,1.175565471,1.618037646,3.143500931
7509,0.05339392373,1.999287145,3.143614804
7510,0.3627790725,1.966822652,3.143720002
7511,1.113712918,1.661217486,3.143743795
7512,0.7466494441,1.855401468,3.143819282
7513,1.716155453,1.027039659,3.143674235
7514,0.5567563611,1.92094309,3.143767157
7515,0.01208172141,1.999963508,3.143881083
7516,0.9294240595,1.770923747,3.143934033
7517,0.5030235781,1.93570847,3.144030811
7518,1.57516527,1.2324181,3.143940469
7519,0.2090423222,1.989045326,3.144051408
7520,0.7079002537,1.870528597,3.144130797
7521,0.5240303748,1.9301275,3.144226013
7522,0.8513340725,1.809759735,3.1442892
7523,1.533525943,1.283860655,3.14421256
7524,1.675162673,1.092625288,3.144085106
7525,1.645003752,1.137524794,3.143969619
7526,0.05035818455,1.999365913,3.144083194
7527,1.640850384,1.143507769,3.143969328
7528,1.228038056,1.578582444,3.143971081
7529,0.1432618274,1.994862414,3.144083414
7530,0.1472520116,1.994571845,3.14419564
7531,1.010298418,1.72606405,3.144236528
7532,1.155766083,1.632239186,3.144252492
7533,0.5590763516,1.920269156,3.144344924
7534,1.730330557,1.00297366,3.144193823
7535,1.552719918,1.260579572,3.144111137
7536,1.209066644,1.593159706,3.144116738
7537,1.538519787,1.277872007,3.144038673
7538,0.7611662425,1.849493431,3.144112294
7539,1.703189061,1.048402128,3.143973375
7540,1.854653932,0.7485043694,3.143754945
7541,1.154468478,1.633157229,3.143771197
7542,1.276586439,1.539586653,3.143762632
7543,1.962834376,0.3837723464,3.143447609
7544,1.256546292,1.555985674,3.143443437
7545,1.229918922,1.577117448,3.143444867
7546,1.677967373,1.088313142,3.143316744
7547,0.03313604742,1.999725482,3.143430184
7548,0.6635849772,1.886704794,3.143513647
7549,1.391665958,1.436407276,3.143477788
7550,0.3427194024,1.970417065,3.143583398
7551,0.5266316274,1.929419376,3.143678121
7552,1.408758187,1.419647974,3.143637817
7553,1.022523106,1.718850342,3.14367675
7554,0.6974053772,1.874466788,3.143756874
7555,0.8996622247,1.786227276,3.143813617
7556,1.72091728,1.019040585,3.143667279
7557,0.07161764708,1.998717317,3.143780256
7558,1.771145921,0.9290006057,3.143610134
7559,1.519604749,1.300308197,3.1435383
7560,0.1696992144,1.992787539,3.143649681
7561,1.024002931,1.717969149,3.143688338
7562,1.150605046,1.635881422,3.143705275
7563,1.311405567,1.510038224,3.143688928
7564,1.256619227,1.555926771,3.14368472
7565,0.02919831509,1.999786853,3.143797858
7566,1.643913103,1.139100394,3.143683451
7567,1.342282385,1.482659097,3.14365988
7568,0.2101733451,1.988926134,3.143770106
7569,0.4107176062,1.957373508,3.143871966
7570,1.986643089,0.230757963,3.143517626
7571,0.1043423949,1.997276312,3.143630033
7572,0.7143034586,1.868092762,3.143708289
7573,1.404041332,1.424313146,3.143669324
7574,1.204471512,1.596636583,3.143675873
7575,0.8476831859,1.811472665,3.143739143
7576,0.6167403703,1.902532868,3.143826436
7577,0.2885361633,1.979077281,3.143933909
7578,0.841781201,1.814222811,3.143997846
7579,1.199799374,1.60015045,3.144005275
7580,0.1176436714,1.996536994,3.144117289
7581,0.5759467293,1.915276838,3.144207836
7582,0.6922451935,1.876378584,3.144288098
7583,1.062550372,1.694398627,3.144320343
7584,0.05867003066,1.999139272,3.144432943
7585,0.8075751907,1.829705526,3.144500837
7586,1.757644011,0.9542994974,3.144337918
7587,0.1967343344,1.99030038,3.144448141
7588,1.478062359,1.347342444,3.144388868
7589,1.091369899,1.67598083,3.14441622
7590,1.420249221,1.408152034,3.144372991
7591,1.927282943,0.5343972851,3.144099564
7592,1.227924328,1.578670911,3.144101309
7593,1.886899816,0.6630302283,3.143861872
7594,0.543016555,1.924872209,3.143954825
7595,1.647293173,1.134206861,3.143839546
7596,0.6894388283,1.877411543,3.143919981
7597,1.637234569,1.148678792,3.143808547
7598,0.1059399302,1.997192212,3.143920495
7599,0.5998731907,1.907918278,3.144008916
7600,0.920174651,1.775747339,3.144062533
7601,1.11974837,1.65715527,3.144084931
7602,1.588639989,1.214999171,3.143990997
7603,1.667041551,1.104976229,3.143868146
7604,0.06655539942,1.998892288,3.143980444
7605,1.632808493,1.154961655,3.143870772
7606,0.4969205363,1.937284177,3.14396684
7607,0.0733241519,1.99865544,3.144079019
7608,0.1234505911,1.996186352,3.144190519
7609,0.859149189,1.806062754,3.144252017
7610,0.724019352,1.864348674,3.144328817
7611,1.31826014,1.504057913,3.14431092
7612,0.8089135105,1.829114248,3.144378434
7613,1.733243772,0.9979308729,3.144227571
7614,0.2481897255,1.984540718,3.144335905
7615,1.536564651,1.280222275,3.144259229
7616,1.214538589,1.588992139,3.144263657
7617,0.3881573578,1.961971933,3.144366017
7618,1.215614862,1.588168916,3.144370214
7619,0.129545191,1.995800101,3.144481414
7620,0.8940642623,1.7890358,3.144538315
7621,1.601352204,1.198194942,3.144440146
7622,0.3615764888,1.967044088,3.144543747
7623,1.583685583,1.221449948,3.144451704
7624,0.4015901302,1.959266538,3.144553236
7625,1.632944933,1.154768742,3.144443726
7626,1.599690679,1.200412317,3.144346215
7627,1.691466806,1.06721134,3.144213801
7628,1.647150283,1.134414362,3.144099041
7629,1.791368296,0.8893815984,3.143920075
7630,1.174649118,1.618703015,3.143932327
7631,1.49207629,1.331806422,3.143869384
7632,0.8292901081,1.81996646,3.143934382
7633,1.971514843,0.3363468792,3.143610625
7634,1.418813735,1.409598378,3.143568129
7635,0.9708788125,1.748540629,3.14361443
7636,1.963209897,0.3818466973,3.143302759
7637,0.1390857529,1.995157927,3.143413668
7638,0.5054609458,1.935073444,3.143508815
7639,1.941418537,0.4805143754,3.143223113
7640,1.463993866,1.362615852,3.143168402
7641,0.3098040899,1.975859668,3.143274219
7642,0.6819238998,1.880154194,3.143354962
7643,0.227709989,1.986994756,3.143463641
7644,0.8307644247,1.819293948,3.143528414
7645,1.82307426,0.8224355549,3.143332383
7646,1.806379835,0.8584823182,3.143145832
7647,1.868001597,0.714541836,3.142921684
7648,0.9683756313,1.74992818,3.142968354
7649,0.6284628839,1.898692814,3.14305391
7650,0.9666466223,1.750883865,3.143100801
7651,1.64290473,1.140554272,3.142988137
7652,0.7857617387,1.839178754,3.143058101
7653,0.4839556532,1.940563559,3.143154543
7654,0.08868146455,1.998032932,3.143265977
7655,1.747549658,0.9726613976,3.143109485
7656,0.277042201,1.980718965,3.143216372
7657,1.918596766,0.5647888543,3.142953392
7658,0.07723528731,1.998508121,3.143064918
7659,1.940513595,0.4841559533,3.14278097
7660,0.7036896123,1.872116698,3.142859489
7661,0.08892572078,1.998022076,3.142970856
7662,1.774020387,0.9234996842,3.142801713
7663,1.361138512,1.465367514,3.142774039
7664,1.537401027,1.279217762,3.142697795
7665,1.266184729,1.548152522,3.142691742
7666,0.3109352423,1.975681977,3.14279723
7667,0.7519480378,1.85326041,3.142870756
7668,1.174906728,1.618516043,3.142883036
7669,1.305081522,1.515507249,3.142868449
7670,0.1237113771,1.996170207,3.142979202
7671,0.7571500396,1.85114122,3.143052113
7672,0.71625852,1.867344032,3.143129229
7673,0.1819225671,1.991708859,3.143238742
7674,0.3275117287,1.973001791,3.14334335
7675,0.1264916263,1.995995959,3.143453923
7676,1.68248594,1.081314506,3.143326145
7677,1.351676108,1.474100301,3.143300728
7678,0.8912771093,1.790425959,3.143357716
7679,0.1850918435,1.991416835,3.143467037
7680,0.372300317,1.965042614,3.143569461
7681,1.003024638,1.730301007,3.143610736
7682,0.3919965714,1.961208476,3.143712117
7683,0.9251358972,1.773167666,3.143764521
7684,1.332145005,1.491774006,3.14374367
7685,0.148243259,1.994498417,3.143853658
7686,0.6560738083,1.889329817,3.14393625
7687,1.820682934,0.8277159252,3.143742611
7688,1.219452441,1.585224194,3.143746085
7689,0.9498702247,1.760041635,3.14379503
7690,1.482607759,1.34233909,3.143735326
7691,0.7189649088,1.866303689,3.143811893
7692,0.9330767602,1.769001911,3.14386314
7693,0.4286646839,1.953521586,3.143962344
7694,1.913016284,0.5834112576,3.143705373
7695,1.889299663,0.6561606381,3.143467376
7696,0.8916108227,1.790259797,3.143524166
7697,1.028149156,1.715490983,3.143561512
7698,0.2795876072,1.980361273,3.143667665
7699,1.518615923,1.301462899,3.143597429
7700,1.499598799,1.323330436,3.143532892
7701,0.651728603,1.890833104,3.143615756
7702,1.601817218,1.197573213,3.143518577
7703,0.3887848794,1.961847679,3.143619859
7704,0.07095168363,1.998741068,3.143730693
7705,0.5057926814,1.934986761,3.143824949
7706,0.0166380644,1.999930793,3.143936036
7707,0.2649890104,1.98236748,3.144042537
7708,0.09916941436,1.997539844,3.144152946
7709,1.440218907,1.387720973,3.144105118
7710,1.609666601,1.187001867,3.144005234
7711,1.209748956,1.592641662,3.144010587
7712,1.565867725,1.244209897,3.143925578
7713,1.880114158,0.6820342753,3.143694817
7714,1.829893758,0.8071485821,3.143496555
7715,0.05099220309,1.999349843,3.143607404
7716,0.0433023923,1.999531171,3.143718272
7717,1.563419116,1.247285319,3.143634153
7718,1.847486001,0.7660257682,3.143425344
7719,1.745236862,0.976805147,3.143271203
7720,0.451462519,1.948379222,3.143368805
7721,1.070622361,1.689309847,3.143399274
7722,1.701530538,1.051091732,3.143264437
7723,0.05757147626,1.99917121,3.143375155
7724,1.951607908,0.4372946081,3.143081423
7725,1.271407506,1.543866236,3.143074258
7726,0.3996185757,1.959669613,3.143174732
7727,0.2517504053,1.984092169,3.143281502
7728,0.479817091,1.941590987,3.143377245
7729,0.6291719878,1.898457956,3.143461802
7730,0.9838624437,1.741268128,3.143505666
7731,1.959218951,0.4018222266,3.143203007
7732,0.0671076543,1.998873824,3.143313527
7733,1.337954761,1.486565524,3.14329152
7734,1.767001423,0.9368596322,3.143127365
7735,1.664483143,1.108826346,3.143007718
7736,1.086382044,1.679218287,3.143035565
7737,0.05495818613,1.999244757,3.143146132
7738,1.091756315,1.675729139,3.143173053
7739,1.598665511,1.20177726,3.143077482
7740,1.717637719,1.024558767,3.142936144
7741,0.3154713021,1.974962748,3.143040393
7742,0.1429791806,1.994882692,3.14314976
7743,0.9057672665,1.783139271,3.143204407
7744,0.3842387574,1.962743126,3.143305425
7745,1.103389553,1.668092172,3.143330328
7746,1.131618604,1.649072265,3.143350315
7747,0.9775462275,1.744821874,3.143395015
7748,1.988988943,0.2095781113,3.14304341
7749,0.2711300612,1.981536901,3.143149234
7750,1.664935044,1.108147688,3.14302964
7751,0.8969392095,1.787596166,3.143085395
7752,1.363787601,1.462902382,3.143057366
7753,1.379382311,1.44820732,3.143025554
7754,0.8527458466,1.809094945,3.143086834
7755,1.393651251,1.434481157,3.143051486
7756,1.570738557,1.238055082,3.142965495
7757,1.491080905,1.332920753,3.142903986
7758,1.367352711,1.459570678,3.142875144
7759,1.86237257,0.7290873808,3.142658015
7760,0.5274387659,1.929198888,3.14275025
7761,1.314836237,1.50705198,3.142733674
7762,1.88468866,0.669289664,3.142501239
7763,1.614433404,1.180510391,3.142400572
7764,0.5233333039,1.93031662,3.14249308
7765,1.952564212,0.433004616,3.142199908
7766,0.1816579446,1.991733012,3.142308234
7767,1.497386927,1.325832715,3.142245064
7768,1.536460977,1.280346698,3.142170199
7769,1.776477482,0.9187642541,3.14200227
7770,0.5385377126,1.926130092,3.14209368
7771,0.1890406309,1.991045866,3.142201774
7772,0.3519043573,1.968797431,3.142304115
7773,0.9812350924,1.742750038,3.142348267
7774,1.39938806,1.42888525,3.142311661
7775,1.176701909,1.617211371,3.142323508
7776,0.3945406426,1.960698264,3.142423698
7777,1.369922731,1.45715878,3.142394367
7778,0.3489123321,1.969329882,3.142496741
7779,1.765017101,0.9405927027,3.142334598
7780,0.615506664,1.902932355,3.142419884
7781,1.668803192,1.102313888,3.142299361
7782,0.2921844498,1.97854195,3.142404062
7783,1.694069824,1.063074518,3.142273489
7784,0.5403901055,1.92561121,3.142364566
7785,1.592587617,1.209820104,3.142271731
7786,0.671827615,1.883785459,3.142352041
7787,0.04438016203,1.99950754,3.142462053
7788,1.772732611,0.9259692709,3.142296347
7789,1.631777479,1.156417857,3.142189855
7790,1.655210768,1.122620735,3.142074714
7791,1.648563119,1.13236021,3.141962103
7792,0.4458339918,1.949674858,3.142059304
7793,1.066234104,1.692082987,3.142090371
7794,0.435368426,1.952038507,3.142188137
7795,0.8880940445,1.792006967,3.142244818
7796,0.4875190922,1.939671399,3.142339366
7797,0.8525543223,1.809185211,3.142400419
7798,1.268161936,1.546533318,3.142394092
7799,1.17271067,1.620107924,3.142406635
7800,0.8642161624,1.803643652,3.142466235
7801,1.111365415,1.662788897,3.142489708
7802,0.3130706835,1.975344716,3.142593297
7803,1.029519532,1.714668928,3.142630045
7804,1.222143469,1.583150448,3.142633078
7805,1.671100597,1.098827919,3.142512005
7806,0.9490100485,1.760505589,3.142560493
7807,1.707511282,1.041347792,3.142424735
7808,1.620215076,1.172562625,3.142322622
7809,1.1559502,1.6321088,3.142338231
7810,0.593209275,1.910000721,3.142425
7811,1.522626444,1.296768565,3.142354729
7812,1.453566376,1.373733886,3.14230418
7813,0.2865900068,1.97936004,3.142408674
7814,0.5503642585,1.922784227,3.142498662
7815,0.8405487863,1.814794131,3.142560989
7816,1.523704514,1.295501662,3.142490421
7817,0.3078583457,1.976163768,3.142594021
7818,0.1677528946,1.992952324,3.142701889
7819,0.5995571381,1.90801762,3.142788004
7820,0.8669180921,1.802346532,3.142847071
7821,0.8741736227,1.798838647,3.142905226
7822,1.853491476,0.7513782987,3.142695542
7823,1.867192764,0.7166527628,3.142477034
7824,1.454198892,1.373064304,3.142426376
7825,1.652007325,1.127329498,3.142312923
7826,0.470138126,1.943957341,3.142408195
7827,0.4499962021,1.948718404,3.14250466
7828,0.7331574994,1.860774054,3.142578631
7829,1.973081561,0.3270308149,3.142260772
7830,1.239262636,1.569786011,3.142260428
7831,1.948460057,0.4511135178,3.141974381
7832,0.6922092469,1.876391846,3.14205237
7833,1.432111997,1.396085681,3.142007703
7834,0.7612510468,1.849458527,3.142078792
7835,0.8993947467,1.78636197,3.142133756
7836,0.9281300714,1.771602261,3.142184939
7837,0.7193986623,1.866136534,3.142260234
7838,1.01190424,1.725123129,3.142299528
7839,1.919086037,0.5631241266,3.142042346
7840,1.114369605,1.660777042,3.142065243
7841,0.5288769912,1.928805104,3.1421565
7842,1.545626871,1.26926655,3.142079526
7843,1.225841569,1.580288723,3.142081885
7844,0.0252813823,1.999840207,3.142191217
7845,1.216907581,1.58717861,3.142195317
7846,1.930644351,0.5221229652,3.141927926
7847,0.4292043025,1.953403099,3.1420254
7848,1.320270958,1.502293113,3.142007887
7849,1.714868553,1.029186983,3.141869827
7850,1.874426892,0.6975125994,3.141647299
7851,0.5613144276,1.919616137,3.141736152
7852,1.004996981,1.729156173,3.14177647
7853,0.4300335564,1.95322071,3.141873843
7854,1.439271168,1.388703894,3.141827437
7855,1.036971092,1.710172785,3.141862895
7856,0.9285854814,1.7713636,3.141913921
7857,1.517625041,1.302618223,3.141845616
7858,1.277125672,1.539139375,3.141837526
7859,0.5214465512,1.930827153,3.141929118
7860,1.161681381,1.628034511,3.141943639
7861,1.734727997,0.9953485706,3.141797189
7862,1.33380548,1.490289549,3.141776683
7863,1.72987711,1.00375554,3.141632429
7864,0.1217662216,1.996289805,3.141740637
7865,1.456909071,1.370188293,3.141689606
7866,1.200775336,1.599418205,3.141696871
7867,0.6280478498,1.898830139,3.141780252
7868,1.226748435,1.579584843,3.141782462
7869,1.13482077,1.646870311,3.141801773
7870,1.757634309,0.9543173661,3.141645081
7871,0.1105888383,1.996940187,3.141753357
7872,1.393422278,1.434703577,3.14171876
7873,1.000748037,1.731618713,3.141759598
7874,0.5609934771,1.919709957,3.141848201
7875,0.08844658328,1.998043343,3.141956676
7876,0.7173846504,1.866911691,3.142031824
7877,0.7362548886,1.859550682,3.142105084
7878,1.591795481,1.21086215,3.142013642
7879,1.030142507,1.714294728,3.142050014
7880,0.8731635945,1.799329135,3.142107959
7881,1.159200546,1.629801857,3.142122868
7882,0.732862238,1.860890362,3.14219641
7883,1.297183979,1.522272552,3.142184022
7884,0.07155372587,1.998719606,3.142292502
7885,0.4537241656,1.947853789,3.142388053
7886,1.139044562,1.643951789,3.142406505
7887,1.804915887,0.8615559414,3.142226551
7888,1.34586605,1.479406832,3.142203299
7889,1.254781515,1.557409178,3.142199828
7890,1.979783578,0.2836494068,3.141873478
7891,0.1059711813,1.997190554,3.141981513
7892,0.09431974224,1.997774709,3.142089669
7893,1.441631112,1.38625385,3.142042845
7894,1.708048139,1.040466988,3.141908426
7895,0.8407750165,1.814689332,3.14197017
7896,0.8713949112,1.800186354,3.142028225
7897,1.654256268,1.124026779,3.141915021
7898,0.4610689984,1.946128305,3.142010025
7899,0.5200931724,1.931192143,3.142101223
7900,0.03394566224,1.999711902,3.142209745
7901,0.4817370143,1.941115517,3.142303406
7902,1.192481958,1.60561103,3.142312128
7903,1.541240478,1.274589263,3.142237076
7904,1.737240009,0.9909576931,3.142090274
7905,1.653971366,1.124445962,3.141977283
7906,0.6433050841,1.893715546,3.142058924
7907,1.341867599,1.483034506,3.142036666
7908,1.778320392,0.915192102,3.141870802
7909,1.425502936,1.40283334,3.141828293
7910,0.8323687317,1.818560501,3.141890909
7911,0.02050829531,1.99989485,3.141999353
7912,0.2429940294,1.985183594,3.142104051
7913,0.1195338619,1.996424718,3.142211563
7914,0.287411646,1.979240901,3.142314706
7915,1.598804379,1.201592509,3.142221322
7916,0.8304432523,1.819440575,3.142284064
7917,0.1222618991,1.996259509,3.142391457
7918,0.150296245,1.994344764,3.14249834
7919,1.901479877,0.6199792544,3.14225809
7920,0.4563446368,1.947241529,3.142353068
7921,1.391475819,1.436591468,3.142319086
7922,1.879363194,0.684100859,3.142095138
7923,1.287753512,1.53025844,3.142084842
7924,1.7159912,1.027314072,3.141947606
7925,0.7077851287,1.870572162,3.142023214
7926,1.89581794,0.6370826779,3.141787552
7927,1.142989825,1.641211218,3.141805293
7928,0.02495358538,1.999844324,3.141913503
7929,1.76450911,0.9415453266,3.141754741
7930,0.1169620043,1.996577043,3.141862105
7931,1.832028039,0.8022925061,3.141668274
7932,1.421054551,1.40733932,3.14162705
7933,1.876265636,0.6925512703,3.14140563
7934,1.883518489,0.672575721,3.14117923
7935,1.156259818,1.631889467,3.14119468
7936,1.527871201,1.290584981,3.141124113
7937,0.7181611671,1.86661312,3.141198713
7938,0.9824555583,1.742062305,3.141241914
7939,0.9690661885,1.749545862,3.141286989
7940,1.280307185,1.536493902,3.141278387
7941,0.08304210773,1.998275258,3.14138609
7942,0.6595031578,1.888135478,3.14146603
7943,1.547264618,1.267269586,3.14138962
7944,0.116343312,1.996613191,3.14149685
7945,1.891423988,0.650011767,3.141265072
7946,1.506044672,1.315989911,3.141200979
7947,0.4637171087,1.945499022,3.141295329
7948,1.018230423,1.72139676,3.141333263
7949,1.537553501,1.279034492,3.141259887
7950,0.3093291853,1.975934072,3.14136185
7951,0.9520205777,1.758879422,3.14140919
7952,0.6265396895,1.899328307,3.141491842
7953,0.5030597259,1.935699076,3.141583619
7954,1.751950027,0.9647129648,3.141431223
7955,1.482486215,1.342473323,3.14137384
7956,1.579272673,1.227150286,3.141287481
7957,1.32729484,1.496091043,3.141268742
7958,0.8943961762,1.788869889,3.141323589
7959,1.287170294,1.530749043,3.141313559
7960,1.785834912,0.9004408187,3.141145163
7961,1.722442584,1.016460301,3.141005956
7962,0.4214278472,1.95509554,3.141102563
7963,0.2961084327,1.977958492,3.141204888
7964,1.079047924,1.683940491,3.141233351
7965,0.1448248272,1.994749551,3.14133985
7966,1.517822756,1.302387839,3.141272493
7967,0.2369131314,1.98591847,3.141376744
7968,1.034248639,1.711820596,3.141412169
7969,1.329123928,1.494466321,3.141393035
7970,0.122526959,1.996243258,3.141499822
7971,1.761139934,0.9478323331,3.141343526
7972,1.887260356,0.6620032854,3.141115561
7973,0.7000217023,1.873491291,3.141191551
7974,1.313532646,1.508188313,3.141175898
7975,0.03063470384,1.999765365,3.141283529
7976,1.746588697,0.9743859204,3.141134016
7977,0.6643152424,1.886447789,3.141213214
7978,0.1677624984,1.992951516,3.141319091
7979,1.616353461,1.177880082,3.141220638
7980,0.9805555765,1.743132457,3.141263877
7981,1.941386935,0.4806420372,3.14099073
7982,0.8673887848,1.802120056,3.141048767
7983,0.182772206,1.99163107,3.141154268
7984,0.625640882,1.899624565,3.141236695
7985,1.105859419,1.666455804,3.141260699
7986,1.165738221,1.625132118,3.141274348
7987,1.447538957,1.380083681,3.141226633
7988,0.3233388862,1.973689936,3.141327553
7989,1.595883072,1.205469709,3.141236129
7990,1.602780888,1.196283171,3.141142428
7991,0.8083212687,1.829376048,3.141207202
7992,1.560032699,1.25151827,3.141127351
7993,0.5545211077,1.921589535,3.141215184
7994,0.6065650595,1.905801361,3.141299046
7995,0.1050546647,1.997238974,3.14140576
7996,0.7567050423,1.85132317,3.14147595
7997,1.449860758,1.377644288,3.141427658
7998,0.4237703278,1.954589141,3.141523651
7999,1.30674435,1.514073712,3.141509477
8000,0.726222027,1.863491767,3.141582662
8001,0.4299886757,1.95323059,3.141678259
8002,0.02914567288,1.999787621,3.14178547
8003,1.004175833,1.729633168,3.14182514
8004,1.408827801,1.419578891,3.141787325
8005,1.40267368,1.42566004,3.14175104
8006,0.589929885,1.911016151,3.141836011
8007,1.546519192,1.268179163,3.141760393
8008,0.0965939884,1.997666039,3.141866983
8009,0.3974283792,1.960114967,3.141964169
8010,0.1003706705,1.997479844,3.14207066
8011,0.8809778471,1.795516091,3.142126703
8012,1.611566299,1.184421404,3.142030187
8013,1.337776905,1.48672558,3.142009149
8014,0.1902204055,1.990933499,3.142113948
8015,0.9870035077,1.739489602,3.142155977
8016,0.9721794501,1.747817816,3.142200074
8017,0.08784732415,1.99806978,3.14230659
8018,1.519067485,1.300935808,3.142239187
8019,0.5268530797,1.929358917,3.142328535
8020,1.061352731,1.695149073,3.142359454
8021,0.9916894144,1.736822416,3.142400756
8022,1.549592977,1.264421451,3.142324272
8023,1.280793105,1.536088872,3.142315529
8024,0.9089174667,1.781535584,3.142367966
8025,1.430898979,1.397328921,3.142324637
8026,1.942420367,0.4764484404,3.142051846
8027,0.2465007366,1.984751215,3.142154929
8028,0.6725598499,1.883524157,3.142232768
8029,0.9532861976,1.758193796,3.142279369
8030,1.130362897,1.649933248,3.142298993
8031,1.196760534,1.602424483,3.142306782
8032,1.271718115,1.54361039,3.142299924
8033,0.4516752777,1.948329911,3.142393831
8034,0.2839867885,1.979735211,3.142495534
8035,0.4868351444,1.939843175,3.142587281
8036,0.7450884787,1.856028868,3.142658146
8037,1.751534905,0.9654664555,3.142507378
8038,0.8765568146,1.797678545,3.142563716
8039,0.9402569055,1.765196009,3.14261196
8040,0.0344573301,1.999703151,3.142718526
8041,1.251843704,1.559771567,3.142715644
8042,1.383321599,1.444444999,3.142684081
8043,0.6995924736,1.873651614,3.142759255
8044,0.6094125687,1.904892732,3.142842177
8045,1.905969798,0.6060355833,3.142602181
8046,1.841196503,0.781022046,3.14240574
8047,0.02825391818,1.999800419,3.142512264
8048,1.30968548,1.511530331,3.142497421
8049,0.336275637,1.971526996,3.142596882
8050,0.1150607492,1.996687513,3.142702569
8051,0.2903626998,1.978810123,3.142803788
8052,1.339066315,1.485564339,3.142782467
8053,1.9180435,0.56666492,3.142532939
8054,0.6927726199,1.876183919,3.142608657
8055,1.050108125,1.702137752,3.142641142
8056,1.819272728,0.8308108931,3.142457301
8057,1.494334244,1.329272421,3.14239724
8058,1.434971014,1.393146866,3.142353048
8059,1.741256256,0.9838834532,3.142207299
8060,1.525109248,1.293847665,3.142138501
8061,0.8673957291,1.802116714,3.142195826
8062,1.188601416,1.608485833,3.142205101
8063,1.50359491,1.318788212,3.142142516
8064,1.018677695,1.721132114,3.142179733
8065,1.381204581,1.446469462,3.142148829
8066,1.444615399,1.383143648,3.142102231
8067,1.866238494,0.719134121,3.14189102
8068,0.2193522788,1.987934752,3.141994389
8069,1.371862307,1.455332886,3.14196572
8070,1.774750547,0.9220957084,3.141804906
8071,1.084408857,1.680493211,3.141832062
8072,1.674996262,1.092880378,3.141713619
8073,0.7749465599,1.843761869,3.141781229
8074,1.846753668,0.7677896139,3.141582294
8075,1.869823638,0.7097602154,3.141369035
8076,0.6440779455,1.893452825,3.141448968
8077,1.95783062,0.4085330635,3.14116119
8078,0.4263154623,1.9540356,3.141256128
8079,0.5948715905,1.909483645,3.141340014
8080,1.622265372,1.169724353,3.14124077
8081,1.886872668,0.6631074833,3.141016165
8082,1.820482187,0.8281573553,3.140832461
8083,0.05152750642,1.999336119,3.14093859
8084,0.836971172,1.816446877,3.140999445
8085,0.5377165947,1.926359485,3.141087475
8086,0.3572212524,1.967839673,3.141185742
8087,0.2983924812,1.977615212,3.141286403
8088,1.657057243,1.119893429,3.141174942
8089,1.408309186,1.42009339,3.141137732
8090,0.268336829,1.981917089,3.141239425
8091,1.414712707,1.413714241,3.14120064
8092,0.02142326811,1.999885258,3.141306741
8093,0.9604984548,1.754264153,3.141352116
8094,1.312988677,1.508661902,3.141336793
8095,0.3009942999,1.977220886,3.141437238
8096,0.05610297188,1.999212959,3.141543092
8097,1.535239613,1.281810958,3.141471717
8098,0.9981805542,1.733099992,3.141511817
8099,1.912542048,0.58496403,3.141268381
8100,1.916084622,0.573253628,3.141022114
8101,0.4319362242,1.952800834,3.141116495
8102,1.216217478,1.587707481,3.141120729
8103,1.189107877,1.608111456,3.141129997
8104,1.75560365,0.9580479242,3.140978833
8105,1.809215832,0.8524893384,3.140801658
8106,1.942063556,0.4779007692,3.140532105
8107,1.616796648,1.177271677,3.140435153
8108,1.164208093,1.626228618,3.140448969
8109,1.395804304,1.432386242,3.140414973
8110,1.174848759,1.618558122,3.140426897
8111,0.599574509,1.908012161,3.140510191
8112,1.14509451,1.639743445,3.140527323
8113,1.343911967,1.481182172,3.140505363
8114,1.562887198,1.247951764,3.140425919
8115,1.214308278,1.589168149,3.140430591
8116,1.091237955,1.676066743,3.140456676
8117,1.18267017,1.612851905,3.140467178
8118,1.958300831,0.4062731271,3.140180418
8119,1.563616066,1.247038411,3.140100838
8120,1.128670616,1.651091348,3.140120799
8121,0.5760164657,1.915255866,3.140205812
8122,1.378859258,1.448705334,3.140175919
8123,1.503401434,1.319008767,3.140114099
8124,1.123503413,1.654611761,3.140134915
8125,0.1744338669,1.992378685,3.140238869
8126,0.4109607719,1.957322468,3.140334169
8127,1.710783256,1.035963633,3.140202705
8128,0.4219238752,1.954988553,3.140297411
8129,1.458604584,1.368383231,3.14024777
8130,0.1831413975,1.991597155,3.140351454
8131,1.203913355,1.597057492,3.140358066
8132,0.4313817632,1.952923392,3.140452199
8133,0.5702198426,1.916989653,3.140537472
8134,1.837382166,0.7899536551,3.140345607
8135,1.6220627,1.170005384,3.140247226
8136,1.522026374,1.29747282,3.140180202
8137,1.317414256,1.504798883,3.140164154
8138,0.3417650792,1.970582815,3.140262582
8139,0.9854412405,1.740375121,3.140304416
8140,1.170755591,1.621521306,3.140317037
8141,1.225108641,1.580856989,3.140319665
8142,1.614468407,1.18046252,3.14022394
8143,1.753479367,0.9619304075,3.140074565
8144,1.537847559,1.278680916,3.140003014
8145,1.918033683,0.5666981488,3.139756653
8146,0.06608432202,1.998907917,3.139861988
8147,1.441545089,1.386343304,3.139816919
8148,1.554609288,1.258248767,3.13974042
8149,1.101551077,1.66930681,3.139764824
8150,1.342094858,1.482828848,3.139743461
8151,0.1415839866,1.994982199,3.13984777
8152,0.6090829165,1.904998163,3.139929977
8153,0.3316148252,1.972316305,3.140028677
8154,0.1012143569,1.997437272,3.140133515
8155,1.271477945,1.543808225,3.140127075
8156,1.562806698,1.248052573,3.140048112
8157,1.416158409,1.412266037,3.140009431
8158,1.653344535,1.125367429,3.139900425
8159,0.3491230462,1.969292538,3.139998315
8160,1.692060525,1.06626975,3.139874852
8161,0.7487377998,1.854559707,3.139944604
8162,1.002938504,1.730350935,3.139983903
8163,1.649875621,1.130447007,3.139876211
8164,0.2810397885,1.98015571,3.139976705
8165,0.2118099385,1.988752511,3.14007928
8166,0.3593471362,1.967452575,3.140176614
8167,0.2926722643,1.97846985,3.140276622
8168,1.278117022,1.538316248,3.14026883
8169,1.197214966,1.602084993,3.140276652
8170,0.8307747779,1.819289221,3.140337644
8171,0.8759308857,1.797983616,3.140393406
8172,0.3442841358,1.970144267,3.140491288
8173,0.07927615957,1.998428205,3.140596068
8174,0.5462696144,1.923951535,3.140682599
8175,1.660387981,1.114949215,3.140571188
8176,0.0975852306,1.997617862,3.140675721
8177,0.5638113989,1.918884235,3.140760972
8178,1.117261906,1.658832672,3.140782604
8179,0.7839200144,1.839964514,3.140848522
8180,1.1807943,1.614225765,3.140859231
8181,1.704819244,1.045749179,3.140730963
8182,1.187801259,1.609076806,3.140740426
8183,1.723707389,1.014313973,3.140604521
8184,1.223980677,1.581730477,3.140607314
8185,1.712270113,1.033504263,3.140476147
8186,0.4845505813,1.940415093,3.140566588
8187,1.808626837,0.8537382304,3.140391544
8188,0.4804346532,1.941438267,3.140482223
8189,0.0299648362,1.999775515,3.140587129
8190,0.05916612081,1.999124651,3.140691849
8191,0.8358601645,1.816958388,3.140752065
8192,1.669576262,1.101142636,3.140637506
8193,1.935341647,0.5044330593,3.140377312
8194,0.8466030681,1.811977717,3.140436328
8195,0.8598993571,1.805705706,3.140493799
8196,1.359271441,1.467099571,3.140468629
8197,0.6386632421,1.895286064,3.140547939
8198,1.43043919,1.3977996,3.140505861
8199,0.3866584507,1.962267882,3.140601486
8200,1.758455378,0.9528035907,3.140450877
8201,0.5137613193,1.932886263,3.14053932
8202,1.705946236,1.04390969,3.140410971
8203,0.2739023085,1.981155604,3.140511166
8204,0.8621125053,1.804650112,3.140568308
8205,0.6812203101,1.880409234,3.140643902
8206,0.87052685,1.800606288,3.140700028
8207,1.927457869,0.5337660209,3.140447418
8208,1.21809824,1.586265009,3.140451327
8209,1.718557433,1.023015323,3.140318007
8210,0.8861981008,1.792945322,3.140372279
8211,0.8760004844,1.797949708,3.140427757
8212,0.8701298028,1.800798191,3.140483915
8213,0.9803748145,1.743234127,3.140526041
8214,1.248588254,1.562378755,3.140524121
8215,0.5733350834,1.91606025,3.140608308
8216,1.721621159,1.017850965,3.140473826
8217,1.219889736,1.584887703,3.140477392
8218,1.468888607,1.357337931,3.140425579
8219,0.4732563381,1.943200566,3.140516341
8220,0.00763433191,1.999985429,3.140620898
8221,0.6985239866,1.874050223,3.140694791
8222,0.07302338428,1.998666452,3.14079898
8223,1.58580847,1.218692536,3.140713438
8224,0.6931032375,1.876061807,3.140787782
8225,0.6531284557,1.890350026,3.140865583
8226,1.504196219,1.318102323,3.140804234
8227,0.9074383805,1.782289422,3.140855744
8228,0.6051983524,1.906235808,3.14093737
8229,1.709515004,1.038055129,3.14080797
8230,1.193105278,1.605147905,3.140816413
8231,0.2963874724,1.977916698,3.140915431
8232,1.118450538,1.658031482,3.140936708
8233,0.5337294428,1.927467998,3.141023432
8234,0.1565204487,1.993865931,3.141126263
8235,0.8064803485,1.830188364,3.141189317
8236,0.3196355961,1.97429306,3.141287349
8237,0.460489178,1.946265582,3.141378553
8238,1.599191757,1.201076902,3.141288819
8239,1.408868737,1.419538264,3.141252139
8240,1.909746849,0.5940260706,3.1410151
8241,1.182993136,1.612615031,3.141025319
8242,0.5082577087,1.934340741,3.141113605
8243,1.242634991,1.567117825,3.141112771
8244,0.4067187981,1.958208319,3.141206816
8245,1.814393776,0.8414126373,3.141029935
8246,1.642809475,1.14069147,3.140925685
8247,0.1302731235,1.995752718,3.141028823
8248,0.9447899476,1.762773938,3.141075442
8249,1.348012918,1.477450904,3.141052873
8250,1.325590066,1.497601742,3.141035194
8251,0.5541997662,1.921682237,3.141120315
8252,1.696710912,1.058854135,3.140996295
8253,0.1039775315,1.997295339,3.141099723
8254,1.268879457,1.54594467,3.141093761
8255,0.5235279711,1.930263833,3.141180913
8256,1.783243216,0.9055626049,3.141019811
8257,0.6608499347,1.887664526,3.141096632
8258,1.895508684,0.6380022171,3.140870779
8259,1.516119796,1.304369872,3.140806349
8260,0.07414450954,1.998625175,3.140910034
8261,1.139409984,1.64369854,3.140927767
8262,0.01048356401,1.999972524,3.141031739
8263,1.729757962,1.003960853,3.140894608
8264,1.994717715,0.1452626448,3.140549694
8265,1.630637992,1.158024067,3.140449936
8266,1.472544491,1.353370874,3.140397467
8267,1.678676612,1.087218851,3.140280622
8268,1.043995961,1.705893441,3.14031346
8269,0.8475043851,1.811556325,3.140371847
8270,0.2746061959,1.981058161,3.140471211
8271,1.132261477,1.648630931,3.140490168
8272,1.263642221,1.550228479,3.140485328
8273,1.932771474,0.514192988,3.140230028
8274,0.5387864617,1.926060526,3.140316067
8275,1.027089567,1.716125585,3.140351347
8276,1.130100887,1.650112719,3.140370664
8277,0.9656653228,1.751425272,3.140414458
8278,1.994890942,0.1428640242,3.140069606
8279,0.2153666589,1.988370489,3.140170665
8280,0.7593749609,1.850229626,3.140238333
8281,1.985725645,0.2385239226,3.13991673
8282,1.971116969,0.3386707775,3.13961939
8283,1.285586628,1.532079313,3.13961028
8284,0.4378662949,1.951479723,3.139702427
8285,1.298621555,1.521046369,3.139690645
8286,0.8678484921,1.801898719,3.139746656
8287,1.478939263,1.346379834,3.139692718
8288,0.0257142381,1.999834688,3.13979648
8289,1.446256905,1.381427148,3.139751005
8290,1.453963325,1.373313747,3.139703583
8291,1.331880052,1.492010566,3.139684806
8292,1.262496305,1.551161848,3.1396803
8293,1.930499858,0.522656961,3.139427754
8294,1.553974193,1.259033045,3.139352837
8295,1.378121459,1.449407205,3.139323839
8296,0.0866341395,1.99812275,3.139427132
8297,0.4727107394,1.943333362,3.139517194
8298,0.1609866977,1.993510292,3.139619327
8299,0.6119718524,1.904072071,3.139699882
8300,0.776843296,1.842963508,3.139765693
8301,0.7853177135,1.839368394,3.139830621
8302,1.902494191,0.6168596696,3.139601024
8303,0.3900333646,1.961599851,3.1396954
8304,0.2078055572,1.989174917,3.139796394
8305,0.006194972049,1.999990406,3.139899968
8306,0.8375077414,1.816199544,3.139959263
8307,0.9231176873,1.77421919,3.140008435
8308,0.7883388196,1.838075598,3.140072969
8309,0.5694088662,1.917230696,3.140156539
8310,1.650872423,1.128990807,3.140050381
8311,1.348738131,1.4767889,3.140027944
8312,1.991839317,0.1804886011,3.139693602
8313,1.963076323,0.3825328106,3.13940795
8314,0.8273444221,1.820851781,3.139468366
8315,1.320821836,1.501808802,3.139452028
8316,0.9396926809,1.765496436,3.13949911
8317,1.54805093,1.266308935,3.139426142
8318,1.977340024,0.3002106439,3.139120899
8319,0.6118536105,1.90411007,3.13920133
8320,0.5452881887,1.924229922,3.139286577
8321,1.098080873,1.671591576,3.139311081
8322,0.6269807074,1.89918277,3.139390275
8323,0.7102064817,1.86965418,3.139462355
8324,1.702020643,1.050297925,3.139337551
8325,0.8844674993,1.793799666,3.139391396
8326,0.3508820888,1.968979878,3.139487309
8327,0.943057829,1.763701202,3.139533894
8328,0.6840766499,1.879372006,3.139608247
8329,1.562677089,1.248214852,3.139531025
8330,1.96824363,0.3549887489,3.139239362
8331,1.463039546,1.363640454,3.139189913
8332,1.513891448,1.306955502,3.13912687
8333,1.554898432,1.257891436,3.139052065
8334,1.939101656,0.4897803248,3.138792947
8335,0.5508318786,1.922650317,3.138877711
8336,0.7305041857,1.861817294,3.13894786
8337,1.951441547,0.4380364,3.138676434
8338,1.924212619,0.5453492427,3.138430814
8339,0.8353627658,1.817187126,3.138490287
8340,0.98084103,1.742971851,3.138531948
8341,0.414454876,1.956585586,3.138624819
8342,0.3826885286,1.963045972,3.138719217
8343,1.316966818,1.505190487,3.138703834
8344,1.043181483,1.706391629,3.138736682
8345,0.8235702823,1.82256193,3.138797363
8346,0.8105240355,1.828401156,3.13885943
8347,0.8610045008,1.805179008,3.138915917
8348,1.586055306,1.218371276,3.138831804
8349,0.9773991574,1.744904263,3.138873842
8350,0.04264910245,1.999545212,3.138976862
8351,0.6923802966,1.876328736,3.139050348
8352,0.0753393651,1.998580491,3.139153091
8353,0.3115867108,1.975579338,3.139250302
8354,0.9788205089,1.744107339,3.139292075
8355,1.619125612,1.174066545,3.139197382
8356,0.8301844076,1.819558696,3.139257209
8357,1.054802051,1.699232955,3.139288226
8358,1.026793224,1.716302909,3.139323321
8359,0.8082638725,1.829401408,3.139385467
8360,0.3452686928,1.969971962,3.139481227
8361,0.2964424112,1.977908465,3.139578863
8362,1.560600982,1.250809568,3.139502571
8363,1.615576686,1.17894528,3.13940911
8364,0.996627353,1.733993633,3.139448395
8365,0.3377042512,1.97128279,3.139544404
8366,1.523911115,1.295258628,3.139478778
8367,1.430960841,1.397265569,3.139437551
8368,1.48314417,1.341746388,3.139383064
8369,0.9333409492,1.768862536,3.139430661
8370,0.8288702083,1.820157734,3.139490504
8371,1.521606054,1.297965722,3.139425571
8372,0.2939332746,1.978282899,3.139523175
8373,0.3622600719,1.966918311,3.139618041
8374,1.366942814,1.459954569,3.139591804
8375,0.6100655788,1.904683698,3.139671777
8376,1.610407025,1.185997139,3.139580125
8377,1.522818902,1.296542553,3.139514887
8378,0.9995713609,1.732298212,3.139553689
8379,1.166450458,1.62462098,3.13956678
8380,0.2994813524,1.977450611,3.139664075
8381,0.05227271323,1.999316774,3.139766565
8382,1.719713073,1.021071469,3.139635615
8383,0.6686920063,1.884900793,3.139710787
8384,0.9984949014,1.732918905,3.139749686
8385,1.068536571,1.690629941,3.139778489
8386,0.8435866399,1.813384014,3.13983656
8387,1.315074145,1.506844382,3.139821519
8388,0.4099143004,1.957541894,3.139913945
8389,1.389006792,1.43897885,3.139882718
8390,0.06762468294,1.998856399,3.139984963
8391,1.120247948,1.656817593,3.140005658
8392,1.028147914,1.715491727,3.140040331
8393,1.695099574,1.061431785,3.139919137
8394,0.5271458067,1.929278958,3.140004751
8395,0.2501183392,1.98429857,3.140103451
8396,0.3914920473,1.961309251,3.140196652
8397,0.859650346,1.805824267,3.140252798
8398,1.087028109,1.678800134,3.140278678
8399,1.864416701,0.7238441591,3.140077156
8400,1.829754042,0.8074652609,3.139895591
8401,1.441712664,1.386169035,3.139851839
8402,1.555628608,1.256988319,3.139777348
8403,1.168295866,1.623294419,3.139790059
8404,0.2249522138,1.987308859,3.139889396
8405,1.432051255,1.396147988,3.13984804
8406,0.8370499942,1.816410556,3.139906686
8407,1.865043599,0.7222273703,3.139705014
8408,0.5110810775,1.933596683,3.139791538
8409,0.6157207989,1.902863079,3.139870731
8410,0.9601087737,1.754477456,3.139914617
8411,1.353035708,1.472852462,3.139891527
8412,1.327491653,1.495916412,3.139873926
8413,1.90322356,0.6146056307,3.139646818
8414,0.9381551168,1.766313952,3.139693523
8415,1.526972504,1.291648161,3.139627404
8416,0.06383236188,1.998981098,3.139729392
8417,1.838729786,0.7868117788,3.139543327
8418,1.668749362,1.102395377,3.139432285
8419,1.721523461,1.018016195,3.139301225
8420,1.826072319,0.8157572472,3.139122153
8421,0.9373209753,1.766756743,3.139168987
8422,0.8329973285,1.818272656,3.139228044
8423,0.2528857616,1.983947779,3.139326425
8424,0.6677444255,1.885236691,3.139401348
8425,1.034601849,1.711607144,3.139435035
8426,0.9501980624,1.759864666,3.139480168
8427,1.287630273,1.530362141,3.139470822
8428,0.8699190546,1.800900008,3.139525679
8429,0.7080391809,1.870476014,3.139597031
8430,0.8299108608,1.819683479,3.139656315
8431,0.5522210675,1.922251777,3.139739917
8432,1.370470421,1.456643685,3.139713061
8433,1.923670082,0.5472599148,3.139470538
8434,0.8942344594,1.788950735,3.139522522
8435,1.38791574,1.440031214,3.139491762
8436,0.351979115,1.968784067,3.139586366
8437,1.647539226,1.133849416,3.139483025
8438,0.5922634404,1.910294223,3.139563744
8439,1.038060018,1.709512035,3.139596859
8440,0.5503402062,1.922791111,3.139680507
8441,0.03947864251,1.999610321,3.139782336
8442,0.2964587343,1.977906019,3.139878999
8443,0.7065026978,1.871056904,3.139950328
8444,0.1348746964,1.995447022,3.140051103
8445,1.258790773,1.554170451,3.140047348
8446,1.453532025,1.373770233,3.140000876
8447,1.192993676,1.605230852,3.140009217
8448,0.445397133,1.949774703,3.140099125
8449,0.6863056372,1.878559175,3.140172154
8450,0.3672144664,1.965999373,3.140265861
8451,0.6050906665,1.906269993,3.140345411
8452,1.756048005,0.9572332023,3.140200371
8453,1.919288904,0.5624323082,3.139961954
8454,1.215311842,1.588400808,3.139966312
8455,0.8525383696,1.809192728,3.140022896
8456,1.781208329,0.9095586236,3.139866687
8457,0.3246424844,1.973475933,3.139962121
8458,1.11328113,1.661506884,3.139983763
8459,1.106982061,1.665710274,3.140006394
8460,0.4138552764,1.956712501,3.140097815
8461,0.5451315786,1.924274295,3.140181546
8462,1.671216515,1.098651611,3.140070121
8463,0.9088797134,1.781554845,3.140120108
8464,0.4047632935,1.958613458,3.140211921
8465,0.8850699919,1.79350247,3.140264702
8466,1.750598566,0.9671632034,3.140122258
8467,0.2985118714,1.977597194,3.140218522
8468,0.9413996648,1.764586827,3.140264454
8469,1.907011923,0.6027483088,3.140036002
8470,1.477109397,1.348387121,3.139983668
8471,1.932589562,0.5148762797,3.139734556
8472,0.3180554021,1.974548242,3.13983009
8473,1.820610315,0.8278756428,3.139654936
8474,0.1170533349,1.996571691,3.139755654
8475,1.536909247,1.279808566,3.139687201
8476,1.407421703,1.420972959,3.139652074
8477,0.04997299312,1.999375578,3.139753419
8478,1.692587446,1.065433123,3.139634418
8479,0.3848831238,1.962616871,3.13972707
8480,1.670546848,1.0996696,3.139616176
8481,0.8744199027,1.798718942,3.139670158
8482,1.335691258,1.488599631,3.139651003
8483,1.859890937,0.7353949295,3.139454273
8484,0.9592671202,1.754937774,3.139497934
8485,1.352829529,1.473041841,3.139475139
8486,0.8341666256,1.817736516,3.139533588
8487,0.6642007348,1.886488109,3.139608225
8488,0.4500103919,1.948715127,3.139697506
8489,0.6845195758,1.879210725,3.139770392
8490,0.0005315732634,1.999999929,3.139871714
8491,0.3871026432,1.962180304,3.139964105
8492,0.7615645842,1.849329442,3.140029896
8493,0.8712077311,1.800276948,3.14008412
8494,0.8005813303,1.832776455,3.140145983
8495,0.3835803316,1.962871908,3.140238461
8496,1.655647566,1.121976442,3.140132966
8497,0.9774244223,1.744890111,3.140174115
8498,1.064986583,1.692868447,3.140203012
8499,0.6472969435,1.892354794,3.140278845
8500,1.350583934,1.475101026,3.140256483
8501,1.940656037,0.4835846853,3.140000856
8502,0.6895899156,1.877356053,3.140073158
8503,0.09280975002,1.997845427,3.140173783
8504,0.4587890258,1.946667057,3.140262349
8505,0.001180451434,1.999999652,3.140363435
8506,0.6048419254,1.906348931,3.140442477
8507,0.09381266231,1.997798585,3.140543001
8508,1.078688285,1.684170889,3.140569775
8509,0.795454931,1.835007208,3.140631997
8510,0.9738998162,1.746859796,3.140673488
8511,0.6893549544,1.877442342,3.140745655
8512,1.146828028,1.638531499,3.14076167
8513,1.970996973,0.3393684297,3.140472462
8514,1.635655155,1.150926677,3.140373963
8515,0.599264136,1.908109665,3.140453334
8516,0.01738299912,1.999924456,3.14055425
8517,0.3746733141,1.964591537,3.140646844
8518,0.2839997851,1.979733346,3.140742972
8519,1.519914132,1.29994655,3.140679485
8520,0.9484179291,1.760824645,3.1407242
8521,0.6667278867,1.885596437,3.14079819
8522,1.274744155,1.541112371,3.140791317
8523,0.9450411046,1.762639302,3.140836428
8524,1.836853557,0.7911820342,3.140653595
8525,0.4956047348,1.937621208,3.140739764
8526,0.9830424241,1.741731206,3.140779961
8527,0.2194717889,1.987921561,3.140877893
8528,0.7883233305,1.838082242,3.140940661
8529,1.383173611,1.44458671,3.140911142
8530,1.5057498,1.316327292,3.140851557
8531,0.9341374551,1.76844203,3.14089798
8532,1.465191359,1.361328132,3.14084896
8533,0.6886643669,1.877695766,3.140920979
8534,1.387879259,1.440066375,3.14089042
8535,0.7097190539,1.869839262,3.140960577
8536,1.802251211,0.86711624,3.140795778
8537,1.212978613,1.590183286,3.140800413
8538,0.7602662659,1.849863564,3.140865876
8539,0.9807834605,1.743004247,3.140906296
8540,1.545465565,1.269462953,3.140835806
8541,1.645481491,1.136833613,3.140734276
8542,1.162952264,1.627126925,3.140747566
8543,1.951074143,0.4396699766,3.140482857
8544,0.7123502553,1.86883844,3.140552753
8545,0.3597690557,1.967375467,3.140645696
8546,0.1915857892,1.990802573,3.1407441
8547,0.04896926904,1.999400413,3.140844493
8548,1.574365964,1.233439018,3.140765648
8549,0.8547963679,1.808126978,3.140821267
8550,1.197658883,1.601753164,3.140828599
8551,0.7477986515,1.854938591,3.140895146
8552,0.4791461834,1.941756662,3.140981982
8553,1.050542768,1.701869529,3.141012703
8554,1.234767626,1.573324159,3.141013362
8555,1.861440846,0.7314629024,3.140817209
8556,1.472450436,1.353473204,3.140766499
8557,0.7136862911,1.868328632,3.140836137
8558,0.8409819392,1.814593447,3.140893201
8559,0.9736203898,1.747015551,3.14093446
8560,1.773827119,0.9238708524,3.140783386
8561,0.5203198784,1.931131074,3.140867661
8562,0.5625878611,1.919243314,3.14094914
8563,0.8861444603,1.792971833,3.141001107
8564,0.99252811,1.73634327,3.141039837
8565,0.9863056677,1.739885378,3.141079385
8566,0.1814137851,1.991755266,3.141177731
8567,1.24419751,1.565877567,3.141176632
8568,0.2288132593,1.986868011,3.141273802
8569,1.199220765,1.60058413,3.141280792
8570,1.628765021,1.160656929,3.141185113
8571,1.956737922,0.4137350635,3.140915166
8572,0.2810425022,1.980155325,3.141010756
8573,1.084920221,1.680163122,3.141036338
8574,0.914589148,1.778630566,3.141084883
8575,0.9580763352,1.755588145,3.141128043
8576,1.577082024,1.229964345,3.141048612
8577,1.166107355,1.624867267,3.141061283
8578,1.275157004,1.540770786,3.141054345
8579,1.43554647,1.392553888,3.141012854
8580,0.7644570998,1.84813564,3.14107757
8581,1.21146384,1.591337602,3.141082417
8582,0.8389087567,1.815552835,3.141139516
8583,0.03758192041,1.999646869,3.141239499
8584,1.476369928,1.349196737,3.14118791
8585,1.582099685,1.223503406,3.14110705
8586,0.4193974622,1.955532093,3.141196726
8587,1.708600699,1.039559355,3.141073041
8588,1.264207396,1.549767614,3.141068205
8589,0.9339644692,1.768533395,3.14111431
8590,1.08112141,1.682610025,3.141140399
8591,0.4822886079,1.940978542,3.141226631
8592,1.216106591,1.587792417,3.14123063
8593,0.6209512034,1.901162698,3.141307564
8594,1.590864463,1.212085088,3.141224118
8595,1.148951615,1.637043123,3.141239576
8596,1.671565624,1.098120379,3.141129641
8597,0.1257728608,1.996041379,3.141228623
8598,1.121783419,1.655778355,3.141248434
8599,0.2169830932,1.988194743,3.141345554
8600,1.412505023,1.41592004,3.141309565
8601,0.6014430712,1.907423978,3.141387875
8602,1.665516046,1.107274266,3.141280128
8603,0.7863780467,1.838915324,3.141342496
8604,1.628820869,1.160578552,3.141247169
8605,1.815869419,0.838223271,3.141076943
8606,0.7893148487,1.837656679,3.14113902
8607,1.888239423,0.6592054915,3.140927247
8608,1.467052449,1.359322299,3.14087819
8609,0.0642660812,1.998967201,3.140977744
8610,0.3375629175,1.971306997,3.141070849
8611,0.5718368696,1.916507917,3.141151205
8612,1.128758751,1.651031097,3.141169889
8613,0.6119260427,1.904086794,3.141247331
8614,0.7974599791,1.83413674,3.141308513
8615,0.2062400136,1.989337844,3.141405712
8616,0.5963579493,1.909019957,3.141484245
8617,1.730612047,1.002487877,3.141352353
8618,1.572359611,1.235995653,3.141274683
8619,0.6005814768,1.907695439,3.141352896
8620,1.452409686,1.374956764,3.141307485
8621,0.289093653,1.978995922,3.141402217
8622,0.4770342272,1.942276588,3.14148841
8623,1.052443421,1.700694812,3.14151855
8624,0.3657573755,1.966270974,3.141610274
8625,0.6412314514,1.894418704,3.141685314
8626,0.03957342094,1.999608448,3.141784727
8627,1.977543837,0.2988651418,3.141489832
8628,0.5333268053,1.927579446,3.141572548
8629,1.828548821,0.8101908474,3.14139626
8630,0.209643807,1.98898202,3.141493197
8631,0.5908268396,1.910739031,3.141571981
8632,1.340088675,1.48464216,3.141552022
8633,1.39247112,1.435626755,3.141520712
8634,1.200441684,1.599668642,3.141527408
8635,1.87537722,0.6949534405,3.141324557
8636,1.343331434,1.481708696,3.141303956
8637,0.8979658324,1.787080682,3.141354073
8638,1.808572348,0.8538536535,3.141188103
8639,0.8140192627,1.826847733,3.141247428
8640,1.694716179,1.062043818,3.141129701
8641,1.48014627,1.345052794,3.141077505
8642,0.2119326726,1.988739435,3.141174289
8643,0.6601327252,1.88791546,3.141247719
8644,1.76951946,0.9320948881,3.141099979
8645,1.173571284,1.619484622,3.1411113
8646,1.172748671,1.620080416,3.141122756
8647,0.8872995576,1.792400484,3.141174067
8648,0.294113882,1.978256056,3.141268347
8649,0.0791669059,1.998432536,3.141367271
8650,1.363758526,1.462929487,3.141342357
8651,1.566705266,1.243155102,3.14126664
8652,1.813708221,0.8428893704,3.141098414
8653,1.906070702,0.6057181528,3.140875409
8654,0.3614424427,1.967068723,3.140967073
8655,0.8321650903,1.818653695,3.141024421
8656,0.5303734078,1.928394163,3.14110711
8657,0.8382255753,1.815868356,3.141163785
8658,1.213375569,1.589880413,3.141168243
8659,0.04582713203,1.9994749,3.141267305
8660,0.1387085975,1.995184183,3.141365354
8661,0.3717146224,1.96515349,3.141456445
8662,0.435504776,1.952008092,3.14154448
8663,1.509608489,1.311900229,3.141484715
8664,0.4378779233,1.951477113,3.141572604
8665,0.05682935192,1.999192443,3.141671486
8666,0.5755481997,1.915396635,3.141751006
8667,0.1992818808,1.990046917,3.141847734
8668,0.3625041867,1.966873335,3.141939093
8669,1.543333408,1.272054241,3.141870131
8670,1.243412633,1.566500885,3.141869108
8671,1.500656795,1.322130547,3.141811721
8672,1.477661428,1.347782142,3.141760262
8673,0.8904461563,1.790839368,3.141810985
8674,1.549739896,1.264241375,3.141740276
8675,1.049179335,1.702710405,3.141770672
8676,1.009848165,1.726327513,3.141806505
8677,0.2494762342,1.984379401,3.141901808
8678,0.7332742743,1.86072804,3.141968593
8679,1.325311182,1.497848547,3.141951739
8680,0.3429320967,1.970380059,3.142043768
8681,0.8426564476,1.813816449,3.142099705
8682,1.716454417,1.026539933,3.141974271
8683,1.387650749,1.440286569,3.141944166
8684,1.099446885,1.670693433,3.141967132
8685,1.798176431,0.8755349923,3.141806983
8686,0.2216447242,1.987680461,3.141902948
8687,0.4263736662,1.954022901,3.141991142
8688,1.315727179,1.506274208,3.141976243
8689,1.199468978,1.600398129,3.141983013
8690,0.6371870475,1.895782864,3.142057764
8691,1.813080529,0.8442387079,3.141890512
8692,0.2474112596,1.984637919,3.141985702
8693,1.220491,1.584424728,3.141988792
8694,0.6035787555,1.906749246,3.14206603
8695,1.84943239,0.7613145435,3.141879781
8696,1.657377313,1.119419691,3.141775935
8697,1.400921584,1.427381769,3.141742934
8698,0.9743539843,1.746606514,3.141783342
8699,1.162510631,1.627442482,3.141796344
8700,0.3751207501,1.964506152,3.141886829
8701,1.327570135,1.495846762,3.141869567
8702,1.790939465,0.8902448171,3.141713122
8703,1.86419634,0.7244114896,3.141518604
8704,0.995240636,1.734789923,3.141556295
8705,1.448794234,1.37876585,3.14151218
8706,0.7560735663,1.851581152,3.141576693
8707,1.969386075,0.3485950182,3.141295955
8708,0.3044441815,1.976692627,3.141389213
8709,0.1854201054,1.991386297,3.141485823
8710,1.638626585,1.146692162,3.141388452
8711,0.7849749581,1.839514696,3.141450172
8712,0.0002969479391,1.999999978,3.14154872
8713,1.609922478,1.1866548,3.141460549
8714,1.389173642,1.438817776,3.141430273
8715,0.05971547736,1.999108317,3.141528584
8716,1.745019611,0.9771932027,3.141392382
8717,1.030436386,1.714118098,3.141425288
8718,1.109406798,1.664096318,3.141446711
8719,0.4867841621,1.939855969,3.141531384
8720,0.03889656508,1.999621729,3.141629746
8721,1.905556395,0.6073341958,3.141408789
8722,1.696787498,1.058731404,3.141291391
8723,0.4631543776,1.945633065,3.141377368
8724,1.566547669,1.243353691,3.141302325
8725,1.420240791,1.408160536,3.141265078
8726,0.0408783654,1.999582196,3.141363394
8727,1.545541125,1.269370958,3.141294341
8728,0.372834425,1.964941346,3.141384693
8729,1.701665407,1.050873371,3.141265591
8730,1.390336266,1.437694358,3.141235135
8731,1.117708788,1.658531599,3.141255274
8732,0.3343990186,1.971846164,3.14134717
8733,1.794847613,0.8823389635,3.14118953
8734,0.3391230251,1.971039212,3.141281228
8735,1.807897232,0.8552821747,3.141117437
8736,0.6722377707,1.883639132,3.141189113
8737,0.03863013815,1.999626893,3.141287323
8738,1.493656874,1.330033512,3.141232251
8739,1.34661004,1.478729657,3.141211222
8740,1.945488797,0.4637600025,3.140957939
8741,1.200051618,1.599961286,3.140964685
8742,1.135823234,1.646179085,3.140982003
8743,1.308216694,1.512801733,3.140968806
8744,0.7059835548,1.871252848,3.1410376
8745,0.9911807697,1.737112743,3.141075701
8746,0.1112958543,1.996900907,3.1411732
8747,0.8496979065,1.810528505,3.141228062
8748,1.775973167,0.9197387186,3.141079257
8749,0.7161078678,1.86740181,3.141147119
8750,1.894908622,0.6397822384,3.140934367
8751,0.8274640569,1.820797417,3.140991578
8752,0.2050203743,1.989463909,3.141087321
8753,0.9557961979,1.756830563,3.141129886
8754,1.867062952,0.7169908877,3.140934872
8755,1.372156951,1.455055085,3.140908507
8756,0.7499927145,1.854052569,3.140973286
8757,1.991856185,0.1803023537,3.140655783
8758,1.7464329,0.9746651361,3.140519756
8759,1.711351775,1.035024203,3.140397542
8760,1.502300056,1.320263058,3.140340479
8761,0.01336167893,1.999955366,3.140438592
8762,0.5771537813,1.914913448,3.140517272
8763,0.09286031261,1.997843078,3.14061486
8764,0.3264245049,1.973181959,3.140706799
8765,0.8093206079,1.828934158,3.140765802
8766,1.992054449,0.1780984882,3.140448146
8767,1.96222756,0.3868630292,3.140178188
8768,1.519611628,1.300300158,3.140116649
8769,1.891412516,0.6500451469,3.139906816
8770,1.242209915,1.567454793,3.139906246
8771,1.339217157,1.485428358,3.139886972
8772,0.6532839314,1.890296301,3.139960012
8773,1.635818059,1.150695129,3.139864427
8774,1.495089878,1.328422469,3.139809376
8775,0.6492201435,1.891695854,3.139882718
8776,0.9318897229,1.769627516,3.139928226
8777,1.978867179,0.2899735965,3.139636556
8778,1.198557496,1.601080863,3.139643679
8779,0.4702732436,1.943924658,3.139728906
8780,0.2485563741,1.98449483,3.139823355
8781,0.1077672071,1.997094447,3.139920652
8782,1.018637619,1.721155833,3.139955085
8783,1.811815467,0.8469502424,3.139790443
8784,1.223503574,1.582099556,3.139793221
8785,0.7131229274,1.868543735,3.139861212
8786,1.302204987,1.517979635,3.139849386
8787,1.126618318,1.65249241,3.139868179
8788,1.812951745,0.844515229,3.139703086
8789,0.1524577341,1.994180694,3.139799645
8790,0.6233427849,1.900379902,3.13987484
8791,0.2551492009,1.983657956,3.139968963
8792,1.612005691,1.183823319,3.139881119
8793,1.268595328,1.546177834,3.139875714
8794,0.6880886329,1.877906822,3.139945755
8795,1.982338033,0.2652092084,3.139649049
8796,1.122351978,1.655393016,3.139668506
8797,0.613605697,1.903546177,3.139744375
8798,1.188457119,1.608592452,3.139753177
8799,0.5852359447,1.912458859,3.139831046
8800,0.2164911141,1.988248374,3.139926121
8801,1.411970273,1.416453299,3.139891237
8802,0.5324233188,1.927829196,3.139972555
8803,0.02959331649,1.999781047,3.140070203
8804,0.4459798603,1.949641496,3.140156438
8805,0.7617138356,1.849267972,3.140219854
8806,1.809118193,0.8526965258,3.140056916
8807,1.529151934,1.289067245,3.139993112
8808,1.809633615,0.8516021247,3.139829989
8809,1.2469213,1.563709459,3.13982858
8810,1.927536348,0.5334825455,3.139593295
8811,1.459160461,1.367790463,3.139547442
8812,1.477778565,1.347653706,3.139497029
8813,0.7184412154,1.86650535,3.139564374
8814,0.5488062827,1.923229488,3.139644575
8815,1.865523566,0.720986703,3.139451986
8816,0.01448015961,1.999947581,3.139549587
8817,1.287503587,1.530468724,3.139540671
8818,0.3666075198,1.966112643,3.139630565
8819,0.2089525266,1.989054761,3.139725641
8820,0.4663597766,1.944867234,3.139810676
8821,1.670014885,1.100477299,3.139704242
8822,0.8397953212,1.81514292,3.139759851
8823,0.0599970476,1.999099886,3.139857146
8824,1.927467385,0.5337316548,3.139622288
8825,1.997027094,0.109008191,3.139291227
8826,1.37717943,1.450302319,3.139264184
8827,0.08405279485,1.998233001,3.139361295
8828,1.060636296,1.695597431,3.139389822
8829,1.251944169,1.55969093,3.139387556
8830,1.777985016,0.9158434824,3.139239458
8831,1.503428936,1.31897742,3.139182694
8832,1.886582888,0.6639314775,3.138977608
8833,0.007796814483,1.999984802,3.139075083
8834,0.3378299139,1.971261258,3.139166032
8835,0.5673597599,1.91783808,3.139244867
8836,1.812105834,0.8463288058,3.139081152
8837,0.1159120531,1.996638274,3.139177813
8838,0.7728878142,1.844625823,3.139240053
8839,0.5638072639,1.91888545,3.139319081
8840,1.882977437,0.674088995,3.139116464
8841,0.7863466492,1.83892875,3.1391774
8842,1.494097042,1.329539029,3.139123103
8843,1.056642473,1.698089127,3.139152171
8844,0.48480256,1.940352153,3.139236019
8845,1.478001237,1.347409493,3.139185774
8846,0.208821258,1.989068546,3.139280614
8847,0.01622262978,1.999934205,3.139377889
8848,0.4278310803,1.953704319,3.139464691
8849,1.926726891,0.5363986292,3.139231143
8850,1.146630662,1.63866962,3.139246749
8851,0.9686577677,1.749772022,3.139287456
8852,1.061131074,1.695287835,3.139315843
8853,0.2964267302,1.977910815,3.139408073
8854,0.2400686891,1.985539479,3.139502004
8855,0.08744231172,1.998087546,3.139598749
8856,1.374265309,1.453063956,3.139572386
8857,0.1787315412,1.99199775,3.139667725
8858,0.2068137434,1.98927828,3.13976243
8859,1.834760612,0.7960235527,3.139587724
8860,1.71674915,1.026046957,3.139464982
8861,0.2828106936,1.979903561,3.139557561
8862,1.088314523,1.677966477,3.139581977
8863,0.2424394381,1.985251399,3.139675729
8864,1.509443149,1.312090462,3.139617573
8865,0.6656672019,1.885971149,3.139688901
8866,0.5344914822,1.927256821,3.139769526
8867,0.1728597937,1.99251587,3.139864853
8868,1.53382568,1.283502545,3.139800255
8869,0.06772605859,1.998852966,3.139896985
8870,1.365314833,1.461477132,3.139872527
8871,1.69109986,1.067792706,3.139759317
8872,1.659405585,1.116410814,3.139657093
8873,0.3945519687,1.960695985,3.139745195
8874,1.157161762,1.631250029,3.139759028
8875,0.8690630713,1.801313237,3.139811182
8876,1.526110124,1.292666968,3.139748713
8877,1.817108683,0.835533382,3.139583265
8878,0.3529462158,1.968610924,3.13967311
8879,1.152385649,1.634627577,3.139687704
8880,1.781797498,0.9084039163,3.139538731
8881,1.71440405,1.02996056,3.139417166
8882,1.808176012,0.8546926397,3.139256163
8883,0.4104290243,1.957434039,3.139343477
8884,0.8195230048,1.824385388,3.139400819
8885,1.357637503,1.468611729,3.139378064
8886,1.332210857,1.491715199,3.139360514
8887,1.508771668,1.312862542,3.139302718
8888,1.341485941,1.483379746,3.139283305
8889,0.8078325334,1.829591921,3.139341793
8890,1.77705087,0.9176547309,3.139195108
8891,0.03313602584,1.999725482,3.139291863
8892,1.93975114,0.4872017184,3.139048399
8893,1.332815097,1.491175348,3.139030778
8894,0.9253664338,1.773047366,3.139076547
8895,0.7362770936,1.85954189,3.139141753
8896,1.093816327,1.674385214,3.139165317
8897,1.167956923,1.623538305,3.139177446
8898,0.420686292,1.955255237,3.139264132
8899,0.5308972731,1.928250006,3.139344729
8900,0.4743441178,1.94293532,3.139428609
8901,0.2126460624,1.988663283,3.139522744
8902,0.7512357512,1.853549256,3.139586502
8903,0.1844029071,1.991480748,3.139681232
8904,1.450972842,1.376472961,3.139637798
8905,1.180455464,1.614473567,3.139647827
8906,1.954682175,0.4233409893,3.139390364
8907,1.435908768,1.392180308,3.139350504
8908,1.146393421,1.6388356,3.139366032
8909,1.273405649,1.542218549,3.139359866
8910,1.871832603,0.7044449623,3.13916565
8911,0.8770118403,1.797456601,3.139216794
8912,1.955461123,0.4197282394,3.138958742
8913,0.8006368788,1.83275219,3.139017818
8914,1.310685005,1.510663701,3.139004615
8915,0.2040975452,1.989558793,3.139098851
8916,0.7333875124,1.860683411,3.139164157
8917,1.582963903,1.222385079,3.139086284
8918,1.455150144,1.372056143,3.139041995
8919,0.984695702,1.740797051,3.139080402
8920,0.9341544146,1.768433072,3.139124996
8921,0.1580313882,1.993746744,3.139220094
8922,1.170308732,1.621843849,3.139231803
8923,1.986521594,0.2318015487,3.138931946
8924,1.084690624,1.680311355,3.138956788
8925,1.115330454,1.660131916,3.138977102
8926,1.996179237,0.1235655837,3.138653122
8927,0.7657235407,1.847611285,3.138715469
8928,1.834364169,0.7969366958,3.138542436
8929,1.080064763,1.68328848,3.138567974
8930,0.7526160718,1.85298922,3.138631514
8931,1.015127016,1.723228697,3.138665981
8932,0.1369986733,1.995302324,3.138761362
8933,0.2807128209,1.980202089,3.13885334
8934,1.518098405,1.302066524,3.138793488
8935,0.4618200798,1.945950208,3.138877775
8936,0.3760757957,1.964323547,3.138966156
8937,1.932702166,0.5144534343,3.138730052
8938,1.627010023,1.163115809,3.138639148
8939,0.7557182,1.851726222,3.138702333
8940,1.348542425,1.476967613,3.138681666
8941,0.9723982559,1.747696093,3.138721562
8942,1.016782058,1.722252666,3.138755758
8943,0.3374538187,1.971325676,3.138845649
8944,0.4347952638,1.952166253,3.138931236
8945,0.1472408401,1.99457267,3.139026285
8946,0.03998506782,1.999600259,3.139122437
8947,0.5467879547,1.923804286,3.139201624
8948,1.309220919,1.511932732,3.139188734
8949,0.8895959266,1.79126187,3.139238275
8950,0.07490976594,1.998596639,3.139334135
8951,1.423762608,1.4045996,3.139297253
8952,0.6330376681,1.897172452,3.139370426
8953,0.6301524743,1.89813273,3.139443798
8954,0.4103865199,1.95744295,3.139530401
8955,0.4538516824,1.947824081,3.139614836
8956,0.4105644784,1.957405632,3.139701392
8957,0.08687249938,1.998112401,3.139797018
8958,0.07882726211,1.998445962,3.139892697
8959,0.6806435423,1.880618081,3.139962052
8960,1.640789741,1.143594782,3.139866876
8961,0.447837971,1.949215522,3.139951528
8962,1.764228043,0.9420718713,3.139811402
8963,1.994356914,0.1501349414,3.139494595
8964,1.731286887,1.001321984,3.139367771
8965,0.3052275815,1.976571811,3.139458543
8966,0.5860477136,1.91221026,3.139534939
8967,0.535899996,1.92686564,3.139614586
8968,1.03571857,1.71093163,3.139646059
8969,1.702359684,1.049748306,3.139530087
8970,0.8920315774,1.790050185,3.139579203
8971,0.8600255747,1.805645594,3.139631785
8972,1.425619995,1.402714379,3.139594536
8973,0.8926773259,1.789728245,3.139643556
8974,0.8283020706,1.820416348,3.139699405
8975,1.714336672,1.030072704,3.139579121
8976,1.761003735,0.9480853567,3.139440595
8977,1.951606513,0.4373008315,3.139188301
8978,0.617553472,1.902269095,3.13926241
8979,1.476850616,1.348670552,3.139213193
8980,0.7399879802,1.858068295,3.139277438
8981,0.2669274078,1.982107403,3.139369292
8982,0.4350487927,1.952109768,3.139454446
8983,1.158197247,1.630514991,3.13946798
8984,0.5484594509,1.923328425,3.139546696
8985,1.776227585,0.9192472815,3.139401893
8986,0.8332276318,1.81816713,3.139457194
8987,0.1224862495,1.996245756,3.139552113
8988,1.048892245,1.702887271,3.139581733
8989,0.6432821125,1.893723349,3.139653806
8990,0.9035025864,1.784287835,3.139701517
8991,0.6418748485,1.894200802,3.139773667
8992,1.678718898,1.08715356,3.139666297
8993,1.511451705,1.309776219,3.139608462
8994,1.725072948,1.011989785,3.13948442
8995,0.6482369054,1.892033011,3.13955608
8996,0.0256676473,1.999835286,3.139651691
8997,0.818152465,1.825000423,3.139708415
8998,0.5038429904,1.935495348,3.139789687
8999,0.5300212937,1.928490972,3.139869384
9000,0.1742746456,1.992392619,3.139963263
9001,1.43427966,1.393858622,3.139924129
9002,0.8961853352,1.787974229,3.139972566
9003,0.3847008381,1.962652609,3.140059796
9004,1.597081627,1.203881339,3.139978466
9005,1.500822671,1.321942249,3.139923375
9006,0.8649091553,1.803311441,3.139975196
9007,0.08400888372,1.998234848,3.140070288
9008,1.691498857,1.06716054,3.139958637
9009,1.481666775,1.343377671,3.139908331
9010,1.313524275,1.508195604,3.139894623
9011,0.3837628278,1.962836237,3.139981825
9012,1.871788728,0.7045615355,3.139789763
9013,0.1004161549,1.997477558,3.139884644
9014,0.5929930887,1.910067851,3.13996011
9015,0.6307354329,1.897939096,3.140032869
9016,0.7970876052,1.834298599,3.140091494
9017,1.660726952,1.114444252,3.13999044
9018,1.583289087,1.221963856,3.139913254
9019,1.022207758,1.719037899,3.139946314
9020,0.2308574475,1.986631531,3.140038699
9021,1.61870679,1.174643916,3.139951042
9022,1.304406795,1.516088029,3.139939097
9023,1.874540945,0.6972060286,3.139745644
9024,0.133045867,1.995569793,3.139839991
9025,1.119910257,1.65704587,3.139859299
9026,1.495593305,1.327855664,3.13980566
9027,0.07103472005,1.998738119,3.139900671
9028,1.252242272,1.5594516,3.139898346
9029,1.599002754,1.201328512,3.139816693
9030,0.7119553422,1.868988922,3.139882935
9031,1.846342347,0.7687782103,3.139705509
9032,0.7741524775,1.844095426,3.139766236
9033,1.474221614,1.351543796,3.139717894
9034,1.707904468,1.040702805,3.139600746
9035,1.711396709,1.034949905,3.139482351
9036,1.602842742,1.196200294,3.139399672
9037,1.182078606,1.61328552,3.139409318
9038,0.04390915306,1.999517938,3.139504431
9039,1.970037037,0.3448971945,3.139233415
9040,0.6036292275,1.906733268,3.139307999
9041,1.006532927,1.728262557,3.139343085
9042,0.7201593405,1.865843114,3.139408595
9043,0.07991890442,1.998402604,3.139503409
9044,1.512272975,1.308827892,3.139445708
9045,1.013739472,1.724045325,3.139479831
9046,0.8894975089,1.791310744,3.139528818
9047,1.011130072,1.725576998,3.139563264
9048,1.570143494,1.238809674,3.139490104
9049,1.610643967,1.18567534,3.139405218
9050,0.02408529756,1.999854969,3.139500279
9051,0.3563009915,1.968006505,3.139588282
9052,1.294365732,1.524669588,3.139578312
9053,1.306427782,1.514346873,3.139566063
9054,1.182496637,1.612979139,3.139575605
9055,0.5517116606,1.922398045,3.139653487
9056,1.149653815,1.636550062,3.139668223
9057,0.5518400678,1.922361189,3.139746069
9058,1.856394631,0.7441767077,3.139563756
9059,0.9310232097,1.770083553,3.139607978
9060,0.6876148527,1.878080354,3.13967603
9061,1.620108627,1.172709699,3.139588373
9062,1.861871243,0.730366672,3.13940311
9063,0.6382938295,1.895410506,3.139474987
9064,1.061940138,1.694781149,3.139502578
9065,1.488435869,1.335873746,3.139450978
9066,0.1225180568,1.996243804,3.13954507
9067,1.703774388,1.047450636,3.139429856
9068,0.9265443443,1.772432108,3.139474566
9069,0.2317730416,1.98652492,3.139566481
9070,0.07594131599,1.998557709,3.139661029
9071,1.980072327,0.2816266647,3.139377002
9072,0.8994061987,1.786356205,3.139424768
9073,0.7771928518,1.842816125,3.13948497
9074,0.4642526049,1.945371306,3.139567762
9075,1.317508378,1.504716476,3.139553422
9076,0.1270776144,1.995958737,3.139647336
9077,1.764719155,0.9411515834,3.139508816
9078,1.769047434,0.9329904479,3.139368529
9079,0.3048600714,1.976628528,3.139458174
9080,0.6901975267,1.877132753,3.139525884
9081,1.151619679,1.635167305,3.139540289
9082,1.071199996,1.688943625,3.139566533
9083,0.332910315,1.972098051,3.139655119
9084,1.168347821,1.623257025,3.139666883
9085,1.688147326,1.072454477,3.139557388
9086,0.1346974504,1.995458994,3.139651088
9087,1.122395826,1.655363287,3.139669915
9088,0.3701114826,1.965456052,3.139756979
9089,0.3300682837,1.972575709,3.139845591
9090,0.3170242218,1.974714066,3.139934654
9091,0.1053678685,1.997222474,3.140028649
9092,1.485275808,1.339386343,3.139977917
9093,1.113575388,1.661309681,3.139998003
9094,0.05073919481,1.99935628,3.14009243
9095,1.055759521,1.698638229,3.140120707
9096,0.7715563633,1.845183129,3.1401812
9097,1.644152827,1.138754355,3.14008637
9098,0.01186742202,1.999964791,3.140180879
9099,1.756781894,0.9558856499,3.140045874
9100,0.40850106,1.957837298,3.140131108
9101,1.384708392,1.443115612,3.14010321
9102,0.519509466,1.931349247,3.140182599
9103,0.3400322492,1.970882561,3.140270656
9104,1.206188604,1.595339792,3.140276193
9105,1.745889615,0.9756379716,3.140145605
9106,0.9560790026,1.756676675,3.14018659
9107,0.9291462121,1.77106954,3.140230726
9108,0.6935735177,1.875887997,3.14029787
9109,1.137868262,1.644766189,3.140314253
9110,1.021589219,1.719405556,3.140347019
9111,0.892053295,1.790039362,3.140395283
9112,0.3545055038,1.968330726,3.14048267
9113,1.525128922,1.293824475,3.140422005
9114,1.564194733,1.246312496,3.140350928
9115,1.03497288,1.711382815,3.140381912
9116,1.468112832,1.358176981,3.140335397
9117,1.213834461,1.589530088,3.140339645
9118,0.04498416229,1.999494042,3.140433815
9119,0.2317701815,1.986525254,3.140525121
9120,1.938709826,0.4913290249,3.140288513
9121,1.85884359,0.7380382835,3.140106053
9122,1.186653514,1.609923426,3.140114795
9123,1.184045661,1.611842384,3.140123955
9124,1.870874254,0.706986228,3.139934767
9125,0.2964410171,1.977908674,3.140024179
9126,1.722992032,1.015528659,3.139902662
9127,1.400078703,1.428208537,3.139871602
9128,1.081701466,1.682237183,3.139896208
9129,0.5708076499,1.916814709,3.1399722
9130,0.2229465092,1.987534869,3.140063667
9131,1.001441248,1.731217903,3.140098972
9132,0.6922535143,1.876375515,3.140166061
9133,0.1442674456,1.99478994,3.140259066
9134,0.3151966147,1.975006606,3.140347719
9135,0.6698220013,1.884499532,3.140416536
9136,1.723490636,1.01468223,3.140294924
9137,1.827977389,0.811479306,3.140128859
9138,1.641102391,1.143146072,3.140035421
9139,1.609396265,1.187368377,3.139951681
9140,0.431811375,1.952828445,3.140035456
9141,1.719768254,1.020978526,3.139915329
9142,0.03623134779,1.999671795,3.140009338
9143,0.9865800606,1.739729802,3.140046465
9144,1.821786811,0.8252834762,3.139883574
9145,1.036315158,1.710570341,3.139914329
9146,0.8631982037,1.804131054,3.139965537
9147,1.028502147,1.715279375,3.139997306
9148,0.2708040019,1.981581488,3.140087289
9149,0.4418503318,1.950581525,3.140170476
9150,1.92532819,0.5413975989,3.139945626
9151,1.736397475,0.9924332763,3.139819402
9152,1.695979263,1.060025632,3.139707976
9153,0.617293781,1.902353381,3.13978063
9154,0.3235886274,1.973649006,3.139868844
9155,0.2922844279,1.978527183,3.139958106
9156,0.3998530478,1.959621785,3.140043218
9157,1.327884125,1.495568036,3.140026956
9158,0.0718102897,1.998710405,3.140120578
9159,1.910782451,0.5906864017,3.139906718
9160,1.582996392,1.222343005,3.139830821
9161,0.89670409,1.78771412,3.13987837
9162,0.981916096,1.742366431,3.139916009
9163,0.5650005743,1.918534428,3.139992093
9164,1.893016233,0.64536001,3.139790295
9165,0.02344114793,1.999862623,3.139884123
9166,1.311603244,1.509866527,3.139871015
9167,1.309044684,1.51208532,3.139858394
9168,0.5260510747,1.929577743,3.139936851
9169,1.042368027,1.70688866,3.139966717
9170,1.612828045,1.182702709,3.13988225
9171,0.4229481116,1.954767223,3.139966172
9172,1.231133547,1.576169467,3.139967521
9173,0.850060358,1.810358359,3.140019931
9174,0.6305641192,1.89799602,3.140091434
9175,1.465671736,1.360810921,3.140045824
9176,1.095884228,1.673032504,3.140068276
9177,0.2512319006,1.98415789,3.140158529
9178,1.338857051,1.485752939,3.140140153
9179,0.558362071,1.920476971,3.140216503
9180,1.353284154,1.472624188,3.140195264
9181,1.609694547,1.18696397,3.140111802
9182,1.382400731,1.445326336,3.140084634
9183,0.3350472779,1.971736119,3.14017212
9184,0.2449907204,1.984938172,3.140262462
9185,0.4450972645,1.94984318,3.140345143
9186,1.367766461,1.459182959,3.140320978
9187,0.4611929226,1.946098941,3.14040282
9188,0.7093586185,1.869976029,3.140468073
9189,1.462106835,1.364640466,3.140423326
9190,0.4374404719,1.951575219,3.140506321
9191,0.5354248215,1.926997732,3.14058395
9192,0.2789587273,1.980449956,3.140673192
9193,1.464072202,1.362531684,3.140627983
9194,0.9279567876,1.771693032,3.14067179
9195,0.3725750575,1.964990541,3.140757631
9196,1.798486527,0.8748978294,3.140606373
9197,0.2344147411,1.986214925,3.140696819
9198,0.04188840363,1.999561292,3.140790146
9199,1.308198115,1.512817799,3.140777628
9200,0.2902689666,1.978823875,3.140866418
9201,1.645925862,1.136190149,3.140772028
9202,0.2420095089,1.985303855,3.140862208
9203,0.7819238258,1.840813714,3.140920967
9204,1.967115125,0.3611898212,3.140658197
9205,1.52843799,1.289913684,3.14059727
9206,0.1873867843,1.991202198,3.140688711
9207,1.440604912,1.387320254,3.140648953
9208,0.06423140291,1.998968316,3.140742056
9209,0.9826440513,1.741955989,3.14077932
9210,1.845149817,0.7716360225,3.140605867
9211,0.7186377351,1.866429695,3.140670165
9212,0.1309532718,1.995708205,3.140762517
9213,0.624426774,1.900024001,3.140834078
9214,1.576673214,1.230488349,3.140760292
9215,1.680962945,1.083680569,3.14065466
9216,1.850925521,0.7576771835,3.140478304
9217,1.439250222,1.388725603,3.140438917
9218,0.04613836974,1.999467742,3.14053205
9219,1.868705087,0.7127000065,3.140346007
9220,1.326255405,1.497012559,3.140330137
9221,1.612763995,1.182790047,3.140246117
9222,1.984491962,0.248579265,3.13995951
9223,0.2377085159,1.985823422,3.140049685
9224,0.6128892668,1.903776969,3.140122051
9225,1.993420848,0.1620904733,3.1398168
9226,0.1261207358,1.996019429,3.139909172
9227,0.1576300885,1.993778512,3.140001038
9228,0.06612685409,1.998906511,3.140093996
9229,0.4240787185,1.954522254,3.140177315
9230,0.3354987325,1.971659352,3.140264329
9231,0.3375870015,1.971302873,3.140351247
9232,1.481891425,1.343129854,3.14030206
9233,1.771079802,0.9291266514,3.140163205
9234,1.492541751,1.331284763,3.140111484
9235,0.7617018734,1.849272899,3.140171953
9236,1.870398978,0.7082426572,3.139985326
9237,1.961693939,0.3895598663,3.139729738
9238,0.736381302,1.859500626,3.139792444
9239,1.929171813,0.5275377875,3.139566801
9240,0.5887640085,1.911375668,3.139640738
9241,1.669464759,1.101311681,3.13953934
9242,0.6706241815,1.884214215,3.139607387
9243,0.6885463325,1.877739052,3.139674018
9244,0.810831202,1.828264959,3.139729931
9245,0.01207303327,1.99996356,3.139822976
9246,0.4436595392,1.950170816,3.139905229
9247,0.7851841303,1.839425422,3.139963513
9248,1.122634666,1.655201319,3.139981942
9249,0.3121898646,1.975484115,3.140069626
9250,1.716009425,1.027283629,3.139952275
9251,0.7568404856,1.851267803,3.140013088
9252,1.471987768,1.35397637,3.139966389
9253,1.030210686,1.714253757,3.139997572
9254,0.5893768038,1.9111868,3.140071311
9255,0.01163645978,1.999966148,3.140164218
9256,1.836581466,0.7918134358,3.139996053
9257,1.967863551,0.3570896863,3.139734001
9258,1.626815427,1.16338797,3.13964619
9259,0.8133613236,1.82714076,3.139701772
9260,1.822371029,0.8239926179,3.139540679
9261,0.8359899899,1.816898659,3.139594049
9262,0.1544974396,1.994023706,3.139685655
9263,0.7877129773,1.838343892,3.139743628
9264,0.09083456725,1.997936206,3.139836042
9265,0.7547826842,1.852107745,3.139896957
9266,0.786974766,1.838660033,3.139954957
9267,0.1855629935,1.991372988,3.140045902
9268,1.033055457,1.712540926,3.140076657
9269,0.505478809,1.935068778,3.140155421
9270,1.487371929,1.337058242,3.140105147
9271,0.0617958331,1.999045091,3.140197692
9272,1.340391765,1.484368525,3.1401792
9273,1.752071369,0.9644925698,3.140048585
9274,0.3917661605,1.961254516,3.140132956
9275,1.932160389,0.5164844923,3.139905768
9276,0.2320989216,1.986486871,3.139995577
9277,1.504185617,1.318114422,3.139941275
9278,0.3073043866,1.976249988,3.140028854
9279,0.3172047789,1.974685071,3.140116077
9280,0.1228439519,1.996223776,3.140207923
9281,1.996518576,0.1179558221,3.139894993
9282,0.2149684271,1.988413583,3.139985161
9283,1.626329603,1.164067018,3.139897705
9284,0.7211742394,1.865451076,3.139961363
9285,1.357565556,1.468678236,3.139939543
9286,1.815142991,0.8397951663,3.139782279
9287,1.817203661,0.8353267949,3.139624087
9288,0.1320736193,1.995634375,3.13971578
9289,1.974454989,0.3186337974,3.139446381
9290,0.04387687254,1.999518647,3.13953891
9291,0.8637678588,1.803858389,3.1395893
9292,1.186254784,1.610217248,3.139598001
9293,1.253624036,1.558341033,3.139595535
9294,0.5139713017,1.932830438,3.139673657
9295,0.3936400822,1.960879263,3.139757797
9296,1.808626854,0.8537381942,3.139603722
9297,0.7399312665,1.858090881,3.13966574
9298,0.694064477,1.875706401,3.139731533
9299,0.1113822991,1.996896087,3.139823378
9300,1.083086547,1.681345751,3.139847342
9301,1.35491816,1.471120926,3.139826096
9302,1.786330653,0.8994569469,3.139681943
9303,0.8112952302,1.828059094,3.139737456
9304,1.992540233,0.1725787358,3.139437093
9305,1.633319309,1.154239159,3.13934779
9306,1.17868576,1.615766035,3.139357696
9307,0.2579223924,1.983299281,3.13944658
9308,1.928569978,0.5297337462,3.139223119
9309,0.3161482558,1.974854496,3.139310183
9310,1.639500734,1.145441985,3.139219053
9311,1.546702286,1.26795585,3.139154258
9312,1.013761794,1.7240322,3.139187431
9313,1.914961815,0.5769932827,3.138974266
9314,0.5857875615,1.912289971,3.139047877
9315,1.749837962,0.9685386449,3.138918841
9316,1.606172913,1.191725041,3.138837747
9317,0.9882641,1.738773726,3.138874101
9318,0.5436442769,1.924695015,3.138950353
9319,1.55508259,1.257663762,3.138883433
9320,0.2561572385,1.983528036,3.138972293
9321,0.3170687721,1.974706913,3.139059241
9322,0.650598308,1.891222314,3.139128259
9323,1.644112702,1.138812287,3.139035853
9324,1.755933151,0.957443873,3.138904563
9325,1.63663702,1.14953002,3.138814499
9326,1.284213105,1.533230804,3.138806741
9327,1.981581867,0.2708012245,3.13852828
9328,1.197845722,1.601613445,3.138535216
9329,0.4212194617,1.955140446,3.138617941
9330,1.580808457,1.225171262,3.138544171
9331,1.231070585,1.576218644,3.13854566
9332,1.818059548,0.8334623446,3.138387964
9333,1.857429631,0.741589622,3.138210614
9334,1.986630719,0.2308644347,3.137923868
9335,0.5426996395,1.924961584,3.13800014
9336,0.7350812459,1.860014936,3.138062483
9337,1.744551659,0.9780283791,3.137935889
9338,0.6466664402,1.892570346,3.138005198
9339,1.57447669,1.233297674,3.137933305
9340,1.762640498,0.9450388744,3.137799701
9341,1.996722006,0.1144606121,3.137488292
9342,1.606067384,1.191867257,3.137407607
9343,0.9952579789,1.734779973,3.137443158
9344,0.84281338,1.813743534,3.137495603
9345,0.7128773546,1.868637439,3.137559785
9346,0.1301531411,1.995760547,3.137651157
9347,1.08408706,1.68070082,3.137675095
9348,0.6892380753,1.877485253,3.13774113
9349,0.7302726329,1.861908129,3.137803818
9350,0.5451248502,1.924276201,3.137879834
9351,1.346178348,1.479122664,3.137860624
9352,1.150364025,1.636050919,3.137874978
9353,0.3086115235,1.976046287,3.137962032
9354,1.970056079,0.3447884058,3.137700285
9355,0.01124469137,1.999968389,3.137792454
9356,0.8545176043,1.808258738,3.137843621
9357,1.640698842,1.14372519,3.137752738
9358,1.031126296,1.713703172,3.137783691
9359,1.131289247,1.649298227,3.137800873
9360,0.7700954167,1.845793339,3.137860038
9361,1.941869895,0.4786870712,3.137627105
9362,1.181823112,1.613472693,3.137636646
9363,1.534697777,1.282459642,3.137575478
9364,1.920003439,0.5599882093,3.137360014
9365,0.4337205754,1.952405302,3.137441963
9366,1.876170873,0.6928079506,3.137254922
9367,0.2302991222,1.986696332,3.137344186
9368,1.677774204,1.088610914,3.137241697
9369,1.225272519,1.580729975,3.137244282
9370,0.1672207315,1.992997046,3.137334863
9371,0.7889299457,1.837821956,3.137392308
9372,1.167120598,1.624139622,3.137404139
9373,1.315848808,1.506167957,3.137390796
9374,0.7751325832,1.843683671,3.137449466
9375,0.4346519094,1.952198176,3.137531274
9376,0.4337005601,1.952409748,3.137613109
9377,1.127213041,1.65208679,3.137630872
9378,0.7155093662,1.867631213,3.137694599
9379,1.87464042,0.6969385154,3.137508671
9380,1.761897251,0.9464238349,3.137375978
9381,1.035139923,1.711281783,3.137406379
9382,0.4634215138,1.945569454,3.137486717
9383,1.165271507,1.625466799,3.137498807
9384,0.8453008948,1.812585556,3.137550776
9385,1.842327407,0.7783506443,3.137382332
9386,0.49738356,1.93716535,3.137460847
9387,0.8477891557,1.811423072,3.137512556
9388,0.9574227837,1.75594465,3.137552434
9389,0.1468846155,1.994598935,3.13764314
9390,0.9828086333,1.741863138,3.137679997
9391,0.3760178498,1.96433464,3.137764225
9392,0.9846100653,1.74084549,3.137800845
9393,0.6073794166,1.905541982,3.137872524
9394,1.167709891,1.623715988,3.137884187
9395,0.661791454,1.887334647,3.137951966
9396,1.019975392,1.720363392,3.137984189
9397,1.291915546,1.526746286,3.137975198
9398,1.18197292,1.613362953,3.137984642
9399,0.8437874228,1.813290596,3.138036626
9400,0.1660455947,1.993095296,3.138126855
9401,1.074225232,1.687021088,3.138151949
9402,1.123399608,1.654682242,3.13817016
9403,0.509603594,1.933986602,3.138247774
9404,1.445057123,1.382682144,3.138208122
9405,0.9722420686,1.747782984,3.138246119
9406,0.6457223811,1.892892656,3.138314962
9407,1.238886266,1.570083061,3.138315159
9408,0.7358144919,1.859724989,3.138376929
9409,0.1112292159,1.99690462,3.138467845
9410,1.695754365,1.06038537,3.138359695
9411,0.3186552514,1.974451527,3.138445822
9412,1.113095002,1.661631583,3.138465458
9413,0.1467345035,1.994609983,3.138555839
9414,0.9870215295,1.739479376,3.138591998
9415,1.9809036,0.2757189309,3.138317208
9416,0.4644382994,1.945326982,3.138397107
9417,1.740332945,0.9855157231,3.138273144
9418,0.671412393,1.883933491,3.138339994
9419,1.035835957,1.710860564,3.13837008
9420,0.6765351876,1.882099928,3.138436516
9421,1.75104236,0.9663594842,3.138308534
9422,1.210875059,1.591785661,3.138313338
9423,0.5454196588,1.924192661,3.138388693
9424,1.211629801,1.591211245,3.138393366
9425,1.567518693,1.242129279,3.138323962
9426,0.3369758772,1.971407431,3.13840931
9427,0.472937811,1.943278114,3.138488672
9428,0.9769336832,1.745164914,3.138525991
9429,1.93860112,0.4917577641,3.138297439
9430,0.6610126555,1.887607552,3.138364981
9431,0.2952916756,1.978080591,3.138451695
9432,1.819124678,0.8311350104,3.138295187
9433,0.9703338809,1.748843092,3.138333286
9434,1.030451065,1.714109274,3.138364014
9435,0.3971190616,1.960177658,3.138446896
9436,0.8862525689,1.792918399,3.138494309
9437,1.332504583,1.491452827,3.138477822
9438,1.80167021,0.8683227819,3.138329291
9439,1.331054069,1.492747489,3.138313099
9440,1.686779452,1.074604616,3.138208321
9441,1.496476934,1.326859746,3.138157004
9442,1.153648293,1.633736704,3.1381707
9443,0.2667148488,1.982136017,3.138258183
9444,1.492927819,1.330851805,3.138207722
9445,1.255850297,1.556547472,3.138205063
9446,0.3377216784,1.971279805,3.138290216
9447,1.260939559,1.552427592,3.138286676
9448,0.7095872755,1.869889274,3.13835034
9449,1.281436871,1.53555187,3.138343223
9450,1.630822171,1.157764676,3.138256153
9451,0.5442736942,1.92451712,3.138331359
9452,1.606967124,1.19065388,3.138251268
9453,0.7268585593,1.863243579,3.138313496
9454,0.8481951631,1.811232996,3.138364707
9455,1.864489208,0.7236573734,3.138185854
9456,1.854434722,0.7490473028,3.13801241
9457,1.797415685,0.8770956931,3.137866082
9458,0.9498784608,1.76003719,3.137906493
9459,0.8541010553,1.808455525,3.137957133
9460,0.8824005237,1.794817349,3.13800488
9461,1.412260787,1.416163645,3.13797257
9462,1.195783731,1.603153538,3.137979792
9463,0.8406473214,1.81474849,3.138031733
9464,1.509652885,1.31184914,3.137977387
9465,1.739064521,0.9877522936,3.137854569
9466,0.2359745182,1.986030218,3.137942695
9467,0.4118655813,1.957132275,3.138024698
9468,0.2539499819,1.983811838,3.13811232
9469,0.9652850331,1.751634895,3.138150883
9470,0.0725468108,1.998683807,3.138241614
9471,1.031958107,1.713202401,3.138272039
9472,0.8837320593,1.794162102,3.138319553
9473,1.925630577,0.5403210888,3.138102338
9474,0.6915367885,1.876639782,3.138167272
9475,0.9683166464,1.74996082,3.138205451
9476,0.04694403828,1.999448988,3.13829628
9477,1.701632645,1.050926421,3.138186916
9478,1.693248072,1.064382904,3.138080415
9479,1.418388314,1.410026451,3.138046864
9480,0.707250189,1.870774484,3.138110524
9481,1.419127299,1.409282693,3.138076821
9482,1.638052603,1.147511947,3.13798791
9483,0.5120679624,1.933335564,3.138064751
9484,0.2570741538,1.983409408,3.138152135
9485,1.714265509,1.03019113,3.138038506
9486,0.6892445386,1.87748288,3.138103542
9487,1.642438804,1.14122512,3.13801335
9488,0.3263411517,1.973195746,3.13809855
9489,0.5521268011,1.922278855,3.138173
9490,1.644270573,1.138584333,3.138082273
9491,1.988458083,0.2145564102,3.137796847
9492,1.062173452,1.694634934,3.137823341
9493,1.064395181,1.693240355,3.137849534
9494,1.481431139,1.343637518,3.137802076
9495,0.4903294506,1.938962875,3.137880024
9496,1.946040438,0.4614397189,3.137646768
9497,0.02230511999,1.999875617,3.137737545
9498,1.187356046,1.609405362,3.13774608
9499,0.3631652681,1.966751379,3.137829853
9500,1.072739609,1.687966152,3.137854917
9501,0.0603163816,1.999090277,3.137945468
9502,1.454499081,1.372746307,3.137904165
9503,0.8654362746,1.803058528,3.137953435
9504,0.8019460369,1.832179728,3.138008823
9505,1.914090423,0.5798774466,3.137800696
9506,0.6365532071,1.895995784,3.137869514
9507,0.483874749,1.940583734,3.137947699
9508,1.373817311,1.453487529,3.137923406
9509,1.166275538,1.624746555,3.137935139
9510,0.5547220686,1.921531532,3.138009285
9511,1.28547494,1.532173025,3.13800154
9512,0.5374770024,1.926426347,3.138076693
9513,0.3013580662,1.977165475,3.138162497
9514,0.2813701234,1.980108798,3.138248902
9515,1.084008427,1.680751537,3.138272365
9516,0.150273066,1.994346511,3.138361732
9517,1.093520648,1.674578333,3.138383882
9518,1.459993272,1.366901476,3.138341375
9519,0.9858129696,1.740164587,3.138377302
9520,0.7240913696,1.864320704,3.138439304
9521,1.19660745,1.602538802,3.138446303
9522,1.541456596,1.274327887,3.138384363
9523,1.97995235,0.2824689222,3.138114129
9524,0.05889066591,1.999132784,3.138204443
9525,1.283047274,1.534206535,3.138197116
9526,1.353831277,1.472121216,3.138176755
9527,1.820069986,0.8290628716,3.138021402
9528,1.901351437,0.620373042,3.137822275
9529,1.483855388,1.340959801,3.137774432
9530,1.522561259,1.296845099,3.13771734
9531,0.3408250629,1.970745614,3.137801673
9532,0.180781959,1.991812713,3.137890408
9533,0.7882467104,1.838115101,3.137946879
9534,0.5989682176,1.908202577,3.138018041
9535,1.084893161,1.680180594,3.138041359
9536,0.3892239862,1.961760609,3.138123729
9537,0.2408568418,1.985444026,3.138211049
9538,1.980703119,0.2771554724,3.137940143
9539,1.064105733,1.693422272,3.137966236
9540,1.633546903,1.153917032,3.13787922
9541,1.506666285,1.315278186,3.137826047
9542,1.182405913,1.613045646,3.137835298
9543,0.9069024971,1.782562162,3.137880073
9544,0.7017583521,1.872841482,3.137943757
9545,1.100958223,1.669697874,3.137964862
9546,0.5065326899,1.934793176,3.138041504
9547,1.118924071,1.657711954,3.138060084
9548,1.398615237,1.42964171,3.138030887
9549,0.9865023463,1.739773871,3.138066651
9550,1.138756613,1.644151263,3.138082383
9551,0.6854113537,1.878885647,3.138147265
9552,1.620442845,1.172247835,3.138064177
9553,0.9364354715,1.767226247,3.138105671
9554,0.02223709741,1.999876374,3.138195858
9555,0.8161296297,1.82590592,3.138249612
9556,0.863381378,1.804043402,3.138298778
9557,0.04729831041,1.999440639,3.138388826
9558,0.4136858588,1.956748326,3.138469921
9559,1.984586597,0.2478225919,3.138193446
9560,0.449747532,1.94877581,3.138272877
9561,0.0300193309,1.999774697,3.138362959
9562,0.098281203,1.997583742,3.138452564
9563,1.866503958,0.7184448309,3.138274632
9564,1.109119275,1.664287966,3.13829453
9565,0.1711429807,1.992664066,3.138383085
9566,0.5053598937,1.935099837,3.138459587
9567,0.1229884259,1.99621488,3.138548849
9568,1.74867918,0.9706292424,3.138423715
9569,1.593316239,1.208860356,3.138348398
9570,0.3104879074,1.975752327,3.138433367
9571,0.8493422284,1.810695385,3.138483828
9572,1.29370512,1.525230167,3.138474632
9573,1.732280104,0.9996027412,3.138355623
9574,0.6819614853,1.880140562,3.138420583
9575,0.4615449371,1.946015486,3.138499289
9576,1.848451278,0.7636935721,3.138331044
9577,1.486455503,1.338076992,3.138282785
9578,1.236141467,1.572244979,3.138283433
9579,0.001093254711,1.999999701,3.138373392
9580,1.623981423,1.167340711,3.1382895
9581,1.735475736,0.9940442491,3.138169449
9582,1.607880078,1.189420723,3.138090204
9583,1.153318804,1.633969319,3.138103754
9584,0.1433469511,1.994856298,3.138192611
9585,1.162145154,1.627703487,3.13820484
9586,1.539943394,1.276156081,3.138143721
9587,1.071721679,1.688612639,3.138168659
9588,0.6012492427,1.907485085,3.138239247
9589,0.1361534484,1.995360178,3.138328149
9590,0.2103459074,1.988907891,3.138415687
9591,1.975446799,0.3124259008,3.138153612
9592,1.850295593,0.7592142121,3.13798475
9593,0.6142880014,1.903326102,3.138054453
9594,0.4332856808,1.952501861,3.138134394
9595,1.428517312,1.399763654,3.138099104
9596,0.9903290107,1.737598472,3.138134233
9597,0.2297858859,1.986755759,3.138221279
9598,1.900047671,0.6243547438,3.138024413
9599,1.413714035,1.414712914,3.137992264
9600,0.6199341006,1.901494599,3.138061535
9601,1.286814798,1.531047901,3.138053623
9602,0.0369099774,1.999659384,3.138143319
9603,1.873808416,0.6991723816,3.137962147
9604,0.1268630117,1.995972389,3.138051066
9605,1.906115443,0.6055773434,3.137850452
9606,1.46852279,1.357733706,3.137806481
9607,0.5934236403,1.909934131,3.137877478
9608,1.814421383,0.8413531034,3.137726024
9609,0.7354852014,1.859855241,3.13778659
9610,1.75787055,0.9538821367,3.137658596
9611,1.965613322,0.3692753306,3.137408975
9612,0.6080107203,1.905340642,3.13747902
9613,1.996728406,0.1143489047,3.137176432
9614,0.5103353915,1.933793626,3.137252406
9615,1.306424049,1.514350093,3.137241116
9616,0.8308818162,1.819240338,3.137293241
9617,0.07941261232,1.998422787,3.13738262
9618,1.724386529,1.01315897,3.1372671
9619,1.808129746,0.8547905134,3.137118677
9620,0.4604064037,1.946285165,3.137197206
9621,1.343107878,1.481911343,3.137179186
9622,1.614573669,1.180318545,3.137098481
9623,1.495832703,1.327585976,3.1370484
9624,0.7350251741,1.860037095,3.137108981
9625,0.7474545523,1.855077274,3.137168518
9626,1.742017672,0.9825346971,3.137046754
9627,1.056907912,1.697923928,3.137073637
9628,0.2081415446,1.989139788,3.137161007
9629,1.522723004,1.296655179,3.137104527
9630,1.763282705,0.9438400826,3.136974784
9631,1.348286461,1.47720128,3.136955827
9632,1.078195622,1.684486332,3.136979915
9633,0.8263213166,1.821316305,3.137032407
9634,0.3950700298,1.960591664,3.137113801
9635,0.727356129,1.863049399,3.137174931
9636,1.760862237,0.9483481328,3.137046197
9637,0.5970718035,1.90879681,3.137116815
9638,1.281822038,1.535230362,3.137109899
9639,0.4187542697,1.955669927,3.137190222
9640,0.5021779303,1.935928027,3.137266432
9641,1.179795876,1.614955631,3.137276042
9642,1.212077439,1.590870291,3.137280653
9643,0.7825565279,1.840544833,3.137337047
9644,1.381440273,1.446244368,3.137311659
9645,1.789415847,0.893303379,3.137171617
9646,0.3068107544,1.976326684,3.137256158
9647,0.7517963715,1.853321941,3.13731518
9648,1.090803898,1.676349265,3.137337504
9649,1.8559424,0.745303836,3.137166841
9650,1.330415841,1.49331634,3.137151241
9651,0.02007656887,1.99989923,3.137240626
9652,1.339977284,1.484742698,3.137223245
9653,0.4139720921,1.95668779,3.137303651
9654,1.17687886,1.617082605,3.137313684
9655,0.8454740263,1.812504806,3.137364196
9656,1.264084268,1.549868047,3.137360299
9657,1.976877513,0.3032413203,3.137098222
9658,1.751364661,0.965775246,3.136973399
9659,0.09233890263,1.997867245,3.137062306
9660,0.8260314464,1.821447789,3.13711467
9661,0.4725733695,1.943366772,3.137192262
9662,1.525801669,1.293031038,3.137135221
9663,1.442389082,1.38546517,3.137097324
9664,0.8615707771,1.804908805,3.137146239
9665,0.5067707357,1.93473084,3.137222009
9666,1.821222292,0.8265285021,3.137068464
9667,0.003945823478,1.999996108,3.137157729
9668,1.187281642,1.609460252,3.137166186
9669,1.07538276,1.686283464,3.137190532
9670,1.52478608,1.2942285,3.137133786
9671,0.3563150374,1.968003962,3.137216391
9672,1.352022758,1.473782366,3.137196783
9673,1.212741017,1.590364495,3.137201283
9674,0.9396833852,1.765501384,3.137241991
9675,1.083245825,1.681243136,3.137265272
9676,0.2063714528,1.989324213,3.137352227
9677,0.1231684013,1.996203783,3.137440587
9678,1.850524786,0.758655401,3.137273184
9679,0.009919674299,1.9999754,3.137362312
9680,0.6154036479,1.902965672,3.137431379
9681,0.7722518515,1.844892159,3.137488435
9682,0.4026199466,1.959055175,3.137569061
9683,0.03746861231,1.999648995,3.137658055
9684,0.6048110822,1.906358716,3.137727764
9685,0.2915485922,1.978635747,3.137812383
9686,1.405750714,1.422626068,3.137782179
9687,0.2197790891,1.987887611,3.137868686
9688,1.478826479,1.346503712,3.137822767
9689,0.7092728514,1.870008562,3.13788492
9690,1.047033535,1.704030744,3.137912802
9691,0.2666684062,1.982142266,3.137998074
9692,0.9829393834,1.741789358,3.13803373
9693,1.652698137,1.126316504,3.137942386
9694,1.797316504,0.8772989139,3.137799684
9695,0.4406991275,1.950841941,3.137878476
9696,0.4588994353,1.946641032,3.137956385
9697,0.4423788677,1.950461724,3.138035066
9698,0.1128771921,1.996812144,3.138123289
9699,1.4415918,1.386294731,3.138085601
9700,1.94612957,0.4610636589,3.137857152
9701,0.8141966119,1.826768698,3.137910309
9702,1.547478678,1.267008185,3.137848065
9703,0.5463030259,1.923942048,3.137921242
9704,1.272347457,1.543091685,3.13791591
9705,0.1319956809,1.995639532,3.138003841
9706,1.109559998,1.663994174,3.138023414
9707,1.517352353,1.302935852,3.137968593
9708,0.7360538236,1.859630277,3.138028471
9709,0.524703188,1.929944705,3.13810282
9710,1.398587909,1.429668444,3.138074111
9711,1.815651976,0.8386941644,3.137923696
9712,1.738018842,0.9895910788,3.137804385
9713,0.548369032,1.923354207,3.13787737
9714,0.6875132256,1.878117559,3.137941027
9715,0.4597302158,1.946444998,3.138018736
9716,1.177827571,1.616391727,3.13802849
9717,1.955225742,0.4208233576,3.137792164
9718,0.3855949175,1.962477149,3.137873164
9719,1.923080708,0.5493273983,3.137663346
9720,1.317191012,1.504994299,3.137650211
9721,1.324744691,1.498349593,3.137635711
9722,1.618933453,1.174331501,3.137554558
9723,1.602627633,1.196488475,3.137477979
9724,1.62793321,1.161823336,3.137394286
9725,1.089846332,1.676971965,3.137416553
9726,1.685480474,1.076640875,3.137315367
9727,0.5400360778,1.925710527,3.137388782
9728,1.993394082,0.1624193171,3.137099663
9729,0.3240525463,1.973572889,3.137182924
9730,1.221442354,1.58369144,3.137186028
9731,0.1797786573,1.99190352,3.13727303
9732,0.8090200988,1.829067106,3.137326551
9733,0.123321938,1.996194304,3.137414403
9734,0.1022992069,1.997382005,3.13750248
9735,1.709264616,1.038467367,3.137393537
9736,0.03065381888,1.999765072,3.137482088
9737,1.806701489,0.857805182,3.13733606
9738,0.4046547853,1.958635879,3.137416152
9739,0.669794623,1.884509263,3.137481005
9740,1.774062962,0.9234178941,3.137348495
9741,1.765060995,0.9405103313,3.137219522
9742,1.898038037,0.6304376328,3.137026919
9743,0.08851065809,1.998040506,3.13711509
9744,0.1775174473,1.992106311,3.137202025
9745,0.1240810222,1.996147264,3.137289772
9746,1.419647558,1.408758606,3.137256962
9747,1.683656259,1.079491363,3.137156595
9748,1.788226058,0.895682738,3.137018537
9749,0.2351858574,1.986123766,3.13710421
9750,1.004081488,1.729687939,3.137137263
9751,1.036470421,1.710476269,3.13716637
9752,0.07643200947,1.998539003,3.137254548
9753,0.6743871853,1.882870661,3.137318988
9754,1.603510939,1.195304425,3.137242434
9755,1.427569958,1.400729815,3.137208012
9756,1.579176081,1.227274585,3.137138039
9757,0.08608108885,1.998146653,3.137226094
9758,0.5715817866,1.916584008,3.137297414
9759,1.401647561,1.426668887,3.137268317
9760,1.809203007,0.8525165559,3.137121572
9761,1.327468161,1.495937258,3.137106691
9762,1.667234512,1.104685059,3.137011656
9763,1.199089526,1.600682451,3.137018247
9764,1.986032545,0.2359549366,3.136745295
9765,0.09298076924,1.997837475,3.136833255
9766,1.646297322,1.135651851,3.136744628
9767,1.94704531,0.4571811049,3.136517088
9768,1.923378682,0.5482831803,3.136308248
9769,0.8386880612,1.815654795,3.136358919
9770,1.904056955,0.6120188829,3.136163185
9771,1.875692475,0.6941021112,3.135984292
9772,0.06496424238,1.998944633,3.136072494
9773,0.9999418838,1.73208436,3.136106065
9774,0.4066026015,1.958232449,3.136185906
9775,0.9751603263,1.746156447,3.136222338
9776,0.6744970994,1.882831289,3.136286724
9777,1.353868636,1.472086858,3.136267075
9778,1.276849547,1.539368453,3.136261191
9779,0.8358262897,1.816973972,3.136312085
9780,1.422306182,1.406074367,3.136278939
9781,1.278946588,1.537626621,3.1362727
9782,0.09000417911,1.997973786,3.136360583
9783,1.815561219,0.8388906118,3.13621149
9784,1.737621568,0.9902884862,3.136093375
9785,1.486262041,1.338291876,3.136046415
9786,0.6863220938,1.878553162,3.136109879
9787,1.388409773,1.439554897,3.136083619
9788,1.718751243,1.022689672,3.135972187
9789,0.03187736651,1.999745942,3.1360604
9790,1.817946331,0.8337092646,3.135910385
9791,0.6228518043,1.900540878,3.135978322
9792,0.7864182684,1.838898123,3.136033655
9793,0.2559935721,1.983549165,3.136118518
9794,1.060162119,1.695893948,3.136144623
9795,0.7197017226,1.866019676,3.13620546
9796,0.9818429957,1.742407625,3.136241047
9797,1.387435534,1.440493888,3.136214992
9798,0.7383848689,1.858705944,3.13627431
9799,1.492463883,1.331372059,3.136225986
9800,1.313782724,1.507970475,3.136213712
9801,0.5477596726,1.923527837,3.136286239
9802,0.6270670634,1.899154259,3.136353779
9803,1.092859385,1.675009959,3.136375575
9804,0.4796790691,1.94162509,3.136451756
9805,0.7376915459,1.858981222,3.136511063
9806,1.159959424,1.629261838,3.136523506
9807,1.210769275,1.591866126,3.136528319
9808,0.4663788178,1.944862668,3.136605114
9809,0.2378263262,1.985809316,3.136690241
9810,0.01701505554,1.999927621,3.136778229
9811,1.045715804,1.704839716,3.136806045
9812,1.218802979,1.585723589,3.136809576
9813,0.2000651837,1.989968322,3.136895495
9814,0.7052425369,1.87153225,3.136957261
9815,1.289930464,1.528423828,3.136949099
9816,0.3568607649,1.967905078,3.137030482
9817,1.705624054,1.044436014,3.136923713
9818,1.3459328,1.479346104,3.136905559
9819,0.2555587169,1.983605238,3.13699012
9820,1.759448726,0.9509680227,3.136864351
9821,0.653993584,1.890050897,3.136929847
9822,0.5229041247,1.930432925,3.137003552
9823,1.540210247,1.275834,3.136943964
9824,1.319536362,1.502938385,3.136930623
9825,0.2819882669,1.980020863,3.1370144
9826,0.2961576481,1.977951124,3.137097739
9827,0.8035289012,1.831486092,3.137151252
9828,1.674619068,1.093458265,3.137054566
9829,0.5240989576,1.930108878,3.13712814
9830,0.2966837839,1.977872274,3.137211417
9831,1.708237214,1.040156536,3.137103911
9832,0.7018795147,1.872796077,3.137165799
9833,1.182569848,1.612925465,3.137174818
9834,1.337531872,1.486946028,3.137158214
9835,0.06411190093,1.998972152,3.137245737
9836,0.9475852481,1.761272891,3.13728491
9837,0.3746049528,1.964604573,3.137365414
9838,0.4033805223,1.95889871,3.137444743
9839,1.928664486,0.5293895537,3.137233475
9840,0.8827736892,1.794633838,3.137279413
9841,0.9137364287,1.779068784,3.137322179
9842,0.09659208442,1.997666131,3.137409357
9843,0.5125465828,1.933208732,3.137483421
9844,0.7366071981,1.859411153,3.137542476
9845,1.742547141,0.9815953646,3.137423192
9846,0.5969837465,1.908824352,3.137492278
9847,0.2299215263,1.986740066,3.137577176
9848,1.825010743,0.8181294447,3.137424727
9849,1.589170137,1.214305676,3.137352759
9850,0.515092391,1.932531974,3.137426638
9851,0.7272851545,1.863077106,3.137486402
9852,0.2734914848,1.981212358,3.137570135
9853,0.941565372,1.764498413,3.137609861
9854,0.1765056006,1.992196218,3.137695794
9855,0.5091202829,1.934113889,3.137769922
9856,0.8643741935,1.803567923,3.137817545
9857,1.033321294,1.712380537,3.137846655
9858,0.7162480154,1.867348061,3.1379072
9859,1.309999397,1.511258277,3.137895496
9860,0.05874816024,1.999136977,3.137982755
9861,0.787094423,1.838608814,3.138037439
9862,0.7577981803,1.850875987,3.138094599
9863,1.542297842,1.273309611,3.13803463
9864,1.388229304,1.439728933,3.138008416
9865,0.3826389946,1.963055628,3.138088305
9866,0.6815093984,1.880304481,3.138151402
9867,0.1020237827,1.997396092,3.138238221
9868,1.884902936,0.6686859669,3.138055725
9869,1.010152196,1.726149629,3.138087567
9870,0.8626936673,1.804372366,3.138135252
9871,0.05460317071,1.999254484,3.138222414
9872,0.4883133131,1.939471605,3.138297447
9873,0.9221583579,1.774717995,3.138339089
9874,1.244925868,1.56529856,3.138338305
9875,1.017354561,1.721914544,3.138369241
9876,0.6538428921,1.890103032,3.138434231
9877,1.056347998,1.69827233,3.138460363
9878,0.6204854092,1.901314771,3.1385276
9879,1.969586764,0.3474593226,3.138280246
9880,0.5653734776,1.91842457,3.138350952
9881,1.178007247,1.616260786,3.138360482
9882,0.01164894263,1.999966075,3.138447668
9883,1.823420478,0.8216676694,3.138296387
9884,1.710829018,1.03588806,3.138188483
9885,1.537463547,1.27914262,3.138129818
9886,1.557230133,1.25500371,3.138066282
9887,0.5867893459,1.911982809,3.138135656
9888,0.8042353192,1.831176002,3.138188671
9889,1.207374702,1.594442326,3.138193798
9890,0.7265831597,1.86335099,3.138253303
9891,0.6503575624,1.891305116,3.138318449
9892,1.627748541,1.162082049,3.138236144
9893,0.6019113848,1.907276248,3.138304508
9894,1.735971576,0.9931780747,3.138188079
9895,1.515746209,1.304803982,3.13813466
9896,1.385064534,1.4427738,3.138109135
9897,1.888455831,0.6585852833,3.137925147
9898,1.020145012,1.720262815,3.137955718
9899,0.7347181794,1.86015838,3.138014549
9900,1.772906486,0.9256363176,3.137884575
9901,0.9035533537,1.784262127,3.137928069
9902,0.4849444259,1.940316702,3.138003075
9903,0.08224969182,1.998308031,3.138089777
9904,0.1128162866,1.996815586,3.138176161
9905,1.342755442,1.482230692,3.138158623
9906,0.2019694032,1.989775957,3.13824356
9907,0.7295703911,1.862183408,3.138302723
9908,0.2400370614,1.985543303,3.138386775
9909,0.44071784,1.950837714,3.138463804
9910,0.05334754898,1.999288383,3.138550597
9911,0.4721078625,1.943479911,3.13862611
9912,0.002267411872,1.999998715,3.138713012
9913,1.51867229,1.301397125,3.138658949
9914,0.3001727733,1.977345773,3.138741261
9915,1.50736635,1.314475822,3.138689845
9916,1.999929329,0.01681311836,3.138376708
9917,0.9399628895,1.76535259,3.138416269
9918,0.2168222919,1.988212286,3.138500763
9919,0.3712308129,1.965244942,3.138580608
9920,0.9848918826,1.740686066,3.138615164
9921,0.5617606924,1.919485589,3.138685757
9922,1.792885697,0.8863187221,3.138548079
9923,1.111258775,1.662860167,3.138566941
9924,1.620447826,1.17224095,3.138486924
9925,0.1297839854,1.995784587,3.138572877
9926,0.8764371828,1.797736873,3.138618908
9927,1.278266785,1.538191804,3.138612639
9928,1.531457495,1.286327307,3.138555632
9929,1.646334794,1.135597528,3.138468276
9930,0.2113340633,1.988803136,3.138552781
9931,1.487047007,1.337419605,3.138506088
9932,0.276909813,1.980737478,3.138588948
9933,0.1852531442,1.991401836,3.138673939
9934,0.6786939885,1.881322532,3.138736751
9935,1.069963387,1.689727301,3.13876098
9936,0.08818622082,1.998054852,3.138847267
9937,0.1013961936,1.997428049,3.138933411
9938,1.959385205,0.4010107459,3.138698262
9939,0.9423695145,1.764069074,3.138737445
9940,1.079700361,1.683522239,3.138760413
9941,0.8033579084,1.831561102,3.138813161
9942,1.940048158,0.4860176389,3.138595219
9943,1.494360707,1.32924267,3.138546933
9944,1.830024445,0.8068522354,3.13839359
9945,1.419903159,1.408500983,3.138361273
9946,1.647850077,1.133397601,3.138273643
9947,0.7654213768,1.847736484,3.13832966
9948,1.352521886,1.473324319,3.138310391
9949,0.2936647288,1.978322781,3.138392644
9950,1.919218994,0.5626708215,3.138190328
9951,1.802888433,0.8657905626,3.138048974
9952,0.8241808234,1.822285919,3.138099871
9953,1.569722741,1.239342776,3.138033618
9954,1.228543862,1.578188828,3.138035461
9955,0.4871976712,1.939752157,3.138109943
9956,0.873291252,1.799267181,3.138156189
9957,0.9758600938,1.74576547,3.138191679
9958,1.111170855,1.662918919,3.138210523
9959,1.421075667,1.407317999,3.138178032
9960,1.320716262,1.501901646,3.138164541
9961,0.1836414509,1.991551108,3.138249365
9962,1.285678988,1.532001808,3.138241912
9963,0.5987699006,1.908264816,3.138309993
9964,1.973979899,0.321563925,3.138059573
9965,0.1351258772,1.995430028,3.138145153
9966,1.764993475,0.9406370365,3.138019037
9967,0.2290435926,1.986841471,3.13810288
9968,1.255361529,1.556941691,3.13810045
9969,0.876729374,1.797594394,3.138146301
9970,1.599181784,1.201090181,3.138072483
9971,0.3155982759,1.974942462,3.1381539
9972,0.5437964782,1.924652018,3.138225215
9973,1.109601652,1.663966398,3.138244237
9974,0.8795180025,1.796231634,3.138289778
9975,0.9833573597,1.741553417,3.138324346
9976,1.038674144,1.709138971,3.138352408
9977,0.9553268849,1.75708581,3.138390077
9978,1.236231278,1.572174363,3.138390674
9979,1.362247149,1.464336951,3.138369658
9980,0.2150210097,1.988407897,3.138453671
9981,1.37806368,1.449462139,3.138429672
9982,0.4145631532,1.956562647,3.138507282
9983,1.742980249,0.9808261062,3.138389396
9984,1.338579523,1.486002981,3.138372731
9985,1.715203692,1.028628356,3.138264457
9986,1.099541906,1.670630898,3.138284785
9987,0.6902589911,1.877110153,3.138346459
9988,1.121046842,1.656277144,3.1383639
9989,0.08438971364,1.998218801,3.138449802
9990,1.843714431,0.7750594141,3.13829081
9991,0.9182653509,1.776735418,3.138332366
9992,0.004416819103,1.999995123,3.1384186
9993,0.2453817499,1.98488987,3.138501795
9994,0.04589125546,1.999473429,3.138587891
9995,0.4982046227,1.93695435,3.13866146
9996,0.2412975957,1.985390508,3.138744705
9997,1.73889189,0.9880561707,3.138628407
9998,1.73534446,0.994273406,3.138513376
9999,1.120286744,1.65679136,3.138530884
10000,0.01768373264,1.99992182,3.138617016
