Iteration,X,Y,F_X,Is_Hit,Integral_Estimate
1,0.1563238427,0.4455039579,1.993881355,1,4
2,1.486226273,1.437638789,1.338331598,0,2
3,0.2889675129,0.6456948375,1.979014345,1,2.666666667
4,0.3234093071,1.886979528,1.973678398,1,3
5,1.639805724,1.743944507,1.145005322,0,2.4
6,0.9015413907,0.2628550082,1.785279564,1,2.666666667
7,1.669324958,1.055755367,1.101523574,1,2.857142857
8,1.318021088,0.798366825,1.5042674,1,3
9,0.6177652457,0.9469591443,1.902200332,1,3.111111111
10,1.364152904,0.8103372256,1.462561744,1,3.2
11,1.355653974,0.5785972453,1.470442894,1,3.272727273
12,0.7839709775,0.9785392764,1.8399428,1,3.333333333
13,1.996312468,1.092185743,0.1213941182,0,3.076923077
14,1.866132669,1.793368835,0.7194086884,0,2.857142857
15,0.2467235782,1.227569344,1.984723526,1,2.933333333
16,1.776035796,0.8204505397,0.919617774,1,3
17,0.8314552733,0.7820640504,1.81897832,1,3.058823529
18,1.798036826,1.111953673,0.8758216559,0,2.888888889
19,0.8518500069,1.944985508,1.809516943,0,2.736842105
20,0.577659227,0.8069528702,1.914761034,1,2.8
21,1.466216887,0.001642836073,1.360223526,1,2.857142857
22,0.01816266627,0.2879437527,1.999917528,1,2.909090909
23,0.3565685405,1.767298706,1.967958047,1,2.956521739
24,1.65398394,1.322531928,1.124427467,0,2.833333333
25,1.355732868,0.1753352556,1.470370155,1,2.88
26,1.21156417,1.095668343,1.591261218,1,2.923076923
27,1.102420278,1.233136122,1.668732912,1,2.962962963
28,0.3801131576,1.85051494,1.963546278,1,3
29,1.00166848,0.6350198401,1.731086438,1,3.034482759
30,1.913853221,1.026544727,0.5806598383,0,2.933333333
31,1.819478067,1.192431486,0.8303611035,0,2.838709677
32,1.329339636,0.3027326169,1.49427445,1,2.875
33,0.889926211,0.4471798322,1.791097803,1,2.909090909
34,0.2184132784,1.766801265,1.988038138,1,2.941176471
35,1.502610684,0.3000175015,1.319909517,1,2.971428571
36,0.5103408923,0.9617593761,1.933792174,1,3
37,0.7259248614,0.4185015734,1.863607549,1,3.027027027
38,0.3154230624,1.962128622,1.974970453,1,3.052631579
39,1.040018423,0.1173956672,1.708321304,1,3.076923077
40,0.2364733382,0.5750605627,1.985970886,1,3.1
41,0.3729946463,0.1058768026,1.964910938,1,3.12195122
42,1.056000189,1.334242512,1.698488622,1,3.142857143
43,0.6717848825,1.337143676,1.883800699,1,3.162790698
44,0.3850207741,0.7847440316,1.962589871,1,3.181818182
45,1.963240525,0.5299754883,0.3816891927,0,3.111111111
46,1.751234237,1.112995839,0.9660117215,0,3.043478261
47,0.8685833951,0.7878141379,1.801544583,1,3.063829787
48,0.07257881197,0.08027676252,1.998682645,1,3.083333333
49,0.9446008301,0.1741206493,1.762875285,1,3.102040816
50,0.345080298,0.5976273671,1.970004972,1,3.12
51,1.763861066,0.1971963121,0.9427587915,1,3.137254902
52,1.619361361,1.597435106,1.173741361,0,3.076923077
53,0.4186395968,0.6799648107,1.955694477,1,3.094339623
54,0.673555829,1.169178708,1.88316822,1,3.111111111
55,1.335246706,1.812271451,1.4889984,0,3.054545455
56,0.04454011132,0.6535007998,1.999503983,1,3.071428571
57,1.78178531,1.280910661,0.9084278228,0,3.01754386
58,0.06591676367,0.5243572352,1.99891345,1,3.034482759
59,1.139006244,1.216744706,1.643978338,1,3.050847458
60,1.807050131,0.4473350051,0.8570704898,1,3.066666667
61,0.7660658432,1.639462289,1.847469384,1,3.081967213
62,0.3899102956,1.04473081,1.961624317,1,3.096774194
63,1.185825041,0.8977663647,1.610533754,1,3.111111111
64,0.7441983218,0.8764833595,1.856385967,1,3.125
65,1.738110185,1.967739735,0.9894306365,0,3.076923077
66,0.3682201427,1.484171233,1.965811264,1,3.090909091
67,1.846520728,1.490072519,0.7683496615,0,3.044776119
68,1.995984905,1.732007019,0.1266659309,0,3
69,1.649524015,1.472993926,1.13096,0,2.956521739
70,0.6071015734,0.1836770031,1.90563052,1,2.971428571
71,1.391341156,1.139098395,1.43672189,1,2.985915493
72,1.262761024,0.06812937926,1.550946355,1,3
73,0.3114939396,0.8930040812,1.975593968,1,3.01369863
74,0.5885186851,1.209360878,1.911451218,1,3.027027027
75,0.9212392782,0.3498100741,1.775195255,1,3.04
76,1.323059701,1.14869111,1.499837667,1,3.052631579
77,1.816397598,1.896513765,0.837078113,0,3.012987013
78,1.259231029,1.870997642,1.553813765,0,2.974358974
79,1.493567759,1.139051848,1.330133583,1,2.987341772
80,0.7872708101,1.583445447,1.838533294,1,3
81,1.971249333,1.208760444,0.337899492,0,2.962962963
82,1.859841547,0.6228131969,0.7355198303,1,2.975609756
83,0.1317309883,0.6254973408,1.995657021,1,2.987951807
84,0.7631496264,1.987327844,1.848675917,0,2.952380952
85,0.3220860114,0.553588063,1.97389478,1,2.964705882
86,1.320526791,0.464597711,1.502068239,1,2.976744186
87,0.8949833987,1.454468209,1.78857617,1,2.988505747
88,1.547113678,1.715466972,1.267453852,0,2.954545455
89,0.9279325654,0.2036083672,1.771705719,1,2.966292135
90,0.4759244652,1.848795095,1.942548816,1,2.977777778
91,1.01569696,1.949706523,1.722892825,0,2.945054945
92,0.3608481827,1.214299582,1.967177823,1,2.956521739
93,0.907598258,0.7443731354,1.782208013,1,2.967741935
94,1.050652966,1.875019662,1.7018015,0,2.936170213
95,1.124329664,0.2684847838,1.654050424,1,2.947368421
96,0.7236584757,1.875292107,1.86448878,0,2.916666667
97,0.06590266561,1.080099635,1.998913915,1,2.927835052
98,1.040829667,1.108729339,1.707827159,1,2.93877551
99,1.03743177,0.9608989531,1.709893366,1,2.949494949
100,0.8473770047,1.476467498,1.811615912,1,2.96
101,0.5603022326,0.2562445925,1.919911823,1,2.97029703
102,0.6933852625,1.569369358,1.87595759,1,2.980392157
103,0.5275464364,1.091483075,1.929169448,1,2.990291262
104,1.400303383,1.732075449,1.427988248,0,2.961538462
105,1.652943406,1.605224309,1.125956525,0,2.933333333
106,0.5225680215,1.365586693,1.930523935,1,2.943396226
107,0.5070965897,0.2860334164,1.934645458,1,2.953271028
108,0.5356475117,1.126795666,1.926935843,1,2.962962963
109,0.7752764847,0.4274237786,1.843623164,1,2.972477064
110,1.44505642,1.827283166,1.382682878,0,2.945454545
111,0.8208974058,0.03738544299,1.823767378,1,2.954954955
112,1.716117335,1.305437692,1.02710335,0,2.928571429
113,0.8171071219,0.3096568185,1.825468694,1,2.938053097
114,1.240924407,1.250865956,1.568472702,1,2.947368421
115,0.8870513185,0.0375477846,1.792523349,1,2.956521739
116,0.6426630982,1.000727657,1.89393351,1,2.965517241
117,0.9345049871,1.583696,1.768247842,1,2.974358974
118,0.9102016439,0.06466436419,1.78087983,1,2.983050847
119,1.905433143,0.4640430986,0.6077207738,1,2.991596639
120,0.7103109446,0.3821119949,1.869614496,1,3
121,1.159509206,0.6175602283,1.629582278,1,3.008264463
122,0.7959400259,0.1393983417,1.834796848,1,3.016393443
123,0.9862583462,1.422679488,1.739912203,1,3.024390244
124,1.338314033,0.9002614614,1.48624209,1,3.032258065
125,1.373247129,0.2827838448,1.454026246,1,3.04
126,1.455098805,1.870224862,1.372110589,0,3.015873016
127,1.137847106,0.04459325026,1.644780826,1,3.023622047
128,1.830058168,1.412061418,0.8067757451,0,3
129,0.03074391087,0.1792760151,1.999763689,1,3.007751938
130,1.690334121,1.96331728,1.069004471,0,2.984615385
131,0.05688576804,1.825553534,1.999190839,1,2.992366412
132,0.3299823927,1.579391175,1.972590079,1,3
133,1.031673041,1.852703509,1.71337408,0,2.977443609
134,0.1984391457,0.5471938162,1.990131128,1,2.985074627
135,1.296899469,0.3021939149,1.522514948,1,2.992592593
136,1.310239327,0.6820414514,1.511050266,1,3
137,0.78533067,1.732759718,1.839362862,1,3.00729927
138,0.2627598241,1.856978565,1.982664186,1,3.014492754
139,1.736343251,0.4237283321,0.9925281432,1,3.021582734
140,1.226629341,1.914644413,1.579677328,0,3
141,0.8519478587,1.517084661,1.809470875,1,3.007092199
142,0.2190427162,1.69701142,1.987968885,1,3.014084507
143,0.5459828048,0.69139927,1.924032946,1,3.020979021
144,0.9924548985,1.18882891,1.736385117,1,3.027777778
145,0.3916581782,0.5526042048,1.961276082,1,3.034482759
146,1.41369362,0.5501571316,1.414733313,1,3.04109589
147,0.3455798696,1.850920053,1.969917398,1,3.047619048
148,1.582199151,0.707165787,1.223374778,1,3.054054054
149,0.2771314826,0.1936152211,1.980706475,1,3.060402685
150,1.401788813,0.5016160461,1.426530099,1,3.066666667
151,1.253348493,0.5062877577,1.558562657,1,3.072847682
152,1.758491219,0.3790481669,0.952737441,1,3.078947368
153,0.3937921109,0.2544531763,1.960848738,1,3.08496732
154,0.6005583452,0.6706260753,1.907702722,1,3.090909091
155,0.1909554397,0.3481863049,1.990863134,1,3.096774194
156,0.7167516378,0.6384307,1.867154811,1,3.102564103
157,0.9068947731,0.9728931222,1.782566091,1,3.108280255
158,1.610228573,0.5872547468,1.186239412,1,3.113924051
159,0.7470678288,1.655046608,1.855233047,1,3.119496855
160,0.621463034,1.883986744,1.900995449,1,3.125
161,1.322480826,1.002040902,1.500348115,1,3.130434783
162,0.4393765243,1.581800306,1.951140249,1,3.135802469
163,0.575027024,0.432503721,1.915553163,1,3.141104294
164,0.1822815324,1.308040636,1.991676039,1,3.146341463
165,0.5343308043,1.743502808,1.927301375,1,3.151515152
166,1.43564878,1.468879875,1.392448412,0,3.13253012
167,1.539956819,0.8502045589,1.276139881,1,3.137724551
168,1.233991712,1.702518509,1.573932799,0,3.119047619
169,1.52831559,1.385034471,1.290058703,0,3.100591716
170,1.874787808,1.838697465,0.6965419417,0,3.082352941
171,0.1855716845,1.05483882,1.991372178,1,3.087719298
172,0.005862517308,0.1244663452,1.999991408,1,3.093023256
173,0.4262000006,0.6990952412,1.954060787,1,3.098265896
174,1.201606349,1.512895221,1.598793977,1,3.103448276
175,1.928689804,0.9172038109,0.5292973063,0,3.085714286
176,0.417433152,0.4892908126,1.955952342,1,3.090909091
177,1.762983919,0.760432786,0.9443980628,1,3.096045198
178,1.084687697,1.402670363,1.680313245,1,3.101123596
179,1.141714095,1.765209646,1.642098939,0,3.083798883
180,0.2485717271,1.222091402,1.984492907,1,3.088888889
181,0.3467463351,0.6206127584,1.96971241,1,3.093922652
182,0.5253851177,1.33129609,1.929759176,1,3.098901099
183,0.6762197357,1.298236914,1.88221329,1,3.103825137
184,1.421890029,0.3283766506,1.406495199,1,3.108695652
185,1.573690819,1.734144838,1.23430029,0,3.091891892
186,1.51617346,0.899291292,1.304307494,1,3.096774194
187,0.4037580763,0.4151173936,1.958820925,1,3.101604278
188,0.6316790739,0.1197280202,1.897625239,1,3.106382979
189,0.6135911573,0.422777143,1.903550864,1,3.111111111
190,1.02767444,1.513934983,1.715775406,1,3.115789474
191,0.9035101004,0.3282193949,1.78428403,1,3.120418848
192,1.241393544,0.5942860247,1.568101422,1,3.125
193,1.538141084,1.008852111,1.278327817,1,3.129533679
194,0.08065019861,0.3879751336,1.998373225,1,3.134020619
195,0.4248557441,0.5462506383,1.954353498,1,3.138461538
196,1.890403346,1.946952004,0.6529741119,0,3.12244898
197,0.3099224826,1.479725158,1.975841101,1,3.126903553
198,0.04270509343,0.8856907448,1.999544017,1,3.131313131
199,1.566045488,0.2105169957,1.243986145,1,3.135678392
200,1.636816887,1.007370113,1.149273892,1,3.14
201,0.4804331502,0.9590508294,1.941438639,1,3.144278607
202,1.499074347,0.898941372,1.323924508,1,3.148514851
203,0.2797937337,1.031469556,1.980332161,1,3.15270936
204,0.6242280205,0.9594346253,1.900089308,1,3.156862745
205,1.753644579,0.5347623718,0.9616291847,1,3.16097561
206,0.9796531285,1.752395479,1.743639799,0,3.145631068
207,0.516611285,0.344148396,1.932126492,1,3.149758454
208,0.4857275353,0.7342819417,1.940120811,1,3.153846154
209,0.06259018619,0.7538238303,1.999020377,1,3.157894737
210,1.629633091,0.5130518179,1.15943779,1,3.161904762
211,0.205417112,0.1534204451,1.989422984,1,3.165876777
212,0.7340773437,1.414328025,1.860411367,1,3.169811321
213,0.1158318206,0.9716783047,1.99664293,1,3.17370892
214,1.396107524,1.956411183,1.432090703,0,3.158878505
215,0.4782332023,0.2870504468,1.941981721,1,3.162790698
216,0.3132144796,1.387125312,1.975321921,1,3.166666667
217,1.506852252,1.245350847,1.315065128,1,3.170506912
218,1.541161983,1.100656595,1.274684174,1,3.174311927
219,1.111006233,1.562650206,1.663028909,1,3.178082192
220,1.281362456,1.972620103,1.535613967,0,3.163636364
221,0.3619791013,0.01799044266,1.966970038,1,3.167420814
222,1.797894,0.6587852773,0.8761148133,1,3.171171171
223,1.28955418,0.3727752165,1.528741318,1,3.174887892
224,0.788229215,0.9818018728,1.838122603,1,3.178571429
225,0.5112571257,1.685812294,1.933550142,1,3.182222222
226,0.7987096359,1.875151129,1.833592899,0,3.168141593
227,0.5967982973,1.498601912,1.908882341,1,3.171806167
228,0.8167374981,0.1399001429,1.825634098,1,3.175438596
229,0.8138764272,1.2627134,1.826911372,1,3.179039301
230,0.6932643186,0.2069022665,1.876002288,1,3.182608696
231,1.041815282,1.583224356,1.707226089,1,3.186147186
232,1.762845101,1.356808261,0.9446571593,0,3.172413793
233,0.3469928829,0.5475768662,1.969668992,1,3.175965665
234,0.2719116897,1.725278672,1.981429795,1,3.179487179
235,1.971953731,1.267881426,0.333764112,0,3.165957447
236,1.842737131,0.6079967446,0.7773801293,1,3.169491525
237,1.379439198,0.2112388214,1.448153134,1,3.172995781
238,0.6309330382,1.934044805,1.897873416,0,3.159663866
239,0.7622272412,0.7392881111,1.849056417,1,3.163179916
240,0.06511843702,1.106003261,1.998939616,1,3.166666667
241,0.4303869495,1.987520073,1.953142871,0,3.153526971
242,1.57719234,0.4855441512,1.229822882,1,3.157024793
243,0.4794285348,0.4160215416,1.941686968,1,3.160493827
244,0.113274191,1.298443013,1.996789663,1,3.163934426
245,1.311424967,0.5410309576,1.510021376,1,3.167346939
246,0.7746157742,0.08388723429,1.843900866,1,3.170731707
247,1.762841068,0.6519607585,0.9446646858,1,3.174089069
248,0.3942710087,1.379830831,1.960752501,1,3.177419355
249,0.6015235485,1.670754837,1.9073986,1,3.180722892
250,0.2398954189,1.382213422,1.985560422,1,3.184
251,1.350932587,0.4689653307,1.474781728,1,3.187250996
252,0.6120016357,0.4611790606,1.904062498,1,3.19047619
253,1.319546729,1.94974608,1.502929283,0,3.177865613
254,0.4305311834,1.135596159,1.953111082,1,3.181102362
255,1.62473324,0.1766051599,1.166294087,1,3.184313725
256,1.859822589,0.8619559528,0.7355677664,0,3.171875
257,1.753938125,1.476777688,0.9610936755,0,3.159533074
258,1.79747066,1.73215478,0.8769830262,0,3.147286822
259,0.9932532216,1.877770725,1.735928581,0,3.135135135
260,1.441773221,1.912726573,1.386106049,0,3.123076923
261,0.7603159894,0.1484359,1.849843127,1,3.126436782
262,1.956594588,1.743968358,0.4144123793,0,3.114503817
263,0.1281828678,0.8486087708,1.995888061,1,3.117870722
264,0.9379749946,0.3505958516,1.76640961,1,3.121212121
265,0.4692696702,0.2347024039,1.944167168,1,3.124528302
266,0.7156395659,1.20612027,1.867581327,1,3.127819549
267,0.2955898688,1.270252592,1.978036054,1,3.131086142
268,1.774936844,1.884871676,0.9217370553,0,3.119402985
269,1.903319991,0.01090604231,0.6143069351,1,3.12267658
270,0.3926975308,1.375319861,1.961068242,1,3.125925926
271,1.328163426,0.408745001,1.495320004,1,3.129151292
272,0.7669103775,0.5385529166,1.847118966,1,3.132352941
273,1.26313974,0.8062189068,1.550637932,1,3.135531136
274,0.2065878079,1.720107045,1.989301756,1,3.138686131
275,1.2083102,1.73268412,1.593733497,0,3.127272727
276,1.609057991,0.3492652387,1.187826748,1,3.130434783
277,0.2432842896,1.5137572,1.985148043,1,3.133574007
278,1.2090019,0.6189776828,1.593208839,1,3.136690647
279,1.912049565,0.6157610159,0.5865717874,0,3.125448029
280,1.817732157,1.383558602,0.834176124,0,3.114285714
281,1.471847351,0.456449228,1.35412901,1,3.117437722
282,0.1108146595,0.1377539338,1.996927668,1,3.120567376
283,0.8672176146,0.8655517839,1.802202433,1,3.123674912
284,1.76905641,1.640394267,0.932973428,0,3.112676056
285,1.328059145,0.5320001991,1.495412621,1,3.115789474
286,1.66708115,0.5723752401,1.104916485,1,3.118881119
287,1.095900062,1.963864201,1.673022132,0,3.108013937
288,1.438880751,0.03686018439,1.389108413,1,3.111111111
289,0.9281725961,0.8195535863,1.771579982,1,3.114186851
290,0.8021558371,0.4964439522,1.832087884,1,3.117241379
291,0.2384243132,0.5941024039,1.985737608,1,3.120274914
292,1.563856561,0.8318689452,1.246736803,1,3.123287671
293,1.248882968,0.5827390773,1.562143186,1,3.126279863
294,1.763762279,1.329466059,0.9429435946,0,3.115646259
295,0.6599254663,1.435523645,1.887987918,1,3.118644068
296,1.459825271,0.1007963509,1.367080896,1,3.121621622
297,0.07002828854,0.2643320757,1.998773634,1,3.124579125
298,1.155788382,1.441434013,1.632223397,1,3.127516779
299,0.3412414863,0.8561689533,1.970673552,1,3.130434783
300,0.8025040481,0.7385487506,1.831935384,1,3.133333333
301,1.508806475,0.01889928594,1.31282254,1,3.136212625
302,1.818899948,1.418056159,0.831626706,0,3.125827815
303,0.1368749124,1.99302582,1.995310817,1,3.128712871
304,1.669728853,1.053793513,1.10091124,1,3.131578947
305,0.4551375404,0.7694657345,1.947524023,1,3.13442623
306,0.418342868,1.06595176,1.955757972,1,3.137254902
307,1.960232205,1.69765269,0.3968497229,0,3.127035831
308,0.7503517691,0.006966702479,1.853907285,1,3.12987013
309,1.767800806,1.662374533,0.9353503684,0,3.1197411
310,1.695245907,0.992105507,1.061198056,1,3.122580645
311,0.9600290358,1.726884794,1.754521089,1,3.125401929
312,0.9040527636,0.3593156857,1.784009137,1,3.128205128
313,1.140397368,1.655067608,1.643013647,0,3.118210863
314,0.9624354259,0.5464247988,1.753202228,1,3.121019108
315,1.989273131,1.993138709,0.2068632681,0,3.111111111
316,0.153547286,1.462981932,1.994097097,1,3.113924051
317,1.129138902,0.6850540015,1.650771135,1,3.116719243
318,0.2040573155,1.530127735,1.98956292,1,3.119496855
319,0.1201600191,1.377144738,1.996387129,1,3.122257053
320,0.5703857635,0.7588628144,1.916940291,1,3.125
321,0.6691498322,1.144937739,1.884738311,1,3.127725857
322,1.787624325,1.296173581,0.8968830879,0,3.118012422
323,0.3684929267,1.693903041,1.965760149,1,3.120743034
324,1.850715402,1.545309165,0.758190281,0,3.111111111
325,0.3599083144,1.920413367,1.967349996,1,3.113846154
326,0.5638129088,1.769832067,1.918883791,1,3.116564417
327,1.285323463,1.596496353,1.5323001,0,3.107033639
328,0.6417672691,0.519446058,1.894237253,1,3.109756098
329,0.3504763484,0.6532574847,1.96905214,1,3.112462006
330,0.6229539398,1.096970733,1.900507403,1,3.115151515
331,1.182883218,1.832585014,1.61269566,0,3.105740181
332,1.884792178,0.007697777904,0.6689980912,1,3.108433735
333,0.9208566542,1.174199485,1.775393765,1,3.111111111
334,1.360697008,1.194579476,1.465777491,1,3.113772455
335,0.7358285597,1.611156234,1.859719423,1,3.11641791
336,0.2167481667,1.45081137,1.988220368,1,3.119047619
337,1.168409889,0.8782386093,1.623212349,1,3.121661721
338,1.273434966,0.1411830177,1.542194341,1,3.124260355
339,1.773702198,0.0884321399,0.9241106604,1,3.126843658
340,1.829499121,1.238530835,0.8080426755,0,3.117647059
341,0.8641979225,0.2500610694,1.803652392,1,3.120234604
342,1.867017223,1.486208283,0.7171099557,0,3.111111111
343,0.9489321109,1.782202958,1.760547599,0,3.102040816
344,0.01613434341,1.535618634,1.99993492,1,3.104651163
345,1.222429142,1.374941134,1.582929876,1,3.107246377
346,0.4714410386,1.230746203,1.943641774,1,3.10982659
347,0.210725722,1.911293902,1.988867685,1,3.112391931
348,1.521988001,1.428549018,1.297517832,0,3.103448276
349,1.831266874,1.985366069,0.8040283799,0,3.094555874
350,1.028860496,1.374159388,1.715064454,1,3.097142857
351,1.611788053,0.3198415971,1.184119619,1,3.0997151
352,0.7541747278,0.1972471696,1.852355387,1,3.102272727
353,0.6715376821,1.567014503,1.883888835,1,3.104815864
354,0.5205045756,1.143250693,1.9310813,1,3.107344633
355,0.4309264585,0.4240747755,1.953023909,1,3.109859155
356,1.690328355,0.3165334958,1.069013588,1,3.112359551
357,0.9891418855,1.830472904,1.738274527,0,3.103641457
358,1.741473788,1.186613937,0.9834983706,0,3.094972067
359,1.334410898,0.7274784904,1.489747481,1,3.097493036
360,1.18828729,1.095077445,1.608717911,1,3.1
361,1.879552334,1.344260485,0.6835810285,0,3.091412742
362,1.042900086,0.5601938983,1.706563626,1,3.093922652
363,1.931426243,0.4997981049,0.5192231384,1,3.096418733
364,1.263145445,1.946289011,1.550633285,0,3.087912088
365,0.1144196643,1.804938151,1.996724353,1,3.090410959
366,1.063802131,1.690192906,1.69361301,1,3.092896175
367,1.710964668,0.6782674001,1.035663992,1,3.095367847
368,1.149318385,1.442556778,1.636785646,1,3.097826087
369,0.820176414,0.1483961247,1.824091733,1,3.100271003
370,1.991933611,1.99120967,0.1794449445,0,3.091891892
371,0.9843798052,1.704936558,1.740975703,1,3.094339623
372,1.208152608,1.587581313,1.593852965,1,3.096774194
373,1.877835563,1.079596714,0.6882830796,0,3.08847185
374,1.901879247,1.161960894,0.6187530447,0,3.080213904
375,0.5356433138,0.1614890523,1.92693701,1,3.082666667
376,0.2564019868,0.2842809488,1.983496413,1,3.085106383
377,0.9629463121,1.757272523,1.752921675,0,3.076923077
378,1.754005122,1.237465619,0.9609714,0,3.068783069
379,0.918184716,0.5456713138,1.77677709,1,3.071240106
380,0.6075232652,1.148245178,1.905496125,1,3.073684211
381,1.964658721,0.1087008766,0.3743208652,1,3.076115486
382,0.3930497123,0.3581654119,1.960997686,1,3.078534031
383,0.4102220223,1.208361706,1.957477431,1,3.080939948
384,0.5683394819,0.1508752069,1.917547974,1,3.083333333
385,0.32112116,0.5897357934,1.974051975,1,3.085714286
386,0.6406427382,1.214325479,1.894617872,1,3.088082902
387,1.10906698,0.82850455,1.664322816,1,3.090439276
388,0.7505115702,0.6229243899,1.853842599,1,3.092783505
389,0.07114525142,0.5805586357,1.998734188,1,3.095115681
390,0.3266172498,1.348144643,1.973150063,1,3.097435897
391,0.6475817432,0.6622080728,1.892257352,1,3.099744246
392,0.3809647996,1.557998255,1.963381222,1,3.102040816
393,0.5021655329,0.07125117476,1.935931243,1,3.1043257
394,0.8664093609,0.1175436542,1.80259114,1,3.106598985
395,1.3334602,0.9460830709,1.490598502,1,3.108860759
396,1.163870967,0.1513946387,1.626469912,1,3.111111111
397,0.05366728455,0.1209743311,1.999279826,1,3.113350126
398,0.9289370398,0.8420488117,1.771179261,1,3.115577889
399,0.4878313326,1.14870615,1.939592893,1,3.117794486
400,0.312373014,1.969442838,1.975455163,1,3.12
401,1.932648259,1.556724379,0.5146559115,0,3.112219451
402,1.373702527,1.808745913,1.453596013,0,3.104477612
403,0.6683589821,1.366383606,1.885018905,1,3.106699752
404,1.430216463,1.84633051,1.398027492,0,3.099009901
405,1.746255222,1.599106739,0.9749834359,0,3.091358025
406,0.6195634379,1.412464698,1.901615404,1,3.093596059
407,0.4038942049,1.404496314,1.958792861,1,3.095823096
408,1.724587798,1.028979506,1.012816334,0,3.088235294
409,1.758516902,1.732200574,0.9526900363,0,3.080684597
410,1.907148514,1.38812804,0.6023159834,0,3.073170732
411,1.09244305,0.7127111251,1.675281524,1,3.075425791
412,1.691973708,0.05457803395,1.066407507,1,3.077669903
413,1.449695742,1.674755164,1.377817932,0,3.070217918
414,0.5784941936,1.972371404,1.914508937,0,3.062801932
415,1.399516279,0.1337057872,1.428759666,1,3.065060241
416,0.3482978617,0.3368444232,1.969438651,1,3.067307692
417,0.5708439131,0.543478577,1.916803909,1,3.069544365
418,1.172511005,1.57843604,1.620252432,1,3.071770335
419,0.5237715831,0.8251906581,1.930197743,1,3.07398568
420,0.6586233357,1.217709063,1.88844256,1,3.076190476
421,1.777650408,1.220049461,0.9164927853,0,3.06888361
422,1.016555475,1.92737625,1.722386416,0,3.061611374
423,0.5453365552,0.261882191,1.924216215,1,3.063829787
424,1.649012798,0.4346486419,1.131705259,1,3.066037736
425,0.3852111686,1.018510262,1.96255251,1,3.068235294
426,1.450444829,0.6602056676,1.377029338,1,3.070422535
427,0.01650176248,0.1418909814,1.999931922,1,3.072599532
428,0.5696885119,0.2777960472,1.917147621,1,3.074766355
429,0.9171813977,1.229625058,1.777295216,1,3.076923077
430,0.7140030787,1.255472585,1.868207591,1,3.079069767
431,0.6354353874,1.805859401,1.89637071,1,3.081206497
432,1.415472131,0.7024390892,1.412953873,1,3.083333333
433,0.6498555981,0.6572552575,1.89147765,1,3.085450346
434,0.9094480467,1.436269742,1.78126479,1,3.087557604
435,0.9315148258,1.279493341,1.769824887,1,3.089655172
436,0.4465513836,1.894761651,1.949510672,1,3.091743119
437,1.112421603,1.201020855,1.662082482,1,3.09382151
438,0.3856789335,0.788538053,1.962460639,1,3.095890411
439,1.700334649,0.1237900599,1.053025204,1,3.097949886
440,1.336092655,1.271696678,1.488239369,1,3.1
441,0.2621976483,1.286277408,1.982738609,1,3.102040816
442,0.8096498341,1.979424399,1.828788437,0,3.095022624
443,0.5108276648,0.1494082308,1.933663646,1,3.097065463
444,1.270386808,1.285447208,1.544706237,1,3.099099099
445,0.1336618986,1.715722286,1.995528626,1,3.101123596
446,1.84516973,0.2630948684,0.7715884051,1,3.103139013
447,0.3203737079,1.015784838,1.974173419,1,3.105145414
448,0.7763219461,1.202657495,1.84318318,1,3.107142857
449,1.865830435,0.143294637,0.7201921877,1,3.109131403
450,0.6715705815,0.2627139785,1.883877107,1,3.111111111
451,0.7538137731,0.4435133843,1.852502306,1,3.11308204
452,1.107197432,0.8882795775,1.665567124,1,3.115044248
453,1.125486355,0.5311284145,1.65326358,1,3.116997792
454,0.5574111531,0.5373754739,1.920753187,1,3.118942731
455,0.04698675648,1.404908112,1.999447985,1,3.120879121
456,1.377369347,0.4602720201,1.450121954,1,3.122807018
457,0.8798437381,0.4230350284,1.796072102,1,3.124726477
458,0.01571350381,0.6344378969,1.99993827,1,3.126637555
459,0.9974138964,0.0587709488,1.733541323,1,3.128540305
460,1.25770006,0.2957947961,1.555053234,1,3.130434783
461,0.08298897684,0.1729977752,1.998277466,1,3.132321041
462,1.14025434,1.409647503,1.643112912,1,3.134199134
463,1.636417674,0.5451893418,1.149842249,1,3.136069114
464,0.1920210483,1.61517252,1.990760638,1,3.137931034
465,1.53996338,1.088500092,1.276131964,1,3.139784946
466,0.8279399844,1.561196989,1.820581056,1,3.141630901
467,1.716290914,1.646397268,1.026813273,0,3.13490364
468,1.725977945,1.169799556,1.010445512,0,3.128205128
469,0.6422258273,1.967438183,1.894081832,0,3.121535181
470,1.639543124,1.693158597,1.14538131,0,3.114893617
471,0.6784970437,1.017342435,1.881393569,1,3.116772824
472,1.868254852,0.9380957645,0.7138794071,0,3.110169492
473,0.4878583574,1.250575855,1.939586096,1,3.11205074
474,1.367490547,0.9097004149,1.459441539,1,3.113924051
475,1.902989042,1.074342468,0.6153313801,0,3.107368421
476,0.6120689979,1.147155844,1.904040846,1,3.109243697
477,0.8916233994,1.285709559,1.790253533,1,3.111111111
478,0.3943194389,0.6010514278,1.960742762,1,3.112970711
479,1.388567286,1.320685227,1.439402964,1,3.114822547
480,1.15363811,0.03288135591,1.633743894,1,3.116666667
481,1.424956143,1.13778001,1.403388752,1,3.118503119
482,1.537472494,0.5509712718,1.279131866,1,3.12033195
483,1.878471258,1.223537975,0.6865462344,0,3.113871636
484,1.277559117,1.446013481,1.538779615,1,3.115702479
485,1.087576313,0.3246563659,1.678445043,1,3.117525773
486,1.344352474,0.5266298372,1.480782369,1,3.119341564
487,1.127488619,0.07671079125,1.65189873,1,3.121149897
488,0.2503318676,1.440905636,1.984271644,1,3.12295082
489,0.7129456512,1.424664226,1.868611382,1,3.124744376
490,0.6896344801,0.4936285027,1.877339683,1,3.126530612
491,1.990593771,1.178916318,0.1937432247,0,3.120162933
492,0.1908313264,0.3234256737,1.990875035,1,3.12195122
493,1.085227296,0.2445285797,1.679964796,1,3.123732252
494,1.984370534,0.1981290742,0.2495467558,1,3.125506073
495,0.9890369171,1.471704954,1.738334253,1,3.127272727
496,0.9836970137,1.864132949,1.741361589,0,3.120967742
497,1.141358517,0.8759966494,1.642346107,1,3.122736419
498,0.8342219001,1.973689788,1.817711149,0,3.116465863
499,1.349865461,0.1533853899,1.47575853,1,3.118236473
500,1.994562318,1.886983567,0.147380997,0,3.112
501,1.159506315,0.1440800523,1.629584335,1,3.113772455
502,0.5507830186,1.152220178,1.922664315,1,3.115537849
503,0.8385437327,0.02417465814,1.815721457,1,3.117296223
504,1.626324388,1.935879219,1.164074304,0,3.111111111
505,0.7010859839,1.402440649,1.873093282,1,3.112871287
506,0.8644721354,1.403958892,1.803520981,1,3.114624506
507,1.213838571,0.9161192924,1.58952695,1,3.116370809
508,0.8472935152,0.2095829466,1.811654961,1,3.118110236
509,1.239280989,0.1144269255,1.569771521,1,3.119842829
510,0.9995035107,0.3005331976,1.732337361,1,3.121568627
511,1.901626401,0.7706132742,0.619529686,0,3.115459883
512,1.401116637,0.8392832384,1.427190306,1,3.1171875
513,1.346842344,1.598414169,1.478518075,0,3.111111111
514,0.4374920647,1.919444063,1.951563653,1,3.112840467
515,1.371772105,0.06827222354,1.45541791,1,3.114563107
516,0.6203295648,1.834332548,1.901365623,1,3.11627907
517,0.1964832524,0.4152136263,1.990325182,1,3.117988395
518,1.590968159,1.714038372,1.211948975,0,3.111969112
519,0.1121050969,0.4628561606,1.99685564,1,3.113680154
520,1.35701321,1.687465541,1.469188602,0,3.107692308
521,0.8585180838,0.7479259106,1.806362837,1,3.10940499
522,1.539723775,0.2633874539,1.27642105,1,3.111111111
523,1.057692099,0.558525534,1.697435543,1,3.112810707
524,1.819377423,0.9839701242,0.830581599,0,3.106870229
525,0.1570123021,1.844771644,1.993827259,1,3.108571429
526,1.180729684,0.02180270345,1.61427303,1,3.11026616
527,0.006264903629,1.654438575,1.999990188,1,3.111954459
528,0.7818235101,1.972356225,1.840856322,0,3.106060606
529,1.104753396,1.352435322,1.667189231,1,3.107750473
530,1.817218162,1.427149581,0.8352952472,0,3.101886792
531,1.548514508,1.636937595,1.265742003,0,3.096045198
532,0.1799436079,0.8135800282,1.991888626,1,3.097744361
533,1.637010396,1.34869939,1.148998244,0,3.091932458
534,1.996824843,0.1105708015,0.1126523197,1,3.093632959
535,0.1447062627,0.2107451324,1.994758155,1,3.095327103
536,0.06497319849,1.85336616,1.998944342,1,3.097014925
537,0.5110312804,1.613236681,1.933609844,1,3.098696462
538,1.559413782,0.1920693192,1.252289366,1,3.100371747
539,0.6446729323,0.8639043359,1.89325033,1,3.102040816
540,1.026654631,0.02390921553,1.716385816,1,3.103703704
541,1.77710467,0.1708571736,0.9175505398,1,3.105360444
542,0.1768775325,1.409547277,1.992163231,1,3.10701107
543,0.3983833534,1.579932269,1.959921096,1,3.108655617
544,1.67878425,0.9230404277,1.087052641,1,3.110294118
545,1.253099191,0.01424025031,1.558763105,1,3.111926606
546,1.921798793,0.06275372541,0.5537954482,1,3.113553114
547,0.1076453746,1.811458249,1.997101017,1,3.115173675
548,0.7033964121,1.784242725,1.872226879,1,3.116788321
549,0.534290822,0.4362956155,1.92731246,1,3.118397086
550,0.08301723053,0.6836624663,1.998276292,1,3.12
551,0.8230673015,0.5624484425,1.822789131,1,3.121597096
552,1.353074537,0.4093406668,1.47281679,1,3.123188406
553,1.844847562,0.2435729115,0.7723583833,1,3.12477396
554,1.822378881,1.496367688,0.8239752516,0,3.119133574
555,0.5698102691,1.158435294,1.917111436,1,3.120720721
556,1.488475362,0.1963327636,1.335829741,1,3.122302158
557,0.9387175888,1.029369675,1.766015087,1,3.123877917
558,1.268575698,1.466387402,1.546193939,1,3.125448029
559,0.4459963942,1.86104595,1.949637714,1,3.127012522
560,0.8023716977,0.3775239576,1.831993357,1,3.128571429
561,0.899843523,1.9227935,1.786135951,0,3.122994652
562,0.7915893542,1.868556123,1.83667806,0,3.117437722
563,0.5942591783,0.4305212335,1.909674325,1,3.119005329
564,1.402033912,1.978199036,1.42628921,0,3.113475177
565,0.1083606577,0.01253454057,1.997062334,1,3.115044248
566,0.389220749,0.0343577427,1.961761252,1,3.116607774
567,0.4029600578,1.976393346,1.958985245,0,3.111111111
568,0.3682428316,1.041558617,1.965807014,1,3.112676056
569,1.445803583,1.841998349,1.381901588,0,3.107205624
570,1.235507202,0.2419896635,1.572743448,1,3.10877193
571,1.812473013,0.270306703,0.8455421793,1,3.11033275
572,1.402693782,0.2531150452,1.425640261,1,3.111888112
573,1.326762354,0.05306506866,1.496563281,1,3.113438045
574,0.04353560922,0.03948202934,1.999526107,1,3.114982578
575,1.660801663,0.1488142834,1.114332911,1,3.116521739
576,0.4750279445,0.01762400059,1.942768245,1,3.118055556
577,1.14008505,1.153473887,1.643230379,1,3.119584055
578,0.4308873561,1.881843365,1.953032536,1,3.121107266
579,0.4779194473,1.83214802,1.942058959,1,3.122625216
580,0.659186199,0.7738153462,1.888246158,1,3.124137931
581,0.8448584041,1.942121604,1.812791846,0,3.118760757
582,0.5693089349,1.376230091,1.917260373,1,3.120274914
583,0.2575767507,1.395991714,1.9833442,1,3.121783877
584,1.134855997,1.49703814,1.646846036,1,3.123287671
585,0.4538405416,1.88183494,1.947826677,1,3.124786325
586,0.7971363256,1.19038086,1.834277427,1,3.126279863
587,1.903904363,0.8733729129,0.6124934108,0,3.120954003
588,1.548282589,1.370475827,1.26602568,0,3.115646259
589,1.066770716,1.939021926,1.691744732,0,3.110356537
590,1.260718182,0.6450877588,1.552607376,1,3.111864407
591,0.1027305611,1.623586296,1.997359865,1,3.113367174
592,1.909581673,0.01880397419,0.5945568398,1,3.114864865
593,0.6218621917,0.006335982111,1.900864912,1,3.116357504
594,1.518330927,1.096046789,1.301795374,1,3.117845118
595,0.5213829223,0.6008713977,1.930844336,1,3.119327731
596,1.429161484,1.173883152,1.399105948,1,3.120805369
597,0.748907765,0.0004688542538,1.854491078,1,3.122278057
598,0.3813223889,1.638838173,1.963311803,1,3.123745819
599,0.1409952159,1.124059923,1.995023897,1,3.125208681
600,1.070832146,1.897591981,1.689176875,0,3.12
601,0.6017679753,1.225928074,1.9073215,1,3.121464226
602,1.77570475,1.735467618,0.9202568333,0,3.11627907
603,0.2956895464,0.9341869544,1.978021156,1,3.11774461
604,0.9223057878,0.7249958111,1.774641382,1,3.119205298
605,0.6882884422,0.1869916723,1.877833598,1,3.120661157
606,0.5537543544,0.2344838934,1.921810635,1,3.122112211
607,1.844499544,0.0723132303,0.773189132,1,3.123558484
608,1.900789712,1.377244873,0.6220920107,0,3.118421053
609,1.254377702,1.519420096,1.557734439,1,3.119868637
610,0.1440643609,1.009838926,1.994804617,1,3.121311475
611,1.256703023,1.740759102,1.555859091,0,3.116202946
612,1.590965019,0.3205317068,1.211953097,1,3.117647059
613,0.4549907156,1.808011726,1.94755833,1,3.11908646
614,0.2661639516,1.439228924,1.982210067,1,3.120521173
615,1.429873381,0.6761211394,1.398378387,1,3.12195122
616,1.623408662,1.410131156,1.168137114,0,3.116883117
617,0.3209311077,1.938659449,1.974082882,1,3.118314425
618,0.3699525111,1.956327769,1.96548598,1,3.1197411
619,0.1199627739,0.1703618742,1.996398991,1,3.121163166
620,0.4503881742,1.284784592,1.948627849,1,3.122580645
621,1.554916147,0.7845305337,1.257869539,1,3.123993559
622,1.049803023,0.01376987557,1.702325942,1,3.125401929
623,0.7828136739,0.6880102074,1.840435479,1,3.126805778
624,1.696233286,1.69300148,1.059619101,0,3.121794872
625,0.581960493,0.9950936785,1.913458122,1,3.1232
626,1.706255152,1.420064974,1.043404695,0,3.118210863
627,0.522953535,1.073410705,1.93041954,1,3.119617225
628,0.8975553707,0.890967514,1.78728687,1,3.121019108
629,0.8889867469,1.782773333,1.791564278,1,3.122416534
630,0.59092974,1.214993413,1.91070721,1,3.123809524
631,0.7416065876,1.164643558,1.857422857,1,3.125198098
632,1.877250925,1.936573421,0.6898760505,0,3.120253165
633,1.237012134,0.3952262058,1.571560047,1,3.12164297
634,0.155433584,0.2261285915,1.993950952,1,3.123028391
635,1.420902038,1.904339428,1.407493303,0,3.118110236
636,1.737438775,1.390530927,0.990609157,0,3.113207547
637,1.690100213,1.134462462,1.069374242,0,3.108320251
638,0.7308743503,0.9212101814,1.861672013,1,3.109717868
639,1.384586117,0.111305756,1.443232928,1,3.111111111
640,1.989198383,1.605922984,0.2075808101,0,3.10625
641,0.5462151628,0.1421165711,1.923966995,1,3.107644306
642,0.2998481908,1.631542828,1.977395019,1,3.109034268
643,1.692500183,0.5155816032,1.065571739,1,3.110419907
644,1.665397973,0.8869699074,1.107451846,1,3.111801242
645,1.125472086,0.6974701311,1.653273294,1,3.113178295
646,0.8675249754,1.987196106,1.802054499,0,3.108359133
647,1.511656721,0.3202237856,1.309539598,1,3.109737249
648,0.620795848,0.7428963345,1.901213432,1,3.111111111
649,1.454468042,1.157143628,1.372779193,1,3.11248074
650,0.1318474056,1.74845007,1.995649333,1,3.113846154
651,1.179777194,0.9764246987,1.614969279,1,3.115207373
652,0.4154100118,1.501810423,1.95638302,1,3.116564417
653,1.299342611,1.30175667,1.520430459,1,3.117917305
654,0.0009448749836,0.1458794678,1.999999777,1,3.119266055
655,1.471191784,0.2049893347,1.354841222,1,3.120610687
656,1.569947685,0.07350373184,1.239057814,1,3.12195122
657,1.983694027,1.059104294,0.2548686057,0,3.117199391
658,0.762081323,0.4995851361,1.849116561,1,3.118541033
659,0.6859820563,1.632512491,1.878677359,1,3.119878604
660,1.888057384,0.5401352585,0.6597266984,1,3.121212121
661,1.720553828,0.5331733874,1.019654121,1,3.122541604
662,0.1376638394,0.7795100214,1.995256542,1,3.123867069
663,0.4123907946,0.857083831,1.957021674,1,3.125188537
664,1.527587618,1.730144455,1.290920629,0,3.120481928
665,1.653857903,0.2910719426,1.124612839,1,3.121804511
666,1.375988085,0.9490039685,1.451432668,1,3.123123123
667,0.9017252599,0.9418466547,1.7851867,1,3.124437781
668,0.4133082296,0.2114717246,1.956828124,1,3.125748503
669,1.225040593,0.3353382433,1.580909721,1,3.127055306
670,1.940497722,1.139129298,0.4842195686,0,3.12238806
671,0.7077963274,1.43493906,1.870567924,1,3.123695976
672,1.559847193,1.6707185,1.251749469,0,3.119047619
673,0.2327820165,0.3138644051,1.98640694,1,3.120356612
674,0.7406134178,1.52099939,1.857819088,1,3.121661721
675,1.505045928,0.3878980834,1.317132019,1,3.122962963
676,1.95696829,1.705668745,0.4126440519,0,3.118343195
677,1.283316904,1.342931768,1.533981005,1,3.119645495
678,0.7333082785,0.7146649305,1.860714639,1,3.120943953
679,1.973000756,1.959119098,0.327517964,0,3.11634757
680,0.9651620569,1.940099774,1.751702659,0,3.111764706
681,0.4269017502,1.484309625,1.953907597,1,3.113069016
682,1.452878538,1.757700965,1.374461333,0,3.108504399
683,0.146369691,1.020078286,1.994636787,1,3.109809663
684,0.9743178296,1.012112675,1.746626682,1,3.111111111
685,0.1490013254,0.6087408188,1.994441928,1,3.112408759
686,1.732151126,1.639897062,0.9998262235,0,3.10787172
687,0.06417566794,0.5344438269,1.998970106,1,3.109170306
688,0.4963733493,1.170152946,1.93742445,1,3.110465116
689,0.3933666472,1.956980051,1.960934135,1,3.111756168
690,0.8462478129,1.880434688,1.812143659,0,3.107246377
691,0.6168990773,1.005278143,1.902481413,1,3.10853835
692,1.746034867,1.401732012,0.9753779996,0,3.104046243
693,0.5378647462,0.5387703644,1.926318124,1,3.105339105
694,1.56551489,1.797292659,1.244653819,0,3.100864553
695,0.4685580045,0.6900047621,1.944338807,1,3.102158273
696,1.10323744,0.6713444842,1.66819278,1,3.103448276
697,1.191940836,0.9142816189,1.606012778,1,3.104734577
698,0.6913301089,0.220683985,1.87671593,1,3.106017192
699,1.70459369,0.3033669461,1.046116797,1,3.107296137
700,1.19906197,0.6366439304,1.600703093,1,3.108571429
701,1.506834634,0.7968226967,1.315085315,1,3.109843081
702,0.8367958443,0.8568405376,1.816527653,1,3.111111111
703,1.474472927,1.626363651,1.351269621,0,3.106685633
704,0.5036313512,0.531139391,1.935550429,1,3.107954545
705,1.001014898,0.4681159448,1.731464459,1,3.109219858
706,0.8698138097,0.0448078651,1.800950842,1,3.110481586
707,0.811122885,1.899949579,1.828135571,0,3.106082037
708,1.223736706,1.352773063,1.581919238,1,3.107344633
709,1.976637318,0.7685519737,0.3048030704,0,3.102961918
710,1.857491462,0.5144251831,0.7414347365,1,3.104225352
711,0.542097705,1.232520585,1.925131185,1,3.105485232
712,0.1146672271,1.937288224,1.996710151,1,3.106741573
713,1.816524186,1.294887042,0.8368033719,0,3.102384292
714,1.422826885,1.409933419,1.405547458,0,3.098039216
715,1.266861265,1.96489293,1.547598958,0,3.093706294
716,1.478163448,1.850658394,1.34723154,0,3.089385475
717,0.3516626971,1.64490707,1.96884061,1,3.090655509
718,0.2087264323,1.71137613,1.989078499,1,3.091922006
719,0.08114573781,0.5580580821,1.998353164,1,3.093184979
720,1.32369445,1.964126983,1.499277493,0,3.088888889
721,0.3431914487,0.8539195947,1.970334903,1,3.090152566
722,1.385621709,1.477285881,1.442238704,0,3.085872576
723,0.5113580397,1.983525959,1.933523456,0,3.081604426
724,1.782453651,1.010208135,0.9071157481,0,3.077348066
725,1.16737249,1.260319441,1.62395858,1,3.07862069
726,1.633986441,0.113698411,1.153294546,1,3.079889807
727,1.638082666,0.8783541605,1.147469032,1,3.081155433
728,0.6697446412,0.4852268602,1.884527027,1,3.082417582
729,0.4711937694,1.331426924,1.943701734,1,3.083676269
730,0.008730845098,0.01296784235,1.999980943,1,3.084931507
731,1.321787944,1.53353887,1.500958571,0,3.080711354
732,1.722698014,1.337389671,1.016027339,0,3.076502732
733,1.78257549,1.449705592,0.9068762996,0,3.072305593
734,1.881204436,0.5607038783,0.6790212591,1,3.073569482
735,1.10488251,1.90896763,1.667103668,0,3.069387755
736,0.2384598799,1.997716909,1.985733337,0,3.065217391
737,0.9608866599,1.674329409,1.754051546,1,3.066485753
738,0.3632226101,1.552961158,1.96674079,1,3.067750678
739,1.165445707,0.9687843095,1.625341904,1,3.069012179
740,1.662689726,1.357322718,1.111513776,0,3.064864865
741,1.254524919,1.942295415,1.55761588,0,3.060728745
742,1.191742621,1.459892506,1.606159869,1,3.061994609
743,0.434738663,1.213528355,1.952178858,1,3.063257066
744,0.4864956716,1.710276598,1.939928339,1,3.064516129
745,0.3273581521,0.4196203013,1.973027278,1,3.065771812
746,1.873277115,1.749116359,0.7005946393,0,3.061662198
747,0.1321199508,0.2565858303,1.995631308,1,3.06291834
748,0.0009301771672,0.4977267162,1.999999784,1,3.064171123
749,1.094596803,0.2657373207,1.673875097,1,3.065420561
750,0.01890197116,1.98029359,1.999910677,1,3.066666667
751,1.122103603,1.303837003,1.655561386,1,3.067909454
752,0.4157955646,0.8562553449,1.956301114,1,3.069148936
753,1.961304369,1.876471521,0.3915165033,0,3.065073041
754,0.3455625835,1.028432329,1.96992043,1,3.066312997
755,0.05359202193,0.5542279868,1.999281845,1,3.067549669
756,0.7842754517,0.9941596905,1.839813038,1,3.068783069
757,1.711068057,0.09875658535,1.03549317,1,3.07001321
758,1.083254536,1.334386436,1.681237524,1,3.071240106
759,1.976967502,0.7158032155,0.3026540855,0,3.067193676
760,0.4015391345,1.151611483,1.95927699,1,3.068421053
761,0.4478638669,1.115138631,1.949209572,1,3.069645204
762,0.4629936127,1.202107467,1.945671327,1,3.070866142
763,1.535631369,0.3747639565,1.281341601,1,3.072083879
764,0.01312444703,0.5351983554,1.999956937,1,3.073298429
765,1.24076852,0.3678867439,1.568596022,1,3.074509804
766,1.174442617,0.7916352319,1.618852847,1,3.075718016
767,1.145782134,1.154598991,1.639263036,1,3.076923077
768,0.6221583394,0.7229040369,1.900768003,1,3.078125
769,0.2093371704,0.8831948735,1.989014316,1,3.079323797
770,0.9003833719,1.09251099,1.785863876,1,3.080519481
771,0.2966755586,0.7104248701,1.977873508,1,3.081712062
772,1.505653019,1.826865351,1.316437992,0,3.077720207
773,1.378421225,0.3957004633,1.449122123,1,3.078913325
774,1.090286914,0.2657080289,1.676685554,1,3.080103359
775,1.109476921,0.6214443344,1.664049567,1,3.081290323
776,0.4946550772,0.67190836,1.937863864,1,3.082474227
777,1.111203875,0.8846656312,1.662896854,1,3.083655084
778,1.39665254,1.749207174,1.431559179,0,3.079691517
779,0.7166218212,0.2844896517,1.867204639,1,3.080872914
780,0.6547336581,1.211786884,1.889794655,1,3.082051282
781,1.108982015,0.02190150856,1.664379431,1,3.083226633
782,1.029339903,1.977633403,1.714776768,0,3.079283887
783,0.5725793428,0.1477339872,1.916286225,1,3.08045977
784,1.045764778,1.586071794,1.704809675,1,3.081632653
785,1.992605971,1.014348108,0.171818051,0,3.077707006
786,1.318330174,0.3668294728,1.503996527,1,3.078880407
787,0.968891873,0.1016892976,1.749642403,1,3.080050826
788,1.733728359,1.61563545,0.9970887507,0,3.076142132
789,0.907729526,0.4630224638,1.782141158,1,3.077313054
790,0.5652601455,0.4697617973,1.918457966,1,3.078481013
791,1.15374533,1.275770575,1.633668177,1,3.079646018
792,0.460653729,1.560622866,1.946226642,1,3.080808081
793,1.256531916,1.900367128,1.555997283,0,3.076923077
794,1.032371436,1.486815601,1.712953361,1,3.078085642
795,0.1464859318,1.504696076,1.994628254,1,3.079245283
796,0.4793930409,1.459172656,1.941695731,1,3.08040201
797,0.1604318298,1.684353984,1.993555023,1,3.081555834
798,0.8630188753,1.186172254,1.804216844,1,3.082706767
799,1.600675682,1.54872483,1.199098561,0,3.078848561
800,1.125863916,0.4318403361,1.653006486,1,3.08
801,1.482891072,0.003525462041,1.342026105,1,3.081148564
802,1.056411858,1.40629048,1.698232607,1,3.082294264
803,0.2678558319,1.18113613,1.981982153,1,3.083437111
804,0.2660411014,0.5640624666,1.982226559,1,3.084577114
805,1.561601787,1.149329474,1.249559866,1,3.085714286
806,0.8622153169,1.072185193,1.804600994,1,3.086848635
807,1.26506799,0.05805460146,1.549065196,1,3.087980173
808,0.5879641515,1.490045769,1.911621865,1,3.089108911
809,1.977616898,1.492271729,0.2983813109,0,3.085290482
810,0.6876805834,1.038776306,1.878056286,1,3.086419753
811,0.6369531725,0.156164394,1.895861455,1,3.087546239
812,0.5782817857,0.3792631453,1.914573106,1,3.088669951
813,0.8815805944,0.3569779522,1.795220225,1,3.089790898
814,1.146294982,0.3751163465,1.638904455,1,3.090909091
815,1.575245795,0.3000102759,1.232315173,1,3.09202454
816,1.948116762,1.432071292,0.4525937264,0,3.088235294
817,1.35282748,0.3667187579,1.473043722,1,3.089351285
818,1.43580537,1.549882772,1.392286946,0,3.085574572
819,1.974383763,0.7625840023,0.3190748451,0,3.081807082
820,0.3408396624,0.02237447429,1.970743089,1,3.082926829
821,0.2395430485,1.522685306,1.985602963,1,3.084043849
822,0.8541250338,0.5101028866,1.808444201,1,3.085158151
823,1.658479073,0.4035654797,1.117786726,1,3.086269745
824,1.417447121,1.927323227,1.410972593,0,3.082524272
825,0.5419360963,0.5324276598,1.925176685,1,3.083636364
826,0.6111439673,1.925828203,1.904337956,0,3.079903148
827,0.7190769858,1.443360447,1.866260509,1,3.081015719
828,0.6516071117,1.684863813,1.890874975,1,3.082125604
829,0.3178873698,1.305711901,1.974575301,1,3.083232811
830,0.3506796136,0.9671954016,1.969015949,1,3.084337349
831,1.870161078,1.207184103,0.7088706099,0,3.080625752
832,0.3883901645,1.335753509,1.96192586,1,3.081730769
833,1.874954726,0.08239347874,0.6960925037,1,3.082833133
834,0.8900776701,0.03865440812,1.791022541,1,3.083932854
835,0.8014015161,1.6468829,1.832417968,1,3.08502994
836,1.959358262,1.622342199,0.4011423704,0,3.081339713
837,0.6484924015,1.061886463,1.891945455,1,3.082437276
838,0.839735548,1.373779243,1.815170573,1,3.08353222
839,0.5575700434,0.3055568823,1.920707069,1,3.084624553
840,1.963411597,0.3809565986,0.3808082184,0,3.080952381
841,1.536009284,1.792112074,1.280888551,0,3.077288942
842,1.626652016,1.849314159,1.163616439,0,3.073634204
843,0.9335586876,1.725653718,1.768747629,1,3.074733096
844,0.0602400133,0.3858433104,1.999092579,1,3.075829384
845,0.1658087875,1.413336472,1.993115011,1,3.076923077
846,1.991631319,0.06712004898,0.1827694995,1,3.078014184
847,0.05834923807,1.611300279,1.99914866,1,3.079102715
848,0.5863701588,0.7142851174,1.912111408,1,3.080188679
849,1.742191936,0.524196949,0.9822256657,1,3.081272085
850,1.757058942,0.3746402313,0.9553763004,1,3.082352941
851,0.370852441,0.210931293,1.965316378,1,3.083431257
852,0.4940212429,1.087366226,1.938025545,1,3.084507042
853,1.754550731,0.1852755247,0.9599748602,1,3.085580305
854,0.01542288125,0.303915248,1.999940533,1,3.086651054
855,1.508862979,0.7887788441,1.312757598,1,3.087719298
856,1.463068382,0.0390310107,1.363609515,1,3.088785047
857,1.82782817,1.628981039,0.8118153617,0,3.085180863
858,0.06142373997,1.111759629,1.999056559,1,3.086247086
859,0.3730052126,1.925643693,1.964908932,1,3.087310827
860,0.4026098486,0.3957364362,1.95905725,1,3.088372093
861,1.155528142,1.374507155,1.632407643,1,3.089430894
862,1.022551689,0.4090736989,1.718833338,1,3.090487239
863,0.5973702913,1.936064406,1.908703417,0,3.086906141
864,1.428460851,1.995772225,1.399821273,0,3.083333333
865,1.236014443,0.3463510248,1.572344841,1,3.084393064
866,0.3032524568,0.4233588386,1.976875805,1,3.085450346
867,0.5418313588,0.1146377872,1.925206165,1,3.08650519
868,1.859091259,1.890075984,0.7374141911,0,3.082949309
869,1.997179681,1.691427675,0.1061759092,0,3.079401611
870,0.8728614947,0.7863235317,1.799475705,1,3.08045977
871,0.886130095,1.503162131,1.792978933,1,3.081515499
872,0.5579213213,0.495757432,1.920605061,1,3.082568807
873,1.382805119,0.3992616332,1.444939446,1,3.083619702
874,0.6795965915,0.7282170677,1.88099667,1,3.084668192
875,1.504702982,1.075022661,1.317523789,1,3.085714286
876,1.493561806,0.8997145954,1.330140268,1,3.086757991
877,1.702019848,1.978813207,1.050299214,0,3.083238312
878,0.8886872004,1.164720438,1.791712884,1,3.08428246
879,0.1153082336,1.561676679,1.996673236,1,3.085324232
880,1.310306201,0.05136374554,1.510992276,1,3.086363636
881,1.10298274,0.4032332368,1.668361195,1,3.087400681
882,1.857774134,1.474302898,0.7407261754,0,3.083900227
883,0.8302338502,0.7212013548,1.819536137,1,3.084937712
884,1.799330779,1.744097727,0.8731602073,0,3.081447964
885,1.668896795,0.05731685289,1.102172168,1,3.082485876
886,1.226144272,0.7724046953,1.580053868,1,3.083521445
887,1.577688062,1.569159904,1.229186877,0,3.080045096
888,0.9605119761,0.2445435486,1.75425675,1,3.081081081
889,0.5704081257,1.747221769,1.916933637,1,3.082114736
890,1.152149705,0.2219100668,1.634793888,1,3.083146067
891,1.044972679,0.3188900063,1.705295312,1,3.084175084
892,1.894564079,0.6049756409,0.6408018032,1,3.085201794
893,1.03582137,0.3657941007,1.710869396,1,3.086226204
894,0.7061507913,1.236794838,1.871189745,1,3.087248322
895,1.177709928,0.2399025975,1.616477443,1,3.088268156
896,0.4037253809,1.607016758,1.958827664,1,3.089285714
897,1.438574099,0.1129238607,1.389425982,1,3.090301003
898,1.279066606,1.654738332,1.537526786,0,3.086859688
899,1.750085877,1.729111207,0.9680906077,0,3.083426029
900,1.761529631,1.111525486,0.9471078921,0,3.08
901,0.6042736036,0.3132746507,1.906529153,1,3.081021088
902,0.455348837,1.97190952,1.947474631,0,3.077605322
903,1.142284087,1.93630398,1.641702489,0,3.074197121
904,0.6056655903,1.873021125,1.906087404,1,3.075221239
905,1.367884592,1.65960487,1.45907222,0,3.071823204
906,0.8769924525,1.349782118,1.79746606,1,3.072847682
907,0.7840134446,1.925532192,1.839924705,0,3.069459757
908,1.526965791,1.461523775,1.291656097,0,3.066079295
909,0.084222819,0.06659008025,1.998225842,1,3.067106711
910,0.01844936094,1.740888703,1.999914903,1,3.068131868
911,1.382620564,1.218286542,1.445116042,1,3.069154775
912,1.864227132,0.4437532923,0.7243322438,1,3.070175439
913,0.426496797,1.310571852,1.953996029,1,3.071193866
914,1.664500205,1.302751867,1.108800735,0,3.067833698
915,0.9301607704,1.747675521,1.770536908,1,3.068852459
916,1.556693198,1.262947946,1.255669657,0,3.065502183
917,0.132166735,0.6092818325,1.99562821,1,3.066521265
918,0.9018174884,0.05749021353,1.785140111,1,3.067538126
919,1.269191145,1.086063846,1.545688791,1,3.068552775
920,0.9314458906,0.9165806925,1.769861168,1,3.069565217
921,0.6526507102,1.893177746,1.890515023,0,3.066232356
922,1.761047458,0.1712905299,0.9480041405,1,3.067245119
923,1.60276236,1.038068091,1.196307994,1,3.068255688
924,1.446237331,0.4688613326,1.38144764,1,3.069264069
925,1.322234648,0.6762571482,1.500565072,1,3.07027027
926,0.8074275038,1.08873058,1.829770703,1,3.071274298
927,1.703843353,1.437628944,1.04733845,0,3.067961165
928,1.858457322,1.878131888,0.7390104074,0,3.064655172
929,0.9000728466,0.9825817697,1.7860204,1,3.065662002
930,1.407071643,1.496562654,1.421319595,0,3.062365591
931,0.6250964499,0.6132974165,1.899803787,1,3.063372718
932,1.244488965,1.385890474,1.565645942,1,3.064377682
933,1.166065701,1.897420453,1.62489716,0,3.061093248
934,0.7964231143,1.763723181,1.834587208,1,3.062098501
935,0.9980400704,0.9753486828,1.733180896,1,3.063101604
936,1.023695605,0.6576696429,1.718152295,1,3.064102564
937,1.32336247,0.1237772761,1.49957053,1,3.065101387
938,0.2705792539,0.3083874968,1.981612189,1,3.066098081
939,1.311600314,1.297625156,1.509869073,1,3.067092652
940,1.930405016,1.896487627,0.5230071465,0,3.063829787
941,0.3649447472,1.837406158,1.966421962,1,3.064824655
942,1.677054555,1.480392665,1.089719238,0,3.061571125
943,1.639026382,0.1819448325,1.146120639,1,3.062566278
944,1.69111037,1.698691544,1.067776061,0,3.059322034
945,1.748915465,1.865636172,0.9702034295,0,3.056084656
946,0.8227900235,0.07952698407,1.822914309,1,3.057082452
947,0.6602642921,0.9917029588,1.887869451,1,3.058078141
948,0.1206141867,1.031887968,1.996359742,1,3.05907173
949,1.026766895,1.100053937,1.71631866,1,3.060063224
950,1.15658206,0.9447193349,1.631661098,1,3.061052632
951,1.76481561,0.1707059303,0.9409707024,1,3.062039958
952,0.3926308041,1.072572371,1.961081602,1,3.06302521
953,1.983487441,0.3311204682,0.2564713865,0,3.059811123
954,0.6309423129,0.04567509296,1.897870332,1,3.060796646
955,0.9733092468,1.075669376,1.747188917,1,3.061780105
956,1.850655058,1.826270602,0.7583375601,0,3.058577406
957,1.914872746,1.684901219,0.5772888068,0,3.0553814
958,1.183440807,0.44253793,1.612286531,1,3.056367432
959,1.802495468,0.8666433092,0.8666083818,0,3.053180396
960,0.5049706061,0.7187257686,1.935201459,1,3.054166667
961,0.719579976,1.185394574,1.866066627,1,3.055150884
962,0.1503731251,0.9049721425,1.994338969,1,3.056133056
963,0.9281368127,0.2062432641,1.771598729,1,3.057113188
964,0.637106067,1.298747589,1.89581008,1,3.058091286
965,0.5637573509,1.108971442,1.918900114,1,3.059067358
966,1.631607305,0.7836293529,1.156657946,1,3.060041408
967,0.8681719092,0.379698917,1.801742916,1,3.061013444
968,0.7369344742,1.032899526,1.859281469,1,3.061983471
969,1.183202571,1.597561687,1.612461372,1,3.062951496
970,1.342485824,1.117137842,1.482474894,1,3.063917526
971,0.6311112484,1.127011365,1.897814162,1,3.064881565
972,1.522147938,0.9028240047,1.297330203,1,3.065843621
973,1.047802957,0.09442997892,1.703557737,1,3.0668037
974,0.4101115255,1.74534179,1.957500584,1,3.067761807
975,1.981147697,1.9810489,0.273959488,0,3.064615385
976,0.4552174792,0.09147661358,1.947505339,1,3.06557377
977,0.1082966297,1.323893108,1.997065808,1,3.066530194
978,1.038796122,1.420450706,1.709064837,1,3.067484663
979,0.9741029279,0.3810237146,1.746746543,1,3.068437181
980,0.9610966548,1.786881249,1.753936493,0,3.065306122
981,0.9547710348,1.31255115,1.757387911,1,3.066258919
982,0.1856690451,1.382714507,1.991363102,1,3.067209776
983,0.1494325639,0.7814315108,1.994409664,1,3.068158698
984,0.8553737667,1.204772747,1.807853899,1,3.069105691
985,0.9136452119,1.315934571,1.779115631,1,3.070050761
986,0.5673587463,0.4165920616,1.91783838,1,3.070993915
987,0.3975954112,0.7793930312,1.960081092,1,3.071935157
988,0.07105166735,1.46342328,1.998737517,1,3.072874494
989,1.172686192,0.03694012697,1.620125642,1,3.073811931
990,0.7533605375,0.03800866981,1.852686671,1,3.074747475
991,0.566015176,0.845842892,1.91823534,1,3.07568113
992,0.5147238415,0.1381559005,1.932630168,1,3.076612903
993,0.3876583977,0.111099815,1.962070581,1,3.0775428
994,1.203846667,1.916803979,1.597107761,0,3.07444668
995,1.167691089,1.08173429,1.62372951,1,3.075376884
996,1.97434413,1.808149476,0.3193199886,0,3.072289157
997,0.9843145082,0.2948866981,1.741012622,1,3.073219659
998,1.669053519,1.322496126,1.101934821,0,3.070140281
999,1.728840577,0.8732268999,1.005539785,1,3.071071071
1000,1.493238881,1.75837782,1.330502778,0,3.068
1001,0.7012719001,0.4658421633,1.873023684,1,3.068931069
1002,0.9851216812,0.9914938886,1.740556024,1,3.069860279
1003,0.7827877937,1.923696143,1.840446487,0,3.066799601
1004,1.511019592,1.944978297,1.310274702,0,3.06374502
1005,1.945308458,0.9153774109,0.4645158807,0,3.060696517
1006,1.463839621,1.54695803,1.362781554,0,3.057654076
1007,0.2203082854,0.9913260341,1.987829032,1,3.058589871
1008,0.9156426882,0.1736520971,1.778088431,1,3.05952381
1009,1.655091114,0.9094665912,1.122797133,1,3.060455897
1010,0.6011989172,1.003562058,1.907500947,1,3.061386139
1011,0.6335041413,0.5957336039,1.897016738,1,3.06231454
1012,1.940231452,0.1113236566,0.4852853927,1,3.063241107
1013,1.789621557,0.3407969609,0.8928911923,1,3.064165844
1014,0.1584149539,0.2051160178,1.993716304,1,3.065088757
1015,0.7291720212,1.074617807,1.862339433,1,3.066009852
1016,0.7413991294,1.667663895,1.857505675,1,3.066929134
1017,1.691232094,0.8327077081,1.067583254,1,3.067846608
1018,0.8763361276,1.4795496,1.797786136,1,3.068762279
1019,1.403308072,1.092358355,1.425035598,1,3.069676153
1020,1.613068962,1.68272153,1.182374105,0,3.066666667
1021,0.6506745109,0.06719799104,1.891196098,1,3.067580803
1022,1.635078824,0.09878907727,1.151745301,1,3.068493151
1023,1.530248147,1.358611812,1.287765743,0,3.065493646
1024,0.6649587998,1.539269212,1.886221035,1,3.06640625
1025,0.9750696995,1.38181082,1.746207056,1,3.067317073
1026,1.318046321,1.609867923,1.504245291,0,3.064327485
1027,1.521222926,1.133447886,1.29841473,1,3.065238559
1028,0.1017906309,1.282200575,1.997407987,1,3.06614786
1029,1.738946749,1.868783176,0.9879596159,0,3.063168124
1030,1.169292077,1.7531463,1.622576975,0,3.060194175
1031,1.894838338,1.548656164,0.6399903707,0,3.057225994
1032,0.7783266196,1.740872177,1.842337557,1,3.058139535
1033,0.2497713079,0.7118083617,1.984342282,1,3.059051307
1034,0.1987421619,0.1809421497,1.99010089,1,3.059961315
1035,0.9782946789,1.765352437,1.744402339,0,3.057004831
1036,1.566292442,1.660698264,1.243675194,0,3.054054054
1037,0.965524319,0.8890442999,1.751503009,1,3.054966249
1038,0.3922908996,1.325020494,1.961149625,1,3.055876686
1039,1.211412021,1.29172261,1.59137705,1,3.056785371
1040,0.6531165099,1.594971288,1.890354153,1,3.057692308
1041,1.007992582,0.1754546226,1.727411634,1,3.058597502
1042,1.880984629,1.357022305,0.6796299177,0,3.055662188
1043,0.123168467,1.019149016,1.996203779,1,3.056567593
1044,0.8745892191,1.093782463,1.798636622,1,3.057471264
1045,0.2225843974,0.4320407799,1.987575454,1,3.058373206
1046,0.08077866779,0.7903885864,1.998368036,1,3.059273423
1047,1.248854461,0.4915170939,1.562165976,1,3.06017192
1048,0.4100142674,0.8664573956,1.957520958,1,3.061068702
1049,0.3367913005,0.7897269638,1.971438972,1,3.061963775
1050,0.9848955572,1.178709775,1.740683987,1,3.062857143
1051,1.771286017,0.5256755354,0.9287334633,1,3.063748811
1052,1.705806931,0.03220148433,1.044137306,1,3.064638783
1053,0.6948739053,1.20058639,1.875406691,1,3.065527066
1054,0.4757621692,0.9863574677,1.942588572,1,3.066413662
1055,1.280613535,1.024242981,1.536238579,1,3.067298578
1056,0.8008256599,0.3055977918,1.832669709,1,3.068181818
1057,0.7013287046,0.2713429242,1.873002415,1,3.069063387
1058,1.264462452,0.7243360897,1.54955952,1,3.069943289
1059,1.414538354,1.803719689,1.413888696,0,3.067044381
1060,1.718627743,1.753395479,1.0228972,0,3.064150943
1061,1.126709095,1.737037631,1.652430518,0,3.061262959
1062,1.104488776,1.275392943,1.667364551,1,3.062146893
1063,1.779388906,1.974704497,0.9131128742,0,3.059266228
1064,1.121919497,1.114699095,1.655686155,1,3.060150376
1065,1.870012225,1.263605588,0.7092631945,0,3.057276995
1066,1.483753557,0.7889823037,1.341072475,1,3.058161351
1067,0.5591450634,1.205330494,1.92024915,1,3.059044049
1068,1.443029111,0.3278117114,1.384798536,1,3.059925094
1069,1.907905809,0.6325059381,0.5999128484,0,3.057062675
1070,0.9970046411,0.6661441203,1.733776729,1,3.057943925
1071,1.404382659,1.37257403,1.423976596,1,3.058823529
1072,0.09883232075,1.145890479,1.99755655,1,3.059701493
1073,0.9601844564,0.8914300737,1.754436037,1,3.060577819
1074,0.07107052309,1.265128838,1.998736846,1,3.061452514
1075,1.306827345,1.78489748,1.514002077,0,3.058604651
1076,0.6532810451,1.634253944,1.890297298,1,3.059479554
1077,0.9381260193,1.868088309,1.766329406,0,3.056638812
1078,0.2707976368,0.632713702,1.981582358,1,3.057513915
1079,1.105414182,0.9602449089,1.666751177,1,3.058387396
1080,0.535580919,1.554291544,1.926954353,1,3.059259259
1081,0.7521003901,0.155821495,1.853198587,1,3.06012951
1082,1.134669586,0.4799957328,1.646974478,1,3.060998152
1083,1.357291265,1.00228423,1.468931728,1,3.061865189
1084,1.113560471,0.2672062607,1.66131968,1,3.062730627
1085,1.955510339,1.082132442,0.4194988837,0,3.059907834
1086,0.187961115,1.877736515,1.991148066,1,3.060773481
1087,1.533224036,0.2419625586,1.284221186,1,3.061637534
1088,1.369392815,0.1827202097,1.45765679,1,3.0625
1089,0.8113504271,0.2134914692,1.828034596,1,3.063360882
1090,1.818273287,1.196009823,0.8329959499,0,3.060550459
1091,0.1955549871,1.536967828,1.990416601,1,3.061411549
1092,0.197746735,0.7573983146,1.990200047,1,3.062271062
1093,1.989020262,0.5297979281,0.2092806664,0,3.05946935
1094,1.043258723,0.7245535754,1.706344407,1,3.060329068
1095,1.540673371,0.03759600182,1.275274701,1,3.061187215
1096,0.7012529572,1.291612388,1.873030777,1,3.062043796
1097,1.649761111,0.2482341035,1.130614115,1,3.062898815
1098,1.248083734,1.879037229,1.562781812,0,3.06010929
1099,0.9382087927,1.496016144,1.766285442,1,3.060964513
1100,0.2714580941,1.595865835,1.981491989,1,3.061818182
1101,0.09096503501,0.3563062575,1.99793027,1,3.0626703
1102,0.02687911579,0.8330718893,1.99981937,1,3.063520871
1103,0.230422892,0.6275374575,1.98668198,1,3.0643699
1104,0.2565831037,1.69636024,1.983472992,1,3.065217391
1105,0.570932642,1.63220924,1.916777483,1,3.066063348
1106,0.6714245678,0.3814100374,1.883929152,1,3.066907776
1107,0.2477868117,1.793778107,1.984591065,1,3.067750678
1108,0.4995421359,1.152227582,1.936609835,1,3.068592058
1109,1.37193858,0.2818419763,1.455260984,1,3.069431921
1110,1.006520254,0.7157790853,1.728269938,1,3.07027027
1111,1.138520434,0.8047176567,1.644314818,1,3.071107111
1112,0.8632146646,1.229118294,1.804123178,1,3.071942446
1113,1.607908221,0.223721837,1.189382678,1,3.07277628
1114,0.5374803953,0.3920695802,1.926425401,1,3.073608618
1115,0.7644693958,0.3024381503,1.848130554,1,3.074439462
1116,1.303573075,1.639592018,1.516804944,0,3.071684588
1117,0.7188798185,0.437370145,1.866336467,1,3.072515667
1118,1.64386136,0.1472422128,1.139175065,1,3.073345259
1119,1.119122825,0.2942037873,1.657577782,1,3.074173369
1120,0.1587110614,0.1705613293,1.993692754,1,3.075
1121,0.9180828533,0.9555503717,1.776829726,1,3.075825156
1122,0.225938402,1.724990574,1.98719698,1,3.076648841
1123,1.763796925,1.024648153,0.942878788,0,3.073909172
1124,1.168222631,1.228163824,1.623347124,1,3.074733096
1125,0.210476244,1.443198993,1.988894102,1,3.075555556
1126,0.6315595416,0.01922788273,1.897665025,1,3.076376554
1127,1.164823689,1.066616237,1.62578774,1,3.077196096
1128,0.6102674555,1.152885093,1.904619026,1,3.078014184
1129,1.146711797,0.3269479941,1.638612845,1,3.078830824
1130,1.592834097,1.204475058,1.209495572,1,3.079646018
1131,1.78697509,0.5635872939,0.8981759455,1,3.08045977
1132,1.060520849,1.841043466,1.69566964,0,3.077738516
1133,1.420951791,0.9952887914,1.407443075,1,3.078552515
1134,1.498594163,0.3505716418,1.324468019,1,3.079365079
1135,1.622339965,0.3757729195,1.169620895,1,3.080176211
1136,1.24292238,0.270493721,1.5668899,1,3.080985915
1137,0.8722423533,1.561074795,1.799775896,1,3.081794195
1138,0.7237192041,0.05563295948,1.864465208,1,3.082601054
1139,0.3610384787,1.211901348,1.967142907,1,3.083406497
1140,1.947207039,0.4822309067,0.456491782,0,3.080701754
1141,0.2048506308,1.429933986,1.989481395,1,3.08150745
1142,0.5010774431,0.9218652689,1.936213159,1,3.082311734
1143,0.3336762564,1.347815388,1.971968599,1,3.083114611
1144,0.04563320773,1.206313867,1.999479335,1,3.083916084
1145,1.203459003,0.67153834,1.597399896,1,3.084716157
1146,0.1868345601,1.44144391,1.991254089,1,3.085514834
1147,1.165325327,0.8129032352,1.625428215,1,3.086312119
1148,0.08744746136,1.945245515,1.998087321,1,3.087108014
1149,1.208998083,0.6578131761,1.593211736,1,3.087902524
1150,0.5915409055,0.1228063333,1.910518086,1,3.088695652
1151,0.1375350895,0.8286145359,1.995265421,1,3.089487402
1152,1.250956272,1.013568924,1.560483389,1,3.090277778
1153,1.65365092,0.215966273,1.124917168,1,3.091066782
1154,0.8543308509,0.3074871436,1.808346979,1,3.091854419
1155,0.7508785244,1.424307478,1.853693999,1,3.092640693
1156,1.650105954,1.634394876,1.130110765,0,3.089965398
1157,1.262977114,0.2354933855,1.550770393,1,3.090751945
1158,1.211258205,1.104093884,1.591494128,1,3.091537133
1159,1.494008689,1.704806587,1.32963831,0,3.088869715
1160,0.2854006298,1.005353571,1.979531884,1,3.089655172
1161,1.058480804,1.692932058,1.696943838,1,3.090439276
1162,1.726231562,0.3674696915,1.010012175,1,3.091222031
1163,0.0593685616,1.22994675,1.999118649,1,3.092003439
1164,1.442497307,0.1818840975,1.385352489,1,3.092783505
1165,0.3762919494,1.064207647,1.964282151,1,3.093562232
1166,0.7530090399,1.935869664,1.852829562,0,3.090909091
1167,0.6449833935,0.9278625579,1.893144586,1,3.091688089
1168,1.948605816,1.448248119,0.4504834873,0,3.089041096
1169,1.077613258,0.6438524034,1.684858945,1,3.089820359
1170,1.891462828,0.2039658206,0.6498987388,1,3.090598291
1171,0.6829534412,1.713610874,1.879780465,1,3.091374893
1172,0.9188574039,0.4281053122,1.776429304,1,3.092150171
1173,0.7634302435,1.86798439,1.848560051,0,3.089514066
1174,1.884686508,0.7334249251,0.6692957231,0,3.086882453
1175,0.736492548,1.923744717,1.859456568,0,3.084255319
1176,0.439924565,1.72125152,1.951016755,1,3.085034014
1177,0.9570310899,0.1862900788,1.756158163,1,3.085811385
1178,0.4430923086,1.227108251,1.950299773,1,3.086587436
1179,1.954361055,1.282367505,0.4248209829,0,3.083969466
1180,1.602187354,0.6367412669,1.197077977,1,3.084745763
1181,0.1708761032,1.621279813,1.992686969,1,3.085520745
1182,0.1823552312,1.339749679,1.991669292,1,3.086294416
1183,1.71513967,1.718285877,1.028735102,0,3.083685545
1184,1.124119804,1.862767931,1.654193056,0,3.081081081
1185,0.4701353304,1.614288114,1.943958017,1,3.08185654
1186,0.6583401171,1.405906436,1.888541313,1,3.082630691
1187,0.2128949694,1.849645875,1.988636652,1,3.083403538
1188,0.136631082,1.63680847,1.995327529,1,3.084175084
1189,0.347492074,1.666144937,1.969580986,1,3.084945332
1190,1.30285811,1.480254824,1.517419107,1,3.085714286
1191,0.6400882709,1.16260871,1.894805268,1,3.086481948
1192,0.03788049754,1.569313227,1.999641235,1,3.087248322
1193,1.110349306,0.4177874573,1.663467589,1,3.088013412
1194,1.621816073,1.24150619,1.170347224,0,3.085427136
1195,1.086192214,1.815055988,1.679341083,0,3.082845188
1196,0.04440283904,0.8878660123,1.999507036,1,3.08361204
1197,1.957667188,0.5388290386,0.4093155019,0,3.081035923
1198,0.3532035008,0.3685035866,1.968564778,1,3.081803005
1199,0.183401015,1.365101074,1.991573264,1,3.082568807
1200,0.7545868286,1.847373631,1.852187549,1,3.083333333
1201,1.274701406,0.9690949525,1.54114773,1,3.084096586
1202,0.3601457031,0.245503823,1.967306553,1,3.084858569
1203,1.735537678,0.2024994763,0.9939360993,1,3.085619285
1204,0.2059805033,0.9952786933,1.989364731,1,3.086378738
1205,1.027765156,0.4186259811,1.715721068,1,3.087136929
1206,0.7731681814,1.980398462,1.844508326,0,3.084577114
1207,0.981765051,1.603991737,1.742451544,1,3.085335543
1208,1.755180073,1.587694838,0.9588237125,0,3.082781457
1209,0.07971068411,1.385003169,1.99841092,1,3.083540116
1210,0.3364076828,0.531755356,1.971504469,1,3.084297521
1211,0.9416050895,0.04202153222,1.764477219,1,3.085053675
1212,1.992081493,1.244804021,0.1777957378,0,3.082508251
1213,0.6784391075,0.6246370881,1.881414462,1,3.083264633
1214,1.190364895,1.885623785,1.607181202,0,3.080724876
1215,0.1045478938,0.5087753329,1.997265565,1,3.081481481
1216,1.310652403,0.2484835725,1.510691987,1,3.082236842
1217,0.5456570485,0.4289982822,1.924125356,1,3.082990961
1218,0.791170735,1.372477108,1.836858424,1,3.083743842
1219,1.555568407,1.946438994,1.25706282,0,3.08121411
1220,1.579831068,1.975331882,1.226431325,0,3.078688525
1221,1.57664525,1.105131217,1.230524179,1,3.079443079
1222,0.07924257473,1.123185782,1.998429537,1,3.080196399
1223,1.757359663,0.423056205,0.9548230281,1,3.080948487
1224,0.05252440261,1.856220027,1.999310178,1,3.081699346
1225,1.810398196,0.6800726015,0.8499755123,1,3.08244898
1226,0.6501975472,0.726263611,1.891360132,1,3.08319739
1227,0.4711485192,0.2088788255,1.943712703,1,3.08394458
1228,0.2632177321,0.2576910157,1.982603446,1,3.084690554
1229,1.921740047,0.7563001823,0.5539992715,0,3.082180635
1230,0.2525781922,1.139808738,1.98398696,1,3.082926829
1231,0.2472296278,1.742603729,1.984660553,1,3.083671812
1232,0.259892379,1.874578236,1.983042095,1,3.084415584
1233,1.818363631,1.435938513,0.8327987195,0,3.081914031
1234,1.559523601,0.3068747251,1.252152602,1,3.082658023
1235,0.3837777013,0.636920468,1.962833329,1,3.08340081
1236,1.390070915,1.811316569,1.437950921,0,3.080906149
1237,1.886818199,1.972874983,0.6632624541,0,3.078415521
1238,1.563034966,0.4102719251,1.247766683,1,3.079159935
1239,0.09293511853,1.157638012,1.997839599,1,3.079903148
1240,0.01965151709,0.8502314162,1.999903452,1,3.080645161
1241,0.372965949,0.2644287484,1.964916385,1,3.081385979
1242,1.289495259,0.0993069058,1.528791018,1,3.082125604
1243,1.455969649,0.7015783508,1.371186487,1,3.082864039
1244,0.4004946562,1.901860388,1.959490758,1,3.083601286
1245,0.6730837301,0.464648229,1.88333701,1,3.084337349
1246,0.9606719033,0.4835874046,1.754169175,1,3.085072231
1247,1.066143804,0.5577094004,1.692139885,1,3.085805934
1248,1.088784359,1.095350647,1.677661652,1,3.086538462
1249,0.3756308133,0.7044192472,1.964408688,1,3.087269816
1250,1.752248716,1.540312351,0.9641703362,0,3.0848
1251,1.85632177,1.560661944,0.7443584402,0,3.082334133
1252,1.991159273,0.7493357969,0.1878423511,0,3.079872204
1253,1.149170741,1.532302137,1.636889309,1,3.080606544
1254,1.757689846,1.999595924,0.9542150737,0,3.07814992
1255,0.8603364829,1.031475298,1.805497476,1,3.078884462
1256,0.1355135399,1.004937523,1.995403739,1,3.079617834
1257,1.257061817,1.796957525,1.555569217,0,3.07716786
1258,1.43651194,1.714931313,1.391557921,0,3.074721781
1259,1.98197258,0.3237755981,0.2679266569,0,3.072279587
1260,0.02100362324,1.553823968,1.999889709,1,3.073015873
1261,0.9447948151,0.854472808,1.762771329,1,3.073750991
1262,0.6668188217,1.988875777,1.885564281,0,3.071315372
1263,0.7554416077,0.8625863566,1.85183908,1,3.072050673
1264,0.8660235398,1.262898568,1.802776533,1,3.07278481
1265,0.9817893792,1.790686565,1.742437837,0,3.070355731
1266,1.764628913,1.064562026,0.9413207744,0,3.06793049
1267,1.885368426,0.8025564545,0.6673723825,0,3.065509077
1268,1.754052921,1.354312301,0.9608841509,0,3.063091483
1269,1.773765566,1.73646042,0.923989025,0,3.060677699
1270,0.2542786821,1.890385375,1.983769733,1,3.061417323
1271,1.565377068,0.8692734864,1.24482715,1,3.062155783
1272,0.5344871224,0.4891620612,1.92725803,1,3.062893082
1273,0.9074366899,0.4987523151,1.782290283,1,3.063629222
1274,0.6954043199,0.1970349438,1.875210077,1,3.064364207
1275,0.7776136955,1.554978226,1.842638581,1,3.065098039
1276,1.809658028,1.713196957,0.8515502459,0,3.062695925
1277,1.684173632,1.058539499,1.078684003,1,3.063429914
1278,0.1737978024,1.883743263,1.992434271,1,3.064162754
1279,1.350793384,1.870056713,1.474909229,0,3.061767005
1280,1.376138887,0.6090942715,1.451289689,1,3.0625
1281,0.279458369,1.993661971,1.980379514,0,3.06010929
1282,1.075408118,0.6841752378,1.686267292,1,3.060842434
1283,1.195283444,1.957260341,1.603526578,0,3.058456742
1284,0.472983442,0.1430228663,1.943267008,1,3.059190031
1285,1.125422044,1.748803939,1.653307359,0,3.056809339
1286,0.3612352334,0.8592240635,1.967106786,1,3.057542768
1287,1.235651009,1.438249952,1.572630466,1,3.058275058
1288,1.009325031,0.2858459936,1.726633425,1,3.059006211
1289,1.84439958,0.7694138007,0.7734275582,1,3.05973623
1290,1.034992971,1.222163559,1.711370664,1,3.060465116
1291,0.8720283407,1.002741626,1.7998796,1,3.061192874
1292,0.6841349944,0.5195783928,1.879350768,1,3.061919505
1293,0.6718011747,0.5356324509,1.883794888,1,3.062645012
1294,0.1620821139,1.061196724,1.993421528,1,3.063369397
1295,0.4635577341,0.1537493984,1.945537002,1,3.064092664
1296,1.318079434,1.834499364,1.504216276,0,3.061728395
1297,1.006717959,1.135548867,1.728154782,1,3.062451812
1298,0.8387597369,0.4901410316,1.815621685,1,3.063174114
1299,1.618016496,0.8000319739,1.175594581,1,3.063895304
1300,1.704953532,0.7675556202,1.045530227,1,3.064615385
1301,1.12550057,0.7874572981,1.653253902,1,3.065334358
1302,0.7028046295,0.9868479452,1.872449106,1,3.066052227
1303,1.72587684,0.723446481,1.010618193,1,3.066768995
1304,1.62274666,1.013607205,1.169056576,1,3.067484663
1305,0.16300293,1.509721612,1.993346444,1,3.068199234
1306,0.6241105401,1.681771062,1.900127899,1,3.068912711
1307,0.4445524133,1.250827842,1.949967475,1,3.069625096
1308,0.991205407,0.3988249822,1.737098685,1,3.070336391
1309,0.5122464107,0.6942709893,1.933288291,1,3.0710466
1310,0.792943761,0.01767295009,1.836093732,1,3.071755725
1311,1.625086511,0.1972981825,1.165801798,1,3.072463768
1312,0.7543800689,1.067833715,1.85227177,1,3.073170732
1313,1.438912633,0.5159160885,1.389075388,1,3.073876618
1314,0.3701356019,0.587054327,1.965451509,1,3.074581431
1315,1.984039789,1.025432767,0.2521628746,0,3.072243346
1316,1.314014005,1.137046391,1.507768946,1,3.072948328
1317,1.157283802,1.506428626,1.631163451,1,3.07365224
1318,0.4072016742,0.8416430034,1.958107963,1,3.074355083
1319,1.697779026,0.2408546497,1.057140663,1,3.075056861
1320,1.571949906,1.344728172,1.236516677,0,3.072727273
1321,1.962425851,0.5277130233,0.3858559069,0,3.070401211
1322,1.700827386,1.633948298,1.052229159,0,3.068078669
1323,1.643820127,1.261770252,1.139234563,0,3.065759637
1324,0.4982514256,0.5828579997,1.936942311,1,3.066465257
1325,1.409922235,1.246983037,1.418491907,1,3.067169811
1326,0.2153481633,1.334062558,1.988372492,1,3.067873303
1327,0.7883843133,0.7695717258,1.838056086,1,3.068575735
1328,1.563836238,1.045705692,1.246762296,1,3.069277108
1329,0.4239372621,0.3683666068,1.954552941,1,3.069977427
1330,0.7359840795,1.318323885,1.859657881,1,3.070676692
1331,0.7774711889,1.12633222,1.842698714,1,3.071374906
1332,0.7625473975,1.727928383,1.848924408,1,3.072072072
1333,1.465859572,0.1932528326,1.360608583,1,3.072768192
1334,1.106131846,1.674418463,1.666274989,0,3.070464768
1335,1.302691342,1.241500662,1.517562278,1,3.071161049
1336,1.4943893,0.2322159833,1.329210525,1,3.071856287
1337,0.4207905727,0.6778239388,1.955232798,1,3.072550486
1338,1.905686812,1.254645884,0.6069248496,0,3.070254111
1339,1.538470966,1.528099241,1.277930783,0,3.067961165
1340,1.562021447,1.80534697,1.249035227,0,3.065671642
1341,1.62110848,0.4276209457,1.171327151,1,3.066368382
1342,1.710690291,1.909439491,1.03611714,0,3.064083458
1343,1.792282832,1.604334096,0.8875371826,0,3.061801936
1344,1.328803033,0.1472277095,1.494751652,1,3.0625
1345,1.969996922,0.8162450733,0.3451262493,0,3.060223048
1346,1.958936668,0.9812441281,0.4031961456,0,3.05794948
1347,0.8935433598,0.5830388799,1.789296025,1,3.058648849
1348,1.926114916,0.4618420157,0.5385919886,1,3.059347181
1349,0.3401724362,1.376706195,1.97085837,1,3.060044477
1350,1.279569904,1.26672344,1.537107953,1,3.060740741
1351,1.481336372,0.3010079535,1.343741997,1,3.061435973
1352,0.2875304354,1.353675991,1.979223648,1,3.062130178
1353,0.05690254541,0.1597186978,1.999190361,1,3.062823356
1354,1.58521138,1.53831064,1.219469098,0,3.0605613
1355,1.508604902,1.391276691,1.313054168,0,3.058302583
1356,1.78228653,0.02546424499,0.9074440607,1,3.05899705
1357,1.642948519,1.13291655,1.140491194,1,3.059690494
1358,0.04499066691,1.251370091,1.999493896,1,3.060382916
1359,1.635527427,0.2472939959,1.151108177,1,3.061074319
1360,1.075937347,0.554539235,1.685929662,1,3.061764706
1361,1.785716459,1.551631696,0.9006757064,0,3.059515062
1362,1.514007676,1.733999428,1.306820859,0,3.057268722
1363,0.8853040701,1.048082278,1.793386936,1,3.057960382
1364,1.829008627,0.9491696232,0.8091522984,0,3.055718475
1365,1.318073395,1.64348524,1.504221568,0,3.053479853
1366,0.9880223149,0.231115605,1.738911126,1,3.054172767
1367,0.0217362112,1.275707822,1.999881881,1,3.054864667
1368,0.4747044003,1.470526748,1.942847326,1,3.055555556
1369,1.480589548,1.910523149,1.344564833,0,3.053323594
1370,1.567123899,1.889400022,1.242627332,0,3.051094891
1371,1.139372829,1.224660877,1.643724294,1,3.051787017
1372,1.211656749,1.153483103,1.591190725,1,3.052478134
1373,0.83569025,0.2945341214,1.817036545,1,3.053168245
1374,1.011555258,0.8857658091,1.725327783,1,3.053857351
1375,0.5623862381,0.6674988082,1.919302404,1,3.054545455
1376,1.064100435,1.708690106,1.6934256,0,3.052325581
1377,0.9832386694,0.6628549068,1.741620429,1,3.053013798
1378,0.1875031383,1.382656147,1.991191245,1,3.053701016
1379,1.814650933,1.044083343,0.8408578902,0,3.051486584
1380,1.081998007,1.546976361,1.682046466,1,3.052173913
1381,1.228606163,0.3428422917,1.578140329,1,3.052860246
1382,1.560550542,1.149204968,1.250872498,1,3.053545586
1383,1.213766919,1.136984743,1.589581664,1,3.054229935
1384,1.061142748,0.3145715434,1.695280528,1,3.054913295
1385,0.6751362058,1.449867521,1.882602216,1,3.055595668
1386,1.450250406,0.1492581121,1.377234098,1,3.056277056
1387,0.4777508991,0.3835902405,1.94210043,1,3.056957462
1388,0.3405593924,0.9934684214,1.970791542,1,3.057636888
1389,1.263366591,1.729751731,1.550453113,0,3.055435565
1390,0.1647815433,1.088105313,1.993200201,1,3.056115108
1391,1.596531486,0.5655335525,1.204610814,1,3.056793674
1392,1.552253703,0.05298617462,1.261153615,1,3.057471264
1393,0.7803439726,0.6880905077,1.84148399,1,3.058147882
1394,1.177645399,1.734566903,1.616524455,0,3.055954089
1395,1.205687268,1.278866796,1.595718713,1,3.056630824
1396,0.3180893891,0.9670165045,1.974542767,1,3.05730659
1397,0.1460089531,0.5024926306,1.994663226,1,3.057981389
1398,0.1823234761,1.062011089,1.991672199,1,3.058655222
1399,1.238927787,0.3486686304,1.570050298,1,3.059328091
1400,0.5483334203,0.6507915794,1.92336436,1,3.06
1401,1.858114243,0.5847073102,0.7398725982,1,3.060670949
1402,1.593903173,0.7048522832,1.208086369,1,3.061340942
1403,0.05164192533,0.4425789489,1.999333167,1,3.062009979
1404,0.02169716508,1.909963534,1.999882305,1,3.062678063
1405,0.4047973584,0.2336140703,1.958606417,1,3.063345196
1406,0.3726157005,1.117511678,1.964982834,1,3.06401138
1407,0.7992439866,1.137451623,1.833360044,1,3.064676617
1408,0.4919206372,0.9008586377,1.938559797,1,3.065340909
1409,1.722334609,1.250140517,1.016643248,0,3.063165366
1410,1.613744422,0.7410745965,1.181452047,1,3.063829787
1411,0.5042582692,0.4641095463,1.935387196,1,3.064493267
1412,0.7203658402,0.2167096461,1.865763398,1,3.065155807
1413,0.8127632382,1.683711003,1.827406884,1,3.06581741
1414,0.5237051533,0.302653575,1.930215768,1,3.066478076
1415,0.2233086396,0.9168149393,1.987494214,1,3.067137809
1416,0.8057175072,0.07049463789,1.830524323,1,3.06779661
1417,0.754017848,0.1430311727,1.852419252,1,3.068454481
1418,1.97914741,1.516353958,0.2880547368,0,3.06629055
1419,1.966444677,0.7754573481,0.3648223304,0,3.064129669
1420,1.8986443,0.2502196523,0.6286094341,1,3.064788732
1421,0.5569643186,1.681803292,1.920882804,1,3.065446868
1422,1.113873824,1.908126239,1.6611096,0,3.063291139
1423,1.498186488,1.401570313,1.324929148,0,3.06113844
1424,0.8475399779,1.311940137,1.811539673,1,3.061797753
1425,0.2974440682,1.701702908,1.977758081,1,3.06245614
1426,1.155390805,1.254221916,1.632504851,1,3.063113604
1427,1.335287711,0.9819364995,1.488961628,1,3.063770147
1428,1.563938995,0.3472873268,1.246633394,1,3.06442577
1429,0.889638194,0.6189342639,1.791240878,1,3.065080476
1430,1.305008614,0.0336471274,1.51557003,1,3.065734266
1431,1.424062908,0.1017919249,1.404295138,1,3.066387142
1432,0.8773373923,1.71623094,1.797297722,1,3.067039106
1433,0.872447024,1.993066163,1.79967669,0,3.064898814
1434,0.6645724739,0.8205563835,1.886357184,1,3.065550907
1435,0.9693111033,1.211721033,1.749410182,1,3.066202091
1436,1.890975556,1.466492919,0.6513151661,0,3.064066852
1437,1.289872874,0.3757336607,1.52847243,1,3.064718163
1438,1.725484118,0.5193670337,1.011288564,1,3.065368567
1439,0.9947889242,1.106361258,1.73504899,1,3.066018068
1440,0.4194580892,1.321239764,1.95551909,1,3.066666667
1441,1.033157299,1.565893172,1.712479487,1,3.067314365
1442,0.7586552464,0.03662657147,1.850524849,1,3.067961165
1443,1.764503146,1.575908318,0.9415565018,0,3.065835066
1444,0.6841497144,1.132773507,1.87934541,1,3.066481994
1445,0.6725222769,0.5906395157,1.883537573,1,3.067128028
1446,1.096480064,0.3834163428,1.672642063,1,3.067773167
1447,0.8703703116,1.483977525,1.80068196,1,3.068417415
1448,0.57509666,1.662467887,1.915532258,1,3.069060773
1449,1.794476411,1.364482669,0.8830936597,0,3.066942719
1450,1.802859361,0.07965265715,0.8658510986,1,3.067586207
1451,1.532628373,1.310411934,1.28493201,0,3.065472088
1452,1.232379845,0.253914674,1.5751952,1,3.066115702
1453,1.125047513,0.8458551864,1.653562243,1,3.066758431
1454,0.03265478444,1.961740977,1.999733398,1,3.067400275
1455,1.160526933,1.74580788,1.628857648,0,3.065292096
1456,1.681041566,1.800886298,1.083558606,0,3.063186813
1457,1.955909426,1.322813841,0.4176341925,0,3.06108442
1458,0.3367726978,0.2338841262,1.97144215,1,3.061728395
1459,1.762627828,1.59746383,0.9450625053,0,3.059629883
1460,0.569717752,0.6822569397,1.917138932,1,3.060273973
1461,1.715046665,0.4526729617,1.028890148,1,3.06091718
1462,0.8986651682,1.415598478,1.786729111,1,3.061559508
1463,0.3179257775,0.3731110607,1.974569118,1,3.062200957
1464,1.011064226,1.915057841,1.72561558,0,3.06010929
1465,0.8182006584,1.547701056,1.824978817,1,3.060750853
1466,1.425191376,1.079515987,1.403149864,1,3.061391542
1467,0.1837038083,0.4985085929,1.991545357,1,3.062031357
1468,0.2619878422,0.2495747904,1.982766343,1,3.0626703
1469,1.245405862,1.784432809,1.564916687,0,3.060585432
1470,1.810032821,1.555209887,0.8507533054,0,3.058503401
1471,0.06341928242,1.568822947,1.998994246,1,3.05914344
1472,1.46659829,1.078480147,1.359812287,1,3.059782609
1473,0.7103477124,0.155369317,1.869600526,1,3.06042091
1474,1.707659847,0.3215404902,1.041104148,1,3.061058345
1475,1.05328857,0.3281710911,1.700171518,1,3.061694915
1476,0.4752939015,1.50897583,1.942703196,1,3.062330623
1477,0.5042455283,0.9334851889,1.935390515,1,3.062965471
1478,0.6085165238,1.302135356,1.905179162,1,3.063599459
1479,1.251067298,0.5162789335,1.560394378,1,3.06423259
1480,1.528285469,1.606389857,1.290094386,0,3.062162162
1481,0.9259918745,0.3772127193,1.772720804,1,3.062795409
1482,0.9190496072,1.10973853,1.776329874,1,3.0634278
1483,0.8181097222,1.2642845,1.825019584,1,3.064059339
1484,0.7903882978,1.413566315,1.837195237,1,3.064690027
1485,0.8897175255,0.510335347,1.791201475,1,3.065319865
1486,1.023717568,1.719675946,1.718139209,0,3.063257066
1487,1.811917146,1.862883987,0.8467326955,0,3.061197041
1488,0.6868947865,1.549053185,1.878343832,1,3.061827957
1489,0.8991276376,1.681515382,1.786496429,1,3.062458026
1490,0.7618495728,0.8203655521,1.849212056,1,3.063087248
1491,0.5556661632,1.954536429,1.921258732,0,3.061032864
1492,1.316766302,1.163952264,1.505365904,1,3.061662198
1493,1.147569163,1.835532739,1.63801252,0,3.05961152
1494,1.430595062,1.029015546,1.397640071,1,3.060240964
1495,1.06266787,0.2500376927,1.694324939,1,3.060869565
1496,1.494724971,1.14447449,1.328833045,1,3.061497326
1497,1.466394948,0.7102644513,1.360031564,1,3.062124248
1498,1.244009274,0.1664770095,1.566027115,1,3.062750334
1499,0.08216727461,0.5015859589,1.998311422,1,3.063375584
1500,1.919486788,1.16432911,0.5617565952,0,3.061333333
1501,1.860515351,0.2063816117,0.7338137571,1,3.061958694
1502,0.3364566887,0.8283343474,1.971496106,1,3.062583222
1503,1.462947515,1.39735217,1.363739187,0,3.060545576
1504,1.349970276,1.86280926,1.47566265,0,3.058510638
1505,0.1292418566,1.011439834,1.995819767,1,3.059136213
1506,1.268970192,1.245098553,1.545870192,1,3.059760956
1507,1.357478285,1.525115731,1.4687589,0,3.057730591
1508,1.967688635,0.05270871856,0.3580522834,1,3.058355438
1509,0.7387105454,0.7749723062,1.858576533,1,3.058979457
1510,0.5689608296,1.737609624,1.917363704,1,3.059602649
1511,1.145529298,1.64269476,1.63943973,0,3.057577763
1512,1.228922274,0.9965397745,1.57789418,1,3.058201058
1513,1.494952799,1.529975151,1.32857673,0,3.056179775
1514,1.512862093,0.9320868306,1.30814689,1,3.05680317
1515,1.684737329,0.7364827213,1.077803382,1,3.057425743
1516,0.4475876081,0.7889335111,1.949273027,1,3.058047493
1517,1.403623404,1.510430199,1.424725004,0,3.056031641
1518,1.737970458,1.072060997,0.9896760508,0,3.054018445
1519,0.7646316375,0.3636393591,1.848063435,1,3.054641211
1520,1.783858678,0.01956230597,0.9043496105,1,3.055263158
1521,0.4004095508,0.062113905,1.95950815,1,3.055884287
1522,1.08648992,1.453356124,1.679148491,1,3.056504599
1523,1.897739969,0.08781190629,0.6313343083,1,3.057124097
1524,0.8920286279,0.8316756691,1.790051655,1,3.057742782
1525,1.644357873,1.456052638,1.13845825,0,3.055737705
1526,0.03676332663,1.905019062,1.999662086,1,3.056356488
1527,1.550236166,0.7859439268,1.26363279,1,3.05697446
1528,0.8281571101,0.6719562384,1.820482299,1,3.057591623
1529,1.77456975,1.173558092,0.9224436033,0,3.05559189
1530,0.8641786755,0.4438574682,1.803661614,1,3.05620915
1531,0.7070373378,1.076892337,1.870854939,1,3.056825604
1532,0.3877391425,1.682938555,1.962054626,1,3.057441253
1533,0.5537284825,1.486190348,1.921818089,1,3.058056099
1534,0.7323401158,0.1185562002,1.861095902,1,3.058670143
1535,1.489681315,1.814162088,1.334484761,0,3.056677524
1536,0.7320167087,1.463740816,1.86122313,1,3.057291667
1537,1.34265151,0.06077652077,1.482324837,1,3.05790501
1538,1.358158398,0.5443298465,1.468130023,1,3.058517555
1539,1.976510974,1.904831947,0.3056212822,0,3.056530214
1540,0.2926448421,0.1328325971,1.978473906,1,3.057142857
1541,0.2063384668,1.216345541,1.989327634,1,3.057754705
1542,0.8107886823,1.206096543,1.828283816,1,3.058365759
1543,0.8561576997,1.57438962,1.807482778,1,3.058976021
1544,0.2386474695,0.6815414519,1.985710801,1,3.059585492
1545,1.004302997,1.87372242,1.729559334,0,3.057605178
1546,0.920101271,1.194039936,1.775785362,1,3.058214748
1547,0.8687835909,1.381010378,1.801448049,1,3.058823529
1548,0.7939959469,0.9204783622,1.835638972,1,3.059431525
1549,1.181289299,0.5815932982,1.613863561,1,3.060038735
1550,0.2763556091,1.437034976,1.980814877,1,3.060645161
1551,0.08517505954,0.02062783525,1.998185479,1,3.061250806
1552,0.3162323178,0.9108577337,1.974841037,1,3.06185567
1553,0.2443897922,1.35409279,1.985012249,1,3.062459755
1554,0.24466287,0.7429762006,1.984978609,1,3.063063063
1555,0.5328541446,1.710616703,1.92771016,1,3.063665595
1556,1.081980096,0.0444532082,1.682057987,1,3.064267352
1557,0.6000138242,0.4887840949,1.907874055,1,3.064868337
1558,1.221241363,0.2517372637,1.583846436,1,3.065468549
1559,1.85709103,1.050235949,0.7424371401,0,3.063502245
1560,0.5879771358,0.6419489747,1.911617872,1,3.064102564
1561,0.6562981559,0.5899111468,1.889251897,1,3.064702114
1562,1.819308635,1.092491273,0.8307322615,0,3.062740077
1563,1.007774328,1.567566042,1.727538973,1,3.063339731
1564,1.733014118,1.557995076,0.9983296381,0,3.061381074
1565,0.7122795712,1.715301281,1.868865381,1,3.061980831
1566,1.570732534,1.200253766,1.238062723,1,3.062579821
1567,0.707234466,0.01788817266,1.870780428,1,3.063178047
1568,1.651855157,0.3159105655,1.127552455,1,3.06377551
1569,1.127563955,1.08046458,1.651847307,1,3.064372212
1570,1.623826961,1.076459274,1.167555567,1,3.064968153
1571,1.796828373,0.7513229609,0.8782982397,1,3.065563335
1572,0.4756655265,0.5737823754,1.942612238,1,3.066157761
1573,1.049343669,0.7053010108,1.702609135,1,3.06675143
1574,0.3260024984,1.902478895,1.973251725,1,3.067344346
1575,1.263619561,0.562487018,1.55024695,1,3.067936508
1576,0.8189193399,1.428557556,1.824656437,1,3.068527919
1577,1.770843359,0.7336032606,0.9295772145,1,3.06911858
1578,1.936017169,0.02146730424,0.5018341566,1,3.069708492
1579,0.9656294655,0.08147056223,1.751445042,1,3.070297657
1580,0.6641733654,1.929612111,1.886497745,0,3.06835443
1581,0.4874559015,0.2975255283,1.93968728,1,3.068943707
1582,1.7425742,1.874182413,0.9815473276,0,3.067003793
1583,0.02490928095,1.728352442,1.999844876,1,3.067593178
1584,0.7075898206,1.029108907,1.87064605,1,3.068181818
1585,1.780737196,0.1497227639,0.9104806645,1,3.068769716
1586,1.022002881,0.3889027864,1.719159711,1,3.069356873
1587,0.05194256845,0.7701745334,1.999325379,1,3.069943289
1588,0.8004298115,1.297626744,1.832842633,1,3.070528967
1589,1.840018393,0.7040382941,0.7837935405,1,3.071113908
1590,1.22702184,1.433212615,1.579372472,1,3.071698113
1591,1.825892295,0.05580210953,0.8161601122,1,3.072281584
1592,1.960880799,1.385397799,0.3936324342,0,3.070351759
1593,1.919252374,1.592109096,0.5625569509,0,3.068424357
1594,1.340605067,0.8679706009,1.484175884,1,3.069008783
1595,1.545787418,1.973928591,1.269071022,0,3.067084639
1596,1.103999577,0.7670025818,1.6676885,1,3.067669173
1597,1.358847205,0.1764458183,1.467492512,1,3.068252974
1598,0.3065807407,0.1928843755,1.976362378,1,3.068836045
1599,0.6517739931,1.421090816,1.890817459,1,3.069418386
1600,1.262531355,0.4651202214,1.551133321,1,3.07
1601,0.02900995864,1.774640242,1.999789595,1,3.070580887
1602,0.9430098886,1.090556344,1.763726835,1,3.071161049
1603,0.3236540022,0.8385460899,1.973638287,1,3.071740487
1604,1.257337034,1.237108705,1.555346772,1,3.072319202
1605,0.8538337496,1.542811883,1.808581745,1,3.072897196
1606,0.2753396325,1.875685169,1.980956357,1,3.073474471
1607,1.229154123,1.307099265,1.577713581,1,3.074051027
1608,0.7940687596,0.425664793,1.835607476,1,3.074626866
1609,0.5354397417,1.868513256,1.926993587,1,3.075201989
1610,0.1574529343,1.653443705,1.99379251,1,3.075776398
1611,1.264839562,0.4871042113,1.549251717,1,3.076350093
1612,0.8480606716,0.481511356,1.811295972,1,3.076923077
1613,0.4460666775,1.454273124,1.949621635,1,3.07749535
1614,1.881664385,1.705517944,0.6777456336,0,3.0755886
1615,1.323369493,1.633794336,1.499564331,0,3.073684211
1616,1.610643534,0.594800176,1.185675928,1,3.074257426
1617,1.297716178,1.310180097,1.521818886,1,3.074829932
1618,0.9153592656,0.247283084,1.778234353,1,3.075401731
1619,1.612237893,0.183494843,1.183507066,1,3.075972823
1620,0.6194144493,1.671710504,1.90166394,1,3.07654321
1621,1.589114138,1.195722433,1.214378959,1,3.077112893
1622,0.9256193853,1.474673794,1.772915326,1,3.077681874
1623,0.5535212642,0.2752235578,1.921877782,1,3.078250154
1624,0.4492642962,0.7759589894,1.94888727,1,3.078817734
1625,1.779441177,1.564169798,0.9130110072,0,3.076923077
1626,0.7336329731,1.658958981,1.860586644,1,3.077490775
1627,1.01160295,0.7269435821,1.725299821,1,3.078057775
1628,0.9248422852,1.176974298,1.773320825,1,3.078624079
1629,1.861749344,1.567038123,0.7306773439,0,3.076734193
1630,1.20601036,0.09850215768,1.595474541,1,3.077300613
1631,1.659785234,0.4432784689,1.115846305,1,3.07786634
1632,1.687671085,0.3318492536,1.073203759,1,3.078431373
1633,1.764537201,1.888530404,0.9414926797,0,3.076546234
1634,1.379340715,1.462441172,1.448246938,0,3.074663403
1635,0.8746000579,0.07734199643,1.798631352,1,3.075229358
1636,0.6908185805,0.6020455445,1.876904283,1,3.075794621
1637,1.29512198,1.122959533,1.524027249,1,3.076359194
1638,1.302615066,1.215414667,1.517627751,1,3.076923077
1639,0.1945191339,1.576405895,1.9905181,1,3.077486272
1640,1.771301317,1.395495799,0.9287042822,0,3.075609756
1641,1.359073089,1.914033749,1.467283319,0,3.073735527
1642,0.541888845,1.402130401,1.925189985,1,3.074299635
1643,0.3588409051,1.375901308,1.967544969,1,3.074863055
1644,1.18263589,1.22126039,1.612877042,1,3.075425791
1645,0.9345876446,1.511778803,1.768204155,1,3.075987842
1646,0.8339128111,1.244518118,1.817852971,1,3.07654921
1647,0.26998461,0.2674205696,1.981693294,1,3.077109897
1648,0.8046123984,0.432680242,1.831010346,1,3.077669903
1649,1.470459911,1.228004119,1.355635515,1,3.07822923
1650,0.2575982904,1.491704867,1.983341403,1,3.078787879
1651,0.2885179813,1.229079478,1.979079931,1,3.079345851
1652,0.9012344624,1.453714163,1.785434525,1,3.079903148
1653,1.342753485,0.586029285,1.482232465,1,3.08045977
1654,0.5881280683,1.118782761,1.911571441,1,3.081015719
1655,1.989862927,0.2642886689,0.2011107493,0,3.079154079
1656,1.384697082,0.8787195368,1.443126464,1,3.079710145
1657,0.6654610833,1.475110242,1.886043888,1,3.08026554
1658,0.6263601287,1.720151467,1.89938753,1,3.080820265
1659,0.8948697383,1.526159268,1.78863304,1,3.081374322
1660,1.365272434,1.521095532,1.46151674,0,3.079518072
1661,0.7228914704,1.820747064,1.864786294,1,3.080072246
1662,1.51280661,0.7047004466,1.308211053,1,3.080625752
1663,1.072357591,1.645967815,1.688208873,1,3.081178593
1664,1.40854173,1.464853949,1.419862738,0,3.079326923
1665,0.1121694599,1.807903801,1.996852026,1,3.07987988
1666,1.953225375,0.3519314991,0.4300123646,1,3.080432173
1667,1.77245285,1.103653461,0.9265046649,0,3.078584283
1668,1.298947198,1.497234822,1.520768285,1,3.079136691
1669,1.93378908,1.650660108,0.5103526157,0,3.077291791
1670,0.8919988314,0.770301339,1.790066503,1,3.077844311
1671,1.339412671,0.03808888038,1.485252065,1,3.07839617
1672,1.60490699,1.05271759,1.193429325,1,3.078947368
1673,0.07010295775,0.4178633185,1.998771016,1,3.079497908
1674,0.9212912729,1.792786585,1.775168271,0,3.077658303
1675,1.815868656,1.325466615,0.8382249246,0,3.075820896
1676,0.05039956419,1.451745114,1.99936487,1,3.076372315
1677,0.9555310213,0.4504610412,1.756974806,1,3.076923077
1678,0.9413241043,1.227915674,1.764627136,1,3.077473182
1679,0.2446780492,1.713417256,1.984976738,1,3.078022633
1680,0.7579596853,1.879187418,1.850809854,0,3.076190476
1681,1.525294152,0.9461965558,1.29362968,1,3.076740036
1682,1.283465306,0.986475153,1.533856841,1,3.077288942
1683,1.33330003,1.053076192,1.490741772,1,3.077837195
1684,1.684194284,1.993722464,1.078651758,0,3.076009501
1685,0.0008963073658,0.6346805878,1.999999799,1,3.076557864
1686,0.851946492,0.8548596267,1.809471518,1,3.077105575
1687,1.024308763,0.2224331231,1.71778682,1,3.077652638
1688,1.372725615,1.303945839,1.45451861,1,3.078199052
1689,1.488301171,1.092754917,1.336023811,1,3.078744819
1690,0.5828848926,1.542609874,1.91317673,1,3.079289941
1691,0.3905372538,1.397835923,1.961499593,1,3.079834418
1692,1.127785106,0.493670048,1.651696326,1,3.080378251
1693,0.4318832759,0.8268705571,1.952812545,1,3.080921441
1694,1.25284716,0.9728180624,1.558965681,1,3.081463991
1695,0.6086008233,0.2925414444,1.905152235,1,3.0820059
1696,1.598475976,1.209035645,1.202029348,0,3.080188679
1697,0.2093891225,1.370468886,1.989008847,1,3.080730701
1698,0.7518708485,1.524308597,1.853291727,1,3.081272085
1699,1.971866801,0.2234278793,0.3342773066,1,3.081812831
1700,0.429272689,1.523361757,1.953388072,1,3.082352941
1701,0.350744443,0.728907528,1.969004402,1,3.082892416
1702,0.8546706755,0.6705862475,1.808186394,1,3.083431257
1703,1.329628195,0.002537413464,1.494017692,1,3.083969466
1704,0.3537667607,0.2751128295,1.968463634,1,3.084507042
1705,0.8306681511,1.606231367,1.819337908,1,3.085043988
1706,0.3103054477,1.733938243,1.975780992,1,3.085580305
1707,0.6093733628,1.728871374,1.904905274,1,3.086115993
1708,1.035991045,0.7994744387,1.710766657,1,3.086651054
1709,1.86633622,0.5134400899,0.7188804593,1,3.087185489
1710,0.7640230198,1.194762574,1.848315131,1,3.087719298
1711,1.522519625,1.290879314,1.296893978,1,3.088252484
1712,1.949729926,0.6783123007,0.4455931046,0,3.086448598
1713,1.256840139,1.410811938,1.555748329,1,3.086981903
1714,0.1610080749,1.378826203,1.993508565,1,3.087514586
1715,1.571669943,0.3171919327,1.236872504,1,3.088046647
1716,1.937178166,1.826782272,0.4973336437,0,3.086247086
1717,1.178927152,0.04202174983,1.615589914,1,3.086779266
1718,1.543179767,1.171093842,1.272240624,1,3.087310827
1719,0.6695981817,0.5462046065,1.884579071,1,3.087841768
1720,0.1141445918,0.1810236512,1.996740096,1,3.088372093
1721,0.3440665369,1.91536693,1.97018228,1,3.088901801
1722,0.8499613021,0.8018466433,1.810404868,1,3.089430894
1723,1.965554033,1.898887422,0.369590777,0,3.087637841
1724,0.8599766735,0.8354221784,1.805668885,1,3.088167053
1725,1.875456099,0.1696978332,0.6947405415,1,3.088695652
1726,0.7046965231,1.668176456,1.871737912,1,3.089223638
1727,1.397735752,1.010790246,1.430501579,1,3.089751013
1728,0.9072036316,1.124812486,1.782408924,1,3.090277778
1729,0.7143989771,1.189138645,1.868056236,1,3.090803933
1730,1.621131893,0.533391882,1.171294748,1,3.09132948
1731,1.689442476,1.277210289,1.070413061,0,3.089543616
1732,0.9595467014,1.413169393,1.754784924,1,3.090069284
1733,1.533779441,1.118411113,1.2835578,1,3.090594345
1734,1.120933768,1.738203204,1.656353672,0,3.088811995
1735,0.7676692391,1.514933769,1.846803709,1,3.089337176
1736,0.4440267058,1.451141935,1.95008725,1,3.089861751
1737,1.017157673,1.084037135,1.722030856,1,3.090385723
1738,0.97165891,1.275138859,1.748107251,1,3.090909091
1739,1.638403164,1.736688619,1.147011365,0,3.089131685
1740,1.008862662,0.3258254954,1.726903625,1,3.089655172
1741,1.312065887,0.9098290898,1.509464511,1,3.090178059
1742,0.1555714394,1.244710799,1.993940202,1,3.090700344
1743,0.05703445414,0.860781179,1.999186602,1,3.091222031
1744,0.8403775251,0.1960822018,1.814873443,1,3.091743119
1745,1.246439998,1.183592945,1.564093134,1,3.09226361
1746,1.549347646,1.238122847,1.264722053,1,3.092783505
1747,1.538914735,0.405128821,1.277396352,1,3.093302805
1748,0.638259358,0.938584442,1.895422114,1,3.09382151
1749,0.06170912496,1.345107918,1.999047769,1,3.094339623
1750,1.658061896,1.595920158,1.11840545,0,3.092571429
1751,1.303144268,0.6866024684,1.517173364,1,3.093089663
1752,0.6451443873,1.173399903,1.893089728,1,3.093607306
1753,1.373221131,1.780363943,1.454050799,0,3.091842556
1754,1.899079904,1.010345989,0.6272922099,0,3.090079818
1755,1.239372518,0.5230203244,1.569699259,1,3.090598291
1756,1.910849527,0.2927162747,0.5904693762,1,3.091116173
1757,0.3517509399,0.254941002,1.968824847,1,3.091633466
1758,1.568708842,0.1058045673,1.240625879,1,3.092150171
1759,1.405252626,0.789482898,1.423118076,1,3.092666288
1760,1.550520387,0.1774156375,1.263284026,1,3.093181818
1761,1.71641457,0.7436614046,1.026606557,1,3.093696763
1762,1.848302212,0.9082232665,0.7640542734,0,3.091940976
1763,0.9170425878,0.7642905113,1.777366842,1,3.092456041
1764,0.111459963,0.8019217876,1.996891754,1,3.092970522
1765,1.422715546,0.9766741901,1.405660156,1,3.093484419
1766,0.8798353796,0.06425156019,1.796076197,1,3.093997735
1767,0.5289532767,0.8411129819,1.928784185,1,3.09451047
1768,1.165909519,0.6007286553,1.625009229,1,3.095022624
1769,0.01704773012,1.117944582,1.999927342,1,3.0955342
1770,1.419506914,0.8262770288,1.408900323,1,3.096045198
1771,0.7766622917,1.5167781,1.843039795,1,3.096555618
1772,0.7838550802,1.069863915,1.839992177,1,3.097065463
1773,0.3281047803,1.051772116,1.972903255,1,3.097574732
1774,1.589403468,1.970663758,1.214000253,0,3.095828636
1775,1.020781774,1.685672668,1.719885045,1,3.096338028
1776,1.790818731,0.9790442253,0.8904876595,0,3.094594595
1777,1.857370118,1.745237305,0.7417386638,0,3.092853123
1778,0.0368753518,1.797113299,1.999660023,1,3.09336333
1779,0.1915066103,1.269582187,1.990810191,1,3.093872962
1780,1.982864043,1.676579837,0.2612473647,0,3.092134831
1781,0.9800643004,0.6637518788,1.743408721,1,3.092644582
1782,0.3775660758,1.027722025,1.964037642,1,3.09315376
1783,1.628229048,0.7260607944,1.161408699,1,3.093662367
1784,1.817760704,0.837426876,0.8341139146,0,3.091928251
1785,0.87913005,1.749181345,1.796421542,1,3.092436975
1786,1.971561589,1.304712574,0.3360727605,0,3.090705487
1787,1.373895534,1.117339017,1.453413589,1,3.091214326
1788,0.949385123,1.893239376,1.760303351,0,3.089485459
1789,1.42722298,0.003626727054,1.401083354,1,3.08999441
1790,1.358843229,1.647690808,1.467496194,0,3.088268156
1791,1.217021243,0.7184370753,1.587091457,1,3.088777219
1792,0.4544732407,1.399239876,1.947679151,1,3.089285714
1793,1.351873743,1.911725403,1.473919055,0,3.087562744
1794,1.688194464,0.976311355,1.072380273,1,3.088071349
1795,0.4600814717,0.3874188454,1.946362001,1,3.088579387
1796,1.683597334,1.655596823,1.079583261,0,3.086859688
1797,1.530459704,0.6708101139,1.287514309,1,3.087367835
1798,1.112908422,0.006078142604,1.661756554,1,3.087875417
1799,0.3600718723,1.434406709,1.967320067,1,3.088382435
1800,0.6096587504,1.328999534,1.904813956,1,3.088888889
1801,1.566406221,0.6523231727,1.243531886,1,3.089394781
1802,1.271402233,1.124327134,1.543870578,1,3.089900111
1803,1.967954365,1.03497818,0.3565888639,0,3.088186356
1804,0.4982397055,1.925500196,1.936945326,1,3.088691796
1805,1.81241318,1.055943005,0.845670424,0,3.086980609
1806,1.876259771,1.210850617,0.6925671615,0,3.085271318
1807,0.2577125722,1.986978558,1.983326557,0,3.083563918
1808,1.280086698,0.8267926064,1.5366776,1,3.084070796
1809,0.1462184623,1.284506916,1.994647879,1,3.084577114
1810,0.7743176975,1.328434821,1.844026058,1,3.085082873
1811,0.338236224,1.828965849,1.971191583,1,3.085588073
1812,0.5288178993,0.06168736714,1.928821306,1,3.086092715
1813,1.376986936,1.560685721,1.450485084,0,3.084390513
1814,1.532423571,0.5567489214,1.285176252,1,3.084895259
1815,0.7359043913,1.166148045,1.859689417,1,3.085399449
1816,1.487155755,1.255299643,1.33729868,1,3.085903084
1817,1.998371928,1.107357764,0.08068233104,0,3.084204733
1818,0.8353194165,1.152908678,1.817207053,1,3.084708471
1819,0.549887629,0.5616472286,1.92292059,1,3.085211655
1820,1.495848794,1.273865996,1.327567846,1,3.085714286
1821,1.772862506,0.8981660515,0.9257205484,1,3.086216365
1822,1.897116375,1.701412732,0.6332057022,0,3.084522503
1823,1.736638985,1.630070294,0.9920106027,0,3.082830499
1824,1.972306825,1.755618947,0.3316712034,0,3.081140351
1825,0.2587479656,1.07602094,1.983191743,1,3.081643836
1826,0.9911506529,1.850524163,1.737129927,0,3.079956188
1827,1.789756486,1.165486316,0.8926207031,0,3.078270389
1828,1.381281995,1.256287833,1.446395538,1,3.078774617
1829,1.635229537,1.092813698,1.151531311,1,3.079278294
1830,1.019945927,1.511253389,1.720380861,1,3.079781421
1831,0.09779501274,0.606721733,1.997607603,1,3.080283998
1832,0.2591794805,1.992840667,1.983135396,0,3.07860262
1833,0.3140813673,1.190001245,1.975184269,1,3.079105292
1834,1.101951692,0.9259600217,1.66904238,1,3.079607415
1835,1.993711941,0.09836392224,0.1584698607,1,3.080108992
1836,1.17054967,1.131183533,1.621669963,1,3.080610022
1837,0.769116559,1.078076115,1.84620143,1,3.081110506
1838,0.4174401162,0.6496680882,1.955950856,1,3.081610446
1839,1.054989276,1.529099834,1.69911672,1,3.082109842
1840,0.5254996545,1.733684131,1.929727989,1,3.082608696
1841,0.1821189798,1.494072544,1.991690909,1,3.083107007
1842,0.759513276,0.4879965473,1.850172852,1,3.083604777
1843,0.9271517465,1.662160692,1.772114454,1,3.084102008
1844,1.654669092,1.821855847,1.123418976,0,3.082429501
1845,1.934666101,0.3374072352,0.5070178278,1,3.082926829
1846,1.913141008,1.011735609,0.5830021288,0,3.081256771
1847,1.748711553,1.991895547,0.9705709167,0,3.079588522
1848,0.2407195318,0.9196850002,1.985460679,1,3.08008658
1849,0.8337285761,0.06215262057,1.817937475,1,3.0805841
1850,1.2069896,1.365804311,1.594733867,1,3.081081081
1851,0.06069608046,1.804472816,1.999078784,1,3.081577526
1852,0.5057302222,1.046615004,1.935003086,1,3.082073434
1853,0.01556270273,0.1864519065,1.99993945,1,3.082568807
1854,1.531594869,0.4675675939,1.286163737,1,3.083063646
1855,1.850708941,1.061689416,0.7582060512,0,3.081401617
1856,0.2036197769,1.397730828,1.989607747,1,3.081896552
1857,0.003222644176,0.7976867273,1.999997404,1,3.082390953
1858,1.105034733,1.39968162,1.667002771,1,3.082884822
1859,0.4899365948,1.975346853,1.939062179,0,3.081226466
1860,1.929429311,0.604715583,0.5265952288,0,3.079569892
1861,1.81856057,1.300093665,0.8323685792,0,3.077915099
1862,0.5698376697,1.159468047,1.917103291,1,3.078410311
1863,0.5981260955,1.698176197,1.908466708,1,3.078904992
1864,0.9508368063,1.623754976,1.759519641,1,3.079399142
1865,0.831524866,1.157019434,1.818946508,1,3.079892761
1866,0.1355411336,1.130503937,1.995401865,1,3.080385852
1867,0.9169946076,0.2925159681,1.777391597,1,3.080878415
1868,0.5376597654,1.352585188,1.926375347,1,3.08137045
1869,1.028372815,0.176342195,1.715356917,1,3.081861958
1870,1.624721674,1.056810075,1.166310199,1,3.082352941
1871,1.828044339,0.07242555869,0.8113284757,1,3.082843399
1872,1.912749294,0.009652498749,0.5842860066,1,3.083333333
1873,1.287572084,0.6681234812,1.530411098,1,3.083822744
1874,0.7661802987,0.8541539161,1.84742192,1,3.084311633
1875,0.6868390688,1.167400612,1.878364207,1,3.0848
1876,1.904709989,0.5313500081,0.6099834886,1,3.085287846
1877,0.4992029415,0.4218360883,1.936697298,1,3.085775173
1878,1.989022156,0.5006334636,0.2092626633,0,3.084132055
1879,0.8833581186,0.7415093504,1.794346241,1,3.084619478
1880,1.518119413,0.5703411084,1.30204203,1,3.085106383
1881,0.5086669225,1.434560511,1.934233172,1,3.08559277
1882,1.28788861,0.6963834848,1.530144741,1,3.08607864
1883,0.660115224,1.989876888,1.88792158,0,3.084439724
1884,1.84312337,0.06723786459,0.7764639344,1,3.08492569
1885,0.1012398727,1.328114882,1.997435978,1,3.085411141
1886,0.3715820306,1.26842381,1.965178566,1,3.085896076
1887,0.1245995015,0.9639795255,1.996114968,1,3.086380498
1888,0.6424467237,1.250796239,1.894006918,1,3.086864407
1889,0.8048262848,1.347276,1.830916342,1,3.087347803
1890,0.1635393812,1.682159363,1.993302504,1,3.087830688
1891,0.4610571181,0.1154389519,1.946131119,1,3.088313062
1892,0.340302304,1.177751354,1.97083595,1,3.088794926
1893,0.4865596096,1.285998476,1.939912304,1,3.089276281
1894,1.866993908,1.570932396,0.7171706535,0,3.087645195
1895,0.8835725754,0.2365987165,1.794240648,1,3.088126649
1896,1.44606966,1.27723768,1.381623154,1,3.088607595
1897,1.607824131,0.9041275343,1.189496349,1,3.089088034
1898,0.7161100458,1.003293079,1.867400975,1,3.089567966
1899,1.79919222,0.171563869,0.8734456797,1,3.090047393
1900,1.763477696,1.102810796,0.94347571,0,3.088421053
1901,1.144510795,1.752764214,1.64015092,0,3.086796423
1902,1.165206927,0.6996889917,1.625513094,1,3.087276551
1903,0.06768596984,0.7486415441,1.998854324,1,3.087756174
1904,1.413740022,1.98892477,1.414686944,0,3.086134454
1905,1.859163302,0.4888261346,0.7372325384,1,3.086614173
1906,0.4319798466,0.2345206104,1.952791185,1,3.087093389
1907,0.6339021385,1.335933709,1.896883781,1,3.087572103
1908,1.87246613,0.7066912268,0.7027592691,0,3.085953878
1909,1.68857362,1.766579536,1.071783154,0,3.084337349
1910,0.4242211717,0.5351786797,1.95449134,1,3.084816754
1911,1.108908557,0.8960297094,1.664428374,1,3.085295657
1912,0.983776503,0.6310019552,1.741316683,1,3.085774059
1913,0.6072623554,1.143581364,1.90557929,1,3.08625196
1914,1.661285068,0.7761318971,1.113612107,1,3.086729363
1915,1.079815848,0.598617115,1.683448168,1,3.087206266
1916,0.108465271,1.839377747,1.997056655,1,3.087682672
1917,0.2416664428,0.05574096555,1.985345645,1,3.088158581
1918,0.6178857902,0.6114728522,1.902161179,1,3.088633994
1919,1.828573482,0.621314229,0.8101351862,1,3.089108911
1920,1.832374227,0.6157038908,0.801501523,1,3.089583333
1921,1.923518161,1.961072837,0.5477936514,0,3.087975013
1922,1.080572876,0.3590557624,1.682962347,1,3.088449532
1923,0.188691688,1.135144008,1.991078966,1,3.088923557
1924,0.4607473746,0.1450023986,1.946204475,1,3.089397089
1925,1.604780538,0.1090568663,1.193599357,1,3.08987013
1926,1.293415235,0.9199216342,1.525476001,1,3.090342679
1927,1.357394885,1.875229648,1.468835977,0,3.088738972
1928,1.530311281,0.9799493345,1.287690718,1,3.089211618
1929,1.936308966,0.5752848149,0.5007070866,0,3.087610161
1930,0.9359429263,1.186267074,1.767487154,1,3.088082902
1931,1.36508272,1.396275153,1.461693937,1,3.088555153
1932,0.4728702806,1.176219793,1.943294547,1,3.089026915
1933,1.931683205,0.2412251295,0.5182663383,1,3.089498189
1934,1.760584368,1.856987699,0.9488638902,0,3.087900724
1935,0.6457486157,0.5975760123,1.892883706,1,3.088372093
1936,1.157318191,0.6951135286,1.631139051,1,3.088842975
1937,1.783402666,0.5482347325,0.9052485457,1,3.089313371
1938,0.09889504909,1.055642598,1.997553446,1,3.089783282
1939,0.05483145169,0.2199708228,1.999248237,1,3.090252708
1940,1.002310548,1.338441071,1.730714756,1,3.090721649
1941,0.3267870404,1.538229757,1.97312195,1,3.091190108
1942,0.3592030659,1.930171183,1.967478884,1,3.091658084
1943,1.779491235,1.864172306,0.9129134383,0,3.090066907
1944,0.06178243217,0.05996947438,1.999045505,1,3.090534979
1945,1.345592549,1.085416246,1.479655599,1,3.091002571
1946,0.06051185373,1.341202206,1.999084369,1,3.091469681
1947,1.993801427,1.189543935,0.157339979,0,3.08988187
1948,0.01110640855,1.95163979,1.999969162,1,3.090349076
1949,1.12907653,1.197763606,1.650813796,1,3.090815803
1950,0.102374864,0.1173522453,1.997378128,1,3.091282051
1951,0.801762062,1.430603363,1.832260242,1,3.091747822
1952,0.4640628931,0.8545612763,1.94541657,1,3.092213115
1953,0.05090747986,1.393054189,1.999352002,1,3.092677931
1954,1.186641374,0.07131815949,1.609932374,1,3.093142272
1955,1.858799172,0.1421438635,0.7381501471,1,3.093606138
1956,0.1251505645,1.726805336,1.996080493,1,3.09406953
1957,1.548227102,0.5006168457,1.266093536,1,3.094532448
1958,0.3511409949,0.2250179154,1.968933722,1,3.094994893
1959,1.940762688,0.7455628215,0.4831564865,0,3.093415008
1960,0.6105934986,1.965953747,1.904514526,0,3.091836735
1961,1.72228172,1.357396867,1.016732844,0,3.090260071
1962,1.931641841,1.340969809,0.5184204828,0,3.088685015
1963,1.951598459,1.772026828,0.4373367739,0,3.087111564
1964,0.8711279006,0.392148213,1.800315578,1,3.087576375
1965,1.042798187,0.2918823969,1.706625894,1,3.088040712
1966,1.797628298,0.2136954547,0.8766598547,1,3.088504578
1967,0.9929960778,0.86535981,1.736075687,1,3.088967972
1968,1.239329439,1.272130435,1.569733271,1,3.089430894
1969,1.74057671,0.1990663601,0.9850851308,1,3.089893347
1970,0.7361376925,1.918705579,1.859597079,0,3.088324873
1971,0.895433415,0.5980224592,1.788350916,1,3.088787418
1972,1.980080901,1.605061946,0.2815663819,0,3.087221095
1973,0.6056376063,0.03782745692,1.906096296,1,3.08768373
1974,1.274943988,1.433199286,1.540947055,1,3.088145897
1975,1.306744937,1.690471,1.514073205,0,3.086582278
1976,1.25775784,1.170675206,1.555006501,1,3.087044534
1977,0.08541778255,1.876822213,1.998175118,1,3.087506323
1978,0.2494296208,1.32871122,1.984385261,1,3.087967644
1979,0.4961526083,0.08940346803,1.937480991,1,3.088428499
1980,1.599214692,1.813511479,1.201046364,0,3.086868687
1981,1.645130581,1.691235546,1.137341361,0,3.085310449
1982,0.6850563728,0.02499832625,1.879015105,1,3.085771948
1983,0.1470838606,0.6533547142,1.994584252,1,3.08623298
1984,0.01695872953,1.587404075,1.999928099,1,3.086693548
1985,0.9280856618,0.4852357641,1.771625526,1,3.087153652
1986,0.7060255506,1.424514151,1.871237003,1,3.087613293
1987,0.7005134896,1.163011827,1.873307463,1,3.088072471
1988,0.4875737948,0.6558123159,1.939657649,1,3.088531187
1989,1.092150158,0.1580796228,1.67547248,1,3.088989442
1990,1.297321374,1.532903395,1.522155463,0,3.087437186
1991,0.04755104871,0.5427119612,1.999434645,1,3.08789553
1992,0.2450488604,0.1519118819,1.984930995,1,3.088353414
1993,0.6180107998,0.179692076,1.902120567,1,3.088810838
1994,1.048871845,0.1054562646,1.702899837,1,3.089267803
1995,1.276961269,1.063664697,1.539275777,1,3.089724311
1996,0.7686927991,1.205154884,1.846377908,1,3.090180361
1997,0.5039575373,0.7512883218,1.935465526,1,3.090635954
1998,1.86948076,1.532337292,0.71066285,0,3.089089089
1999,1.235856015,1.746614981,1.572469367,0,3.087543772
2000,0.7542018846,1.574285617,1.85234433,1,3.088
2001,0.8045113725,1.05838744,1.831054737,1,3.088455772
2002,1.84591116,0.3245854026,0.7698129585,1,3.088911089
2003,1.425453259,0.4210925282,1.402883818,1,3.089365951
2004,1.006884595,0.862208535,1.7280577,1,3.089820359
2005,1.391651828,0.8368486337,1.436420966,1,3.090274314
2006,0.982898741,1.89309,1.741812293,0,3.088733799
2007,1.505177965,1.166351508,1.316981129,1,3.089187843
2008,0.1237721043,1.855685733,1.996166443,1,3.089641434
2009,1.626953858,0.5027373796,1.16319437,1,3.090094574
2010,1.447423855,0.8570344815,1.380204399,1,3.090547264
2011,1.245445426,0.8300169868,1.5648852,1,3.090999503
2012,0.7531557359,0.7278241937,1.852769936,1,3.091451292
2013,0.5736081973,0.2736625765,1.915978506,1,3.091902633
2014,1.849976505,0.3327934121,0.7599914021,1,3.092353525
2015,1.281879402,0.6635800162,1.535182464,1,3.09280397
2016,1.357367941,1.488052989,1.468860876,0,3.091269841
2017,0.8320240612,0.03538652072,1.818718219,1,3.091720377
2018,0.1450070204,0.7914973972,1.994736314,1,3.092170466
2019,1.259875773,1.302229204,1.553291034,1,3.092620109
2020,1.314167837,1.228630235,1.507634868,1,3.093069307
2021,0.6264193455,0.451942423,1.899368001,1,3.09351806
2022,0.2027510828,1.64504505,1.989696459,1,3.09396637
2023,0.7552133815,1.920436955,1.851932166,0,3.092436975
2024,0.760791721,0.09614746064,1.849647522,1,3.092885375
2025,0.5589166435,0.06478234902,1.920315647,1,3.093333333
2026,1.002846673,1.164427377,1.730404158,1,3.093780849
2027,1.826267567,1.613446587,0.8153200438,0,3.092254563
2028,0.3000745719,0.3504655118,1.977360678,1,3.09270217
2029,1.73132011,0.4237019928,1.001264539,1,3.093149335
2030,1.595311884,0.2829252694,1.206225515,1,3.093596059
2031,0.03439614888,1.772834951,1.999704204,1,3.094042344
2032,0.2685038335,1.460563364,1.98189447,1,3.094488189
2033,0.1004490991,1.345345893,1.997475902,1,3.094933596
2034,1.709667366,0.6014159939,1.037804171,1,3.095378564
2035,1.954057285,0.3766523273,0.4262160571,1,3.095823096
2036,0.3911149613,0.6332844152,1.961384482,1,3.096267191
2037,1.639046915,1.620993795,1.146091275,0,3.094747177
2038,1.353399013,0.792031679,1.472518629,1,3.095191364
2039,0.2620217098,1.679541253,1.982761868,1,3.095635115
2040,1.332396584,1.36323695,1.49154931,1,3.096078431
2041,1.951702449,0.2349477596,0.436872463,1,3.096521313
2042,1.959025403,1.499383796,0.4027647811,0,3.095004897
2043,0.1420061443,1.611718515,1.994952194,1,3.095447871
2044,0.6919510988,1.111044589,1.876487057,1,3.095890411
2045,1.81567853,1.54159614,0.838636676,0,3.094376528
2046,1.724259697,1.50773984,1.013374806,0,3.092864125
2047,0.8825525464,1.305905011,1.794742601,1,3.093307279
2048,1.220163355,1.160394125,1.584677061,1,3.09375
2049,1.275492896,1.572495037,1.540492737,0,3.092240117
2050,1.078535604,1.74176874,1.68426867,0,3.090731707
2051,0.5857814372,0.6897832898,1.912291847,1,3.091175037
2052,0.873779554,0.297692359,1.799030097,1,3.091617934
2053,1.44607288,1.732941993,1.381619783,0,3.090112031
2054,0.05475173978,1.583706563,1.999250421,1,3.090555015
2055,1.509731468,0.07918573748,1.311758703,1,3.090997567
2056,0.4635233885,0.4966039708,1.945545185,1,3.091439689
2057,0.7679339758,0.2813377688,1.846693642,1,3.091881381
2058,1.072754183,1.404560181,1.68795689,1,3.092322643
2059,0.9763875498,1.73148242,1.745470525,1,3.092763477
2060,0.0943542715,0.3090004328,1.997773078,1,3.093203883
2061,0.6082779074,1.435028379,1.90525536,1,3.093643862
2062,0.2615554655,1.809237104,1.982823426,1,3.094083414
2063,1.625042309,1.922085227,1.165863411,0,3.092583616
2064,0.5309853674,0.5347307463,1.928225749,1,3.093023256
2065,1.208912096,1.76378859,1.593276983,0,3.091525424
2066,1.971683672,1.298001022,0.3353557796,0,3.090029042
2067,1.13195039,0.7364531545,1.648844539,1,3.090469279
2068,0.8891001127,0.4608922332,1.791508021,1,3.090909091
2069,0.2823301449,1.192239971,1.979972144,1,3.091348478
2070,1.582349952,0.09890680129,1.223179721,1,3.09178744
2071,0.08673179304,0.357992828,1.998118514,1,3.092225978
2072,0.6956516569,1.23356267,1.875118336,1,3.092664093
2073,0.5998492759,1.212792071,1.907925797,1,3.093101785
2074,1.056006408,1.251664386,1.698484756,1,3.093539055
2075,0.9639909026,1.195102293,1.752347437,1,3.093975904
2076,1.303778385,1.112901463,1.516628472,1,3.094412331
2077,0.9134242446,0.001407294073,1.779229088,1,3.094848339
2078,1.771141682,1.30058402,0.9290086877,0,3.093358999
2079,0.1948582379,0.3095286182,1.990484933,1,3.093795094
2080,0.9673354972,1.337683286,1.750503366,1,3.094230769
2081,1.920541416,1.293015082,0.5581403659,0,3.092743873
2082,1.533322478,0.5903393138,1.284103647,1,3.093179635
2083,1.226227427,1.868299006,1.579989334,0,3.091694671
2084,1.512243557,0.7204246264,1.308861882,1,3.092130518
2085,1.482423662,1.871045386,1.342542396,0,3.090647482
2086,0.8226007236,1.216159594,1.822999739,1,3.091083413
2087,1.513518988,0.9695317889,1.307386811,1,3.091518927
2088,0.6475135986,1.531240065,1.892280671,1,3.091954023
2089,0.8940998166,1.085026817,1.789018032,1,3.092388703
2090,1.833521898,1.203387594,0.7988726113,0,3.090909091
2091,0.4891189228,0.3002048779,1.939268594,1,3.091343855
2092,0.5004675959,0.7095829029,1.93637088,1,3.091778203
2093,0.5355054885,0.06586966119,1.926975317,1,3.092212136
2094,0.2123754291,0.1134236171,1.988692203,1,3.092645654
2095,0.5209250056,1.214874885,1.930967928,1,3.093078759
2096,0.7580067134,1.120684005,1.850790594,1,3.09351145
2097,1.425843514,0.4020767084,1.402487175,1,3.093943729
2098,0.6334917116,1.242416563,1.897020888,1,3.094375596
2099,1.739851733,0.6461343275,0.9863650171,1,3.094807051
2100,0.3647896077,1.016832673,1.966450747,1,3.095238095
2101,0.4652738171,1.800822978,1.945127316,1,3.095668729
2102,1.548442854,0.9815952509,1.26582966,1,3.096098953
2103,1.3506994,1.770124918,1.474995298,0,3.094626724
2104,1.578908848,0.6102672806,1.227618365,1,3.095057034
2105,1.086834932,1.443229869,1.678925201,1,3.095486936
2106,0.7794467598,0.3885453603,1.841863933,1,3.095916429
2107,1.409742782,0.7512077466,1.418670254,1,3.096345515
2108,0.88814482,1.912765353,1.791981802,0,3.09487666
2109,1.437695763,1.799088422,1.390334813,0,3.093409199
2110,1.82736236,1.972081836,0.8128633368,0,3.091943128
2111,1.841054872,1.542888997,0.7813558452,0,3.090478446
2112,0.8826348047,0.3811592816,1.794702148,1,3.090909091
2113,1.559907799,0.7354393079,1.251673943,1,3.091339328
2114,1.719187497,0.7500323988,1.02195614,1,3.091769158
2115,0.1877699212,0.455609533,1.991166105,1,3.092198582
2116,1.92331048,0.8288877727,0.5485223771,0,3.09073724
2117,0.4192207422,0.2654014232,1.955569986,1,3.091166745
2118,0.6228432016,1.076389072,1.900543698,1,3.091595845
2119,0.2278542443,1.87206056,1.986978219,1,3.09202454
2120,1.228096351,0.864831428,1.578537092,1,3.09245283
2121,0.5231482133,0.8797899814,1.930366791,1,3.092880717
2122,0.1921297456,1.372538125,1.99075015,1,3.0933082
2123,0.7700123726,1.349859478,1.845827984,1,3.09373528
2124,0.9508857542,0.2262949001,1.759493189,1,3.094161959
2125,1.734044289,0.3250095911,0.9965392132,1,3.094588235
2126,0.8204316334,1.634738205,1.823976956,1,3.095014111
2127,1.675171099,1.47834854,1.092612369,0,3.093559003
2128,1.417692191,1.22035898,1.410726356,1,3.093984962
2129,0.2123068031,1.200548589,1.98869953,1,3.094410521
2130,1.451856536,1.474602937,1.375540839,0,3.092957746
2131,1.370831856,0.1123322897,1.456303548,1,3.093383388
2132,0.03191694458,0.2131085533,1.999745311,1,3.09380863
2133,1.718116282,1.590294803,1.023756046,0,3.092358181
2134,1.273947998,1.329802735,1.541770572,1,3.092783505
2135,1.086581697,0.2140309222,1.679089103,1,3.093208431
2136,0.6759160307,0.8884493313,1.882322374,1,3.093632959
2137,1.309423714,0.2977452916,1.511757102,1,3.094057089
2138,0.3840076307,0.04373636116,1.962788358,1,3.094480823
2139,1.578279483,0.9091806185,1.228427398,1,3.094904161
2140,0.7465594136,0.4325944959,1.855437696,1,3.095327103
2141,1.241476931,0.4735623938,1.568035404,1,3.09574965
2142,1.450157518,0.8345159898,1.377331904,1,3.096171802
2143,1.904891814,0.7084722463,0.6094154383,0,3.094727018
2144,1.332004313,1.848137355,1.491899631,0,3.093283582
2145,0.3050496838,0.5753238627,1.976599274,1,3.093706294
2146,0.7318611864,0.7909218427,1.861284289,1,3.094128611
2147,0.6440267094,0.03248235828,1.893470253,1,3.094550536
2148,0.1388036372,1.36943188,1.995177574,1,3.094972067
2149,1.912730769,1.770836929,0.5843466485,0,3.093531875
2150,1.032364927,0.4310480878,1.712957284,1,3.093953488
2151,1.758995554,1.746651363,0.9518059894,0,3.092515109
2152,0.144693064,1.348148997,1.994759113,1,3.092936803
2153,1.486863876,0.8395136057,1.337623196,1,3.093358105
2154,1.486533583,0.5890804148,1.337990249,1,3.093779016
2155,1.934840334,1.993167277,0.5063525263,0,3.092343387
2156,1.466511459,0.2365531356,1.359905931,1,3.092764378
2157,0.7115475641,0.03667956335,1.869144206,1,3.093184979
2158,1.534220722,1.359703582,1.283030309,0,3.091751622
2159,0.3335618633,0.1787724026,1.971987952,1,3.092172302
2160,0.9251852779,1.212477553,1.773141901,1,3.092592593
2161,0.1865655808,0.008370965637,1.991279308,1,3.093012494
2162,1.741537879,0.4153999757,0.9833848773,1,3.093432007
2163,1.595516673,0.9081772728,1.20595462,1,3.093851133
2164,0.02077214968,1.083652751,1.999892127,1,3.094269871
2165,1.434135769,1.554838703,1.39400667,0,3.092840647
2166,1.862020684,0.3263415283,0.7299855967,1,3.093259464
2167,0.02776795545,1.359901396,1.999807226,1,3.093677896
2168,1.725939006,1.097986046,1.010512023,0,3.092250923
2169,0.6071991824,1.272556584,1.905599421,1,3.092669433
2170,1.116667356,0.192831566,1.65923296,1,3.093087558
2171,1.665969937,1.189480721,1.106591238,0,3.091662828
2172,0.4658009954,1.153093244,1.945001139,1,3.092081031
2173,0.03459421819,0.1859393417,1.999700788,1,3.09249885
2174,1.823192895,0.3368086544,0.8221725301,1,3.092916283
2175,0.5063039314,1.983919065,1.934853051,0,3.091494253
2176,0.169720524,1.115682625,1.992785724,1,3.091911765
2177,1.040424624,1.808142092,1.708073945,0,3.090491502
2178,1.682387342,1.495298666,1.081467905,0,3.089072544
2179,1.636550941,0.6744174855,1.149652564,1,3.089490592
2180,0.7158400431,0.02343908555,1.867504493,1,3.089908257
2181,1.571766497,1.961839896,1.236749804,0,3.088491518
2182,1.659198212,1.837104893,1.116718986,0,3.087076077
2183,1.379371686,0.6468944848,1.448217439,1,3.087494274
2184,0.7470750315,1.212264177,1.855230147,1,3.087912088
2185,1.539331161,0.3700498576,1.276894505,1,3.088329519
2186,0.8277887168,1.294463099,1.82064984,1,3.088746569
2187,0.2669442819,0.6327782667,1.982105131,1,3.089163237
2188,0.1501508597,1.232057327,1.994355715,1,3.089579525
2189,1.182608063,1.944540369,1.612897445,0,3.088168113
2190,1.082570815,0.927557418,1.681677861,1,3.088584475
2191,1.674915262,0.1444654446,1.093004512,1,3.089000456
2192,1.525901071,1.666415612,1.292913733,0,3.087591241
2193,0.09446058631,0.5057068995,1.997768054,1,3.088007296
2194,1.479985635,1.147139597,1.345229541,1,3.088422972
2195,1.489411671,1.237706898,1.334785703,1,3.088838269
2196,0.7411702612,1.596200981,1.857597008,1,3.089253188
2197,1.783435715,0.4114836016,0.905183434,1,3.089667729
2198,0.2792354134,1.149984617,1.980410963,1,3.090081893
2199,0.2081590371,1.462020644,1.989137958,1,3.09049568
2200,1.247577357,1.133088833,1.563186086,1,3.090909091
2201,0.5174320284,1.098257011,1.931906855,1,3.091322126
2202,1.041941203,0.4075609456,1.707149241,1,3.091734787
2203,0.7025814701,1.588328922,1.872532851,1,3.092147072
2204,0.6221195097,0.1538937662,1.900780712,1,3.092558984
2205,1.652961846,1.351931224,1.125929454,0,3.091156463
2206,1.911510747,0.5958101675,0.5883253057,0,3.089755213
2207,0.4296591265,0.04340225892,1.953303109,1,3.090167648
2208,1.156254706,1.027398215,1.631893089,1,3.09057971
2209,1.155321165,0.1673153176,1.632554135,1,3.090991399
2210,1.647550284,1.381451773,1.133833348,0,3.08959276
2211,1.853880967,0.2157265214,0.7504167905,1,3.090004523
2212,0.1492774215,0.8086418,1.994421282,1,3.090415913
2213,0.5770084345,1.83448583,1.914957249,1,3.090826932
2214,0.820966248,1.813853642,1.82373639,1,3.091237579
2215,1.176010376,1.601315566,1.617714312,1,3.091647856
2216,1.325060569,0.1884635848,1.498070255,1,3.092057762
2217,1.038515035,1.377814685,1.709235654,1,3.092467298
2218,1.122831526,1.219270042,1.655067783,1,3.092876465
2219,1.166843846,0.260598567,1.624338462,1,3.093285264
2220,0.5629870402,1.799541616,1.919126258,1,3.093693694
2221,0.9817234974,1.351651826,1.742474957,1,3.094101756
2222,1.336283611,0.4194847885,1.488067912,1,3.094509451
2223,1.270465186,1.410579511,1.544641775,1,3.094916779
2224,0.7850795656,0.142341204,1.839470053,1,3.095323741
2225,0.6452083136,0.7965779019,1.893067942,1,3.095730337
2226,1.589145941,1.8199161,1.214337341,0,3.094339623
2227,0.9176326593,0.04650544804,1.777062268,1,3.094746295
2228,1.746554167,0.7397138363,0.974447813,1,3.095152603
2229,1.484234417,1.177870606,1.340540262,1,3.095558546
2230,1.27390803,1.595736223,1.541803597,0,3.094170404
2231,0.3093792669,1.225063967,1.975926231,1,3.094576423
2232,1.934311481,1.597566784,0.5083690541,0,3.093189964
2233,1.651928068,1.198055034,1.127445635,0,3.091804747
2234,1.95725401,0.8471551608,0.4112866877,0,3.09042077
2235,1.306361982,0.4632187692,1.514403636,1,3.09082774
2236,0.3970933898,0.01175824613,1.960182859,1,3.091234347
2237,0.2616249949,1.162987547,1.982814253,1,3.09164059
2238,0.62688533,0.09784052385,1.899214254,1,3.09204647
2239,0.9551046855,0.06239079396,1.757206601,1,3.092451987
2240,0.9064442656,1.839987068,1.782795219,0,3.091071429
2241,0.2020269905,1.224350403,1.989770111,1,3.091477019
2242,1.236871275,0.5247422094,1.57167091,1,3.091882248
2243,1.770006807,0.6984818927,0.931169105,1,3.092287115
2244,0.5159119541,0.9275611314,1.932313343,1,3.092691622
2245,0.2297868286,1.276514496,1.98675565,1,3.093095768
2246,0.08555687632,0.7276670992,1.998169167,1,3.093499555
2247,1.873302456,1.283955403,0.7005268787,0,3.09212283
2248,0.9067107191,1.770490257,1.782659718,1,3.09252669
2249,1.268313078,0.01986182133,1.546409368,1,3.092930191
2250,0.1510912465,0.3440676932,1.994284693,1,3.093333333
2251,0.4613063366,1.394980839,1.94607206,1,3.093736117
2252,0.7697287282,1.740756356,1.845946284,1,3.094138544
2253,0.557731474,0.516924098,1.9206602,1,3.094540613
2254,1.641822929,0.923028589,1.142110972,1,3.094942325
2255,1.213183323,1.158381326,1.590027115,1,3.095343681
2256,0.7214485319,1.170279773,1.865345013,1,3.095744681
2257,1.356765197,1.592696798,1.46941764,0,3.094373062
2258,1.436909397,0.04055673163,1.391147506,1,3.094774136
2259,1.332312974,0.8315126777,1.491623994,1,3.095174856
2260,0.674094351,1.897741635,1.882975519,0,3.09380531
2261,1.446915703,0.9784600756,1.380737103,1,3.094206103
2262,1.602585933,0.9820234011,1.196544328,1,3.094606543
2263,0.02498517674,1.066818972,1.999843929,1,3.095006628
2264,0.1045474961,1.996918305,1.997265586,1,3.09540636
2265,0.705491488,0.6526377414,1.87143842,1,3.09580574
2266,0.2108817984,0.6124261827,1.988851143,1,3.096204766
2267,1.503965377,0.7355415188,1.318365709,1,3.096603441
2268,0.3546465008,1.464418186,1.968305327,1,3.097001764
2269,0.6531053539,0.7595304169,1.890358008,1,3.097399736
2270,1.75761077,1.680401671,0.954360718,0,3.096035242
2271,0.81353349,0.5227468002,1.82706411,1,3.096433289
2272,0.7981761232,0.176248576,1.833825203,1,3.096830986
2273,0.9954987062,1.757701791,1.734641844,0,3.095468544
2274,0.1899230511,1.212216243,1.990961887,1,3.095866315
2275,0.4849395646,1.067073977,1.940317917,1,3.096263736
2276,1.488520136,1.194005282,1.335779849,1,3.096660808
2277,1.572994038,1.985722246,1.235188146,0,3.095300834
2278,1.96079072,0.9598065742,0.3940808939,0,3.093942054
2279,0.1878818578,0.5669333742,1.991155546,1,3.094339623
2280,1.365033757,1.175905982,1.461739663,1,3.094736842
2281,0.9587654662,1.099995875,1.755211891,1,3.095133713
2282,1.71283791,0.6925083337,1.032562974,1,3.095530237
2283,0.9412589996,0.1227657235,1.764661864,1,3.095926413
2284,0.8702424583,0.32264126,1.800743753,1,3.096322242
2285,0.7626550065,1.0715854,1.848880023,1,3.096717724
2286,0.2146431558,0.8461338185,1.988448721,1,3.097112861
2287,1.04116766,0.3694482244,1.707621124,1,3.097507652
2288,0.9849149659,1.27190589,1.740673005,1,3.097902098
2289,0.09016531469,0.1907925332,1.99796652,1,3.098296199
2290,0.4321245798,0.5841351726,1.952759163,1,3.098689956
2291,0.2031988328,1.099731061,1.989650782,1,3.09908337
2292,1.148770653,1.574492447,1.637170115,1,3.09947644
2293,0.5882679411,0.8014846031,1.911528401,1,3.099869167
2294,1.551955574,1.525285571,1.26152047,0,3.098517873
2295,1.499804047,1.901464598,1.323097812,0,3.097167756
2296,1.500733821,0.8805871662,1.322043115,1,3.097560976
2297,0.6285982439,0.6084958388,1.898648005,1,3.097953853
2298,0.9355545625,0.9328506073,1.767692751,1,3.098346388
2299,0.1702178318,0.650062576,1.992743308,1,3.098738582
2300,1.568666139,1.310726373,1.240679872,0,3.097391304
2301,1.375784185,0.1857459474,1.451625942,1,3.097783572
2302,0.3050306698,1.473820899,1.976602208,1,3.0981755
2303,1.040832542,0.05673171619,1.707825406,1,3.098567086
2304,0.3693806196,0.3773740789,1.965593538,1,3.098958333
2305,1.112308853,1.967956519,1.66215794,0,3.097613883
2306,1.096212619,1.739645292,1.672817352,0,3.096270598
2307,0.73356101,1.441431812,1.860615018,1,3.096662332
2308,1.691607868,0.5841829568,1.066987733,1,3.097053726
2309,0.5749822429,0.9604171561,1.915566606,1,3.097444781
2310,1.908583643,0.3678761197,0.5977528581,1,3.097835498
2311,0.5995162282,1.524557275,1.908030475,1,3.098225876
2312,1.220097858,1.095668299,1.58472749,1,3.098615917
2313,0.02199592022,1.232856362,1.999879041,1,3.09900562
2314,0.6872068659,1.12709849,1.878229678,1,3.099394987
2315,1.314939713,1.928251491,1.506961696,0,3.098056156
2316,0.480830916,1.11912383,1.941340163,1,3.098445596
2317,1.757963564,1.596338583,0.9537107043,0,3.09710833
2318,0.9850837013,0.9865369452,1.74057752,1,3.097497843
2319,1.565491375,1.227472518,1.244683395,1,3.09788702
2320,0.3927093027,1.830145208,1.961065885,1,3.098275862
2321,1.779563477,1.562321797,0.9127726073,0,3.096940974
2322,1.033043987,0.2911109447,1.712547845,1,3.097329888
2323,0.5094675722,1.276877399,1.934022439,1,3.097718467
2324,1.38963183,0.7295832592,1.438375256,1,3.098106713
2325,1.789749758,1.949857073,0.8926341935,0,3.096774194
2326,0.1815693597,0.04069062559,1.99174109,1,3.097162511
2327,1.526607635,0.8015565241,1.292079381,1,3.097550494
2328,0.1309686126,1.026952147,1.995707199,1,3.097938144
2329,1.239130157,1.658644418,1.569890586,0,3.096607986
2330,0.9496202093,1.107451783,1.760176542,1,3.096995708
2331,0.9202276569,1.737526628,1.775719871,1,3.097383097
2332,0.02089207499,1.381379654,1.999890877,1,3.097770154
2333,1.390676027,1.116248986,1.437365711,1,3.09815688
2334,0.7005601236,0.8433379086,1.873290024,1,3.098543273
2335,1.279322945,1.813459408,1.537313502,0,3.097216274
2336,0.08135993367,0.6993351829,1.998344455,1,3.09760274
2337,0.675081954,0.4283801589,1.882621671,1,3.097988875
2338,0.2546781196,0.3077614888,1.983718492,1,3.098374679
2339,1.682319059,1.536262808,1.081574123,0,3.097050021
2340,0.3755405277,1.431287634,1.96442595,1,3.097435897
2341,1.468586284,1.515147351,1.357665027,0,3.096112772
2342,0.5002392688,0.952089552,1.936429878,1,3.096498719
2343,0.1276432827,0.9765724007,1.995922642,1,3.096884336
2344,0.4472216477,0.7375492988,1.949357022,1,3.097269625
2345,0.15649751,1.732469428,1.993867731,1,3.097654584
2346,0.7598089148,1.461633604,1.850051462,1,3.098039216
2347,0.7877955501,0.02755417329,1.838308508,1,3.098423519
2348,0.8713106669,1.656999058,1.800227131,1,3.098807496
2349,0.9011062665,0.3920879009,1.785499229,1,3.099191145
2350,1.634663683,1.190921934,1.152334432,0,3.09787234
2351,0.3488662335,1.282542649,1.969338049,1,3.098256061
2352,1.78625789,0.3987914996,0.8996014395,1,3.098639456
2353,1.281163322,1.28507193,1.535780108,1,3.099022524
2354,0.9530541622,1.064328654,1.758319585,1,3.099405268
2355,0.8020278831,0.6971055546,1.832143901,1,3.099787686
2356,0.1436825262,1.744196404,1.994832156,1,3.100169779
2357,0.8720856346,1.119114255,1.79985184,1,3.100551549
2358,0.6860426652,1.864909222,1.878655227,1,3.100932994
2359,1.673451079,0.701113675,1.095244943,1,3.101314116
2360,1.312419925,1.243653109,1.509156699,1,3.101694915
2361,1.163904461,1.5032717,1.626445943,1,3.102075392
2362,0.7789327886,0.4912812912,1.842081353,1,3.102455546
2363,1.138865946,0.6573617733,1.644075532,1,3.102835379
2364,0.4441018071,1.120057346,1.950070149,1,3.10321489
2365,1.290305744,0.6070672256,1.528107027,1,3.10359408
2366,1.006223405,0.1119631524,1.728442785,1,3.10397295
2367,0.5528770894,0.665561055,1.922063195,1,3.1043515
2368,1.803462879,1.193174871,0.8645933399,0,3.103040541
2369,0.01843340778,1.888155634,1.999915051,1,3.103419164
2370,0.116688822,0.5218844282,1.996593028,1,3.103797468
2371,1.326095379,1.709704025,1.497154316,0,3.102488402
2372,1.476281917,1.468052044,1.349293038,0,3.101180438
2373,1.729139638,1.283202125,1.005025429,0,3.099873578
2374,0.1831375582,0.7621357518,1.991597508,1,3.100252738
2375,1.371479335,1.342971998,1.455693798,1,3.100631579
2376,0.4910018747,0.8507618171,1.938792707,1,3.101010101
2377,0.5994279369,0.4889254958,1.908058214,1,3.101388305
2378,1.187560351,1.573703039,1.609254614,1,3.10176619
2379,0.0566934658,0.5134869559,1.999196301,1,3.102143758
2380,0.02380489246,1.86433226,1.999858327,1,3.102521008
2381,1.573243974,1.429358755,1.23486979,0,3.101217976
2382,0.07084741677,0.1717969526,1.998744767,1,3.101595298
2383,0.09939275269,1.798679534,1.997528743,1,3.101972304
2384,1.008686163,0.9379115252,1.727006724,1,3.102348993
2385,1.582611815,1.4745672,1.222840891,0,3.101048218
2386,0.8644697881,0.1940039856,1.803522106,1,3.101424979
2387,0.3284358945,1.404679116,1.97284816,1,3.101801424
2388,1.711289325,0.8234603015,1.035127454,1,3.102177554
2389,1.771543649,0.8061320137,0.9282419408,1,3.10255337
2390,0.1704384882,0.285445338,1.992724447,1,3.10292887
2391,1.900558548,0.6915887168,0.6227978846,0,3.101631117
2392,0.6540222162,0.2146491579,1.890040989,1,3.102006689
2393,0.5162776151,0.195075156,1.932215677,1,3.102381947
2394,0.6263772918,0.5530795838,1.89938187,1,3.102756892
2395,1.924053504,0.1921977286,0.5459103545,1,3.103131524
2396,0.1153627442,1.073274215,1.996670087,1,3.103505843
2397,0.7759252617,0.9507827599,1.843350208,1,3.10387985
2398,0.5648896959,0.3084897975,1.918567078,1,3.104253545
2399,1.118866244,1.319305027,1.657750985,1,3.104626928
2400,0.6019254805,0.1983481854,1.907271799,1,3.105
2401,1.90774191,1.909138564,0.600433847,0,3.103706789
2402,1.862248385,0.7018675895,0.7294045202,1,3.104079933
2403,1.415499384,1.307097307,1.412926571,1,3.104452767
2404,1.143421682,0.8136253795,1.640910374,1,3.104825291
2405,1.920820101,0.7981498902,0.5571805281,0,3.103534304
2406,0.6726983129,0.1094961613,1.883474709,1,3.103906899
2407,1.567838487,0.8614502634,1.241725605,1,3.104279186
2408,0.8625356308,1.503824983,1.804447917,1,3.104651163
2409,0.2100317351,0.8837048002,1.988941093,1,3.105022831
2410,0.4389077081,0.5635496162,1.951245762,1,3.105394191
2411,1.867397873,1.053326213,0.7161181357,0,3.10410618
2412,1.530601319,1.291986073,1.287345953,0,3.102819237
2413,0.191944038,1.229690784,1.990768064,1,3.103191048
2414,0.1285840099,0.7056405201,1.995862258,1,3.103562552
2415,0.1375835298,1.246840467,1.995262081,1,3.103933747
2416,1.478843157,1.672456867,1.346485394,0,3.102649007
2417,1.82371235,0.1962043718,0.8210196501,1,3.103020273
2418,1.686226401,0.01507849253,1.075472233,1,3.103391232
2419,0.193045098,1.79937165,1.990661596,1,3.103761885
2420,0.2890812608,0.3590329322,1.978997732,1,3.104132231
2421,1.95095651,1.066194284,0.4401916595,0,3.102850062
2422,0.9467859967,0.1966592755,1.761702664,1,3.103220479
2423,0.55819676,1.298361919,1.920525026,1,3.10359059
2424,1.930474352,1.997696468,0.5227511621,0,3.102310231
2425,0.2971611733,0.2016105415,1.977800606,1,3.102680412
2426,1.6794393,1.580149172,1.086040349,0,3.101401484
2427,1.930677712,0.9121920533,0.521999592,0,3.100123609
2428,0.225784363,0.2639553001,1.987214488,1,3.100494234
2429,1.81179176,0.6578690691,0.8470009562,1,3.100864553
2430,0.8249745927,1.86214136,1.821926706,0,3.099588477
2431,1.317746754,1.692139552,1.504507724,0,3.098313451
2432,1.279382354,0.1241860269,1.53726406,1,3.098684211
2433,1.105536803,1.017618826,1.666669847,1,3.099054665
2434,0.3592716146,1.123093765,1.967466367,1,3.099424815
2435,1.707867351,0.4686377016,1.040763715,1,3.099794661
2436,0.4420422233,0.205464258,1.950538047,1,3.100164204
2437,0.3726174665,1.578837184,1.9649825,1,3.100533443
2438,1.142112888,0.9512764492,1.641821596,1,3.100902379
2439,1.15968641,0.3819136964,1.629456176,1,3.101271013
2440,0.1298336679,0.6397461394,1.995781355,1,3.101639344
2441,1.625884932,0.6715792099,1.164688022,1,3.102007374
2442,0.4401531442,1.141368144,1.9509652,1,3.102375102
2443,1.408432451,0.1482413229,1.419971137,1,3.10274253
2444,1.372092698,0.8881475947,1.455115675,1,3.103109656
2445,0.02234675907,0.3636994875,1.999875152,1,3.103476483
2446,1.267721366,1.015874789,1.546894482,1,3.103843009
2447,0.9194360003,0.5628650202,1.776129906,1,3.104209236
2448,1.265553453,0.4951683545,1.548668608,1,3.104575163
2449,1.469018095,1.3590154,1.357197788,0,3.103307472
2450,0.3711860929,1.661307594,1.965253389,1,3.103673469
2451,0.1137890511,0.5154288643,1.996760389,1,3.104039168
2452,1.533013517,0.1598261502,1.284472482,1,3.104404568
2453,1.354727589,0.3309715375,1.471296422,1,3.10476967
2454,0.8059499609,1.297438965,1.83042199,1,3.105134474
2455,1.400385388,1.325222305,1.427907828,1,3.105498982
2456,0.1655723476,1.329012089,1.993134666,1,3.105863192
2457,1.757527615,1.150620739,0.9545138465,0,3.104599105
2458,0.8618618778,1.947147985,1.80476982,0,3.103336046
2459,1.082201889,0.6850585328,1.681915298,1,3.103700691
2460,1.461179009,0.4888211458,1.365633884,1,3.104065041
2461,0.2397343506,0.4395266414,1.985579875,1,3.104429094
2462,0.2628794962,1.743138205,1.982648322,1,3.104792851
2463,1.434792941,0.5523777938,1.393330261,1,3.105156313
2464,1.740253934,0.4557347645,0.9856552366,1,3.105519481
2465,0.6191705621,1.434515009,1.901743362,1,3.105882353
2466,0.02856107591,0.1485366556,1.999796056,1,3.106244931
2467,1.841781594,0.5028412948,0.7796413014,1,3.106607215
2468,0.9839950984,0.06540551806,1.741193167,1,3.106969206
2469,0.8649500503,0.2504626793,1.803291826,1,3.107330903
2470,0.1882096546,0.1909714174,1.991124588,1,3.107692308
2471,0.3462561299,0.1544318633,1.969798643,1,3.10805342
2472,1.838724955,0.5792875446,0.7868230666,1,3.108414239
2473,0.3543345046,1.319336285,1.968361516,1,3.108774767
2474,1.122159867,0.5261009913,1.65552325,1,3.109135004
2475,1.966932805,1.752787212,0.3621813641,0,3.107878788
2476,0.8025771671,1.87888863,1.831903352,0,3.106623586
2477,1.895728274,0.557456353,0.6373494408,1,3.106984255
2478,1.48090351,1.64573851,1.344219028,0,3.105730428
2479,1.53272609,0.6417897242,1.284815447,1,3.106091166
2480,0.4114420324,1.542287893,1.95722136,1,3.106451613
2481,1.153709143,1.226873899,1.633693733,1,3.106811769
2482,0.5439567713,0.05439729898,1.924606721,1,3.107171636
2483,1.713407361,1.439097907,1.031617767,0,3.105920258
2484,1.227181063,0.8688245205,1.579248758,1,3.106280193
2485,1.861021572,0.5134474086,0.7325289817,1,3.106639839
2486,1.148866105,0.6301473693,1.637103134,1,3.106999195
2487,1.046102855,1.771259796,1.704602246,0,3.105749899
2488,0.3929550651,0.08238062573,1.961016654,1,3.106109325
2489,0.138029983,1.705729666,1.995231246,1,3.106468461
2490,1.971675814,1.945892718,0.3354019743,0,3.105220884
2491,1.735981545,1.716281619,0.9931606493,0,3.103974308
2492,1.341921616,0.1149085019,1.482985629,1,3.104333868
2493,1.443241887,0.8852358681,1.384576779,1,3.104693141
2494,0.6682083824,0.9144481556,1.885072295,1,3.105052125
2495,1.926450212,0.3687212031,0.5373914607,1,3.105410822
2496,0.3497085424,1.738105067,1.969188649,1,3.105769231
2497,0.4567027582,0.2630052885,1.947157567,1,3.106127353
2498,1.48725533,0.4795342732,1.337187939,1,3.106485188
2499,0.6337994214,0.06453636891,1.896918104,1,3.106842737
2500,0.7639716003,0.5562215259,1.848336385,1,3.1072
2501,0.6479505778,0.8127174362,1.892131087,1,3.107556977
2502,0.05667764434,1.630892958,1.99919675,1,3.107913669
2503,1.813204828,1.408178548,0.843971713,0,3.106671994
2504,1.052851389,0.835591909,1.700442282,1,3.107028754
2505,0.3557498125,1.320192847,1.968106214,1,3.10738523
2506,1.070875756,0.825931685,1.689149228,1,3.107741421
2507,0.347556259,1.733152916,1.96956966,1,3.108097327
2508,0.9152849404,1.893076181,1.778272611,0,3.106858054
2509,0.2297501386,0.1446108289,1.986759893,1,3.107214029
2510,1.327490492,1.5435877,1.495917442,0,3.105976096
2511,1.031769146,1.736459206,1.713316208,0,3.104739148
2512,1.728690095,1.332628837,1.005798466,0,3.103503185
2513,1.036233815,1.349885641,1.710619619,1,3.103859928
2514,1.541028471,0.3157749379,1.274845579,1,3.104216388
2515,0.1403439611,0.8270183065,1.995069816,1,3.104572565
2516,0.3917817226,0.1494666595,1.961251407,1,3.104928458
2517,0.8196738321,1.421339852,1.824317628,1,3.105284068
2518,1.087905436,0.31195158,1.678231737,1,3.105639396
2519,1.361843354,1.327386096,1.46471249,1,3.105994442
2520,0.1696409132,1.59516173,1.992792503,1,3.106349206
2521,0.888426642,1.918840219,1.791842097,0,3.105117017
2522,1.722284043,1.262880301,1.01672891,0,3.103885805
2523,0.9266148172,1.295430185,1.772395266,1,3.104240983
2524,1.768943276,1.296462723,0.9331879158,0,3.103011094
2525,1.690122092,1.295522472,1.069339663,0,3.101782178
2526,1.334520084,1.501964026,1.489649672,0,3.100554236
2527,0.8101662398,0.0401079328,1.828559724,1,3.10091017
2528,1.247768791,1.986668912,1.563033283,0,3.099683544
2529,1.815885172,0.2199066023,0.8381891441,1,3.100039541
2530,0.9444960677,0.3885670948,1.762931416,1,3.100395257
2531,0.6669824334,0.1744645442,1.885506413,1,3.100750691
2532,1.71623776,1.255662375,1.026902114,0,3.099526066
2533,0.02451446612,0.3517023624,1.999849755,1,3.099881563
2534,0.6879638973,1.288589976,1.877952522,1,3.10023678
2535,0.1898220963,1.350774974,1.990971515,1,3.100591716
2536,1.009730935,1.920609272,1.726396084,0,3.099369085
2537,0.3504502896,0.4639409634,1.969056778,1,3.099724084
2538,1.099037172,0.9515104078,1.670962984,1,3.100078802
2539,0.214286447,0.9049656057,1.988487193,1,3.100433241
2540,0.1297539598,1.964156208,1.995786539,1,3.100787402
2541,1.559707778,1.903449632,1.25192318,0,3.0995671
2542,0.6848640142,1.014500209,1.879085225,1,3.099921322
2543,1.261483889,1.028298659,1.551985309,1,3.100275265
2544,0.7823974603,1.373130245,1.840612456,1,3.100628931
2545,1.466475482,1.072314641,1.359944727,1,3.100982318
2546,0.9066989564,0.7304045555,1.782665701,1,3.101335428
2547,0.1647720523,0.6174664326,1.993200986,1,3.101688261
2548,1.876688361,1.629784529,0.6914049422,0,3.100470958
2549,1.107109852,1.616123161,1.665625341,1,3.100823852
2550,0.5466217153,0.07048195722,1.923851528,1,3.101176471
2551,0.8801231473,1.470498623,1.795935201,1,3.101528812
2552,1.586646377,0.2258979549,1.217601443,1,3.101880878
2553,1.052051379,0.890589948,1.700937358,1,3.102232667
2554,0.3821598039,1.113032216,1.963148971,1,3.102584182
2555,0.5961738345,1.379274346,1.909077463,1,3.102935421
2556,1.155304897,1.052151232,1.632565648,1,3.103286385
2557,0.107189878,1.043495821,1.997125517,1,3.103637075
2558,1.433004395,1.740818336,1.395169669,0,3.102423769
2559,0.9589258344,0.7269777502,1.755124282,1,3.102774521
2560,1.851627666,0.382149308,0.7559596459,1,3.103125
2561,1.888670788,0.4788485528,0.6579685824,1,3.103475205
2562,1.114884915,1.464831097,1.660431157,1,3.103825137
2563,1.520272248,0.7687549391,1.299527719,1,3.104174795
2564,1.185911771,1.404751563,1.610469891,1,3.104524181
2565,0.6698740879,0.8419468234,1.884481018,1,3.104873294
2566,1.411160603,0.3862581985,1.417259946,1,3.105222136
2567,1.579859892,1.277502387,1.226394195,0,3.104012466
2568,0.5387252409,1.567089078,1.92607765,1,3.104361371
2569,1.023360005,1.920086107,1.718352205,0,3.103152978
2570,0.5150860988,1.442380577,1.932533651,1,3.103501946
2571,1.169596308,1.339820852,1.622357691,1,3.103850642
2572,0.4426599498,1.787481448,1.950397951,1,3.104199067
2573,0.2181696871,0.7200392008,1.988064885,1,3.104547221
2574,1.471908167,1.854844813,1.354062904,0,3.103341103
2575,1.959234247,1.85537049,0.4017476401,0,3.102135922
2576,0.5251328886,1.435680431,1.929827829,1,3.102484472
2577,0.03315660353,1.517285548,1.999725141,1,3.102832751
2578,1.977389254,0.4511830784,0.2998862093,0,3.10162917
2579,1.348675446,1.371361526,1.476846147,1,3.101977511
2580,1.95437139,0.05404496334,0.4247734345,1,3.102325581
2581,1.324195363,1.778935155,1.498835095,0,3.101123596
2582,0.8803386956,0.0611203898,1.795829552,1,3.101471727
2583,0.1958979288,0.7918673089,1.990382878,1,3.10181959
2584,1.362096769,1.826233605,1.464476832,0,3.100619195
2585,0.9553518944,1.034373189,1.757072212,1,3.100967118
2586,1.480792023,0.2123959407,1.344341841,1,3.101314772
2587,1.481862622,0.2891427741,1.343161632,1,3.101662157
2588,0.2344914323,0.4323697905,1.986205873,1,3.102009274
2589,0.00301038692,1.729064439,1.999997734,1,3.102356122
2590,1.522477995,1.66015834,1.29694285,0,3.101158301
2591,1.246429681,1.355992503,1.564101355,1,3.10150521
2592,1.456668356,1.102177349,1.370444198,1,3.101851852
2593,1.571782939,1.618997129,1.236728908,0,3.100655611
2594,1.669028583,1.162625149,1.101972589,0,3.099460293
2595,0.4826189842,1.724810056,1.940896421,1,3.099807322
2596,1.111168187,1.475769144,1.662920702,1,3.100154083
2597,1.932812709,1.671946962,0.5140379686,0,3.098960339
2598,1.295633803,0.673888106,1.523592153,1,3.099307159
2599,0.7476272049,0.00554852282,1.855007699,1,3.099653713
2600,0.2517041375,1.741890656,1.984098039,1,3.1
2601,1.455376603,0.2276898821,1.371815929,1,3.100346021
2602,0.873149594,1.834848613,1.799335929,0,3.099154497
2603,0.3475973398,1.427137738,1.969562411,1,3.099500576
2604,1.1524937,0.2793004846,1.634551398,1,3.09984639
2605,0.6495577511,0.5389313489,1.891579955,1,3.100191939
2606,1.567217419,1.257517387,1.242509381,0,3.099002302
2607,1.521982357,0.791132508,1.297524453,1,3.099347909
2608,0.3447943868,1.53111454,1.970055032,1,3.099693252
2609,1.218443323,0.6575447755,1.585999959,1,3.100038329
2610,1.437553862,1.656310594,1.390481533,0,3.098850575
2611,0.7466625952,1.265081765,1.855396176,1,3.09919571
2612,0.554171765,1.087375409,1.921690312,1,3.099540582
2613,1.213895312,1.22601987,1.589483618,1,3.099885189
2614,1.127370842,1.20729535,1.651979111,1,3.100229533
2615,0.8537360672,1.524108488,1.808627858,1,3.100573614
2616,0.874283802,0.5964507324,1.798785099,1,3.100917431
2617,0.10221776,1.320821711,1.997386174,1,3.101260986
2618,0.7539088658,0.08805634301,1.852463609,1,3.101604278
2619,1.766570306,0.8424651796,0.9376723064,1,3.101947308
2620,0.5199687268,1.2638861,1.931225653,1,3.102290076
2621,0.6045272975,0.3827693796,1.906448726,1,3.102632583
2622,0.957643386,1.36051786,1.755824349,1,3.102974828
2623,1.875177252,0.9224473008,0.6954928272,0,3.101791841
2624,0.05559754298,0.1019448043,1.999227079,1,3.102134146
2625,0.5542342543,0.4621526189,1.92167229,1,3.10247619
2626,0.5560252054,1.407126569,1.921154853,1,3.102817974
2627,1.748702338,0.9571276503,0.9705875202,1,3.103159498
2628,0.2878576609,1.853450709,1.979176083,1,3.103500761
2629,0.9498324192,0.5299209016,1.760062037,1,3.103841765
2630,1.873526994,1.219122887,0.6999261397,0,3.102661597
2631,0.5965180642,1.484189526,1.908969931,1,3.103002661
2632,0.9196949132,0.825260713,1.775995852,1,3.103343465
2633,0.1123733135,1.222122908,1.996840564,1,3.103684011
2634,1.784495125,1.958168651,0.9030931016,0,3.102505695
2635,0.1555425221,1.562259469,1.993942457,1,3.1028463
2636,0.7999348897,1.189349906,1.833058693,1,3.103186646
2637,0.1250279719,1.146751871,1.996088176,1,3.103526735
2638,0.3675854284,0.8212261902,1.965930048,1,3.103866566
2639,0.6962462522,1.192129281,1.874897639,1,3.104206139
2640,0.8868324777,1.133523064,1.792631629,1,3.104545455
2641,0.6148326573,0.9343418423,1.903150231,1,3.104884513
2642,1.844058327,1.89385652,0.7742408455,0,3.103709311
2643,1.812442518,1.494534129,0.8456075448,0,3.102534998
2644,1.445906592,0.7182953124,1.381793808,1,3.102874433
2645,0.5359281438,1.818466466,1.926857811,1,3.103213611
2646,0.2341001435,1.441438456,1.986252029,1,3.103552532
2647,0.3850814329,0.8912420676,1.96257797,1,3.103891198
2648,0.790560068,0.7538845639,1.837121329,1,3.104229607
2649,0.8190545302,1.655551177,1.824595757,1,3.104567761
2650,0.9499687494,0.7598126714,1.759988459,1,3.10490566
2651,1.589081789,0.07806401462,1.214421289,1,3.105243304
2652,0.7018129311,1.966636646,1.87282103,0,3.104072398
2653,1.67338039,0.03761145503,1.095352944,1,3.104410102
2654,0.4958977275,0.8958823324,1.937546243,1,3.104747551
2655,1.813748374,0.004851868963,0.8428029633,1,3.105084746
2656,0.5448110399,0.877487174,1.924365072,1,3.105421687
2657,1.513518166,1.287870123,1.307387763,1,3.105758374
2658,0.1575693709,0.8168415506,1.993783312,1,3.106094808
2659,1.135655102,1.039569736,1.64629508,1,3.106430989
2660,1.597243648,1.461820781,1.20366637,0,3.105263158
2661,0.7679313747,0.7120853522,1.846694724,1,3.105599399
2662,0.8235906366,1.313611035,1.822552733,1,3.105935387
2663,0.08311962605,0.3955358378,1.998272035,1,3.106271123
2664,1.735245985,1.191645466,0.9944452587,0,3.105105105
2665,1.725922414,1.940454009,1.01054036,0,3.103939962
2666,1.365590344,0.791855113,1.461219701,1,3.104276069
2667,0.2926447159,1.089825792,1.978473925,1,3.104611924
2668,1.256207281,1.701789296,1.556259383,0,3.103448276
2669,1.998681194,1.43557866,0.07261875145,0,3.1022855
2670,0.3576282842,0.02356725406,1.967765741,1,3.102621723
2671,0.9825510049,1.975720559,1.742008474,0,3.101460127
2672,1.471236942,1.711900468,1.354792184,0,3.100299401
2673,1.111807898,0.1722370436,1.662493067,1,3.10063599
2674,0.498270015,1.124363302,1.936937529,1,3.100972326
2675,0.7976357312,0.4456854706,1.834060315,1,3.101308411
2676,1.164184969,0.9683863488,1.626245172,1,3.101644245
2677,0.2551294468,1.547219402,1.983660497,1,3.101979828
2678,0.9618678802,0.5455178309,1.753513667,1,3.102315161
2679,1.287997483,1.885613952,1.530053099,0,3.101157148
2680,0.4218707253,0.9577399903,1.955000023,1,3.101492537
2681,1.496327175,0.9845682075,1.32702863,1,3.101827676
2682,1.165474923,0.9634251946,1.625320954,1,3.102162565
2683,0.9290665763,0.08716331166,1.771111317,1,3.102497205
2684,0.905075902,1.113352659,1.783490289,1,3.102831595
2685,0.8111167159,0.7053313774,1.828138308,1,3.103165736
2686,1.55460652,0.2114360558,1.258252188,1,3.103499628
2687,0.5893882031,0.1292991374,1.911183284,1,3.103833271
2688,0.2350269578,1.594854037,1.986142575,1,3.104166667
2689,0.3468222488,1.112564814,1.969699045,1,3.104499814
2690,1.121075655,0.5910350459,1.656257642,1,3.104832714
2691,0.3022839794,0.3484414361,1.977024126,1,3.105165366
2692,1.202725597,1.958274741,1.59795217,0,3.104011887
2693,1.734964648,0.7821307358,0.9949360131,1,3.104344597
2694,0.01857677355,0.1210934334,1.999913724,1,3.10467706
2695,0.5492895515,1.361839209,1.923091519,1,3.105009276
2696,1.970281542,1.418122386,0.3434976621,0,3.103857567
2697,1.481001022,0.5636890981,1.344111592,1,3.104189841
2698,1.467006034,0.7165737003,1.359372391,1,3.104521868
2699,0.8217578097,1.479498653,1.823379857,1,3.104853649
2700,0.8355196316,0.6368986285,1.817115006,1,3.105185185
2701,1.167773881,0.5299512576,1.623669967,1,3.105516475
2702,0.5875011055,1.989394407,1.911764225,0,3.104367135
2703,1.803797335,1.99992919,0.8638953492,0,3.103218646
2704,1.70204062,1.312936228,1.050265552,0,3.102071006
2705,1.962829519,0.8543067967,0.3837971861,0,3.100924214
2706,0.987071481,1.650976327,1.739451032,1,3.101256467
2707,0.2114261678,0.2572287792,1.988793347,1,3.101588474
2708,0.09990007092,0.0354178724,1.997503436,1,3.101920236
2709,1.901780069,1.632899444,0.6190578079,0,3.100775194
2710,0.0894940741,0.3769565997,1.997996699,1,3.101107011
2711,1.757338403,0.495562281,0.9548621554,1,3.101438584
2712,1.933756805,1.385708967,0.5104748963,0,3.100294985
2713,1.44106479,1.834897687,1.386842555,0,3.09915223
2714,0.7696032976,0.8454334923,1.845998582,1,3.099484156
2715,1.193313394,0.951297862,1.604993192,1,3.099815838
2716,1.293487388,1.425528586,1.525414822,1,3.100147275
2717,1.140208298,0.8929338293,1.643144862,1,3.100478469
2718,0.314330523,1.002386655,1.975144633,1,3.100809419
2719,0.7707031076,0.05955851187,1.845539683,1,3.101140125
2720,0.2376779018,0.8135671394,1.985827086,1,3.101470588
2721,1.860378889,1.61213899,0.7341596482,0,3.100330761
2722,0.5210461766,1.211336486,1.930935235,1,3.100661278
2723,0.7067229073,0.6863503646,1.870973739,1,3.100991553
2724,0.9601960547,0.5825685478,1.75442969,1,3.101321586
2725,1.42507533,0.2184100494,1.403267724,1,3.101651376
2726,1.530237552,0.1481575441,1.287778332,1,3.101980924
2727,1.927725798,1.638497572,0.532797566,0,3.100843418
2728,0.0008186160197,0.262022285,1.999999832,1,3.101173021
2729,1.498441389,1.312040476,1.324640858,1,3.101502382
2730,0.07217979704,1.084945025,1.998697095,1,3.101831502
2731,0.7337867433,1.48266693,1.860526005,1,3.102160381
2732,0.9337542553,1.139773412,1.768644393,1,3.102489019
2733,1.040149068,1.857696278,1.708241762,0,3.101353824
2734,1.536392663,0.7297762377,1.280428672,1,3.101682516
2735,0.4529234502,1.462343014,1.94804013,1,3.102010969
2736,1.060952932,0.9019156473,1.695399326,1,3.102339181
2737,0.6579599156,0.05173489644,1.888673807,1,3.102667154
2738,1.48367012,1.059787584,1.341164783,1,3.102994887
2739,0.7685609693,0.921363251,1.846432787,1,3.10332238
2740,1.776738507,0.7544245848,0.9182593744,1,3.103649635
2741,0.7171987706,0.4822987244,1.866983107,1,3.103976651
2742,1.099929015,1.99923159,1.670376054,0,3.102844639
2743,0.569609123,0.6827837349,1.91717121,1,3.10317171
2744,1.698272473,1.438449027,1.056347768,0,3.102040816
2745,1.323178971,0.3201259053,1.499732446,1,3.102367942
2746,1.88721926,1.501864009,0.6621204295,0,3.101238165
2747,0.02778550449,1.540617431,1.999806982,1,3.101565344
2748,1.946295554,0.7121878277,0.4603624856,0,3.100436681
2749,0.01332024791,0.1846979384,1.999955642,1,3.100763914
2750,1.832492768,1.355460938,0.8012304644,0,3.099636364
2751,0.6850681944,1.006530181,1.879010795,1,3.09996365
2752,1.719514836,1.585664502,1.021405272,0,3.098837209
2753,0.1301816008,1.459339269,1.995758691,1,3.099164548
2754,0.7730304154,0.901289443,1.844566067,1,3.099491649
2755,1.916817484,1.980405742,0.5707983304,0,3.098366606
2756,0.9072005283,0.1212885656,1.782410503,1,3.098693759
2757,1.608109997,0.7190611773,1.189109851,1,3.099020675
2758,0.0568939575,0.7602411889,1.999190606,1,3.099347353
2759,0.8332934095,1.451442821,1.818136984,1,3.099673795
2760,0.2026628871,1.562509918,1.989705444,1,3.1
2761,0.06174125164,1.389668857,1.999046777,1,3.100325969
2762,1.505763412,0.07012801583,1.316311721,1,3.100651702
2763,1.95406313,1.495609279,0.4261892595,0,3.099529497
2764,1.431815145,1.206701205,1.396390128,1,3.099855282
2765,0.2645063966,1.733418893,1.982431932,1,3.100180832
2766,1.707197931,1.791332956,1.041861423,0,3.099060014
2767,1.378371421,0.1359973955,1.449169495,1,3.099385616
2768,0.7187744866,0.7631340405,1.866377035,1,3.099710983
2769,1.836025539,1.231969268,0.7931016452,0,3.098591549
2770,1.772706145,1.510606731,0.9260199368,0,3.097472924
2771,0.4688934144,0.7555621918,1.944257947,1,3.097798629
2772,0.863204428,0.5102730422,1.804128076,1,3.098124098
2773,0.1576592227,1.035092419,1.993776208,1,3.098449333
2774,0.04908787966,0.2357043037,1.999397504,1,3.098774333
2775,0.09495836291,0.3786865348,1.997744455,1,3.099099099
2776,0.8737923099,1.429486717,1.799023902,1,3.099423631
2777,0.1705319227,1.376433885,1.992716453,1,3.099747929
2778,1.356904968,1.710612636,1.469288572,0,3.098632109
2779,1.867554826,1.287288,0.7157087207,0,3.097517092
2780,0.3036814328,0.9251037922,1.976809952,1,3.097841727
2781,0.9306268435,0.6310438752,1.770291975,1,3.098166127
2782,1.957894997,1.305267395,0.4082244231,0,3.09705248
2783,0.6919753489,0.01990856307,1.876478115,1,3.097376931
2784,0.7793062508,0.6800786583,1.841923388,1,3.097701149
2785,1.310774754,1.400561071,1.510585829,1,3.098025135
2786,1.54025636,0.03321271183,1.275778329,1,3.098348887
2787,0.6055767819,1.350471953,1.906115621,1,3.098672408
2788,1.810759615,0.184873853,0.849205286,1,3.098995696
2789,1.690704274,1.66371184,1.068418953,0,3.097884546
2790,0.573882424,0.1987931612,1.915896386,1,3.098207885
2791,1.993654519,0.5791392206,0.159190636,0,3.097097814
2792,1.908098693,1.661879937,0.5992990706,0,3.095988539
2793,1.470812604,0.0006892416262,1.355252849,1,3.096312209
2794,0.9851046791,1.846864157,1.740565647,0,3.095204009
2795,1.643668524,0.9017837753,1.139453283,1,3.095527728
2796,1.864741217,1.276305202,0.7230077407,0,3.094420601
2797,1.321744801,1.118215816,1.500996563,1,3.094744369
2798,1.578129873,0.8555712844,1.228619593,1,3.095067906
2799,1.848506831,0.6566891846,0.7635590965,1,3.095391211
2800,0.6486069438,1.957835305,1.89190619,0,3.094285714
2801,0.4762372793,0.5676164349,1.94247215,1,3.094609068
2802,1.750295746,1.275946815,0.9677111145,0,3.09350464
2803,0.8007119179,0.6655284649,1.832719407,1,3.093828041
2804,1.721021258,1.49562112,1.018864971,0,3.092724679
2805,1.417770726,1.769662973,1.410647429,0,3.091622103
2806,0.822859874,1.485532917,1.822882779,1,3.09194583
2807,1.641683294,0.4388571843,1.142311675,1,3.092269327
2808,0.3729913157,1.122097313,1.96491157,1,3.092592593
2809,1.84503789,1.051473289,0.7719036104,0,3.091491634
2810,1.354667924,0.965363059,1.471351357,1,3.091814947
2811,1.071456789,1.388104331,1.688780729,1,3.092138029
2812,0.3367596603,0.7603556394,1.971444377,1,3.092460882
2813,0.491701666,0.181786294,1.938615349,1,3.092783505
2814,1.750117426,1.715448753,0.9680335711,0,3.091684435
2815,0.7875106852,0.7204840014,1.838430559,1,3.092007105
2816,1.862054866,0.1393889779,0.7298984008,1,3.092329545
2817,1.162694799,1.411320045,1.627310912,1,3.092651757
2818,1.078768896,1.61449047,1.684119256,1,3.09297374
2819,0.9624118657,0.01450491137,1.753215161,1,3.093295495
2820,0.128982702,1.774549439,1.995836532,1,3.093617021
2821,0.3830384241,1.418407513,1.962977729,1,3.09393832
2822,0.5708478667,1.854425797,1.916802732,1,3.094259391
2823,1.908442772,0.6820654594,0.5982024622,0,3.093163301
2824,0.7769442603,0.6679078515,1.842920947,1,3.093484419
2825,1.568157309,1.943002586,1.241322946,0,3.092389381
2826,0.604097046,1.348241381,1.906585104,1,3.092710545
2827,0.7463888644,1.729798186,1.855506309,1,3.093031482
2828,1.736996324,0.2484062078,0.9913847737,1,3.093352192
2829,1.881067791,1.195425309,0.6793997089,0,3.092258749
2830,1.030492693,0.2758656533,1.714084248,1,3.092579505
2831,0.8448744713,0.1246520287,1.812784358,1,3.092900035
2832,0.9704973382,0.6317226534,1.748752389,1,3.093220339
2833,1.313083069,1.51036545,1.508579748,0,3.092128486
2834,1.678772554,1.309613423,1.087070703,0,3.091037403
2835,0.9523018976,0.3573400406,1.758727124,1,3.091358025
2836,0.5079320163,1.666297721,1.934426289,1,3.09167842
2837,0.2039082216,0.3897707425,1.989578206,1,3.09199859
2838,1.48323675,0.7160442837,1.341644046,1,3.092318534
2839,1.105338901,0.1265644137,1.666801102,1,3.092638253
2840,0.8691060388,1.780292353,1.801292506,1,3.092957746
2841,0.9323886608,0.3551490759,1.769364684,1,3.093277015
2842,0.2151827539,1.541911851,1.9883904,1,3.093596059
2843,0.824324418,1.581802008,1.822220967,1,3.093914879
2844,1.384723623,1.83903644,1.443100997,0,3.092827004
2845,1.688283469,1.881184685,1.072240145,0,3.091739895
2846,1.229519777,0.7479840244,1.577428641,1,3.09205903
2847,1.825833807,1.997930542,0.8162909466,0,3.090972954
2848,1.249834495,1.825681208,1.561381996,0,3.08988764
2849,0.2016646986,1.991900986,1.989806862,0,3.088803089
2850,0.3541313492,1.327293414,1.968398076,1,3.089122807
2851,0.2049047759,1.381477685,1.989475819,1,3.089442301
2852,0.2236541766,0.713465682,1.98745536,1,3.089761571
2853,1.280124179,0.1054120821,1.536646376,1,3.090080617
2854,1.681496864,1.756150156,1.082851927,0,3.088997898
2855,0.02284629148,1.820221229,1.999869507,1,3.089316988
2856,1.34152766,0.9929960327,1.483342017,1,3.089635854
2857,0.5499278678,0.4948190664,1.922909083,1,3.089954498
2858,0.578867752,1.537168833,1.914396021,1,3.090272918
2859,1.214511347,0.761804251,1.58901296,1,3.090591116
2860,0.6164410177,1.543258533,1.902629883,1,3.090909091
2861,1.103017057,1.051600689,1.668338506,1,3.091226844
2862,1.328145112,0.4723979274,1.495336271,1,3.091544375
2863,0.5278464037,1.852815026,1.929087394,1,3.091861684
2864,0.8229473439,1.052431569,1.822843293,1,3.092178771
2865,0.63413056,0.3595536789,1.896807432,1,3.092495637
2866,0.6922410139,0.3281116138,1.876380126,1,3.092812282
2867,0.9986832785,0.9169524191,1.73281035,1,3.093128706
2868,1.6214809,0.1434454593,1.170811553,1,3.093444909
2869,1.880077398,0.5548785397,0.6821356017,1,3.093760892
2870,1.346690641,1.486575809,1.478656254,0,3.092682927
2871,0.7642768048,1.46330022,1.848210206,1,3.092998955
2872,0.9417528982,1.972230654,1.764398333,0,3.091922006
2873,0.9308444893,1.64380917,1.770177544,1,3.092238079
2874,0.934825609,0.1575231621,1.768078358,1,3.092553932
2875,0.2395911103,1.023237407,1.985597165,1,3.092869565
2876,1.459258941,1.719488313,1.367685396,0,3.091794159
2877,0.2249698893,0.7403226285,1.987306858,1,3.092109837
2878,1.244425841,1.228525689,1.565696116,1,3.092425295
2879,1.789275506,1.274346106,0.8935844469,0,3.091351164
2880,1.944129335,0.4674391884,0.4694263817,1,3.091666667
2881,0.2022031414,0.9902955856,1.989752218,1,3.091981951
2882,1.471035592,1.263502054,1.355010807,1,3.092297016
2883,0.6059421186,1.633563096,1.905999514,1,3.092611863
2884,1.263010807,0.9399194829,1.550742952,1,3.092926491
2885,0.8884125511,0.635390454,1.791849084,1,3.093240901
2886,0.8270741221,0.7385096889,1.820974573,1,3.093555094
2887,0.6719794906,0.08166242681,1.883731288,1,3.093869068
2888,1.64499529,1.519507379,1.13753703,0,3.092797784
2889,1.327398704,1.424767692,1.49599889,1,3.093111803
2890,1.775585736,0.7282622335,0.9204864439,1,3.093425606
2891,0.224712798,0.7497427392,1.987335945,1,3.093739191
2892,0.9200670089,0.1719953409,1.775803114,1,3.094052559
2893,0.2856493318,0.7561015264,1.979496011,1,3.09436571
2894,0.1409120881,0.9658221965,1.99502977,1,3.094678645
2895,0.2782033742,0.2861239453,1.980556205,1,3.094991364
2896,1.516917411,0.4964531151,1.303442199,1,3.095303867
2897,1.909429996,0.2643332244,0.5950437707,1,3.095616155
2898,1.149834413,1.878830392,1.63642318,0,3.094547964
2899,1.080389219,1.47810773,1.683080252,1,3.094860297
2900,1.529236085,1.309419368,1.288967415,0,3.093793103
2901,1.930013022,0.5587919113,0.5244518428,0,3.092726646
2902,1.783228272,1.880566908,0.9055920333,0,3.091660924
2903,1.506228941,0.4757596712,1.315779,1,3.09197382
2904,0.6397282322,0.05122968391,1.894926856,1,3.092286501
2905,1.231636724,0.9523490043,1.575776311,1,3.092598967
2906,0.1896808206,1.160401867,1.990984979,1,3.092911218
2907,1.295550472,0.8514864858,1.523663012,1,3.093223254
2908,1.553079698,0.511521322,1.260136283,1,3.093535076
2909,0.7796901249,1.647561171,1.841760926,1,3.093846683
2910,1.983856356,1.816450753,0.2536019655,0,3.092783505
2911,1.812515763,1.501282263,0.845450535,0,3.091721058
2912,0.9883967513,0.1676278818,1.738698324,1,3.092032967
2913,1.770894863,0.1334857156,0.9294790922,1,3.092344662
2914,0.1268526462,0.1295091619,1.995973047,1,3.092656143
2915,1.548015148,0.882946585,1.266352677,1,3.09296741
2916,1.543118506,0.5398347018,1.272314929,1,3.093278464
2917,0.9828230659,1.511604362,1.741854994,1,3.093589304
2918,1.181537122,1.93758481,1.613682134,0,3.09252913
2919,0.90094838,0.2473347839,1.785578902,1,3.092840014
2920,1.085147646,0.2754792733,1.680016246,1,3.093150685
2921,1.313690285,0.6860662763,1.508051006,1,3.093461143
2922,1.45412021,1.946525939,1.37314763,0,3.092402464
2923,1.552128097,0.4583112706,1.261308198,1,3.092712966
2924,1.135900712,0.2334257435,1.646125625,1,3.093023256
2925,1.705031779,1.899647225,1.045402618,0,3.091965812
2926,0.5349410707,0.9301942658,1.927132079,1,3.092276145
2927,0.09340353868,0.4168202789,1.997817754,1,3.092586266
2928,1.947871181,0.7009713695,0.4536494937,0,3.091530055
2929,1.778130554,1.501482632,0.915560885,0,3.090474565
2930,1.069338489,0.6388513415,1.690122835,1,3.090784983
2931,1.891418655,1.986116167,0.6500272862,0,3.089730467
2932,1.33365109,0.5248445093,1.490427714,1,3.090040928
2933,0.4429152674,1.520209944,1.950339987,1,3.090351176
2934,0.7964024309,0.1241838152,1.834596187,1,3.090661213
2935,1.617288892,0.7813025994,1.176595359,1,3.090971039
2936,1.249922328,1.997712642,1.561311684,0,3.089918256
2937,0.6265496198,1.663840497,1.899325031,1,3.090228124
2938,0.3878224302,1.980267407,1.962038165,0,3.08917631
2939,0.3158000658,1.9169483,1.974910205,1,3.08948622
2940,1.014466282,1.408547333,1.723617754,1,3.089795918
2941,0.9031817815,1.647119532,1.784450243,1,3.090105406
2942,0.3312763818,1.315359276,1.972373179,1,3.090414684
2943,1.399707603,1.402316013,1.428572234,1,3.090723751
2944,0.03273256924,1.451291952,1.999732127,1,3.091032609
2945,0.5393105562,1.230816254,1.925913841,1,3.091341256
2946,0.9780972459,0.2659942647,1.744513049,1,3.091649695
2947,0.8555318122,0.7886869474,1.807779112,1,3.091957923
2948,0.3443274389,0.2840940144,1.9701367,1,3.092265943
2949,0.4115044138,1.654985004,1.957208246,1,3.092573754
2950,1.088054522,1.174123123,1.678135083,1,3.092881356
2951,0.01318191429,0.5123564168,1.999956559,1,3.09318875
2952,1.628607485,1.001283367,1.16087797,1,3.093495935
2953,1.234147323,0.7493847896,1.573810785,1,3.093802912
2954,1.654003667,1.875021311,1.124398449,0,3.092755586
2955,0.4214397696,1.091329631,1.95509297,1,3.093062606
2956,1.728874577,1.586160112,1.005481326,0,3.092016238
2957,1.048441615,1.853780415,1.703164754,0,3.090970578
2958,1.906719189,0.6823526697,0.6036736997,0,3.089925625
2959,1.951246855,1.741949605,0.438902848,0,3.088881379
2960,0.3921262664,1.155053179,1.961182549,1,3.089189189
2961,1.939123753,0.8984157479,0.489692834,0,3.088145897
2962,0.04207381208,0.6622683152,1.9995574,1,3.088453747
2963,0.4460595377,1.480279551,1.949623268,1,3.08876139
2964,1.238865281,1.379886771,1.57009962,1,3.089068826
2965,1.438508396,0.924166781,1.389494006,1,3.089376054
2966,1.310498173,0.3239160797,1.510825781,1,3.089683075
2967,1.612798761,0.4848459032,1.182742642,1,3.089989889
2968,1.657985501,1.947980511,1.118518698,0,3.088948787
2969,1.057255937,1.702764644,1.697707243,0,3.087908387
2970,1.075357132,1.227512865,1.686299807,1,3.088215488
2971,1.857367859,0.3432881307,0.7417443191,1,3.088522383
2972,1.962382865,0.2730814438,0.3860744643,1,3.088829071
2973,0.04731532507,0.8173759138,1.999440237,1,3.089135553
2974,0.6324544783,0.4531838344,1.897366947,1,3.089441829
2975,1.935775688,1.350725198,0.5027648402,0,3.088403361
2976,0.5651289866,1.659776689,1.918496606,1,3.088709677
2977,1.835714892,1.074646174,0.7938204055,0,3.087672153
2978,0.113174472,0.2829964746,1.996795317,1,3.087978509
2979,1.211921641,1.185324351,1.590988981,1,3.088284659
2980,0.9203188657,1.943444549,1.775672601,0,3.087248322
2981,1.83474183,1.35627352,0.796066843,0,3.08621268
2982,1.760324507,1.576467922,0.9493458963,0,3.085177733
2983,1.787678601,0.9618662356,0.8967748991,0,3.08414348
2984,0.9166058129,1.409883103,1.777592131,1,3.084450402
2985,0.1928216806,1.626226236,1.990683249,1,3.084757119
2986,1.570077789,0.8741384599,1.238892949,1,3.08506363
2987,0.6244558639,1.094311528,1.90001444,1,3.085369936
2988,1.56741499,0.9213783198,1.242260137,1,3.085676037
2989,1.536779435,1.050031812,1.27996444,1,3.085981934
2990,0.5275786191,0.7707548553,1.929160647,1,3.086287625
2991,1.447079008,0.1093610876,1.380565951,1,3.086593113
2992,1.1790706,0.1450343788,1.615485228,1,3.086898396
2993,1.142840367,0.8169286629,1.641315294,1,3.087203475
2994,0.929381707,1.998873172,1.770945974,0,3.086172345
2995,1.019271134,1.919292402,1.72078074,0,3.085141903
2996,1.035825538,0.7274777872,1.710866872,1,3.085447263
2997,1.768066554,0.7127201175,0.9348479336,1,3.085752419
2998,0.333305984,0.1756390248,1.972031217,1,3.086057372
2999,0.5706417098,0.5118435523,1.916864116,1,3.086362121
3000,1.856851452,1.102544272,0.7430361265,0,3.085333333
3001,0.9269280205,1.050084175,1.772231487,1,3.085638121
3002,1.767485344,0.4249374417,0.9359463434,1,3.085942705
3003,0.9498246429,0.4251701695,1.760066234,1,3.086247086
3004,0.4555074271,1.62772511,1.947437543,1,3.086551265
3005,1.73673506,0.1302553961,0.9918423916,1,3.086855241
3006,0.2807468794,0.6825679787,1.98019726,1,3.087159015
3007,0.8063819509,1.726022893,1.83023172,1,3.087462587
3008,0.237254974,0.7524100585,1.985877659,1,3.087765957
3009,0.1628061367,0.5368534124,1.993362526,1,3.088069126
3010,1.289039687,0.3373735182,1.529175165,1,3.088372093
3011,0.3162759203,1.183534005,1.974834054,1,3.088674859
3012,1.675564097,0.1201604183,1.092009595,1,3.088977424
3013,0.5865486494,1.966213153,1.912056663,0,3.087952207
3014,1.359241224,1.896042984,1.467127566,0,3.086927671
3015,0.07138142407,0.3779733483,1.998725767,1,3.087230514
3016,0.1261756884,1.374274393,1.996015956,1,3.087533156
3017,0.4627180381,0.9985057638,1.945736883,1,3.087835598
3018,0.4979839353,0.509305248,1.9370111,1,3.08813784
3019,0.9005252908,0.3350859629,1.785792317,1,3.088439881
3020,0.07667731742,0.6673605672,1.998529607,1,3.088741722
3021,0.7312916983,1.964718635,1.861508112,0,3.087719298
3022,1.363790395,1.902290361,1.462899777,0,3.086697551
3023,1.013320401,1.090592499,1.724291671,1,3.086999669
3024,0.6596067263,0.5012691399,1.8880993,1,3.087301587
3025,1.322659586,1.28847434,1.500190528,1,3.087603306
3026,1.481030481,1.684591105,1.344079133,0,3.086582948
3027,0.4684843298,0.4696812975,1.94435656,1,3.086884704
3028,0.2134444859,0.4784133739,1.988577746,1,3.087186262
3029,0.2575537721,1.460098763,1.983347185,1,3.08748762
3030,0.7064896579,1.47153681,1.871061828,1,3.087788779
3031,1.338192821,1.924609374,1.486351228,0,3.086770043
3032,1.167226921,0.3763038512,1.624063211,1,3.08707124
3033,1.88940218,1.84209895,0.6558653838,0,3.086053412
3034,1.292245166,0.7315677748,1.526467304,1,3.086354647
3035,0.2424184116,0.9941121334,1.985253967,1,3.086655684
3036,1.840101429,0.9158630028,0.7835985773,0,3.085638999
3037,0.9603519216,0.1280335956,1.754344375,1,3.085940072
3038,0.8110531175,1.802607877,1.828166524,1,3.086240948
3039,1.068210766,0.6878306148,1.690835817,1,3.086541626
3040,0.2460296636,0.4895120665,1.984809665,1,3.086842105
3041,1.784615871,1.200798325,0.9028544701,0,3.085827031
3042,0.7843539058,0.7268703912,1.839779593,1,3.086127548
3043,1.283304272,1.804057067,1.533991573,0,3.085113375
3044,0.8133157208,0.2103900542,1.82716106,1,3.085413929
3045,0.2422886319,1.601293408,1.98526981,1,3.085714286
3046,0.4684607844,0.6927768606,1.944362233,1,3.086014445
3047,1.462437232,0.4563830393,1.364286386,1,3.086314408
3048,1.42689808,1.363551521,1.401414239,1,3.086614173
3049,1.935884769,0.1992919352,0.5023446628,1,3.086913742
3050,0.5433495621,0.2511235666,1.924778235,1,3.087213115
3051,0.6681987764,0.9994707317,1.8850757,1,3.087512291
3052,0.5271959647,0.2544169171,1.929265253,1,3.087811271
3053,1.011992249,1.460239367,1.725071502,1,3.088110056
3054,0.03691476819,1.388584703,1.999659296,1,3.088408644
3055,1.306200667,1.218118017,1.514542775,1,3.088707038
3056,0.3778336762,0.712290479,1.963986179,1,3.089005236
3057,1.012800774,1.052016548,1.724596936,1,3.089303238
3058,1.885535353,1.50629781,0.6669006164,0,3.088293002
3059,1.648348996,0.7733856123,1.132671879,1,3.088591043
3060,0.7127135917,0.2374668522,1.868699905,1,3.088888889
3061,1.783198527,0.959150172,0.9056506028,0,3.087879778
3062,1.508245163,1.553141856,1.313467369,0,3.086871326
3063,0.3538167276,1.563845213,1.968454654,1,3.087169442
3064,0.6121382167,0.9624950549,1.904018593,1,3.087467363
3065,0.2456456809,0.7960398851,1.984857224,1,3.08776509
3066,1.699350305,1.285806509,1.054612982,0,3.086757991
3067,0.5090687477,1.71565986,1.934127454,1,3.087055755
3068,1.468677719,1.200248221,1.357566115,1,3.087353325
3069,0.5727856862,0.7191754991,1.916224558,1,3.087650701
3070,1.992970124,1.050958815,0.1675412933,0,3.086644951
3071,0.05959761565,0.2088965968,1.999111834,1,3.086942364
3072,0.387353439,0.8490679046,1.962130809,1,3.087239583
3073,0.5909560761,0.3711169381,1.910699065,1,3.087536609
3074,1.709316927,1.288653756,1.03838126,0,3.086532206
3075,1.674254331,0.4216344204,1.094016653,1,3.086829268
3076,0.7430233547,0.9169514034,1.856856563,1,3.087126138
3077,1.843487336,0.8677550676,0.7755994094,0,3.086122847
3078,1.426367788,1.511940362,1.40195397,0,3.085120208
3079,0.6494250631,1.962960301,1.891625515,0,3.08411822
3080,1.716185935,0.7170157759,1.026988723,1,3.084415584
3081,1.840022259,0.8751824263,0.7837844637,0,3.083414476
3082,0.5886516266,0.7972462929,1.911410281,1,3.083711875
3083,1.266590571,1.725578433,1.547820508,0,3.082711645
3084,0.7369149746,0.1752123124,1.859289198,1,3.083009079
3085,1.858905351,1.604934632,0.7378827125,0,3.082009724
3086,0.2220806401,0.9624206465,1.987631804,1,3.082307194
3087,1.565447173,1.447158182,1.244738988,0,3.081308714
3088,0.06998960038,0.6990947753,1.998774989,1,3.081606218
3089,0.5903800071,0.9847759093,1.910877141,1,3.081903529
3090,1.273407334,0.7802303893,1.542217158,1,3.082200647
3091,0.9753905653,0.008491866244,1.746027848,1,3.082497574
3092,1.933706161,0.4092144824,0.5106667041,1,3.082794308
3093,1.723089198,0.6532976847,1.015363785,1,3.08309085
3094,0.9411525342,0.1928878127,1.764718648,1,3.083387201
3095,0.2893805072,1.757976216,1.978953997,1,3.08368336
3096,0.2840110106,0.8718575245,1.979731736,1,3.083979328
3097,0.4990320729,1.052632962,1.936741333,1,3.084275105
3098,1.818605064,0.7162416049,0.8322713622,1,3.084570691
3099,1.92348319,0.6746625033,0.5479164318,0,3.083575347
3100,1.437449207,0.8902377375,1.390589723,1,3.083870968
3101,0.4771713669,1.076217224,1.942242901,1,3.084166398
3102,1.044215985,0.04429861809,1.705758769,1,3.084461638
3103,0.5451145273,0.2465544701,1.924279125,1,3.084756687
3104,1.296078198,1.244151891,1.523214136,1,3.085051546
3105,1.768663313,1.126789474,0.933718418,0,3.084057971
3106,1.009791048,0.4995686019,1.726360924,1,3.084352865
3107,1.92367591,1.757290778,0.5472394287,0,3.083360154
3108,1.764403347,1.322215286,0.9417435041,0,3.082368082
3109,0.9947894487,1.405194045,1.735048689,1,3.082663236
3110,1.03077991,1.75880306,1.713911543,0,3.081672026
3111,1.953891477,0.5988368529,0.4269755228,0,3.080681453
3112,0.2504376964,1.919125845,1.98425829,1,3.080976864
3113,0.3375282423,1.145774426,1.971312934,1,3.081272085
3114,1.747707685,1.68651961,0.9723774205,0,3.080282595
3115,0.618859495,1.291845636,1.901844611,1,3.080577849
3116,0.3675589581,0.9262755626,1.965934997,1,3.080872914
3117,1.538980841,1.199110875,1.277316707,1,3.08116779
3118,0.3087110985,0.9106546346,1.976030733,1,3.081462476
3119,1.673777616,0.788072408,1.094745858,1,3.081756973
3120,0.9009796656,0.3290513712,1.785563116,1,3.082051282
3121,0.3275608541,0.7722526551,1.972993636,1,3.082345402
3122,0.9681309189,0.4848577397,1.750063577,1,3.082639334
3123,1.351316213,0.7726243505,1.474430226,1,3.082933077
3124,0.1770331064,1.85553989,1.992149412,1,3.083226633
3125,1.867263571,0.8647829383,0.7164682532,0,3.08224
3126,0.05924436882,0.5112340106,1.999122334,1,3.082533589
3127,1.437026964,1.612706624,1.391026062,0,3.081547809
3128,0.7771755929,0.4188113784,1.842823404,1,3.081841432
3129,1.617221829,0.3230319025,1.176687536,1,3.082134867
3130,1.276264032,0.6057211841,1.539853929,1,3.082428115
3131,0.7180288927,1.66824798,1.866664005,1,3.082721175
3132,1.824182161,0.8617236718,0.8199752707,0,3.081736909
3133,1.134862163,0.793263797,1.646841787,1,3.082030003
3134,1.127886942,1.070456589,1.651626788,1,3.08232291
3135,1.568034238,1.15598523,1.241478404,1,3.08261563
3136,0.06278634249,1.17958028,1.999014226,1,3.082908163
3137,0.8487895718,1.933754496,1.810954517,0,3.081925406
3138,1.401000867,0.9922086467,1.427303952,1,3.082217973
3139,1.941962137,0.01611316052,0.4783127207,1,3.082510354
3140,1.739984607,1.612620219,0.9861306038,0,3.081528662
3141,0.6378685728,0.7569710563,1.895553662,1,3.081821076
3142,0.6802844421,0.1517831446,1.88074801,1,3.082113304
3143,1.462180496,1.38088161,1.36456154,0,3.081132676
3144,0.862043704,1.432065521,1.804682978,1,3.081424936
3145,1.532041662,1.81902263,1.285631497,0,3.080445151
3146,0.854858308,1.555988883,1.808097695,1,3.080737444
3147,1.953825735,0.3995853111,0.4272762538,1,3.081029552
3148,0.8682892831,1.297532879,1.801686355,1,3.081321474
3149,1.433445178,0.2030635266,1.394716789,1,3.081613211
3150,1.922800743,1.261498837,0.5503065533,0,3.080634921
3151,0.6912212636,1.37637703,1.876756022,1,3.08092669
3152,0.07503126974,1.008737629,1.998592082,1,3.081218274
3153,0.1921202006,0.5549662536,1.990751071,1,3.081509673
3154,0.6259096189,1.58633444,1.899536035,1,3.081800888
3155,1.985169359,1.972821576,0.2431102926,0,3.080824089
3156,1.877213327,0.9540420537,0.6899783523,0,3.079847909
3157,0.2045466054,0.641910509,1.989512676,1,3.080139373
3158,1.996400611,1.27363813,0.1199358198,0,3.079164028
3159,0.8085732355,0.9336539248,1.829264695,1,3.079455524
3160,1.005238329,0.01871788676,1.729015876,1,3.079746835
3161,0.2823784782,1.06876576,1.979965251,1,3.080037963
3162,1.103375708,0.702045519,1.66810133,1,3.080328906
3163,1.805094848,0.2699612939,0.8611809265,1,3.080619665
3164,0.9772173216,0.1824812947,1.745006105,1,3.08091024
3165,1.909692732,0.3943327294,0.5942000258,1,3.081200632
3166,0.2930849244,0.344472743,1.978408761,1,3.08149084
3167,1.96079275,1.931050925,0.3940707971,0,3.08051784
3168,0.08178328901,0.09781505613,1.998327174,1,3.080808081
3169,0.9055784595,1.040633685,1.783235165,1,3.081098138
3170,1.708469125,0.7251689903,1.039775576,1,3.081388013
3171,1.62773395,1.316750201,1.162102486,0,3.080416272
3172,0.7744965025,0.3440637096,1.843950967,1,3.080706179
3173,0.546703762,0.03958477648,1.923828214,1,3.080995903
3174,0.08100020759,0.2259045728,1.998359068,1,3.081285444
3175,0.2700160571,1.016249775,1.981689009,1,3.081574803
3176,1.889750769,1.839917416,0.6548603152,0,3.080604534
3177,0.7776817143,1.809575093,1.842609875,1,3.080893925
3178,0.9769970195,0.4954122509,1.745129458,1,3.081183134
3179,1.10393192,0.5920132296,1.667733287,1,3.081472161
3180,1.762223574,0.4029146383,0.9458160903,1,3.081761006
3181,0.4618846403,1.328215289,1.945934886,1,3.08204967
3182,1.251256625,1.352685523,1.560242564,1,3.082338152
3183,0.3368986788,1.653821238,1.971420625,1,3.082626453
3184,0.5019037832,0.6135954041,1.93599912,1,3.082914573
3185,1.447135176,1.689964236,1.380507074,0,3.081946625
3186,1.395129049,0.6412920694,1.433043941,1,3.082234777
3187,1.068577516,1.986817916,1.690604061,0,3.08126765
3188,1.136347628,1.848330359,1.645817143,0,3.080301129
3189,0.3178466834,0.7369891865,1.974581851,1,3.080589526
3190,1.328326597,1.99830858,1.495175057,0,3.079623824
3191,0.454581463,0.5072947867,1.947653895,1,3.079912253
3192,0.7324645142,1.663514817,1.861046946,1,3.080200501
3193,0.6199012276,1.112962748,1.901505316,1,3.080488569
3194,1.833545487,0.7900166897,0.7988184703,1,3.080776456
3195,1.856014406,0.7946833328,0.7451245019,0,3.079812207
3196,0.3894939651,1.665253037,1.961707025,1,3.080100125
3197,0.9300129957,1.221107071,1.770614534,1,3.080387864
3198,1.101363776,0.147595483,1.669430392,1,3.080675422
3199,1.225861889,1.94560253,1.58027296,0,3.07971241
3200,1.33852016,0.09357917893,1.486056453,1,3.08
3201,0.8775173773,0.2328686423,1.797209852,1,3.08028741
3202,0.8513514011,1.228420759,1.809751583,1,3.080574641
3203,0.9514950558,1.84718047,1.759163767,0,3.079612863
3204,1.984438575,1.392462758,0.249005102,0,3.078651685
3205,1.792229419,1.457999741,0.8876450349,0,3.077691108
3206,0.1373788529,1.959791137,1.995276184,1,3.07797879
3207,0.6349695585,1.561655717,1.896526736,1,3.078266292
3208,0.06216065152,0.2003323757,1.99903378,1,3.078553616
3209,1.242277616,1.480506435,1.567401137,1,3.07884076
3210,0.6317716973,1.033702903,1.897594404,1,3.079127726
3211,1.862147222,0.6944648212,0.7296627477,1,3.079414513
3212,1.73801258,0.5884926282,0.989602078,1,3.079701121
3213,1.866454276,0.1188540187,0.7185738901,1,3.079987551
3214,0.8133330156,0.3367748865,1.827153361,1,3.080273802
3215,0.5839837673,1.094608836,1.912841593,1,3.080559876
3216,0.03425288782,1.251240338,1.999706663,1,3.080845771
3217,1.146967777,1.412542085,1.638433679,1,3.081131489
3218,1.00937234,1.761664631,1.726605768,0,3.080174021
3219,1.3801145,1.776520133,1.447509574,0,3.079217148
3220,0.07779565981,1.771895478,1.998486386,1,3.079503106
3221,1.572804665,0.7776972146,1.235429272,1,3.079788885
3222,1.848039196,0.5804736743,0.7646902195,1,3.080074488
3223,1.188550878,0.607094301,1.608523177,1,3.080359913
3224,0.4402355027,0.05655723614,1.950946617,1,3.080645161
3225,1.507568823,1.555946367,1.314243601,0,3.079689922
3226,0.08462989055,0.5608820413,1.998208643,1,3.079975201
3227,1.444472848,0.7409264154,1.383292518,1,3.080260304
3228,1.827339806,1.67863247,0.8129140382,0,3.079306072
3229,1.20417721,1.308530714,1.596858556,1,3.079591205
3230,1.313236655,0.6739188522,1.508446051,1,3.079876161
3231,0.918149098,0.3287691534,1.776795496,1,3.080160941
3232,0.09174819214,1.418366559,1.997894459,1,3.080445545
3233,1.277202913,0.01208461355,1.539075281,1,3.080729972
3234,1.616327309,1.418807328,1.177915969,0,3.079777365
3235,0.200860855,1.658113374,1.989888167,1,3.080061824
3236,1.614639565,1.505195291,1.1802284,0,3.079110012
3237,0.03864120437,0.759784857,1.999626679,1,3.079394501
3238,0.8772209186,1.652168281,1.797354573,1,3.079678814
3239,0.5143798742,1.531533735,1.932721745,1,3.079962952
3240,1.011587567,0.7942264554,1.72530884,1,3.080246914
3241,0.7269864256,0.8177472828,1.863193693,1,3.0805307
3242,0.9729738945,1.955660258,1.74737569,0,3.079580506
3243,1.359389993,0.3218382723,1.466989723,1,3.079864323
3244,1.202489247,0.8432938789,1.598130036,1,3.080147965
3245,1.329746371,1.824538816,1.49391251,0,3.079198767
3246,1.05455245,0.6536058176,1.699387869,1,3.07948244
3247,0.4058762569,0.8292966335,1.958383125,1,3.079765938
3248,0.6892167554,0.5400621503,1.87749308,1,3.080049261
3249,0.9931950907,0.8377119348,1.735961841,1,3.08033241
3250,0.2251317831,0.2273170969,1.987288525,1,3.080615385
3251,0.2977077954,0.1106364912,1.9777184,1,3.080898185
3252,0.997647386,1.449476685,1.733406961,1,3.081180812
3253,0.9111588594,0.6551722697,1.780390275,1,3.081463265
3254,0.3385031851,1.503845014,1.971145757,1,3.081745544
3255,0.7084098034,1.058213307,1.870335679,1,3.08202765
3256,1.745298348,0.1422124822,0.9766952833,1,3.082309582
3257,0.7008700714,1.018357185,1.873174082,1,3.082591342
3258,0.9117678076,1.587591351,1.7800785,1,3.082872928
3259,1.571772246,0.1962587833,1.236742498,1,3.083154342
3260,0.5134756243,0.4404860596,1.932962178,1,3.083435583
3261,1.463623746,1.237547839,1.3630134,1,3.083716651
3262,1.170553903,0.3769135117,1.621666908,1,3.083997548
3263,0.9999418872,1.113419466,1.732084358,1,3.084278272
3264,0.2257983614,0.4686230164,1.987212898,1,3.084558824
3265,1.723494982,0.01597056346,1.014674847,1,3.084839204
3266,1.260009191,1.538083125,1.553182809,1,3.085119412
3267,1.388731823,1.009516164,1.43924422,1,3.085399449
3268,0.01419604971,0.6928769604,1.999949617,1,3.085679315
3269,1.013847884,0.03472532425,1.723981574,1,3.085959009
3270,0.4258804725,1.843695306,1.954130452,1,3.086238532
3271,0.5295642521,0.7600601853,1.928616526,1,3.086517884
3272,1.546377385,0.1248257359,1.268352074,1,3.086797066
3273,1.246379275,1.498965087,1.564141522,1,3.087076077
3274,0.8870011921,0.9934358305,1.792548154,1,3.087354918
3275,1.462857439,1.121047566,1.363835808,1,3.087633588
3276,1.406932323,1.445710163,1.421457505,0,3.086691087
3277,0.7671620704,0.9088411861,1.847014444,1,3.086969789
3278,1.699896442,1.978806982,1.053732455,0,3.086028066
3279,0.4901260766,1.894618087,1.939014293,1,3.086306801
3280,1.634400268,0.1690208292,1.152708013,1,3.086585366
3281,0.4210216101,0.397843211,1.955183061,1,3.086863761
3282,1.027217331,0.04881698078,1.716049112,1,3.087141987
3283,0.581998516,0.9966272521,1.913446557,1,3.087420043
3284,0.3447895728,0.3303266654,1.970055875,1,3.087697929
3285,1.41702078,0.2512183972,1.411400762,1,3.087975647
3286,0.811919023,0.3152982625,1.827782126,1,3.088253195
3287,0.3593205627,1.374941045,1.967457429,1,3.088530575
3288,0.7268378111,0.4374779466,1.863251673,1,3.088807786
3289,0.9895023831,0.3700212812,1.738069341,1,3.089084828
3290,1.116766211,1.164205684,1.659166426,1,3.089361702
3291,0.9270444924,1.429011987,1.772170564,1,3.089638408
3292,0.3959536425,0.0991331688,1.960413404,1,3.089914945
3293,0.4085770851,0.6788834071,1.957821434,1,3.090191315
3294,1.732809872,1.174569175,0.998684108,0,3.089253188
3295,1.074163342,1.379797603,1.687060495,1,3.08952959
3296,0.5633983859,1.925949936,1.919005539,0,3.088592233
3297,1.977690014,0.1996519523,0.2978963031,1,3.088868668
3298,0.4232546049,1.756018342,1.954700882,1,3.089144936
3299,1.097441892,1.351921604,1.672011152,1,3.089421037
3300,0.610053057,1.00249971,1.904687709,1,3.08969697
3301,1.541156152,0.1056748186,1.274691223,1,3.089972736
3302,0.8184718021,1.530424754,1.82485723,1,3.090248334
3303,0.3907340142,0.333430764,1.961460407,1,3.090523766
3304,1.812715923,0.9061695263,0.8450212915,0,3.089588378
3305,1.178709034,0.4900977063,1.615749057,1,3.089863843
3306,1.689563557,0.1282872211,1.070221934,1,3.090139141
3307,0.4147772774,1.949757747,1.956517265,1,3.090414273
3308,1.176271269,0.7247788748,1.617524622,1,3.090689238
3309,1.289787429,1.516822478,1.528544532,1,3.090964037
3310,1.093613115,0.6750262463,1.674517947,1,3.091238671
3311,1.161910796,0.2925805251,1.627870788,1,3.091513138
3312,0.5225649856,1.716680287,1.930524757,1,3.09178744
3313,0.456474171,1.157939835,1.947211168,1,3.092061576
3314,1.166804556,0.2620653078,1.624366685,1,3.092335546
3315,1.428198898,0.1503170517,1.400088536,1,3.092609351
3316,0.5082170258,0.701295035,1.93435143,1,3.092882992
3317,1.107261656,1.406407549,1.66552443,1,3.093156467
3318,1.493414346,1.183547793,1.330305826,1,3.093429777
3319,0.1247135307,0.6863603729,1.996107847,1,3.093702923
3320,0.1278879426,1.734206132,1.99590698,1,3.093975904
3321,0.6013810454,1.349190714,1.907443535,1,3.09424872
3322,0.2648618549,1.442057692,1.982384473,1,3.094521373
3323,0.5554679043,0.276362154,1.921316061,1,3.094793861
3324,0.5409096446,0.9674441117,1.925465335,1,3.095066185
3325,1.545239525,0.9030814365,1.269738088,1,3.095338346
3326,0.436440235,1.466289831,1.95179915,1,3.095610343
3327,1.140439069,1.475147188,1.642984701,1,3.095882176
3328,1.140292234,0.8652570997,1.643086614,1,3.096153846
3329,0.2693501178,0.3314548696,1.981779633,1,3.096425353
3330,1.278689608,0.3214782311,1.537840332,1,3.096696697
3331,0.3081454666,1.667790734,1.976119018,1,3.096967878
3332,1.823665887,1.293370576,0.821122849,0,3.096038415
3333,0.6395278063,0.1812549231,1.894994508,1,3.096309631
3334,1.557227211,1.691899784,1.255007336,0,3.095380924
3335,0.3088825289,0.1715718718,1.976003943,1,3.095652174
3336,1.859692496,1.98015795,0.7358966107,0,3.094724221
3337,0.7229153443,0.1325114004,1.864777039,1,3.094995505
3338,1.62686182,1.108116485,1.163323093,1,3.095266627
3339,0.6255363601,0.6191144543,1.899658986,1,3.095537586
3340,0.9148354301,0.9832983297,1.778503904,1,3.095808383
3341,0.4109885182,1.936342202,1.957316642,1,3.096079018
3342,0.6741114541,0.1397449033,1.882969396,1,3.096349491
3343,1.514824446,1.421081639,1.305873998,0,3.095423273
3344,0.957062689,0.730484264,1.756140942,1,3.09569378
3345,1.563532562,0.713292165,1.247143106,1,3.095964126
3346,0.06628300816,0.4729043245,1.998901339,1,3.09623431
3347,0.8517274682,1.665177136,1.809574624,1,3.096504332
3348,0.6478006869,0.7586795256,1.892182409,1,3.096774194
3349,1.794566222,0.8542958134,0.8829111372,1,3.097043894
3350,0.5804640227,1.263267956,1.91391262,1,3.097313433
3351,1.42588028,1.625200879,1.402449795,0,3.096389138
3352,0.5492781628,1.685684898,1.923094771,1,3.096658711
3353,1.746032292,1.997941216,0.9753826099,0,3.095735163
3354,1.1585883,0.1849792423,1.630237146,1,3.09600477
3355,1.097299798,1.692143625,1.672104408,0,3.095081967
3356,1.113871627,1.582463194,1.661111073,1,3.095351609
3357,1.480141467,0.07323333831,1.34505808,1,3.09562109
3358,1.292060916,1.718785699,1.526623264,0,3.094699226
3359,0.9346447862,1.756016895,1.768173952,1,3.094968741
3360,1.581391933,0.8860116277,1.224418048,1,3.095238095
3361,1.21530324,0.4337554819,1.588407389,1,3.095507289
3362,0.1532963674,0.7275769411,1.994116402,1,3.095776324
3363,0.4574376476,0.08771034793,1.946985053,1,3.096045198
3364,1.123205591,0.1926925864,1.654813947,1,3.096313912
3365,0.3202374206,1.119773601,1.974195531,1,3.096582467
3366,0.1168908505,1.225047116,1.99658121,1,3.096850862
3367,0.4313698992,0.3874703153,1.952926012,1,3.097119097
3368,1.974004297,1.304657713,0.3214141197,0,3.096199525
3369,1.119553406,0.9986138206,1.657286991,1,3.096467795
3370,0.3022865946,0.4449159947,1.977023726,1,3.096735905
3371,1.95507351,1.545896672,0.4215300335,0,3.095817265
3372,0.1999296089,1.04889667,1.989981948,1,3.096085409
3373,0.9553687671,0.2557779942,1.757063038,1,3.096353395
3374,1.826536928,0.03469463701,0.8147164239,1,3.096621221
3375,0.06478147354,0.05752959568,1.998950565,1,3.096888889
3376,1.76774007,1.741024543,0.9354651487,0,3.095971564
3377,1.050847256,1.975853891,1.701681534,0,3.095054782
3378,1.781019999,0.5699558778,0.9099273395,1,3.095322676
3379,0.7402009808,0.6124559015,1.857983452,1,3.095590411
3380,0.4640335931,0.7099234734,1.945423559,1,3.095857988
3381,0.5190510588,1.210486427,1.931472495,1,3.096125407
3382,0.7971741092,1.564084901,1.834261006,1,3.096392667
3383,1.749423762,1.732790151,0.9692865933,0,3.095477387
3384,1.601925992,1.012167299,1.197427707,1,3.095744681
3385,0.9573538879,0.4134042709,1.755982213,1,3.096011817
3386,1.402275937,1.515363132,1.42605126,0,3.09509746
3387,0.2918604355,0.7065890913,1.978589772,1,3.095364629
3388,0.8790914729,1.205258919,1.79644042,1,3.095631641
3389,0.3341956922,1.351083582,1.971880635,1,3.095898495
3390,0.6724909862,0.2168286416,1.883548745,1,3.096165192
3391,1.610041891,0.6456573411,1.186492776,1,3.096431731
3392,0.988643695,1.767187348,1.738557921,0,3.095518868
3393,1.206122739,0.1549640305,1.595389589,1,3.095785441
3394,1.187533242,0.2035212453,1.609274619,1,3.096051856
3395,0.5799606017,0.3711052146,1.914065229,1,3.096318115
3396,0.9777268577,0.5813682677,1.744720663,1,3.096584217
3397,1.50899091,1.060491033,1.312610542,1,3.096850162
3398,1.847515343,1.404773546,0.7659549966,0,3.095938788
3399,1.709329069,1.628389284,1.038361273,0,3.095027949
3400,0.2079553662,0.6594404247,1.989159261,1,3.095294118
3401,0.442501458,0.6169987699,1.950433916,1,3.095560129
3402,1.264674398,1.921206076,1.549386545,0,3.094650206
3403,1.239819649,1.689829689,1.569346118,0,3.093740817
3404,1.77525154,1.280436782,0.9211308104,0,3.092831962
3405,1.558871525,0.1675616758,1.252964313,1,3.093098385
3406,0.8560521186,0.3735134827,1.807532785,1,3.093364651
3407,1.513429179,1.963863404,1.307490772,0,3.092456707
3408,1.099350742,1.517438534,1.670756698,1,3.092723005
3409,1.250781732,0.5556456459,1.560623292,1,3.092989146
3410,0.1089045005,1.360957828,1.997032751,1,3.093255132
3411,1.363558325,0.2877021193,1.46311609,1,3.093520962
3412,1.893157605,0.02327487426,0.6449451792,1,3.093786635
3413,0.0958306776,0.3464821354,1.997702801,1,3.094052154
3414,1.676523147,1.953014288,1.090536628,0,3.09314587
3415,1.128737031,0.2571130205,1.651045946,1,3.09341142
3416,0.7777734185,1.127830779,1.842571168,1,3.093676815
3417,1.394243306,1.035787321,1.433905716,1,3.093942054
3418,1.738833887,1.531316861,0.9881582434,0,3.093036864
3419,0.2534371176,0.3821974725,1.983877422,1,3.093302135
3420,0.7587496886,1.089801513,1.850486128,1,3.093567251
3421,1.281035147,0.3025543432,1.535887025,1,3.093832213
3422,0.6347969863,1.652374269,1.896584505,1,3.094097019
3423,0.2699810741,0.2422009025,1.981693775,1,3.094361671
3424,1.253418606,0.3858375484,1.558506271,1,3.094626168
3425,0.73773017,1.438260639,1.858965894,1,3.094890511
3426,1.249864713,1.008610971,1.561357806,1,3.095154699
3427,0.6318969716,0.05378618442,1.897552692,1,3.095418734
3428,0.2043542717,0.7961450273,1.98953244,1,3.095682614
3429,1.885450179,1.914574017,0.667141382,0,3.094779819
3430,1.406500507,1.69199044,1.421884779,0,3.093877551
3431,1.286975752,0.9170251347,1.530912608,1,3.09414165
3432,1.045032891,1.085405406,1.705258413,1,3.094405594
3433,0.1623524299,0.3040504118,1.993399531,1,3.094669385
3434,0.06217724468,0.2945449628,1.999033264,1,3.094933023
3435,0.4061403442,1.024856643,1.958328374,1,3.095196507
3436,1.632532931,0.2176317445,1.155351129,1,3.095459837
3437,0.5228461929,0.5677420943,1.930448616,1,3.095723014
3438,1.194231655,0.4058764624,1.604310056,1,3.095986038
3439,1.322289386,0.7274584854,1.500516838,1,3.09624891
3440,0.9676399871,1.800724897,1.750335069,0,3.095348837
3441,1.520234208,0.2728761395,1.299572219,1,3.095611741
3442,1.041726245,1.398175616,1.707280419,1,3.095874492
3443,1.488532789,0.9273541645,1.335765749,1,3.09613709
3444,0.3150363608,1.358626743,1.975032175,1,3.096399535
3445,0.568271679,0.4836488725,1.917568069,1,3.096661829
3446,0.7650128501,1.21990192,1.847905663,1,3.09692397
3447,0.9060912911,0.7345287186,1.782974642,1,3.097185959
3448,1.904417224,0.3703057114,0.6108969111,1,3.097447796
3449,0.007135724134,0.5353080086,1.99998727,1,3.097709481
3450,0.503585988,0.9547341152,1.935562232,1,3.097971014
3451,0.244400997,0.8874001057,1.98501087,1,3.098232396
3452,0.0586895861,1.137461613,1.999138698,1,3.098493627
3453,0.7031983801,0.8983827265,1.872301268,1,3.098754706
3454,0.4713443796,0.5973409053,1.943665217,1,3.099015634
3455,0.7138397582,0.1752958589,1.868270002,1,3.099276411
3456,0.7005396199,1.540058413,1.873297691,1,3.099537037
3457,1.23355716,1.984165116,1.574273399,0,3.09864044
3458,1.932136818,0.1494834901,0.5165726649,1,3.098901099
3459,1.728324007,1.661630494,1.006427407,0,3.098005204
3460,1.070981992,0.580969552,1.689081873,1,3.098265896
3461,1.190092107,1.898026394,1.607383208,0,3.097370702
3462,0.5248061824,1.146391328,1.929916701,1,3.097631427
3463,0.3635744868,1.645291024,1.966675772,1,3.097892001
3464,0.4217966665,1.851391392,1.955016003,1,3.098152425
3465,1.056083749,1.996884518,1.698436668,0,3.097258297
3466,0.5798685411,0.5624569013,1.914093121,1,3.097518754
3467,1.652862754,1.029136053,1.126074917,1,3.09777906
3468,0.5931917244,0.3009528749,1.910006172,1,3.098039216
3469,1.518653103,1.694590984,1.301419515,0,3.097146152
3470,1.916032064,1.371553749,0.5734292707,0,3.096253602
3471,0.2081027293,1.258998871,1.98914385,1,3.096513973
3472,1.819577432,1.287100451,0.8301433427,0,3.09562212
3473,0.135982343,1.493530536,1.995371846,1,3.095882522
3474,1.759209197,0.08748439036,0.9514110578,1,3.096142775
3475,0.8252811762,0.1614141563,1.821787853,1,3.096402878
3476,1.50285962,1.614795592,1.319626069,0,3.095512083
3477,1.317458175,0.2895172301,1.504760431,1,3.095772217
3478,1.980315173,1.520385042,0.2799139421,0,3.094882116
3479,1.885454311,0.05406044184,0.6671297034,1,3.095142282
3480,0.01524815578,0.5559317209,1.999941873,1,3.095402299
3481,1.276879501,1.640171422,1.539343607,0,3.094513071
3482,0.7958349068,0.2919880451,1.834842446,1,3.094773119
3483,1.906995795,0.7589158005,0.602799336,0,3.093884582
3484,0.2100325222,1.276469967,1.98894101,1,3.094144661
3485,1.478756755,0.6264132919,1.346580283,1,3.094404591
3486,0.7816421505,0.06623609843,1.840933336,1,3.094664372
3487,1.977833065,1.434607265,0.2969450548,0,3.093776886
3488,0.9869171661,1.439290705,1.73953859,1,3.094036697
3489,1.433808723,0.4473476629,1.394343051,1,3.09429636
3490,1.51452855,1.403359477,1.30621716,0,3.093409742
3491,1.655946508,0.409659053,1.121535181,1,3.093669436
3492,1.026056128,0.6403334852,1.716743668,1,3.093928981
3493,1.822218009,0.2018039968,0.8243309569,1,3.094188377
3494,0.7236862115,0.8716229983,1.864478015,1,3.094447624
3495,0.9203976768,1.619657221,1.775631751,1,3.094706724
3496,1.271679117,0.7883076071,1.543642518,1,3.094965675
3497,1.436390414,1.776522253,1.391683361,0,3.094080641
3498,0.8541467483,0.1898903827,1.808433945,1,3.094339623
3499,0.3740741011,0.03409818188,1.96470572,1,3.094598457
3500,0.08458321675,0.3423762072,1.998210619,1,3.094857143
3501,1.781267844,1.818423163,0.9094420646,0,3.093973151
3502,0.04626852261,0.7842344101,1.999464734,1,3.094231868
3503,1.129105552,0.1366724881,1.650793946,1,3.094490437
3504,1.954368235,1.960469574,0.4247879511,0,3.093607306
3505,0.3221130456,1.331577963,1.973890368,1,3.093865906
3506,1.09745015,0.517627923,1.672005732,1,3.094124358
3507,1.78848902,0.4970658907,0.8951575418,1,3.094382663
3508,1.426707995,0.263194624,1.401607755,1,3.094640821
3509,0.3111709021,1.777323796,1.975644874,1,3.094898832
3510,0.3467341104,0.2971171922,1.969714562,1,3.095156695
3511,0.2167795515,0.4798264762,1.988216946,1,3.095414412
3512,1.673984113,0.5472555506,1.094430075,1,3.095671982
3513,0.8504445661,0.2071315718,1.810177903,1,3.095929405
3514,0.667278574,1.033481917,1.88540163,1,3.096186682
3515,1.728773775,0.06577078923,1.005654631,1,3.096443812
3516,0.8197290512,1.157989886,1.824292817,1,3.096700796
3517,1.552913863,1.636605903,1.260340641,0,3.095820301
3518,1.187073032,1.766804585,1.60961412,0,3.094940307
3519,0.7798991054,1.617876877,1.841672442,1,3.095197499
3520,0.791588722,1.106490774,1.836678332,1,3.095454545
3521,0.3334357327,1.28071333,1.972009283,1,3.095711446
3522,1.978567437,0.3455085082,0.2920118106,0,3.094832482
3523,1.7682821,0.8250760583,0.9344401612,1,3.095089412
3524,1.925220537,1.629195269,0.5417802896,0,3.094211124
3525,1.158065505,1.680057766,1.630608563,0,3.093333333
3526,0.3603513556,0.4525224425,1.967268894,1,3.093590471
3527,1.483329255,1.087947032,1.34154177,1,3.093847462
3528,1.677288288,0.4848087134,1.089359445,1,3.094104308
3529,1.05724058,0.5671856962,1.697716807,1,3.094361009
3530,1.016834214,0.5159304711,1.722221873,1,3.094617564
3531,1.583729449,1.424021336,1.22139307,0,3.09374115
3532,1.705091737,1.125608889,1.045304821,0,3.092865232
3533,1.91185217,0.860347229,0.5872148484,0,3.09198981
3534,0.1052403542,0.1165470019,1.997229198,1,3.092246746
3535,0.07523469602,1.915980882,1.998584434,1,3.092503536
3536,1.175256458,0.8802105037,1.618262111,1,3.092760181
3537,1.604845778,1.438737331,1.193511638,0,3.091885779
3538,0.8906823368,0.8446780562,1.790721914,1,3.092142453
3539,0.8230417644,1.391419783,1.822800662,1,3.092398983
3540,0.5900359996,0.6001323881,1.910983391,1,3.092655367
3541,0.7219786547,0.412486487,1.865139893,1,3.092911607
3542,0.958816181,1.870697378,1.755184187,0,3.092038396
3543,0.643642661,1.127937066,1.893600836,1,3.092294666
3544,0.2595151928,1.521906506,1.983091492,1,3.09255079
3545,0.7080068192,0.6891470642,1.870488264,1,3.09280677
3546,0.06602475185,0.3069648051,1.998909886,1,3.093062606
3547,0.6228416909,1.143094086,1.900544193,1,3.093318297
3548,1.667819077,1.963005238,1.103802304,0,3.092446449
3549,0.9304604447,1.136068726,1.77037944,1,3.09270217
3550,1.607373601,1.449826708,1.190105082,0,3.091830986
3551,1.40025152,0.4546358274,1.428039103,1,3.092086736
3552,0.6623159562,0.705170546,1.88715065,1,3.092342342
3553,0.5998358846,0.5696382894,1.907930007,1,3.092597805
3554,0.6252533205,0.09943247217,1.899752164,1,3.092853123
3555,0.6679359745,1.404209066,1.885168834,1,3.093108298
3556,1.727528033,0.861840349,1.007793082,1,3.09336333
3557,0.8753771473,1.914255409,1.798253277,0,3.092493674
3558,0.5658745677,0.8663058013,1.918276824,1,3.092748735
3559,0.863044454,0.03144828911,1.804204609,1,3.093003653
3560,0.1114845333,0.6572804086,1.996890382,1,3.093258427
3561,1.992788798,1.792339943,0.1696844374,0,3.092389778
3562,0.6241608714,1.157163814,1.900111367,1,3.092644582
3563,0.2911568252,1.356136084,1.978693433,1,3.092899242
3564,1.528826282,0.9291299958,1.28945345,1,3.09315376
3565,0.3138547594,0.7278898796,1.975220289,1,3.093408135
3566,1.207038525,1.419434669,1.594696836,1,3.093662367
3567,0.1917837328,1.097543525,1.990783514,1,3.093916456
3568,0.1328720376,0.03360784389,1.995581374,1,3.094170404
3569,1.408137354,0.7350279897,1.420263775,1,3.094424208
3570,1.485990857,1.588189099,1.338592983,0,3.093557423
3571,1.493034679,0.8051924208,1.330731922,1,3.093811257
3572,0.4224449237,0.6860357121,1.954876028,1,3.09406495
3573,1.360450693,0.8819350041,1.466006109,1,3.0943185
3574,0.4332222012,1.077313958,1.952515947,1,3.094571908
3575,0.5546281305,0.4976334937,1.921558648,1,3.094825175
3576,0.4326760827,1.482749042,1.952637039,1,3.0950783
3577,1.649380955,1.388813355,1.131168628,0,3.094213028
3578,0.9471811127,0.1649359556,1.761490261,1,3.094466182
3579,0.480468487,1.484993456,1.941429894,1,3.094719195
3580,0.8508914991,0.9583369639,1.809967861,1,3.094972067
3581,1.811303802,0.08852261819,0.8480439468,1,3.095224798
3582,0.9935629126,0.2430564656,1.735751347,1,3.095477387
3583,0.37900721,0.008844260883,1.96376005,1,3.095729835
3584,1.908023302,1.032134936,0.599539054,0,3.094866071
3585,1.712208699,1.906424597,1.033606005,0,3.094002789
3586,1.593614798,1.227953501,1.208466746,0,3.093139989
3587,1.441589388,0.4730036495,1.38629724,1,3.093392807
3588,1.732836649,0.7263720959,0.9986376466,1,3.093645485
3589,1.048812276,1.179434341,1.702936525,1,3.093898022
3590,1.056601158,0.6179974963,1.698114835,1,3.094150418
3591,1.612539535,0.001069511617,1.183096044,1,3.094402673
3592,0.6510574462,1.461763048,1.891064304,1,3.094654788
3593,1.56233166,0.3675091722,1.248647182,1,3.094906763
3594,1.958781082,1.428495549,0.4039513262,0,3.094045632
3595,0.3727591975,1.31498171,1.964955618,1,3.094297636
3596,1.267996324,0.1419819059,1.546669106,1,3.094549499
3597,1.123174771,0.404470589,1.654834866,1,3.094801223
3598,1.416892161,0.6505696452,1.411529881,1,3.095052807
3599,1.853742519,1.897887669,0.7507587306,0,3.094192831
3600,0.8175945632,0.1021516533,1.825250429,1,3.094444444
3601,1.170762034,0.4732998243,1.621516654,1,3.094695918
3602,0.6730238633,0.8656611112,1.883358404,1,3.094947252
3603,0.3611303914,1.302135566,1.967126036,1,3.095198446
3604,0.9713201111,1.323786354,1.748295525,1,3.095449501
3605,0.4840929996,1.039640113,1.940529301,1,3.095700416
3606,0.199658939,0.08679569231,1.990009123,1,3.095951192
3607,0.8154673423,1.824296023,1.8262018,1,3.09620183
3608,0.2507246335,1.612618906,1.984222054,1,3.096452328
3609,1.207645711,0.03198434262,1.594237071,1,3.096702688
3610,0.2015110813,1.049556724,1.989822425,1,3.096952909
3611,1.429548151,0.4726156805,1.398710865,1,3.097202991
3612,1.654191198,1.033782674,1.124122538,1,3.097452935
3613,0.5018608633,0.1461677887,1.936010246,1,3.09770274
3614,0.6348801014,1.093200641,1.896556684,1,3.097952407
3615,0.1827810581,0.1182224446,1.991630258,1,3.098201936
3616,1.550520263,0.5500265407,1.263284178,1,3.098451327
3617,1.809064324,1.828347126,0.8528108069,0,3.097594692
3618,1.174922519,1.633314356,1.61850458,0,3.09673853
3619,1.051331814,1.889065634,1.701382208,0,3.095882841
3620,1.886975626,1.954477549,0.6628144425,0,3.095027624
3621,1.858244937,1.913687197,0.739544288,0,3.09417288
3622,0.9032768473,1.715860011,1.784402123,1,3.094422971
3623,1.24779065,0.01448133229,1.563015833,1,3.094672923
3624,1.685717487,0.8232583869,1.07626974,1,3.094922737
3625,0.01238095248,0.2990733498,1.999961678,1,3.095172414
3626,1.341897628,1.403853642,1.483007335,1,3.095421953
3627,1.096010386,1.115823542,1.67294986,1,3.095671354
3628,0.9898074883,0.5801843323,1.737895606,1,3.095920617
3629,1.436578657,1.940110832,1.391489045,0,3.095067512
3630,1.048722709,0.7351649231,1.702991685,1,3.095316804
3631,1.319493314,1.420452556,1.502976179,1,3.09556596
3632,0.879326443,0.5232148412,1.796325418,1,3.095814978
3633,1.97114834,0.2861606699,0.3384881391,1,3.096063859
3634,1.195210404,0.7997047637,1.603581021,1,3.096312603
3635,0.9924592853,0.7769836046,1.73638261,1,3.09656121
3636,1.09013868,1.849710929,1.676781935,0,3.095709571
3637,0.9158335834,1.70061881,1.777990115,1,3.095958207
3638,0.5862903167,0.9572656116,1.912135891,1,3.096206707
3639,1.593768685,1.948044605,1.208263787,0,3.095355867
3640,1.250305646,1.761425858,1.561004738,0,3.094505495
3641,0.9328983835,1.261756771,1.769095986,1,3.094754188
3642,1.942926533,0.2560741151,0.4743801085,1,3.095002746
3643,1.339712662,1.750890877,1.484981476,0,3.09415317
3644,1.270282784,0.01107164294,1.544791782,1,3.094401756
3645,0.4035013167,1.912894467,1.958873831,1,3.094650206
3646,0.8807235035,1.66928447,1.795640863,1,3.094898519
3647,1.369694151,0.9935928211,1.457373642,1,3.095146696
3648,1.932824103,0.1637070417,0.5139951227,1,3.095394737
3649,0.581463008,0.4616695832,1.913609357,1,3.095642642
3650,0.7448200896,0.2554507011,1.856136588,1,3.095890411
3651,0.08312944785,1.015619116,1.998271627,1,3.096138044
3652,1.401241714,1.994578728,1.427067503,0,3.095290252
3653,1.157281536,1.522246439,1.631165058,1,3.095537914
3654,0.98983584,0.2898239271,1.737879458,1,3.095785441
3655,1.222785018,0.2414072651,1.582654985,1,3.096032832
3656,0.3978888408,1.902824267,1.960021548,1,3.096280088
3657,1.049132219,0.950339431,1.702739436,1,3.096527208
3658,0.9640269321,0.4302672606,1.752327616,1,3.096774194
3659,0.3133023108,1.155449242,1.975307992,1,3.097021044
3660,1.905842225,1.279127581,0.6064366531,0,3.096174863
3661,1.63912383,1.233731534,1.145981269,0,3.095329145
3662,1.672927777,0.7079855862,1.096044092,1,3.095576188
3663,0.002380039641,1.316363568,1.999998584,1,3.095823096
3664,0.7617620248,0.2289703792,1.849248122,1,3.096069869
3665,0.05920830628,0.9290215275,1.999123402,1,3.096316508
3666,1.563718358,0.1824935707,1.246910139,1,3.096563011
3667,1.637331276,1.47945218,1.14854094,0,3.095718571
3668,0.5750406532,1.153543668,1.915549072,1,3.095965104
3669,1.43253082,1.997189377,1.395655921,0,3.095121286
3670,0.4831776337,0.3913582591,1.940757423,1,3.095367847
3671,0.0007763829263,0.5823752094,1.999999849,1,3.095614274
3672,1.876033205,0.1247016866,0.6931806494,1,3.095860566
3673,0.1550797752,0.7043357547,1.993978501,1,3.096106725
3674,0.6671224612,1.94940132,1.885456873,0,3.095264017
3675,0.3748587798,0.7719882757,1.964556157,1,3.095510204
3676,0.879579068,1.543891123,1.796201732,1,3.095756257
3677,0.8680304799,0.01049467911,1.801811057,1,3.096002176
3678,1.520862552,1.645647439,1.298836824,0,3.095160413
3679,0.9871939702,1.716793537,1.739381518,1,3.09540636
3680,0.2380049188,0.354605558,1.985787919,1,3.095652174
3681,0.4418642952,1.362406109,1.950578362,1,3.095897854
3682,1.563566657,0.9547509387,1.24710036,1,3.0961434
3683,1.011176527,1.20662515,1.725549777,1,3.096388813
3684,1.851853252,1.890456095,0.7554068655,0,3.095548317
3685,0.1420316609,0.7431511698,1.994950377,1,3.095793758
3686,0.2525767993,0.6244621978,1.983987137,1,3.096039067
3687,1.18577766,1.335592527,1.610568639,1,3.096284242
3688,1.179651711,1.422659146,1.61506094,1,3.096529284
3689,1.289991376,1.586405727,1.528372418,0,3.095689889
3690,0.0898905776,1.297632678,1.9979789,1,3.095934959
3691,0.7687968916,0.6288062757,1.846334569,1,3.096179897
3692,1.809425723,1.185715149,0.8520437503,0,3.095341278
3693,1.125999866,0.4055764036,1.652913882,1,3.095586244
3694,1.879862008,0.134543477,0.682728958,1,3.095831077
3695,0.001159548375,0.01931639394,1.999999664,1,3.096075778
3696,1.573117004,1.76648721,1.235031535,0,3.095238095
3697,0.2081914359,0.2648547192,1.989134567,1,3.095482824
3698,1.457435465,0.9212921564,1.369628368,1,3.09572742
3699,1.309970738,1.715853539,1.511283119,0,3.094890511
3700,1.719977483,0.2609569813,1.020626013,1,3.095135135
3701,0.8726771012,1.310313906,1.799565136,1,3.095379627
3702,1.138854507,0.2506912322,1.644083457,1,3.095623987
3703,1.339874817,1.533633561,1.484835168,0,3.09478801
3704,1.73953666,0.536745987,0.9869205682,1,3.095032397
3705,0.133985357,0.2780996688,1.995506934,1,3.095276653
3706,0.01674786584,1.292594222,1.999929876,1,3.095520777
3707,0.5634165217,1.992319749,1.919000214,0,3.09468573
3708,0.1795349775,0.9665667348,1.991925499,1,3.094929881
3709,1.003962171,0.4591558448,1.729757196,1,3.095173901
3710,0.9361983006,1.17060683,1.767351901,1,3.09541779
3711,1.748711215,0.8496941195,0.9705715261,1,3.095661547
3712,1.537148786,0.8550606277,1.279520851,1,3.095905172
3713,1.215333944,0.591638883,1.588383897,1,3.096148667
3714,1.340247463,1.642412406,1.484498817,0,3.095315024
3715,0.3436451692,0.6193618676,1.97025582,1,3.095558546
3716,1.817171554,1.35246971,0.8353966382,0,3.094725511
3717,0.728239558,1.798610584,1.862704256,1,3.094969061
3718,1.274951566,0.5316167343,1.540940785,1,3.09521248
3719,1.674906887,1.570683855,1.093017347,0,3.09438021
3720,1.041287779,0.8798911493,1.70754788,1,3.094623656
3721,0.2462218264,0.8139356457,1.984785835,1,3.094866971
3722,1.34631271,1.047718666,1.479000368,1,3.095110156
3723,0.2738754023,0.01677440478,1.981159323,1,3.09535321
3724,0.9388220796,0.3816946567,1.765959542,1,3.095596133
3725,0.1114897725,1.302681801,1.99689009,1,3.095838926
3726,0.9095230399,0.6212757972,1.781226499,1,3.096081589
3727,1.027606111,1.590245291,1.715816331,1,3.096324121
3728,1.866646899,1.204529491,0.7180733625,0,3.095493562
3729,1.542644958,1.779194968,1.27288905,0,3.094663449
3730,0.6158452561,0.803236889,1.902822803,1,3.094906166
3731,0.4462147818,1.498128197,1.949587743,1,3.095148754
3732,0.04745927873,1.080000343,1.999436825,1,3.095391211
3733,1.112754453,1.275808318,1.661859659,1,3.095633539
3734,1.429322742,0.267209231,1.398941207,1,3.095875736
3735,0.6353096149,1.250273475,1.896412849,1,3.096117805
3736,1.271585041,0.05978530821,1.543720015,1,3.096359743
3737,1.079094297,0.8937161157,1.683910775,1,3.096601552
3738,0.09296762222,0.2965165657,1.997838087,1,3.096843232
3739,0.6446707604,1.527147659,1.893251069,1,3.097084782
3740,1.917289291,1.249652384,0.5692115393,0,3.096256684
3741,1.729733026,0.1559408209,1.004003813,1,3.096498262
3742,0.439635119,1.310537445,1.951081998,1,3.096739711
3743,0.06206465711,1.831083543,1.999036763,1,3.096981031
3744,0.94591116,1.946528485,1.762172545,0,3.096153846
3745,1.75598744,0.4677378651,0.9573443,1,3.096395194
3746,0.7972414135,1.234298907,1.834231754,1,3.096636412
3747,1.135130769,1.840492476,1.646656655,0,3.095809981
3748,0.4729983489,0.3915887462,1.943263379,1,3.096051227
3749,1.564710611,1.602020505,1.245664763,0,3.095225393
3750,1.418270275,1.926896281,1.410145179,0,3.0944
3751,0.272255082,0.009025364087,1.981382641,1,3.094641429
3752,0.7372957609,0.3418704799,1.859138231,1,3.094882729
3753,1.300330577,0.09142900149,1.519585598,1,3.095123901
3754,0.160373431,1.907801067,1.993559721,1,3.095364944
3755,1.5908893,0.3824233402,1.212052488,1,3.095605859
3756,0.5646076221,0.8427067006,1.918650107,1,3.095846645
3757,0.910257051,1.956995567,1.78085151,0,3.095022624
3758,1.565133516,1.254470544,1.245133357,0,3.094199042
3759,0.1707166019,0.8328758048,1.99270064,1,3.094440011
3760,0.7425133927,1.412285611,1.857060543,1,3.094680851
3761,1.87031666,1.357374721,0.7084600128,0,3.093858016
3762,1.124588336,1.358661983,1.653874564,1,3.094098884
3763,1.67381598,0.8288277464,1.0946872,1,3.094339623
3764,1.629721471,1.391581832,1.159313559,0,3.093517535
3765,1.734012502,1.927015306,0.9965945228,0,3.092695883
3766,0.8636417576,0.2322824654,1.803918766,1,3.092936803
3767,0.5781729646,1.48314815,1.914605971,1,3.093177595
3768,0.8389380285,1.972012965,1.815539309,0,3.092356688
3769,0.04009884317,1.980603291,1.99959798,1,3.092597506
3770,1.286406168,1.237184657,1.531391253,1,3.092838196
3771,0.9798870621,1.334045406,1.743508344,1,3.093078759
3772,0.7465186966,0.6367228688,1.855454078,1,3.093319194
3773,0.7287147621,1.368312807,1.862518401,1,3.093559502
3774,0.7672081151,0.5369799771,1.846995319,1,3.093799682
3775,0.6861481857,0.946345057,1.87861669,1,3.094039735
3776,0.2275942759,1.51302872,1.987008013,1,3.094279661
3777,0.05920529711,1.244668501,1.999123491,1,3.09451946
3778,0.7594097482,1.867434708,1.850215348,0,3.093700371
3779,0.8690035582,1.596712308,1.801341949,1,3.093940196
3780,1.717373804,1.807465735,1.025001082,0,3.093121693
3781,0.4391410214,0.753893025,1.951193267,1,3.093361545
3782,1.438836689,0.5665455077,1.389154053,1,3.093601269
3783,1.524485928,1.429430957,1.294582039,0,3.092783505
3784,0.5257005963,1.911834059,1.929673258,1,3.093023256
3785,0.2293398496,0.4474969332,1.986807296,1,3.09326288
3786,1.321866145,1.350345835,1.500889701,1,3.093502377
3787,0.002590562242,1.988016722,1.999998322,1,3.093741748
3788,1.241448157,0.6569392862,1.568058185,1,3.093980993
3789,0.5557766599,0.5500179725,1.921226771,1,3.094220111
3790,0.9925963176,1.056208907,1.736304279,1,3.094459103
3791,1.698328472,0.9910684801,1.056257734,1,3.094697969
3792,2.639087008e-05,1.695406481,2,1,3.094936709
3793,1.545162964,1.354770844,1.269831255,0,3.094120749
3794,0.2426925583,1.356960319,1.985220472,1,3.094359515
3795,1.200763499,1.495434196,1.599427091,1,3.094598155
3796,0.6864952571,0.1579276044,1.878489889,1,3.09483667
3797,1.100264476,0.1488760482,1.670155107,1,3.095075059
3798,0.1647583758,0.6471841622,1.993202117,1,3.095313323
3799,1.478553073,0.9780861368,1.346803924,1,3.095551461
3800,0.87834945,1.302416191,1.79680334,1,3.095789474
3801,1.943513982,1.768206007,0.4719675844,0,3.094975007
3802,1.876958387,0.7693886411,0.6906715676,0,3.094160968
3803,0.7514504549,0.9077585491,1.853462223,1,3.094399159
3804,1.992662868,1.068437019,0.1711569264,0,3.093585699
3805,0.1607824985,0.9447812102,1.993526771,1,3.093823916
3806,0.9622402606,0.5068301035,1.753309351,1,3.094062007
3807,1.490940262,1.828729851,1.333078067,0,3.093249278
3808,0.6149039599,1.793913067,1.903127195,1,3.093487395
3809,1.319911184,0.5301404848,1.50260922,1,3.093725387
3810,1.831451842,0.4026245751,0.8036069624,1,3.093963255
3811,0.0441751799,0.8854490398,1.999512079,1,3.094200997
3812,0.5416277972,0.7270360051,1.925263444,1,3.094438615
3813,0.9054073892,0.5804322562,1.783322029,1,3.094676108
3814,0.7917230698,1.922971684,1.836620424,0,3.093864709
3815,1.842921839,0.2662711088,0.7769421453,1,3.094102228
3816,0.8300557856,1.945956948,1.819617375,0,3.093291405
3817,0.337980932,1.39255211,1.971235371,1,3.093528949
3818,0.9453791886,1.124484691,1.762457997,1,3.09376637
3819,1.01198081,1.458471289,1.725078213,1,3.094003666
3820,0.6524223818,1.341932111,1.890593832,1,3.094240838
3821,0.1495479432,0.05013692638,1.994401016,1,3.094477885
3822,1.797826239,0.5825472944,0.8762538537,1,3.094714809
3823,0.6940960867,1.762332924,1.875694704,1,3.094951609
3824,0.9455198425,1.626549152,1.762382543,1,3.095188285
3825,0.5851017839,1.109370827,1.912499909,1,3.095424837
3826,1.774492901,0.6800352115,0.9225914281,1,3.095661265
3827,0.8690878245,0.7165515207,1.801301294,1,3.09589757
3828,0.8372873801,0.9365521355,1.816301143,1,3.096133751
3829,1.259372022,1.113200219,1.553699492,1,3.096369809
3830,1.230584174,0.2634523387,1.576598424,1,3.096605744
3831,1.432209395,1.505049053,1.395985762,0,3.095797442
3832,0.6865329673,0.05530172474,1.878476107,1,3.096033403
3833,1.60999928,1.461227917,1.186550597,0,3.095225672
3834,0.679638735,0.6388524342,1.880981443,1,3.095461659
3835,1.776488895,0.113697075,0.9187421866,1,3.095697523
3836,1.944447179,0.8259390489,0.468108071,0,3.094890511
3837,1.113024461,0.5217950403,1.661678834,1,3.095126401
3838,0.106256965,0.274550954,1.99717537,1,3.095362168
3839,1.533789796,0.5992752716,1.283545427,1,3.095597812
3840,1.200159809,0.8143646375,1.599880131,1,3.095833333
3841,1.497193653,0.126710539,1.326050966,1,3.096068732
3842,1.437607424,0.2573972618,1.390426156,1,3.096304008
3843,1.147932515,0.7727531029,1.637757901,1,3.096539162
3844,1.14256133,0.5725603747,1.641509551,1,3.096774194
3845,1.141946956,0.6656270305,1.641937011,1,3.097009103
3846,1.024860934,1.812283027,1.717457442,0,3.096203848
3847,1.366264544,1.408843161,1.460589332,1,3.096438783
3848,0.3988503425,1.166682887,1.959826116,1,3.096673597
3849,0.4215676152,0.09292912751,1.955065407,1,3.096908288
3850,1.993565816,1.677620902,0.1602976528,0,3.096103896
3851,1.507422276,0.5941878258,1.314411687,1,3.096338613
3852,0.6823004647,0.3800658994,1.880017573,1,3.096573209
3853,0.9035473256,1.264462516,1.784265179,1,3.096807682
3854,1.039017468,0.9613234876,1.70893028,1,3.097042034
3855,0.4416738311,0.816066735,1.950621498,1,3.097276265
3856,1.944444756,1.724120623,0.4681181375,0,3.096473029
3857,0.9768364706,1.823860097,1.74521933,0,3.09567021
3858,0.2370081639,1.667195609,1.98590713,1,3.095904614
3859,0.1528007743,0.8956376755,1.994154438,1,3.096138896
3860,0.5201286643,0.8732987371,1.931182584,1,3.096373057
3861,1.688298045,1.522028398,1.072217193,0,3.095571096
3862,0.472334257,1.996809893,1.943424902,0,3.094769549
3863,0.2854644695,0.62190221,1.979522679,1,3.095003883
3864,1.139811416,1.977932945,1.643420194,0,3.094202899
3865,0.7155092695,1.038490368,1.86763125,1,3.094437257
3866,1.158923874,0.6793344049,1.629998606,1,3.094671495
3867,1.81385397,0.1177810129,0.8425756789,1,3.094905612
3868,0.7361149446,0.8726620346,1.859606084,1,3.095139607
3869,0.7768093236,0.04680494668,1.842977828,1,3.095373482
3870,0.8451929298,1.007771007,1.812635901,1,3.095607235
3871,1.742057948,1.218599111,0.9824632841,0,3.094807543
3872,1.095008852,1.487223505,1.673605573,1,3.095041322
3873,0.7935473849,1.091954509,1.83583293,1,3.095274981
3874,1.165212441,1.582692561,1.625509141,1,3.095508518
3875,1.62450006,1.119895916,1.166618857,1,3.095741935
3876,1.383150995,1.407649187,1.444608364,1,3.095975232
3877,0.7440907596,0.7473308375,1.856429083,1,3.096208409
3878,0.6449019681,1.053963191,1.893172325,1,3.096441465
3879,1.410176945,1.385682743,1.418238691,1,3.096674401
3880,1.364955831,1.74211177,1.46181243,0,3.095876289
3881,0.4024579513,1.734032523,1.959088461,1,3.09610925
3882,1.031014827,1.18629136,1.713770237,1,3.096342092
3883,0.4269912261,0.5869445069,1.953888045,1,3.096574813
3884,1.709657908,0.8249175565,1.037819753,1,3.096807415
3885,1.995746786,1.503074269,0.1303639784,0,3.096010296
3886,1.592532111,1.065830399,1.209893167,1,3.096242923
3887,1.12642999,0.6576769476,1.65262079,1,3.096475431
3888,1.177903199,1.978985928,1.616336616,0,3.095679012
3889,0.111202771,1.843549552,1.996906093,1,3.095911545
3890,0.3928201609,1.042129677,1.961043682,1,3.096143959
3891,1.815575403,0.4734748098,0.8388599137,1,3.096376253
3892,0.8168963865,0.7809204705,1.825563007,1,3.096608428
3893,1.505558805,1.960326318,1.31654574,0,3.095812998
3894,0.1628263629,0.9256461462,1.993360874,1,3.096045198
3895,1.48929596,1.158371197,1.334914807,1,3.096277279
3896,0.9542753661,0.1575250998,1.757657113,1,3.09650924
3897,0.448039273,0.1711503498,1.949169261,1,3.096741083
3898,1.007785552,0.968913851,1.727532425,1,3.096972807
3899,0.5962562516,0.07709198737,1.909051723,1,3.097204411
3900,0.5975779937,0.3722074527,1.9086384,1,3.097435897
3901,1.395696191,0.2984620334,1.432491586,1,3.097667265
3902,1.501894751,0.8638943495,1.320724104,1,3.097898514
3903,1.011149443,1.992435869,1.725565648,0,3.097104791
3904,1.606317225,0.3272613189,1.191530516,1,3.097336066
3905,0.5310114263,1.358435631,1.928218573,1,3.097567222
3906,1.149694779,1.52733781,1.636521285,1,3.097798259
3907,0.6484475551,1.231876295,1.891960826,1,3.098029178
3908,0.6052632942,1.345268671,1.906215188,1,3.09825998
3909,1.943132689,1.692269907,0.4735349552,0,3.097467383
3910,0.5744025959,1.290946656,1.915740499,1,3.09769821
3911,0.9294343388,1.332992906,1.770918352,1,3.097928918
3912,1.807375091,0.7850085859,0.8563850079,1,3.098159509
3913,0.5611174877,0.4803436609,1.919673713,1,3.098389982
3914,1.584953228,1.853117733,1.219804601,0,3.097598365
3915,1.16236241,0.400279461,1.627548349,1,3.097828863
3916,0.2418799207,0.5861114629,1.985319648,1,3.098059244
3917,1.276136588,0.7441764545,1.539959548,1,3.098289507
3918,0.3624479482,0.2628269096,1.966883699,1,3.098519653
3919,1.226159949,1.148840376,1.580041702,1,3.098749681
3920,0.04374945531,0.9472055202,1.999521439,1,3.098979592
3921,0.7670633619,1.250047702,1.84705544,1,3.099209385
3922,1.234582095,0.9235988395,1.573469749,1,3.099439062
3923,0.74682719,0.1803776302,1.85532993,1,3.099668621
3924,1.000348252,1.767893059,1.731849698,0,3.098878695
3925,0.4651450256,1.603958324,1.945158118,1,3.09910828
3926,1.194551994,0.8861202745,1.604071549,1,3.099337748
3927,0.2778997333,1.913783008,1.980598833,1,3.0995671
3928,0.2009979376,0.8659727493,1.989874325,1,3.099796334
3929,1.213563633,1.582520626,1.589736868,1,3.100025452
3930,0.6788987813,0.7426439684,1.88124864,1,3.100254453
3931,1.573173795,1.470414361,1.234959194,0,3.099465785
3932,1.526603824,1.493466333,1.292083885,0,3.098677518
3933,0.2940191842,0.3855181686,1.978270133,1,3.098906687
3934,0.8905190252,1.528591576,1.790803134,1,3.09913574
3935,0.1556865398,1.686464228,1.993931218,1,3.099364676
3936,1.886684694,0.1012372962,0.6636421216,1,3.099593496
3937,1.17190285,1.102352521,1.620692355,1,3.0998222
3938,0.7871836488,1.4847377,1.838570614,1,3.100050787
3939,0.07702322736,1.479691915,1.998516305,1,3.100279259
3940,0.5644371522,0.7674484113,1.918700264,1,3.100507614
3941,0.837030902,1.51816462,1.816419354,1,3.100735854
3942,0.6625682924,0.3919749653,1.88706207,1,3.100963978
3943,0.1665330957,1.818950813,1.993054622,1,3.101191986
3944,1.64247136,1.893556177,1.141178265,0,3.10040568
3945,0.7643321578,0.8047174668,1.848187315,1,3.100633714
3946,1.710859626,1.741569674,1.035837507,0,3.099847947
3947,1.676262329,0.1953521882,1.090937489,1,3.100076007
3948,1.505450415,1.462192551,1.31666968,0,3.09929078
3949,0.8742068408,0.3856505982,1.798822504,1,3.099518866
3950,0.2973980711,0.3437304379,1.977764998,1,3.099746835
3951,0.8654731353,1.445729626,1.803040835,1,3.09997469
3952,1.990708792,1.786571548,0.1925577991,0,3.099190283
3953,1.983433548,0.8342779416,0.2568878356,0,3.098406274
3954,1.347874866,0.4831114951,1.477576849,1,3.098634294
3955,1.502142782,1.249768839,1.320441996,1,3.0988622
3956,1.50375253,0.6765483272,1.318608481,1,3.09908999
3957,0.2190693137,1.57218216,1.987965954,1,3.099317665
3958,1.933128678,0.5054380553,0.5128484336,1,3.099545225
3959,0.5031673001,1.699547185,1.935671116,1,3.09977267
3960,1.595077493,1.094912286,1.20653545,1,3.1
3961,0.3641194273,1.911153607,1.966574952,1,3.100227215
3962,0.7019691263,1.748228139,1.87276249,1,3.100454316
3963,1.596941404,1.889903351,1.204067337,0,3.099671966
3964,0.6740644709,0.8311129275,1.882986216,1,3.099899092
3965,0.6520593644,1.954684169,1.890719066,0,3.099117276
3966,1.889228425,0.1593302789,0.6563657206,1,3.099344428
3967,0.3349848088,0.9627358659,1.971746733,1,3.099571465
3968,1.19412754,1.622474682,1.604387552,0,3.098790323
3969,1.260423954,0.9724412905,1.552846243,1,3.099017385
3970,1.114023066,0.3799404527,1.661009515,1,3.099244332
3971,0.7448854218,1.877886517,1.856110371,0,3.098463863
3972,1.210967047,0.04426753756,1.591715682,1,3.098690836
3973,1.890941223,0.2965646509,0.6514148387,1,3.098917694
3974,0.009311195795,0.8436655121,1.999978325,1,3.099144439
3975,0.5798068472,1.765221067,1.91411181,1,3.099371069
3976,0.701138094,1.28153213,1.873073777,1,3.099597586
3977,1.527124505,1.069089962,1.291468446,1,3.099823988
3978,1.862725466,0.02392172332,0.7281853042,1,3.100050277
3979,0.03764406968,0.5940111845,1.9996457,1,3.100276451
3980,0.1835318746,1.45213657,1.991561209,1,3.100502513
3981,1.998503617,1.922450148,0.07735175225,0,3.099723688
3982,1.269420344,0.6043142628,1.545500563,1,3.099949774
3983,1.705256035,1.3831517,1.045036772,0,3.099171479
3984,1.971806715,1.325765466,0.3346315539,0,3.098393574
3985,0.02961965112,1.646455444,1.999780657,1,3.098619824
3986,1.188909319,1.482278358,1.60825826,1,3.098845961
3987,0.7627542935,1.793674832,1.848839065,1,3.099071984
3988,1.853336537,1.584670956,0.7517603876,0,3.098294885
3989,1.900445507,1.381131149,0.6231427405,0,3.097518175
3990,1.94998077,1.97882599,0.4444940925,0,3.096741855
3991,1.062463164,0.5798117665,1.694453312,1,3.096968178
3992,1.890256774,0.6685868104,0.6533982924,0,3.096192385
3993,1.558831778,1.671147603,1.253013762,0,3.09541698
3994,1.000779269,1.692980728,1.731600663,1,3.095643465
3995,0.694328389,0.3484210755,1.875608725,1,3.095869837
3996,0.001160719697,0.5468977633,1.999999663,1,3.096096096
3997,1.389258214,0.7406586998,1.438736117,1,3.096322242
3998,0.3966347185,0.5955565496,1.96027572,1,3.096548274
3999,1.848694819,0.2835474038,0.7631038381,1,3.096774194
4000,0.6731542368,1.430400151,1.88331181,1,3.097
4001,1.929761092,0.8830739772,0.5253780819,0,3.096225944
4002,1.189125334,1.531834545,1.608098548,1,3.096451774
4003,0.6280577129,1.406969363,1.898826877,1,3.096677492
4004,0.9024385038,0.3205659222,1.784826251,1,3.096903097
4005,0.7866666289,1.064861341,1.83879189,1,3.097128589
4006,0.6666119052,1.057346306,1.885637443,1,3.097353969
4007,0.0811602798,1.991683532,1.998352574,1,3.097579236
4008,0.1869281122,1.291519687,1.991245309,1,3.097804391
4009,0.5785838926,1.993144289,1.91448183,0,3.097031679
4010,1.050758882,1.895040865,1.701736105,0,3.096259352
4011,1.154714633,0.8392710856,1.632983195,1,3.096484667
4012,0.2185603882,1.600761849,1.988021971,1,3.09670987
4013,0.1852188087,1.703725995,1.99140503,1,3.096934961
4014,0.6387581268,0.5937960039,1.895254087,1,3.09715994
4015,0.2248251595,0.08228233103,1.987323237,1,3.097384807
4016,0.01285711018,0.3592120192,1.999958673,1,3.097609562
4017,1.327800332,1.756231177,1.49564243,0,3.096838437
4018,1.638783406,0.1821715721,1.146468032,1,3.097063216
4019,0.4859401747,0.7706149003,1.940067562,1,3.097287883
4020,0.9024926654,1.701882265,1.784798865,1,3.097512438
4021,1.320922352,1.21041034,1.501720393,1,3.097736881
4022,1.751366874,0.3752859395,0.9657712324,1,3.097961213
4023,1.678282995,1.701466462,1.08782636,0,3.097191151
4024,0.1110521494,1.138376066,1.996914475,1,3.097415507
4025,1.007268574,0.5178960804,1.72783391,1,3.097639752
4026,1.686262006,0.2744385013,1.075416407,1,3.097863885
4027,0.4390373811,1.035787012,1.951216589,1,3.098087907
4028,0.2435828064,1.750250541,1.985111437,1,3.098311817
4029,0.6592400231,0.7528487993,1.888227368,1,3.098535617
4030,0.4117885474,1.422758948,1.957148485,1,3.098759305
4031,1.06237907,0.8803818461,1.694506038,1,3.098982883
4032,1.832516296,1.396921532,0.8011766499,0,3.098214286
4033,0.7684361682,1.297854901,1.846484729,1,3.098437887
4034,1.443970079,1.902192475,1.383817333,0,3.097669807
4035,1.294239162,1.993020749,1.52477703,0,3.096902107
4036,0.1544036666,0.4134370451,1.99403097,1,3.097125867
4037,0.6913163439,0.2578064093,1.876721,1,3.097349517
4038,0.4508447643,0.7935078652,1.94852226,1,3.097573056
4039,1.278954203,0.3142217967,1.537620287,1,3.097796484
4040,1.953117964,1.616570991,0.4304999637,0,3.097029703
4041,1.395595992,0.8975227505,1.432589204,1,3.097253155
4042,0.01260107002,1.620147614,1.999960303,1,3.097476497
4043,1.37241335,0.7017569994,1.454813252,1,3.097699728
4044,1.835238441,0.4841021247,0.7949212952,1,3.097922849
4045,0.3074951288,0.6519539525,1.976220318,1,3.098145859
4046,1.445877854,1.040203947,1.381823878,1,3.098368759
4047,1.928107472,0.1034013056,0.5314146934,1,3.098591549
4048,0.6505392507,1.756195469,1.891242629,1,3.098814229
4049,0.1330994093,0.6267494036,1.995566222,1,3.099036799
4050,1.456144638,0.8316180821,1.371000654,1,3.099259259
4051,1.711490555,0.333985643,1.034794705,1,3.099481609
4052,0.3164567514,1.319914406,1.974805085,1,3.09970385
4053,0.4613576782,0.5675211728,1.946059889,1,3.099925981
4054,0.2776372017,0.5253906019,1.980635652,1,3.100148002
4055,0.3985346526,0.7120633201,1.959890336,1,3.100369914
4056,0.2192247306,0.1331232299,1.987948822,1,3.100591716
4057,1.229730743,0.5837595976,1.577264182,1,3.100813409
4058,1.685751486,1.814764892,1.076216487,0,3.100049285
4059,0.7944623716,1.182606219,1.835437152,1,3.100271003
4060,1.680113228,1.611054381,1.084997485,0,3.099507389
4061,1.506458701,1.644580993,1.315515938,0,3.098744152
4062,1.771632589,1.542148991,0.9280721782,0,3.09798129
4063,1.212981108,0.4692310682,1.590181383,1,3.098203298
4064,0.234611745,0.966576391,1.986191665,1,3.098425197
4065,0.8675145857,1.781244638,1.802059501,1,3.098646986
4066,1.830467543,0.03221352721,0.805846496,1,3.098868667
4067,0.6728754186,1.674428846,1.883411445,1,3.099090239
4068,0.7596708065,1.044667632,1.850108177,1,3.099311701
4069,1.507494795,0.7958834988,1.314328514,1,3.099533055
4070,0.3837953655,0.4844894178,1.962829875,1,3.0997543
4071,1.834393639,1.409797409,0.7968688575,0,3.098992876
4072,0.3848216617,0.1195505364,1.962628923,1,3.099214145
4073,0.8610140795,0.3411018898,1.805174439,1,3.099435306
4074,0.4321060954,0.4189532758,1.952763253,1,3.099656357
4075,1.830105215,1.055040379,0.8066690159,0,3.098895706
4076,1.048177376,1.45325693,1.703327387,1,3.099116781
4077,1.286639856,0.3725211976,1.53119492,1,3.099337748
4078,1.807253089,0.5224032793,0.8566424417,1,3.099558607
4079,1.370548632,0.8657391572,1.456570097,1,3.099779358
4080,0.5339968105,0.2819025252,1.927393942,1,3.1
4081,0.5625969308,1.418901257,1.919240655,1,3.100220534
4082,0.420577724,0.8266779267,1.955278593,1,3.10044096
4083,1.671452086,1.431852789,1.098293187,0,3.099681607
4084,0.05089472209,1.715474618,1.999352327,1,3.099902057
4085,1.336692698,0.798972151,1.487700451,1,3.100122399
4086,1.620829075,1.409222397,1.171713749,0,3.099363681
4087,1.933793454,1.099658961,0.5103360425,0,3.098605334
4088,1.319287649,1.514693777,1.503156712,0,3.097847358
4089,1.165886699,0.3734421098,1.625025601,1,3.098067987
4090,0.7162418509,1.146590592,1.867350425,1,3.098288509
4091,1.536193535,1.946485438,1.280667569,0,3.097531166
4092,0.8776423723,0.01495136768,1.797148816,1,3.097751711
4093,1.51378161,1.997893192,1.30708272,0,3.096994869
4094,0.1692127756,0.5908994782,1.992828903,1,3.097215437
4095,1.634933348,1.820756903,1.151951799,0,3.096459096
4096,0.940722749,0.4760325246,1.764947792,1,3.096679688
4097,0.4746348967,0.06415224615,1.942864307,1,3.096900171
4098,1.589194586,1.651795646,1.214273679,0,3.096144461
4099,1.57600452,1.145051942,1.231344693,1,3.096364967
4100,1.868870106,0.388871227,0.7122671725,1,3.096585366
4101,0.7916176572,0.2568006709,1.836665861,1,3.096805657
4102,1.457963319,1.032460555,1.369066456,1,3.097025841
4103,0.4573622949,0.3060967721,1.947002756,1,3.097245918
4104,1.65792073,0.8400733491,1.118614702,1,3.097465887
4105,1.240650831,0.8352021789,1.568689107,1,3.097685749
4106,0.9250095098,1.692349773,1.773233602,1,3.097905504
4107,0.7494078429,0.3768820486,1.854289051,1,3.098125152
4108,1.564098649,0.7610401144,1.246433078,1,3.098344693
4109,1.353138313,1.423890668,1.472758197,1,3.098564128
4110,1.618138877,0.05863529116,1.175426124,1,3.098783455
4111,0.8523668765,0.5221717807,1.80927353,1,3.099002676
4112,1.646221278,1.970514638,1.135762081,0,3.098249027
4113,1.707382764,1.950319709,1.041558494,0,3.097495745
4114,1.161509963,1.91863576,1.628156812,0,3.096742829
4115,1.900114886,0.8138461089,0.6241501588,0,3.095990279
4116,0.4552214484,1.151839367,1.947504412,1,3.096209913
4117,0.6759273505,0.1714306059,1.882318309,1,3.096429439
4118,1.054254881,0.7292988091,1.699572489,1,3.096648859
4119,0.0800617614,0.8979906654,1.998396886,1,3.096868172
4120,1.088474405,0.6723566005,1.677862768,1,3.097087379
4121,1.711054764,0.1402602702,1.035515134,1,3.097306479
4122,1.177164212,1.761713687,1.616874892,0,3.09655507
4123,1.488342644,1.052393512,1.33597761,1,3.096774194
4124,1.755715538,1.016293739,0.9578428624,0,3.096023278
4125,0.5153900735,1.470021779,1.932452605,1,3.096242424
4126,0.001316053655,1.73707991,1.999999567,1,3.096461464
4127,1.710173241,0.4296658838,1.03697034,1,3.096680397
4128,1.128204213,0.7479016973,1.651410081,1,3.096899225
4129,1.131343825,0.6706467118,1.649260789,1,3.097117946
4130,0.03722019394,0.9369292237,1.999653634,1,3.097336562
4131,0.5901068017,0.610274311,1.910961528,1,3.097555071
4132,0.1810190231,0.306917807,1.991791182,1,3.097773475
4133,0.4319217544,0.103018775,1.952804035,1,3.097991774
4134,0.8906360749,0.9812854081,1.790744924,1,3.098209966
4135,1.126461695,1.003697749,1.65259918,1,3.098428053
4136,0.8061357319,1.55735156,1.830340182,1,3.098646035
4137,0.8516444104,1.206508907,1.809613715,1,3.098863911
4138,1.122169746,1.079435166,1.655516555,1,3.099081682
4139,0.701103605,1.7223709,1.873086686,1,3.099299348
4140,1.052402402,0.644239392,1.700720196,1,3.099516908
4141,0.1626990964,1.59510593,1.993371266,1,3.099734364
4142,1.918550473,1.611737009,0.5649460878,0,3.098985997
4143,0.3548585727,1.771097331,1.968267104,1,3.099203476
4144,1.648946118,1.188936501,1.131802412,0,3.098455598
4145,1.951920225,1.118299104,0.4358984233,0,3.097708082
4146,0.5188532299,1.224144824,1.931525647,1,3.097925712
4147,1.230305057,0.2158678682,1.576816244,1,3.098143236
4148,0.4004490433,1.525657975,1.95950008,1,3.098360656
4149,1.009859246,0.5521659064,1.726321032,1,3.098577971
4150,0.5892512663,0.7244034408,1.911225509,1,3.098795181
4151,1.25356775,1.527773043,1.558386312,1,3.099012286
4152,0.5317270481,1.891717439,1.928021355,1,3.099229287
4153,0.4976871296,1.643432409,1.937087381,1,3.099446183
4154,1.091759861,1.28614036,1.675726829,1,3.099662975
4155,1.192384216,0.2470974777,1.605683618,1,3.099879663
4156,1.073283426,1.642371853,1.687620421,1,3.100096246
4157,1.038124441,1.762511562,1.709472915,0,3.099350493
4158,0.5900086083,1.460924205,1.910991848,1,3.0995671
4159,1.040129731,0.2257336135,1.708253536,1,3.099783602
4160,0.7638234323,0.5880884872,1.848397621,1,3.1
4161,1.248671817,1.115286909,1.56231197,1,3.100216294
4162,0.7901440597,0.1533964906,1.837300293,1,3.100432484
4163,1.95747093,0.9747967403,0.4102530423,0,3.099687725
4164,1.244307224,1.254518134,1.565790385,1,3.099903939
4165,1.82679847,1.817693921,0.8141298108,0,3.099159664
4166,0.09972073469,0.7787310428,1.997512397,1,3.0993759
4167,1.658397662,1.694467918,1.117907507,0,3.098632109
4168,0.9641052172,0.4264023676,1.752284546,1,3.098848369
4169,0.7520520607,1.781768005,1.8532182,1,3.099064524
4170,0.07204596316,1.654034817,1.998701924,1,3.099280576
4171,0.7384615951,0.7262560709,1.858675462,1,3.099496524
4172,0.2437749644,1.168909158,1.985087849,1,3.099712368
4173,0.1938442247,0.8353304434,1.990583939,1,3.099928109
4174,0.6288725529,0.8309406815,1.898557166,1,3.100143747
4175,1.574949339,0.3308846093,1.232694033,1,3.100359281
4176,1.744341136,0.6707962469,0.9784038036,1,3.100574713
4177,1.560224616,1.110748851,1.251279005,1,3.100790041
4178,0.4307973175,0.6865526893,1.953052398,1,3.101005266
4179,1.066783076,0.9874765466,1.691736938,1,3.101220388
4180,0.8504205507,1.810287397,1.810189185,0,3.100478469
4181,1.816882035,1.385247679,0.8360261187,0,3.099736905
4182,1.398140478,1.881675427,1.430106012,0,3.098995696
4183,0.417664207,1.022697678,1.955903017,1,3.099211093
4184,0.1178260825,1.47941961,1.996526237,1,3.099426386
4185,1.949306866,1.165329712,0.4474402122,0,3.098685783
4186,1.22865688,1.570127099,1.578100843,1,3.098901099
4187,0.9033071714,1.201452344,1.784386773,1,3.099116312
4188,1.148234797,1.254645049,1.637545985,1,3.099331423
4189,0.473457418,0.3936859855,1.943151583,1,3.099546431
4190,0.5136404907,0.2500495024,1.932918375,1,3.099761337
4191,1.697897264,0.0605792157,1.056950747,1,3.099976139
4192,1.834114127,0.4052946083,0.7975119863,1,3.10019084
4193,1.574052208,1.481625889,1.233839393,0,3.099451467
4194,0.3187252639,0.1991141626,1.974440226,1,3.09966619
4195,0.6677047573,0.6175660781,1.885250741,1,3.09988081
4196,1.365618275,0.4743490874,1.461193597,1,3.100095329
4197,0.3210719894,0.2812998658,1.974059973,1,3.100309745
4198,1.260991408,0.4422352949,1.552385477,1,3.100524059
4199,0.1044648451,1.294294092,1.997269911,1,3.100738271
4200,1.702557098,0.9550333366,1.049428096,1,3.100952381
4201,0.8476385031,1.623367916,1.811493574,1,3.101166389
4202,1.731385312,1.346366015,1.001151787,0,3.100428367
4203,0.03655281702,0.4183124711,1.999665945,1,3.100642398
4204,1.748235239,1.660283165,0.9714286118,0,3.099904853
4205,1.905350422,1.186391142,0.6079800717,0,3.099167658
4206,1.902181655,1.274230971,0.6178227501,0,3.098430813
4207,0.621938931,0.1103797828,1.900839805,1,3.098645115
4208,1.159753067,0.9344053158,1.629408734,1,3.098859316
4209,0.6637478623,0.0448232647,1.886647496,1,3.099073414
4210,1.601473829,0.8981639217,1.198032376,1,3.099287411
4211,1.332590198,1.00343253,1.491376332,1,3.099501306
4212,0.9116590748,0.5564396636,1.780134189,1,3.0997151
4213,0.08363786701,0.5608918204,1.998250412,1,3.099928792
4214,0.6638664213,0.1055496647,1.886605781,1,3.100142383
4215,0.3442700493,0.4462510141,1.970146729,1,3.100355872
4216,1.865410644,1.911816134,0.7212788157,0,3.099620493
4217,1.802682873,1.841869732,0.8662184819,0,3.098885464
4218,1.427394106,0.278277538,1.400909014,1,3.099099099
4219,1.443706398,0.07498749046,1.384092424,1,3.099312633
4220,0.5774980359,0.2273166651,1.914809656,1,3.099526066
4221,0.9815288588,0.3335732226,1.742584603,1,3.099739398
4222,1.791582283,0.1938383222,0.8889504613,1,3.099952629
4223,0.2357659711,0.8646320434,1.986054986,1,3.100165759
4224,1.890493372,1.558734392,0.6527134226,0,3.099431818
4225,0.9086502583,0.6747935532,1.781671886,1,3.09964497
4226,1.463996647,1.744357951,1.362612864,0,3.0989115
4227,1.165193664,0.7212077547,1.625522601,1,3.099124675
4228,1.621383256,1.74676512,1.170946769,0,3.098391675
4229,0.530129204,1.896796311,1.928461311,1,3.098604871
4230,1.325620989,0.5323601295,1.49757437,1,3.098817967
4231,1.963318326,0.2526860955,0.3812888038,1,3.099030962
4232,0.8121018783,1.812057702,1.827700889,1,3.099243856
4233,1.883952616,1.579903411,0.6713587273,0,3.098511694
4234,0.7798956984,0.38626531,1.841673885,1,3.09872461
4235,0.6344199377,1.938288268,1.896710664,0,3.097992916
4236,0.7884203743,0.3523798483,1.838040618,1,3.098205855
4237,1.010334151,1.285845918,1.726043135,1,3.098418692
4238,0.9162907907,1.886153551,1.777754535,0,3.097687588
4239,0.840595489,1.471195506,1.814772499,1,3.097900448
4240,1.289035809,0.6877454293,1.529178434,1,3.098113208
4241,0.4187405245,1.688979455,1.95567287,1,3.098325867
4242,1.364904372,1.448773691,1.461860478,1,3.098538425
4243,0.2349832576,0.3632462969,1.986147746,1,3.098750884
4244,0.3224158753,1.511868863,1.973840927,1,3.098963242
4245,0.6162360173,0.6334627914,1.90269629,1,3.099175501
4246,0.02571605931,0.9781058838,1.999834664,1,3.099387659
4247,1.388483792,0.1315139318,1.439483504,1,3.099599717
4248,0.3551665918,0.9919122817,1.968211547,1,3.099811676
4249,1.116457911,1.476914619,1.659373898,1,3.100023535
4250,0.1498111717,1.976819417,1.994381261,1,3.100235294
4251,0.5955730665,0.742322572,1.909264969,1,3.100446954
4252,1.389040305,1.037759889,1.4389465,1,3.100658514
4253,0.9366091895,1.779955945,1.767134185,0,3.099929462
4254,0.6806833694,0.6454816783,1.880603667,1,3.100141044
4255,0.9822480862,0.7866678269,1.742179295,1,3.100352526
4256,0.3446736425,0.4367037262,1.970076161,1,3.10056391
4257,0.9843400939,0.2586691914,1.740998156,1,3.100775194
4258,1.42050665,0.3540591235,1.407892346,1,3.100986379
4259,0.2534502099,0.791227359,1.98387575,1,3.101197464
4260,1.78402887,0.9828056351,0.9040138224,0,3.100469484
4261,0.886906697,0.1879104,1.79259491,1,3.100680591
4262,0.7257661178,0.9758234191,1.863669376,1,3.1008916
4263,0.1874690193,0.4432797685,1.991194457,1,3.10110251
4264,1.734641096,0.2522459542,0.9955000095,1,3.101313321
4265,1.619397101,0.313795783,1.173692051,1,3.101524033
4266,0.3392600681,1.330826787,1.971015628,1,3.101734646
4267,1.216214092,0.3582850075,1.587710075,1,3.101945161
4268,0.3238025245,0.02881342202,1.973613925,1,3.102155576
4269,0.3451123309,0.2874175418,1.96999936,1,3.102365894
4270,1.062903719,1.769003912,1.694176993,0,3.101639344
4271,0.2792719027,0.6298268858,1.980405818,1,3.101849684
4272,1.918154715,0.3731539852,0.5662883441,1,3.102059925
4273,0.08454037927,0.08353045706,1.998212432,1,3.102270068
4274,1.717818301,1.118929972,1.024255967,0,3.101544221
4275,1.418132814,0.5521782257,1.410283419,1,3.101754386
4276,0.6153950331,0.02436625153,1.902968458,1,3.101964453
4277,1.444033837,1.13297843,1.3837508,1,3.102174421
4278,0.05856552511,1.471081023,1.999142336,1,3.102384292
4279,0.9192410117,0.8509213279,1.77623083,1,3.102594064
4280,0.6932372642,1.942800417,1.876012286,0,3.101869159
4281,1.254210224,0.7374228869,1.557869286,1,3.102078954
4282,1.058871049,1.734240458,1.696700357,0,3.101354507
4283,0.4918027806,1.162171382,1.9385897,1,3.101564324
4284,0.8185024994,0.2747789014,1.824843461,1,3.101774043
4285,1.697592499,1.98987357,1.057440168,0,3.101050175
4286,0.173085987,0.2182148706,1.992496234,1,3.101259916
4287,1.963510467,1.098898676,0.380298104,0,3.100536506
4288,1.215201748,1.474139604,1.588485037,1,3.100746269
4289,0.3347807881,0.06082427806,1.971781383,1,3.100955934
4290,0.5891375013,0.9305023161,1.91126058,1,3.101165501
4291,0.6240653037,1.020755255,1.900142757,1,3.101374971
4292,1.818419638,1.325117084,0.8326764206,0,3.100652377
4293,0.2479721449,0.7347751545,1.984567917,1,3.100861868
4294,0.9629913151,0.6630797439,1.752896953,1,3.101071262
4295,0.1826165047,1.892841267,1.991645353,1,3.101280559
4296,1.134868399,0.4049202944,1.646837489,1,3.101489758
4297,1.808024583,1.931094824,0.8550129284,0,3.100767978
4298,0.3390488871,1.069842485,1.971051966,1,3.100977199
4299,0.01259365658,0.6787367116,1.99996035,1,3.101186322
4300,0.7754243083,1.288515029,1.843560995,1,3.101395349
4301,1.9889009,1.131202558,0.2104120051,0,3.100674262
4302,1.203727474,1.523453419,1.597197598,1,3.10088331
4303,1.353459382,0.6929556789,1.472463141,1,3.101092261
4304,0.4656770175,1.699136606,1.945030826,1,3.101301115
4305,1.208746675,1.912764079,1.593402484,0,3.10058072
4306,1.456905539,0.2980903135,1.370192049,1,3.100789596
4307,0.176118442,1.007440172,1.992230482,1,3.100998375
4308,1.650821277,1.616016836,1.129065593,0,3.100278552
4309,1.556174166,1.820135238,1.256312845,0,3.099559062
4310,1.269770722,0.9332394092,1.545212709,1,3.099767981
4311,0.6257835843,1.344630168,1.89957756,1,3.099976804
4312,1.616365438,1.471831701,1.177863647,0,3.099257885
4313,0.01928446634,1.472152547,1.999907025,1,3.099466728
4314,1.749021765,1.686821246,0.9700117864,0,3.098748261
4315,1.489768412,0.8597549857,1.334387529,1,3.098957126
4316,1.504531712,1.980565259,1.317719366,0,3.09823911
4317,0.4891980762,0.1945794661,1.939248628,1,3.098447996
4318,1.24500037,1.319940325,1.565239304,1,3.098656786
4319,1.184629155,1.258434582,1.611413592,1,3.098865478
4320,1.7059241,1.747631027,1.043945863,0,3.098148148
4321,1.417421159,0.06009535232,1.410998674,1,3.098356862
4322,1.895569129,1.377455404,0.6378226077,0,3.097639981
4323,0.5459692398,0.7293946149,1.924036795,1,3.097848716
4324,1.958381828,1.051063792,0.405882517,0,3.097132285
4325,1.413576933,1.34128367,1.414849905,1,3.09734104
4326,0.9060074174,0.7592432507,1.783017263,1,3.097549699
4327,0.7686343909,0.1714262668,1.846402224,1,3.097758262
4328,0.5876408856,0.9707646115,1.911721264,1,3.097966728
4329,1.159833459,0.8769017048,1.629351511,1,3.098175098
4330,1.745130421,0.6632533562,0.9769952979,1,3.098383372
4331,1.495705782,0.1092261614,1.327728968,1,3.098591549
4332,1.260319877,0.7715846899,1.552930716,1,3.098799631
4333,1.397724558,0.2648947448,1.430512517,1,3.099007616
4334,1.768152559,0.2935274056,0.9346852571,1,3.099215505
4335,0.9673501736,0.2924995041,1.750495256,1,3.099423299
4336,0.05362573829,1.42733719,1.999280941,1,3.099630996
4337,1.386326547,0.3281803044,1.441561204,1,3.099838598
4338,1.448681047,0.7256144885,1.378884776,1,3.100046104
4339,0.1173586729,0.02803655935,1.996553766,1,3.100253515
4340,0.2468171805,0.1468894903,1.984711888,1,3.100460829
4341,0.716133404,1.672169942,1.867392018,1,3.100668049
4342,0.8963068413,0.726717053,1.787913322,1,3.100875173
4343,0.4777099829,0.6769020153,1.942110494,1,3.101082201
4344,0.8439080084,0.05708899079,1.813234478,1,3.101289134
4345,1.167210292,0.5412944145,1.624075163,1,3.101495972
4346,0.435751533,0.2887978745,1.951953022,1,3.101702715
4347,1.68041571,0.1278861669,1.08452895,1,3.101909363
4348,0.1290769436,1.589190502,1.995830439,1,3.102115915
4349,1.596821525,0.2424143124,1.204226315,1,3.102322373
4350,0.7743660125,1.89079351,1.84400577,0,3.101609195
4351,1.70301394,1.601603129,1.048686569,0,3.100896346
4352,0.1516541653,1.358731865,1.994241965,1,3.101102941
4353,0.4485481557,0.1038969288,1.949052219,1,3.101309442
4354,1.008670194,1.116896822,1.727016051,1,3.101515847
4355,0.07889712743,1.806426173,1.998443205,1,3.101722158
4356,0.591120814,0.2596477231,1.910648106,1,3.101928375
4357,1.693297043,1.772734904,1.064304995,0,3.101216433
4358,1.251408076,0.1341411032,1.560121093,1,3.101422671
4359,1.915548007,0.4063417834,0.575044202,1,3.101628814
4360,1.899266697,1.305446431,0.6267264257,0,3.100917431
4361,0.9315452798,1.043793903,1.769808857,1,3.101123596
4362,0.4454343599,1.978556515,1.949766199,0,3.100412655
4363,1.583666564,1.53893368,1.221474606,0,3.09970204
4364,1.907329192,1.350989815,0.6017435939,0,3.098991751
4365,0.7819937097,0.4373554043,1.840784028,1,3.099198167
4366,0.3498559333,1.993194124,1.969162468,0,3.098488319
4367,1.422795178,1.88380909,1.405579554,0,3.097778796
4368,1.536934668,1.470590526,1.279778037,0,3.097069597
4369,0.5585293062,1.674279889,1.920428341,1,3.097276265
4370,1.890587246,0.2976978965,0.6524414662,1,3.097482838
4371,1.041651282,0.3071427193,1.707326157,1,3.097689316
4372,1.477279297,0.4698219306,1.348200978,1,3.0978957
4373,1.930836282,0.07213875556,0.521412745,1,3.098101989
4374,0.9561923987,0.06999468685,1.756614954,1,3.098308185
4375,0.2203854133,0.8816922519,1.987820482,1,3.098514286
4376,1.07693485,1.476211189,1.685292654,1,3.098720293
4377,0.403285876,1.474205886,1.958918197,1,3.098926205
4378,0.8869015719,0.3217314241,1.792597446,1,3.099132024
4379,0.1107254164,0.1061308344,1.996932618,1,3.099337748
4380,1.897939943,1.401078256,0.6307328842,0,3.098630137
4381,0.5201545631,1.930539161,1.931175608,1,3.098835882
4382,1.723486227,0.3162533576,1.014689719,1,3.099041534
4383,0.8359622761,1.449878048,1.81691141,1,3.099247091
4384,1.969718736,0.6196856623,0.3467104014,0,3.098540146
4385,0.5286856646,1.204477642,1.928857555,1,3.098745724
4386,1.618887373,1.412075137,1.174395024,0,3.098039216
4387,1.809660716,1.802302022,0.8515445329,0,3.097333029
4388,0.5390614519,1.46512092,1.92598358,1,3.097538742
4389,0.8283063625,1.22049413,1.820414395,1,3.097744361
4390,1.490670807,1.425438372,1.33337937,0,3.097038724
4391,0.548368795,1.890332419,1.923354274,1,3.097244363
4392,0.7963823193,0.6420275602,1.834604917,1,3.097449909
4393,0.8443712022,0.9473618778,1.813018829,1,3.097655361
4394,1.948046505,0.5433231067,0.452896032,0,3.096950387
4395,1.418071683,1.695011248,1.410344888,0,3.096245734
4396,1.497936935,1.488475913,1.325211281,0,3.095541401
4397,1.817595996,1.609468293,0.8344727647,0,3.094837389
4398,0.937170102,1.39278577,1.766836778,1,3.095043201
4399,1.20274682,1.880593703,1.597936196,0,3.094339623
4400,1.358615608,0.9792123845,1.467706929,1,3.094545455
4401,1.979438789,0.2508666979,0.2860455907,1,3.094751193
4402,0.3106991195,1.49016823,1.975719124,1,3.094956838
4403,1.815482577,1.110863568,0.8390607928,0,3.094253918
4404,0.08997531041,0.4630108791,1.997975086,1,3.094459582
4405,1.137394144,0.9845622977,1.645094089,1,3.094665153
4406,0.5973704201,0.5906766199,1.908703377,1,3.094870631
4407,1.101173912,1.777718443,1.669555634,0,3.094168369
4408,1.693047984,0.796067524,1.064701142,1,3.094373866
4409,1.600411896,0.5650364324,1.199450609,1,3.09457927
4410,1.973007991,1.184881219,0.3274743793,0,3.093877551
4411,1.333848882,1.767832849,1.490250703,0,3.093176151
4412,0.6422198019,1.901539533,1.894083875,0,3.092475068
4413,1.161652238,1.379761807,1.628055305,1,3.092680716
4414,1.152349216,1.397384456,1.634653261,1,3.092886271
4415,0.9795176375,1.807672217,1.743715917,0,3.09218573
4416,1.126683798,1.132950904,1.652447766,1,3.092391304
4417,0.5037443003,1.025002846,1.935521036,1,3.092596785
4418,0.7166850492,0.6642761209,1.867180372,1,3.092802173
4419,0.9243007282,1.66215161,1.773603158,1,3.093007468
4420,0.8556433274,1.827289179,1.807726333,0,3.092307692
4421,1.908679479,0.1477340179,0.5974467732,1,3.092513006
4422,1.720402519,1.073917717,1.019909395,0,3.091813659
4423,1.782572989,0.4966199156,0.9068812154,1,3.092018992
4424,1.482001915,0.7260607607,1.343007939,1,3.092224231
4425,0.01329731896,1.180499174,1.999955795,1,3.092429379
4426,1.280579123,0.3199789359,1.536267265,1,3.092634433
4427,0.7137533663,1.455476971,1.868303009,1,3.092839395
4428,0.7543391804,0.1621610824,1.852288423,1,3.093044264
4429,1.715005765,0.2484108386,1.028958321,1,3.09324904
4430,1.048616136,0.2124972954,1.703057309,1,3.093453725
4431,1.083567549,0.6593342719,1.681035802,1,3.093658316
4432,1.178142743,0.0004095956262,1.616162021,1,3.093862816
4433,1.99651897,1.020520266,0.1179491575,0,3.0931649
4434,1.208141778,0.437940985,1.593861175,1,3.093369418
4435,0.6215693482,1.598085583,1.90096069,1,3.093573844
4436,1.172784751,1.012206341,1.620054298,1,3.093778179
4437,1.070703269,1.941758577,1.689258568,0,3.093080911
4438,1.064199773,0.6193574204,1.693363175,1,3.093285264
4439,0.1436191724,0.6954419304,1.994836718,1,3.093489525
4440,1.978464805,1.578041811,0.2927063659,0,3.092792793
4441,0.2158859942,1.170181283,1.98831417,1,3.092997073
4442,0.5540570384,1.937668008,1.921723393,0,3.092300765
4443,1.453458361,1.632691442,1.373848169,0,3.091604772
4444,1.972688965,0.02242864121,0.3293907187,1,3.091809181
4445,0.3413536645,0.5224778793,1.970654124,1,3.092013498
4446,1.196519439,0.0001510499122,1.602604515,1,3.092217724
4447,0.9831490443,0.868039561,1.741671024,1,3.092421857
4448,0.7965649974,0.8827161192,1.834525608,1,3.092625899
4449,0.3194346074,0.9303508922,1.974325589,1,3.092829849
4450,1.073280679,1.164805609,1.687622169,1,3.093033708
4451,0.3198161628,1.777205858,1.974263818,1,3.093237475
4452,0.6450562284,1.576306032,1.89311977,1,3.09344115
4453,0.5153949684,1.192848216,1.9324513,1,3.093644734
4454,1.392668283,0.4832843192,1.435435492,1,3.093848226
4455,1.957465045,1.909094032,0.4102811202,0,3.09315376
4456,1.786739866,1.839358188,0.8986437846,0,3.092459605
4457,0.9878063129,1.822506069,1.739033838,0,3.091765762
4458,1.559798494,1.134250419,1.251810153,1,3.091969493
4459,1.44810233,1.866377855,1.37949253,0,3.091276071
4460,1.182168479,1.632701844,1.613219665,0,3.09058296
4461,1.277256142,0.8746312644,1.539031107,1,3.090786819
4462,1.958346519,1.003214196,0.4060528415,0,3.090094128
4463,1.305474515,0.8608173952,1.515168733,1,3.090298006
4464,0.8243123279,1.724969343,1.822226437,1,3.090501792
4465,1.671453974,0.4400665617,1.098290313,1,3.090705487
4466,0.1249406842,0.6538341534,1.996093641,1,3.090909091
4467,1.630573831,1.391473155,1.158114408,0,3.090217148
4468,1.150503527,1.156554928,1.635952821,1,3.09042077
4469,1.83674706,0.3145989137,0.7914292362,1,3.090624301
4470,0.9308945731,0.618710783,1.770151206,1,3.09082774
4471,0.08154715732,0.9961282467,1.998336824,1,3.091031089
4472,1.254269752,1.125586941,1.55782136,1,3.091234347
4473,1.415521881,1.107280795,1.412904032,1,3.091437514
4474,1.333354002,1.863116909,1.490693498,0,3.090746536
4475,0.3720464282,1.92627724,1.965090699,1,3.090949721
4476,1.126413709,0.007393563127,1.652631888,1,3.091152815
4477,0.9249239253,1.629353991,1.773278245,1,3.091355819
4478,1.720554999,0.6403753246,1.019652144,1,3.091558732
4479,1.429524946,1.329750211,1.398734582,1,3.091761554
4480,1.451755948,0.00796007543,1.375647,1,3.091964286
4481,1.209140082,0.4669756912,1.593103971,1,3.092166927
4482,0.4073856514,1.541961565,1.958069695,1,3.092369478
4483,0.6702881689,0.2149179325,1.884333774,1,3.092571938
4484,1.801473235,1.245358904,0.8687313643,0,3.091882248
4485,1.337649844,0.9799848554,1.486839902,1,3.092084727
4486,0.7001701752,1.389864061,1.873435808,1,3.092287115
4487,0.1659109057,1.393457297,1.993106513,1,3.092489414
4488,1.835449644,1.610204821,0.7944335109,0,3.091800357
4489,1.950353347,1.741616851,0.4428564336,0,3.091111606
4490,0.8553745138,1.331357149,1.807853545,1,3.091314031
4491,1.542624858,0.5542180588,1.27291341,1,3.091516366
4492,1.616128859,0.985248951,1.178188232,1,3.091718611
4493,1.511707774,0.3471534567,1.309480663,1,3.091920766
4494,0.8099843975,1.010781113,1.828640281,1,3.09212283
4495,0.1394238513,0.4829760988,1.995134329,1,3.092324805
4496,1.479650235,0.4606364167,1.345598447,1,3.09252669
4497,0.5196410122,0.7137660593,1.931313858,1,3.092728486
4498,1.264130289,0.5673908761,1.549830511,1,3.092930191
4499,0.06755671967,0.04529939878,1.998858697,1,3.093131807
4500,1.513036333,0.226694775,1.307945356,1,3.093333333
4501,1.534439139,1.206180857,1.282769086,1,3.09353477
4502,0.5700458974,1.578497926,1.917041386,1,3.093736117
4503,1.428923802,1.378297831,1.399348695,1,3.093937375
4504,1.059073848,1.690473442,1.696573778,1,3.094138544
4505,1.776444263,1.404084529,0.9188284819,0,3.09345172
4506,1.802967699,0.684678064,0.8656254817,1,3.093652907
4507,0.376698093,0.4475134498,1.964204304,1,3.093854005
4508,0.288760316,0.03108558989,1.979044588,1,3.094055013
4509,0.5908578062,1.174360968,1.910729456,1,3.094255933
4510,1.343657421,1.769445413,1.481413088,0,3.093569845
4511,0.01006985161,0.6917863173,1.999974649,1,3.093770783
4512,0.07554736627,0.4361718255,1.99857264,1,3.093971631
4513,0.4512483835,1.637614121,1.948428828,1,3.094172391
4514,0.1366482908,1.478087818,1.99532635,1,3.094373062
4515,1.471529111,1.374682339,1.354474834,0,3.093687708
4516,0.5598120716,0.3444133102,1.920054802,1,3.093888397
4517,1.474523984,1.540512913,1.351213906,0,3.093203454
4518,0.9714174498,1.000871359,1.748241442,1,3.093404161
4519,1.72854338,0.4890250152,1.006050587,1,3.09360478
4520,1.590241278,0.4171619148,1.212902584,1,3.09380531
4521,0.2304099908,1.203919289,1.986683477,1,3.094005751
4522,0.2544413946,0.1637694503,1.983748869,1,3.094206103
4523,1.974400771,1.116800405,0.3189695833,0,3.093521999
4524,1.276793192,0.8583252324,1.539415196,1,3.09372237
4525,0.8368659653,0.9012496884,1.81649535,1,3.093922652
4526,1.566253924,0.9320127285,1.243723702,1,3.094122846
4527,1.763677254,0.5781528285,0.9431026156,1,3.094322951
4528,1.905508729,1.141980648,0.6074837326,0,3.093639576
4529,1.940837746,0.0002406764404,0.4828548906,1,3.0938397
4530,0.6995786705,1.727313522,1.873656768,1,3.094039735
4531,1.00943986,0.9723213512,1.726566295,1,3.094239682
4532,0.1180585291,1.124333181,1.996512505,1,3.094439541
4533,0.2054718474,0.8729335327,1.989417332,1,3.094639312
4534,1.008636261,1.507148448,1.727035869,1,3.094838994
4535,1.909928154,1.178262833,0.5934428749,0,3.09415656
4536,0.05123136843,1.798461416,1.999343729,1,3.094356261
4537,0.01107076789,1.637221302,1.999969359,1,3.094555874
4538,0.8389607871,1.774154969,1.815528793,1,3.094755399
4539,0.7422427265,1.881309803,1.857168742,0,3.094073584
4540,0.4742553098,1.202114125,1.942956999,1,3.094273128
4541,0.262183383,1.690917397,1.982740496,1,3.094472583
4542,0.418097978,1.943918499,1.955810339,1,3.094671951
4543,0.581953737,1.816923924,1.913460177,1,3.09487123
4544,0.8194711686,1.841295825,1.824408672,0,3.094190141
4545,0.3473609241,1.272224637,1.96960412,1,3.094389439
4546,1.222756658,1.305626193,1.582676896,1,3.094588649
4547,0.9146948377,0.6593749416,1.778576215,1,3.094787772
4548,0.3901139438,0.9874323407,1.961583827,1,3.094986807
4549,0.7292505981,1.184602904,1.862308665,1,3.095185755
4550,1.552640449,0.4753902592,1.260677451,1,3.095384615
4551,1.849565487,1.160155348,0.7609911371,0,3.094704461
4552,0.6285478658,0.5624185524,1.898664683,1,3.094903339
4553,1.997148006,1.296562258,0.1067700353,0,3.094223589
4554,1.786843246,0.1490256079,0.8984382084,1,3.094422486
4555,1.167601381,1.620517229,1.623794018,1,3.094621295
4556,1.274413005,0.5514590034,1.541386224,1,3.094820018
4557,1.350588531,0.08347521997,1.475096817,1,3.095018653
4558,0.8209233349,0.7886454391,1.823755707,1,3.095217201
4559,0.08003483391,0.268751465,1.998397965,1,3.095415661
4560,1.694747701,1.225537539,1.061993517,0,3.094736842
4561,0.7674433109,1.728527273,1.846897605,1,3.094935321
4562,0.6400411619,0.8853491398,1.894821182,1,3.095133713
4563,0.5637957231,1.838775843,1.918888841,1,3.095332018
4564,0.1049563311,0.1681679017,1.997244143,1,3.095530237
4565,1.376007636,0.8272281328,1.451414133,1,3.095728368
4566,1.617665385,1.45002077,1.176077677,0,3.095050372
4567,0.6061331458,1.590007915,1.905938774,1,3.095248522
4568,1.253779972,1.338624408,1.558215576,1,3.095446585
4569,1.963431132,0.06736969309,0.3807074865,1,3.095644561
4570,1.509609569,1.018448476,1.311898986,1,3.095842451
4571,1.559822837,0.07634349914,1.25177982,1,3.096040254
4572,1.312451632,0.6977088554,1.509129124,1,3.09623797
4573,0.7454690718,0.67248772,1.855876037,1,3.0964356
4574,1.073751535,1.664919862,1.687322625,1,3.096633144
4575,0.3196172693,0.4941520239,1.974296027,1,3.096830601
4576,0.3675245115,1.919840299,1.965941437,1,3.097027972
4577,0.2758285214,0.1207347183,1.980888343,1,3.097225257
4578,1.985282894,1.131541686,0.2421814002,0,3.096548711
4579,0.232742476,0.08436600108,1.986411574,1,3.096746014
4580,0.2102738061,1.204697509,1.988915515,1,3.096943231
4581,0.4507590964,0.5286507968,1.94854208,1,3.097140362
4582,1.030848463,0.3827404614,1.713870312,1,3.097337407
4583,0.7663042662,0.3224876967,1.847370502,1,3.097534366
4584,1.44078606,1.008796923,1.387132124,1,3.097731239
4585,1.767496743,0.7768118308,0.9359248174,1,3.097928026
4586,1.012357841,1.202600561,1.72485698,1,3.098124727
4587,0.1069697805,1.465938229,1.997137318,1,3.098321343
4588,0.3976027576,0.946583209,1.960079602,1,3.098517873
4589,1.631608916,0.6859481696,1.156655672,1,3.098714317
4590,0.6430436795,0.8198178303,1.893804326,1,3.098910675
4591,0.02531906376,1.890001148,1.99983973,1,3.099106948
4592,0.5460888548,0.01569261085,1.924002849,1,3.099303136
4593,0.01479345121,1.085455879,1.999945288,1,3.099499238
4594,0.6892836541,0.7835980388,1.87746852,1,3.099695255
4595,0.8535563542,1.669522633,1.808712678,1,3.099891186
4596,1.134896987,1.740737945,1.646817789,0,3.09921671
4597,1.239206712,1.842815123,1.569830158,0,3.098542528
4598,0.7742619842,1.085367671,1.844049452,1,3.098738582
4599,1.625317497,0.2021358915,1.165479744,1,3.098934551
4600,1.720768893,0.2436861081,1.019291134,1,3.099130435
4601,0.2210681989,1.342474791,1.987744665,1,3.099326233
4602,1.820429142,1.793738262,0.8282739514,0,3.09865276
4603,1.042625817,0.5623640967,1.706731205,1,3.098848577
4604,0.6358882469,1.147056804,1.896218905,1,3.099044309
4605,0.2917744867,0.7246293449,1.978602448,1,3.099239957
4606,0.1613021915,0.04756798963,1.993484789,1,3.099435519
4607,1.867760796,1.156429846,0.7151710339,0,3.098762752
4608,0.2751302014,1.076973068,1.980985455,1,3.098958333
4609,1.184161782,1.056789144,1.611757077,1,3.099153829
4610,0.05707088078,1.579791616,1.999185563,1,3.099349241
4611,0.2349944999,1.914651059,1.986146416,1,3.099544567
4612,0.05677183199,1.45404299,1.999194077,1,3.099739809
4613,1.833722612,0.544293677,0.7984117875,1,3.099934966
4614,0.4225841171,0.9727379728,1.954845944,1,3.100130039
4615,1.92373058,0.9669199972,0.547047214,0,3.099458288
4616,0.9887642542,0.1188440438,1.738489358,1,3.09965338
4617,1.52213643,1.885521112,1.297343704,0,3.098982023
4618,0.3660788356,1.799892116,1.96621115,1,3.099177133
4619,1.66280218,0.2875607754,1.111345541,1,3.099372158
4620,0.3707046413,0.5428482487,1.965344262,1,3.0995671
4621,1.155722863,0.4057301927,1.632269789,1,3.099761956
4622,0.1634835625,1.974880569,1.993307082,1,3.099956729
4623,0.1282926748,0.9480525434,1.995881006,1,3.100151417
4624,1.870073808,1.366812043,0.7091008065,0,3.099480969
4625,1.278778955,0.6323833209,1.537766037,1,3.099675676
4626,1.151091263,0.7678908886,1.635539331,1,3.099870298
4627,0.6189328007,1.991348554,1.901820756,0,3.099200346
4628,0.2436318778,1.586161741,1.985105415,1,3.099394987
4629,1.844547556,1.391755398,0.7730745845,0,3.098725427
4630,0.9078926772,0.0229407928,1.782058048,1,3.098920086
4631,1.338922475,0.6655200612,1.485693981,1,3.099114662
4632,1.037020255,0.3247842543,1.710142974,1,3.099309154
4633,0.3887111511,1.164263147,1.961862289,1,3.099503561
4634,1.733617688,1.477063317,0.9972811602,0,3.0988347
4635,1.453757576,1.572936394,1.373531547,0,3.098166127
4636,1.811144468,1.822362568,0.8483841801,0,3.097497843
4637,0.8663173336,0.2228247897,1.80263537,1,3.097692474
4638,0.7044720848,0.09200544589,1.871822396,1,3.09788702
4639,1.208145516,1.111014155,1.593858341,1,3.098081483
4640,0.9305229358,0.5130034389,1.770346595,1,3.098275862
4641,1.526759095,0.5442978472,1.291900409,1,3.098470157
4642,1.886181469,0.6259906838,0.6650710222,1,3.098664369
4643,0.3022349869,0.588770765,1.977031617,1,3.098858497
4644,1.93426696,1.7293624,0.5085384237,0,3.098191214
4645,1.186200812,1.074571798,1.610257009,1,3.098385361
4646,1.957966721,1.310577922,0.4078802767,0,3.097718467
4647,0.8704218827,1.315764171,1.800657032,1,3.097912632
4648,1.93311359,1.335642152,0.5129053006,0,3.097246127
4649,1.311847999,1.888193592,1.509653876,0,3.09657991
4650,0.4177981368,1.346606787,1.955874412,1,3.096774194
4651,0.8122003373,1.758774772,1.827657137,1,3.096968394
4652,1.565668878,1.859770838,1.244460109,0,3.096302666
4653,0.6013966012,1.177646056,1.90743863,1,3.096496884
4654,1.751295457,0.3470394834,0.9659007302,1,3.096691018
4655,0.5949840256,1.877877764,1.909448614,1,3.09688507
4656,1.403400441,0.1328953966,1.424944631,1,3.097079038
4657,0.07408461862,0.2689214665,1.998627396,1,3.097272922
4658,1.898813578,1.512772549,0.6280979178,0,3.096607986
4659,1.882542754,0.04186465084,0.6753019908,1,3.096801889
4660,1.99033081,1.183517278,0.1964262335,0,3.096137339
4661,0.2659674654,0.6676655518,1.982236441,1,3.096331259
4662,0.03052876243,0.872912183,1.999766985,1,3.096525097
4663,0.7698812969,0.6755009616,1.845882658,1,3.096718851
4664,1.55029333,0.3083796763,1.263562658,1,3.096912521
4665,0.6945374712,1.203503174,1.875531312,1,3.097106109
4666,0.2612863047,1.028102823,1.982858913,1,3.097299614
4667,0.5609229644,1.351750466,1.919730561,1,3.097493036
4668,1.111938342,1.378862864,1.662405824,1,3.097686375
4669,1.345649384,1.149474367,1.479603912,1,3.097879632
4670,0.1914393744,1.779746506,1.990816658,1,3.098072805
4671,1.909214363,1.721981301,0.595735275,0,3.097409548
4672,0.5196879114,0.5573556062,1.931301239,1,3.09760274
4673,1.444176314,0.05488478861,1.383602101,1,3.097795848
4674,0.1394461209,0.5075341356,1.995132772,1,3.097988875
4675,0.7984823119,1.329404537,1.833691904,1,3.098181818
4676,1.341734729,0.1226632294,1.483154717,1,3.098374679
4677,0.6685332734,0.1582939175,1.884957098,1,3.098567458
4678,0.7287726392,0.4352769761,1.862495756,1,3.098760154
4679,1.747749361,1.732801757,0.9723025095,0,3.098097884
4680,0.1124342349,0.3658363688,1.996837135,1,3.098290598
4681,1.561427953,1.024655543,1.249777079,1,3.09848323
4682,1.240408478,1.631320163,1.56888075,0,3.097821444
4683,1.661673422,0.4114468424,1.113032541,1,3.098014094
4684,0.3048081343,1.760517849,1.976636537,1,3.098206661
4685,1.506755193,0.5238152128,1.315176334,1,3.098399146
4686,1.187080981,1.141244067,1.609608258,1,3.098591549
4687,0.4704596062,0.6633086789,1.943879564,1,3.09878387
4688,1.519916095,1.704597427,1.299944255,0,3.098122867
4689,0.8937748592,1.420161418,1.789180399,1,3.098315206
4690,0.9052790589,1.552848516,1.783387178,1,3.098507463
4691,0.3031771294,0.4777338758,1.976887358,1,3.098699638
4692,0.1262701997,0.5014838527,1.996009979,1,3.098891731
4693,0.7265390485,0.3846749883,1.86336819,1,3.099083742
4694,1.488668799,0.2226965558,1.335614169,1,3.099275671
4695,1.449273388,1.25881672,1.378262183,1,3.099467519
4696,0.4571872292,0.4267479271,1.947043871,1,3.099659284
4697,1.887343609,0.1876724341,0.6617658974,1,3.099850969
4698,0.1548935109,0.4723976142,1.993992979,1,3.100042571
4699,0.5792529336,1.290712246,1.914279509,1,3.100234092
4700,1.249642259,0.5027858624,1.561535854,1,3.100425532
4701,1.770075199,1.435266596,0.9310390924,0,3.099766007
4702,1.867042187,1.725864773,0.7170449576,0,3.099106763
4703,1.181329672,1.451572215,1.613834009,1,3.09929832
4704,0.548543672,0.4549782217,1.923304406,1,3.099489796
4705,1.936099139,0.4650150004,0.5015178192,1,3.09968119
4706,1.578788469,1.806257494,1.227773176,0,3.099022524
4707,0.07978947372,0.007581353564,1.998407776,1,3.099213937
4708,1.375663928,1.85808666,1.451739907,0,3.09855565
4709,0.1559475795,1.438533035,1.993910819,1,3.09874708
4710,1.958257696,1.835796486,0.4064809886,0,3.098089172
4711,1.842310455,1.804134857,0.7783907683,0,3.097431543
4712,1.568176056,0.3806614437,1.241299262,1,3.09762309
4713,0.175554792,0.8289405799,1.99228023,1,3.097814555
4714,1.737696264,0.7016697181,0.9901574088,1,3.09800594
4715,1.857034781,0.3846048761,0.7425778214,1,3.098197243
4716,0.6040324095,0.8350976697,1.906605583,1,3.098388465
4717,0.3848117245,1.423029075,1.962630871,1,3.098579606
4718,0.1421411201,1.687116603,1.994942581,1,3.098770666
4719,0.8257961185,1.69994389,1.821554493,1,3.098961644
4720,0.8021939984,1.352205299,1.832071175,1,3.099152542
4721,1.195167132,0.2845689157,1.603613272,1,3.099343359
4722,0.2641578614,1.061567389,1.982478404,1,3.099534096
4723,0.8584121233,0.7225342684,1.806413194,1,3.099724751
4724,1.282896522,0.931641904,1.534332596,1,3.099915326
4725,0.6938826888,1.723256882,1.875773658,1,3.10010582
4726,0.5389297513,0.3146806796,1.926020437,1,3.100296234
4727,0.7820395334,1.278955048,1.840764561,1,3.100486567
4728,1.059416734,0.8500140282,1.696359686,1,3.100676819
4729,1.499090151,0.3617123719,1.323906613,1,3.100866991
4730,0.8096823185,0.09038436287,1.828774055,1,3.101057082
4731,1.608882032,1.789670129,1.188065068,0,3.100401606
4732,0.4408906206,0.7213329033,1.950798673,1,3.100591716
4733,1.901499332,0.3718176504,0.6199195836,1,3.100781745
4734,0.498355768,1.514174677,1.936915468,1,3.100971694
4735,1.126465767,1.568480262,1.652596404,1,3.101161563
4736,1.195733161,1.62605179,1.603191258,0,3.100506757
4737,0.2068328319,1.348727421,1.989276295,1,3.100696643
4738,0.5222034011,0.3040514228,1.930622596,1,3.10088645
4739,1.308101652,0.9477870967,1.512901209,1,3.101076176
4740,0.6940779039,1.87474959,1.875701432,1,3.101265823
4741,1.719908035,0.7269607742,1.020743039,1,3.101455389
4742,1.620395628,1.010986168,1.172313102,1,3.101644876
4743,1.327921942,0.3223587849,1.495534458,1,3.101834282
4744,0.7362811113,0.6931923812,1.859540299,1,3.102023609
4745,1.815345348,0.7730710063,0.8393576508,1,3.102212856
4746,0.3545471199,1.77953713,1.968323231,1,3.102402023
4747,0.2154811391,1.921770228,1.988358086,1,3.10259111
4748,1.731983118,1.815264441,1.000117233,0,3.101937658
4749,0.1206023799,0.2934815776,1.996360455,1,3.102126764
4750,1.812308199,1.021476812,0.8458953787,0,3.101473684
4751,1.400273294,1.137184255,1.428017753,1,3.101662808
4752,0.5251086147,1.820742344,1.929834434,1,3.101851852
4753,0.9016609296,1.684237925,1.785219193,1,3.102040816
4754,1.010354462,1.092116441,1.726031246,1,3.102229701
4755,0.1129162784,0.125519225,1.996809934,1,3.102418507
4756,1.804824479,0.6412193932,0.8617474106,1,3.102607233
4757,0.2872663457,1.846106742,1.979261995,1,3.10279588
4758,0.2263165632,0.6563333439,1.987153948,1,3.102984447
4759,0.2502172165,0.9883007543,1.984286105,1,3.103172935
4760,1.014511016,1.963654377,1.723591425,0,3.102521008
4761,0.6074047908,1.624431448,1.905533894,1,3.102709515
4762,1.709873057,0.7482143254,1.037465242,1,3.102897942
4763,0.7069143991,1.772166132,1.870901396,1,3.10308629
4764,1.847307695,0.8962093944,0.7664556611,0,3.102434929
4765,1.077439203,0.8747672751,1.684970256,1,3.102623295
4766,1.233188914,0.5562223579,1.574561876,1,3.102811582
4767,0.7430037376,1.084125258,1.856864412,1,3.10299979
4768,1.274756157,0.2656830537,1.541102443,1,3.103187919
4769,1.708837671,0.08883272527,1.039169771,1,3.10337597
4770,1.61612709,0.9992326342,1.178190658,1,3.103563941
4771,1.800313433,0.9770793976,0.8711323337,0,3.102913435
4772,1.068985101,1.876090897,1.690346371,0,3.102263202
4773,1.045328818,1.674980081,1.705077025,1,3.102451288
4774,0.8459332789,0.05037290855,1.812290509,1,3.102639296
4775,1.168094731,0.458184175,1.623439158,1,3.102827225
4776,0.1881079921,1.942195486,1.991134195,1,3.103015075
4777,0.1371635869,1.471780009,1.995290994,1,3.103202847
4778,1.970089038,1.21883713,0.3446000348,0,3.10255337
4779,0.04605009628,0.7838204051,1.999469777,1,3.102741159
4780,0.2607058991,1.434214769,1.982935308,1,3.10292887
4781,1.931665099,1.531190118,0.518333817,0,3.102279858
4782,1.820759406,0.5296660561,0.827547694,1,3.102467587
4783,1.840291005,1.454920814,0.7831532514,0,3.101818942
4784,1.026806896,0.2995345712,1.716294729,1,3.102006689
4785,0.1337129592,1.589327256,1.995525205,1,3.102194357
4786,1.123579524,0.9981059162,1.654560079,1,3.102381947
4787,1.77505089,0.5007264234,0.9215174108,1,3.102569459
4788,0.0282052254,0.7057804684,1.999801106,1,3.102756892
4789,1.73256219,1.740827492,0.9991137359,0,3.102109
4790,1.891759535,0.9162599565,0.6490345601,0,3.101461378
4791,1.707176755,0.121976925,1.041896122,1,3.101648925
4792,1.794812642,0.4358970906,0.8824100978,1,3.101836394
4793,1.434570825,1.781441367,1.39355895,0,3.101189234
4794,0.4860840769,0.152174663,1.940031513,1,3.101376721
4795,1.018958731,1.657420201,1.720965748,1,3.101564129
4796,0.9144152098,0.08665502562,1.778719996,1,3.10175146
4797,0.8105275383,0.3591436086,1.828399603,1,3.101938712
4798,1.030639316,1.996107152,1.713996091,0,3.101292205
4799,1.642178967,0.1939361158,1.141598984,1,3.101479475
4800,0.618507363,0.110827044,1.901959159,1,3.101666667
4801,1.854246267,1.048474676,0.749513697,0,3.101020621
4802,1.411745647,0.5618377163,1.416677178,1,3.10120783
4803,1.347356947,1.645800757,1.478049139,0,3.100562149
4804,1.520456346,0.3890115295,1.299312318,1,3.100749376
4805,1.011122731,1.675296287,1.7255813,1,3.100936524
4806,0.5350606542,0.927101154,1.927098881,1,3.101123596
4807,0.9586887916,1.092626871,1.755253771,1,3.101310589
4808,1.006927385,0.9234108998,1.728032766,1,3.101497504
4809,0.7747109316,1.742697307,1.843860887,1,3.101684342
4810,1.825678509,1.955286545,0.81663822,0,3.101039501
4811,1.770411529,0.03804305822,0.9303993855,1,3.101226356
4812,0.1457474557,1.349852475,1.99468235,1,3.101413134
4813,0.6973416493,0.8891521255,1.874490497,1,3.101599834
4814,0.9671335005,0.9412411662,1.750614975,1,3.101786456
4815,0.8132751844,0.5550890047,1.827179103,1,3.101973001
4816,1.104727553,0.1063398397,1.667206356,1,3.102159468
4817,0.7193595036,1.53257716,1.86615163,1,3.102345858
4818,0.1377186624,0.9538993159,1.995252758,1,3.102532171
4819,1.593297146,0.7790230043,1.208885521,1,3.102718406
4820,0.3489604175,0.5954609095,1.969321362,1,3.102904564
4821,1.365633217,0.6012440729,1.461179632,1,3.103090645
4822,1.883571401,1.136353154,0.6724275265,0,3.102447117
4823,0.5366576423,1.432207934,1.926654763,1,3.102633216
4824,0.4552086988,0.4216110385,1.947507392,1,3.102819237
4825,1.178740122,0.5110854984,1.615726377,1,3.103005181
4826,0.3251706257,0.8729253961,1.973388979,1,3.103191048
4827,0.4435449115,0.6491024407,1.95019689,1,3.103376839
4828,1.135690313,1.941750944,1.64627079,0,3.102734051
4829,1.931577867,1.397166295,0.5186587931,0,3.10209153
4830,1.404928389,1.224519165,1.423438169,1,3.102277433
4831,0.2778893085,0.618587878,1.980600296,1,3.102463258
4832,1.583925473,0.7953093075,1.221138852,1,3.102649007
4833,1.730318313,0.1954105325,1.002994784,1,3.102834678
4834,0.4674062111,1.535878751,1.944616012,1,3.103020273
4835,0.07390766369,1.244190219,1.998633948,1,3.103205791
4836,1.214159514,0.3347225333,1.589281811,1,3.103391232
4837,0.5190897877,1.7808427,1.931462087,1,3.103576597
4838,0.4207772441,0.6784428864,1.955235666,1,3.103761885
4839,0.2717122861,1.013747028,1.981457149,1,3.103947097
4840,1.77238751,1.731429857,0.9266296534,0,3.103305785
4841,0.5341370862,1.239618392,1.927355072,1,3.103491014
4842,1.547471607,1.3950729,1.267016822,0,3.102850062
4843,0.515686999,0.6959095044,1.93237339,1,3.103035309
4844,0.5671432414,1.846809232,1.91790212,1,3.103220479
4845,0.484917634,1.907061068,1.940323398,1,3.103405573
4846,0.6816774856,1.108596701,1.88024355,1,3.10359059
4847,1.550096793,0.7546210045,1.263803756,1,3.103775531
4848,0.8857711839,0.675554666,1.79315627,1,3.103960396
4849,0.894350132,1.094347963,1.788892909,1,3.104145185
4850,0.9543967234,1.15763676,1.757591219,1,3.104329897
4851,0.2232373052,1.096631078,1.987502228,1,3.104514533
4852,0.9182390068,0.9523821528,1.776749033,1,3.104699093
4853,1.298325686,0.5900983438,1.521298923,1,3.104883577
4854,0.9216989825,1.591010103,1.774956615,1,3.105067985
4855,1.097436134,1.141052678,1.672014932,1,3.105252317
4856,1.015609908,1.623100419,1.722944142,1,3.105436573
4857,0.3657251315,0.9773376204,1.966276971,1,3.105620754
4858,1.542666345,0.3934546177,1.27286313,1,3.105804858
4859,0.9273803894,0.6564209843,1.771994812,1,3.105988887
4860,1.498330427,0.5478875392,1.324766369,1,3.10617284
4861,0.1530584135,1.403341365,1.99413468,1,3.106356717
4862,1.666920307,1.758198601,1.105159125,0,3.105717812
4863,0.8853751184,1.034171288,1.793351862,1,3.105901707
4864,0.443534433,0.9318748133,1.950199274,1,3.106085526
4865,1.375686439,1.543270894,1.451718575,0,3.105447071
4866,1.344889912,1.944166047,1.48029427,0,3.104808878
4867,0.5735306749,1.558995938,1.916001713,1,3.104992809
4868,1.237484042,1.611622303,1.571188482,0,3.104354971
4869,1.972983412,1.954487583,0.327622429,0,3.103717396
4870,1.837549591,1.634834074,0.7895641212,0,3.103080082
4871,1.651753191,1.426858001,1.127701821,0,3.10244303
4872,0.8077594312,1.684143381,1.829624197,1,3.102627258
4873,1.429330314,1.473724471,1.39893347,0,3.10199056
4874,1.208451424,0.8621409537,1.593626417,1,3.102174805
4875,1.330988268,0.3071022707,1.492806159,1,3.102358974
4876,0.80754296,0.5066130164,1.829719751,1,3.102543068
4877,0.7340882464,1.988851251,1.860407065,0,3.10190691
4878,0.4034868941,0.2297159077,1.958876802,1,3.102091021
4879,0.6226443666,0.950475944,1.900608848,1,3.102275056
4880,1.453666623,1.931219817,1.373627806,0,3.101639344
4881,1.854498821,1.817093976,0.7488885913,0,3.101003893
4882,1.953779825,0.2728979025,0.4274861337,1,3.101188038
4883,1.559917426,1.511498735,1.251661945,0,3.100552939
4884,1.334465523,1.07267252,1.48969855,1,3.100737101
4885,0.8671012691,1.234084458,1.802258414,1,3.100921187
4886,1.59828711,0.6676020144,1.202280464,1,3.101105199
4887,0.1363024377,1.626981164,1.995350006,1,3.101289134
4888,0.5384319444,0.1046546197,1.926159661,1,3.101472995
4889,1.366667673,1.110824458,1.460212132,1,3.101656781
4890,1.538498134,0.7184642201,1.277898075,1,3.101840491
4891,0.1382470489,0.7671678399,1.995216217,1,3.102024126
4892,1.6679528,0.06940135058,1.103600225,1,3.102207686
4893,1.267446491,0.5006481977,1.547119709,1,3.102391171
4894,0.8554540885,1.990541429,1.807815893,0,3.101757254
4895,0.07021184781,0.3406970152,1.998767194,1,3.101940756
4896,0.5099273379,0.569308219,1.933901267,1,3.102124183
4897,0.6242938759,0.1263878379,1.900067672,1,3.102307535
4898,1.289928525,1.647130859,1.528425465,0,3.101674153
4899,1.945812475,0.0427228583,0.4624000546,1,3.101857522
4900,0.04232862943,1.265331434,1.999552022,1,3.102040816
4901,1.86441,0.6926488457,0.7238614175,1,3.102224036
4902,0.8198056147,1.990310082,1.824258412,0,3.101591187
4903,1.702493384,0.2361382118,1.049531456,1,3.101774424
4904,0.1533815418,1.673346353,1.994109852,1,3.101957586
4905,1.80393475,0.6214778101,0.8636083705,1,3.102140673
4906,0.8844076925,1.655024592,1.793829154,1,3.102323685
4907,1.126010914,0.1342276067,1.652906356,1,3.102506623
4908,1.599872829,1.745702716,1.200169542,0,3.101874491
4909,0.5193859326,1.477712496,1.931382472,1,3.102057446
4910,1.788334668,1.9464381,0.8954658655,0,3.101425662
4911,0.5992837606,0.8819434488,1.908103502,1,3.101608634
4912,0.9023159067,0.1935882113,1.784888233,1,3.101791531
4913,0.5981422452,1.752263563,1.908461646,1,3.101974354
4914,0.5402915257,0.1836457263,1.925638872,1,3.102157102
4915,0.9435856305,1.323715001,1.763418883,1,3.102339776
4916,0.7224180463,0.4303736056,1.864969749,1,3.102522376
4917,1.987202793,0.7643536811,0.2258872705,0,3.101891397
4918,1.117164045,1.994173724,1.658898579,0,3.101260675
4919,1.240482743,0.400605078,1.568822031,1,3.101443383
4920,1.558707091,1.904619308,1.253168865,0,3.100813008
4921,1.146630618,1.70989621,1.638669651,0,3.10018289
4922,1.608834158,0.09731291474,1.188129896,1,3.100365705
4923,0.5425583232,0.8312811229,1.92500142,1,3.100548446
4924,1.578013607,1.549294102,1.228768919,0,3.099918765
4925,0.6402916832,1.07131778,1.894736541,1,3.100101523
4926,1.033641742,0.391991101,1.712187124,1,3.100284206
4927,1.400109494,1.534462316,1.428178352,0,3.099654962
4928,1.010837955,0.108136543,1.725748136,1,3.099837662
4929,0.140228736,0.1478707739,1.995077919,1,3.100020288
4930,1.241381924,1.388967365,1.568110621,1,3.10020284
4931,1.556170629,0.3730800317,1.256317227,1,3.100385317
4932,0.2078350905,1.16703278,1.989171831,1,3.100567721
4933,0.5728682816,0.7734290761,1.916199867,1,3.100750051
4934,1.525299635,0.2583090039,1.293623216,1,3.100932306
4935,0.4396401356,0.3978292314,1.951080867,1,3.101114488
4936,1.928159574,0.2551566029,0.5312256189,1,3.101296596
4937,1.588172284,0.7208464725,1.215610463,1,3.101478631
4938,0.3686861301,0.6033361799,1.965723922,1,3.101660591
4939,0.3282645558,0.6438640461,1.972876677,1,3.101842478
4940,0.4586596533,1.625089992,1.946697543,1,3.102024291
4941,1.820965111,1.148708848,0.8270949553,0,3.101396478
4942,1.32077533,0.1129267156,1.501849702,1,3.101578308
4943,0.3418516919,1.592206642,1.970567791,1,3.101760065
4944,1.399266875,1.719505364,1.429003923,0,3.101132686
4945,1.71494881,1.703654923,1.029053244,0,3.100505561
4946,0.8255838471,1.39121655,1.821650711,1,3.100687424
4947,1.799437047,0.6927420973,0.8729411848,1,3.100869214
4948,1.021971781,1.992566241,1.719178199,0,3.100242522
4949,0.9167699944,1.796837699,1.777507462,0,3.099616084
4950,1.078734591,0.4388883608,1.68414123,1,3.09979798
4951,0.3654376967,0.6743088697,1.966330412,1,3.099979802
4952,0.5075803422,1.546054922,1.934518595,1,3.100161551
4953,1.890009706,0.4540702331,0.654112614,1,3.100343226
4954,0.8569740106,1.941096823,1.807095887,0,3.0997174
4955,0.3767251482,0.2612219934,1.964199115,1,3.099899092
4956,1.012355443,1.943326878,1.724858387,0,3.099273608
4957,0.05872961378,0.6027863655,1.999137522,1,3.099455316
4958,0.7408846694,1.060410258,1.857710932,1,3.09963695
4959,0.5069766177,1.972910924,1.9346769,0,3.099011898
4960,0.5836599385,1.893528854,1.912940427,1,3.099193548
4961,1.185731882,1.887309692,1.610602342,0,3.098568837
4962,0.9347676981,1.578062503,1.768108976,1,3.098750504
4963,0.05941917597,0.6278791838,1.999117146,1,3.098932098
4964,1.909891921,1.342562124,0.5935594757,0,3.098307816
4965,1.428839082,0.1888677602,1.399435199,1,3.098489426
4966,1.499684737,1.302851766,1.323233044,1,3.098670963
4967,1.971218761,0.1348726056,0.3380777954,1,3.098852426
4968,1.163774074,1.047339596,1.626539242,1,3.099033816
4969,0.9305184845,1.94912778,1.770348935,0,3.098410143
4970,1.305388435,0.9825857435,1.515242896,1,3.098591549
4971,0.89849321,0.09642670174,1.78681559,1,3.098772883
4972,1.899996108,0.2814534284,0.6245116418,1,3.098954143
4973,1.568891836,1.434184882,1.240394456,0,3.098330987
4974,0.02689446874,0.8247900983,1.999819164,1,3.098512264
4975,1.345508552,0.9698657325,1.479731981,1,3.098693467
4976,1.583322678,0.7297139775,1.221920331,1,3.098874598
4977,0.3383714982,0.6397942827,1.971168367,1,3.099055656
4978,0.455866747,0.6753723296,1.947353463,1,3.099236641
4979,0.6491500375,1.285650848,1.891719913,1,3.099417554
4980,1.362649645,1.781700501,1.463962412,0,3.098795181
4981,1.72336711,1.659963501,1.014892015,0,3.098173058
4982,1.370097171,0.1398655394,1.456994764,1,3.098354075
4983,1.718011673,1.521890407,1.023931586,0,3.09773229
4984,0.1197982322,0.985387327,1.996408872,1,3.097913323
4985,0.9839453574,0.3638347691,1.741221276,1,3.098094283
4986,1.286724132,0.3385484017,1.531124099,1,3.09827517
4987,0.8541654141,0.1021294715,1.808425128,1,3.098455986
4988,1.459504853,1.001365777,1.367422972,1,3.098636728
4989,1.42814576,0.1114654923,1.400142738,1,3.098817398
4990,1.264155111,0.9568360939,1.549810265,1,3.098997996
4991,1.063183108,1.609218534,1.694001676,1,3.099178521
4992,1.276756382,1.974456799,1.539445725,0,3.098557692
4993,1.062161772,0.3482940064,1.694642255,1,3.098738234
4994,0.1124449723,0.2673565605,1.99683653,1,3.098918702
4995,0.7461053466,0.6992929985,1.855620331,1,3.099099099
4996,0.2624946895,1.742106121,1.982699306,1,3.099279424
4997,1.304316732,1.947420262,1.516165513,0,3.098659196
4998,0.9032565736,1.225601764,1.784412386,1,3.098839536
4999,1.455801033,1.663368247,1.371365506,0,3.098219644
5000,1.134622594,0.006289397783,1.647006852,1,3.0984
5001,0.1363372337,0.02009670447,1.995347629,1,3.098580284
5002,1.980555353,0.3946962912,0.2782094438,0,3.097960816
5003,0.8306210966,1.258956596,1.819359391,1,3.098141115
5004,0.8152712142,1.266288663,1.826289366,1,3.098321343
5005,1.659504075,1.387918739,1.116264406,0,3.097702298
5006,0.8594259387,1.184960949,1.805931077,1,3.097882541
5007,1.694218916,1.753584577,1.062836895,0,3.097263831
5008,1.774701741,1.035737563,0.922189639,0,3.096645367
5009,1.439322742,1.581904233,1.38865044,0,3.096027151
5010,1.895173788,1.017512524,0.6389963331,0,3.095409182
5011,0.2112093705,1.375820758,1.988816382,1,3.095589703
5012,0.1193191345,1.279208154,1.996437563,1,3.095770152
5013,1.290113627,0.1745853014,1.528269226,1,3.095950529
5014,0.8597888302,1.945435046,1.805758336,0,3.095333067
5015,0.3329924054,1.86918508,1.972084191,1,3.09551346
5016,1.103061255,0.8696807063,1.668309284,1,3.09569378
5017,1.114588031,1.446182895,1.660630459,1,3.095874028
5018,0.3348947599,1.357122749,1.971762029,1,3.096054205
5019,1.784130932,1.537212131,0.9038123802,0,3.095437338
5020,1.536383381,0.3580479774,1.28043981,1,3.09561753
5021,1.598739997,0.1662397738,1.20167817,1,3.09579765
5022,1.305592309,0.997927172,1.515067234,1,3.095977698
5023,1.578859457,1.360108804,1.227681887,0,3.095361338
5024,0.07976231941,1.863029902,1.99840886,1,3.095541401
5025,1.35178666,1.826363826,1.473998923,0,3.094925373
5026,1.110744341,1.941027642,1.663203839,0,3.09430959
5027,1.197702434,1.599322515,1.6017206,1,3.094489755
5028,1.167611665,0.7066449572,1.623786624,1,3.094669849
5029,0.444991676,0.4488082723,1.94986728,1,3.094849871
5030,1.452433293,1.538623764,1.374931828,0,3.094234592
5031,0.5283115802,0.1531849465,1.92896005,1,3.094414629
5032,0.4530149096,1.33027385,1.948018863,1,3.094594595
5033,1.469208173,1.170602698,1.356992021,1,3.094774488
5034,1.213570276,1.90421359,1.589731797,0,3.094159714
5035,1.704017413,0.44491118,1.04705523,1,3.094339623
5036,0.89433802,0.8767117837,1.788898965,1,3.09451946
5037,0.3863170476,0.72639807,1.962335124,1,3.094699226
5038,1.601791665,0.4989390231,1.19760739,1,3.09487892
5039,1.529536637,1.025633328,1.288610755,1,3.095058543
5040,0.0347294426,0.7467847928,1.999698444,1,3.095238095
5041,1.965025419,1.047386477,0.3723910638,0,3.094624083
5042,0.4367146597,1.069673894,1.951737766,1,3.094803649
5043,1.809560892,0.8881301151,0.8517566415,0,3.094189966
5044,1.965480669,0.9023503793,0.3699807275,0,3.093576527
5045,0.8522002414,0.7574785603,1.809352025,1,3.093756194
5046,1.770915058,0.402723527,0.929440615,1,3.093935791
5047,0.2287232091,0.06130545205,1.986878379,1,3.094115316
5048,0.2907816402,1.463090069,1.978748604,1,3.09429477
5049,0.7474464043,0.4735759823,1.855080557,1,3.094474153
5050,1.857513726,0.2618086553,0.7413789568,1,3.094653465
5051,0.6447905664,1.802012038,1.89321027,1,3.094832706
5052,1.091217696,1.69258184,1.676079933,0,3.094220111
5053,0.3038691958,1.454970448,1.976781099,1,3.094399367
5054,0.2591699658,1.82853416,1.983136639,1,3.094578552
5055,0.7110752591,0.2713200323,1.869323936,1,3.094757666
5056,0.08881750658,0.6456325254,1.998026889,1,3.094936709
5057,0.6524122539,0.4774776885,1.890597327,1,3.095115681
5058,1.588879946,1.98482834,1.214685357,0,3.094503756
5059,0.316736241,1.47502875,1.974760278,1,3.094682744
5060,0.8288619927,0.007642641155,1.820161476,1,3.09486166
5061,1.960862125,0.05824945469,0.3937254482,1,3.095040506
5062,0.5214216647,1.625346798,1.930833874,1,3.095219281
5063,1.944552822,0.7048251169,0.4676690329,0,3.09460794
5064,0.9645155198,0.05498018191,1.752058735,1,3.09478673
5065,1.876957172,1.573609768,0.6906748675,0,3.094175716
5066,1.992804588,1.989825672,0.1694988899,0,3.093564943
5067,0.5413862621,0.1986805392,1.925331378,1,3.093743833
5068,1.806064001,0.8028505135,0.8591465684,1,3.093922652
5069,1.954348477,0.3321845854,0.4248788424,1,3.094101401
5070,1.203036858,1.663003612,1.597717847,0,3.093491124
5071,1.358066067,1.588545225,1.468215433,0,3.092881089
5072,1.097237412,1.801861145,1.672145347,0,3.092271293
5073,0.3075690543,0.9751688724,1.976208814,1,3.092450227
5074,0.3158197483,1.249003696,1.974907058,1,3.092629089
5075,0.3552672622,0.2723018326,1.968193378,1,3.092807882
5076,1.906823525,1.056161906,0.6033440525,0,3.092198582
5077,0.3780997363,0.2022920108,1.963934976,1,3.092377388
5078,0.6682502537,1.751208691,1.885057452,1,3.092556124
5079,1.201441015,0.3056282861,1.598918224,1,3.09273479
5080,0.5096679584,1.70965964,1.933969641,1,3.092913386
5081,0.1091738411,0.8588551159,1.997018045,1,3.093091911
5082,0.5456686974,0.6572893163,1.924122052,1,3.093270366
5083,0.4846985949,0.2750165944,1.940378126,1,3.093448751
5084,0.9684966084,1.527691037,1.749861229,1,3.093627065
5085,1.423299618,0.609309473,1.405068752,1,3.09380531
5086,1.875372674,0.786133174,0.6949657074,0,3.093197011
5087,1.499762999,0.5667486474,1.323144341,1,3.09337527
5088,0.2230414274,0.1219440031,1.987524219,1,3.093553459
5089,0.06729468114,1.551198262,1.998867536,1,3.093731578
5090,1.674502518,1.90037755,1.093636739,0,3.093123772
5091,1.393332302,1.366633283,1.43479096,1,3.093301905
5092,1.544005579,0.7104872058,1.271238283,1,3.093479969
5093,0.785118952,0.3198407569,1.839453242,1,3.093657962
5094,1.348397607,1.925338649,1.477099825,0,3.093050648
5095,0.761997726,1.552973079,1.849151012,1,3.093228656
5096,0.336357543,0.8675249327,1.971513024,1,3.093406593
5097,0.5353821497,1.11867458,1.927009588,1,3.093584461
5098,0.01001252989,1.456371497,1.999974937,1,3.09376226
5099,0.3691285616,1.40097536,1.965640889,1,3.093939988
5100,0.01609062238,0.0669160712,1.999935272,1,3.094117647
5101,1.391910709,1.254740896,1.436170108,1,3.094295236
5102,1.952296328,1.75589886,0.4342108353,0,3.09368875
5103,0.4865784114,1.951502882,1.939907588,0,3.0930825
5104,1.35940267,0.3157380673,1.466977976,1,3.093260188
5105,0.387516569,1.997102712,1.962098598,0,3.092654261
5106,0.5287143484,0.5937748685,1.928849693,1,3.092831962
5107,0.9026533205,0.2449457198,1.78471762,1,3.093009595
5108,0.08131672765,0.8378051427,1.998346214,1,3.093187157
5109,1.156662564,1.671673569,1.63160403,0,3.092581719
5110,1.176684633,1.913746165,1.61722394,0,3.091976517
5111,1.912007497,0.7837751213,0.5867088998,0,3.091371552
5112,1.037671275,1.993647098,1.70974803,0,3.090766823
5113,1.46475332,0.4034564431,1.361799439,1,3.090944651
5114,1.63192544,0.6710943177,1.156209047,1,3.091122409
5115,0.1162164281,1.077408575,1.99662058,1,3.091300098
5116,0.8922026196,0.04699036953,1.78996494,1,3.091477717
5117,0.005090104636,0.6553252402,1.999993523,1,3.091655267
5118,0.1554036339,1.914962025,1.993953287,1,3.091832747
5119,1.147843552,1.597759418,1.637820253,1,3.092010158
5120,0.08731724776,0.274991325,1.998093015,1,3.0921875
5121,0.6318353875,0.5628659863,1.897573198,1,3.092364773
5122,0.376985494,1.579338803,1.964149164,1,3.092541976
5123,0.6112527284,0.7819685553,1.904303049,1,3.09271911
5124,1.963615116,0.7702220291,0.3797573917,0,3.092115535
5125,0.6010945805,0.4381571012,1.907533828,1,3.092292683
5126,0.6498128685,0.8393345236,1.89149233,1,3.092469762
5127,1.964268009,0.2050897185,0.3763657655,1,3.092646772
5128,0.2753297154,1.643909664,1.980957735,1,3.092823713
5129,0.7625440292,0.1572735243,1.848925797,1,3.093000585
5130,1.126848643,0.4952282269,1.652335358,1,3.093177388
5131,0.1065257155,1.591890939,1.997161053,1,3.093354122
5132,1.344709799,0.1817422231,1.480457888,1,3.093530787
5133,1.48502126,1.339029975,1.339668562,1,3.093707384
5134,0.4043905884,0.6415614193,1.958690443,1,3.093883911
5135,0.8125578584,1.18832031,1.827498215,1,3.09406037
5136,0.5399344594,1.398841164,1.925739022,1,3.09423676
5137,0.6303161943,1.285006485,1.898078369,1,3.094413082
5138,1.598735162,1.760101367,1.201684602,0,3.093810821
5139,0.9563143783,1.175303281,1.75654855,1,3.093987157
5140,1.017181636,1.814206377,1.722016701,0,3.093385214
5141,1.676353823,0.8020731386,1.090796893,1,3.093561564
5142,1.412556836,0.7034997821,1.41586835,1,3.093737845
5143,0.5710520624,1.399911361,1.916741908,1,3.093914058
5144,1.496685753,1.329227135,1.326624196,0,3.093312597
5145,0.8694476824,0.2626453814,1.801127627,1,3.093488824
5146,0.71610732,1.790638467,1.867402021,1,3.093664983
5147,0.6510197504,0.5983285743,1.891077282,1,3.093841072
5148,0.8315647118,0.1110754387,1.818928292,1,3.094017094
5149,1.146326677,1.76379543,1.638882286,0,3.093416197
5150,0.4342374665,1.340476444,1.952290404,1,3.093592233
5151,0.7070241134,1.142738178,1.870859937,1,3.0937682
5152,0.3877559119,1.421322586,1.962051312,1,3.093944099
5153,0.6263575481,1.679599092,1.899388381,1,3.09411993
5154,0.762263225,1.562473542,1.849041583,1,3.094295693
5155,0.4805225655,1.107121715,1.94141651,1,3.094471387
5156,0.302204581,0.5462032648,1.977036265,1,3.094647013
5157,1.356810274,0.5924644697,1.469376018,1,3.094822571
5158,1.905474527,1.0471538,0.6075910043,0,3.094222567
5159,1.903775871,0.8274706289,0.6128926776,0,3.093622795
5160,1.418005344,0.5828048795,1.410411587,1,3.09379845
5161,1.44745796,1.761734582,1.380168632,0,3.093198992
5162,0.0240230894,1.708409429,1.999855718,1,3.093374661
5163,0.7540432579,1.620801565,1.852408909,1,3.093550261
5164,1.707439818,1.809208245,1.041464962,0,3.092951201
5165,1.093613841,0.0946936831,1.674517473,1,3.093126815
5166,1.070450432,1.674969938,1.689418797,1,3.093302362
5167,1.116940207,0.7148156211,1.659049298,1,3.09347784
5168,0.1895879969,0.2362229584,1.99099382,1,3.093653251
5169,0.8328641441,0.6381257771,1.818333665,1,3.093828594
5170,0.7404313803,0.9334152925,1.857891647,1,3.094003868
5171,1.351208018,0.07771600642,1.47452938,1,3.094179076
5172,1.372360436,0.774353378,1.454863167,1,3.094354215
5173,1.830894819,0.2531532034,0.8048752465,1,3.094529287
5174,0.5400727757,0.5791661928,1.925700235,1,3.094704291
5175,1.33325078,0.4605969314,1.490785818,1,3.094879227
5176,1.042640303,0.09567734104,1.706722355,1,3.095054096
5177,1.403446541,1.260377827,1.424899227,1,3.095228897
5178,1.830486729,0.1342418599,0.8058029124,1,3.095403631
5179,0.607451287,0.1112892194,1.905519072,1,3.095578297
5180,1.588589501,1.669904502,1.215065183,0,3.094980695
5181,1.955905084,1.187481569,0.4176545248,0,3.094383324
5182,0.5334416988,0.294718071,1.927547653,1,3.094558086
5183,1.086835705,0.3896332273,1.6789247,1,3.09473278
5184,0.23243424,1.034869714,1.986447665,1,3.094907407
5185,0.8227018857,0.8271135806,1.822954088,1,3.095081967
5186,1.566766779,0.4219222934,1.243077576,1,3.09525646
5187,1.17336774,0.04984227877,1.619632102,1,3.095430885
5188,0.01008005842,0.818925768,1.999974598,1,3.095605243
5189,0.5441247572,0.377979925,1.924559235,1,3.095779534
5190,0.4116488904,0.5391227137,1.957177864,1,3.095953757
5191,0.6768778024,1.582174031,1.881976738,1,3.096127914
5192,0.05249734747,1.702143299,1.999310888,1,3.096302003
5193,1.417284757,1.746779019,1.411135684,0,3.095705758
5194,0.4981475482,0.5768958221,1.936969029,1,3.095879861
5195,1.77789142,1.613949132,0.9160251621,0,3.095283927
5196,1.87724961,1.861103106,0.6898796284,0,3.094688222
5197,1.722674643,0.005306133032,1.016066964,1,3.094862421
5198,0.2885173603,0.04419129498,1.979080022,1,3.095036553
5199,1.618151714,1.036483042,1.175408453,1,3.095210617
5200,0.8464007134,1.086070003,1.812072248,1,3.095384615
5201,0.210163248,1.108743516,1.988927201,1,3.095558546
5202,1.403728403,1.001173003,1.424621554,1,3.095732411
5203,1.287668958,1.469850029,1.53032959,1,3.095906208
5204,0.7867704436,1.807839921,1.838747473,1,3.096079939
5205,0.9245652238,1.286899518,1.773465293,1,3.096253602
5206,0.4376726345,0.3412761423,1.951523165,1,3.096427199
5207,0.9165992921,0.2660354129,1.777595493,1,3.09660073
5208,0.6154577046,0.4122190453,1.90294819,1,3.096774194
5209,0.0293473315,0.02639934386,1.999784672,1,3.096947591
5210,1.812415857,1.028086455,0.8456646857,0,3.096353167
5211,0.6130747181,0.8048888508,1.903717256,1,3.096526578
5212,0.2747425773,1.242654033,1.981039252,1,3.096699923
5213,1.804583874,0.9756623531,0.8622511481,0,3.096105889
5214,1.9836976,0.9627993547,0.2548407951,0,3.095512083
5215,0.7111133861,0.4838077757,1.869309432,1,3.095685523
5216,0.51684204,1.675149002,1.932064778,1,3.095858896
5217,0.08035612236,0.5332218561,1.998385071,1,3.096032202
5218,1.823273536,0.5871484844,0.8219936829,1,3.096205443
5219,0.1454994531,1.563467881,1.994700456,1,3.096378617
5220,0.08312433739,0.3907375534,1.998271839,1,3.096551724
5221,1.31122502,0.6485403136,1.510195003,1,3.096724765
5222,1.791549629,1.434853643,0.8890162693,0,3.09613175
5223,0.1890842513,1.434594115,1.991041724,1,3.096304806
5224,0.8499544158,0.04481212091,1.810408101,1,3.096477795
5225,0.09232232165,1.02725815,1.997868011,1,3.096650718
5226,1.525029468,1.260690936,1.2939417,1,3.096823574
5227,0.3896294041,0.2582096788,1.961680129,1,3.096996365
5228,1.935191774,0.2803423282,0.5050077205,1,3.09716909
5229,1.034591897,0.4731188017,1.711613159,1,3.097341748
5230,0.3807986939,0.5639751542,1.963413445,1,3.09751434
5231,0.3470345043,0.6723085163,1.969661659,1,3.097686867
5232,1.467607134,0.511835287,1.358723408,1,3.097859327
5233,1.352853645,1.790673651,1.473019693,0,3.097267342
5234,1.599661113,1.032750103,1.200451717,1,3.097439817
5235,1.200877372,0.716575764,1.599341595,1,3.097612225
5236,0.7013762096,0.06070748913,1.872984627,1,3.097784568
5237,1.48858744,0.8989032445,1.335704846,1,3.097956846
5238,1.664259335,1.973768596,1.109162236,0,3.097365407
5239,1.549862479,0.4083795375,1.264091095,1,3.097537698
5240,1.923627496,0.8103876166,0.5474095872,0,3.096946565
5241,0.6861710189,0.1153699613,1.87860835,1,3.09711887
5242,0.7425529876,1.582330122,1.857044712,1,3.09729111
5243,0.9592541602,1.018358209,1.754944858,1,3.097463284
5244,1.092836515,0.8755508182,1.675024881,1,3.097635393
5245,1.294430725,0.2145710756,1.524614409,1,3.097807436
5246,0.6628289885,1.091804096,1.886970517,1,3.097979413
5247,0.1921751112,1.851817947,1.990745771,1,3.098151325
5248,1.427954044,1.601615972,1.400338262,0,3.097560976
5249,1.780642483,0.7047047679,0.9106658815,1,3.097732902
5250,0.7591661896,0.8874382456,1.850315297,1,3.097904762
5251,0.03388062374,1.48111064,1.999713005,1,3.098076557
5252,0.3161421389,1.799817395,1.974855475,1,3.098248286
5253,1.138570922,0.2389889291,1.64427986,1,3.098419951
5254,1.984900669,0.2133807551,0.2452943855,1,3.098591549
5255,1.874692703,1.450352195,0.6967978688,0,3.098001903
5256,0.5794749496,0.3444592818,1.914212314,1,3.098173516
5257,0.2848019348,0.0918186916,1.979618109,1,3.098345064
5258,0.8220869095,1.138702534,1.823231503,1,3.098516546
5259,0.6153766982,1.18021339,1.902974387,1,3.098687963
5260,1.394607254,1.467765883,1.433551745,0,3.098098859
5261,1.004524802,1.116077473,1.72943052,1,3.098270291
5262,0.9951390703,0.3318362492,1.734848187,1,3.098441657
5263,1.298199351,0.3767099566,1.521406732,1,3.098612958
5264,0.9667064044,1.73350621,1.750850858,1,3.098784195
5265,1.405762821,1.447687938,1.422614105,0,3.098195632
5266,0.9116960926,1.175405654,1.780115231,1,3.098366882
5267,0.58658054,1.385263559,1.91204688,1,3.098538067
5268,1.408440141,1.571422675,1.419963509,0,3.097949886
5269,1.311995649,1.952814975,1.50952556,0,3.097361928
5270,0.4402321536,1.833169074,1.950947373,1,3.097533207
5271,0.1333747349,1.296173708,1.99554784,1,3.09770442
5272,1.070751747,1.07892532,1.68922784,1,3.097875569
5273,1.564062129,1.552372197,1.246478904,0,3.097288071
5274,1.628352422,1.819680957,1.161235716,0,3.096700796
5275,1.71082339,0.3955967913,1.035897354,1,3.096872038
5276,1.678082147,1.713256854,1.088136162,0,3.096285064
5277,0.7522336182,0.859363932,1.853144512,1,3.09645632
5278,0.427098743,1.329199581,1.953864546,1,3.09662751
5279,1.493071537,1.996275172,1.330690567,0,3.096040917
5280,1.014891199,0.2386482798,1.723367591,1,3.096212121
5281,0.4689279872,0.2991199822,1.944249609,1,3.096383261
5282,0.2435169742,1.762673944,1.985119514,1,3.096554335
5283,1.248575523,0.9929114359,1.562388928,1,3.096725345
5284,1.007847542,0.8269148798,1.727496261,1,3.096896291
5285,0.6936574969,0.9767834149,1.875856945,1,3.097067171
5286,1.393619076,1.707312709,1.434512415,0,3.096481271
5287,1.83499995,0.4686848677,0.7954716726,1,3.096652166
5288,1.32242343,1.172962131,1.500398704,1,3.096822995
5289,0.8181575695,0.6779463223,1.824998135,1,3.096993761
5290,0.2784518426,0.4501814649,1.980521288,1,3.097164461
5291,1.516709556,0.6868821478,1.303684058,1,3.097335097
5292,1.691513343,1.435504024,1.067137578,0,3.096749811
5293,0.005028516838,1.606787244,1.999993678,1,3.096920461
5294,1.279150975,1.645018752,1.537456595,0,3.096335474
5295,1.065480621,0.03326815513,1.692557546,1,3.096506138
5296,0.220505322,0.3487690635,1.987807185,1,3.096676737
5297,0.461808136,1.355180577,1.945953043,1,3.096847272
5298,1.7047271,0.7410287054,1.04589938,1,3.097017743
5299,0.434822035,1.832710944,1.95216029,1,3.097188149
5300,1.860988073,0.4251190577,0.7326140812,1,3.097358491
5301,1.495105818,0.6924256706,1.328404529,1,3.097528768
5302,0.8212943665,0.04105301328,1.82358865,1,3.097698982
5303,0.1023808958,1.247922734,1.997377819,1,3.097869131
5304,1.810158858,0.8909867982,0.850485102,0,3.097285068
5305,1.593630592,0.4267432984,1.208445918,1,3.097455231
5306,1.497196332,0.2095070298,1.326047942,1,3.09762533
5307,1.371871452,1.581005835,1.455324266,0,3.097041643
5308,1.350207338,0.2446870164,1.475445745,1,3.097211756
5309,1.318723778,0.172597292,1.503651421,1,3.097381804
5310,1.768764232,0.9947694206,0.9335272309,0,3.096798493
5311,0.4468027167,1.202648026,1.949453085,1,3.096968556
5312,1.316067097,1.029510591,1.505977223,1,3.097138554
5313,1.791231137,1.025261366,0.8896578078,0,3.096555618
5314,0.2631733073,1.751423606,1.982609344,1,3.09672563
5315,0.6130748174,1.494222834,1.903717224,1,3.096895579
5316,0.5603477915,0.8912680097,1.919898527,1,3.097065463
5317,1.292367974,1.224341426,1.526363332,1,3.097235283
5318,0.1012984084,1.989494696,1.997433011,1,3.097405039
5319,1.088832605,1.451961399,1.67763034,1,3.097574732
5320,0.9333111119,0.06327839296,1.76887828,1,3.097744361
5321,1.169302023,1.670996779,1.622569807,0,3.097162188
5322,0.8208590345,1.580901248,1.823784649,1,3.09733183
5323,1.425624499,0.6133718148,1.402709801,1,3.097501409
5324,1.346192554,0.7802122814,1.479109735,1,3.097670924
5325,0.7292525867,0.2518614327,1.862307887,1,3.097840376
5326,0.2669524999,1.237902821,1.982104024,1,3.098009763
5327,1.045253759,1.094040736,1.705123039,1,3.098179088
5328,1.629823617,1.45434713,1.159169952,0,3.097597598
5329,1.866744089,1.978537505,0.7178206645,0,3.097016326
5330,0.1000507018,0.7214083673,1.997495897,1,3.097185741
5331,0.7932223381,0.9591358042,1.835973399,1,3.097355093
5332,0.5023578382,1.791638501,1.93588135,1,3.097524381
5333,0.5790279672,1.066156414,1.914347569,1,3.097693606
5334,0.7645619499,1.341832603,1.848092266,1,3.097862767
5335,0.5075415384,1.336037816,1.934528776,1,3.098031865
5336,0.8157058693,0.02534337452,1.82609527,1,3.0982009
5337,1.670883539,1.373355043,1.09915795,0,3.097620386
5338,0.2649114313,0.7176563985,1.982377848,1,3.097789434
5339,1.714335269,1.885566553,1.030075039,0,3.097209215
5340,1.935427935,1.179786687,0.5041018826,0,3.096629213
5341,0.7315259676,1.017899733,1.861416063,1,3.096798352
5342,0.6320026724,1.8277251,1.897517489,1,3.096967428
5343,0.4302308305,1.290402394,1.953177266,1,3.09713644
5344,1.468013972,0.6981623565,1.358283836,1,3.097305389
5345,0.3940088,0.1585674856,1.960805208,1,3.097474275
5346,1.848898409,0.4088108024,0.762610434,1,3.097643098
5347,0.8842424933,1.933099128,1.793910592,0,3.097063774
5348,1.119709717,1.079182731,1.657181387,1,3.09723261
5349,1.258973362,1.6181909,1.554022546,0,3.09665358
5350,1.646282663,0.2653049058,1.135673102,1,3.09682243
5351,0.2579717419,1.181965003,1.983292863,1,3.096991217
5352,0.4487131516,1.180185882,1.94901424,1,3.09715994
5353,0.4299362944,1.714422826,1.953242121,1,3.097328601
5354,0.8324671965,0.9819746373,1.818515429,1,3.097497198
5355,1.142658175,1.8001686,1.641442139,0,3.096918768
5356,0.4248932746,1.967476961,1.954345339,0,3.096340553
5357,1.353274635,1.664156326,1.472632935,0,3.095762554
5358,0.5508434919,0.2530557262,1.92264699,1,3.095931318
5359,1.449716163,0.03712487127,1.377796446,1,3.096100019
5360,1.255069345,0.9114825053,1.557177235,1,3.096268657
5361,1.877954808,0.4030933612,0.687957657,1,3.096437232
5362,0.0001324080401,0.7560085631,1.999999996,1,3.096605744
5363,1.802519114,0.5829347055,0.8665591973,1,3.096774194
5364,0.9864959319,0.3610991208,1.739777508,1,3.09694258
5365,1.370363734,1.873081446,1.456744053,0,3.096365331
5366,1.136542444,1.689798388,1.645682616,0,3.095788297
5367,1.435148466,1.623694576,1.392964063,0,3.095211478
5368,1.186810991,1.628071418,1.60980734,0,3.094634873
5369,0.7962785119,1.569559464,1.834649975,1,3.094803502
5370,0.6870911432,1.88967687,1.878272015,0,3.094227188
5371,0.5441622646,1.697467713,1.92454863,1,3.094395829
5372,0.008153392096,0.4181394554,1.99998338,1,3.094564408
5373,1.181613013,0.8328475126,1.613626564,1,3.094732924
5374,1.50496049,1.897813938,1.31722964,0,3.094157052
5375,1.261835601,0.885220693,1.551699364,1,3.094325581
5376,1.594675956,1.859449403,1.207066111,0,3.09375
5377,0.7613103026,0.8545154299,1.849434136,1,3.093918542
5378,1.281532214,1.330523808,1.5354723,1,3.094087021
5379,1.550449079,1.475100185,1.263371542,0,3.093511805
5380,1.98984591,0.8546086381,0.201279042,0,3.092936803
5381,1.527429516,1.031670417,1.291107693,1,3.093105371
5382,1.524970801,0.7603543078,1.294010841,1,3.093273876
5383,1.44793877,0.6544887999,1.379664205,1,3.093442318
5384,1.57591563,1.914375625,1.231458456,0,3.092867756
5385,0.9915367329,1.706775078,1.736909585,1,3.093036212
5386,1.114895581,0.2947244904,1.660423995,1,3.093204605
5387,1.4723071,1.706478974,1.353629124,0,3.092630407
5388,1.108643494,0.3343612343,1.664604939,1,3.092798812
5389,1.516814039,0.3143805568,1.303562492,1,3.092967155
5390,0.4734580921,1.319043449,1.943151418,1,3.093135436
5391,1.673636853,1.015700992,1.094961042,1,3.093303654
5392,0.6994277472,1.707532486,1.873713112,1,3.09347181
5393,0.6613533102,1.065113158,1.887488225,1,3.093639904
5394,1.254688285,1.655435044,1.557484288,0,3.09306637
5395,0.1163296326,1.529658024,1.996613988,1,3.093234476
5396,1.028879786,1.069385869,1.715052881,1,3.09340252
5397,1.895573731,1.553478467,0.6378089304,0,3.09282935
5398,0.789994193,1.104169528,1.837364737,1,3.092997406
5399,0.5464846177,0.3622068512,1.923890476,1,3.093165401
5400,0.5194829499,0.9355361097,1.93135638,1,3.093333333
5401,0.1720333388,0.5466256639,1.992587396,1,3.093501203
5402,1.662032757,1.063748578,1.112495895,1,3.093669011
5403,1.716953447,0.01390772595,1.025705055,1,3.093836757
5404,1.115844165,0.7492843055,1.659786673,1,3.094004441
5405,0.007552563682,0.9489796995,1.99998574,1,3.094172063
5406,0.3503856625,0.597809283,1.969068279,1,3.094339623
5407,1.394046647,0.8250999615,1.434096909,1,3.09450712
5408,0.8064456897,1.592816707,1.830203636,1,3.094674556
5409,0.4976765236,1.993887664,1.937090106,0,3.094102422
5410,1.781662384,1.812820748,0.908668888,0,3.093530499
5411,1.14504575,0.6240178952,1.639777494,1,3.093698023
5412,1.100428087,0.3044703583,1.670047312,1,3.093865484
5413,1.851654392,1.359547445,0.7558941803,0,3.093293922
5414,1.43953395,1.300327943,1.388431492,1,3.093461396
5415,1.019642918,0.8366507539,1.720560467,1,3.093628809
5416,1.125833334,0.04165894601,1.653027315,1,3.09379616
5417,1.116468872,0.3702169989,1.659366523,1,3.093963448
5418,1.352165728,1.520396368,1.473651195,0,3.093392396
5419,1.996472929,1.06951271,0.1187259135,0,3.092821554
5420,1.048623716,1.516824741,1.703052642,1,3.09298893
5421,0.5925023798,1.399885184,1.910220126,1,3.093156244
5422,1.468977176,1.325706699,1.357242077,1,3.093323497
5423,0.04523071685,1.078903624,1.99948848,1,3.093490688
5424,1.087319822,1.036718411,1.678611213,1,3.093657817
5425,0.1306574263,0.9743797262,1.995727596,1,3.093824885
5426,0.5936259461,1.027675529,1.909871262,1,3.093991891
5427,1.107571631,0.02413305351,1.665318312,1,3.094158835
5428,0.3423139107,1.524893576,1.97048755,1,3.094325718
5429,0.2721706951,1.852601875,1.981394235,1,3.09449254
5430,1.290121701,1.969359339,1.528262411,0,3.093922652
5431,1.294302801,1.311756818,1.52472301,1,3.094089486
5432,1.677212341,1.961638413,1.089476371,0,3.093519882
5433,0.7571416051,0.8851377857,1.85114467,1,3.093686729
5434,1.267915603,1.110230436,1.546735279,1,3.093853515
5435,0.8548580216,1.110717655,1.80809783,1,3.094020239
5436,0.8765022616,1.903029795,1.797705144,0,3.093451067
5437,1.102063219,1.259096301,1.668968742,1,3.093617804
5438,1.520822934,0.9379242427,1.298883214,1,3.09378448
5439,1.320352811,0.8795749245,1.502221174,1,3.093951094
5440,1.482410706,0.4688527223,1.342556702,1,3.094117647
5441,1.885326796,0.7626878484,0.6674899786,0,3.09354898
5442,0.7913234436,0.9763172419,1.836792641,1,3.093715546
5443,1.828296828,0.2458402519,0.8107593401,1,3.09388205
5444,0.5671099823,1.031835369,1.917911955,1,3.094048494
5445,1.599597548,1.187536532,1.200536416,1,3.094214876
5446,1.542956666,0.1372600451,1.272511189,1,3.094381197
5447,0.1494608761,0.7516364599,1.994407543,1,3.094547457
5448,1.359999254,1.877727774,1.466424915,0,3.093979442
5449,0.4686648221,0.812561152,1.944313062,1,3.094145715
5450,1.063271662,0.04108481911,1.693946095,1,3.094311927
5451,0.5841045605,1.373594781,1.912804711,1,3.094478077
5452,0.9276685009,0.2415113361,1.771843998,1,3.094644167
5453,0.08667344871,1.990775251,1.998121046,1,3.094810196
5454,0.6567151941,0.4208894831,1.889106973,1,3.094976164
5455,1.188654852,1.91964975,1.608446344,0,3.094408799
5456,0.5415448984,0.9566067728,1.925286764,1,3.09457478
5457,0.08698571268,1.93536788,1.998107476,1,3.0947407
5458,0.7790242816,1.500182934,1.842042662,1,3.094906559
5459,0.6979675177,0.7836650724,1.874257545,1,3.095072358
5460,0.0564812652,0.3345998369,1.999202308,1,3.095238095
5461,1.344981992,1.580433762,1.480210607,0,3.094671306
5462,1.007304473,0.7457902073,1.727812981,1,3.094837056
5463,0.5575872345,0.2920214356,1.920702079,1,3.095002746
5464,0.3716246881,1.573053359,1.965170499,1,3.095168375
5465,0.7479418146,1.826827555,1.85488087,1,3.095333943
5466,1.993228556,0.6916674126,0.1644382082,0,3.094767655
5467,1.787451277,0.7284159538,0.8972279154,1,3.094933236
5468,0.4615932043,0.1374752295,1.946004037,1,3.095098756
5469,1.106209453,1.970944684,1.666223468,0,3.094532821
5470,0.5816113481,1.351958142,1.913564276,1,3.094698355
5471,0.9215253984,0.5593743899,1.775046743,1,3.094863827
5472,1.88774444,0.8626826448,0.6606216224,0,3.094298246
5473,1.867312749,0.8600124212,0.7163400709,0,3.09373287
5474,0.6210908536,0.154983223,1.90111708,1,3.093898429
5475,1.257796098,1.7370201,1.554975555,0,3.093333333
5476,1.014512135,0.709128212,1.723590766,1,3.093498904
5477,1.907237254,0.7260093483,0.6020349289,0,3.092934088
5478,1.906305455,1.76837707,0.6049789339,0,3.092369478
5479,0.2870949674,0.3815266438,1.979286861,1,3.092535134
5480,1.682583389,1.755040105,1.081162864,0,3.091970803
5481,0.220668,0.3542482473,1.987789132,1,3.092136471
5482,1.817601633,0.006596396407,0.8344604863,1,3.09230208
5483,1.913657523,1.194217202,0.581304468,0,3.0917381
5484,0.8807105058,1.206306969,1.795647238,1,3.09190372
5485,0.4170821515,1.813074497,1.956027218,1,3.09206928
5486,0.9200994421,1.140073632,1.775786309,1,3.092234779
5487,0.8184085899,0.1083509983,1.82488558,1,3.092400219
5488,0.7922727232,0.1876566635,1.836383384,1,3.092565598
5489,0.6616972243,1.580192766,1.887367686,1,3.092730916
5490,0.5104896127,0.2329088904,1.93375292,1,3.092896175
5491,0.6909141619,1.186730521,1.876869101,1,3.093061373
5492,1.272018541,1.156617698,1.543362832,1,3.093226511
5493,0.6567355911,0.3553787599,1.889099882,1,3.093391589
5494,0.2222471229,0.2290084887,1.987613196,1,3.093556607
5495,0.4740151263,0.6657896298,1.94301561,1,3.093721565
5496,1.829155888,1.818786662,0.8088193488,0,3.093158661
5497,0.9610045785,1.208921929,1.753986944,1,3.093323631
5498,0.01914449966,0.1373908244,1.99990837,1,3.093488541
5499,0.003209774771,1.491878923,1.999997424,1,3.093653392
5500,0.2608086336,1.892629514,1.982921798,1,3.093818182
5501,0.7440316848,1.690063302,1.856452761,1,3.093982912
5502,1.630670034,0.9765597213,1.157978946,1,3.094147583
5503,1.33767264,1.589598304,1.486819394,0,3.093585317
5504,1.483271306,0.9279145436,1.341605842,1,3.09375
5505,1.738822054,0.5335086811,0.9881790656,1,3.093914623
5506,0.3888219259,1.022320541,1.961840338,1,3.094079186
5507,0.09555704398,1.406723832,1.997715909,1,3.09424369
5508,1.797573111,0.1874421663,0.8767730101,1,3.094408134
5509,1.152509653,0.8541092018,1.634540149,1,3.094572518
5510,1.801580032,1.385758238,0.8685098674,0,3.094010889
5511,0.2860518732,0.1487803907,1.979437881,1,3.094175286
5512,1.535245657,0.5958425051,1.281803719,1,3.094339623
5513,1.18655148,0.4819915759,1.609998629,1,3.0945039
5514,0.8392994051,1.613519498,1.815372278,1,3.094668118
5515,1.271629027,1.935968772,1.543683782,0,3.094106981
5516,0.2381599417,0.2541370617,1.985769333,1,3.094271211
5517,0.1008063844,1.835147801,1.997457903,1,3.094435382
5518,1.712738085,1.450098986,1.032728547,0,3.093874592
5519,1.092128384,0.08742325823,1.675486674,1,3.094038775
5520,0.9986722119,0.5280772807,1.732816728,1,3.094202899
5521,0.163357602,0.9724048533,1.993317409,1,3.094366963
5522,1.911632822,1.885953354,0.5879285283,0,3.093806592
5523,0.2900292981,0.4049696694,1.978859016,1,3.093970668
5524,1.375534248,1.873557221,1.451862781,0,3.093410572
5525,1.972969428,0.1812001877,0.3277066341,1,3.093574661
5526,0.1791135809,1.564931102,1.991963435,1,3.09373869
5527,0.3790087249,0.9931913647,1.963759758,1,3.09390266
5528,0.7315083211,0.7560748366,1.861422998,1,3.09406657
5529,1.481006481,1.907594299,1.344105577,0,3.093506963
5530,1.835319796,0.4709606685,0.794733444,1,3.093670886
5531,1.486331404,0.6790557004,1.33821484,1,3.09383475
5532,1.316146014,1.802886443,1.505908254,0,3.093275488
5533,0.6335654323,1.943916354,1.896996269,0,3.092716429
5534,1.1717397,1.974366134,1.620810314,0,3.092157571
5535,0.7406675542,1.335712727,1.857797506,1,3.09232159
5536,1.491997277,0.1818879255,1.331894938,1,3.092485549
5537,0.6260807177,1.359383903,1.899479648,1,3.092649449
5538,1.523579345,0.4705320074,1.295648864,1,3.09281329
5539,1.423503471,1.076202962,1.404862224,1,3.092977072
5540,0.7004689477,1.048724141,1.873324119,1,3.093140794
5541,0.152711131,0.2780987169,1.994161305,1,3.093304458
5542,1.154424139,1.968556925,1.633188571,0,3.092746301
5543,1.103717532,1.532810104,1.667875178,1,3.092909977
5544,1.624759249,1.933490983,1.166257854,0,3.092352092
5545,0.06667079196,1.530725053,1.998888442,1,3.09251578
5546,0.6660240201,1.147833237,1.88584517,1,3.092679409
5547,1.273670898,1.306889655,1.541999495,1,3.092842978
5548,0.2881987617,1.983013003,1.979126442,0,3.092285508
5549,1.433697317,1.28175434,1.394457602,1,3.09244909
5550,0.4430040233,0.1281627089,1.950319829,1,3.092612613
5551,1.766385002,1.614610063,0.9380213349,0,3.092055485
5552,0.7173951122,1.521021066,1.866907671,1,3.09221902
5553,1.548480289,0.994032205,1.265783866,1,3.092382496
5554,0.9020980599,1.761879119,1.784998345,1,3.092545913
5555,1.119508866,1.19422006,1.657317079,1,3.092709271
5556,1.640420875,1.639780129,1.144123836,0,3.092152628
5557,0.8928580813,0.3830487515,1.789638077,1,3.092315998
5558,0.742363686,0.4956936188,1.857120394,1,3.092479309
5559,0.5433445999,0.5062861516,1.924779636,1,3.092642562
5560,0.8430716095,1.973813871,1.813623517,0,3.092086331
5561,0.1743435627,1.417601209,1.99238659,1,3.092249595
5562,0.1781807718,0.8770584943,1.992047091,1,3.092412801
5563,0.3958750691,0.6512571321,1.960429272,1,3.092575948
5564,0.7573254095,0.3082123413,1.851069481,1,3.092739037
5565,1.269993118,1.388700779,1.545029929,1,3.092902066
5566,0.7763072054,1.30938244,1.843189389,1,3.093065038
5567,1.740529033,1.085689009,0.9851693685,0,3.092509431
5568,1.164102022,1.571261026,1.626304548,1,3.092672414
5569,0.6947865654,0.1360116841,1.87543905,1,3.092835338
5570,0.07306919183,1.833084399,1.998664778,1,3.092998205
5571,0.2219017626,1.632034125,1.987651782,1,3.093161012
5572,1.764329842,1.443857201,0.9418812066,0,3.092605887
5573,0.3647850864,0.0342689702,1.966451586,1,3.092768706
5574,0.6792928565,0.6445813696,1.881106381,1,3.092931468
5575,1.290196221,0.3647452139,1.5281995,1,3.09309417
5576,0.1624357138,1.816184611,1.993392746,1,3.093256815
5577,1.541828996,0.2131801007,1.273877288,1,3.093419401
5578,1.459829322,1.059886983,1.367076571,1,3.093581929
5579,0.807419012,1.763715563,1.82977445,1,3.093744399
5580,1.969871511,0.5525977863,0.3458413358,0,3.093189964
5581,1.804668644,1.950438924,0.8620737114,0,3.092635728
5582,0.9656008285,1.843425632,1.75146083,0,3.092081691
5583,0.4053914724,1.757976186,1.958483534,1,3.092244313
5584,1.561268715,1.745343921,1.249975999,0,3.091690544
5585,0.2120457906,0.8120059445,1.988727378,1,3.091853178
5586,1.324823925,1.061386633,1.498279536,1,3.092015754
5587,1.336172225,1.838821441,1.488167929,0,3.091462323
5588,0.743398494,0.1968241669,1.856706406,1,3.091624911
5589,0.8652779495,0.271918834,1.803134512,1,3.09178744
5590,0.797361734,0.8519841561,1.834179453,1,3.091949911
5591,1.232361964,0.2797554353,1.575209189,1,3.092112323
5592,1.796858605,0.781630383,0.8782363874,1,3.092274678
5593,1.557679564,0.5174303505,1.254445844,1,3.092436975
5594,1.189686875,1.592541406,1.607683159,1,3.092599213
5595,1.909935821,0.3653515284,0.5934182005,1,3.092761394
5596,0.8570079075,1.555514369,1.807079812,1,3.092923517
5597,1.0583064,0.02683563693,1.69705261,1,3.093085582
5598,0.0005073830928,0.1314528991,1.999999936,1,3.093247588
5599,1.549450018,1.863485962,1.264596633,0,3.092695124
5600,0.7541347982,0.3887499869,1.852371644,1,3.092857143
5601,1.420181273,0.2556290579,1.408220562,1,3.093019104
5602,0.1534756259,0.7110553647,1.994102613,1,3.093181007
5603,0.7425785987,0.814797423,1.857034471,1,3.093342852
5604,1.44876082,1.475026325,1.37880096,0,3.092790864
5605,1.20696342,1.632141202,1.594753681,0,3.092239072
5606,1.771497631,1.757016487,0.9283297597,0,3.091687478
5607,0.8502213438,1.33173525,1.810282759,1,3.091849474
5608,1.456368572,1.947084412,1.370762774,0,3.091298146
5609,0.0207719954,0.9486922708,1.999892128,1,3.091460153
5610,0.09814163556,1.69877648,1.997590604,1,3.091622103
5611,0.7006240207,1.442262008,1.873266127,1,3.091783996
5612,0.2018305038,1.010405405,1.989790051,1,3.09194583
5613,0.7816248547,1.007671327,1.84094068,1,3.092107607
5614,1.435711941,0.4062516666,1.392383289,1,3.092269327
5615,0.42400288,1.39791253,1.954538707,1,3.092430988
5616,0.6287779563,0.6387701904,1.898588497,1,3.092592593
5617,1.226753409,1.119537514,1.57958098,1,3.092754139
5618,0.769841547,0.5291236741,1.845899237,1,3.092915628
5619,0.3727115893,0.9561541072,1.964964649,1,3.09307706
5620,1.681184184,0.03002467156,1.083337316,1,3.093238434
5621,0.8286285598,1.890953613,1.820267758,0,3.092688134
5622,0.7718782333,1.196696186,1.845048507,1,3.09284952
5623,0.5469637029,1.490868643,1.923754326,1,3.093010848
5624,0.3231869054,1.984073991,1.973714828,0,3.092460882
5625,1.158215335,0.6366848759,1.630502142,1,3.092622222
5626,0.210912668,0.1768190559,1.988847869,1,3.092783505
5627,0.3675649891,0.6854756992,1.965933869,1,3.092944731
5628,1.289415962,0.06487357618,1.5288579,1,3.093105899
5629,1.429123469,0.544343335,1.399144778,1,3.09326701
5630,0.141407219,0.2918642303,1.994994736,1,3.093428064
5631,0.5053335303,0.6182663576,1.935106721,1,3.093589061
5632,1.865125355,0.2132348162,0.7220162124,1,3.09375
5633,1.781357254,1.745411873,0.9092669209,0,3.093200781
5634,0.3711588197,0.3412270622,1.96525854,1,3.093361732
5635,1.834644025,0.1939251572,0.7962922201,1,3.093522626
5636,0.02529708297,0.648328166,1.999840008,1,3.093683463
5637,0.2835827767,1.065004745,1.979793123,1,3.093844243
5638,0.9367966198,1.962203744,1.767034831,0,3.093295495
5639,0.4377338916,1.5138952,1.951509426,1,3.093456287
5640,0.1050499481,0.1864030601,1.997239222,1,3.093617021
5641,1.589759387,0.423594238,1.213534133,1,3.093777699
5642,1.822234044,1.882685663,0.8242955113,0,3.093229351
5643,0.6106949542,0.9555039115,1.904481996,1,3.093390041
5644,0.1389306144,1.533155605,1.995168736,1,3.093550673
5645,0.1583849638,0.08828059744,1.993718687,1,3.093711249
5646,1.992559693,1.389453351,0.1723539121,0,3.093163301
5647,1.72798519,1.124627586,1.007009028,0,3.092615548
5648,1.618943745,1.99719163,1.174317313,0,3.092067989
5649,0.9208784156,0.2831434909,1.775382478,1,3.092228713
5650,0.5722607697,1.330012292,1.916381385,1,3.092389381
5651,1.626000925,1.863767983,1.164526081,0,3.091842152
5652,0.2370600457,1.225905651,1.985900938,1,3.092002831
5653,1.544669693,0.476827399,1.270431242,1,3.092163453
5654,0.5180598085,0.9050883408,1.931738604,1,3.092324018
5655,1.674153691,1.966296086,1.094170654,0,3.091777188
5656,0.05861835271,0.2501019775,1.999140788,1,3.091937765
5657,1.843855342,0.2199271214,0.7747241311,1,3.092098285
5658,0.8996875682,0.5550775027,1.786214511,1,3.092258749
5659,1.650076836,0.3249658307,1.13015328,1,3.092419155
5660,0.5078657376,1.380856403,1.934443691,1,3.092579505
5661,1.933014764,1.816910023,0.5132776256,0,3.09203321
5662,0.8227019732,1.803573306,1.822954049,1,3.092193571
5663,1.085278,0.8126910079,1.679932041,1,3.092353876
5664,0.4471502589,1.551917912,1.949373398,1,3.092514124
5665,0.6145690469,0.1305350288,1.903235373,1,3.092674316
5666,0.2600456495,1.885457809,1.983022002,1,3.092834451
5667,0.3872942697,0.6279625957,1.962142489,1,3.09299453
5668,0.4573713131,0.8493024078,1.947000637,1,3.093154552
5669,0.152552276,0.3128946997,1.994173464,1,3.093314518
5670,0.7161319255,0.5620339515,1.867392585,1,3.093474427
5671,1.914488691,1.623632908,0.5785611899,0,3.092928937
5672,1.819644203,1.898171544,0.8299969735,0,3.092383639
5673,1.801564505,0.05040083448,0.8685420736,1,3.092543628
5674,0.4705392277,1.16357164,1.943860292,1,3.09270356
5675,1.514459857,0.757412674,1.306296805,1,3.092863436
5676,0.1551508684,1.108465202,1.993972971,1,3.093023256
5677,1.928200541,0.2150672032,0.5310768996,1,3.093183019
5678,1.806629736,1.400093723,0.8579562905,0,3.092638253
5679,0.1596146031,1.547368418,1.993620621,1,3.092798028
5680,0.9815148401,0.8752518226,1.742592499,1,3.092957746
5681,0.1207709348,0.09548980224,1.996350265,1,3.093117409
5682,0.8399663391,1.587325005,1.815063787,1,3.093277015
5683,1.881951336,0.8789676798,0.6769484251,0,3.092732712
5684,0.3819661202,0.5544926104,1.963186665,1,3.092892329
5685,1.385508114,0.8915274412,1.442347831,1,3.093051891
5686,0.3597740453,0.1987193318,1.967374554,1,3.093211396
5687,1.411770512,0.2779175034,1.4166524,1,3.093370846
5688,0.6344821952,1.786807274,1.896689839,1,3.093530239
5689,0.1262621523,0.9522914086,1.996010488,1,3.093689576
5690,1.294550637,1.25466072,1.524512594,1,3.093848858
5691,1.840624361,1.209044736,0.7823694542,0,3.093305219
5692,0.9738746204,0.4070889845,1.746873843,1,3.093464512
5693,1.106035071,1.725688957,1.666339228,0,3.092921131
5694,0.4193522393,0.1622420501,1.955541792,1,3.093080436
5695,0.5134358155,1.410545527,1.932972753,1,3.093239684
5696,1.160783222,1.61960631,1.628675017,1,3.093398876
5697,1.081547027,0.2026126904,1.682336479,1,3.093558013
5698,0.9607668258,0.6348004598,1.754117187,1,3.093717094
5699,0.9076687185,0.4872017582,1.782172129,1,3.093876119
5700,1.10439518,0.77616734,1.667426546,1,3.094035088
5701,0.7690921558,0.4262617077,1.846211596,1,3.094194001
5702,1.071430825,0.01250614685,1.688797201,1,3.094352859
5703,0.2815293968,0.7469131786,1.980086159,1,3.094511661
5704,0.9247989508,1.913172734,1.773343424,0,3.093969144
5705,1.176781804,0.5826001493,1.617153235,1,3.094127958
5706,1.469353671,0.1088871658,1.356834474,1,3.094286716
5707,0.08518539994,0.3265933584,1.998185038,1,3.094445418
5708,1.595508407,0.3106195144,1.205965556,1,3.094604064
5709,1.742605572,0.3903362215,0.9814916308,1,3.094762655
5710,0.1214794114,1.074639054,1.996307279,1,3.094921191
5711,0.002560358022,0.7595568193,1.999998361,1,3.095079671
5712,0.8398394359,0.9534532467,1.815122509,1,3.095238095
5713,0.2064950652,1.691354719,1.989311385,1,3.095396464
5714,0.2599627247,0.2707630108,1.983032875,1,3.095554778
5715,1.601859672,1.322047254,1.197516426,0,3.095013123
5716,0.2724132892,0.9179158857,1.981360896,1,3.095171449
5717,0.130999829,0.5368454272,1.99570515,1,3.095329718
5718,0.153881043,0.9426101482,1.994071369,1,3.095487933
5719,0.9351454176,1.469734436,1.767909231,1,3.095646092
5720,0.3610400237,1.34491192,1.967142624,1,3.095804196
5721,0.9621386378,1.672263936,1.753365119,1,3.095962244
5722,1.296459621,0.1303351314,1.522889507,1,3.096120238
5723,1.78388794,0.8188201611,0.9042918873,1,3.096278176
5724,1.521064502,1.533406475,1.298600316,0,3.095737247
5725,0.9060597291,0.6403323988,1.782990681,1,3.095895197
5726,1.169300879,0.2156261251,1.622570632,1,3.096053091
5727,1.453820905,0.8012172962,1.373464516,1,3.096210931
5728,1.023914967,0.6034071515,1.718021577,1,3.096368715
5729,0.01646110799,0.1958307825,1.999932257,1,3.096526444
5730,0.6595969488,0.4443331377,1.888102716,1,3.096684119
5731,0.06933598944,0.3551523964,1.998797769,1,3.096841738
5732,1.458440735,1.125164045,1.368557863,1,3.096999302
5733,1.739120477,1.384873289,0.9876537692,0,3.096459096
5734,0.1426816849,1.843475265,1.994903992,1,3.096616672
5735,0.8493050327,0.8601201709,1.810712832,1,3.096774194
5736,1.543596629,1.900782059,1.271734818,0,3.09623431
5737,0.2484398696,0.8133017567,1.984509418,1,3.096391842
5738,0.7078469206,1.666322793,1.87054878,1,3.09654932
5739,0.03016233645,0.6927362373,1.999772545,1,3.096706743
5740,1.488253088,1.287350068,1.336077373,1,3.096864111
5741,0.4174392037,0.3005484792,1.95595105,1,3.097021425
5742,1.922012954,1.562085031,0.5530517183,0,3.096482062
5743,0.5017672401,0.9332070917,1.936034513,1,3.096639387
5744,0.1922579201,0.4672712619,1.990737776,1,3.096796657
5745,1.055907559,0.1610049018,1.69854621,1,3.096953873
5746,0.004649750273,1.291969096,1.999994595,1,3.097111034
5747,1.745393954,1.349550668,0.9765244212,0,3.096572125
5748,1.250202834,1.994913436,1.561087081,0,3.096033403
5749,1.010268313,0.290929232,1.726081671,1,3.096190642
5750,1.421095718,1.621164166,1.407297751,0,3.095652174
5751,0.8124493358,1.65881125,1.827546464,1,3.095809424
5752,1.974379022,0.2379975707,0.3191041779,1,3.09596662
5753,1.330227751,0.6461446842,1.49348389,1,3.096123762
5754,1.714691682,0.5221470976,1.029481634,1,3.096280848
5755,1.631586584,0.5245465508,1.156687174,1,3.09643788
5756,0.02531123545,0.1909009746,1.999839829,1,3.096594858
5757,1.222903211,1.054785503,1.58256366,1,3.09675178
5758,1.140407243,0.2590818679,1.643006793,1,3.096908649
5759,1.721552053,0.2010052426,1.017967843,1,3.097065463
5760,0.05300843187,0.3356364808,1.999297403,1,3.097222222
5761,1.271204033,1.455995562,1.544033778,1,3.097378927
5762,1.520306532,1.980837818,1.29948761,0,3.096841375
5763,1.438075079,1.793861546,1.389942469,0,3.096304008
5764,1.988178453,0.2446421669,0.2171323047,0,3.095766829
5765,1.895891122,1.955918579,0.6368648622,0,3.095229835
5766,0.4694720212,1.170611543,1.944118315,1,3.09538675
5767,0.4278459527,1.368933448,1.953701062,1,3.09554361
5768,0.9579226483,1.071134677,1.755672008,1,3.095700416
5769,1.686868272,1.871268572,1.074465185,0,3.095163807
5770,1.174846292,0.7246242853,1.618559912,1,3.095320624
5771,1.926861856,0.8238451911,0.5359136026,0,3.094784266
5772,0.8253498438,1.992903673,1.821756744,0,3.094248094
5773,0.9646247608,0.5189112838,1.751998593,1,3.094404989
5774,1.843915628,1.472650723,0.7745806329,0,3.093869068
5775,0.4699727438,0.3669142227,1.94399733,1,3.094025974
5776,1.07328312,0.3353784983,1.687620617,1,3.094182825
5777,1.321837478,1.873485427,1.500914948,0,3.093647222
5778,0.05081146587,1.038308683,1.999354445,1,3.093804084
5779,1.979501538,0.4875832836,0.2856110282,0,3.093268732
5780,1.831329357,1.009748147,0.803886054,0,3.092733564
5781,0.05132079328,0.6038357116,1.999341436,1,3.092890503
5782,0.1104819708,0.2412537954,1.996946102,1,3.093047388
5783,1.767501615,1.952117079,0.9359156155,0,3.092512537
5784,1.717447819,0.4652203441,1.02487706,1,3.092669433
5785,0.08605874417,0.244477921,1.998147615,1,3.092826275
5786,0.9463262152,1.878307406,1.761949686,0,3.092291739
5787,1.206079945,0.9946823296,1.59542194,1,3.092448592
5788,0.3748691636,1.130104842,1.964554176,1,3.09260539
5789,1.562864384,1.010908497,1.247980335,1,3.092762135
5790,1.566129984,0.2237401605,1.243879766,1,3.092918826
5791,1.64952867,0.6696290546,1.130953212,1,3.093075462
5792,0.3658341051,0.7117969631,1.966256699,1,3.093232044
5793,0.3687069442,1.669003127,1.965720018,1,3.093388572
5794,1.529411308,0.7595696934,1.288759501,1,3.093545047
5795,0.4336106424,1.420377111,1.95242972,1,3.093701467
5796,1.322347619,1.729717791,1.500465519,0,3.093167702
5797,1.153857189,1.646083094,1.633589174,0,3.092634121
5798,1.443721492,1.623639514,1.384076679,0,3.092100724
5799,1.214071019,1.99899934,1.589349414,0,3.091567512
5800,1.497111667,1.377706556,1.326143528,0,3.091034483
5801,1.030939641,0.6343546477,1.713815467,1,3.091191174
5802,0.8692053963,0.2410245752,1.801244564,1,3.091347811
5803,0.523927297,1.273648222,1.930155483,1,3.091504394
5804,1.083020962,1.579914383,1.681387997,1,3.091660924
5805,0.535469529,0.6834897892,1.92698531,1,3.091817399
5806,0.8933691521,1.483725412,1.78938301,1,3.09197382
5807,1.136386472,1.668689534,1.645790322,0,3.091441364
5808,1.072753847,0.7865627979,1.687957104,1,3.091597796
5809,0.02469916391,0.3637065916,1.999847482,1,3.091754175
5810,0.2170145886,1.989102923,1.988191306,0,3.091222031
5811,1.090520791,1.639285763,1.676533449,1,3.09137842
5812,1.398062672,0.2982551332,1.430182074,1,3.091534756
5813,1.285491071,0.2332236122,1.532159491,1,3.091691037
5814,1.668012301,1.973307032,1.103510291,0,3.091159271
5815,0.3039421391,1.750102059,1.976769884,1,3.091315563
5816,0.1971338236,0.5361363917,1.990260851,1,3.091471802
5817,1.556019022,1.488228363,1.256504995,0,3.090940347
5818,0.2718473579,0.8818640558,1.981438622,1,3.091096597
5819,0.8694160886,1.921683273,1.801142877,0,3.090565389
5820,1.547919153,0.08541308316,1.266470014,1,3.090721649
5821,0.2283892123,0.07566058304,1.986916799,1,3.090877856
5822,1.497358809,1.997661786,1.325864471,0,3.09034696
5823,0.5301073073,0.9285683106,1.92846733,1,3.090503177
5824,1.939626255,0.7506662096,0.4876986686,0,3.089972527
5825,1.79707045,1.320736725,0.877802825,0,3.08944206
5826,1.30041107,0.7007233956,1.519516716,1,3.089598352
5827,0.7483549484,0.1290245873,1.854714229,1,3.089754591
5828,0.8431599994,1.68726899,1.813582426,1,3.089910776
5829,0.01040552063,0.7100184902,1.999972931,1,3.090066907
5830,1.244630564,1.209842675,1.565533378,1,3.090222985
5831,0.898069819,1.850125983,1.787028427,0,3.08969302
5832,1.274012597,1.47094331,1.541717193,1,3.089849108
5833,0.4423626866,0.1204763458,1.950465394,1,3.090005143
5834,0.807121709,0.5913440472,1.829905611,1,3.090161124
5835,0.3625504801,1.974579924,1.966864802,0,3.089631534
5836,1.34872522,1.909606672,1.476800691,0,3.089102125
5837,1.934204495,1.01521175,0.5087759533,0,3.088572897
5838,1.817917901,0.06925567053,0.8337712549,1,3.088729017
5839,1.106344029,1.41802608,1.666134115,1,3.088885083
5840,0.3804391015,0.3606041567,1.963483152,1,3.089041096
5841,1.69825735,0.4737223967,1.056372081,1,3.089197055
5842,0.2915994539,1.203631598,1.978628252,1,3.089352961
5843,0.6081966269,0.5536853528,1.905281308,1,3.089508814
5844,0.6490725692,1.329102507,1.891746495,1,3.089664613
5845,0.06294142896,1.920785037,1.999009349,1,3.089820359
5846,1.384594737,0.8887869559,1.443224658,1,3.089976052
5847,0.5535916522,0.6265670889,1.921857508,1,3.090131691
5848,1.428778536,1.705946999,1.399497015,0,3.089603283
5849,0.8744018739,0.578181524,1.798727707,1,3.089758933
5850,0.3112991559,0.4655345339,1.97562467,1,3.08991453
5851,1.534390763,1.028594475,1.282826951,1,3.090070073
5852,1.977184344,1.297682297,0.3012342473,0,3.089542037
5853,0.8749608054,0.84554121,1.79845589,1,3.089697591
5854,1.483592414,1.060706631,1.34125074,1,3.089853092
5855,1.659154212,1.771905158,1.116784357,0,3.089325363
5856,1.537165877,1.392181194,1.279500319,0,3.088797814
5857,0.5583114295,1.63878908,1.920491694,1,3.088953389
5858,1.787039731,0.1344882484,0.8980473252,1,3.089108911
5859,0.02476588866,0.624792776,1.999846657,1,3.08926438
5860,1.05879593,1.425967424,1.696747235,1,3.089419795
5861,1.171729532,0.649272292,1.620817666,1,3.089575158
5862,0.4193454475,0.604085997,1.955543248,1,3.089730467
5863,1.693792112,0.0453759641,1.06351694,1,3.089885724
5864,0.2092081294,1.797547359,1.989027893,1,3.090040928
5865,1.016004231,0.9797666388,1.722711642,1,3.090196078
5866,1.19672446,0.1026871867,1.602451424,1,3.090351176
5867,1.64835299,1.562991658,1.132666067,0,3.089824442
5868,1.444534857,1.324771514,1.383227764,1,3.08997955
5869,1.723702852,0.7104122026,1.014321684,1,3.090134606
5870,0.2541007427,1.013232401,1.983792533,1,3.090289608
5871,1.491104172,0.5141234136,1.332894725,1,3.090444558
5872,1.561251503,0.778537616,1.249997497,1,3.090599455
5873,0.605770938,0.7478672312,1.906053926,1,3.090754299
5874,0.297634481,0.002378194483,1.977729434,1,3.090909091
5875,1.736224378,1.448758099,0.9927360715,0,3.090382979
5876,1.505080032,0.3125533663,1.317093048,1,3.090537781
5877,1.752362892,0.6842423056,0.9639628072,1,3.09069253
5878,0.1010388781,1.097418654,1.997446156,1,3.090847227
5879,1.469632319,0.6401263533,1.356532656,1,3.091001871
5880,0.6723764711,0.9242267551,1.883589627,1,3.091156463
5881,1.285226617,0.5433723614,1.532381331,1,3.091311002
5882,0.9651484181,0.5354273082,1.751710173,1,3.091465488
5883,1.121335242,0.9188627119,1.656081905,1,3.091619922
5884,1.423280407,1.769134149,1.405088212,0,3.091094494
5885,1.068893484,0.3400377263,1.690404306,1,3.091248938
5886,0.7018783519,1.950474608,1.872796513,0,3.090723751
5887,1.310383728,0.8264992207,1.510925043,1,3.090878206
5888,0.6277411995,0.3961167403,1.898931538,1,3.091032609
5889,1.177054349,1.307889956,1.616954872,1,3.091186959
5890,1.731570018,0.4194630143,1.00083229,1,3.091341256
5891,1.907402398,1.543576913,0.6015115068,0,3.0908165
5892,0.3709519359,0.5382273513,1.965297601,1,3.090970808
5893,0.5268021364,0.5701085563,1.929372828,1,3.091125064
5894,1.269658415,0.6298985121,1.545304989,1,3.091279267
5895,1.792101806,0.2996412299,0.8879026499,1,3.091433418
5896,1.966983443,1.700584264,0.3619062497,0,3.090909091
5897,1.319336148,1.296706348,1.503114143,1,3.091063253
5898,0.1744681029,1.898764213,1.992375688,1,3.091217362
5899,1.144928279,1.668807683,1.639859517,0,3.090693338
5900,1.824214774,0.193181606,0.8199027125,1,3.090847458
5901,0.8895267431,0.1315334244,1.791296227,1,3.091001525
5902,1.509587866,1.560270032,1.31192396,0,3.090477804
5903,1.420765448,1.991308945,1.407631181,0,3.089954261
5904,0.5228127724,1.951074964,1.930457667,0,3.089430894
5905,1.63353312,1.058826528,1.153936543,1,3.089585097
5906,1.277664475,0.1173833161,1.538692136,1,3.089739248
5907,0.7763133198,1.59190311,1.843186814,1,3.089893347
5908,1.331289036,0.349319283,1.49253794,1,3.090047393
5909,1.392606169,0.03395018773,1.435495754,1,3.090201388
5910,1.127674702,0.4711427893,1.651771705,1,3.09035533
5911,0.9996831065,1.462763232,1.732233727,1,3.09050922
5912,1.043504387,0.9714609349,1.706194184,1,3.090663058
5913,0.02517993383,1.411904802,1.999841486,1,3.090816844
5914,0.4267495827,1.888607392,1.953940837,1,3.090970578
5915,0.2029879587,1.681664157,1.989672307,1,3.09112426
5916,0.4156292934,1.946314671,1.956336446,1,3.09127789
5917,1.024860681,0.1041972475,1.717457593,1,3.091431469
5918,0.9335169288,1.433233249,1.768769669,1,3.091584995
5919,1.104993534,1.67582974,1.66703008,0,3.09106268
5920,1.194097738,1.228857582,1.604409733,1,3.091216216
5921,1.866169336,0.1889247079,0.7193135689,1,3.091369701
5922,1.829622029,0.7532065087,0.8077643411,1,3.091523134
5923,1.459603054,0.4893289126,1.367318151,1,3.091676515
5924,1.357393994,1.333105491,1.4688368,1,3.091829845
5925,0.8508219054,0.927767372,1.810000576,1,3.091983122
5926,1.552368446,0.3813526951,1.261012374,1,3.092136348
5927,1.091005029,1.050843747,1.676218371,1,3.092289523
5928,0.807920489,1.748992113,1.829553083,1,3.092442645
5929,0.2027200116,1.667786732,1.989699625,1,3.092595716
5930,1.966549172,1.646336418,0.3642586362,0,3.092074199
5931,1.976044076,1.529773661,0.3086256802,0,3.091552858
5932,0.9801809071,0.168164559,1.743343165,1,3.091706001
5933,1.197770523,1.468806647,1.601669683,1,3.091859093
5934,0.9433910617,1.760234107,1.763522981,1,3.092012133
5935,0.6989919138,1.242825802,1.873875744,1,3.092165122
5936,1.195448131,1.24350484,1.603403807,1,3.092318059
5937,0.5038951358,1.366497986,1.935481773,1,3.092470945
5938,1.373166554,0.190805227,1.45410234,1,3.092623779
5939,0.367506272,1.465453144,1.965944847,1,3.092776562
5940,0.6455149955,1.886813057,1.892963389,1,3.092929293
5941,1.1839459,1.848728319,1.611915663,0,3.092408685
5942,0.2737937451,1.218848985,1.98117061,1,3.092561427
5943,0.1145385391,0.00953396351,1.996717537,1,3.092714117
5944,1.076836626,0.5966575017,1.685355417,1,3.092866756
5945,0.464642334,0.2991484632,1.945278258,1,3.093019344
5946,0.1282557149,0.05617229681,1.995883381,1,3.09317188
5947,1.550500676,1.898744809,1.263308218,0,3.092651757
5948,0.5343607422,1.674940865,1.927293075,1,3.092804304
5949,1.542078042,0.1958792029,1.273575797,1,3.092956799
5950,0.193649619,1.565269409,1.99060288,1,3.093109244
5951,1.799755536,0.4763096657,0.8722843636,1,3.093261637
5952,1.40734062,1.805083626,1.421053264,0,3.092741935
5953,1.449378433,0.5682619574,1.378151718,1,3.092894339
5954,1.482157723,0.5152849679,1.342835986,1,3.093046691
5955,0.837845303,0.9795732568,1.816043845,1,3.093198992
5956,0.9309539128,0.08885193332,1.770119999,1,3.093351242
5957,1.458494464,0.3651970629,1.368500602,1,3.093503441
5958,1.018034502,0.5425066375,1.721512635,1,3.093655589
5959,1.060207449,1.349764723,1.695865609,1,3.093807686
5960,1.636591366,0.6700929561,1.149595016,1,3.093959732
5961,1.353475828,0.01858263299,1.472448024,1,3.094111726
5962,0.1560800652,0.6265335116,1.993900452,1,3.09426367
5963,0.7707955424,0.7178198762,1.845501079,1,3.094415563
5964,0.3161145287,0.6281932999,1.974859895,1,3.094567404
5965,0.599758188,1.38025749,1.907954432,1,3.094719195
5966,1.17406564,1.665394819,1.619126268,0,3.094200469
5967,1.887410476,0.9944868046,0.6615751616,0,3.093681917
5968,1.988364167,0.9752689345,0.2154250246,0,3.093163539
5969,0.002313489576,0.2516712728,1.999998662,1,3.093315463
5970,1.607455452,1.666630168,1.189994526,0,3.09279732
5971,1.255671198,0.3991011228,1.556691955,1,3.092949255
5972,1.406323057,0.7964820853,1.422060287,1,3.093101139
5973,0.6286482752,0.871386995,1.89863144,1,3.093252972
5974,1.76710727,1.004398352,0.9366599689,0,3.092735186
5975,1.077056317,1.300770127,1.685215028,1,3.092887029
5976,1.0442537,0.1570514654,1.70573568,1,3.093038822
5977,0.2231671914,1.411490872,1.987510102,1,3.093190564
5978,1.207890379,1.078561632,1.594051703,1,3.093342255
5979,0.532179145,1.438004494,1.927896615,1,3.093493895
5980,0.5731872791,0.09098745403,1.916104471,1,3.093645485
5981,0.487472663,0.1591466374,1.939683068,1,3.093797024
5982,1.97709529,0.4094574186,0.301818183,0,3.09327984
5983,1.879561107,1.217002348,0.6835569073,0,3.092762828
5984,1.296257209,0.02522653345,1.5230618,1,3.092914439
5985,0.1710951416,1.455662139,1.992668174,1,3.093065998
5986,1.964380499,1.070525436,0.3757782012,0,3.092549282
5987,0.1473130687,0.05030064574,1.994567336,1,3.092700852
5988,0.6602834738,0.5554771632,1.887862742,1,3.092852371
5989,1.73332672,0.2451294579,0.9977867911,1,3.09300384
5990,0.2933246107,0.2763930046,1.978373239,1,3.093155259
5991,0.6441738808,0.5512563174,1.893420189,1,3.093306627
5992,1.629842538,0.1808954455,1.159143349,1,3.093457944
5993,1.398822723,0.3603357697,1.429438697,1,3.093609211
5994,1.304020768,0.6334625493,1.516420073,1,3.093760427
5995,0.05953914426,0.5857286361,1.999113576,1,3.093911593
5996,1.675923024,0.6059578978,1.091458666,1,3.094062708
5997,0.928914477,1.135422177,1.771191095,1,3.094213774
5998,0.3817177148,0.7276175524,1.96323498,1,3.094364788
5999,1.036552786,0.7155778713,1.710426357,1,3.094515753
6000,1.531546219,0.7168300566,1.286221668,1,3.094666667
6001,0.3385701428,1.564967839,1.971134257,1,3.09481753
6002,1.409497429,1.562058855,1.418914021,0,3.094301899
6003,1.762980288,0.3589812906,0.9444048407,1,3.094452774
6004,0.09851656372,0.1739539386,1.997572148,1,3.094603598
6005,1.538930456,1.53972546,1.277377412,0,3.09408826
6006,0.2835073459,1.515891492,1.979803926,1,3.094239094
6007,1.046478333,0.7350445543,1.704371761,1,3.094389878
6008,0.1073186193,0.00997810297,1.997118603,1,3.094540613
6009,1.800715141,0.6506485145,0.8703016609,1,3.094691296
6010,0.2110546944,1.338404374,1.988832802,1,3.09484193
6011,0.7815211426,1.790685228,1.84098471,1,3.094992514
6012,0.08426741028,1.369297427,1.998223962,1,3.095143047
6013,1.490822789,0.1401307372,1.33320944,1,3.095293531
6014,1.879133456,1.862822796,0.6847316652,0,3.094778849
6015,1.987641348,1.727189082,0.2219952049,0,3.094264339
6016,0.6913955775,0.694630273,1.876691812,1,3.094414894
6017,0.722782901,1.902154205,1.864828378,0,3.093900615
6018,0.8523317629,1.113391764,1.809290072,1,3.09405118
6019,1.730480028,1.991864154,1.002715748,0,3.093537132
6020,1.84725535,0.3136080297,0.7665818094,1,3.093687708
6021,0.1338334279,1.456231983,1.995517129,1,3.093838233
6022,0.4310564263,1.656251416,1.952995227,1,3.093988708
6023,0.7468713432,0.00127908294,1.855312156,1,3.094139133
6024,0.5607026737,1.689183746,1.919794914,1,3.094289509
6025,0.01203810697,1.882945052,1.999963771,1,3.094439834
6026,1.741462353,1.481623631,0.9835186181,0,3.093926319
6027,1.143826909,1.828065895,1.640627929,0,3.093412975
6028,1.99864827,1.409624611,0.07351934828,0,3.092899801
6029,0.2978714178,1.17732753,1.977693763,1,3.093050257
6030,0.9765513243,1.756609316,1.745378902,0,3.092537313
6031,0.4362824985,1.473400821,1.951834414,1,3.09268778
6032,0.2853246185,0.02134289466,1.979542842,1,3.092838196
6033,0.8031696064,1.199636289,1.831643684,1,3.092988563
6034,1.517334045,0.9982405322,1.302957174,1,3.09313888
6035,1.62712979,1.05613739,1.162948256,1,3.093289147
6036,1.54027145,0.4818821861,1.275760111,1,3.093439364
6037,0.5074487599,1.092702042,1.934553115,1,3.093589531
6038,0.1767182606,0.9871315197,1.992177366,1,3.093739649
6039,0.9981415667,0.9208528143,1.733122446,1,3.093889717
6040,0.3775836163,1.481600799,1.96403427,1,3.094039735
6041,0.1663390733,1.236064952,1.993070825,1,3.094189704
6042,0.928517442,0.3009099802,1.771399266,1,3.094339623
6043,1.866927257,0.8381590708,0.7173441412,0,3.093827569
6044,0.3245429228,1.690860056,1.973492308,1,3.093977498
6045,1.808270055,1.371907442,0.8544936555,0,3.093465674
6046,0.4789144747,1.90306877,1.941813824,1,3.093615614
6047,0.1128841226,0.1256091502,1.996811752,1,3.093765504
6048,0.1569296916,1.301011907,1.993833762,1,3.093915344
6049,0.762277448,1.996202327,1.84903572,0,3.093403868
6050,1.747464326,0.903312102,0.9728146946,1,3.093553719
6051,0.6716684932,1.078840767,1.8838422,1,3.09370352
6052,1.73004312,0.3258465737,1.003469383,1,3.093853272
6053,1.119559434,0.4304297887,1.657282919,1,3.094002974
6054,0.1247071786,0.5218676292,1.996108243,1,3.094152626
6055,1.526740142,0.7968984367,1.291922807,1,3.09430223
6056,1.983048536,1.86730644,0.2598432306,0,3.093791281
6057,0.223839779,0.1514273631,1.987434465,1,3.093940895
6058,1.29643141,0.9636355164,1.522913523,1,3.094090459
6059,1.812875392,0.8073737699,0.8446791182,1,3.094239974
6060,0.270001954,1.214851579,1.981690931,1,3.094389439
6061,1.451608785,0.9364233505,1.375802288,1,3.094538855
6062,0.9878564398,0.1795719959,1.739005364,1,3.094688222
6063,1.404604879,0.0530425994,1.423757399,1,3.094837539
6064,0.9056216692,0.06497808075,1.783213221,1,3.094986807
6065,0.5606947431,1.718609342,1.91979723,1,3.095136026
6066,0.7459993802,0.9397931708,1.855662934,1,3.095285196
6067,1.535598402,0.1064292134,1.281381109,1,3.095434317
6068,1.752628389,1.917120412,0.9634800107,0,3.094924192
6069,0.2492946628,0.357165171,1.98440222,1,3.095073323
6070,1.673822558,1.819513437,1.094677141,0,3.094563427
6071,0.6254480879,0.746932742,1.899688051,1,3.094712568
6072,1.628232732,0.4537477126,1.161403535,1,3.09486166
6073,0.5391808586,0.3043099051,1.925950156,1,3.095010703
6074,0.9225694184,0.08131983235,1.774504344,1,3.095159697
6075,1.430422374,0.1093093455,1.397816809,1,3.095308642
6076,0.6610032258,0.3094266644,1.887610854,1,3.095457538
6077,1.893611074,1.406033832,0.6436125397,0,3.094948165
6078,1.965756373,0.9289563601,0.3685130714,0,3.09443896
6079,0.5419126501,1.859566251,1.925183285,1,3.094587926
6080,1.077775352,1.905956638,1.684755261,0,3.094078947
6081,1.842662457,1.001865438,0.7775571164,0,3.093570136
6082,1.422040724,1.312290912,1.406342839,1,3.093719171
6083,0.9576099248,1.443345287,1.755842599,1,3.093868157
6084,1.59654803,1.753325258,1.204588888,0,3.093359632
6085,1.517203273,0.4196935177,1.303109446,1,3.093508628
6086,0.04791880053,0.9988898603,1.999425865,1,3.093657575
6087,0.5442847933,0.2763195757,1.924513981,1,3.093806473
6088,0.9462167139,0.6174147769,1.762008493,1,3.093955322
6089,0.8772378652,0.8560214977,1.797346302,1,3.094104122
6090,1.416898008,1.207095174,1.411524011,1,3.094252874
6091,0.9991791305,1.987644801,1.732524478,0,3.093744869
6092,1.779267453,1.040855029,0.9133495111,0,3.093237032
6093,0.7016752556,1.889087032,1.872872616,0,3.092729362
6094,1.332047343,0.6025179948,1.491861212,1,3.092878241
6095,1.57710156,1.912244508,1.229939295,0,3.092370796
6096,0.3253133905,0.2534391986,1.97336545,1,3.092519685
6097,0.7217722833,0.3102011044,1.865219765,1,3.092668526
6098,1.242888246,0.2620648377,1.566916975,1,3.092817317
6099,1.219109783,0.02904072411,1.585487728,1,3.09296606
6100,0.137589165,1.190870844,1.995261693,1,3.093114754
6101,1.505636266,0.6109258224,1.316457152,1,3.093263399
6102,0.9454904374,1.993142109,1.762398318,0,3.092756473
6103,0.8412754249,0.8430031144,1.814457401,1,3.092905129
6104,1.221425999,1.825767607,1.583704053,0,3.092398427
6105,1.369889239,1.777071872,1.457190267,0,3.091891892
6106,0.7694822594,1.79058047,1.846049038,1,3.092040616
6107,0.3441882911,0.1433560916,1.970161014,1,3.092189291
6108,0.2905363363,1.906812847,1.978784636,1,3.092337917
6109,1.595664638,0.5735851924,1.205758833,1,3.092486495
6110,0.09532462766,0.05118572511,1.997727012,1,3.092635025
6111,0.6208715443,1.013107786,1.901188714,1,3.092783505
6112,1.862152396,0.1101079782,0.7296495428,1,3.092931937
6113,0.7252019337,1.485792362,1.863888987,1,3.093080321
6114,0.9487286044,1.016074906,1.760657274,1,3.093228656
6115,1.991362528,0.8897024087,0.1856752059,0,3.092722813
6116,0.1185032456,0.9359571685,1.996486158,1,3.092871158
6117,0.9696311988,0.03194753649,1.749232786,1,3.093019454
6118,1.402847895,0.0544217881,1.425488612,1,3.093167702
6119,1.269463832,0.201930108,1.545464843,1,3.093315901
6120,0.571658038,1.407992738,1.916561266,1,3.093464052
6121,1.426375853,0.0334197353,1.401945764,1,3.093612155
6122,1.927633622,0.6214570607,0.5331309595,0,3.093106828
6123,1.040041609,0.4219117268,1.708307189,1,3.09325494
6124,0.1234716603,1.878483785,1.996185049,1,3.093403005
6125,1.719236674,1.419515876,1.021873407,0,3.092897959
6126,1.517986682,1.317761717,1.302196773,0,3.092393079
6127,1.855748506,0.2410561812,0.7457864854,1,3.092541211
6128,0.5371739861,0.2967938633,1.926510864,1,3.092689295
6129,0.7172542576,1.193510594,1.866961791,1,3.092837331
6130,1.166341933,0.2475863849,1.624698894,1,3.092985318
6131,1.424216233,0.4281444168,1.404139638,1,3.093133257
6132,0.2643769566,0.9678218937,1.982449199,1,3.093281148
6133,1.500373817,0.08038919602,1.322451666,1,3.093428991
6134,0.7185613953,0.2030902019,1.866459086,1,3.093576785
6135,1.525605921,1.882578479,1.293261989,0,3.093072535
6136,1.145422172,1.968919978,1.639514577,0,3.092568449
6137,0.1068372053,0.2877348367,1.997144414,1,3.092716311
6138,0.542427805,1.923212181,1.925038201,1,3.092864125
6139,0.6997458687,1.184587231,1.873594332,1,3.093011891
6140,1.624255969,1.406604763,1.166958674,0,3.092508143
6141,0.3513044154,1.822904316,1.96890457,1,3.092655919
6142,0.1930676914,1.253551972,1.990659405,1,3.092803647
6143,1.117915377,0.8401643455,1.658392357,1,3.092951327
6144,1.581817498,0.2438287149,1.223868214,1,3.093098958
6145,1.141983554,0.2454576798,1.641911557,1,3.093246542
6146,0.01333969919,0.01050122546,1.999955513,1,3.093394077
6147,0.4239354398,1.694293006,1.954553336,1,3.093541565
6148,0.3217823817,1.825664089,1.9739443,1,3.093689005
6149,1.647585609,1.419576258,1.133782017,0,3.093185884
6150,0.4302227383,0.3891814171,1.953179048,1,3.093333333
6151,0.9983669199,1.644592901,1.732992641,1,3.093480735
6152,0.9955011757,0.6116117095,1.734640426,1,3.093628088
6153,0.01083984777,0.03639132649,1.999970624,1,3.093775394
6154,1.226577707,1.484114359,1.57971742,1,3.093922652
6155,0.2293346314,1.176648459,1.986807899,1,3.094069862
6156,1.471797242,1.287366715,1.354183473,1,3.094217024
6157,0.8841414215,0.2341629746,1.793960408,1,3.094364138
6158,1.015928109,1.513510635,1.722756534,1,3.094511205
6159,1.964809823,1.707958609,0.3735269218,0,3.094008768
6160,0.8594273336,0.7691020609,1.805930413,1,3.094155844
6161,1.255691486,0.04823878045,1.55667559,1,3.094302873
6162,0.4090973045,0.09284838003,1.957712797,1,3.094449854
6163,1.671493314,1.177877014,1.098230441,0,3.093947753
6164,1.533396775,1.92399359,1.284014926,0,3.093445814
6165,0.3715046181,1.669459821,1.965193201,1,3.093592863
6166,0.4047472104,1.784843194,1.958616781,1,3.093739864
6167,0.06799210298,1.246998123,1.998843934,1,3.093886817
6168,0.5820824142,1.923272499,1.913421037,0,3.093385214
6169,0.1099929435,0.8758427263,1.996973098,1,3.093532177
6170,1.67533193,0.3323947083,1.092365747,1,3.093679092
6171,0.716488039,0.1908867187,1.867255979,1,3.09382596
6172,0.05811233423,1.708331701,1.999155561,1,3.09397278
6173,0.4184905107,0.1954167772,1.955726385,1,3.094119553
6174,1.843031799,1.819605484,0.7766812651,0,3.0936184
6175,0.9621811371,1.03443901,1.753341798,1,3.093765182
6176,0.3317255917,0.8367513587,1.972297678,1,3.093911917
6177,0.1145312366,0.667349938,1.996717956,1,3.094058605
6178,0.8007894329,0.4210746487,1.832685539,1,3.094205244
6179,0.1574415082,0.3725455257,1.993793412,1,3.094351837
6180,1.672968724,1.417241463,1.095981591,0,3.093851133
6181,1.086530507,0.2127461559,1.679122228,1,3.093997735
6182,1.803856356,1.471196833,0.8637721037,0,3.09349725
6183,0.6840805201,1.353562292,1.879370597,1,3.093643862
6184,0.2480311285,1.290068934,1.984560546,1,3.093790427
6185,0.4025266781,0.715948086,1.959074341,1,3.093936944
6186,1.243726547,0.9968056227,1.566251664,1,3.094083414
6187,1.617726773,0.8266174629,1.175993235,1,3.094229837
6188,1.82000409,1.640788396,0.8292075202,0,3.0937298
6189,0.1857082798,0.3993517138,1.991359444,1,3.093876232
6190,0.6782772645,1.578437479,1.881472815,1,3.094022617
6191,0.495467914,1.052229321,1.937656199,1,3.094168955
6192,1.438703809,0.3906694121,1.389291672,1,3.094315245
6193,1.702501188,0.5565979265,1.049518797,1,3.094461489
6194,0.8285437225,1.600216798,1.820306375,1,3.094607685
6195,1.420095921,1.68630962,1.408306634,0,3.094108152
6196,0.2163826675,1.39886279,1.988260179,1,3.094254358
6197,0.9904085233,1.968624218,1.737553152,0,3.093755043
6198,1.555294328,1.262094117,1.257401906,0,3.093255889
6199,1.740747166,1.008987396,0.9847838872,0,3.092756896
6200,0.6957522501,0.282627484,1.875081013,1,3.092903226
6201,1.121053553,1.126247229,1.656272602,1,3.093049508
6202,1.190131391,0.2703305526,1.607354121,1,3.093195743
6203,0.4258419555,0.8212215343,1.954138846,1,3.093341931
6204,1.406002922,1.220709962,1.422376808,1,3.093488072
6205,1.983787013,1.23893237,0.2541438281,0,3.092989525
6206,1.436267035,1.834456022,1.391810693,0,3.092491138
6207,1.351643738,1.157565169,1.474129983,1,3.092637345
6208,0.06720572869,0.8121736447,1.998870529,1,3.092783505
6209,0.7809100637,0.05457911914,1.841244001,1,3.092929618
6210,0.1061859807,0.423616241,1.997179145,1,3.093075684
6211,0.7546140385,1.427246824,1.852176464,1,3.093221703
6212,0.3115320618,1.138743637,1.975587957,1,3.093367675
6213,0.9388994995,0.6157178137,1.765918381,1,3.093513601
6214,1.831162188,1.426187234,0.8042667732,0,3.093015771
6215,0.08888419134,0.4514532861,1.998023924,1,3.093161706
6216,0.09518622593,1.250952006,1.997733611,1,3.093307593
6217,0.2817498804,0.02143749225,1.980054798,1,3.093453434
6218,0.03643578196,0.4165698753,1.999668081,1,3.093599228
6219,0.9089932215,0.9569348922,1.781496933,1,3.093744975
6220,1.501370627,1.262156238,1.321319886,1,3.093890675
6221,0.7471665033,1.362779124,1.85519331,1,3.094036329
6222,0.7312257879,1.062175176,1.861534004,1,3.094181935
6223,1.322864887,0.9082148484,1.500009497,1,3.094327495
6224,1.988352764,0.6849200187,0.215530243,0,3.093830334
6225,0.6804488804,0.9169637758,1.880688523,1,3.093975904
6226,1.294856398,1.418074108,1.524252902,1,3.094121426
6227,1.532814541,1.354447085,1.284709921,0,3.093624538
6228,0.4894074909,1.159846528,1.939195789,1,3.093770071
6229,1.616727181,0.3079071533,1.177367072,1,3.093915556
6230,0.4188579248,0.9761630774,1.955647729,1,3.094060995
6231,0.7404988699,1.394450466,1.857864748,1,3.094206387
6232,0.6284438797,0.7078037568,1.898699105,1,3.094351733
6233,1.486247068,1.29106822,1.338308504,1,3.094497032
6234,0.7951639695,0.3571941221,1.835133309,1,3.094642284
6235,0.8111599807,0.2075277146,1.828119111,1,3.09478749
6236,0.3946972003,1.399396318,1.960666754,1,3.094932649
6237,0.6946558629,0.5795587836,1.875487465,1,3.095077762
6238,0.9703997652,0.2926113208,1.748806535,1,3.095222828
6239,1.805218029,1.747261972,0.8609226835,0,3.094726719
6240,0.1885049416,1.352648375,1.991096654,1,3.094871795
6241,0.0323789884,0.3418929922,1.999737883,1,3.095016824
6242,1.269201293,0.7244391233,1.545680458,1,3.095161807
6243,0.9098020124,1.333467692,1.781084023,1,3.095306744
6244,0.8930570365,0.244070619,1.789538804,1,3.095451634
6245,1.349958405,0.2549754739,1.475673509,1,3.095596477
6246,1.819968772,0.1941281266,0.8292850357,1,3.095741274
6247,0.2266706541,0.7934126275,1.987113589,1,3.095886025
6248,1.626135984,1.74859346,1.164337478,0,3.095390525
6249,0.5303395051,1.912295718,1.928403487,1,3.095535286
6250,1.394501886,1.243750393,1.433654243,1,3.09568
6251,1.940182479,0.6417245104,0.4854811515,0,3.09518477
6252,1.371560872,0.03848939325,1.455616974,1,3.095329495
6253,0.2694382024,0.4604511367,1.981767659,1,3.095474172
6254,0.4419381534,1.331840182,1.950561629,1,3.095618804
6255,0.2000158996,0.4132157204,1.989973276,1,3.095763389
6256,1.671827793,1.028018122,1.097721198,1,3.095907928
6257,1.028441936,0.4909879688,1.715315477,1,3.096052421
6258,0.01409750594,1.282285329,1.999950314,1,3.096196868
6259,1.143733345,1.671686802,1.640693157,0,3.095702189
6260,1.001851441,0.6358625608,1.730980557,1,3.095846645
6261,1.133900094,1.38575664,1.647504348,1,3.095991056
6262,0.8627720205,1.786920284,1.804334903,1,3.09613542
6263,0.3388037669,0.8533693183,1.971094114,1,3.096279738
6264,0.1739357692,1.984126261,1.992422231,1,3.09642401
6265,1.114750518,1.594640779,1.660521389,1,3.096568236
6266,0.09594449186,1.802608863,1.997697338,1,3.096712416
6267,1.681395682,1.921972433,1.083009031,0,3.096218286
6268,1.422142218,1.040757654,1.406240204,1,3.096362476
6269,1.924029643,1.346791528,0.5459944424,0,3.09586856
6270,1.44880197,1.691200793,1.37875772,0,3.095374801
6271,0.1569839221,0.9764690696,1.993829493,1,3.095519056
6272,0.8082096597,0.6412562462,1.829425359,1,3.095663265
6273,1.864755205,0.5504592455,0.7229716641,1,3.095807429
6274,0.6305683856,1.478164465,1.897994603,1,3.095951546
6275,1.597595046,1.73425899,1.203199929,0,3.095458167
6276,1.430296826,1.045489469,1.397945274,1,3.095602294
6277,1.042525768,1.533428212,1.70679232,1,3.095746376
6278,1.553950969,0.6894395272,1.259061708,1,3.095890411
6279,1.809886013,1.569476641,0.8510655785,0,3.095397356
6280,0.3910749916,0.7234670569,1.961392452,1,3.095541401
6281,1.941828074,1.39698219,0.4788566913,0,3.095048559
6282,0.6543935948,1.115544842,1.889912438,1,3.095192614
6283,1.589709768,0.3079968845,1.213599133,1,3.095336623
6284,1.293435399,0.4239753938,1.525458904,1,3.095480586
6285,0.9823709605,0.5002699074,1.742110013,1,3.095624503
6286,1.56291501,0.5725155753,1.247916933,1,3.095768374
6287,1.51081668,1.308186715,1.310508664,1,3.0959122
6288,1.908853199,0.3343623521,0.5968915009,1,3.09605598
6289,0.7414545106,0.01277906985,1.857483569,1,3.096199714
6290,1.075884032,1.062829943,1.685963686,1,3.096343402
6291,0.9244184222,0.3621909896,1.773541818,1,3.096487045
6292,1.159596234,1.369225414,1.629520351,1,3.096630642
6293,1.148431232,1.115656055,1.637408228,1,3.096774194
6294,0.1905551715,1.626927401,1.990901486,1,3.096917699
6295,1.735962542,1.828449278,0.993193865,0,3.096425735
6296,1.467515984,0.2854278239,1.358821856,1,3.09656925
6297,0.6260721256,1.329550566,1.89948248,1,3.09671272
6298,1.897815031,1.191979219,0.6311086344,0,3.096221023
6299,0.1806329258,0.2069274516,1.991826234,1,3.096364502
6300,1.997688443,1.058071109,0.09612952309,0,3.095873016
6301,1.176693753,0.2367782518,1.617217305,1,3.096016505
6302,0.4750215266,0.2649015433,1.942769814,1,3.096159949
6303,0.120277539,1.786895773,1.996380052,1,3.096303348
6304,1.113457939,0.4682781957,1.661388401,1,3.096446701
6305,1.119222309,0.2871271309,1.65751061,1,3.096590008
6306,1.864013739,1.61464563,0.7248812175,0,3.096098953
6307,0.2653961897,0.07551011702,1.982313008,1,3.09624227
6308,1.149540045,0.852918334,1.636629978,1,3.096385542
6309,0.613316502,1.906007992,1.903639375,0,3.095894754
6310,0.2949506831,0.3073657349,1.978131465,1,3.096038035
6311,0.06421918127,0.4981229393,1.998968708,1,3.096181271
6312,1.311006125,0.6851089737,1.510385031,1,3.096324461
6313,1.617076046,1.016617134,1.176887871,1,3.096467607
6314,0.8580496731,0.8903998863,1.806585386,1,3.096610706
6315,1.265307348,1.919096806,1.548869689,0,3.096120348
6316,1.724712288,0.9419119536,1.012604328,1,3.096263458
6317,0.867773286,1.379113714,1.801934939,1,3.096406522
6318,0.9344232987,0.00371552047,1.768291011,1,3.096549541
6319,0.86982921,1.002891527,1.800943404,1,3.096692515
6320,0.4029690685,0.5190173058,1.958983392,1,3.096835443
6321,0.1245700074,0.02745903429,1.996116809,1,3.096978326
6322,0.697226014,1.927781078,1.874533511,0,3.096488453
6323,1.43099387,1.966757403,1.397231743,0,3.095998735
6324,0.7796494521,0.6368148374,1.841778144,1,3.096141682
6325,0.4730838031,1.64522224,1.943242578,1,3.096284585
6326,0.4343584244,0.674256254,1.952263496,1,3.096427442
6327,0.03771657614,0.2250749011,1.999644333,1,3.096570254
6328,0.4520827971,1.978817552,1.948235393,0,3.09608091
6329,0.1699327863,1.168026354,1.992767635,1,3.096223732
6330,1.659768908,0.7820889321,1.115870589,1,3.096366509
6331,1.811762916,1.045697839,0.8470626509,0,3.095877429
6332,1.681140087,0.1194437288,1.083405745,1,3.096020215
6333,0.167807463,1.386551079,1.99294773,1,3.096162956
6334,0.01668527396,0.3682549513,1.999930399,1,3.096305652
6335,0.7702439178,0.4936755126,1.845731375,1,3.096448303
6336,0.6037896257,0.3651821379,1.906682482,1,3.096590909
6337,1.339950771,1.725734585,1.484766625,0,3.096102257
6338,1.62581474,0.4925160326,1.164786003,1,3.096244872
6339,1.865736406,1.70375679,0.720435745,0,3.095756428
6340,0.8703074957,0.4270816559,1.800712321,1,3.095899054
6341,1.477140022,1.218337101,1.348353573,1,3.096041634
6342,1.591346559,0.07737347453,1.211452075,1,3.096184169
6343,0.3440175402,0.8180340281,1.970190836,1,3.096326659
6344,0.6052091022,1.880183395,1.906232395,1,3.096469105
6345,1.310086527,1.978559566,1.511182746,0,3.095981087
6346,1.152251993,0.0886099112,1.634721794,1,3.096123542
6347,1.292031667,0.4633976027,1.526648018,1,3.096265952
6348,0.9167182615,1.459279888,1.777534143,1,3.096408318
6349,0.3651631424,1.325725836,1.966381418,1,3.096550638
6350,1.591384631,1.450060818,1.211402062,0,3.096062992
6351,0.7786820611,1.944399178,1.842187354,0,3.0955755
6352,1.913276261,1.739672158,0.5825581066,0,3.095088161
6353,0.9504061775,0.9969056367,1.759752283,1,3.0952306
6354,1.661609279,0.3815728929,1.113128297,1,3.095372993
6355,0.7018001563,1.019922481,1.872825817,1,3.095515342
6356,0.04992573665,1.104103317,1.999376758,1,3.095657646
6357,1.938147045,0.9473626498,0.4935443576,0,3.095170678
6358,0.373209437,1.748222396,1.964870152,1,3.095312992
6359,0.3403754377,1.026823933,1.970823321,1,3.09545526
6360,0.7344979244,0.2156991613,1.86024536,1,3.095597484
6361,1.587045478,0.9082241914,1.217081201,1,3.095739664
6362,0.8104700547,1.78420368,1.828425085,1,3.095881798
6363,1.696285014,1.72676294,1.059536291,0,3.095395254
6364,0.5764925444,0.3345775289,1.91511262,1,3.095537398
6365,0.09493612896,0.4059204646,1.997745512,1,3.095679497
6366,1.728513992,0.5366283196,1.006101078,1,3.095821552
6367,1.553592144,0.3343757229,1.259504447,1,3.095963562
6368,0.5155155258,0.4192707055,1.932419143,1,3.096105528
6369,1.352450822,1.543264576,1.473389553,0,3.095619407
6370,1.925171139,1.563779097,0.541955798,0,3.095133438
6371,0.4109704641,1.776307057,1.957320433,1,3.095275467
6372,0.2669779841,0.66872195,1.982100592,1,3.095417451
6373,0.4536931655,0.392778639,1.947861009,1,3.095559391
6374,0.7284527959,1.372214123,1.862620875,1,3.095701286
6375,0.6409934343,0.8198548673,1.894499252,1,3.095843137
6376,0.3778129034,1.617886026,1.963990176,1,3.095984944
6377,1.598505456,0.06005826943,1.201990145,1,3.096126705
6378,0.8083469335,0.3386724358,1.829364708,1,3.096268423
6379,0.9604669147,1.647728182,1.754281421,1,3.096410096
6380,0.9555927883,1.419777282,1.756941212,1,3.096551724
6381,1.447556548,1.469257448,1.38006523,0,3.096066447
6382,0.4627569802,0.7446475653,1.945727622,1,3.096208085
6383,0.3448433399,0.09058675123,1.970046464,1,3.096349679
6384,1.241630885,1.849641549,1.567913501,0,3.095864662
6385,0.3371379685,0.2407701975,1.971379717,1,3.096006265
6386,0.7820987029,0.08911024049,1.840739422,1,3.096147823
6387,0.8684480279,0.2453548189,1.801609842,1,3.096289338
6388,0.6803540063,1.624429866,1.880722847,1,3.096430808
6389,0.9955732831,0.2563223154,1.734599042,1,3.096572234
6390,1.619998011,0.191880534,1.1728625,1,3.096713615
6391,0.1995550551,0.194025553,1.990019543,1,3.096854952
6392,0.4405621779,1.038903972,1.950872873,1,3.096996245
6393,0.1152932493,1.983636911,1.996674101,1,3.097137494
6394,0.8175821386,1.147511415,1.825255995,1,3.097278699
6395,0.9843067695,0.8162183752,1.741016997,1,3.097419859
6396,0.1664331404,0.6989393616,1.993062972,1,3.097560976
6397,1.311225638,1.554735291,1.510194466,0,3.097076755
6398,1.628891499,1.637135449,1.160479421,0,3.096592685
6399,1.778998031,0.08647348082,0.9138741736,1,3.096733865
6400,0.6318124245,0.7672507444,1.897580844,1,3.096875
6401,1.150825327,0.4182006282,1.635726465,1,3.097016091
6402,0.6715223613,0.2940059104,1.883894296,1,3.097157138
6403,1.252861522,1.794579833,1.558954139,0,3.096673434
6404,1.230495607,0.8234363006,1.576667549,1,3.096814491
6405,1.102593519,0.2535148281,1.66861845,1,3.096955504
6406,1.758493004,1.673456635,0.9527341479,0,3.096472057
6407,0.7989394077,1.261887706,1.833492793,1,3.096613079
6408,1.020914443,0.05886750701,1.719806297,1,3.096754057
6409,0.8985789367,1.645812906,1.78677248,1,3.096894991
6410,0.07542331482,1.601231901,1.998577325,1,3.097035881
6411,1.368396717,0.3948983627,1.458591932,1,3.097176727
6412,1.966417527,1.736714248,0.3649686418,0,3.096693699
6413,1.345445999,0.2743322376,1.479788858,1,3.096834555
6414,0.2607420855,0.03074475856,1.98293055,1,3.096975366
6415,1.150563829,1.148052064,1.635910412,1,3.097116134
6416,0.3826878217,0.01217342468,1.96304611,1,3.097256858
6417,1.367075979,1.756228235,1.459829876,0,3.096774194
6418,1.727707907,1.522537097,1.007484684,0,3.09629168
6419,0.265901805,1.239563417,1.98224525,1,3.096432466
6420,0.1282981269,1.463166603,1.995880655,1,3.096573209
6421,0.1876318306,0.7894883368,1.991179122,1,3.096713907
6422,0.07031724709,1.764218596,1.998763489,1,3.096854562
6423,1.142528957,0.393468662,1.641532084,1,3.096995174
6424,0.3925255799,1.020718441,1.961102667,1,3.097135741
6425,1.909302064,0.002892117449,0.5954541365,1,3.097276265
6426,0.8421658133,0.2792697942,1.814044306,1,3.097416744
6427,1.248433255,1.970432971,1.562502611,0,3.096934806
6428,1.616078358,1.301025055,1.178257502,0,3.096453018
6429,0.7027279415,0.1261839284,1.872477888,1,3.09659356
6430,1.861943139,0.8616723478,0.7301833665,0,3.096111975
6431,0.8641283229,1.168657166,1.803685738,1,3.096252527
6432,0.8297515913,0.129519718,1.819756109,1,3.096393035
6433,1.069693659,0.2756362019,1.689898067,1,3.096533499
6434,0.8600635792,1.16744472,1.805627492,1,3.09667392
6435,1.826466164,1.508167415,0.8148750519,0,3.096192696
6436,0.2878406504,1.606162493,1.979178557,1,3.096333126
6437,1.015489522,1.974424375,1.723015099,0,3.095852105
6438,1.408015278,0.1248867545,1.420384799,1,3.095992544
6439,1.293458896,0.1736227229,1.525438981,1,3.09613294
6440,0.5407197448,1.040867946,1.925518672,1,3.096273292
6441,0.4554258386,1.293322734,1.947456625,1,3.0964136
6442,0.1375427235,0.2938826233,1.995264894,1,3.096553865
6443,0.7445945042,0.1713005488,1.856227094,1,3.096694087
6444,0.2631303783,0.8366843655,1.982615042,1,3.096834264
6445,1.928227393,0.9862089484,0.5309793969,0,3.096353763
6446,0.6985428061,0.9591356769,1.874043209,1,3.09649395
6447,0.750418839,0.9988386929,1.853880138,1,3.096634093
6448,0.6446261367,0.2635115982,1.893266263,1,3.096774194
6449,0.07846443577,1.461040212,1.99846024,1,3.09691425
6450,1.113475071,1.897395206,1.661376919,0,3.096434109
6451,0.4454896048,0.7544243923,1.949753577,1,3.096574175
6452,0.1190988415,0.09287118237,1.996450717,1,3.096714197
6453,1.270999077,0.3777382269,1.544202495,1,3.096854176
6454,0.8835988873,1.601518426,1.794227691,1,3.096994112
6455,0.445348717,0.1949824084,1.949785763,1,3.097134005
6456,0.2279187864,0.4068884067,1.986970817,1,3.097273854
6457,1.458798714,0.06087985576,1.368176273,1,3.09741366
6458,0.6072586677,0.6681664103,1.905580466,1,3.097553422
6459,1.230522373,1.792449895,1.576646659,0,3.09707385
6460,1.958297103,1.06154248,0.4062910971,0,3.096594427
6461,1.571467849,0.9199572226,1.237129258,1,3.096734252
6462,1.200151732,1.200389654,1.59988619,1,3.096874033
6463,0.1206383562,0.5466689862,1.996358281,1,3.097013771
6464,1.347611598,0.7167768982,1.477816965,1,3.097153465
6465,0.1286074173,0.4635164223,1.99586075,1,3.097293117
6466,1.201042279,1.591033899,1.59921776,1,3.097432725
6467,1.515814106,1.93523136,1.304725104,0,3.096953765
6468,0.4744768523,1.930268928,1.94290291,1,3.097093383
6469,1.755954474,0.6845793062,0.9574047663,1,3.097232957
6470,0.6592132947,0.7364770889,1.888236699,1,3.097372488
6471,1.796570573,1.898689295,0.878825452,0,3.096893834
6472,0.6059599066,1.822648098,1.905993859,1,3.097033375
6473,0.5927709439,1.255940901,1.910136803,1,3.097172872
6474,1.001251092,1.59021137,1.731327886,1,3.097312326
6475,0.3464822768,1.113376082,1.969758877,1,3.097451737
6476,0.8490444508,0.3566181742,1.810835034,1,3.097591106
6477,1.28197111,1.192009684,1.535105883,1,3.097730431
6478,1.991605493,0.5191877692,0.1830507066,0,3.097252238
6479,0.8323752535,0.1758705709,1.818557516,1,3.097391573
6480,1.249587449,1.017413935,1.561579715,1,3.097530864
6481,0.1250988526,1.387665726,1.996083735,1,3.097670113
6482,0.9680485254,1.502301164,1.750109154,1,3.097809318
6483,0.06156907636,0.7989013899,1.999052088,1,3.097948481
6484,0.5057502706,0.6042930697,1.934997846,1,3.0980876
6485,0.3226842781,1.55824768,1.973797066,1,3.098226677
6486,1.423178634,0.4709750576,1.405191295,1,3.098365711
6487,0.5452896597,0.7665116552,1.924229505,1,3.098504702
6488,0.2532489866,1.660219819,1.983901447,1,3.09864365
6489,1.464517877,1.066171641,1.362052637,1,3.098782555
6490,0.7383858991,1.069984805,1.858705534,1,3.098921418
6491,1.124464956,0.6500357739,1.653958453,1,3.099060237
6492,1.921711785,0.9536599483,0.5540972979,0,3.098582871
6493,0.03457372315,0.3429174098,1.999701142,1,3.0987217
6494,0.3030217758,1.295477492,1.976911177,1,3.098860487
6495,1.109782762,1.378187934,1.663845612,1,3.09899923
6496,1.254802128,1.507166409,1.55739257,1,3.099137931
6497,1.198857746,1.275109065,1.600856053,1,3.099276589
6498,0.04051177474,1.920618241,1.999589657,1,3.099415205
6499,0.08904716652,1.776598769,1.998016667,1,3.099553778
6500,0.239607333,0.8263420037,1.985595207,1,3.099692308
6501,1.962463715,0.6669762814,0.3856632801,0,3.099215505
6502,0.7918233881,1.996895046,1.836577176,0,3.09873885
6503,1.197885701,0.457381791,1.601583544,1,3.098877441
6504,0.09037387201,1.176714359,1.997957097,1,3.09901599
6505,1.71469489,1.491852711,1.029476291,0,3.098539585
6506,1.701315592,0.2087264797,1.051439611,1,3.098678143
6507,0.9945099141,1.757772671,1.73520893,0,3.098201936
6508,0.7968670377,1.213914289,1.83439443,1,3.098340504
6509,1.809510709,0.1640641433,0.8518632488,1,3.098479029
6510,1.594902013,1.458450939,1.206767405,0,3.098003072
6511,0.03918386609,0.8731134848,1.999616119,1,3.098141607
6512,1.694745954,0.6172713582,1.061996305,1,3.098280098
6513,1.904695715,0.7917607649,0.6100280597,0,3.097804391
6514,1.51393806,0.3156701084,1.306901508,1,3.097942892
6515,1.464984205,0.1280019261,1.361551056,1,3.098081351
6516,0.373905493,0.488879249,1.964737815,1,3.098219767
6517,1.138573667,1.108341114,1.644277959,1,3.09835814
6518,1.230099624,1.893056661,1.576976511,0,3.097882786
6519,1.093013327,1.810541697,1.67490951,0,3.097407578
6520,0.07299620125,0.9691098865,1.998667445,1,3.097546012
6521,0.08948955644,1.962759664,1.997996902,1,3.097684404
6522,0.5553663787,0.8942487385,1.92134541,1,3.097822754
6523,1.86929218,1.742142726,0.7111587356,0,3.097347846
6524,0.1080587449,0.02054057748,1.997078693,1,3.097486205
6525,1.462451133,0.6733402249,1.364271484,1,3.097624521
6526,0.4451686321,1.594357078,1.949826887,1,3.097762795
6527,1.73389379,1.913699657,0.9968010467,0,3.097288188
6528,1.857636997,1.810360603,0.7410700298,0,3.096813725
6529,1.537103465,0.1306871447,1.279575296,1,3.09695206
6530,0.5611186833,0.2402836896,1.919673364,1,3.097090352
6531,0.1106581109,1.251525248,1.996936349,1,3.097228602
6532,1.050413322,1.118656191,1.701949427,1,3.09736681
6533,1.933682045,1.916306061,0.5107580145,0,3.096892699
6534,0.3555052523,0.2466502801,1.968150405,1,3.097030915
6535,1.262260452,1.80204082,1.55135378,0,3.096557001
6536,1.23871526,1.737778648,1.57021798,0,3.096083231
6537,0.6419032916,0.5022398764,1.894191164,1,3.096221508
6538,1.062713317,1.816125696,1.694296434,0,3.095747935
6539,1.232408638,1.502025593,1.575172673,1,3.095886221
6540,0.4178157677,1.358768164,1.955870646,1,3.096024465
6541,1.633417611,1.851836682,1.154100043,0,3.095551139
6542,1.653000366,1.314269335,1.125872901,0,3.095077958
6543,0.5113083017,1.120041313,1.93353661,1,3.095216262
6544,1.969006514,0.2516555958,0.3507325854,1,3.095354523
6545,1.488196053,0.807256985,1.336140901,1,3.095492743
6546,0.6932576501,0.4793627813,1.876004752,1,3.09563092
6547,1.672240626,1.717044876,1.097092197,0,3.095158088
6548,1.26650463,0.5077622148,1.54789083,1,3.095296274
6549,1.53943906,1.267677844,1.276764419,1,3.095434417
6550,0.4447969668,0.5479326957,1.949911705,1,3.095572519
6551,1.507895376,0.9760672324,1.313868918,1,3.095710579
6552,1.676379948,1.324528759,1.090756743,0,3.095238095
6553,1.069158735,0.1632175462,1.690236551,1,3.095376164
6554,1.596709909,0.7214728363,1.204374306,1,3.09551419
6555,1.12336038,1.844266147,1.654708873,0,3.095041953
6556,0.7168910641,0.2893699183,1.867101283,1,3.095179988
6557,0.3074022058,0.8022993187,1.976234774,1,3.095317981
6558,1.508814286,1.214295713,1.312813562,1,3.095455932
6559,0.08509769138,0.5280399925,1.998188776,1,3.095593841
6560,1.159964388,1.21058239,1.629258303,1,3.095731707
6561,0.5134547015,0.7557152294,1.932967736,1,3.095869532
6562,1.727547516,0.5876230293,1.007759683,1,3.096007315
6563,1.398036147,1.290513318,1.430208003,1,3.096145056
6564,0.2132859736,1.596397479,1.988594753,1,3.096282754
6565,1.310570082,1.839950742,1.510763403,0,3.09581112
6566,1.549056854,1.208306418,1.265078204,1,3.095948827
6567,0.525615948,1.092152772,1.929696317,1,3.096086493
6568,0.806654107,0.6346314178,1.830111787,1,3.096224117
6569,0.5241780003,1.578284232,1.930087414,1,3.096361699
6570,0.8620179674,1.48305554,1.804695272,1,3.096499239
6571,0.4770999732,0.6148260902,1.94226044,1,3.096636737
6572,1.464781321,1.29879385,1.361769321,1,3.096774194
6573,0.162034548,0.8300735971,1.993425395,1,3.096911608
6574,1.630682879,0.5673246403,1.157960857,1,3.097048981
6575,1.371475652,0.3435536048,1.455697268,1,3.097186312
6576,0.06525747385,0.6544579569,1.998935082,1,3.097323601
6577,0.4961068779,0.08100913862,1.937492701,1,3.097460848
6578,1.892480957,1.501945082,0.6469279914,0,3.096989967
6579,0.3844174688,0.7178301982,1.962708132,1,3.097127223
6580,0.3892413983,0.2474723784,1.961757155,1,3.097264438
6581,0.6271429143,1.710029847,1.899129212,1,3.097401611
6582,0.7731007934,1.043282869,1.844536571,1,3.097538742
6583,1.396180386,1.456443503,1.432019668,0,3.097068206
6584,1.039707598,0.5856825197,1.708510495,1,3.097205346
6585,1.801133386,0.4921121347,0.8694357514,1,3.097342445
6586,1.882151992,0.25905757,0.6763903308,1,3.097479502
6587,1.121748575,1.070758732,1.655801961,1,3.097616517
6588,0.7888581784,1.396887309,1.837852762,1,3.097753491
6589,0.5494993743,1.586239156,1.923031575,1,3.097890423
6590,1.656880409,1.128316707,1.120155038,0,3.097420334
6591,0.515769961,1.804100793,1.932351248,1,3.097557275
6592,0.2870416755,0.9471550831,1.979294591,1,3.097694175
6593,1.662819401,0.8800813949,1.111319774,1,3.097831033
6594,1.288798189,0.08682619268,1.529378707,1,3.09796785
6595,0.7203897828,1.009091793,1.865754153,1,3.098104625
6596,1.310097277,1.350870454,1.511173426,1,3.098241358
6597,0.7661006066,0.6471819193,1.847454968,1,3.098378051
6598,1.998561466,0.02906441139,0.07584237054,1,3.098514701
6599,1.087800575,0.2573343474,1.678299708,1,3.098651311
6600,1.65945773,1.903671436,1.116333303,0,3.098181818
6601,0.3776468552,0.6131388499,1.964022111,1,3.098318437
6602,1.003370077,0.4296472191,1.730100716,1,3.098455014
6603,0.3312371624,0.6861132835,1.972379766,1,3.098591549
6604,1.434125782,0.270055828,1.394016945,1,3.098728044
6605,1.592874948,0.3507690852,1.209441772,1,3.098864497
6606,1.827649078,1.780434646,0.812218472,0,3.098395398
6607,1.144024997,1.66764713,1.640489807,0,3.097926442
6608,0.946987483,1.558222814,1.761594365,1,3.098062954
6609,0.8806825929,0.2007529862,1.795660929,1,3.098199425
6610,0.2834343965,0.4871211683,1.979814371,1,3.098335855
6611,1.766165081,0.2965528055,0.9384353511,1,3.098472243
6612,0.1479982486,0.266167888,1.994516613,1,3.09860859
6613,1.948821694,1.060889689,0.4495486697,0,3.098140027
6614,1.099292911,0.4431680788,1.67079475,1,3.098276383
6615,1.383247662,0.5074729036,1.444515803,1,3.098412698
6616,0.5978701977,1.082747338,1.908546889,1,3.098548972
6617,0.9448247919,1.896467998,1.762755262,0,3.098080701
6618,1.105489372,0.3420739444,1.666701307,1,3.098216984
6619,1.750061706,0.2298923127,0.9681343004,1,3.098353226
6620,1.814505513,1.940770847,0.841171649,0,3.097885196
6621,1.817328002,1.143675123,0.8350562465,0,3.097417309
6622,1.196807187,0.2927699329,1.60238964,1,3.097553609
6623,0.2507106945,0.2952438388,1.984223815,1,3.097689869
6624,1.803448885,0.7095330815,0.8646225304,1,3.097826087
6625,1.536117059,1.515709524,1.280759299,0,3.097358491
6626,0.04122318193,0.4570774591,1.999575117,1,3.097494718
6627,1.492888523,1.116818547,1.330895885,1,3.097630904
6628,0.3374801519,1.970514918,1.971321168,1,3.097767049
6629,0.7288575975,0.6266615016,1.86246251,1,3.097903153
6630,1.014740657,0.652398725,1.723456236,1,3.098039216
6631,0.6283522664,1.650265844,1.898729425,1,3.098175238
6632,0.6261784559,1.327625347,1.899447431,1,3.098311218
6633,0.2348433886,0.8719802971,1.986164289,1,3.098447158
6634,0.853507149,1.27924131,1.808735897,1,3.098583057
6635,1.451273349,0.7707768399,1.37615612,1,3.098718915
6636,1.929659206,0.9337622226,0.5257521742,0,3.098251959
6637,1.73619482,0.7014624043,0.9927877652,1,3.098387826
6638,1.64184955,0.05213478292,1.142072701,1,3.098523652
6639,0.3146923484,1.094034307,1.975087017,1,3.098659437
6640,1.425616152,0.8583835097,1.402718285,1,3.098795181
6641,0.8402872054,1.156901526,1.814915263,1,3.098930884
6642,1.69625673,0.2167221612,1.059581571,1,3.099066546
6643,1.364437781,1.37332813,1.462295983,1,3.099202168
6644,0.5881624027,1.41669657,1.911560877,1,3.099337748
6645,0.3096669749,1.716187866,1.975881162,1,3.099473288
6646,0.1853091285,1.617536349,1.991396627,1,3.099608787
6647,0.1403288916,0.8207196969,1.995070876,1,3.099744246
6648,1.194705075,1.262870753,1.603957538,1,3.099879663
6649,0.7056920422,0.4215898699,1.871362803,1,3.10001504
6650,0.7872392663,1.758332317,1.838546801,1,3.100150376
6651,0.339768604,1.189358684,1.970928029,1,3.100285671
6652,0.5793939949,1.517241872,1.914236819,1,3.100420926
6653,0.8608616237,1.019119874,1.805247148,1,3.10055614
6654,1.132394182,1.213445507,1.648539783,1,3.100691313
6655,0.3181691855,0.8124371243,1.974529911,1,3.100826446
6656,1.74628564,1.094582074,0.9749289526,0,3.100360577
6657,0.2033197025,0.6326513256,1.989638434,1,3.100495719
6658,0.6000182892,1.009572946,1.907872651,1,3.10063082
6659,1.851264433,1.744555153,0.7568487293,0,3.10016519
6660,1.217088209,0.02979278423,1.587040104,1,3.1003003
6661,1.055976594,1.642281293,1.698503292,1,3.10043537
6662,1.131271397,1.98353406,1.64931047,0,3.099969979
6663,1.003723994,0.9565921907,1.729895414,1,3.100105058
6664,1.876967294,1.934268935,0.6906473602,0,3.099639856
6665,0.8739295576,1.2454957,1.798957234,1,3.099774944
6666,1.664356285,0.8658873658,1.109016753,1,3.099909991
6667,0.04342494035,1.446564395,1.999528513,1,3.100044998
6668,1.693123144,1.626079542,1.064581617,0,3.099580084
6669,1.220182976,1.429738694,1.584661953,1,3.0997151
6670,0.5471400245,1.655709497,1.923704186,1,3.099850075
6671,1.553699797,1.254977668,1.259371645,1,3.09998501
6672,0.03286676943,0.6639922268,1.999729926,1,3.100119904
6673,1.253260433,1.005141906,1.558633468,1,3.100254758
6674,1.498357968,0.5367510931,1.324735219,1,3.100389571
6675,0.2210081716,0.9662335717,1.98775134,1,3.100524345
6676,1.126544245,1.154920018,1.652542908,1,3.100659077
6677,0.5272489577,1.415874629,1.929250771,1,3.10079377
6678,0.4036995158,0.009795469527,1.958832995,1,3.100928422
6679,0.6091421874,0.5796449717,1.904979211,1,3.101063033
6680,1.464506304,1.773308669,1.362065081,0,3.100598802
6681,0.5695099982,1.875834408,1.917200658,1,3.100733423
6682,1.880716792,1.689211371,0.6803707437,0,3.10026938
6683,1.891788861,0.9363651413,0.648949078,0,3.099805477
6684,1.999668862,0.6812876037,0.0363928798,0,3.099341712
6685,0.3235081687,0.9733716203,1.973662196,1,3.09947644
6686,0.07983343154,0.7936872584,1.998406021,1,3.099611128
6687,0.7597143056,1.601415169,1.850090315,1,3.099745775
6688,1.827095665,0.5645016558,0.8134626181,1,3.099880383
6689,1.220621835,0.8363084178,1.584323936,1,3.10001495
6690,1.670602731,0.4804411506,1.099584701,1,3.100149477
6691,1.309999009,0.4092975902,1.511258613,1,3.100283964
6692,0.7532378937,0.8070272517,1.852736537,1,3.10041841
6693,1.044213271,0.9036646335,1.70576043,1,3.100552816
6694,0.7712947819,1.530042897,1.845292486,1,3.100687183
6695,0.6635889643,1.062446021,1.886703391,1,3.100821509
6696,1.1231239,0.3434360082,1.654869392,1,3.100955795
6697,1.028908783,0.8869291893,1.715035486,1,3.10109004
6698,0.8887126382,1.006615421,1.791700267,1,3.101224246
6699,1.105446026,1.488094771,1.666730057,1,3.101358412
6700,0.4831958409,1.834369137,1.94075289,1,3.101492537
6701,1.072915838,0.7072405911,1.687854142,1,3.101626623
6702,1.056665068,0.04385235853,1.698075068,1,3.101760668
6703,1.020134882,1.021765164,1.720268823,1,3.101894674
6704,1.13299091,0.8491721115,1.648129727,1,3.10202864
6705,1.757756213,1.545189203,0.954092813,0,3.101565996
6706,1.89262269,1.644772162,0.6465132273,0,3.101103489
6707,0.6863924108,0.6873574863,1.878527471,1,3.101237513
6708,1.01695501,1.865259278,1.722150547,0,3.100775194
6709,0.1662899147,1.152318235,1.993074927,1,3.100909226
6710,1.506673502,1.867214544,1.315269918,0,3.100447094
6711,1.121385861,0.4441724921,1.65604763,1,3.100581135
6712,1.929886607,0.4432736216,0.5249168351,1,3.100715137
6713,0.5633603447,1.676799683,1.919016707,1,3.100849099
6714,1.910047692,1.948917911,0.5930580202,0,3.100387251
6715,1.401317048,1.696132406,1.426993529,0,3.09992554
6716,1.958659277,1.704472784,0.4045415138,0,3.099463967
6717,0.7311436028,0.1073156899,1.861566285,1,3.099598035
6718,1.214871793,0.08572626777,1.5887374,1,3.099732063
6719,0.1158281367,1.736927122,1.996643144,1,3.099866051
6720,0.9938453438,0.3165785841,1.73558965,1,3.1
6721,0.6908947771,1.018570028,1.876876236,1,3.100133909
6722,1.5996792,0.3610101303,1.200427615,1,3.100267777
6723,1.407720279,0.5704267579,1.420677168,1,3.100401606
6724,1.765807269,0.7135976798,0.9391084536,1,3.100535396
6725,0.4609035893,0.5826565187,1.946167485,1,3.100669145
6726,0.1268252882,0.5032705915,1.995974786,1,3.100802855
6727,0.548098896,1.085116559,1.923431205,1,3.100936524
6728,1.551969632,0.4485061494,1.261503176,1,3.101070155
6729,1.712646096,0.2138786769,1.032881092,1,3.101203745
6730,1.77978205,1.053433499,0.9123463464,0,3.100742942
6731,1.76337857,1.684483957,0.9436609658,0,3.100282276
6732,0.09034730015,1.00490154,1.997958299,1,3.100415924
6733,0.2582764447,1.346065848,1.983253206,1,3.100549532
6734,1.08571682,1.007986083,1.679648471,1,3.100683101
6735,1.803411916,1.870404948,0.8646996373,0,3.100222717
6736,1.215040963,0.8966174457,1.588608026,1,3.100356295
6737,0.351118103,1.48715795,1.968937804,1,3.100489832
6738,1.958171306,0.5272590745,0.4068969585,0,3.100029682
6739,1.178681884,1.54735729,1.615768862,1,3.100163229
6740,1.789072638,0.6770137406,0.8939905455,1,3.100296736
6741,1.730415517,0.3205878379,1.002827073,1,3.100430203
6742,1.859856336,1.455922913,0.7354824319,0,3.099970335
6743,0.3665552101,0.3104082446,1.966122396,1,3.100103811
6744,0.0131719123,1.096191976,1.999956625,1,3.100237248
6745,0.5365557487,0.4643527465,1.926683142,1,3.100370645
6746,1.254604185,0.7428732778,1.557552034,1,3.100504002
6747,0.2901752709,0.293701449,1.978837616,1,3.10063732
6748,0.7162754652,1.839918816,1.867337532,1,3.100770599
6749,0.6181851069,1.811032077,1.902063925,1,3.100903838
6750,0.8916339519,0.8517766743,1.790248278,1,3.101037037
6751,0.09212529545,0.07476344819,1.997877106,1,3.101170197
6752,0.03424096798,0.8366401502,1.999706868,1,3.101303318
6753,1.013931097,0.4262701719,1.723932635,1,3.101436399
6754,0.3146631512,0.649381352,1.975091669,1,3.10156944
6755,0.6725833093,0.05810841001,1.88351578,1,3.101702443
6756,0.008782324934,0.6063112008,1.999980718,1,3.101835406
6757,0.909319419,0.4746106804,1.781330456,1,3.101968329
6758,1.007971131,0.7605323428,1.727424151,1,3.102101213
6759,0.8160344908,1.191543915,1.825948441,1,3.102234058
6760,0.4390837601,1.089032865,1.951206153,1,3.102366864
6761,0.6428230806,0.3695730959,1.893879217,1,3.10249963
6762,0.9228106377,1.312327961,1.774378913,1,3.102632357
6763,1.612119359,1.021615013,1.183668523,1,3.102765045
6764,0.4195906575,0.9059838657,1.955490649,1,3.102897694
6765,1.84805621,0.8514311706,0.7646491001,0,3.102439024
6766,1.842011293,1.942660608,0.7790984507,0,3.101980491
6767,1.653114521,0.901328004,1.125705282,1,3.102113196
6768,0.998252075,0.994565954,1.733058797,1,3.102245863
6769,0.5582305762,1.681327354,1.920515198,1,3.10237849
6770,0.5469203895,1.084401578,1.923766641,1,3.102511078
6771,0.6891641007,0.05403106674,1.877512408,1,3.102643627
6772,1.905832663,0.6527163813,0.606466702,0,3.10218547
6773,0.7765871548,1.212338429,1.843071456,1,3.102318027
6774,1.660829516,1.617848465,1.114291398,0,3.101860053
6775,0.6256701031,0.9847874698,1.89961494,1,3.10199262
6776,1.359702286,0.2139041979,1.466700274,1,3.102125148
6777,0.03414797239,1.048297795,1.999708458,1,3.102257636
6778,1.624204425,1.353258353,1.167030413,0,3.101799941
6779,1.145990969,1.428668718,1.639117048,1,3.101932438
6780,1.559472974,0.8104314113,1.252215653,1,3.102064897
6781,0.8607534478,1.905312314,1.805298729,0,3.101607433
6782,0.2096723327,1.164206106,1.988979013,1,3.1017399
6783,1.77722163,1.107073272,0.9173239763,0,3.101282618
6784,0.588327396,0.05917242359,1.911510103,1,3.101415094
6785,1.981725456,0.8042145001,0.2697484321,0,3.100957996
6786,0.05632521211,0.5575362296,1.99920671,1,3.10109048
6787,0.9330309289,0.1109706006,1.769026084,1,3.101222926
6788,1.037469452,1.270574625,1.709870503,1,3.101355333
6789,1.766566165,1.017644072,0.9376801078,0,3.100898512
6790,0.4504302265,0.4753321244,1.948618129,1,3.101030928
6791,0.4484752224,0.4764009316,1.949069002,1,3.101163304
6792,0.4250644429,0.4812570464,1.954308118,1,3.101295642
6793,1.104856317,0.3559441172,1.667121027,1,3.101427941
6794,0.438497703,1.789932321,1.951337942,1,3.1015602
6795,0.8770735966,0.7613570885,1.797426468,1,3.101692421
6796,1.068911747,1.026993572,1.690392758,1,3.101824603
6797,0.572643544,0.2260109264,1.916267041,1,3.101956746
6798,0.7561495546,0.0007546516527,1.851550121,1,3.10208885
6799,1.062648391,0.1214522642,1.694337156,1,3.102220915
6800,1.487758744,1.394841691,1.336627817,0,3.101764706
6801,1.200705747,0.6110739477,1.599470447,1,3.10189678
6802,1.239316882,0.1958989078,1.569743184,1,3.102028815
6803,1.294571662,1.264808077,1.524494739,1,3.102160811
6804,0.427686064,1.997928881,1.95373607,0,3.101704879
6805,0.4827193903,1.011272563,1.940871451,1,3.101836885
6806,1.672579299,0.6477409564,1.096575801,1,3.101968851
6807,1.183224556,0.1826637584,1.612445239,1,3.102100779
6808,0.04480539466,1.492663068,1.999498056,1,3.102232667
6809,0.125981265,0.592108227,1.996028236,1,3.102364518
6810,0.8314383028,1.317557372,1.818986077,1,3.102496329
6811,0.8623160598,0.2707754344,1.804552857,1,3.102628102
6812,0.1920795325,1.338113221,1.990754996,1,3.102759836
6813,0.5490658138,1.48641159,1.92315541,1,3.102891531
6814,1.774887837,0.9734330364,0.9218314196,0,3.102436161
6815,0.4686839936,1.605247996,1.944308441,1,3.102567865
6816,1.66280001,0.01943065035,1.111348788,1,3.102699531
6817,0.3226785421,1.816106046,1.973798003,1,3.102831157
6818,1.686857315,0.9309467682,1.074482387,1,3.102962746
6819,1.161091183,1.208489456,1.628455485,1,3.103094295
6820,0.6399523787,1.750391537,1.894851169,1,3.103225806
6821,0.2355735112,1.071043618,1.986077823,1,3.103357279
6822,1.275825402,1.622021184,1.540217369,0,3.102902375
6823,1.995678999,0.7553948632,0.1313976195,0,3.102447604
6824,0.7133316604,1.502419149,1.86846406,1,3.102579132
6825,0.1549199906,0.1909572674,1.993990922,1,3.102710623
6826,0.7674565711,1.120122769,1.846892095,1,3.102842074
6827,1.271875918,0.08059811783,1.543480369,1,3.102973488
6828,0.674674892,0.9111036525,1.882767588,1,3.103104862
6829,0.2187334574,1.369045907,1.988002936,1,3.103236199
6830,0.1860274993,0.7176325377,1.991329649,1,3.103367496
6831,1.030017691,0.36935073,1.714369726,1,3.103498756
6832,1.478952942,0.3038253458,1.346364808,1,3.103629977
6833,0.1276212791,0.06062514504,1.995924049,1,3.103761159
6834,0.4754521077,0.5671241016,1.942664483,1,3.103892303
6835,1.803915543,0.1704264572,0.8636484905,1,3.104023409
6836,0.497912232,0.3867410412,1.937029532,1,3.104154476
6837,1.927720764,1.972782399,0.5328157812,0,3.103700453
6838,0.2213014959,1.150636189,1.987718704,1,3.10383153
6839,1.440882113,0.08661706144,1.387032349,1,3.103962568
6840,1.319654582,1.006952084,1.502834583,1,3.104093567
6841,0.8440456284,1.068002112,1.813170421,1,3.104224529
6842,0.8565525679,0.19120208,1.807295687,1,3.104355452
6843,1.850201847,0.7727705024,0.7594426413,0,3.103901797
6844,0.759651884,0.3491487091,1.850115946,1,3.104032729
6845,1.267741403,1.033774058,1.546878061,1,3.104163623
6846,1.468575536,1.158834811,1.357676653,1,3.104294479
6847,0.4697040937,1.174806866,1.944062258,1,3.104425296
6848,0.9076981767,0.5387471157,1.782157126,1,3.104556075
6849,0.5273165209,1.049408952,1.929232305,1,3.104686816
6850,0.2168342039,0.3348400764,1.988210987,1,3.104817518
6851,1.006093249,0.3296620471,1.728518549,1,3.104948183
6852,0.8773413736,0.08820697062,1.797295778,1,3.105078809
6853,0.03119949777,0.285556703,1.999756633,1,3.105209397
6854,0.09113627253,1.509931205,1.997922466,1,3.105339947
6855,0.125731828,1.202119765,1.996043964,1,3.10547046
6856,1.578489892,1.777426153,1.228157018,0,3.105017503
6857,0.8181367954,1.483257085,1.825007448,1,3.105148024
6858,0.5723198406,0.1427816809,1.916363744,1,3.105278507
6859,0.4730738955,0.7578819014,1.94324499,1,3.105408952
6860,0.8780102587,1.855263536,1.796969111,0,3.104956268
6861,0.7534115511,0.1882625236,1.852665926,1,3.105086722
6862,1.250839798,0.497286521,1.560576752,1,3.105217138
6863,1.911958414,0.5248991974,0.5868688303,1,3.105347516
6864,1.25606465,0.875665627,1.556374504,1,3.105477855
6865,0.7883394616,1.472275945,1.838075323,1,3.105608157
6866,0.08155966273,1.2401545,1.998336313,1,3.105738421
6867,0.3494559274,0.1364022687,1.969233494,1,3.105868647
6868,0.1999119922,0.1339066199,1.989983717,1,3.105998835
6869,0.7114621589,1.442758888,1.869176716,1,3.106128985
6870,0.553849458,1.603506504,1.921783229,1,3.106259098
6871,0.5795716429,1.949977782,1.91418304,0,3.105807015
6872,0.4942173616,1.757225428,1.937975542,1,3.105937136
6873,1.753067953,1.814071931,0.962679985,0,3.105485232
6874,0.5239884148,1.358768416,1.930138892,1,3.105615362
6875,1.300231054,0.257372902,1.519670756,1,3.105745455
6876,0.09497144974,1.290863257,1.997743833,1,3.105875509
6877,0.6795055126,0.771017884,1.881029574,1,3.106005526
6878,1.656823881,0.9486809818,1.120238648,1,3.106135505
6879,0.01297823336,1.577739087,1.999957891,1,3.106265446
6880,0.2830508087,0.1243580752,1.979869248,1,3.106395349
6881,1.125795104,1.371718402,1.653053352,1,3.106525214
6882,1.175268022,1.729013997,1.618253712,0,3.106073816
6883,0.6184582651,1.785985879,1.901975125,1,3.10620369
6884,1.64891079,1.668123618,1.13185388,0,3.105752469
6885,0.9692162885,1.253639718,1.749462714,1,3.105882353
6886,0.8554436593,1.905806139,1.807820828,0,3.10543131
6887,1.456719644,0.5658797842,1.370389681,1,3.105561202
6888,0.01216916198,1.390749797,1.999962978,1,3.105691057
6889,1.856455602,0.9575313535,0.744024594,0,3.105240238
6890,1.880636858,1.384228714,0.6805916609,0,3.10478955
6891,1.912594876,1.885194801,0.5847912798,0,3.104338993
6892,1.910205018,0.3668042515,0.5925510871,1,3.10446895
6893,1.886621842,1.758999446,0.6638207782,0,3.10401857
6894,0.3460362434,0.9853490094,1.969837282,1,3.104148535
6895,0.08131635967,1.77275512,1.998346229,1,3.104278463
6896,1.134181174,1.9882457,1.647310858,0,3.103828306
6897,1.141311144,1.457570247,1.642379028,1,3.103958243
6898,0.7104658871,1.509489861,1.869555622,1,3.104088141
6899,0.2345929322,1.866723186,1.986193887,1,3.104218003
6900,1.042377821,0.3581533503,1.706882678,1,3.104347826
6901,0.9862494914,0.06888669041,1.739917222,1,3.104477612
6902,1.686845497,0.8373598577,1.074500939,1,3.10460736
6903,1.15984701,0.4430025952,1.629341865,1,3.104737071
6904,0.434239147,0.521033348,1.952290031,1,3.104866744
6905,0.04753326064,1.700240861,1.999435067,1,3.104996379
6906,1.723394525,0.8226240566,1.014845462,1,3.105125977
6907,1.141345252,0.7440313331,1.642355326,1,3.105255538
6908,1.115013747,1.856732996,1.660344646,0,3.104806022
6909,0.04845609465,0.1753551323,1.999412916,1,3.104935591
6910,0.4894531986,0.8195996185,1.939184253,1,3.105065123
6911,1.693851383,0.9308930763,1.063422536,1,3.105194617
6912,1.758002233,1.843327855,0.9536394227,0,3.10474537
6913,1.535088584,1.174335567,1.281991825,1,3.104874873
6914,1.320404306,1.411750817,1.502175911,1,3.105004339
6915,0.2254214213,1.353491305,1.987255691,1,3.105133767
6916,1.381477972,1.218255175,1.446208358,1,3.105263158
6917,0.982895073,1.660615076,1.741814363,1,3.105392511
6918,0.1412313839,1.853930573,1.995007192,1,3.105521827
6919,1.65887942,0.07802799512,1.117192494,1,3.105651106
6920,1.203755741,0.6555567962,1.597176295,1,3.105780347
6921,0.5305894991,1.218573627,1.928334718,1,3.105909551
6922,0.7153800245,1.713948938,1.86768076,1,3.106038717
6923,1.3117706,1.721702981,1.50972113,0,3.105590062
6924,0.04506549442,0.5373974435,1.999492211,1,3.105719237
6925,1.010848858,0.5550210261,1.72574175,1,3.105848375
6926,0.1808406133,0.8344145309,1.991807388,1,3.105977476
6927,0.3663148071,0.689360265,1.966167201,1,3.10610654
6928,0.67977114,0.3254043811,1.880933597,1,3.106235566
6929,0.02106946039,1.915779877,1.999889016,1,3.106364555
6930,1.525415098,1.819080594,1.293487062,0,3.105916306
6931,1.14463556,1.962358224,1.640063851,0,3.105468186
6932,0.1984211071,0.5576633042,1.990132926,1,3.10559723
6933,1.114406601,0.7822815107,1.660752217,1,3.105726237
6934,1.101822615,1.328116827,1.669127594,1,3.105855206
6935,1.390281739,0.9571238995,1.437747087,1,3.105984138
6936,1.174249232,1.406332191,1.618993126,1,3.106113033
6937,1.977684799,1.051489685,0.2979309214,0,3.105665273
6938,1.991521062,1.50902512,0.183967012,0,3.105217642
6939,0.003399816473,0.5312920552,1.99999711,1,3.105346592
6940,1.443308475,0.2075315559,1.384507366,1,3.105475504
6941,1.795080474,0.3196636063,0.8818651207,1,3.10560438
6942,1.195766174,1.454916551,1.603166634,1,3.105733218
6943,0.1098848392,1.669963918,1.996979049,1,3.105862019
6944,1.583363922,1.357501066,1.221866888,0,3.105414747
6945,0.6458731627,0.8189326333,1.892841213,1,3.105543557
6946,1.099054982,1.34719097,1.67095127,1,3.105672329
6947,1.967853144,0.08343792031,0.3571470318,1,3.105801065
6948,1.692760127,1.442978956,1.065158746,0,3.105354059
6949,1.532876906,1.780468649,1.284635509,0,3.104907181
6950,1.015627465,0.4316594527,1.722933792,1,3.105035971
6951,1.7335352,0.05846929055,0.9974245393,1,3.105164725
6952,0.2451415852,1.313148118,1.984919546,1,3.105293441
6953,0.06415121419,1.007493434,1.998970891,1,3.10542212
6954,1.194035967,0.4420584596,1.604455705,1,3.105550762
6955,0.3565731102,0.3467751915,1.967957219,1,3.105679367
6956,1.388388506,0.4895249726,1.439575409,1,3.105807936
6957,1.029704749,0.8235403691,1.714557707,1,3.105936467
6958,0.7017327644,0.2797362028,1.872851069,1,3.106064961
6959,1.440998639,1.686601814,1.386911289,0,3.105618623
6960,0.2098684318,1.417201998,1.988958331,1,3.105747126
6961,1.758460899,1.30426313,0.952793402,0,3.105300963
6962,1.85015393,1.058908889,0.7595593702,0,3.104854927
6963,0.6162427862,1.53372729,1.902694097,1,3.104983484
6964,1.586671729,0.02819619531,1.217568407,1,3.105112005
6965,0.6537672457,0.4471940241,1.890129199,1,3.105240488
6966,0.2277401366,1.448022105,1.986991301,1,3.105368935
6967,1.194598817,1.67562857,1.604036678,0,3.104923209
6968,0.1722122125,1.41360088,1.992571944,1,3.105051665
6969,1.791227091,0.6699084493,0.8896659538,1,3.105180083
6970,1.827996684,1.464311184,0.8114358409,0,3.104734577
6971,1.218375692,1.646134549,1.586051914,0,3.104289198
6972,1.301242495,1.972812091,1.518804783,0,3.103843947
6973,0.1909813172,1.438213471,1.990860652,1,3.103972465
6974,1.219956014,0.2856073061,1.584836687,1,3.104100946
6975,0.477717215,0.3097983955,1.942108715,1,3.104229391
6976,1.370023642,1.471320358,1.457063904,0,3.103784404
6977,1.493149296,1.343340391,1.330603315,0,3.103339544
6978,1.171003409,1.975152936,1.62134235,0,3.102894812
6979,0.1617884962,1.909550085,1.99344538,1,3.103023356
6980,1.686612527,1.226125672,1.074866588,0,3.102578797
6981,0.2104966985,1.372817514,1.988891938,1,3.102707349
6982,1.070118081,0.8619713912,1.689629336,1,3.102835864
6983,0.7262800734,0.2960422064,1.863469145,1,3.102964342
6984,0.3736993262,1.454846001,1.964777039,1,3.103092784
6985,0.2758459699,1.109174078,1.980885913,1,3.103221188
6986,1.959710453,1.555035783,0.399418253,0,3.102776983
6987,0.3981573501,1.917651006,1.959967021,1,3.102905396
6988,1.369349149,0.0749117761,1.457697811,1,3.103033772
6989,1.419132653,0.3671144836,1.409277302,1,3.103162112
6990,1.202558688,0.4533694099,1.598077783,1,3.103290415
6991,0.916803631,1.551237212,1.777490113,1,3.103418681
6992,0.8464599879,1.754898415,1.81204456,1,3.103546911
6993,0.1626196638,0.4346627692,1.993377748,1,3.103675104
6994,0.4951689859,1.916062554,1.937732612,1,3.10380326
6995,1.754542163,1.085950697,0.9599905201,0,3.103359543
6996,1.005212,1.398701657,1.729031184,1,3.103487707
6997,1.882009926,1.262914351,0.6767855192,0,3.103044162
6998,1.38143095,1.761733546,1.446253274,0,3.102600743
6999,0.2800281354,1.444786569,1.980299029,1,3.102728961
7000,0.8232481957,0.8668099008,1.822707439,1,3.102857143
7001,0.6679804265,1.637725659,1.885153084,1,3.102985288
7002,1.232438766,0.8453368422,1.5751491,1,3.103113396
7003,0.1374740933,1.92023352,1.995269624,1,3.103241468
7004,0.1875827481,0.4824108451,1.991183747,1,3.103369503
7005,1.609798161,1.004775622,1.186823441,1,3.103497502
7006,0.3443337776,0.06285506711,1.970135592,1,3.103625464
7007,1.568854863,0.7525490957,1.240441219,1,3.103753389
7008,1.819738117,1.165731177,0.8297910493,0,3.103310502
7009,0.3824459824,0.8490656178,1.96309324,1,3.103438436
7010,1.615232094,0.7934668103,1.179417349,1,3.103566334
7011,0.1097007425,1.012283042,1.996989171,1,3.103694195
7012,0.2699506249,1.825571721,1.981697924,1,3.103822019
7013,1.079976931,0.8812634146,1.683344834,1,3.103949808
7014,0.4920149252,1.422331197,1.938535868,1,3.104077559
7015,0.6498188006,1.872822437,1.891490292,1,3.104205274
7016,0.7904093595,1.657405667,1.837186176,1,3.104332953
7017,0.6950733601,0.900410488,1.875332777,1,3.104460596
7018,0.6801855844,1.5687201,1.880783765,1,3.104588202
7019,0.2987604491,0.6817151882,1.977559656,1,3.104715771
7020,0.1643004647,0.8247020003,1.993239915,1,3.104843305
7021,0.9559917071,1.546369879,1.756724183,1,3.104970802
7022,1.854081788,0.4404590424,0.7499204773,1,3.105098263
7023,1.759820032,1.61394393,0.9502807249,0,3.10465613
7024,1.772776902,0.7992235022,0.9258844713,1,3.104783599
7025,0.76121633,1.685408102,1.849472817,1,3.104911032
7026,1.985753321,0.2048257421,0.2382934093,1,3.105038429
7027,0.9178377234,0.2487833855,1.776956362,1,3.105165789
7028,0.885260809,0.2290346528,1.793408291,1,3.105293113
7029,1.92212879,0.4120745409,0.5526489968,1,3.105420401
7030,1.663697269,1.657812953,1.110005133,0,3.104978663
7031,1.094344286,1.189418973,1.674040198,1,3.105105959
7032,0.5021085717,0.4935535105,1.935946017,1,3.10523322
7033,1.370006358,1.276540711,1.457080155,1,3.105360444
7034,1.437449101,1.749348893,1.390589832,0,3.104918965
7035,0.0306235394,0.8991300328,1.999765536,1,3.105046198
7036,1.261525311,0.1754851866,1.551951639,1,3.105173394
7037,1.510368949,0.3888892413,1.311024652,1,3.105300554
7038,0.03366656083,1.4979396,1.999716621,1,3.105427678
7039,1.736863595,0.5721275319,0.9916172915,1,3.105554766
7040,1.6929101,1.333386925,1.06492037,0,3.105113636
7041,1.739077186,1.068548517,0.9877299941,0,3.104672632
7042,0.9226958336,0.3306263959,1.774438615,1,3.104799773
7043,1.814507728,0.11513098,0.8411668704,1,3.104926878
7044,1.301783023,0.9808054461,1.518341517,1,3.105053947
7045,0.3611257831,1.580452784,1.967126882,1,3.105180979
7046,0.09652355796,0.1505376825,1.997669443,1,3.105307976
7047,1.181472465,0.1058272876,1.613729474,1,3.105434937
7048,0.9883281909,1.621699283,1.738737297,1,3.105561862
7049,1.313200665,0.7945074039,1.508477382,1,3.10568875
7050,0.4685214864,0.742428698,1.944347607,1,3.105815603
7051,1.802553526,0.2322347375,0.8664876145,1,3.10594242
7052,1.619954698,0.05289330658,1.172922323,1,3.1060692
7053,0.09503897433,1.176609294,1.997740622,1,3.106195945
7054,1.619290626,1.899925116,1.173838945,0,3.1057556
7055,1.043274435,1.305378171,1.706334801,1,3.105882353
7056,0.9171298968,1.936802008,1.777321792,0,3.105442177
7057,0.7907324891,1.576731216,1.837047123,1,3.105568939
7058,1.106553157,1.553329489,1.665995231,1,3.105695664
7059,0.189773718,1.346960057,1.990976126,1,3.105822354
7060,0.1723829936,1.395300317,1.992557177,1,3.105949008
7061,0.2768016323,0.8346931904,1.980752598,1,3.106075627
7062,0.5387313954,1.330387804,1.926075929,1,3.106202209
7063,0.4231029539,0.04145718641,1.954733713,1,3.106328755
7064,1.946456433,1.141201983,0.4596817962,0,3.105889015
7065,0.4112697804,1.08179816,1.957257563,1,3.10601557
7066,1.745921657,0.7610556738,0.9755806308,1,3.106142089
7067,1.786049301,1.211558531,0.9000154973,0,3.105702561
7068,0.6703567308,1.060979675,1.884309384,1,3.105829089
7069,0.7695514158,1.799390882,1.846020211,1,3.105955581
7070,1.884999499,1.596792551,0.6684137117,0,3.105516266
7071,0.04934567493,0.7016329701,1.999391158,1,3.105642766
7072,0.7719556788,0.5101781558,1.845016106,1,3.105769231
7073,1.583436401,0.2935183475,1.221772959,1,3.10589566
7074,1.100911053,0.7624038894,1.669728976,1,3.106022053
7075,0.8331513338,1.51063682,1.818202094,1,3.10614841
7076,1.371254415,1.742894629,1.455905673,0,3.10570944
7077,1.263118642,1.895449649,1.550655118,0,3.105270595
7078,0.3592288003,0.2459839327,1.967474185,1,3.105397005
7079,0.6915135077,0.221631291,1.87664836,1,3.105523379
7080,1.502468967,0.3704360556,1.320070833,1,3.105649718
7081,0.1020492724,0.6024651839,1.99739479,1,3.10577602
7082,0.8635037506,1.420006438,1.803984832,1,3.105902287
7083,1.040916394,0.9333562717,1.7077743,1,3.106028519
7084,0.1305990759,1.151899984,1.995731415,1,3.106154715
7085,1.359425972,1.107394368,1.466956382,1,3.106280875
7086,1.077590005,0.884076025,1.684873818,1,3.106407
7087,1.364413447,1.913503186,1.462318688,0,3.105968675
7088,0.0567885221,0.08990432646,1.999193603,1,3.106094808
7089,0.4946836264,1.675096883,1.937856576,1,3.106220906
7090,1.576654762,0.6880206042,1.230511992,1,3.106346968
7091,1.426480992,1.617953722,1.401838785,0,3.105908899
7092,1.015153657,0.1958894095,1.723213002,1,3.106034969
7093,1.278004642,0.2773797249,1.538409612,1,3.106161004
7094,1.083862525,0.1006540354,1.680845629,1,3.106287003
7095,0.2725579136,0.772776139,1.981341006,1,3.106412967
7096,1.364794541,1.440599102,1.461963016,1,3.106538895
7097,0.837946912,0.008278181097,1.815996964,1,3.106664788
7098,0.6660563473,1.599971878,1.885833753,1,3.106790645
7099,1.229224959,0.629968324,1.577658391,1,3.106916467
7100,0.0674069002,0.4547927036,1.998863755,1,3.107042254
7101,1.492487317,1.396970055,1.331345788,0,3.106604704
7102,1.387326268,0.1705614106,1.440599121,1,3.106730498
7103,0.9302133342,1.019622939,1.770509292,1,3.106856258
7104,1.91416299,1.927477977,0.5796378585,0,3.106418919
7105,0.5085208663,1.549432959,1.934271576,1,3.106544687
7106,1.575406474,1.19612058,1.232109752,1,3.106670419
7107,1.755668617,1.289576449,0.9579288631,0,3.106233291
7108,1.527677261,1.957368472,1.290814543,0,3.105796286
7109,1.292686984,1.591909735,1.526093169,0,3.105359404
7110,1.497689122,0.164390058,1.32549134,1,3.105485232
7111,1.136940097,0.07500978852,1.645407918,1,3.105611025
7112,0.5889896069,1.703176123,1.911306161,1,3.105736783
7113,0.9765657668,0.1327374441,1.745370821,1,3.105862505
7114,1.992822954,1.369360889,0.1692828252,0,3.105425921
7115,0.8389997908,1.647670683,1.815510769,1,3.105551651
7116,0.2325360377,1.749596139,1.986435751,1,3.105677347
7117,0.8319658179,0.1785125538,1.818744863,1,3.105803007
7118,1.591461853,0.5329615006,1.211300611,1,3.105928632
7119,0.8565673406,1.767082541,1.807288685,1,3.106054221
7120,0.03649440589,0.06184591919,1.999667012,1,3.106179775
7121,0.5439167063,0.7352794245,1.924618044,1,3.106305294
7122,0.9949696219,0.3387970318,1.734945374,1,3.106430778
7123,1.008152604,1.972433964,1.727318247,0,3.105994665
7124,0.5062432828,0.480594153,1.93486892,1,3.106120157
7125,0.3858150522,0.8092758487,1.962433883,1,3.106245614
7126,1.160257355,1.531029867,1.629049683,1,3.106371036
7127,1.923178475,0.9616157211,0.5489850195,0,3.105935176
7128,1.705835539,1.192651938,1.044090568,0,3.105499439
7129,0.271355767,0.1409609826,1.981506005,1,3.105624912
7130,1.103572669,1.557866907,1.667971032,1,3.105750351
7131,0.3079610646,1.563785052,1.976147763,1,3.105875754
7132,1.744818736,0.9882918274,0.9775518292,0,3.105440269
7133,0.5738314016,0.3960216548,1.915911669,1,3.105565681
7134,1.179486674,1.752641947,1.615181471,0,3.105130362
7135,0.3634839434,0.1930922406,1.966692508,1,3.105255781
7136,0.5840601235,1.561015382,1.91281828,1,3.105381166
7137,0.2176611915,1.171669418,1.988120622,1,3.105506515
7138,1.944314425,0.9254833745,0.4686591672,0,3.105071449
7139,1.573623165,1.690546505,1.234386542,0,3.104636504
7140,0.634732906,0.3359731403,1.896605952,1,3.104761905
7141,0.8294703188,1.554327852,1.819884334,1,3.104887271
7142,1.203114061,1.304097035,1.597659713,1,3.105012602
7143,0.998709006,0.9517872273,1.732795522,1,3.105137897
7144,1.670947453,0.2646862508,1.099060785,1,3.105263158
7145,1.494067365,0.2828962321,1.329572378,1,3.105388383
7146,0.6076258155,0.8013552877,1.905463426,1,3.105513574
7147,0.9162028446,0.8434713744,1.777799861,1,3.10563873
7148,1.70565867,1.4690212,1.044379481,0,3.105204253
7149,1.92315993,0.2298272307,0.5490499837,1,3.105329417
7150,1.158101514,1.689978067,1.630582989,0,3.104895105
7151,0.3328818591,0.7355632326,1.972102854,1,3.105020277
7152,1.900590478,1.308263393,0.6227004379,0,3.10458613
7153,0.1741098977,1.170684796,1.992407023,1,3.10471131
7154,0.4350923498,1.907954844,1.952100061,1,3.104836455
7155,1.65456843,1.917016996,1.123567226,0,3.104402516
7156,0.3796849434,0.7261012254,1.963629126,1,3.104527669
7157,1.875171298,1.254817737,0.6955088819,0,3.104093894
7158,0.4962204499,0.3332546216,1.937463616,1,3.104219056
7159,0.04167799737,0.454184793,1.999565689,1,3.104344182
7160,0.6909462876,0.7277159745,1.876857274,1,3.104469274
7161,0.2161229538,1.72963487,1.988288427,1,3.10459433
7162,1.572467275,0.6987354262,1.235858677,1,3.104719352
7163,0.2670555751,0.3568644492,1.982090139,1,3.104844339
7164,0.2529208187,0.6386704301,1.983943311,1,3.104969291
7165,1.484603856,0.6572531508,1.34013111,1,3.105094208
7166,0.570831212,0.8625673967,1.916807692,1,3.10521909
7167,1.038817489,1.347842323,1.70905185,1,3.105343937
7168,1.820230161,0.8853390266,0.8287111445,0,3.104910714
7169,0.775660443,0.8276898554,1.843461656,1,3.10503557
7170,0.2522555253,0.33278225,1.984028011,1,3.105160391
7171,1.382378362,1.084920989,1.445347731,1,3.105285176
7172,1.658563208,0.6968736233,1.117661884,1,3.105409927
7173,0.8643632773,1.457829696,1.803573155,1,3.105534644
7174,1.31715969,1.485474048,1.505021711,1,3.105659325
7175,1.245025135,0.9829129582,1.565219605,1,3.105783972
7176,1.278636691,1.386302553,1.53788433,1,3.105908584
7177,0.3035151714,0.5707220188,1.976835487,1,3.106033161
7178,1.766323865,1.993580763,0.9381364528,0,3.105600446
7179,1.734914463,1.340407113,0.9950235199,0,3.105167851
7180,1.36713593,1.937217831,1.459773732,0,3.104735376
7181,0.6470711608,0.07712793537,1.89243201,1,3.104860047
7182,1.561580249,1.314021956,1.249586783,0,3.104427736
7183,0.4162724133,1.020411276,1.956199703,1,3.104552415
7184,0.6554027459,1.788496934,1.889562712,1,3.10467706
7185,1.638087255,0.8917511166,1.147462481,1,3.10480167
7186,1.985432437,1.875488046,0.2409523573,0,3.104369608
7187,1.059817213,1.458440811,1.696109511,1,3.104494226
7188,1.448992734,1.104776957,1.378557237,1,3.104618809
7189,1.205831007,1.804580118,1.595610097,0,3.104186952
7190,1.505391296,0.7846343349,1.316737273,1,3.104311544
7191,0.8459759928,0.5990747773,1.81227057,1,3.104436101
7192,1.808744852,1.528897885,0.8534881719,0,3.104004449
7193,0.4855235772,1.554326518,1.940171862,1,3.104129014
7194,1.637504914,1.875943728,1.148293367,0,3.103697526
7195,0.3035900742,1.941507211,1.976823985,1,3.103822099
7196,0.1101140313,0.6846856873,1.996966424,1,3.103946637
7197,1.365960812,0.5778344058,1.460873389,1,3.104071141
7198,1.616825859,1.571083783,1.177231559,0,3.1036399
7199,0.2960535994,1.354701196,1.9779667,1,3.103764412
7200,1.231478057,1.085536688,1.575900313,1,3.103888889
7201,0.9874350625,1.094887231,1.739244663,1,3.104013331
7202,0.7793797438,1.40587977,1.841892292,1,3.10413774
7203,0.1966931345,0.4093279977,1.990304452,1,3.104262113
7204,1.787052781,1.208817637,0.898021357,0,3.103831205
7205,0.9216554878,0.7245651134,1.7749792,1,3.103955586
7206,1.963225117,1.212016337,0.3817684367,0,3.10352484
7207,0.192621542,1.828793474,1.990702625,1,3.10364923
7208,0.06798598042,0.3842665825,1.998844143,1,3.103773585
7209,0.06484164691,1.273770522,1.998948614,1,3.103897905
7210,0.4283151414,1.341276089,1.953598254,1,3.104022191
7211,0.4397783669,0.8599460343,1.951049714,1,3.104146443
7212,1.70015723,1.271251791,1.053311632,0,3.103716029
7213,0.4439170656,1.917656262,1.950112212,1,3.103840288
7214,0.293670659,1.854598468,1.978321901,1,3.103964513
7215,0.7604095699,0.9132117992,1.849804662,1,3.104088704
7216,1.675348978,1.956158761,1.092339601,0,3.103658537
7217,0.215710054,0.1565984415,1.988333265,1,3.103782735
7218,1.302900346,1.273124033,1.517382842,1,3.103906899
7219,0.2877769919,1.25850045,1.979187814,1,3.104031029
7220,1.650112919,1.74444623,1.130100595,0,3.103601108
7221,0.2995135316,1.623229267,1.977445737,1,3.103725246
7222,0.6282826636,1.054445456,1.898752457,1,3.103849349
7223,0.3710764234,0.4990306883,1.9652741,1,3.103973418
7224,1.581272065,1.869961039,1.224572847,0,3.103543743
7225,0.1913407953,0.5361425731,1.990826135,1,3.10366782
7226,1.165221893,0.4512624154,1.625502366,1,3.103791863
7227,0.3620172355,0.1966753747,1.96696302,1,3.103915871
7228,1.027231475,0.7271243933,1.716040645,1,3.104039845
7229,0.8681409903,1.411741981,1.801757814,1,3.104163785
7230,0.78884912,1.623603101,1.83785665,1,3.10428769
7231,0.4883451664,1.974384971,1.939463585,0,3.103858387
7232,1.392407754,1.481905988,1.435688214,0,3.103429204
7233,1.107256094,0.169143572,1.665528127,1,3.103553159
7234,1.01602946,1.053923812,1.722696763,1,3.10367708
7235,0.6311759159,0.6259919552,1.897792655,1,3.103800968
7236,1.577098505,0.9627182149,1.229943212,1,3.10392482
7237,0.9762928876,1.269693538,1.745523474,1,3.104048639
7238,1.106345628,0.5918957355,1.666133053,1,3.104172423
7239,0.3168255472,0.1122678413,1.974745951,1,3.104296174
7240,1.156698533,0.6968239886,1.631578531,1,3.10441989
7241,0.5812911593,0.388031284,1.913661566,1,3.104543571
7242,0.6760952021,0.1607439531,1.882258026,1,3.104667219
7243,1.315460353,0.5329909461,1.506507239,1,3.104790833
7244,0.9636764401,1.941376046,1.75252039,0,3.104362231
7245,0.4478391451,1.806772315,1.949215252,1,3.104485852
7246,0.330572269,1.051460896,1.972491312,1,3.10460944
7247,1.791149655,0.7897148635,0.8898218443,1,3.104732993
7248,1.553166814,1.559774892,1.260028907,0,3.104304636
7249,1.996925599,0.8542536352,0.1108519435,0,3.103876397
7250,1.476362425,1.413503617,1.349204948,0,3.103448276
7251,0.05561698502,1.42172598,1.999226538,1,3.103571921
7252,1.732806327,0.2021348724,0.9986902586,1,3.103695532
7253,1.564261415,0.9845612916,1.246228802,1,3.103819109
7254,1.431074569,1.120478762,1.397149089,1,3.103942652
7255,0.1432366752,1.652384027,1.99486422,1,3.104066161
7256,1.37681729,1.623951481,1.450646115,0,3.103638368
7257,0.544824876,0.8161426295,1.924361155,1,3.103761885
7258,0.3952741024,1.145070661,1.960550531,1,3.103885368
7259,1.986755452,0.2935479255,0.229788545,0,3.103457777
7260,0.2736726525,1.450900232,1.981187341,1,3.103581267
7261,1.010284276,1.753938914,1.726072328,0,3.103153836
7262,0.1771435672,1.518998537,1.992139593,1,3.103277334
7263,0.9776027942,1.763474651,1.744790181,0,3.102850062
7264,1.445456212,0.04110293735,1.382264931,1,3.102973568
7265,1.995563813,1.575852995,0.1331355236,0,3.102546456
7266,0.6371250697,1.944422271,1.895803694,0,3.102119461
7267,1.894629155,0.6171775259,0.6406093686,1,3.102243016
7268,1.151830671,0.1408330218,1.635018687,1,3.102366538
7269,1.479732703,0.9374093466,1.345507758,1,3.102490026
7270,0.1211285105,0.1743340065,1.996328601,1,3.10261348
7271,1.841268626,0.508447104,0.7808520008,1,3.1027369
7272,0.6308801055,0.8298632679,1.897891012,1,3.102860286
7273,0.625052223,1.77898301,1.899818338,1,3.102983638
7274,1.347128392,1.475070672,1.478257452,1,3.103106956
7275,1.190596477,1.511485098,1.607009655,1,3.103230241
7276,1.211798954,0.8831432607,1.591082429,1,3.103353491
7277,1.9566101,0.8833093757,0.4143391326,0,3.10292703
7278,1.200118069,1.234399469,1.599911441,1,3.103050289
7279,0.8219670713,0.05012923194,1.823285533,1,3.103173513
7280,0.7371288688,0.8917054401,1.859204408,1,3.103296703
7281,1.264180345,0.7178671924,1.549789681,1,3.10341986
7282,1.018008886,1.023697964,1.721527783,1,3.103542983
7283,1.48328153,1.580353794,1.341594537,0,3.103116847
7284,1.038616492,0.3205077857,1.709174006,1,3.103239978
7285,0.6765771004,0.7487649486,1.882084862,1,3.103363075
7286,1.807164886,1.743053704,0.8568284979,0,3.10293714
7287,0.1708006016,0.1365955824,1.992693442,1,3.103060244
7288,0.9052949699,0.9954590797,1.783379101,1,3.103183315
7289,1.150919696,1.265977135,1.635660067,1,3.103306352
7290,0.8249373972,1.984762554,1.821943548,0,3.102880658
7291,0.2212516799,1.093826772,1.98772425,1,3.103003703
7292,0.5057753544,0.7485405455,1.93499129,1,3.103126714
7293,0.3145995951,1.818867958,1.975101794,1,3.103249691
7294,0.01389887823,1.64829013,1.999951705,1,3.103372635
7295,1.978661298,1.261529196,0.2913751357,0,3.102947224
7296,1.485393216,0.1588974458,1.339256134,1,3.103070175
7297,0.6997069295,1.940856593,1.873608874,0,3.102644923
7298,0.8308206064,1.726934215,1.819268292,1,3.102767882
7299,1.856602996,0.7059095381,0.7436567193,1,3.102890807
7300,1.644952561,0.4354442789,1.137598818,1,3.103013699
7301,1.096407682,1.434595897,1.672689509,1,3.103136557
7302,0.3437040173,0.4264645721,1.970245555,1,3.103259381
7303,1.481568452,1.009928274,1.343486108,1,3.103382172
7304,1.111431798,0.2867587822,1.662744526,1,3.103504929
7305,1.413513761,0.2938365159,1.414913018,1,3.103627652
7306,0.8651793888,1.984962106,1.803181806,0,3.103202847
7307,0.009553321645,0.7644754285,1.999977183,1,3.103325578
7308,1.803752845,0.3346694899,0.8639882369,1,3.103448276
7309,0.0904003248,0.710115749,1.997955901,1,3.10357094
7310,1.218192591,1.039005287,1.586192552,1,3.10369357
7311,0.9198611137,1.72952029,1.775909776,1,3.103816167
7312,0.7537766043,1.648525523,1.852517431,1,3.103938731
7313,1.12984175,1.284046536,1.650290162,1,3.104061261
7314,1.054526852,0.5582339072,1.699403754,1,3.104183757
7315,0.7226094099,0.4203737592,1.864895611,1,3.10430622
7316,0.03758492243,0.9916236404,1.999646812,1,3.10442865
7317,1.116935403,0.1849935857,1.659052533,1,3.104551046
7318,1.792454301,1.220159259,0.8871908356,0,3.104126811
7319,0.3835600028,0.5108602672,1.962875881,1,3.104249214
7320,0.008530447151,0.8849148595,1.999981808,1,3.104371585
7321,1.526205633,0.8966290454,1.292554202,1,3.104493922
7322,0.3382160796,1.328129127,1.971195039,1,3.104616225
7323,1.404371215,0.6291884928,1.423987883,1,3.104738495
7324,1.776533585,1.157141793,0.9186557687,0,3.104314582
7325,1.956393634,0.1626328381,0.4153600248,1,3.10443686
7326,0.41906718,1.886791552,1.955602899,1,3.104559105
7327,1.738784277,1.095295608,0.9882455348,0,3.10413539
7328,1.451356724,0.4098540034,1.376068189,1,3.104257642
7329,0.6214276607,0.5582557639,1.901007013,1,3.104379861
7330,1.941797287,0.450325138,0.4789815204,1,3.104502046
7331,1.487933133,0.4509859593,1.336433684,1,3.104624199
7332,1.495620782,0.1200638587,1.327824716,1,3.104746318
7333,1.887522327,1.352435563,0.6612559752,0,3.104322924
7334,0.8512053156,0.7765153621,1.809820298,1,3.10444505
7335,0.5824321243,0.8400746467,1.913314616,1,3.104567144
7336,1.064971832,1.014379255,1.692877726,1,3.104689204
7337,0.0172336607,1.898776162,1.999925749,1,3.104811231
7338,1.761917493,1.801562049,0.9463861511,0,3.104388117
7339,0.007180525349,1.747268524,1.99998711,1,3.104510151
7340,1.766336004,1.730895837,0.938113597,0,3.104087193
7341,0.2855309433,1.771402398,1.979513092,1,3.104209236
7342,1.858309048,1.915240301,0.7393831755,0,3.103786434
7343,1.80169762,0.9913579513,0.8682659066,0,3.103363748
7344,0.2936223493,1.052151713,1.978329072,1,3.103485839
7345,1.732630598,0.3276457767,0.9989951003,1,3.103607897
7346,1.289679359,1.624581638,1.528635715,0,3.103185407
7347,1.802480991,1.754607334,0.8666384923,0,3.102763033
7348,1.66997506,0.9073457234,1.100537732,1,3.102885139
7349,0.3856772957,1.924920561,1.962460961,1,3.103007212
7350,1.256460914,0.11811232,1.556054617,1,3.103129252
7351,0.5855227042,0.5205690903,1.912371084,1,3.103251258
7352,0.2735056226,1.690889652,1.981210406,1,3.103373232
7353,1.809589861,1.036782157,0.8516950957,0,3.102951176
7354,1.078285487,0.07711224423,1.684428808,1,3.103073157
7355,0.03453549967,1.567650785,1.999701803,1,3.103195105
7356,0.6582824559,1.122964118,1.888561412,1,3.10331702
7357,0.7584713588,0.6407265664,1.850600226,1,3.103438902
7358,1.639851385,0.8540839431,1.144939927,1,3.10356075
7359,1.107368467,0.3361513221,1.665453415,1,3.103682566
7360,0.9038650807,1.456133152,1.784104233,1,3.103804348
7361,1.881974794,1.464036511,0.6768832063,0,3.103382693
7362,1.433975625,0.2094541648,1.394171406,1,3.103504482
7363,1.939010357,1.289499291,0.490141649,0,3.103082982
7364,1.256156585,0.1875349247,1.556300304,1,3.10320478
7365,1.986490102,1.592938636,0.2320712729,0,3.102783435
7366,1.841272769,0.3237846839,0.7808422306,1,3.10290524
7367,0.7621688212,0.3556056238,1.849080498,1,3.103027012
7368,1.249939166,1.493774777,1.561298204,1,3.103148751
7369,1.500061277,1.137389583,1.32280617,1,3.103270457
7370,1.565423981,1.663897573,1.244768155,0,3.102849389
7371,1.977949791,1.424569138,0.2961665488,0,3.102428436
7372,0.8337173867,0.9320884658,1.817942606,1,3.10255019
7373,0.3659361408,1.939104038,1.966237712,1,3.102671911
7374,1.660700634,1.730221584,1.11448347,0,3.102251153
7375,0.02644752055,0.5960889885,1.999825125,1,3.102372881
7376,0.3058727343,0.2787106186,1.976472077,1,3.102494577
7377,1.827486641,0.2809257137,0.8125838883,1,3.10261624
7378,1.846043908,1.830572712,0.7694945689,0,3.102195717
7379,0.7717952021,1.66427244,1.845083241,1,3.102317387
7380,0.5912225822,0.8442357641,1.910616617,1,3.102439024
7381,0.9284409596,1.415736112,1.771439354,1,3.102560629
7382,0.9978454816,1.472887191,1.733292934,1,3.1026822
7383,0.2646428662,1.212558383,1.982413719,1,3.102803738
7384,1.604914437,0.4215403,1.19341931,1,3.102925244
7385,1.123931071,1.038457823,1.654321295,1,3.103046716
7386,0.3776435946,0.5038705993,1.964022738,1,3.103168156
7387,1.604509679,1.603367234,1.193963437,0,3.102748071
7388,1.42956725,0.5088547949,1.398691345,1,3.102869518
7389,0.02001715182,1.308262006,1.999899826,1,3.102990932
7390,1.42796165,1.833721023,1.400330506,0,3.102571042
7391,1.604766638,0.6987963411,1.193618045,1,3.102692464
7392,0.6781366751,1.795257568,1.881523492,1,3.102813853
7393,0.4262339201,1.89627314,1.954053389,1,3.102935209
7394,0.5725946406,1.491342651,1.916281654,1,3.103056532
7395,1.563297963,1.876114734,1.247437165,0,3.102636917
7396,1.843453788,1.981484903,0.7756791422,0,3.102217415
7397,1.507386559,0.2644437594,1.314452647,1,3.102338786
7398,1.953654572,1.154670301,0.4280581888,0,3.101919438
7399,0.4574703384,1.661120766,1.946977373,1,3.102040816
7400,1.86792812,0.6849820214,0.7147338922,1,3.102162162
7401,1.667807183,0.7561363714,1.103820275,1,3.102283475
7402,1.73845758,1.049123764,0.9888201273,0,3.101864361
7403,0.09635624409,1.769603599,1.99767752,1,3.101985681
7404,1.740710699,0.0184408722,0.9848483456,1,3.102106969
7405,0.9985502003,1.73482869,1.732887041,0,3.101688049
7406,1.539089116,1.488012922,1.277186241,0,3.101269241
7407,1.494427107,1.090132155,1.329168019,1,3.101390576
7408,1.622682833,1.572805976,1.169145168,0,3.100971922
7409,0.00179802928,0.3857415685,1.999999192,1,3.101093265
7410,0.8194423855,0.9863936745,1.824421601,1,3.101214575
7411,1.43984253,0.9268937398,1.388111483,1,3.101335852
7412,1.58563512,1.488815338,1.218918073,0,3.100917431
7413,0.8961444186,1.692547373,1.787994737,1,3.101038716
7414,0.9671940376,0.2565760002,1.75058153,1,3.101159968
7415,1.75331171,1.890198142,0.9622359631,0,3.10074174
7416,1.755008976,0.8758055283,0.9591368476,1,3.100862999
7417,1.864981615,1.936221471,0.7223874149,0,3.100444924
7418,0.6493691652,0.9311999366,1.891644704,1,3.10056619
7419,1.987991186,0.8374489141,0.2188402282,0,3.100148268
7420,1.837902487,0.7243704427,0.7887423209,1,3.100269542
7421,0.2063276364,0.6146980493,1.989328758,1,3.100390783
7422,1.068358853,0.1061763918,1.690742252,1,3.100511991
7423,1.809212394,0.4612461948,0.8524966356,1,3.100633167
7424,1.47406818,0.6386878269,1.351711138,1,3.10075431
7425,1.651323603,0.7252567013,1.128330784,1,3.100875421
7426,1.871296625,1.381230648,0.7058675103,0,3.100457851
7427,0.7858707798,1.043870438,1.839132164,1,3.100578969
7428,0.5603041266,0.7887279176,1.91991127,1,3.100700054
7429,1.631293802,1.340614038,1.157100053,0,3.100282676
7430,0.6864319761,0.5603449686,1.878513014,1,3.100403769
7431,1.249453882,1.954773169,1.561686587,0,3.099986543
7432,1.518296403,1.949219042,1.30183564,0,3.099569429
7433,0.9105881972,0.645868605,1.780682211,1,3.099690569
7434,1.519163112,1.626538197,1.300824139,0,3.099273608
7435,0.3265796956,1.645452454,1.973156279,1,3.099394755
7436,0.4393845891,1.016544696,1.951138433,1,3.099515869
7437,1.753618944,0.1922689828,0.9616759327,1,3.09963695
7438,1.355472393,1.363858999,1.470610279,1,3.099757999
7439,0.09329967448,0.4014219778,1.997822607,1,3.099879016
7440,1.16539131,1.357843146,1.625380908,1,3.1
7441,0.0001151669213,1.505611671,1.999999997,1,3.100120951
7442,0.946474645,0.2176804847,1.761869957,1,3.10024187
7443,1.5726172,1.194512437,1.235667893,1,3.100362757
7444,1.946928817,0.3890595973,0.457676942,1,3.100483611
7445,0.9584299167,1.641681426,1.755395139,1,3.100604433
7446,0.8255590545,1.802158602,1.821661947,1,3.100725222
7447,0.430122218,1.785354554,1.953201187,1,3.100845978
7448,0.9055824014,1.759522828,1.783233163,1,3.100966702
7449,0.6136346236,0.6717784702,1.903536852,1,3.101087394
7450,1.035627585,1.488574778,1.710986705,1,3.101208054
7451,1.264669167,1.454023539,1.549390815,1,3.101328681
7452,0.1829595471,1.302634266,1.991613869,1,3.101449275
7453,1.225851895,0.8410516141,1.580280713,1,3.101569838
7454,1.355075186,0.4284561239,1.470976288,1,3.101690368
7455,1.045365797,0.3670126157,1.705054354,1,3.101810865
7456,1.639461198,1.608357996,1.145498573,0,3.10139485
7457,0.1051000625,1.728543874,1.997236585,1,3.101515355
7458,1.862381984,1.656296196,0.7290633346,0,3.10109949
7459,0.559416306,1.076559227,1.920170148,1,3.101220003
7460,0.8195507493,0.6322279864,1.824372925,1,3.101340483
7461,0.8022887423,0.8857567514,1.832029687,1,3.10146093
7462,0.4066142133,1.759159079,1.958230038,1,3.101581345
7463,0.1320659521,1.186633285,1.995634883,1,3.101701729
7464,1.976713547,1.551102624,0.3043083191,0,3.101286174
7465,1.995073166,1.417824,0.1402963427,0,3.10087073
7466,0.8201762199,0.6691797164,1.82409182,1,3.10099116
7467,1.617782105,1.957699902,1.175917115,0,3.100575867
7468,1.858301885,0.5104622356,0.7394011792,1,3.100696304
7469,0.9403260746,0.4622135213,1.765159164,1,3.100816709
7470,0.6996300776,1.866378872,1.873637573,1,3.100937082
7471,1.954120582,1.540169389,0.4259257585,0,3.100522018
7472,0.2186030128,0.6110751836,1.988017284,1,3.100642398
7473,1.19161454,0.2436185057,1.606254895,1,3.100762746
7474,0.7142179466,0.6462949745,1.868125457,1,3.100883061
7475,0.9755031217,1.726736965,1.745964965,1,3.101003344
7476,0.1708532733,0.3962403229,1.992688927,1,3.101123596
7477,0.531588905,0.5799381406,1.928059448,1,3.101243814
7478,1.734869753,1.608839681,0.9951014716,0,3.100829099
7479,0.4045053257,1.959931475,1.958666751,0,3.100414494
7480,0.6706734723,1.271207237,1.884196671,1,3.100534759
7481,1.464466711,0.5504480895,1.362107651,1,3.100654993
7482,0.4445210593,1.722090018,1.949974622,1,3.100775194
7483,0.438689174,0.6980831775,1.951294906,1,3.100895363
7484,0.02414504508,0.4520275461,1.999854249,1,3.1010155
7485,1.013811395,1.692826257,1.724003033,1,3.101135605
7486,1.583214407,0.06341817034,1.222060613,1,3.101255677
7487,1.156900966,1.518646707,1.631434998,1,3.101375718
7488,0.8196564377,0.537889341,1.824325444,1,3.101495726
7489,0.8323347607,1.595924591,1.818576049,1,3.101615703
7490,1.42869139,1.492193257,1.399585979,0,3.101201602
7491,1.380179854,1.65770705,1.44744726,0,3.100787612
7492,0.6075022532,1.74404955,1.905502824,1,3.100907635
7493,1.56345962,0.1895930258,1.247234547,1,3.101027626
7494,1.534580763,1.940065815,1.282599657,0,3.100613824
7495,1.283774594,0.1837377008,1.533597989,1,3.100733823
7496,1.882829743,0.6724666607,0.6745014151,1,3.100853789
7497,0.3914817405,1.28343194,1.961311308,1,3.100973723
7498,0.7332271187,1.856113747,1.860746622,1,3.101093625
7499,1.401992561,1.786365551,1.426329856,0,3.100680091
7500,1.174328728,0.5113766453,1.618935464,1,3.1008
7501,0.1914847721,1.15876691,1.990812292,1,3.100919877
7502,1.855870437,0.9463969748,0.745483012,0,3.100506532
7503,0.03959864965,1.912853027,1.999607948,1,3.100626416
7504,1.291027261,0.7007644486,1.5274975,1,3.100746269
7505,1.565112954,0.3141579978,1.245159204,1,3.100866089
7506,0.05327430218,0.9502218589,1.999290336,1,3.100985878
7507,0.8671030167,1.492244749,1.802257573,1,3.101105635
7508,0.8381510693,1.564655232,1.815902747,1,3.10122536
7509,0.1940887151,0.5434011635,1.990560115,1,3.101345053
7510,0.137327564,0.7658667381,1.995279715,1,3.101464714
7511,1.154681344,0.8729294745,1.633006734,1,3.101584343
7512,0.6281657374,1.609117598,1.898791143,1,3.10170394
7513,1.247522376,0.6894709525,1.563229965,1,3.101823506
7514,1.699607169,0.1667718737,1.054198971,1,3.10194304
7515,1.99055671,1.830894907,0.1941236309,0,3.101530273
7516,1.514773653,1.55226067,1.305932916,0,3.101117616
7517,0.384086658,1.649611986,1.962772895,1,3.101237196
7518,0.8421963438,1.124999371,1.814030132,1,3.101356744
7519,1.724308918,1.472601339,1.013291052,0,3.100944275
7520,0.5007836151,0.8398500528,1.936289175,1,3.10106383
7521,1.726524539,0.302391008,1.009511275,1,3.101183353
7522,1.703483859,1.424932339,1.047923062,0,3.100771072
7523,0.9899470917,1.089270476,1.737816088,1,3.100890602
7524,0.04049422712,0.4356763345,1.999590012,1,3.101010101
7525,1.173504418,1.039948457,1.619533075,1,3.101129568
7526,1.510279566,1.061568174,1.311127619,1,3.101249003
7527,1.3840149,1.383417475,1.443780716,1,3.101368407
7528,1.618037155,0.3967252792,1.175566147,1,3.101487779
7529,1.681221756,0.3273275639,1.083279007,1,3.101607119
7530,0.9664031114,1.529092212,1.751018283,1,3.101726428
7531,1.754126274,0.7740681901,0.960750235,1,3.101845704
7532,1.857536252,1.479772571,0.7413225167,0,3.101433882
7533,0.3988940355,0.6386558188,1.959817223,1,3.101553166
7534,0.01857518059,1.164498271,1.999913739,1,3.101672418
7535,1.682886382,0.6300682467,1.080691179,1,3.101791639
7536,1.660702821,0.6822364806,1.11448021,1,3.101910828
7537,1.900898489,0.7123193086,0.6217595486,0,3.10149927
7538,1.118425959,1.857381387,1.658048062,0,3.101087822
7539,0.3108369522,1.593969768,1.975697444,1,3.101207057
7540,0.1484613998,1.988870791,1.994482192,1,3.10132626
7541,0.262939723,1.126293212,1.982640336,1,3.101445432
7542,0.8488563306,0.434501787,1.810923226,1,3.101564572
7543,0.4633147699,0.2786942432,1.945594877,1,3.10168368
7544,0.184828282,0.494502717,1.991441314,1,3.101802757
7545,1.915414951,0.02734017693,0.5754872423,1,3.101921803
7546,0.5792404197,1.422266051,1.914283296,1,3.102040816
7547,0.5478718502,1.212398569,1.923495889,1,3.102159799
7548,0.8068709504,0.4814089126,1.830016194,1,3.102278749
7549,0.8241664561,0.6370311169,1.822292417,1,3.102397669
7550,0.1241946292,0.01368226036,1.996140199,1,3.102516556
7551,0.3297402395,1.296752374,1.972630572,1,3.102635413
7552,0.01477605949,1.614935302,1.999945416,1,3.102754237
7553,0.4078483202,1.340454588,1.957973378,1,3.102873031
7554,1.085436568,1.14319328,1.679829591,1,3.102991792
7555,1.220074304,1.17491343,1.584745624,1,3.103110523
7556,0.7780299896,1.354353494,1.842462845,1,3.103229222
7557,0.9461644531,0.2455689239,1.762036557,1,3.103347889
7558,0.3670324859,0.2048417911,1.966033355,1,3.103466526
7559,0.2721997697,1.493571273,1.981390241,1,3.10358513
7560,1.633983005,0.5298890047,1.153299414,1,3.103703704
7561,1.067464245,1.921752876,1.691307212,0,3.103293215
7562,1.096364187,0.2453709462,1.672718018,1,3.103411796
7563,0.1672932465,0.4949470109,1.992990961,1,3.103530345
7564,1.426498218,1.470246407,1.401821256,0,3.103120042
7565,0.8874009954,0.241569039,1.792350265,1,3.103238599
7566,1.840293965,0.1610379698,0.7831462978,1,3.103357124
7567,0.7385868171,1.739706603,1.858625706,1,3.103475618
7568,1.653316738,0.9390956012,1.125408265,1,3.10359408
7569,1.598059833,1.899417265,1.202582542,0,3.10318404
7570,1.119869032,0.6580426887,1.657073731,1,3.10330251
7571,1.268748068,0.4006141535,1.546052502,1,3.103420948
7572,1.554294553,0.5785092936,1.258637534,1,3.103539356
7573,0.7639009888,0.8187069173,1.84836557,1,3.103657731
7574,0.9655127515,1.506288071,1.751509385,1,3.103776076
7575,1.931592721,0.1803926003,0.5186034709,1,3.103894389
7576,0.3142627654,0.7285740313,1.975155415,1,3.104012672
7577,1.572897481,1.527256014,1.2353111,0,3.103603009
7578,0.3625662404,1.61829398,1.966861897,1,3.103721298
7579,0.1134973556,1.868023448,1.996776991,1,3.103839557
7580,1.224478193,1.383592157,1.581345362,1,3.103957784
7581,1.520476204,0.239989525,1.29928908,1,3.104075979
7582,1.03701148,0.9416568095,1.710148295,1,3.104194144
7583,0.8585485892,1.31045224,1.806348339,1,3.104312277
7584,1.815008009,1.744460622,0.8400868579,0,3.103902954
7585,0.5251426684,0.05917649668,1.929825168,1,3.104021094
7586,1.889627185,0.8045389011,0.6552168367,0,3.103611917
7587,0.01935447207,1.321733543,1.999906349,1,3.103730065
7588,0.09428818577,1.589201168,1.997776198,1,3.103848181
7589,0.1884619725,1.041670767,1.991100722,1,3.103966267
7590,0.1540116095,0.04565753798,1.994061289,1,3.104084321
7591,0.6109650761,0.4213652262,1.904395357,1,3.104202345
7592,0.3966859386,1.507395267,1.960265356,1,3.104320337
7593,0.7319482442,0.7528296883,1.861250055,1,3.104438298
7594,1.182177501,0.913875034,1.613213053,1,3.104556229
7595,0.6275366752,1.260374444,1.898999137,1,3.104674128
7596,1.564147054,0.6887045539,1.246372333,1,3.104791996
7597,0.0345575345,1.830025369,1.999701422,1,3.104909833
7598,1.908682598,0.3398142167,0.5974368072,1,3.105027639
7599,0.8606965698,1.291355452,1.805325847,1,3.105145414
7600,0.7032646388,1.075236459,1.872276381,1,3.105263158
7601,0.9169474782,1.837526645,1.777415911,0,3.104854624
7602,1.697917803,0.209359452,1.056917753,1,3.104972376
7603,0.8686371823,1.715118795,1.80151865,1,3.105090096
7604,1.710308985,0.3756531246,1.036746438,1,3.105207785
7605,1.992409484,1.081443917,0.1740817322,0,3.104799474
7606,0.2099119345,0.6945388139,1.98895374,1,3.104917171
7607,1.327082493,1.298545205,1.496279405,1,3.105034836
7608,1.851400436,0.81125373,0.7565159781,0,3.104626709
7609,0.9639531157,0.5714328239,1.752368224,1,3.104744382
7610,1.125726586,1.032523276,1.653100013,1,3.104862024
7611,1.388082747,1.995757265,1.439870233,0,3.10445408
7612,0.36367429,0.9071368133,1.966657319,1,3.104571729
7613,0.6884827045,0.656632234,1.877762383,1,3.104689347
7614,0.8059495457,0.9907761667,1.830422173,1,3.104806935
7615,0.0164046796,0.7807799174,1.99993272,1,3.104924491
7616,1.43077133,0.8554489652,1.397459624,1,3.105042017
7617,1.590738497,0.6994884972,1.212250401,1,3.105159512
7618,1.901932239,0.7050438684,0.6185901376,0,3.104751903
7619,0.3103826631,0.9802622749,1.975768864,1,3.104869405
7620,0.1660769083,0.5039646897,1.993092687,1,3.104986877
7621,1.337010458,0.3961858344,1.487414884,1,3.105104317
7622,0.531208651,1.444626606,1.928164248,1,3.105221727
7623,0.05787160847,1.577847399,1.999162544,1,3.105339105
7624,1.875150633,0.4356466127,0.6955645938,1,3.105456453
7625,1.726941351,1.694890869,1.008798082,0,3.10504918
7626,0.2147958643,1.728785303,1.988432231,1,3.105166536
7627,1.735208827,0.4147538294,0.9945100946,1,3.10528386
7628,1.264964456,1.002628506,1.549149743,1,3.105401154
7629,1.499698663,0.2866864787,1.323217261,1,3.105518417
7630,1.18453612,1.67831418,1.611481983,0,3.105111402
7631,1.399766697,0.3855582514,1.428514331,1,3.105228673
7632,1.607650964,0.6053682015,1.18973038,1,3.105345912
7633,0.9474621699,1.787146596,1.761339103,0,3.10493908
7634,0.7589547138,0.9785884322,1.850402049,1,3.105056327
7635,0.7083115043,1.203674506,1.870372907,1,3.105173543
7636,1.098571518,1.078557938,1.671269164,1,3.105290728
7637,1.131725495,1.68989964,1.648998909,0,3.104884117
7638,1.576579127,0.6066528268,1.230608897,1,3.105001309
7639,1.562270196,1.509194753,1.248724082,0,3.104594842
7640,0.9505794585,1.860062614,1.759658687,0,3.104188482
7641,1.90694242,1.881354558,0.602968165,0,3.103782227
7642,0.7248969838,1.0157821,1.864007608,1,3.103899503
7643,1.95958285,1.897378958,0.4000438142,0,3.103493393
7644,0.9603630639,0.02113617904,1.754338276,1,3.103610675
7645,1.644788262,0.4676534374,1.137836356,1,3.103727927
7646,1.701121521,1.626063781,1.051753569,0,3.103321998
7647,1.370701357,1.140021181,1.456426377,1,3.103439257
7648,0.9004560199,0.8276844125,1.785827247,1,3.103556485
7649,1.647275846,1.200723472,1.134232025,0,3.103150739
7650,0.09752313316,0.2713118136,1.997620895,1,3.103267974
7651,0.3566830929,0.978238779,1.967937288,1,3.103385178
7652,1.72832066,0.7130307099,1.006433155,1,3.103502352
7653,1.088767455,1.71902423,1.677672623,0,3.103096825
7654,0.5241565247,0.02305960508,1.930093246,1,3.103214006
7655,0.8295125387,1.585517121,1.819865091,1,3.103331156
7656,0.9091787227,0.1956356804,1.781402271,1,3.103448276
7657,1.080173506,0.7830724518,1.683218702,1,3.103565365
7658,1.701619716,1.677379963,1.050947354,0,3.103160094
7659,1.686009873,1.448337477,1.07581165,0,3.102754929
7660,0.3263174925,0.5734137309,1.973199659,1,3.102872063
7661,0.5559969174,0.2607109635,1.92116304,1,3.102989166
7662,1.724471751,0.4230974431,1.013013909,1,3.103106239
7663,1.030551081,1.718391062,1.714049144,0,3.102701292
7664,1.546256471,1.064528099,1.268499479,1,3.102818372
7665,0.6539951916,0.8887557698,1.89005034,1,3.102935421
7666,0.4745319615,1.373416846,1.942889451,1,3.103052439
7667,0.2531587466,1.522178554,1.983912964,1,3.103169427
7668,0.5171923931,1.714570601,1.931971022,1,3.103286385
7669,1.140107914,1.252712997,1.643214516,1,3.103403312
7670,0.4050337413,0.7607929152,1.958557548,1,3.103520209
7671,0.5039906153,0.7170888099,1.935456912,1,3.103637075
7672,1.001466031,1.966572916,1.731203567,0,3.103232534
7673,1.296085382,0.3795405802,1.523208023,1,3.103349407
7674,0.05818596009,1.183660931,1.999153419,1,3.10346625
7675,0.8142965203,0.3036625592,1.826724166,1,3.103583062
7676,1.665861532,0.8237086886,1.106754424,1,3.103699844
7677,1.286266122,1.414299829,1.531508885,1,3.103816595
7678,0.7573571466,0.4529181789,1.851056496,1,3.103933316
7679,0.8602739099,1.648094923,1.805527291,1,3.104050007
7680,1.871941194,1.381412516,0.7041563509,0,3.103645833
7681,0.1530349632,0.9896454689,1.99413648,1,3.103762531
7682,1.894908416,0.4252346265,0.6397828508,1,3.103879198
7683,1.185137401,1.328255024,1.611039832,1,3.103995835
7684,0.0355535005,0.6027838962,1.999683962,1,3.104112441
7685,0.5621151257,0.9000938585,1.919381824,1,3.104229018
7686,0.7413630779,0.8200121895,1.857520064,1,3.104345563
7687,1.464087902,1.718230134,1.362514813,0,3.10394172
7688,0.2869954891,0.7942687998,1.979301288,1,3.104058273
7689,0.8726202682,0.05819852645,1.799592695,1,3.104174795
7690,1.319109563,0.8758340779,1.503312995,1,3.104291287
7691,1.062302494,1.26327476,1.694554045,1,3.104407749
7692,1.022719824,0.2812904043,1.718733302,1,3.104524181
7693,1.879779362,0.2878342814,0.6829564762,1,3.104640582
7694,1.735045466,1.420986092,0.994795069,0,3.104237068
7695,1.706653159,1.252874856,1.042753564,0,3.103833658
7696,1.238825672,0.9304292131,1.570130872,1,3.103950104
7697,1.327298366,0.04257028875,1.496087915,1,3.104066519
7698,1.052683547,1.638375507,1.700546192,1,3.104182905
7699,0.4285061242,1.167077355,1.953556373,1,3.10429926
7700,1.729684453,0.885608254,1.004087493,1,3.104415584
7701,0.27260324,0.4361484134,1.981334771,1,3.104531879
7702,1.231435841,0.7223035739,1.575933301,1,3.104648143
7703,1.418806685,1.138520216,1.409605473,1,3.104764378
7704,0.4516828456,1.121532061,1.948328157,1,3.104880582
7705,1.316632305,1.011920054,1.505483103,1,3.104996755
7706,1.053806147,0.6613205327,1.699850759,1,3.105112899
7707,0.0576811161,1.136844417,1.999168049,1,3.105229013
7708,1.584935456,1.065763947,1.219827692,1,3.105345096
7709,0.772584941,1.059124563,1.844752696,1,3.105461149
7710,1.534668123,0.4796719452,1.282495127,1,3.105577173
7711,0.996041102,0.8036654984,1.734330454,1,3.105693166
7712,0.1262981808,1.719047646,1.996008209,1,3.105809129
7713,0.7318076336,0.04000778684,1.861305345,1,3.105925062
7714,0.9159582038,0.706095668,1.777925918,1,3.106040964
7715,1.482728341,0.01963843844,1.342205895,1,3.106156837
7716,0.06971344215,0.3452335817,1.99878464,1,3.10627268
7717,0.5172598862,0.5358491029,1.931952952,1,3.106388493
7718,1.482269662,0.4124295759,1.342712422,1,3.106504276
7719,1.7425336,1.232322922,0.9816194034,0,3.106101827
7720,0.9425913892,1.848538812,1.76395053,0,3.105699482
7721,0.2222805327,0.2287401942,1.98760946,1,3.105815309
7722,1.381258467,1.785502307,1.446418006,0,3.105413105
7723,0.9840813449,0.2651426517,1.741144424,1,3.10552894
7724,0.6191927709,1.812013551,1.901736131,1,3.105644744
7725,0.5599621174,1.267640221,1.920011049,1,3.105760518
7726,0.06605058951,1.919226278,1.998909032,1,3.105876262
7727,1.811116018,0.1383835506,0.8484449119,1,3.105991976
7728,0.8399911269,0.4997932867,1.815052315,1,3.10610766
7729,0.1269860744,1.932776875,1.995964563,1,3.106223315
7730,1.913607297,0.6314520274,0.5814697873,0,3.105821475
7731,0.6654494842,0.3436257866,1.88604798,1,3.105937136
7732,1.065423647,1.34383434,1.69259341,1,3.106052768
7733,0.4122233249,0.4318448847,1.957056956,1,3.106168369
7734,0.7458939984,0.4625965567,1.855705295,1,3.106283941
7735,1.896662494,1.676835879,0.6345639308,0,3.105882353
7736,1.942434574,0.5412893134,0.4763905182,0,3.105480869
7737,1.090810048,1.835168427,1.676345263,0,3.105079488
7738,1.799787013,1.264836268,0.8722194154,0,3.104678211
7739,1.844650991,0.2658982177,0.7728277437,1,3.104793901
7740,1.745721016,0.8582900594,0.9759396152,1,3.104909561
7741,0.2696200545,1.042991852,1.981742926,1,3.105025191
7742,0.01168922081,0.3609198633,1.99996584,1,3.10514079
7743,0.1024823058,1.461000451,1.997372618,1,3.105256361
7744,1.690320433,0.5153487421,1.069026115,1,3.105371901
7745,1.494460857,1.652868388,1.329130072,0,3.104970949
7746,0.6399283369,0.7843461347,1.894859289,1,3.105086496
7747,1.893658011,1.067517171,0.6434744251,0,3.104685685
7748,0.2820552903,0.7175157991,1.980011316,1,3.104801239
7749,0.4976237988,0.4188168648,1.937103651,1,3.104916763
7750,1.351321307,1.512458069,1.474425558,0,3.104516129
7751,0.767751169,1.210339892,1.846769651,1,3.10463166
7752,1.723254758,0.43144765,1.015082775,1,3.104747162
7753,0.1732798073,1.921337549,1.992479387,1,3.104862634
7754,1.591651905,0.1205664351,1.211050872,1,3.104978076
7755,0.9226039495,0.3009515125,1.774486391,1,3.105093488
7756,0.8005736797,1.007412992,1.832779797,1,3.105208871
7757,1.02886646,0.6650467181,1.715060876,1,3.105324223
7758,1.844558248,1.124098,0.7730490745,0,3.104923949
7759,1.562574469,1.820764138,1.248343314,0,3.104523779
7760,1.493533061,0.9595228021,1.330172544,1,3.104639175
7761,0.2637679258,0.8720384519,1.982530323,1,3.104754542
7762,1.709070386,0.4074243317,1.038786992,1,3.104869879
7763,1.072746815,0.006200651231,1.687961573,1,3.104985186
7764,0.3367295059,0.9808708169,1.971449528,1,3.105100464
7765,0.4106697927,0.2544621641,1.95738354,1,3.105215712
7766,1.759995644,1.364128152,0.9499554374,0,3.104815864
7767,0.6980609754,0.6433866075,1.874222739,1,3.104931119
7768,0.4387326012,1.427303373,1.951285142,1,3.105046344
7769,0.4761325219,0.3764301845,1.942497831,1,3.105161539
7770,1.1375659,1.281748038,1.644975326,1,3.105276705
7771,0.003726768582,0.04914916363,1.999996528,1,3.105391841
7772,0.7211120185,1.191517592,1.865475129,1,3.105506948
7773,0.3144341349,1.874522543,1.975128141,1,3.105622025
7774,1.64394373,0.3153313298,1.139056194,1,3.105737072
7775,0.9972320946,0.09700558278,1.733645912,1,3.10585209
7776,0.01695117952,1.40420957,1.999928163,1,3.105967078
7777,1.611761837,0.9427245306,1.184155303,1,3.106082037
7778,1.644107196,0.02500921759,1.138820235,1,3.106196966
7779,1.40689477,0.804490699,1.421494673,1,3.106311865
7780,0.452203148,1.605682604,1.948207461,1,3.106426735
7781,0.3338746813,1.506362844,1.971935013,1,3.106541576
7782,1.516546426,1.407817948,1.30387382,0,3.10614238
7783,0.3675857609,0.5851034832,1.965929986,1,3.106257227
7784,1.942944372,0.5962115007,0.474307037,0,3.105858171
7785,0.6668148445,0.4303890701,1.885565688,1,3.105973025
7786,0.3414962468,0.9662194626,1.970629421,1,3.10608785
7787,0.4662299129,0.1532003222,1.94489837,1,3.106202645
7788,1.357441782,0.7421424731,1.468792636,1,3.106317411
7789,1.02597423,1.775129347,1.716792614,0,3.105918603
7790,0.3025231206,0.04097318594,1.976987547,1,3.106033376
7791,1.839913435,1.558557719,0.7840398919,0,3.105634707
7792,1.909818278,0.548813408,0.593796383,1,3.105749487
7793,0.7606100452,1.590187998,1.849722238,1,3.105864237
7794,1.041585131,0.8433478344,1.707366514,1,3.105978958
7795,0.3549202986,1.154598128,1.968255975,1,3.10609365
7796,0.4953488342,1.459104649,1.937686645,1,3.106208312
7797,1.997336036,1.134172833,0.1031928297,0,3.105809927
7798,1.325270769,0.02199220316,1.497884304,1,3.105924596
7799,0.7099840659,1.958793421,1.869738652,0,3.10552635
7800,1.07967156,1.905411631,1.68354071,0,3.105128205
7801,1.925481357,0.3811734467,0.5408526074,1,3.105242918
7802,0.1503706093,0.7113395526,1.994339159,1,3.105357601
7803,0.2652798383,1.524588987,1.982328582,1,3.105472254
7804,0.2259551187,1.859843174,1.98719508,1,3.105586879
7805,0.2693522074,0.09335667597,1.981779349,1,3.105701473
7806,1.072629122,1.913412878,1.688036364,0,3.105303613
7807,1.763537909,1.74919245,0.9433631564,0,3.104905854
7808,0.08680528042,1.136620776,1.998115323,1,3.105020492
7809,1.039304871,0.6281193098,1.708755508,1,3.105135101
7810,0.8109537885,0.5540854658,1.828210588,1,3.10524968
7811,0.6439303459,1.709209054,1.893503026,1,3.10536423
7812,0.5151614115,1.553516082,1.932513576,1,3.105478751
7813,0.7949275788,1.216624617,1.835235719,1,3.105593242
7814,0.6653286474,0.2263290777,1.88609061,1,3.105707704
7815,1.009104913,0.1153662212,1.726762078,1,3.105822137
7816,1.598425951,1.345851323,1.202095869,0,3.10542477
7817,1.521767993,1.240966167,1.297775857,1,3.105539209
7818,1.232258833,0.4888862039,1.575289868,1,3.10565362
7819,0.2258911735,0.2475141377,1.987202349,1,3.105768001
7820,0.5905237384,0.8426021988,1.910832728,1,3.105882353
7821,1.384089909,1.778550621,1.443708809,0,3.105485232
7822,0.8310007074,0.9034185634,1.819186033,1,3.105599591
7823,0.05880179684,1.430240849,1.9991354,1,3.10571392
7824,1.555492857,1.986223051,1.257156304,0,3.105316973
7825,0.0909098561,0.2011687976,1.997932781,1,3.10543131
7826,0.9120737128,0.6312453143,1.77992178,1,3.105545617
7827,0.8385869211,1.518514547,1.815701511,1,3.105659895
7828,1.511692402,1.794294344,1.309498409,0,3.105263158
7829,1.487182408,1.918447068,1.33726904,0,3.104866522
7830,0.8647752197,0.3369319312,1.803375673,1,3.104980843
7831,1.46355745,0.3869250844,1.363084587,1,3.105095135
7832,1.761385741,1.420692307,0.9473754656,0,3.104698672
7833,1.428540196,1.427597521,1.399740301,0,3.104302311
7834,1.439549144,0.6889038349,1.388415738,1,3.104416645
7835,0.1656971222,0.3783810158,1.993124297,1,3.104530951
7836,1.419725359,1.88198172,1.4086802,0,3.104134763
7837,1.829477606,1.1687206,0.8080913876,0,3.103738676
7838,1.316879945,1.111746478,1.505266492,1,3.103853024
7839,1.336303064,1.24702647,1.488050443,1,3.103967343
7840,0.171721447,0.1008683876,1.992614299,1,3.104081633
7841,1.716767654,0.03039063172,1.026015995,1,3.104195893
7842,1.717744264,0.006356702523,1.024380126,1,3.104310125
7843,1.982751425,0.9440108386,0.262100717,0,3.103914319
7844,0.1970809287,1.766424912,1.99026609,1,3.104028557
7845,0.1889843173,0.04609762429,1.991051212,1,3.104142766
7846,0.9560968851,1.994682009,1.756666942,0,3.103747132
7847,1.886919531,0.4093704412,0.6629741209,1,3.103861348
7848,1.07595341,1.4756922,1.68591941,1,3.103975535
7849,1.438395617,1.783784695,1.389610754,0,3.103580074
7850,0.9048701516,0.306167007,1.783594687,1,3.103694268
7851,1.882494188,0.2642973955,0.6754373637,1,3.103808432
7852,0.2604074447,0.3827498694,1.982974524,1,3.103922567
7853,1.721573966,1.623056622,1.017930783,0,3.103527314
7854,1.58717198,1.542745592,1.216916228,0,3.103132162
7855,1.483821509,0.6773631174,1.34099729,1,3.10324634
7856,0.1687055839,1.082185323,1.992871904,1,3.103360489
7857,0.4322136931,1.990069901,1.952739441,0,3.102965508
7858,1.011878848,0.4515302815,1.725138023,1,3.103079664
7859,0.06950242879,0.4050093322,1.998791988,1,3.103193791
7860,1.109579209,1.077244543,1.663981364,1,3.103307888
7861,1.929313559,1.651340669,0.5270191569,0,3.102913115
7862,0.4270510253,0.9060917982,1.953874976,1,3.10302722
7863,1.671883559,1.550800079,1.097636263,0,3.102632583
7864,1.314513494,1.21713498,1.507333498,1,3.102746694
7865,1.378308113,1.692062005,1.449229707,0,3.102352193
7866,1.668634331,0.1339112374,1.102569484,1,3.102466311
7867,1.092403398,0.4971646606,1.67530738,1,3.102580399
7868,1.074214051,1.401731088,1.687028208,1,3.102694459
7869,1.637095695,1.547138451,1.148876706,0,3.102300165
7870,0.1924752755,0.8171619056,1.990716773,1,3.102414231
7871,0.7454002238,0.1399843704,1.85590369,1,3.102528268
7872,1.772373264,0.7515780169,0.9266569007,1,3.102642276
7873,1.397825493,1.273061074,1.430413888,1,3.102756256
7874,1.011919891,1.523861594,1.725113948,1,3.102870206
7875,0.3486912054,0.693127485,1.969369047,1,3.102984127
7876,0.7404526347,1.103221154,1.857883176,1,3.103098019
7877,0.3356115292,1.843114028,1.971640155,1,3.103211883
7878,1.890578274,1.535862505,0.6524674622,0,3.102817974
7879,0.7247352303,1.248661484,1.864070505,1,3.102931844
7880,1.038660385,1.403737687,1.709147333,1,3.103045685
7881,0.880148261,0.05815196793,1.795922893,1,3.103159498
7882,1.24240371,1.829218791,1.56730119,0,3.102765795
7883,1.070411458,1.28605102,1.689443491,1,3.102879614
7884,1.924468613,0.8153345805,0.5444451823,0,3.102486048
7885,0.1096750319,0.8727648244,1.996990583,1,3.102599873
7886,0.624505351,1.116394771,1.899998175,1,3.10271367
7887,0.227309503,1.284760014,1.987040611,1,3.102827438
7888,0.3657953764,1.649280477,1.966263905,1,3.102941176
7889,0.5350560473,1.819487092,1.92710016,1,3.103054887
7890,1.515544975,0.8924040447,1.305037711,1,3.103168568
7891,0.8051203506,0.4601753866,1.83078705,1,3.10328222
7892,1.52870419,0.7002253546,1.289598193,1,3.103395844
7893,0.78494994,0.4495238804,1.839525371,1,3.103509439
7894,0.4539019957,0.6618613815,1.947812357,1,3.103623005
7895,1.154780546,0.9995653544,1.632936585,1,3.103736542
7896,1.567631072,0.06231600368,1.241987448,1,3.103850051
7897,1.545724801,1.437881426,1.269147288,0,3.103457009
7898,0.9404340997,0.9814571457,1.765101613,1,3.103570524
7899,0.7543036203,0.5538507962,1.852302904,1,3.103684011
7900,0.2034047313,1.925719652,1.989629743,1,3.103797468
7901,0.3645972971,1.322680868,1.966486413,1,3.103910897
7902,0.9636493885,0.8003584782,1.752535265,1,3.104024298
7903,1.460608362,1.546998773,1.366244199,0,3.103631532
7904,1.926571505,1.852969741,0.5369564565,0,3.103238866
7905,1.388137416,0.6403394582,1.439817528,1,3.103352309
7906,1.866837534,0.1136228707,0.7175776067,1,3.103465722
7907,0.1052046293,1.284990509,1.99723108,1,3.103579107
7908,1.373792233,0.3262410833,1.453511232,1,3.103692463
7909,1.347018394,0.6169710857,1.478357686,1,3.103805791
7910,1.853407381,0.9451676097,0.7515857094,0,3.103413401
7911,0.401891625,1.430339581,1.959204717,1,3.103526735
7912,0.7917554594,0.2114375081,1.836606461,1,3.10364004
7913,0.6914310552,1.459716114,1.876678741,1,3.103753317
7914,1.4604808,1.428903204,1.366380559,0,3.103361132
7915,1.124570254,1.064839558,1.65388686,1,3.103474416
7916,1.440294867,0.9770572625,1.387642136,1,3.103587671
7917,1.717676377,0.742279879,1.024493955,1,3.103700897
7918,0.5648978033,0.6130530971,1.918564691,1,3.103814094
7919,1.958169054,0.2826682821,0.4069077964,1,3.103927264
7920,1.820470852,0.9754341107,0.8281822734,0,3.103535354
7921,0.4935708897,0.3249850546,1.938140288,1,3.103648529
7922,1.468144436,1.891289334,1.358142818,0,3.103256753
7923,0.0533176859,1.498431127,1.99928918,1,3.103369936
7924,0.8054309453,0.01593855923,1.830650429,1,3.103483089
7925,1.87027598,1.147643856,0.7085673987,0,3.103091483
7926,0.7245973847,1.504033475,1.864124092,1,3.103204643
7927,0.4264915927,0.6421923461,1.953997165,1,3.103317775
7928,1.223798221,0.860968122,1.581871649,1,3.103430878
7929,0.1164081449,1.485497936,1.996609412,1,3.103543953
7930,0.1502237259,0.127673184,1.994350228,1,3.103656999
7931,0.7006022983,1.75919108,1.873274251,1,3.103770016
7932,1.835579009,1.678952494,0.7941345606,0,3.103378719
7933,1.591412274,1.923945954,1.211365747,0,3.10298752
7934,0.3165849752,1.75400856,1.974784533,1,3.10310058
7935,1.370725234,1.504826764,1.456403904,0,3.102709515
7936,0.06951048711,0.7487296841,1.998791708,1,3.102822581
7937,0.6688397487,1.520354595,1.884848373,1,3.102935618
7938,0.2136950461,0.6327502671,1.988550836,1,3.103048627
7939,0.1944914549,0.1777349276,1.990520805,1,3.103161607
7940,0.5468893556,0.530769681,1.923775463,1,3.103274559
7941,0.8133865163,1.361619133,1.827129545,1,3.103387483
7942,0.04338672689,1.415779499,1.999529343,1,3.103500378
7943,1.937363657,0.7969613379,0.4966105724,0,3.103109656
7944,1.210970175,1.46133691,1.591713302,1,3.103222558
7945,0.4612749323,0.2156364781,1.946079504,1,3.103335431
7946,1.035182986,1.369463812,1.711255734,1,3.103448276
7947,1.219880709,1.113282227,1.584894651,1,3.103561092
7948,0.08436869835,1.346823844,1.998219688,1,3.10367388
7949,1.731102452,0.01438016993,1.001640805,1,3.10378664
7950,0.2147534964,1.555237766,1.988436807,1,3.103899371
7951,1.335395374,1.675937863,1.48886507,0,3.103508993
7952,0.7924640391,0.6330562455,1.836300832,1,3.10362173
7953,1.499292953,0.6976982688,1.32367694,1,3.10373444
7954,1.777127939,0.2975777334,0.9175054699,1,3.103847121
7955,0.8509698836,0.7869848465,1.809931009,1,3.103959774
7956,0.795803087,0.4039579125,1.834856247,1,3.104072398
7957,0.886521188,0.2933500649,1.792785593,1,3.104184994
7958,1.958009109,0.243498335,0.4076767444,1,3.104297562
7959,0.4123244304,1.085535503,1.957035657,1,3.104410102
7960,1.632685964,0.9307102208,1.15513486,1,3.104522613
7961,1.422971581,1.865995736,1.405400967,0,3.104132647
7962,0.8422882254,0.4107977182,1.813987471,1,3.104245165
7963,0.2088474195,0.5912999912,1.9890658,1,3.104357654
7964,0.08132537134,0.6231249608,1.998345862,1,3.104470116
7965,1.677305236,1.602686837,1.089333348,0,3.104080352
7966,0.1606990843,0.3913317719,1.993533497,1,3.104192819
7967,0.344944536,0.0430671741,1.970028748,1,3.104305259
7968,1.447475325,0.9669395478,1.380150421,1,3.104417671
7969,0.8879678393,0.2733169003,1.792069507,1,3.104530054
7970,0.5252960042,0.04548958768,1.929783436,1,3.104642409
7971,0.9362866878,1.265435301,1.767305078,1,3.104754736
7972,0.4796314801,1.912901737,1.941636846,1,3.104867035
7973,0.5342372797,1.442455356,1.927327302,1,3.104979305
7974,1.166363224,0.1803830875,1.624683609,1,3.105091548
7975,0.7683882815,0.4135189032,1.846504657,1,3.105203762
7976,1.409850085,1.100160964,1.418563617,1,3.105315948
7977,0.5900979462,0.5642507201,1.910964263,1,3.105428106
7978,0.8998095346,1.367372093,1.786153073,1,3.105540236
7979,0.26114451,0.3836794861,1.982877592,1,3.105652337
7980,1.06928754,1.602426717,1.690155069,1,3.105764411
7981,0.1732704402,0.1954796653,1.992480202,1,3.105876457
7982,0.5795818233,1.765860247,1.914179958,1,3.105988474
7983,1.977090551,0.190773176,0.3018492204,1,3.106100463
7984,0.1066022688,1.04530289,1.997156968,1,3.106212425
7985,1.124453159,1.90775565,1.653966473,0,3.105823419
7986,0.1357018487,1.21309896,1.995390941,1,3.105935387
7987,0.3541498804,1.517691516,1.968394742,1,3.106047327
7988,0.9641746276,0.4999585826,1.752246355,1,3.106159239
7989,0.9806075914,1.305880197,1.743103196,1,3.106271123
7990,0.09614448933,1.188581536,1.997687723,1,3.106382979
7991,0.01655502546,0.2332458413,1.999931482,1,3.106494807
7992,0.3559821522,0.8146200031,1.968064203,1,3.106606607
7993,1.248154408,0.8022049514,1.562725367,1,3.106718379
7994,0.733791224,1.53139946,1.860524238,1,3.106830123
7995,0.1479281262,1.217279325,1.994521815,1,3.106941839
7996,1.871486546,0.1115801849,0.7053638133,1,3.107053527
7997,1.737284884,0.117421755,0.9908790191,1,3.107165187
7998,1.5086478,0.6338916714,1.31300488,1,3.107276819
7999,1.679987208,0.3163071961,1.085192601,1,3.107388424
8000,0.7409839668,0.024915367,1.857671327,1,3.1075
8001,0.7548439238,1.043615499,1.852082787,1,3.107611549
8002,1.466774251,0.7700439379,1.359622484,1,3.107723069
8003,0.9172953498,0.3954243825,1.777236406,1,3.107834562
8004,0.691981484,1.980727361,1.876475853,0,3.107446277
8005,0.7619593614,1.204733092,1.849166821,1,3.107557776
8006,1.731144385,0.2654454029,1.001568329,1,3.107669248
8007,1.718539447,1.159491231,1.023045535,0,3.107281129
8008,1.130155316,1.894409091,1.650075441,0,3.106893107
8009,1.293207242,1.506543498,1.525652329,1,3.10700462
8010,0.06046911975,0.1459259106,1.999085662,1,3.107116105
8011,0.8872965333,1.456316057,1.792401981,1,3.107227562
8012,0.04512133852,1.125856537,1.999490951,1,3.107338992
8013,1.445732607,1.727673869,1.381975843,0,3.106951204
8014,1.767529248,0.6169671639,0.9358634289,1,3.10706264
8015,1.024958741,1.513398544,1.717399074,1,3.107174049
8016,0.2899611571,0.4632502227,1.978869002,1,3.107285429
8017,0.4200384646,0.216889555,1.95539451,1,3.107396782
8018,1.919619223,0.2638585562,0.5613038753,1,3.107508107
8019,0.25752038,1.388705138,1.983351521,1,3.107619404
8020,1.069752258,0.9563838452,1.689860973,1,3.107730673
8021,1.451502296,1.168233411,1.375914636,1,3.107841915
8022,1.153627765,1.710788391,1.633751199,0,3.1074545
8023,0.06852782088,0.7885332357,1.99882564,1,3.107565748
8024,0.9705328043,1.20539792,1.748732706,1,3.107676969
8025,1.327163375,0.9122455134,1.496207665,1,3.107788162
8026,0.6377097667,0.8936702014,1.895607094,1,3.107899327
8027,0.3020778428,1.074166511,1.977055633,1,3.108010465
8028,1.609670362,1.706857853,1.186996767,0,3.107623318
8029,0.9155791094,0.7392932231,1.77812117,1,3.107734463
8030,1.552537065,0.007301094766,1.260804768,1,3.107845579
8031,1.144052052,0.6245722701,1.640470939,1,3.107956668
8032,0.3933008919,0.4233423817,1.960947324,1,3.108067729
8033,1.773822741,1.040501183,0.9238792588,0,3.107680817
8034,1.391269765,1.728375158,1.436791022,0,3.107294
8035,1.728008727,0.4512293403,1.006968639,1,3.107405103
8036,0.9841817045,0.9834974695,1.741087698,1,3.107516177
8037,1.005951867,0.2210085849,1.728600833,1,3.107627224
8038,1.395468094,0.7861386783,1.432713788,1,3.107738243
8039,1.459773482,1.084132715,1.367136197,1,3.107849235
8040,1.614545298,1.7348137,1.180357353,0,3.107462687
8041,1.688337287,0.74978081,1.072155401,1,3.107573685
8042,1.060799469,1.230706079,1.695495352,1,3.107684656
8043,1.146869674,0.5007447486,1.63850235,1,3.107795599
8044,1.58495615,0.3640646931,1.219800804,1,3.107906514
8045,1.944740908,1.837718047,0.466886281,0,3.107520199
8046,1.310111058,0.8469048178,1.511161479,1,3.107631121
8047,1.596410199,0.177152414,1.204771546,1,3.107742016
8048,1.257184059,0.7913410137,1.555470425,1,3.107852883
8049,1.075891672,0.2862445179,1.685958811,1,3.107963722
8050,1.153876168,1.682908433,1.633575768,0,3.10757764
8051,0.5884778481,1.955582258,1.91146379,0,3.107191653
8052,0.3170063979,0.6642973421,1.974716927,1,3.107302534
8053,0.2630888496,0.1720013495,1.982620553,1,3.107413386
8054,0.6797095691,1.505125553,1.880955848,1,3.107524212
8055,1.814081166,0.5392128964,0.8420864105,1,3.107635009
8056,0.9757928229,0.4301522181,1.745803072,1,3.10774578
8057,1.706824164,1.884462729,1.042473632,0,3.10736006
8058,0.007024689997,1.633841379,1.999987663,1,3.107470836
8059,1.438164152,1.871456171,1.389850306,0,3.107085246
8060,1.564689585,1.664483663,1.245691175,0,3.106699752
8061,0.5197760333,1.694835672,1.931277524,1,3.106810569
8062,0.9042529905,0.6792759196,1.783907657,1,3.106921359
8063,0.2444296998,1.32375372,1.985007335,1,3.107032122
8064,1.667279298,1.425419305,1.104617464,0,3.106646825
8065,0.5143315822,0.6111432425,1.932734597,1,3.106757595
8066,0.7498116219,0.283655647,1.854125813,1,3.106868336
8067,1.643607824,1.999853861,1.139540838,0,3.106483203
8068,0.2345265714,1.818475935,1.986201724,1,3.106593951
8069,0.9553888777,1.151828172,1.757052103,1,3.106704672
8070,0.4639431887,0.3732558925,1.945445121,1,3.106815366
8071,0.2278444175,0.3078889779,1.986979346,1,3.106926031
8072,0.8700063573,0.773194145,1.800857834,1,3.10703667
8073,1.451405582,0.4623751122,1.376016656,1,3.107147281
8074,0.5436740622,1.03950044,1.924686602,1,3.107257865
8075,0.7521457328,0.2995518124,1.853180185,1,3.107368421
8076,1.702786311,1.728912881,1.049056138,0,3.106983655
8077,1.244804574,0.6407390838,1.565395022,1,3.107094218
8078,0.7392093435,0.1862950365,1.858378203,1,3.107204754
8079,1.041765635,0.1913381353,1.707256384,1,3.107315262
8080,0.9550665478,1.357184971,1.75722733,1,3.107425743
8081,1.437269823,1.288633282,1.390775128,1,3.107536196
8082,0.5206891532,0.4566717705,1.931031539,1,3.107646622
8083,1.397249667,0.9335214484,1.430976369,1,3.107757021
8084,1.97558732,1.35109041,0.3115360998,0,3.107372588
8085,0.6621843978,1.031894671,1.887196816,1,3.107482993
8086,0.6527703198,0.05639342659,1.890473726,1,3.107593371
8087,1.139619447,1.389876353,1.64355332,1,3.107703722
8088,1.94718009,0.7178067384,0.4566067186,0,3.107319486
8089,0.3963591194,1.584006583,1.960331464,1,3.107429843
8090,0.7620705184,0.4793025857,1.849121014,1,3.107540173
8091,0.3188300742,0.687929792,1.974423304,1,3.107650476
8092,0.7585355608,1.677646421,1.850573912,1,3.107760751
8093,1.129417919,1.692030282,1.650580251,0,3.107376745
8094,1.243562415,1.074280518,1.566381984,1,3.107487027
8095,1.937315753,0.8427469591,0.4967974149,0,3.10710315
8096,1.594493828,0.6856828389,1.207306685,1,3.107213439
8097,1.376091021,1.773536738,1.451335076,0,3.10682969
8098,0.3083744011,1.995944522,1.976083305,0,3.106446036
8099,1.790565492,1.087828101,0.8909967556,0,3.106062477
8100,1.291639218,0.1446393342,1.526980069,1,3.10617284
8101,0.08900452282,1.250022216,1.998018567,1,3.106283175
8102,1.489202489,1.067318439,1.335019081,1,3.106393483
8103,0.3231530711,1.076932904,1.973720368,1,3.106503764
8104,1.09113517,0.229372112,1.676133659,1,3.106614018
8105,1.589724429,0.3908832513,1.213579927,1,3.106724244
8106,1.634251683,0.2797236749,1.15291866,1,3.106834444
8107,1.181007341,1.951091698,1.614069906,0,3.106451215
8108,1.971704573,0.7483267382,0.3352328677,0,3.106068081
8109,1.04253199,0.9431205146,1.706788519,1,3.10617832
8110,1.339036627,0.1408714465,1.485591099,1,3.106288533
8111,1.24869265,0.90328572,1.562295319,1,3.106398718
8112,0.303516401,1.688707901,1.976835298,1,3.106508876
8113,1.622120829,1.612027952,1.169924791,0,3.106125971
8114,0.1620175405,0.5799365593,1.993426777,1,3.106236135
8115,0.1877430469,0.5245032963,1.991168639,1,3.106346272
8116,1.628180648,1.959125244,1.16147655,0,3.105963529
8117,0.3788622071,1.105043444,1.96378803,1,3.106073673
8118,0.08482196377,0.261546106,1.998200499,1,3.106183789
8119,0.4634774908,0.04145327159,1.94555612,1,3.106293879
8120,1.288767097,0.4067310601,1.529404907,1,3.106403941
8121,1.705799553,0.4485650798,1.044149359,1,3.106513976
8122,1.292707824,0.4548177633,1.526075517,1,3.106623984
8123,1.388653101,0.182542428,1.439320174,1,3.106733965
8124,0.4860235728,1.272591108,1.940046671,1,3.106843919
8125,1.380836559,1.160512753,1.44682079,1,3.106953846
8126,1.991586003,1.236575629,0.183262636,0,3.106571499
8127,1.997297776,1.712194515,0.103930713,0,3.106189246
8128,0.1996297353,0.1724817261,1.990012052,1,3.106299213
8129,0.8065674665,1.157127121,1.830149973,1,3.106409152
8130,0.2695427348,0.5975419332,1.981753444,1,3.106519065
8131,1.140275452,0.05954484357,1.643098261,1,3.106628951
8132,0.3428360994,0.258271563,1.970396764,1,3.10673881
8133,0.4739183906,1.960799723,1.943039207,0,3.106356818
8134,0.957720966,1.863593883,1.755782034,0,3.10597492
8135,0.7851370527,1.035266229,1.839445517,1,3.106084819
8136,0.5516917037,1.858567439,1.922403772,1,3.10619469
8137,1.488241647,0.2538480873,1.336090117,1,3.106304535
8138,0.3440378942,0.06705443418,1.970187282,1,3.106414352
8139,1.721648036,1.947777106,1.017805503,0,3.106032682
8140,0.9372058991,0.6364213597,1.76681779,1,3.106142506
8141,1.986492641,0.1652045344,0.232049535,1,3.106252303
8142,1.169723354,0.330721685,1.622266093,1,3.106362073
8143,0.5431835825,0.6948849067,1.924825082,1,3.106471816
8144,0.3646062296,0.9929333486,1.966484756,1,3.106581532
8145,0.04077922868,0.4910654656,1.99958422,1,3.106691222
8146,1.004833897,1.282270782,1.729250948,1,3.106800884
8147,1.610376555,0.3782791417,1.186038512,1,3.106910519
8148,1.713969128,1.338592136,1.030684155,0,3.10652921
8149,0.7327743178,0.6211869696,1.860924985,1,3.106638851
8150,0.1688564224,0.2964494155,1.992859129,1,3.106748466
8151,1.281982736,1.338287896,1.535096175,1,3.106858054
8152,0.5110852376,0.5313491064,1.933595583,1,3.106967615
8153,1.237317629,1.003722541,1.571319536,1,3.10707715
8154,0.723946891,1.045671637,1.864376813,1,3.107186657
8155,0.3587961474,1.962864614,1.967553131,1,3.107296137
8156,1.626170348,1.85016194,1.164289483,0,3.106915154
8157,0.9159491127,1.096156319,1.777930601,1,3.107024641
8158,1.202284307,1.21848968,1.598284219,1,3.107134101
8159,0.001670399213,1.3567986,1.999999302,1,3.107243535
8160,1.96088637,0.5756784365,0.3936046802,0,3.106862745
8161,0.4495527461,0.1815008308,1.948820753,1,3.106972185
8162,0.7246989267,1.270346037,1.864084619,1,3.107081598
8163,1.476733698,0.1429934371,1.348798571,1,3.107190984
8164,1.766234219,0.2706547745,0.9383052197,1,3.107300343
8165,0.8611810233,0.6291170982,1.805094802,1,3.107409675
8166,0.1650876739,1.712112157,1.993174869,1,3.107518981
8167,1.792974355,1.50123083,0.8861393574,0,3.107138484
8168,1.296232454,0.5961106718,1.523082868,1,3.107247796
8169,0.5113333005,0.2492921759,1.933529999,1,3.107357082
8170,0.4416149309,0.6090409238,1.950634833,1,3.10746634
8171,0.7709313353,1.750289489,1.845444357,1,3.107575572
8172,1.830929155,1.227726717,0.8047971363,0,3.107195301
8173,1.215994449,0.007017612064,1.587878301,1,3.107304539
8174,0.3045808083,0.07276526502,1.976671579,1,3.107413751
8175,1.859012441,1.75042296,0.737612868,0,3.107033639
8176,1.746441249,1.039156995,0.9746501751,0,3.10665362
8177,1.238099366,1.3070013,1.570703651,1,3.106762871
8178,1.001525295,0.9516362556,1.731169282,1,3.106872096
8179,0.02133015954,0.088515459,1.999886253,1,3.106981294
8180,0.860447394,1.608907632,1.805444622,1,3.107090465
8181,1.509187219,0.6646344935,1.312384829,1,3.107199609
8182,1.47653043,0.5564567439,1.349021086,1,3.107308726
8183,0.8868692581,0.5207581222,1.792613433,1,3.107417817
8184,1.110314976,1.365755734,1.663490503,1,3.107526882
8185,0.1423222215,1.259867227,1.994929669,1,3.107635919
8186,0.1058624484,0.7429936311,1.99719632,1,3.10774493
8187,1.572729034,0.9592752383,1.235525551,1,3.107853915
8188,1.327853076,0.0008499218528,1.495595603,1,3.107962872
8189,1.451883125,1.713872851,1.375512774,0,3.107583344
8190,1.912766435,0.44891072,0.5842298903,1,3.107692308
8191,0.624717152,0.1023941577,1.899928546,1,3.107801245
8192,0.4394295133,1.333584382,1.951128315,1,3.107910156
8193,1.515129955,1.797237662,1.305519521,0,3.107530819
8194,0.2925169108,1.156996957,1.978492825,1,3.107639736
8195,0.9242819765,1.379760599,1.773612931,1,3.107748627
8196,1.49905826,0.6346902031,1.323942723,1,3.107857491
8197,1.661535576,0.3207050496,1.113238307,1,3.107966329
8198,0.3687494154,0.5392521053,1.965712051,1,3.10807514
8199,0.8278011501,1.764514418,1.820644187,1,3.108183925
8200,0.5221579394,0.734484614,1.930634892,1,3.108292683
8201,0.7544935216,0.4536987871,1.85222556,1,3.108401414
8202,0.3435232772,1.771652943,1.970277076,1,3.108510119
8203,1.27958552,1.309076638,1.537094953,1,3.108618798
8204,1.611818819,1.236887314,1.18407774,0,3.108239883
8205,0.4125975043,0.1979199136,1.956978104,1,3.108348568
8206,1.176451091,1.03314952,1.617393839,1,3.108457226
8207,1.65030028,0.6667474765,1.129826972,1,3.108565858
8208,0.437449085,1.517193804,1.951573288,1,3.108674464
8209,1.808342432,0.8304330374,0.8543404769,1,3.108783043
8210,0.9701042605,1.145396554,1.748970475,1,3.108891596
8211,0.6818187844,0.7063623806,1.880192316,1,3.109000122
8212,1.409954979,1.045137724,1.41845936,1,3.109108622
8213,1.598977685,0.9858903795,1.201361878,1,3.109217095
8214,1.957310782,1.453657212,0.4110164244,0,3.108838568
8215,1.39269253,0.1422116081,1.435411967,1,3.108947048
8216,1.111501849,0.5201974052,1.6626977,1,3.109055501
8217,1.263103201,0.5285659768,1.550667696,1,3.109163928
8218,1.886732252,1.605112796,0.6635069018,0,3.108785593
8219,0.4020182496,1.087111538,1.959178738,1,3.108894026
8220,1.02118132,0.1601498157,1.719647845,1,3.109002433
8221,1.416035815,1.90071257,1.412388959,0,3.108624255
8222,1.145655243,0.03235814482,1.639351721,1,3.108732668
8223,0.1242118249,1.397661004,1.996139129,1,3.108841056
8224,0.2636967798,0.09941845445,1.982539787,1,3.108949416
8225,1.790199376,1.676759415,0.8917321316,0,3.108571429
8226,0.4528871278,1.359812314,1.948048575,1,3.108679796
8227,0.3239964939,1.883870245,1.973582092,1,3.108788137
8228,0.9817227697,1.132414433,1.742475367,1,3.108896451
8229,0.7842979539,0.2447263109,1.839803446,1,3.109004739
8230,1.332373384,0.2352905693,1.491570034,1,3.109113001
8231,1.708200083,0.1115795653,1.040217514,1,3.109221237
8232,0.5927310534,1.467074683,1.910149182,1,3.109329446
8233,1.974904988,1.211765016,0.3158326898,0,3.108951779
8234,0.2475497353,1.607306599,1.984620651,1,3.109059995
8235,0.8150553199,0.3018526211,1.826385727,1,3.109168185
8236,1.436875231,0.04401720695,1.391182796,1,3.109276348
8237,1.812944751,0.6693088584,0.8445302424,1,3.109384485
8238,0.1810888532,0.2067760336,1.991784835,1,3.109492595
8239,1.347312789,1.245173009,1.478089391,1,3.10960068
8240,0.9548241866,0.2808543714,1.757359033,1,3.109708738
8241,0.5000447633,1.960279054,1.936480115,0,3.109331392
8242,1.89742127,1.511257622,0.632291486,0,3.108954137
8243,0.8531194468,0.5624967326,1.808918796,1,3.109062235
8244,0.8200192704,1.240716288,1.824162382,1,3.109170306
8245,1.715519684,1.920388992,1.028101267,0,3.108793208
8246,0.8548537179,0.6911985069,1.808099865,1,3.108901285
8247,0.7440190889,1.167452632,1.856457809,1,3.109009337
8248,0.5272302609,1.561112552,1.92925588,1,3.109117362
8249,1.859181062,0.2623240303,0.7371877492,1,3.109225361
8250,0.1175242031,1.183836066,1.996544029,1,3.109333333
8251,0.8520378939,1.761582278,1.809428481,1,3.10944128
8252,0.9716788896,1.151288953,1.748096146,1,3.1095492
8253,1.477963972,0.521092015,1.347450369,1,3.109657094
8254,0.2388403191,1.386932771,1.985687614,1,3.109764962
8255,0.5096226516,0.2838069845,1.93398158,1,3.109872804
8256,1.823384695,1.831150507,0.8217470732,0,3.109496124
8257,1.575919674,0.9993151067,1.23145328,1,3.109603972
8258,0.009723066325,0.5503162475,1.999976365,1,3.109711795
8259,0.08470667891,0.2035949816,1.998205389,1,3.109819591
8260,1.679497951,0.3567687011,1.085949646,1,3.109927361
8261,1.094254168,1.391114884,1.674099106,1,3.110035105
8262,1.557006531,1.97537803,1.255281109,0,3.109658678
8263,0.3598118425,1.338644678,1.967367642,1,3.109766429
8264,1.351595517,0.6024269315,1.474174196,1,3.109874153
8265,0.7828135002,1.687307913,1.840435553,1,3.109981851
8266,1.709460386,0.8426435831,1.038145071,1,3.110089523
8267,0.7350819277,0.2617233084,1.860014666,1,3.110197169
8268,1.117765455,1.443192062,1.658493409,1,3.11030479
8269,0.4887640117,1.703532106,1.939358074,1,3.110412384
8270,0.05696162056,1.579603217,1.999188679,1,3.110519952
8271,0.1285355225,0.6599402886,1.995865381,1,3.110627494
8272,1.466845149,1.077825421,1.359545993,1,3.11073501
8273,0.6408714867,1.088152444,1.894540508,1,3.1108425
8274,0.8452847875,0.9905261833,1.812593067,1,3.110949964
8275,1.169768748,0.3025014849,1.622233361,1,3.111057402
8276,0.3788436989,1.685240505,1.963791601,1,3.111164814
8277,1.80314739,1.823489939,0.8652511131,0,3.110788933
8278,1.572483198,0.3643992647,1.235838416,1,3.110896352
8279,0.8580906225,1.396403385,1.806565937,1,3.111003744
8280,0.1458564971,1.517434746,1.99467438,1,3.111111111
8281,1.261597045,0.07867388005,1.551893326,1,3.111218452
8282,1.56579811,0.4732548663,1.244297505,1,3.111325767
8283,0.6358457538,1.203644173,1.896233155,1,3.111433056
8284,1.483537287,0.1301059026,1.341311716,1,3.111540319
8285,0.3205206464,0.09132506559,1.974149568,1,3.111647556
8286,0.7740994477,1.859901788,1.844117687,0,3.111272025
8287,0.9717329345,1.197924779,1.748066104,1,3.111379269
8288,0.1171807962,0.2342299983,1.996564214,1,3.111486486
8289,0.3598691389,0.4075762956,1.967357162,1,3.111593678
8290,1.845810859,0.4324316807,0.7700534224,1,3.111700844
8291,0.5122661763,0.9770379477,1.933283053,1,3.111807985
8292,1.045732745,0.9009476992,1.704829325,1,3.111915099
8293,0.1498093647,1.607471786,1.994381396,1,3.112022187
8294,1.198687695,1.369502394,1.600983388,1,3.11212925
8295,1.615266107,0.8454057672,1.179370765,1,3.112236287
8296,0.4147259184,0.788098659,1.956528153,1,3.112343298
8297,1.397258147,0.4355783158,1.430968089,1,3.112450283
8298,0.4853136207,1.256197729,1.940224392,1,3.112557243
8299,0.8668682301,1.795113894,1.802370515,1,3.112664176
8300,1.634496397,1.668998986,1.152571702,0,3.112289157
8301,0.7932133209,0.1082979234,1.835977295,1,3.112396097
8302,1.884442112,1.864769799,0.6699835278,0,3.1120212
8303,1.036706328,0.2833641181,1.710333298,1,3.112128146
8304,0.8944591958,0.9412850242,1.788838379,1,3.112235067
8305,1.710421562,1.20507445,1.036560698,0,3.111860325
8306,0.5598729604,1.293039033,1.920037049,1,3.111967253
8307,0.5906902004,0.1446539569,1.910781277,1,3.112074154
8308,1.800650363,0.3354665769,0.8704356793,1,3.11218103
8309,0.5918869292,0.2002666581,1.910410915,1,3.112287881
8310,1.845847154,0.8909126953,0.7699664183,0,3.111913357
8311,0.1827609398,0.3708663837,1.991632104,1,3.112020214
8312,0.2118113899,0.3305436574,1.988752356,1,3.112127045
8313,1.348884716,0.8919788044,1.476655011,1,3.112233851
8314,0.540242112,1.709705804,1.925652736,1,3.11234063
8315,1.393300086,1.120988107,1.434822243,1,3.112447384
8316,0.09571730045,1.257790173,1.997708237,1,3.112554113
8317,1.028556706,1.553002573,1.71524666,1,3.112660815
8318,0.6926115518,1.894570399,1.876243385,0,3.112286607
8319,1.621645729,1.337328532,1.170583243,0,3.111912489
8320,1.743998933,1.048148259,0.9790136481,0,3.111538462
8321,1.596169042,1.46614792,1.20509103,0,3.111164523
8322,0.2344193173,1.376272358,1.986214385,1,3.111271329
8323,0.8086809536,0.3786099684,1.829217077,1,3.111378109
8324,0.5106498967,1.904923632,1.9337106,1,3.111484863
8325,1.134534051,1.507007633,1.647067845,1,3.111591592
8326,0.6987632077,0.2751095979,1.87396104,1,3.111698294
8327,1.100184042,0.7962427217,1.670208093,1,3.111804972
8328,0.6766805198,1.474093987,1.882047681,1,3.111911623
8329,0.8725259626,1.040343482,1.799638421,1,3.112018249
8330,1.134274854,1.132388941,1.647246355,1,3.11212485
8331,1.777235376,1.737999172,0.9172973446,0,3.11175129
8332,0.897226101,0.5768943581,1.787452188,1,3.111857897
8333,1.539948341,1.419831111,1.276150112,0,3.111484459
8334,1.241643896,1.079872779,1.567903197,1,3.111591073
8335,0.356768845,1.585338311,1.967921744,1,3.11169766
8336,1.124815964,0.8514599078,1.653719761,1,3.111804223
8337,0.02304011674,1.882244594,1.999867284,1,3.111910759
8338,0.4216392374,1.176683054,1.955049962,1,3.11201727
8339,0.2294905194,0.5001555721,1.986789899,1,3.112123756
8340,1.162005356,0.150072215,1.62780329,1,3.112230216
8341,0.5454030169,1.964885182,1.924197378,0,3.111857091
8342,0.3548459021,0.4480404705,1.968269389,1,3.111963558
8343,1.475356072,0.956669726,1.350305322,1,3.112069999
8344,0.2327202106,1.193996541,1.986414182,1,3.112176414
8345,0.4272585591,1.488454404,1.953829605,1,3.112282804
8346,0.05518281748,0.7673223543,1.999238569,1,3.112389168
8347,1.280880464,0.9267992125,1.536016027,1,3.112495507
8348,0.106698874,0.9242392097,1.99715181,1,3.112601821
8349,1.028747438,0.02210553986,1.715132271,1,3.112708109
8350,1.848730413,1.808043858,0.7630176014,0,3.112335329
8351,0.4046114271,1.908298174,1.958644836,1,3.112441624
8352,0.4121322031,1.286572879,1.957076148,1,3.112547893
8353,1.581425719,0.3198612711,1.22437441,1,3.112654136
8354,0.01744717912,0.9930982448,1.999923898,1,3.112760354
8355,1.227896021,1.216943117,1.578692928,1,3.112866547
8356,1.098205736,0.01356672719,1.671509546,1,3.112972714
8357,1.40055382,0.497293172,1.427742623,1,3.113078856
8358,0.6378553272,0.9762608595,1.895558119,1,3.113184972
8359,1.826008953,0.1981063236,0.8158990772,1,3.113291064
8360,1.860401956,0.8317022235,0.7341011931,0,3.11291866
8361,1.774335431,0.3798329303,0.9228942405,1,3.113024758
8362,1.698538693,0.002206595056,1.05591965,1,3.11313083
8363,0.7137662267,0.9705718949,1.868298096,1,3.113236877
8364,1.531723239,0.1585603661,1.286010855,1,3.113342898
8365,1.454217572,1.409530014,1.373044519,0,3.112970711
8366,0.19470057,0.6429335337,1.990500361,1,3.113076739
8367,1.880527658,0.3128491328,0.6808933314,1,3.113182742
8368,1.260262566,1.809568102,1.552977226,0,3.112810707
8369,1.339512315,1.703579426,1.4851622,0,3.112438762
8370,1.438769618,1.45552318,1.38922352,0,3.112066906
8371,1.049882371,0.3586930939,1.702277006,1,3.112172978
8372,0.7643423439,0.07419218545,1.848183103,1,3.112279025
8373,1.929406393,1.766004271,0.5266791898,0,3.111907321
8374,0.5038732933,1.436639512,1.935487459,1,3.112013375
8375,1.565418747,1.658408486,1.244774737,0,3.111641791
8376,1.511716665,1.130547102,1.309470398,1,3.111747851
8377,0.3076684454,0.8734592363,1.976193343,1,3.111853886
8378,0.3214796986,1.777861563,1.973993618,1,3.111959895
8379,0.5787527013,0.9973679595,1.914430806,1,3.112065879
8380,1.246298427,1.923606941,1.564205942,0,3.111694511
8381,1.862077276,1.798397277,0.7298412285,0,3.111323231
8382,1.322429765,0.9140502775,1.500393121,1,3.111429253
8383,1.626018585,0.8705535952,1.164501422,1,3.11153525
8384,0.608445833,1.898707466,1.90520174,1,3.111641221
8385,1.114060197,0.9883169334,1.660984611,1,3.111747168
8386,1.243946339,1.541791453,1.566077107,1,3.111853088
8387,0.3998292771,0.5216255667,1.959626635,1,3.111958984
8388,0.4089759095,1.391536643,1.957738161,1,3.112064855
8389,1.496399943,0.03000501956,1.326946574,1,3.1121707
8390,1.794863942,0.6379871617,0.8823057456,1,3.11227652
8391,0.4737703043,0.03542060325,1.94307532,1,3.112382314
8392,1.661279622,1.073389135,1.11362023,1,3.112488084
8393,0.4125923444,1.039517297,1.956979192,1,3.112593828
8394,0.411160638,1.553933971,1.957280493,1,3.112699547
8395,0.03173948571,1.233028353,1.999748135,1,3.112805241
8396,0.1244714274,1.982255584,1.996122958,1,3.11291091
8397,0.3434512218,0.03291643799,1.970289638,1,3.113016554
8398,1.747058588,0.7070627068,0.9735431633,1,3.113122172
8399,0.6937902554,0.467429761,1.875807848,1,3.113227765
8400,1.196182778,0.6249642316,1.602855815,1,3.113333333
8401,0.6632802907,0.9955900952,1.886811929,1,3.113438876
8402,1.532726363,1.07946158,1.284815122,1,3.113544394
8403,0.1042610433,0.6011592681,1.99728056,1,3.113649887
8404,1.569698196,1.440700661,1.239373864,0,3.113279391
8405,1.629881487,0.302480869,1.159088581,1,3.11338489
8406,1.756644028,1.057440352,0.9561389858,0,3.113014513
8407,1.983290757,0.706463644,0.2579879311,0,3.112644225
8408,0.8575711441,0.07009373427,1.806812589,1,3.112749762
8409,1.970058856,1.944188562,0.3447725373,0,3.112379593
8410,1.930253414,1.474132174,0.5235663836,0,3.112009512
8411,0.3493036915,1.475858025,1.969260504,1,3.112115087
8412,1.236837162,1.698914357,1.571697755,0,3.111745126
8413,0.05163583831,1.313398699,1.999333324,1,3.111850707
8414,0.1829164431,1.252607302,1.991617829,1,3.111956263
8415,1.029592557,1.246398039,1.71462508,1,3.112061794
8416,0.2621351069,0.998418106,1.982746879,1,3.1121673
8417,0.9963408183,1.387398138,1.73415829,1,3.112272781
8418,0.9197229485,1.20453199,1.775981334,1,3.112378237
8419,0.974711134,1.277969165,1.746407228,1,3.112483668
8420,0.8609516237,0.4957975482,1.805204227,1,3.112589074
8421,0.7422180676,0.8180766528,1.857178597,1,3.112694454
8422,0.9297486793,0.7534398551,1.770753341,1,3.11279981
8423,1.893955083,1.594378099,0.64259952,0,3.112430251
8424,0.8116788766,0.2826496631,1.827888783,1,3.112535613
8425,0.8153457004,1.621739293,1.826256113,1,3.11264095
8426,1.845754576,1.817684355,0.7701883169,0,3.11227154
8427,0.6488248361,1.326976564,1.891831476,1,3.112376884
8428,0.02535091283,1.392052297,1.999839326,1,3.112482202
8429,1.391809908,1.516580116,1.436267795,0,3.112112943
8430,1.262039829,0.7256483383,1.551533265,1,3.112218268
8431,1.086633445,0.5187602829,1.679055614,1,3.112323568
8432,0.3371597199,0.903328528,1.971375997,1,3.112428843
8433,1.167014816,0.44367087,1.624215632,1,3.112534092
8434,1.492399474,1.489198019,1.331444258,0,3.112165046
8435,0.8313672951,1.738930141,1.819018532,1,3.112270302
8436,0.1396284382,1.593037396,1.995120021,1,3.112375533
8437,1.843806914,0.5031862784,0.7748393795,1,3.11248074
8438,0.4582786872,0.2263361717,1.946787262,1,3.112585921
8439,0.8162162856,0.5634342351,1.825867184,1,3.112691077
8440,0.11938283,0.5347149087,1.996433755,1,3.112796209
8441,1.790354891,0.05099885193,0.8914198582,1,3.112901315
8442,0.7377748192,1.774045248,1.858948175,1,3.113006397
8443,0.08882377555,0.9255619347,1.998026611,1,3.113111453
8444,1.610004019,0.8792605183,1.186544167,1,3.113216485
8445,1.182246439,1.787250412,1.613162533,0,3.112847839
8446,1.149940561,0.1377540384,1.63634859,1,3.112952877
8447,1.182417811,0.001578722984,1.613036924,1,3.11305789
8448,1.863624392,0.5178423656,0.725881619,1,3.113162879
8449,0.3513526953,1.990521576,1.968895955,0,3.112794414
8450,0.1042394572,0.5437487851,1.997281687,1,3.112899408
8451,0.201445885,0.01566339806,1.989829027,1,3.113004378
8452,0.4396871287,1.929368008,1.951070278,1,3.113109323
8453,0.0787744162,1.954284787,1.998448046,1,3.113214243
8454,0.06821806188,0.6349521931,1.998836235,1,3.113319139
8455,1.90037184,0.4451608071,0.623367363,1,3.113424009
8456,0.8311531102,1.44797255,1.819116408,1,3.113528855
8457,0.4176002704,0.9274929489,1.955916669,1,3.113633676
8458,0.1471255832,1.890621279,1.994581175,1,3.113738472
8459,1.863143878,1.515328767,0.727114084,0,3.113370375
8460,0.09733260433,0.9945567427,1.997630187,1,3.113475177
8461,0.1112695342,1.411900521,1.996902374,1,3.113579955
8462,1.931512517,1.166013176,0.5189021073,0,3.113212007
8463,0.464547278,0.6806442152,1.94530096,1,3.113316791
8464,1.435780491,1.892749971,1.392312602,0,3.11294896
8465,0.5579229603,0.91644826,1.920604585,1,3.113053751
8466,1.110896085,0.1439000457,1.663102489,1,3.113158516
8467,1.535081276,0.6327122228,1.282000576,1,3.113263257
8468,0.493211487,0.6961058468,1.938231779,1,3.113367974
8469,1.425581415,1.088747852,1.402753588,1,3.113472665
8470,0.91183522,0.50598242,1.780043969,1,3.113577332
8471,0.5619100479,1.402077911,1.919441871,1,3.113681974
8472,0.559917557,0.2878773746,1.920024044,1,3.113786591
8473,1.149534994,0.09000260865,1.636633525,1,3.113891184
8474,0.7652063944,0.6505960126,1.847825526,1,3.113995752
8475,1.059249979,1.734894532,1.696463817,0,3.113628319
8476,1.567521364,1.754593721,1.242125909,0,3.113260972
8477,1.045355016,0.1919566031,1.705060964,1,3.113365577
8478,0.6849275548,1.147486719,1.879062065,1,3.113470158
8479,1.344726142,1.660544142,1.480443043,0,3.11310296
8480,1.877437319,1.270283491,0.689368633,0,3.112735849
8481,1.012343984,1.225517199,1.724865113,1,3.112840467
8482,1.691587613,0.1499846717,1.067019845,1,3.11294506
8483,0.4517751482,1.517750692,1.948306756,1,3.113049629
8484,0.6411553183,0.7930236011,1.894444472,1,3.113154173
8485,0.9494111742,0.3619862085,1.760289301,1,3.113258692
8486,0.6313442006,1.382073322,1.897736678,1,3.113363186
8487,1.61747027,1.656901005,1.176346006,0,3.112996347
8488,1.166123142,0.7719204854,1.624855938,1,3.113100848
8489,0.5468560231,1.529953007,1.923784939,1,3.113205325
8490,0.3821844684,1.184995752,1.96314417,1,3.113309776
8491,1.04086913,0.07417196593,1.707803107,1,3.113414203
8492,0.04279307093,1.302100724,1.999542136,1,3.113518606
8493,0.8175799996,1.95283767,1.825256953,0,3.113152008
8494,1.299330941,0.7425393308,1.520440432,1,3.113256416
8495,0.8165596935,0.5850198452,1.825713632,1,3.1133608
8496,0.5653917823,1.26316987,1.918419175,1,3.11346516
8497,1.620662942,0.6874523533,1.171943526,1,3.113569495
8498,1.203980118,1.714724898,1.597007162,0,3.113203107
8499,0.220591267,0.2798722754,1.987797649,1,3.113307448
8500,1.630830945,0.561211443,1.157752318,1,3.113411765
8501,0.8967560225,1.117127464,1.78768807,1,3.113516057
8502,1.452917508,0.5869938949,1.374420138,1,3.113620325
8503,1.100739817,0.1209249674,1.669841866,1,3.113724568
8504,1.720955238,1.164675459,1.01897648,0,3.11335842
8505,0.08056003997,0.9603254518,1.998376861,1,3.113462669
8506,0.304410629,0.227613494,1.976697794,1,3.113566894
8507,0.7270033131,1.460344659,1.863187104,1,3.113671094
8508,0.4102191235,1.274962228,1.957478038,1,3.11377527
8509,0.0891446344,1.204788471,1.998012321,1,3.113879422
8510,1.412340941,1.748370042,1.416083708,0,3.113513514
8511,1.115212628,1.554751241,1.660211069,1,3.113617671
8512,0.7808300206,1.563275166,1.841277947,1,3.113721805
8513,0.7525659451,0.8325139406,1.853009579,1,3.113825913
8514,1.595055908,0.522036772,1.206563985,1,3.113929998
8515,1.271788422,0.7374040278,1.543552464,1,3.114034058
8516,1.10088721,1.130400612,1.669744697,1,3.114138093
8517,0.6849781988,1.696685242,1.879043604,1,3.114242104
8518,0.6385364648,1.369621207,1.89532878,1,3.114346091
8519,1.07461943,0.2007544884,1.686770014,1,3.114450053
8520,0.5526433658,1.763544844,1.922130409,1,3.114553991
8521,0.9948596482,1.228197177,1.735008438,1,3.114657904
8522,1.252996066,1.038629499,1.558846002,1,3.114761793
8523,0.5078519149,1.025567429,1.93444732,1,3.114865658
8524,1.688134452,1.906711186,1.072474741,0,3.114500235
8525,0.07964783329,1.372098027,1.998413426,1,3.114604106
8526,1.157916146,0.2989707068,1.630714628,1,3.114707952
8527,1.05299462,1.746789764,1.70035359,0,3.114342676
8528,0.7518732811,1.273320114,1.853290741,1,3.114446529
8529,0.0005674154844,1.482744321,1.99999992,1,3.114550358
8530,0.6873773806,1.067068114,1.878167281,1,3.114654162
8531,1.846948309,1.181398355,0.7673212775,0,3.114289063
8532,0.8835461735,0.1730614352,1.79425365,1,3.114392874
8533,1.983933621,0.5924795651,0.2529968134,0,3.114027892
8534,1.934011466,1.701451311,0.5095092246,0,3.113662995
8535,0.2356878281,1.242235776,1.986064261,1,3.113766842
8536,0.4109514755,1.145386023,1.95732442,1,3.113870665
8537,1.739968326,0.2110375507,0.986159331,1,3.113974464
8538,0.8146599042,0.7605754884,1.826562137,1,3.114078238
8539,0.07523818445,0.03061849694,1.998584303,1,3.114181989
8540,1.083429931,0.05825825614,1.6811245,1,3.114285714
8541,1.347193108,0.8690943414,1.478198474,1,3.114389416
8542,0.4103149461,1.366054356,1.957457955,1,3.114493093
8543,0.008459373944,1.41517303,1.99998211,1,3.114596746
8544,0.2304154027,0.4185646314,1.986682849,1,3.114700375
8545,1.817240405,0.3185187657,0.8352468558,1,3.114803979
8546,1.910535131,1.641503797,0.5914858529,0,3.114439504
8547,1.604440331,0.8491785323,1.194056625,1,3.114543115
8548,1.588816808,0.8554181639,1.214767941,1,3.114646701
8549,0.2019836772,0.1753375767,1.989774508,1,3.114750263
8550,1.340830601,0.7437744865,1.483972136,1,3.114853801
8551,1.018727193,1.476218259,1.721102817,1,3.114957315
8552,1.81651274,1.76191414,0.8368282177,0,3.114593078
8553,0.1113587696,1.987930149,1.9968974,1,3.114696598
8554,1.601777218,1.205186486,1.197626713,0,3.114332476
8555,0.9281480932,0.2459473328,1.771592819,1,3.114436002
8556,1.561266883,0.2803075213,1.249978288,1,3.114539504
8557,1.200146012,1.623145261,1.599890481,0,3.114175529
8558,1.021964428,1.453424298,1.71918257,1,3.114279037
8559,1.189104801,0.9717240851,1.608113731,1,3.114382521
8560,1.269880232,0.5169749913,1.545122713,1,3.114485981
8561,0.04313970032,0.8285613035,1.999534687,1,3.114589417
8562,0.8162384097,0.3827298442,1.825857294,1,3.114692829
8563,1.814067312,0.8566614963,0.8421162559,0,3.11432909
8564,1.237424915,1.673956957,1.571235049,0,3.113965437
8565,0.4937380366,0.1747506142,1.938097715,1,3.114068885
8566,0.487866268,0.3611844677,1.939584106,1,3.114172309
8567,0.954064205,1.715967893,1.757771741,1,3.114275709
8568,1.10887551,1.062320468,1.664450391,1,3.114379085
8569,1.20635421,1.624393601,1.595214569,0,3.114015638
8570,0.4636990035,1.456311699,1.945503337,1,3.11411902
8571,0.05427149209,1.315857962,1.999263516,1,3.114222378
8572,0.04824745219,1.959847674,1.999417961,1,3.114325712
8573,0.140829759,1.427031414,1.995035583,1,3.114429021
8574,1.922028157,1.338294799,0.5529988833,0,3.11406578
8575,1.019938357,0.237196611,1.720385349,1,3.114169096
8576,1.963331154,1.399237376,0.3812227442,0,3.11380597
8577,1.689461099,1.091334125,1.070383667,0,3.113442929
8578,1.969127464,0.3356343565,0.3500528945,1,3.113546281
8579,0.3942681573,0.723564381,1.960753075,1,3.11364961
8580,0.9581901215,1.864965918,1.755526044,0,3.113286713
8581,0.001645911899,0.9313474202,1.999999323,1,3.113390048
8582,1.761825769,1.176425142,0.9465568977,0,3.113027266
8583,1.587743639,1.172998681,1.216170274,1,3.113130607
8584,0.1573904856,1.808746792,1.993797441,1,3.113233924
8585,0.2425694236,1.225992197,1.985235521,1,3.113337216
8586,1.652670218,1.123628811,1.126357469,1,3.113440485
8587,0.6848441138,0.5258531299,1.879092478,1,3.113543729
8588,0.5137038594,1.981185525,1.932901535,0,3.113181183
8589,0.1422559643,0.810398994,1.994934395,1,3.113284434
8590,1.709575781,1.702560554,1.037955032,0,3.112922002
8591,1.271366589,0.8087761698,1.543899931,1,3.113025259
8592,1.943924591,0.5454104343,0.47027352,0,3.112662942
8593,0.572194937,0.8038836702,1.916401042,1,3.112766205
8594,1.470376483,1.90983564,1.355726004,0,3.112404003
8595,1.988799566,0.02875405638,0.211367658,1,3.112507272
8596,0.6076014757,1.221827185,1.905471188,1,3.112610517
8597,0.08884205478,1.803090363,1.998025798,1,3.112713737
8598,1.83341655,1.695857188,0.7991143554,0,3.11235171
8599,0.2018018978,1.559623172,1.989792953,1,3.112454937
8600,1.532282765,1.587869814,1.285344129,0,3.112093023
8601,0.0878497024,1.762694521,1.998069676,1,3.112196256
8602,1.671558287,1.352934794,1.098131547,0,3.111834457
8603,1.479011334,1.41512149,1.346300662,0,3.111472742
8604,1.279952987,0.02009217911,1.536788974,1,3.111576011
8605,1.379025555,1.41191714,1.448547037,1,3.111679256
8606,0.2385368887,1.710283067,1.985724088,1,3.111782477
8607,0.6853254775,0.5196726693,1.878916973,1,3.111885674
8608,1.481946661,1.464529715,1.343068909,0,3.111524164
8609,0.9685404238,1.377618392,1.749836977,1,3.111627367
8610,0.8324124824,1.70704199,1.818540475,1,3.111730546
8611,1.331017859,1.839433778,1.492779776,0,3.111369179
8612,1.282370262,0.7280152535,1.534772462,1,3.111472364
8613,1.92826109,0.6159401703,0.5308570151,0,3.111111111
8614,0.3667520565,0.6407703389,1.966085687,1,3.111214302
8615,1.179569203,0.6118004939,1.615121201,1,3.11131747
8616,1.133193157,1.424745088,1.647990676,1,3.111420613
8617,1.94236703,1.70042389,0.4766658373,0,3.111059533
8618,0.7166567003,1.261711763,1.867191253,1,3.111162683
8619,0.8459007439,0.4725201232,1.812305695,1,3.111265808
8620,0.5757755696,1.009321471,1.915328299,1,3.11136891
8621,0.6794643893,0.2684003049,1.881044429,1,3.111471987
8622,1.55889641,1.095927006,1.252933352,1,3.111575041
8623,1.501578779,1.49014873,1.321083332,0,3.111214195
8624,1.218547063,0.8814981747,1.585920255,1,3.111317254
8625,0.2063802694,0.1888078207,1.989323298,1,3.11142029
8626,1.487032288,1.486046198,1.337435971,0,3.111059587
8627,1.102899549,0.2141871054,1.668416191,1,3.111162629
8628,1.688046145,0.4615455571,1.072613729,1,3.111265647
8629,0.722790925,1.304315567,1.864825268,1,3.111368641
8630,1.373776896,0.4084932365,1.453525728,1,3.111471611
8631,0.7786984029,0.1871056767,1.842180446,1,3.111574557
8632,0.6324591026,0.05945937312,1.897365406,1,3.111677479
8633,1.208184736,0.7900182565,1.593828611,1,3.111780378
8634,1.576969479,0.5524198394,1.230108639,1,3.111883252
8635,0.8440001959,1.674822189,1.81319157,1,3.111986103
8636,1.201833132,0.06520891942,1.598623508,1,3.11208893
8637,1.537518705,1.575723228,1.27907632,0,3.111728609
8638,0.5834534539,0.2894704142,1.913003415,1,3.111831442
8639,1.968405109,0.8924783061,0.3540922597,0,3.111471235
8640,0.4913999721,0.7535810732,1.938691844,1,3.111574074
8641,0.4481219741,0.7032874593,1.94915025,1,3.111676889
8642,1.659986107,0.09550605464,1.115547455,1,3.111779681
8643,1.170612864,0.4753024587,1.621624347,1,3.111882448
8644,1.233088595,1.023196246,1.57464044,1,3.111985192
8645,0.6613060751,0.1679466047,1.887504775,1,3.112087912
8646,0.3338306497,1.956060986,1.971942468,1,3.112190608
8647,1.131078819,1.051921317,1.649442544,1,3.112293281
8648,1.155327172,0.4140216348,1.632549885,1,3.11239593
8649,0.7560704064,1.90356303,1.851582442,0,3.112036074
8650,1.535679748,0.8987969054,1.281283618,1,3.112138728
8651,1.539608824,1.640268461,1.2765597,0,3.111778985
8652,0.5655195317,1.740377818,1.918381521,1,3.111881646
8653,0.7014389349,0.01791460069,1.872961137,1,3.111984283
8654,1.040303968,1.114395481,1.708147433,1,3.112086896
8655,1.438653785,1.232040079,1.389343473,1,3.112189486
8656,1.620749073,0.864972262,1.171824408,1,3.112292052
8657,1.627694974,0.676791695,1.162157078,1,3.112394594
8658,0.09522237064,0.9486329025,1.997731889,1,3.112497112
8659,0.5729733613,1.524679852,1.91616845,1,3.112599607
8660,1.78740041,1.603245201,0.8973292446,0,3.112240185
8661,0.3911019542,1.474918145,1.961387076,1,3.112342686
8662,1.461014485,0.1772877898,1.365809896,1,3.112445163
8663,1.189119592,1.881232314,1.608102794,0,3.112085882
8664,0.3846898212,1.616134544,1.962654769,1,3.112188366
8665,1.958128279,1.417695163,0.4071039718,0,3.111829198
8666,1.151077999,0.4325330651,1.635548666,1,3.111931687
8667,1.889053838,0.800331022,0.6568680211,0,3.111572632
8668,1.753819563,1.313909575,0.9613100119,0,3.111213659
8669,0.9264207714,1.442781109,1.772496701,1,3.111316184
8670,1.336059148,0.08523344571,1.488269449,1,3.111418685
8671,1.423683962,0.9709739942,1.404679315,1,3.111521162
8672,1.538386327,1.140603899,1.278032671,1,3.111623616
8673,1.740105817,1.446130155,0.9859167034,0,3.111264845
8674,1.837685509,0.07869715322,0.7892477234,1,3.111367305
8675,1.524514508,0.4647585553,1.294548383,1,3.111469741
8676,0.3856275652,0.6163877163,1.962470734,1,3.111572153
8677,1.666227869,0.2752061673,1.106202824,1,3.111674542
8678,1.695892375,0.7090920882,1.060164634,1,3.111776907
8679,1.625299048,0.881529533,1.165505472,1,3.111879249
8680,1.697482462,0.1626676618,1.057616798,1,3.111981567
8681,1.141216817,1.403666822,1.642444573,1,3.112083861
8682,0.5776777731,0.1885926448,1.914755439,1,3.112186132
8683,0.7166053606,1.816473359,1.867210957,1,3.11228838
8684,1.553242317,1.877170189,1.259935833,0,3.111929986
8685,0.9575573301,1.914519427,1.755871282,0,3.111571675
8686,0.4562637834,1.208647149,1.947260476,1,3.111673958
8687,0.7244379386,0.8751767977,1.864186062,1,3.111776217
8688,1.65426884,1.183204096,1.124008276,0,3.111418048
8689,0.2180900087,0.04211017449,1.988073627,1,3.111520313
8690,1.51963187,1.182273797,1.300276502,1,3.111622555
8691,0.7870562977,1.087371789,1.838625134,1,3.111724773
8692,0.1607936564,0.07997419047,1.993525871,1,3.111826967
8693,1.676446857,0.5858586167,1.090653904,1,3.111929138
8694,0.4815714291,0.03109617,1.941156603,1,3.112031286
8695,0.1605121364,0.3169098102,1.993548558,1,3.11213341
8696,1.453915999,1.072108467,1.373363851,1,3.112235511
8697,1.081224364,1.804010951,1.68254387,0,3.111877659
8698,1.596355368,0.205647029,1.204844197,1,3.111979765
8699,0.6006792816,0.1872515453,1.907664646,1,3.112081848
8700,1.680486561,0.2240336929,1.084419161,1,3.112183908
8701,1.63185379,0.9975071902,1.15631017,1,3.112285944
8702,1.432938051,1.055716865,1.395237808,1,3.112387957
8703,0.3304404226,0.0160125833,1.972513404,1,3.112489946
8704,1.867238145,0.04733747631,0.7165345145,1,3.112591912
8705,1.895827192,0.6404598029,0.6370551439,0,3.112234348
8706,1.548718597,0.2866051236,1.265492279,1,3.11233632
8707,1.483365731,1.342696733,1.341501438,0,3.111978868
8708,1.67296851,1.782981754,1.095981917,0,3.111621497
8709,0.8687091221,1.556492461,1.801483961,1,3.111723504
8710,1.127846641,1.988895032,1.651654308,0,3.111366246
8711,1.786660531,0.005558368573,0.8988015056,1,3.111468259
8712,0.2619644302,1.968566997,1.982769436,1,3.111570248
8713,1.059315217,0.6113198384,1.696423081,1,3.111672214
8714,1.618041818,1.551035946,1.175559728,0,3.111315125
8715,1.302430426,0.3081542907,1.517786212,1,3.111417097
8716,0.166190886,1.47043628,1.993083187,1,3.111519045
8717,1.564569302,0.1308730391,1.245842245,1,3.111620971
8718,1.277247449,0.3961437033,1.539038321,1,3.111722872
8719,0.8703082178,1.553070067,1.800711972,1,3.111824751
8720,0.240502659,0.2027922157,1.985486961,1,3.111926606
8721,1.735397461,0.9844027949,0.9941808957,1,3.112028437
8722,0.7161887056,1.504524067,1.867370809,1,3.112130245
8723,1.548263014,1.384757864,1.266049619,0,3.111773472
8724,1.872116167,1.568154354,0.7036910243,0,3.111416781
8725,0.1117245694,1.787164248,1.996876967,1,3.111518625
8726,0.7687462174,1.178314126,1.846355668,1,3.111620445
8727,1.983326357,1.878691065,0.2577141055,0,3.111263894
8728,1.569387819,0.3132984641,1.239766863,1,3.11136572
8729,1.51387043,1.285750453,1.306979848,1,3.111467522
8730,1.339975608,0.1489585581,1.48474421,1,3.111569301
8731,1.640065001,1.071403445,1.144633912,1,3.111671057
8732,1.686969717,0.5240314752,1.074305903,1,3.11177279
8733,1.037020384,1.047736507,1.710142895,1,3.111874499
8734,0.4902168279,1.943019838,1.938991352,0,3.111518205
8735,1.461959775,1.220205548,1.364798013,1,3.11161992
8736,1.366881954,0.2450727133,1.460011549,1,3.111721612
8737,0.1751819474,0.1186017066,1.992313049,1,3.11182328
8738,0.3920299939,0.2674203666,1.961201796,1,3.111924926
8739,0.892830987,1.314434429,1.789651594,1,3.112026548
8740,1.990491074,0.7872629677,0.1947954943,0,3.111670481
8741,0.2034744769,0.252889644,1.989622612,1,3.111772108
8742,1.161422878,0.5447862178,1.628218935,1,3.111873713
8743,0.3343771961,1.464290964,1.971849865,1,3.111975295
8744,0.2287911201,0.3199924506,1.98687056,1,3.112076853
8745,1.661343599,0.8228156745,1.113524785,1,3.112178388
8746,0.7340788972,1.467613669,1.860410754,1,3.112279899
8747,1.09606829,1.39853411,1.672911924,1,3.112381388
8748,0.8755295144,0.5158799984,1.798179098,1,3.112482853
8749,0.4095878604,0.7492027511,1.957610223,1,3.112584295
8750,1.532419411,1.003877462,1.285181212,1,3.112685714
8751,0.03561488334,1.363511924,1.99968287,1,3.11278711
8752,1.473436494,0.7276330213,1.352399681,1,3.112888483
8753,1.886673824,1.535913477,0.6636730246,0,3.112532846
8754,1.047243624,0.6564381578,1.703901638,1,3.112634224
8755,1.262706689,1.215953009,1.550990592,1,3.11273558
8756,0.3537332235,0.5786120082,1.968469661,1,3.112836912
8757,1.098126468,1.282267805,1.671561623,1,3.112938221
8758,1.130728109,0.9684117786,1.649682983,1,3.113039507
8759,1.683352506,0.9485008801,1.079964972,1,3.113140769
8760,0.8924858273,0.9189027023,1.789823748,1,3.113242009
8761,0.8234164441,1.050931298,1.822631438,1,3.113343226
8762,1.051573968,1.982963273,1.70123255,0,3.112987902
8763,1.500343109,1.989807232,1.322486505,0,3.11263266
8764,1.489481759,0.384760188,1.334707492,1,3.112733911
8765,1.621757717,0.9194997479,1.170428087,1,3.11283514
8766,1.683569007,0.3377241305,1.079627435,1,3.112936345
8767,1.124180401,1.769080643,1.654151875,0,3.112581271
8768,0.1603909928,1.151855005,1.993558309,1,3.112682482
8769,1.552342471,0.9153550341,1.26104435,1,3.11278367
8770,0.6137423153,0.491842731,1.903502133,1,3.112884835
8771,0.07210803155,1.044945477,1.998699685,1,3.112985977
8772,0.1101045355,0.3039849445,1.996966948,1,3.113087095
8773,0.4246480186,1.780156659,1.954398644,1,3.113188191
8774,0.4657190448,0.8391614358,1.945020764,1,3.113289264
8775,0.6181700144,1.544272361,1.90206883,1,3.113390313
8776,1.192278566,0.645674201,1.605762069,1,3.11349134
8777,1.961079112,1.455102754,0.3926432433,0,3.113136607
8778,0.2960469775,1.661912476,1.977967691,1,3.11323764
8779,0.7690446685,0.6004038734,1.846231377,1,3.113338649
8780,0.1938276947,0.9283116671,1.990585548,1,3.113439636
8781,1.367595019,1.00594733,1.459343641,1,3.113540599
8782,0.2956493083,0.3032785642,1.97802717,1,3.11364154
8783,0.382259737,1.25874856,1.963129515,1,3.113742457
8784,0.1787850298,1.168675962,1.99199295,1,3.113843352
8785,0.6599935481,1.969004695,1.887964119,0,3.113488902
8786,0.2779165981,0.1407628927,1.980596467,1,3.113589802
8787,1.610269336,0.8051641153,1.186184077,1,3.113690679
8788,1.72562845,1.985191579,1.01104226,0,3.113336368
8789,0.04914042241,0.1264991062,1.999396214,1,3.113437251
8790,0.3311983451,1.302576275,1.972386285,1,3.113538111
8791,1.998386448,0.03985776897,0.08032187986,1,3.113638949
8792,1.233323951,0.8309837459,1.574456106,1,3.113739763
8793,1.297750637,0.4642967803,1.521789501,1,3.113840555
8794,0.3026488968,6.566273136e-05,1.976968296,1,3.113941324
8795,0.4125080171,0.7532196648,1.956996969,1,3.114042069
8796,1.667352921,0.3712430156,1.104506331,1,3.114142792
8797,1.464608831,1.591219946,1.361954834,0,3.113788792
8798,0.2483162179,0.1389230568,1.984524894,1,3.11388952
8799,0.4431236831,1.115695478,1.950292645,1,3.113990226
8800,1.814756326,1.864122752,0.8406304045,0,3.113636364
8801,1.272729199,0.2640197155,1.542776843,1,3.113737075
8802,1.769341895,1.802388412,0.9324319058,0,3.113383322
8803,1.656271764,1.04795142,1.121054791,1,3.11348404
8804,0.4615797934,1.912236417,1.946007218,1,3.113584734
8805,1.059908791,0.609242929,1.696052285,1,3.113685406
8806,1.794193032,1.606135117,0.8836692625,0,3.113331819
8807,1.306098043,0.6335475734,1.514631276,1,3.113432497
8808,1.451713517,1.498844449,1.375691777,0,3.113079019
8809,1.503935342,1.303906031,1.318399972,1,3.113179703
8810,1.156656166,0.2749692823,1.631608567,1,3.113280363
8811,0.7642215278,1.825105889,1.848233063,1,3.113381001
8812,1.126119642,1.942249013,1.652832282,0,3.11302769
8813,0.937096846,0.5702696999,1.766875633,1,3.113128333
8814,0.6221178969,0.3559861853,1.90078124,1,3.113228954
8815,0.581210451,1.861046461,1.91368608,1,3.113329552
8816,1.926205405,0.9206429782,0.5382682784,0,3.112976407
8817,1.009366434,1.795113631,1.726609221,0,3.112623341
8818,1.619052443,1.355116883,1.174167443,0,3.112270356
8819,1.651451148,1.286560006,1.128144098,0,3.111917451
8820,0.8982239946,1.334943539,1.786950938,1,3.112018141
8821,1.094422605,0.8722779074,1.673988997,1,3.112118807
8822,1.37140993,1.252165998,1.455759185,1,3.112219451
8823,0.7692982348,1.85141052,1.846125734,0,3.111866712
8824,1.191982008,0.7137752644,1.605982221,1,3.111967362
8825,1.798162515,1.788554136,0.875563573,0,3.111614731
8826,0.4872432208,1.52000449,1.939740716,1,3.111715386
8827,1.516853604,0.7618304728,1.303516453,1,3.111816019
8828,1.231391014,0.05920135738,1.575968328,1,3.111916629
8829,1.587998108,1.723525294,1.215837986,0,3.111564164
8830,1.698362528,1.164561104,1.056202975,0,3.111211778
8831,0.8552851564,0.9130755119,1.807895821,1,3.111312422
8832,1.647865505,0.3601216183,1.133375171,1,3.111413043
8833,0.3298554261,0.8485874429,1.972611314,1,3.111513642
8834,0.7824451753,0.7249567872,1.840592173,1,3.111614218
8835,1.760593821,0.4932009317,0.9488463503,1,3.111714771
8836,0.7040032177,1.463527532,1.87199879,1,3.111815301
8837,0.4442560473,1.013296074,1.950035016,1,3.111915809
8838,0.5075637842,1.390333124,1.93452294,1,3.112016293
8839,0.01308675741,1.05924871,1.999957184,1,3.112116755
8840,0.4792657438,1.597240172,1.941727156,1,3.112217195
8841,0.9125579062,0.04374592167,1.779673585,1,3.112317611
8842,0.8560825502,0.2025839904,1.807518373,1,3.112418005
8843,1.801693166,1.087564851,0.8682751489,0,3.112066041
8844,0.07424576309,0.003616172736,1.998621417,1,3.112166441
8845,1.795836414,0.3974309705,0.8803246989,1,3.112266817
8846,1.570696323,1.681495822,1.238108662,0,3.11191499
8847,0.4991061577,1.225754562,1.936722242,1,3.112015372
8848,1.279488028,1.526275344,1.537176108,1,3.112115732
8849,1.692555329,1.038803267,1.065484142,1,3.11221607
8850,1.033166204,0.4803034049,1.712474115,1,3.112316384
8851,0.8973770269,0.8710389703,1.787376421,1,3.112416676
8852,0.1433200602,0.4893387911,1.994858231,1,3.112516945
8853,0.1667266679,1.980161025,1.993038439,1,3.112617192
8854,1.02427204,1.483744369,1.717808717,1,3.112717416
8855,0.4862799216,0.5975337204,1.939982432,1,3.112817617
8856,0.1787302394,1.577001989,1.991997867,1,3.112917796
8857,0.2292718297,1.7591846,1.986815147,1,3.113017952
8858,1.285302471,0.09078460629,1.532317708,1,3.113118085
8859,1.807367005,1.276615737,0.8564020726,0,3.112766678
8860,1.271081837,0.8094250271,1.544134373,1,3.112866817
8861,1.283415119,0.3020195236,1.533898834,1,3.112966934
8862,0.4706447148,1.170110977,1.943834754,1,3.113067028
8863,0.5935824858,0.7141948298,1.909884769,1,3.113167099
8864,1.529488457,1.056126477,1.28866794,1,3.113267148
8865,1.159501022,1.364962711,1.629588101,1,3.113367174
8866,0.2219582101,1.128078855,1.98764548,1,3.113467178
8867,0.1440504497,1.227256098,1.994805622,1,3.113567159
8868,1.582337042,1.163249132,1.223196421,1,3.113667118
8869,0.9826804345,0.9562640853,1.741935465,1,3.113767054
8870,0.4191151507,1.974749615,1.955592619,0,3.113416009
8871,0.05954588126,0.376390805,1.999113375,1,3.113515951
8872,1.63811853,0.9525560857,1.147417832,1,3.11361587
8873,0.6557461215,0.8134560892,1.889443575,1,3.113715767
8874,0.1229796879,0.1023308455,1.996215418,1,3.113815641
8875,1.906073782,1.095986916,0.6057084577,0,3.113464789
8876,1.090787622,1.675738888,1.676359855,1,3.113564669
8877,1.178131383,0.1141094914,1.616170302,1,3.113664526
8878,1.31798987,0.77495635,1.504294752,1,3.113764361
8879,1.642142514,0.08596518813,1.141651419,1,3.113864174
8880,0.3841657748,1.588374669,1.962757412,1,3.113963964
8881,0.5339224591,1.312899971,1.92741454,1,3.114063732
8882,0.2445100715,1.288876081,1.984997437,1,3.114163477
8883,0.7415957229,1.378694084,1.857427195,1,3.114263199
8884,1.918901736,0.5662900052,0.5637518324,0,3.113912652
8885,1.257590659,1.94241662,1.555141708,0,3.113562183
8886,1.575221862,1.791884692,1.232345765,0,3.113211794
8887,0.02433906898,1.340227414,1.999851897,1,3.113311579
8888,0.8809250422,0.2218925959,1.795541999,1,3.113411341
8889,1.56994104,1.316560547,1.239066233,0,3.113061087
8890,1.995349463,0.2096126779,0.1363103818,0,3.112710911
8891,0.6933618667,0.2751311834,1.875966237,1,3.112810707
8892,0.00127044326,1.202188713,1.999999596,1,3.112910481
8893,0.8682363236,1.443871405,1.801711877,1,3.113010233
8894,1.816688659,0.04580623714,0.8364462425,1,3.113109962
8895,0.9321036911,0.7597068224,1.769514823,1,3.113209668
8896,1.373786101,0.6923626087,1.453517027,1,3.113309353
8897,1.428625449,0.7687617476,1.399653288,1,3.113409014
8898,0.405170311,0.370379901,1.9585293,1,3.113508654
8899,1.126726942,1.828138716,1.652418348,0,3.113158782
8900,0.3071748006,0.9693373416,1.976270134,1,3.113258427
8901,1.20827143,0.6067676397,1.59376289,1,3.11335805
8902,1.361203706,0.6843408903,1.465306954,1,3.11345765
8903,0.1709135834,0.670969417,1.992683755,1,3.113557228
8904,0.9523509723,1.836129641,1.75870055,0,3.113207547
8905,0.7069818762,1.976603121,1.870875898,0,3.112857945
8906,1.537706928,0.7107693497,1.278850032,1,3.112957557
8907,1.619167596,1.010662849,1.174008645,1,3.113057146
8908,0.03736259025,0.9605108277,1.999650979,1,3.113156713
8909,1.598856519,1.994219768,1.20152313,0,3.112807274
8910,1.793761382,1.195972528,0.88454514,0,3.112457912
8911,0.8515735694,0.5136388702,1.809647053,1,3.112557513
8912,1.550082414,1.565186693,1.263821392,0,3.112208259
8913,0.2476461358,0.6007273623,1.984608624,1,3.112307865
8914,1.048612666,1.34784268,1.703059446,1,3.112407449
8915,1.473701099,0.489081983,1.352111338,1,3.112507011
8916,1.072462284,1.161120258,1.688142366,1,3.11260655
8917,0.3546915996,0.1368821275,1.9682972,1,3.112706067
8918,0.5540898133,0.4950823811,1.921713943,1,3.112805562
8919,0.5855502855,0.6582024363,1.912362639,1,3.112905034
8920,0.3458186747,1.855749293,1.96987549,1,3.113004484
8921,1.886864988,0.4951333082,0.6631293372,1,3.113103912
8922,1.413519909,1.843990152,1.414906876,0,3.112754988
8923,1.312211665,0.8167214647,1.509337784,1,3.112854421
8924,0.5514916287,0.7814733976,1.922461179,1,3.112953832
8925,0.3618203732,1.700403033,1.966999242,1,3.113053221
8926,1.466772061,1.896420629,1.359624846,0,3.112704459
8927,1.94613305,0.5436266167,0.461048967,0,3.112355775
8928,1.352883644,1.23598185,1.47299214,1,3.112455197
8929,0.2735198579,1.712712412,1.981208441,1,3.112554597
8930,0.3238756542,1.708889492,1.973601926,1,3.112653975
8931,1.296573905,1.315965445,1.522792208,1,3.112753331
8932,0.3652065976,0.4083719514,1.966373347,1,3.112852665
8933,1.905183621,1.563616652,0.6085025648,0,3.112504198
8934,1.627179956,0.1760958938,1.162878063,1,3.112603537
8935,0.4046410439,1.526336838,1.958638717,1,3.112702854
8936,1.750971858,1.963280571,0.9664872224,0,3.112354521
8937,0.1819179067,0.1532331844,1.991709285,1,3.112453844
8938,0.9107237441,1.019837049,1.780612889,1,3.112553144
8939,1.295320491,1.122756723,1.523858532,1,3.112652422
8940,1.487423707,1.65349067,1.337000641,0,3.112304251
8941,1.049779112,0.7278942176,1.702340687,1,3.112403534
8942,1.747947692,0.5769633942,0.9719459174,1,3.112502796
8943,0.9675006205,0.27044804,1.750412108,1,3.112602035
8944,0.8902185892,1.482296138,1.790952502,1,3.112701252
8945,1.868126461,1.5974215,0.714215322,0,3.11235327
8946,0.09178494252,0.596961498,1.997892771,1,3.112452493
8947,1.158212591,0.6978540247,1.630504092,1,3.112551693
8948,0.7927941417,0.0463894033,1.83615834,1,3.112650872
8949,0.2172693152,1.036516497,1.988163485,1,3.112750028
8950,1.531954957,0.8922581882,1.285734813,1,3.112849162
8951,0.3750731823,1.59563382,1.964515235,1,3.112948274
8952,0.6958638178,1.805206207,1.875039612,1,3.113047364
8953,0.6571741132,0.4861758814,1.888947375,1,3.113146431
8954,0.4897484938,0.3810984644,1.939109696,1,3.113245477
8955,0.8869331077,0.7705751223,1.792581843,1,3.1133445
8956,1.373242277,1.822283891,1.454030828,0,3.112996874
8957,1.617808972,0.8208575606,1.175880151,1,3.113095903
8958,1.141688541,0.1375751032,1.642116706,1,3.11319491
8959,0.1877144344,1.283987316,1.991171336,1,3.113293894
8960,0.8601935414,1.114056473,1.805565582,1,3.113392857
8961,0.6761487344,0.533492917,1.882238797,1,3.113491798
8962,0.6399454777,0.1918312769,1.8948535,1,3.113590716
8963,0.7072437163,1.357603022,1.870776931,1,3.113689613
8964,0.8697092873,0.56453369,1.80100132,1,3.113788487
8965,0.01877455225,1.182543363,1.999911877,1,3.11388734
8966,0.1460060316,1.02837564,1.99466344,1,3.11398617
8967,1.685973177,0.2089928297,1.075869158,1,3.114084978
8968,0.4784826417,0.587880097,1.941920277,1,3.114183764
8969,0.5809145572,1.357286974,1.913775921,1,3.114282529
8970,0.3242477097,0.07128381462,1.973540834,1,3.114381271
8971,1.831024499,1.078414236,0.8045801906,0,3.11403411
8972,1.154531208,0.9986450129,1.633112883,1,3.114132858
8973,1.035704808,1.923863032,1.710939961,0,3.113785802
8974,1.828387778,1.292350423,0.8105542147,0,3.113438823
8975,0.02135498241,1.98259199,1.999885988,1,3.113537604
8976,0.6180498253,0.3723981082,1.902107887,1,3.113636364
8977,1.711703606,1.138755102,1.034442249,0,3.113289518
8978,0.1953609793,0.7583187555,1.990435653,1,3.113388282
8979,0.3874576672,1.057681248,1.96211023,1,3.113487025
8980,1.015295844,0.5606265391,1.723129232,1,3.113585746
8981,0.3476582144,1.797247653,1.969551666,1,3.113684445
8982,1.833984105,1.798981308,0.7978109433,0,3.113337787
8983,1.351525801,0.2910833291,1.474238111,1,3.113436491
8984,1.919504074,0.5703288686,0.5616975267,0,3.113089938
8985,0.2139043206,0.4184914356,1.988528336,1,3.113188648
8986,1.189576934,0.5597379559,1.607764509,1,3.113287336
8987,1.669858716,1.85288923,1.100714253,0,3.112940915
8988,0.4489213667,0.6686313724,1.948966292,1,3.113039608
8989,1.67997738,0.7884614267,1.085207815,1,3.11313828
8990,1.062443152,0.2460743328,1.694465859,1,3.11323693
8991,1.496337206,0.7124721351,1.327017319,1,3.113335558
8992,0.02896882965,0.3616489779,1.999790191,1,3.113434164
8993,0.8593180058,1.560637909,1.805982438,1,3.113532748
8994,1.744400001,1.568359756,0.9782988476,0,3.113186569
8995,1.906700556,1.86039144,0.6037325471,0,3.112840467
8996,1.471616171,0.3652066943,1.354380244,1,3.112939084
8997,0.247798209,0.6710972521,1.984589642,1,3.113037679
8998,1.088584406,1.322437993,1.677791403,1,3.113136253
8999,0.7813512915,1.116295387,1.841056805,1,3.113234804
9000,0.02589780361,0.9238147095,1.999832319,1,3.113333333
9001,1.784740899,1.528514343,0.9026072916,0,3.112987446
9002,0.1234743155,0.7652353099,1.996184885,1,3.113085981
9003,0.8402351332,0.256821934,1.814939371,1,3.113184494
9004,1.45273858,0.4098128002,1.37460926,1,3.113282985
9005,0.56145111,0.3148563758,1.919576164,1,3.113381455
9006,0.7661525726,0.8852917011,1.847433418,1,3.113479902
9007,0.4080895933,0.1777985723,1.957923105,1,3.113578328
9008,1.075436528,0.9076191438,1.686249173,1,3.113676732
9009,1.781380858,0.6779181399,0.9092206774,1,3.113775114
9010,0.814427837,1.470923003,1.826665623,1,3.113873474
9011,0.5698385069,0.8588281947,1.917103043,1,3.113971812
9012,1.543645284,0.1591193709,1.27167576,1,3.114070129
9013,0.9096409948,0.9280546956,1.781166264,1,3.114168423
9014,1.23226091,1.388111091,1.575288243,1,3.114266696
9015,1.960971214,0.860380146,0.3931817602,0,3.113921242
9016,1.899330147,0.9572211182,0.6265341121,0,3.113575865
9017,0.08203112784,1.229869333,1.998317015,1,3.113674171
9018,1.808908331,0.1874040081,0.8531416359,1,3.113772455
9019,0.6495712378,0.6832690239,1.891575324,1,3.113870717
9020,0.8722541252,0.01295277875,1.799770191,1,3.113968958
9021,1.009665036,0.9682942512,1.726434625,1,3.114067177
9022,1.527019788,0.006086004876,1.29159226,1,3.114165374
9023,1.543519141,0.1604423032,1.271828865,1,3.114263549
9024,0.8035315578,0.3441201796,1.831484926,1,3.114361702
9025,1.972769598,1.177998202,0.3289074525,0,3.11401662
9026,0.4744783694,1.057548428,1.942902539,1,3.11411478
9027,1.968367032,1.656876239,0.3543038637,0,3.113769802
9028,0.065000975,1.993600124,1.998943439,1,3.113867966
9029,1.414178465,1.678088239,1.414248659,0,3.113523092
9030,1.931151736,0.8030410306,0.5202431868,0,3.113178295
9031,1.599590227,0.9520280921,1.20054617,1,3.113276492
9032,0.9693638203,0.2115290751,1.749380972,1,3.113374668
9033,0.1496152235,1.773261537,1.99439597,1,3.113472822
9034,1.266181453,1.505366007,1.548155202,1,3.113570954
9035,0.5952649862,0.4983202592,1.909361044,1,3.113669065
9036,0.6786494066,0.6925978746,1.881338615,1,3.113767154
9037,1.856394026,0.1081033961,0.7441782169,1,3.113865221
9038,1.976267706,0.4983982044,0.3071904225,0,3.11352069
9039,1.436012237,1.661531413,1.392073582,0,3.113176236
9040,1.001355252,1.553773679,1.731267645,1,3.113274336
9041,0.2668612235,1.50891152,1.982116315,1,3.113372415
9042,0.1909746994,0.490984208,1.990861287,1,3.113470471
9043,0.6188735007,1.6389188,1.901840054,1,3.113568506
9044,1.927898868,1.098057865,0.532170982,0,3.113224237
9045,1.044175899,0.02619998051,1.705783307,1,3.113322278
9046,0.8863824478,0.7480160397,1.792854193,1,3.113420296
9047,1.111792592,0.2624815153,1.662503303,1,3.113518293
9048,0.9948253118,0.9193219561,1.735028126,1,3.113616269
9049,1.095004967,0.5303544265,1.673608115,1,3.113714223
9050,0.786408907,0.03992598855,1.838902127,1,3.113812155
9051,1.632241266,1.497863537,1.155763145,0,3.113468125
9052,0.6841180083,0.07600271796,1.879356951,1,3.113566063
9053,1.308259904,1.291595957,1.512764365,1,3.113663979
9054,0.1210722099,1.274760697,1.996332016,1,3.113761873
9055,0.6361198212,0.618035872,1.896141232,1,3.113859746
9056,0.2752230235,1.013963802,1.980972561,1,3.113957597
9057,1.352492468,1.673500615,1.473351324,0,3.113613779
9058,1.31348766,1.831875403,1.508227492,0,3.113270038
9059,0.8585430301,0.6833125078,1.806350981,1,3.113367921
9060,1.512223291,1.747231764,1.308885297,0,3.113024283
9061,1.286577358,1.728025838,1.531247433,0,3.11268072
9062,1.946447221,1.578607555,0.4597208032,0,3.112337232
9063,1.31208638,1.927237047,1.509446697,0,3.111993821
9064,1.874029969,1.812118265,0.6985783251,0,3.111650485
9065,0.9163781689,0.9851866707,1.777709496,1,3.111748483
9066,0.0281852655,1.307759116,1.999801388,1,3.111846459
9067,1.409316841,1.22685901,1.419093387,1,3.111944414
9068,1.918381981,1.426185232,0.5655179699,0,3.111601235
9069,1.483522759,0.7493499801,1.341327784,1,3.111699195
9070,0.3089325614,0.1808613883,1.975996122,1,3.111797133
9071,0.2554504406,0.4000327859,1.983619185,1,3.11189505
9072,0.4368739276,1.050272386,1.951702122,1,3.111992945
9073,1.622179964,1.424953075,1.169842795,0,3.11164995
9074,0.5703243151,0.2251918436,1.916958574,1,3.111747851
9075,1.472734122,1.012467262,1.353164515,1,3.11184573
9076,0.9744138179,0.6600121187,1.746573134,1,3.111943587
9077,1.460677906,0.6445760869,1.366169849,1,3.112041423
9078,1.68691852,1.104243206,1.074386294,0,3.111698612
9079,1.599334885,1.395173737,1.200886308,0,3.111355876
9080,0.3142551656,0.4054889846,1.975156624,1,3.111453744
9081,1.509085245,0.5421714983,1.312502085,1,3.111551591
9082,0.9216242473,0.03142861171,1.774995422,1,3.111649416
9083,0.426197049,1.473783458,1.954061431,1,3.11174722
9084,1.524056776,0.5620670399,1.295087234,1,3.111845002
9085,1.746024784,1.515549231,0.975396049,0,3.111502477
9086,1.390480579,0.3982170173,1.437554785,1,3.111600264
9087,0.5589125008,0.5665299242,1.920316853,1,3.11169803
9088,1.413176941,1.948776341,1.415249424,0,3.111355634
9089,1.134869134,1.70839046,1.646836983,0,3.111013313
9090,0.9038480879,1.002580037,1.784112842,1,3.111111111
9091,1.214666461,1.363431902,1.588894392,1,3.111208888
9092,0.9831154762,1.593324477,1.741689973,1,3.111306643
9093,1.427833503,0.1858413877,1.40046117,1,3.111404377
9094,0.1647763731,1.699899339,1.993200629,1,3.111502089
9095,1.699420448,1.14277596,1.054499948,0,3.111159978
9096,0.6054663997,0.6909191321,1.906150686,1,3.111257696
9097,1.054360374,1.721549234,1.699507047,0,3.110915686
9098,1.776880183,1.32541882,0.9179851943,0,3.110573752
9099,0.4959960526,1.115700376,1.937521075,1,3.110671502
9100,0.6570063332,1.728530094,1.889005738,1,3.110769231
9101,1.281826295,0.3245314266,1.535226807,1,3.110866938
9102,0.282592821,0.4867418649,1.97993467,1,3.110964623
9103,0.9703558788,0.5821575732,1.748830886,1,3.111062287
9104,0.990430213,1.180023207,1.737540789,1,3.11115993
9105,1.924375802,1.356274409,0.5447731382,0,3.110818232
9106,0.7741808011,1.402840551,1.844083536,1,3.11091588
9107,0.6125713338,1.555176041,1.903879293,1,3.111013506
9108,1.992811823,0.06959966756,0.1694138033,1,3.111111111
9109,1.212045447,0.248700998,1.590894665,1,3.111208695
9110,0.2223970813,0.1717690425,1.987596422,1,3.111306257
9111,1.680120312,0.2973923375,1.084986515,1,3.111403798
9112,0.3117718559,1.596763858,1.975550128,1,3.111501317
9113,1.196168614,1.581943348,1.602866385,1,3.111598815
9114,1.892688422,0.8062875644,0.6463207695,0,3.111257406
9115,1.517715792,1.403693103,1.302512486,0,3.110916072
9116,1.405411379,0.8135018062,1.422961298,1,3.111013602
9117,0.6786107213,1.003625961,1.881352569,1,3.111111111
9118,1.404249648,1.346452998,1.424107765,1,3.111208598
9119,0.2896007553,0.5346660864,1.978921778,1,3.111306064
9120,0.5816416822,1.48451238,1.913555056,1,3.111403509
9121,1.424633494,0.4333072777,1.403716284,1,3.111500932
9122,0.07819531082,1.164828892,1.998470789,1,3.111598334
9123,0.7207414257,1.547139266,1.865618342,1,3.111695714
9124,1.5265986,1.220709862,1.292090057,1,3.111793073
9125,0.4447776108,0.006672862196,1.94991612,1,3.111890411
9126,1.503352071,1.338696894,1.319065029,0,3.111549419
9127,0.3546404549,1.475742313,1.968306416,1,3.111646762
9128,1.950247359,0.9805165902,0.4433229527,0,3.111305872
9129,0.5652224632,0.006397638474,1.918469069,1,3.111403221
9130,1.834810679,1.631346821,0.7959081425,0,3.111062432
9131,1.02064473,0.2461207801,1.719966376,1,3.111159785
9132,1.907284418,0.0276025829,0.6018854959,1,3.111257118
9133,0.735038586,1.101474994,1.860031795,1,3.111354429
9134,0.399009976,0.08352236743,1.959793622,1,3.111451719
9135,0.7626369565,1.540597116,1.848887469,1,3.111548987
9136,1.893841588,0.4627574234,0.6429339315,1,3.111646235
9137,1.299446093,1.828850098,1.520342018,0,3.11130568
9138,0.5774486583,1.759573808,1.914824547,1,3.111402933
9139,0.2491580532,1.390062529,1.984419377,1,3.111500164
9140,0.1627264569,1.993089931,1.993369033,1,3.111597374
9141,1.534006145,1.605102136,1.283286853,0,3.111256974
9142,0.2103158055,0.9378393151,1.988911074,1,3.111354189
9143,1.972159942,1.843512703,0.3325434765,0,3.11101389
9144,0.2250626709,0.965196095,1.987296353,1,3.111111111
9145,0.5435481799,1.180470259,1.924722156,1,3.111208311
9146,1.959779261,1.081333354,0.3990805012,0,3.110868139
9147,0.4897628828,0.2393532626,1.939106062,1,3.110965344
9148,1.361648471,1.495416181,1.464893662,0,3.110625273
9149,0.500757646,0.1617156286,1.936295892,1,3.110722483
9150,0.1839166763,0.3355592858,1.991525711,1,3.110819672
9151,1.688109418,0.9385464403,1.072514146,1,3.11091684
9152,0.6636371487,0.001845003244,1.886686443,1,3.111013986
9153,0.9440220176,0.582163487,1.763185308,1,3.111111111
9154,1.209572343,1.228676205,1.592775799,1,3.111208215
9155,0.6997643154,1.924904076,1.873587442,0,3.110868378
9156,1.976345634,1.909824663,0.3066886589,0,3.110528615
9157,1.444626043,1.073840073,1.383132531,1,3.110625751
9158,1.897413334,1.274121689,0.6323153,0,3.110286089
9159,0.6383736776,0.871838815,1.895383615,1,3.11038323
9160,0.7368192904,0.177350885,1.859327118,1,3.110480349
9161,0.1393371699,1.273565051,1.995140384,1,3.110577448
9162,0.3122532773,1.808747444,1.975474093,1,3.110674525
9163,1.124420812,0.2569889149,1.653988463,1,3.110771581
9164,0.05185337412,1.698122574,1.999327694,1,3.110868616
9165,0.02302982566,0.3742056644,1.999867402,1,3.11096563
9166,1.356661414,1.163164002,1.46951346,1,3.111062623
9167,0.4407350318,1.724398974,1.95083383,1,3.111159594
9168,1.392986046,1.785495085,1.435127129,0,3.110820244
9169,1.280167242,1.813454333,1.536610501,0,3.110480968
9170,0.8229988498,1.305263074,1.822820039,1,3.110577972
9171,1.895646875,0.2468284256,0.6375915024,1,3.110674954
9172,1.150181618,0.3531800284,1.63617916,1,3.110771915
9173,1.098313902,1.731279701,1.671438474,0,3.110432792
9174,0.312843183,1.974288457,1.975380759,1,3.110529758
9175,1.957284447,0.9038703054,0.4111418161,0,3.110190736
9176,1.93985134,0.391293447,0.4868026073,1,3.110287707
9177,0.7779394522,0.5824694501,1.842501074,1,3.110384657
9178,0.08230464789,1.749660105,1.998305769,1,3.110481586
9179,1.539508449,0.8071770208,1.276680749,1,3.110578494
9180,1.69412844,0.3902916063,1.062981105,1,3.110675381
9181,1.78128992,0.03807169602,0.9093988233,1,3.110772247
9182,1.113298106,0.9407190466,1.661495509,1,3.110869092
9183,0.3737955731,1.355424724,1.964758731,1,3.110965915
9184,1.853610117,1.663632167,0.7510855698,0,3.110627178
9185,1.116992979,1.089843167,1.659013769,1,3.110724007
9186,1.940073159,1.798211407,0.4859178319,0,3.110385369
9187,0.459912615,0.2742728271,1.946401908,1,3.110482203
9188,0.9703200044,0.5622767601,1.748850791,1,3.110579016
9189,1.411056833,0.6569737044,1.417363261,1,3.110675808
9190,1.199723895,1.651697281,1.600207042,0,3.110337323
9191,1.35716721,0.2577453452,1.469046345,1,3.11043412
9192,0.4123474378,1.573836055,1.95703081,1,3.110530896
9193,0.180168145,0.6574263824,1.991868329,1,3.110627651
9194,0.4591891022,1.499605644,1.946572724,1,3.110724385
9195,0.0555868879,1.037584625,1.999227375,1,3.110821098
9196,0.8394401882,1.763476027,1.815307183,1,3.11091779
9197,1.081762735,0.4740768692,1.682197784,1,3.111014461
9198,0.7823430023,1.822885912,1.840635604,1,3.111111111
9199,0.3070473571,0.2271614235,1.976289938,1,3.11120774
9200,0.2191602662,0.7785111192,1.98795593,1,3.111304348
9201,1.392032865,0.6257673797,1.436051706,1,3.111400935
9202,0.1390570148,1.923034564,1.99515993,1,3.111497501
9203,0.486327331,0.9315837904,1.939970548,1,3.111594045
9204,0.3111310184,0.7684109882,1.975651156,1,3.111690569
9205,0.2059394974,0.5182783103,1.989368976,1,3.111787072
9206,1.196143964,0.9544176012,1.60288478,1,3.111883554
9207,0.5424852792,0.5702275802,1.925022006,1,3.111980015
9208,1.119884224,1.763850772,1.657063464,0,3.11164205
9209,0.09806016772,1.591276243,1.997594604,1,3.111738517
9210,1.418780692,0.7308814889,1.409631635,1,3.111834962
9211,0.235820094,0.9948354505,1.98604856,1,3.111931386
9212,1.568904303,0.484974377,1.240378688,1,3.11202779
9213,0.3427771597,0.8650579902,1.970407019,1,3.112124172
9214,0.8933889834,1.70126289,1.789373109,1,3.112220534
9215,1.263452442,0.9553977244,1.550383155,1,3.112316875
9216,0.1369784795,0.6566326524,1.99530371,1,3.112413194
9217,0.5955393491,0.1954272534,1.909275487,1,3.112509493
9218,1.523835994,1.511475868,1.295347005,0,3.112171838
9219,1.480000318,1.837377757,1.345213388,0,3.111834255
9220,1.572129607,1.665873776,1.236288194,0,3.111496746
9221,1.014083337,1.216851631,1.723843086,1,3.111593103
9222,0.3353806452,1.983368558,1.971679442,0,3.111255693
9223,1.559072913,1.51203115,1.252713715,0,3.110918356
9224,0.8735050173,1.611290733,1.799163412,1,3.111014744
9225,1.350659339,0.2154865198,1.475031982,1,3.111111111
9226,1.262039207,1.496307836,1.55153377,1,3.111207457
9227,0.9632033585,0.4927431476,1.752780446,1,3.111303782
9228,0.5181617154,1.649144639,1.931711272,1,3.111400087
9229,0.9102896225,1.948006481,1.780834861,0,3.111062954
9230,1.485253088,1.865382052,1.339411536,0,3.110725894
9231,0.1842982856,1.258087731,1.991490432,1,3.110822229
9232,1.950623659,0.3832476601,0.4416642839,1,3.110918544
9233,0.2566075986,1.880836561,1.983469823,1,3.111014838
9234,1.064207006,1.472497379,1.693358629,1,3.111111111
9235,0.7320572381,0.2878973433,1.861207189,1,3.111207363
9236,1.209724631,0.8309880571,1.592660139,1,3.111303595
9237,1.386132381,0.4128035096,1.441747905,1,3.111399805
9238,1.748688576,0.9667836721,0.9706123145,1,3.111495995
9239,0.614398765,0.3251991714,1.90329035,1,3.111592164
9240,1.104265898,0.1197721247,1.667512167,1,3.111688312
9241,1.906861547,1.388162323,0.6032238712,0,3.111351585
9242,1.788726867,1.616532812,0.8946821748,0,3.111014932
9243,1.915350438,1.798639986,0.5757019195,0,3.110678351
9244,1.378657757,1.750730677,1.448897094,0,3.110341843
9245,0.6559387006,1.242904574,1.889376728,1,3.110438075
9246,1.708690496,1.67361632,1.039411751,0,3.110101666
9247,0.09170714616,1.418971409,1.997896343,1,3.110197902
9248,0.1315276239,0.1620968585,1.995670435,1,3.110294118
9249,1.415903283,1.224086683,1.412521821,1,3.110390312
9250,1.320246861,0.04498432637,1.50231429,1,3.110486486
9251,1.731370493,0.7746635097,1.001177415,1,3.11058264
9252,1.429268454,0.7768854556,1.398996671,1,3.110678772
9253,1.07215072,1.494521764,1.68834026,1,3.110774884
9254,1.453930849,1.029450679,1.37334813,1,3.110870975
9255,0.1763926648,1.985846734,1.992206221,1,3.110967045
9256,0.8753258982,1.99981096,1.798278224,0,3.110630942
9257,1.157545719,1.820697108,1.630977593,0,3.110294912
9258,0.8940990573,0.1529967535,1.789018411,1,3.110391013
9259,0.3223049635,0.8254205439,1.97385904,1,3.110487094
9260,1.186223952,0.1971437531,1.610239962,1,3.110583153
9261,0.2289733931,1.612754243,1.986849563,1,3.110679192
9262,0.3018116898,1.620114057,1.977096281,1,3.110775211
9263,0.8164443559,1.869740764,1.825765213,0,3.110439382
9264,1.153267863,1.495833227,1.634005274,1,3.110535406
9265,0.2589833844,1.669087449,1.983161014,1,3.110631409
9266,1.810773604,1.086983012,0.8491754555,0,3.110295705
9267,1.980979578,1.25149865,0.2751725139,0,3.109960073
9268,0.1122308907,1.504161409,1.996848574,1,3.110056107
9269,0.7384752044,1.515853919,1.858670055,1,3.11015212
9270,1.256659647,0.8187982741,1.555894126,1,3.110248112
9271,1.113621772,0.1969352238,1.661278588,1,3.110344084
9272,1.009757568,0.4875625168,1.726380507,1,3.110440035
9273,1.832803796,1.997866692,0.8005187348,0,3.110104605
9274,0.03580682941,0.3302271215,1.999679442,1,3.110200561
9275,1.356713019,1.507200402,1.469465816,0,3.109865229
9276,0.4194128157,1.586146521,1.955528801,1,3.10996119
9277,0.6691178259,0.3221890452,1.884749674,1,3.110057131
9278,1.162314639,0.470042145,1.627582465,1,3.11015305
9279,0.3864048675,0.3790535038,1.962317833,1,3.110248949
9280,0.7106482149,0.5141987216,1.869486324,1,3.110344828
9281,1.249051296,0.08130949739,1.562008598,1,3.110440685
9282,1.935576982,1.570107311,0.5035292912,0,3.110105581
9283,0.1979791423,0.4174178706,1.990176942,1,3.110201443
9284,1.077037812,0.219500751,1.685226855,1,3.110297286
9285,1.254415302,0.5906358406,1.55770416,1,3.110393107
9286,1.187676514,0.3822822403,1.609168885,1,3.110488908
9287,1.331229794,0.7997339458,1.49259078,1,3.110584688
9288,0.6030034495,1.585389832,1.906931263,1,3.110680448
9289,0.4845869951,0.9806146161,1.940406,1,3.110776187
9290,1.887914523,0.449898362,0.660135406,1,3.110871905
9291,0.8691745483,0.5251670063,1.80125945,1,3.110967603
9292,0.01276771042,0.4136556241,1.999959246,1,3.11106328
9293,1.308761067,0.6222973098,1.512330807,1,3.111158937
9294,1.59243537,0.8845838963,1.210020493,1,3.111254573
9295,1.108105333,0.2380183361,1.664963234,1,3.111350188
9296,1.658939714,0.4481202665,1.117102961,1,3.111445783
9297,0.6233595001,1.637330155,1.900374419,1,3.111541357
9298,0.1018003889,0.3474775148,1.99740749,1,3.111636911
9299,1.115379298,0.9302042329,1.6600991,1,3.111732444
9300,1.260945592,1.829629676,1.552422692,0,3.111397849
9301,0.1370172695,0.8841320696,1.995301047,1,3.111493388
9302,0.6966688614,1.189947525,1.874740648,1,3.111588906
9303,1.266168622,1.224382715,1.548165695,1,3.111684403
9304,1.54466113,1.78881486,1.270441653,0,3.111349957
9305,1.187952282,1.366187396,1.608965312,1,3.111445459
9306,1.609212601,0.9000781295,1.187617281,1,3.111540941
9307,1.995154696,0.8819275564,0.1391320936,0,3.111206619
9308,0.01715036412,0.7416183472,1.999926465,1,3.111302106
9309,0.3761474171,0.02264801386,1.964309833,1,3.111397572
9310,0.07984342643,0.7494292289,1.998405621,1,3.111493018
9311,1.133669146,0.95389272,1.647663275,1,3.111588444
9312,1.118558567,1.192869456,1.657958604,1,3.111683849
9313,0.6040858933,1.482447239,1.906588638,1,3.111779233
9314,1.372145524,1.335045106,1.455065861,1,3.111874597
9315,1.21382776,1.710326856,1.589535205,0,3.111540526
9316,1.187699596,1.320272778,1.609151848,1,3.111635895
9317,0.4481429668,0.9054844237,1.949145423,1,3.111731244
9318,1.0139457,1.523127047,1.723924046,1,3.111826572
9319,0.9090018957,0.8365071816,1.781492507,1,3.11192188
9320,0.3988991519,1.341555676,1.959816182,1,3.112017167
9321,0.4848776424,0.1098541934,1.940333392,1,3.112112434
9322,1.397264324,1.029160674,1.430962057,1,3.112207681
9323,1.577656786,1.923623597,1.229227019,0,3.11187386
9324,0.04760080995,0.5255905546,1.99943346,1,3.111969112
9325,0.5961108782,0.2550893462,1.909097122,1,3.112064343
9326,1.380728942,0.120668719,1.446923491,1,3.112159554
9327,1.546689825,1.2391501,1.267971051,1,3.112254744
9328,1.358044082,0.5279881472,1.468235768,1,3.112349914
9329,0.1945769235,1.150175111,1.990512452,1,3.112445064
9330,0.8602661644,0.1574135317,1.805530982,1,3.112540193
9331,0.0125580613,1.175439057,1.999960573,1,3.112635302
9332,1.852580361,0.4179741365,0.7536219244,1,3.11273039
9333,0.6128263556,0.7390280093,1.903797221,1,3.112825458
9334,0.2015594704,0.3020053468,1.989817524,1,3.112920506
9335,0.9769271625,0.7629484438,1.745168565,1,3.113015533
9336,1.893319731,0.2528439536,0.6444690807,1,3.11311054
9337,0.7559104167,1.190048834,1.851647764,1,3.113205526
9338,1.025853139,0.6613180844,1.716864973,1,3.113300493
9339,1.311714582,1.013739144,1.509769802,1,3.113395438
9340,1.491808264,1.533576569,1.332106641,0,3.113062099
9341,0.9908933632,1.0342733,1.737276703,1,3.11315705
9342,1.876370771,0.1230114328,0.6922663718,1,3.11325198
9343,0.05833162428,0.7318784102,1.999149174,1,3.113346891
9344,0.9483333095,1.242264895,1.760870221,1,3.113441781
9345,0.5774368712,1.482286501,1.914828102,1,3.113536651
9346,1.613138516,1.4757945,1.182279209,0,3.11320351
9347,1.001111715,1.153436912,1.731408483,1,3.113298385
9348,1.247963676,0.2003971783,1.562877686,1,3.113393239
9349,0.811114434,1.962028833,1.82813932,0,3.11306022
9350,0.5447578708,1.708473581,1.924380124,1,3.11315508
9351,0.9523614633,0.433896873,1.758694869,1,3.11324992
9352,0.6692888953,1.506182178,1.884688933,1,3.113344739
9353,1.848010991,1.571820527,0.7647583773,0,3.113011868
9354,1.344755468,1.680580791,1.480416405,0,3.112679068
9355,0.9242775511,0.9598615312,1.773615237,1,3.112773918
9356,0.9572970506,1.79442609,1.7560132,0,3.112441214
9357,1.995307505,1.486945225,0.1369231972,0,3.112108582
9358,1.02123321,1.204396765,1.71961703,1,3.112203462
9359,1.700342472,1.863604215,1.053012572,0,3.111870926
9360,1.425266048,1.103064903,1.403074016,1,3.111965812
9361,1.880283987,1.899552979,0.681565937,0,3.111633373
9362,1.930615128,0.01904929009,0.5222310109,1,3.111728263
9363,0.8179641725,0.3620048934,1.825084823,1,3.111823134
9364,0.7890948106,0.07064811819,1.837751175,1,3.111917984
9365,1.865250607,0.9247633097,0.721692575,0,3.111585691
9366,1.033380516,1.432028418,1.712344799,1,3.111680547
9367,0.1365489669,0.8165800444,1.99533315,1,3.111775382
9368,0.2727610572,1.004988485,1.981313051,1,3.111870196
9369,0.04895270898,1.609513084,1.999400818,1,3.111964991
9370,1.496198818,0.7483661918,1.327173348,1,3.112059765
9371,1.650302958,1.963946033,1.12982306,0,3.11172767
9372,1.816669064,0.24972501,0.8364887992,1,3.11182245
9373,1.630804501,1.986286947,1.157789567,0,3.111490451
9374,1.620104258,0.8920695604,1.172715734,1,3.111585236
9375,0.3754789347,1.137312614,1.964437724,1,3.11168
9376,1.067679962,0.6556656576,1.691171044,1,3.111774744
9377,0.3205858,1.393269916,1.974138988,1,3.111869468
9378,1.965984308,1.470015105,0.3672951158,0,3.111537641
9379,0.1923498321,1.163949097,1.990728897,1,3.11163237
9380,0.9498878563,1.682425956,1.760032119,1,3.111727079
9381,1.936261102,0.4067478473,0.5008921495,1,3.111821767
9382,1.819826152,1.398920465,0.8295979605,0,3.111490087
9383,1.210305376,1.17396253,1.59221886,1,3.111584781
9384,0.6835297154,1.297397362,1.879570996,1,3.111679454
9385,0.6976856056,1.270093421,1.874362504,1,3.111774108
9386,0.405195811,0.7955858735,1.958524025,1,3.111868741
9387,1.121090143,0.3365457004,1.656247835,1,3.111963354
9388,1.576402279,1.124719177,1.23083543,1,3.112057946
9389,0.149430371,1.883012138,1.994409829,1,3.112152519
9390,1.43118969,1.630334254,1.397031164,0,3.111821086
9391,0.9818322054,1.522372524,1.742413705,1,3.111915664
9392,0.5374784057,1.798810687,1.926425956,1,3.112010221
9393,0.1538060281,0.8430769419,1.994077156,1,3.112104759
9394,0.7142025618,1.074008797,1.868131339,1,3.112199276
9395,0.1407921116,1.010929855,1.995038241,1,3.112293773
9396,1.829632485,0.3087086505,0.807740657,1,3.11238825
9397,0.8891528101,0.104678123,1.791481867,1,3.112482707
9398,0.572713917,1.009589951,1.91624601,1,3.112577144
9399,1.017657073,0.5606849761,1.721735776,1,3.112671561
9400,1.30443863,0.9759166164,1.516060639,1,3.112765957
9401,0.2434255711,0.7173814739,1.985130724,1,3.112860334
9402,0.799430958,0.6860637102,1.833278523,1,3.11295469
9403,0.185561039,0.9187924258,1.99137317,1,3.113049027
9404,1.307738308,0.2115028109,1.513215291,1,3.113143343
9405,0.9922877363,0.6820688723,1.73648065,1,3.11323764
9406,1.711955149,1.072037161,1.034025903,0,3.112906655
9407,0.09392182075,0.4250856014,1.997793456,1,3.113000957
9408,1.665565087,1.069050902,1.107200497,1,3.113095238
9409,0.489068293,1.081650927,1.939281363,1,3.113189499
9410,0.869347918,0.2754457526,1.801175782,1,3.113283741
9411,1.471050055,0.8972010439,1.354995106,1,3.113377962
9412,1.92190867,1.789186412,0.5534140084,0,3.113047174
9413,1.544229272,0.4727571336,1.270966543,1,3.1131414
9414,1.897107124,0.7257197724,0.6332334165,0,3.112810707
9415,0.2339551924,0.08476659519,1.986269108,1,3.112904939
9416,0.531526337,1.058845383,1.928076698,1,3.11299915
9417,0.918743402,1.803786087,1.776488267,0,3.112668578
9418,0.7806809564,0.4701013074,1.841341154,1,3.112762795
9419,0.2125720292,1.193647686,1.988671198,1,3.112856991
9420,1.730728334,1.622252572,1.002287102,0,3.112526539
9421,1.504896824,1.143203264,1.317302376,1,3.112620741
9422,0.8614237675,1.374914853,1.804978973,1,3.112714923
9423,0.2255968303,0.5064622468,1.987235786,1,3.112809084
9424,0.04667629578,1.322572615,1.999455257,1,3.112903226
9425,0.9695718404,1.065415667,1.749265688,1,3.112997347
9426,1.988997107,1.742765744,0.209500618,0,3.112667091
9427,1.530510094,0.6800226361,1.287454408,1,3.112761218
9428,0.7213989276,1.568207861,1.865364197,1,3.112855325
9429,0.07359961967,1.325089405,1.998645315,1,3.112949411
9430,1.568466973,0.1897526802,1.240931648,1,3.113043478
9431,0.590492764,0.1710384541,1.9108423,1,3.113137525
9432,1.261913491,0.8237520208,1.55163602,1,3.113231552
9433,0.8499630137,1.259127486,1.810404064,1,3.113325559
9434,1.58255041,1.498565817,1.222920357,0,3.112995548
9435,1.958150222,1.018384453,0.4069984132,0,3.112665607
9436,0.1173471014,0.8313177075,1.996554446,1,3.112759644
9437,1.728727174,1.993303885,1.005734736,0,3.112429798
9438,1.243527808,1.313187481,1.566409458,1,3.11252384
9439,0.03905009072,0.3117290371,1.999618736,1,3.112617862
9440,0.1114345759,1.793501684,1.996893171,1,3.112711864
9441,0.5352248906,1.269340112,1.927053273,1,3.112805847
9442,1.815499661,1.650133114,0.8390238255,0,3.11247617
9443,0.2473445083,1.521161763,1.984646239,1,3.112570158
9444,0.4439445025,1.12337853,1.950105966,1,3.112664125
9445,0.1967161102,0.2592563157,1.990302181,1,3.112758073
9446,1.524710118,1.491467847,1.294317989,0,3.112428541
9447,0.8267569202,1.06338815,1.821118611,1,3.112522494
9448,1.992241283,0.2153526657,0.1759962281,0,3.112193057
9449,1.927364112,1.686130764,0.5341044641,0,3.111863689
9450,0.01660489683,1.327722639,1.999931068,1,3.111957672
9451,0.7818466024,1.396574216,1.840846515,1,3.112051635
9452,1.754815891,0.35719708,0.9594900673,1,3.112145578
9453,0.0914281066,0.3338865488,1.997909132,1,3.112239501
9454,1.760276138,0.7179703503,0.9494355785,1,3.112333404
9455,1.468995029,1.779510699,1.357222755,0,3.112004231
9456,0.7517227859,0.9022246697,1.853351789,1,3.112098139
9457,1.655133314,1.321877005,1.122734926,0,3.11176906
9458,1.796815713,1.39002017,0.8783241401,0,3.111440051
9459,1.505013754,1.485536189,1.317168782,0,3.111111111
9460,1.858084404,1.255297879,0.7399475301,0,3.110782241
9461,0.2932323807,1.663540576,1.978386911,1,3.110876229
9462,1.794185508,0.4377655793,0.8836845385,1,3.110970197
9463,1.706048977,1.276072989,1.043741773,0,3.110641446
9464,1.150139159,1.288471905,1.636209007,1,3.110735418
9465,0.4298223813,1.70979212,1.953267191,1,3.110829371
9466,1.161591736,1.92169187,1.628098473,0,3.110500739
9467,1.268294651,0.2951123827,1.546424482,1,3.110594697
9468,0.1225883985,0.9255759126,1.996239486,1,3.110688635
9469,1.141905015,1.234164763,1.64196618,1,3.110782554
9470,1.596811798,1.13342814,1.204239212,1,3.110876452
9471,0.8788864323,1.807140307,1.796540742,0,3.110547989
9472,1.738354725,1.961217893,0.9890009351,0,3.110219595
9473,0.686850689,1.35380948,1.878359958,1,3.110313523
9474,1.148274021,0.4477714426,1.63751848,1,3.110407431
9475,1.181360162,0.5288118632,1.613811689,1,3.110501319
9476,1.648026536,0.1199262232,1.133141004,1,3.110595188
9477,1.232472056,1.780219503,1.575123053,0,3.110266962
9478,1.053310779,0.2213420379,1.700157758,1,3.110360836
9479,0.8175858241,0.3769294812,1.825254344,1,3.110454689
9480,0.165794731,1.633177761,1.99311618,1,3.110548523
9481,1.100130924,1.49818206,1.670243081,1,3.110642337
9482,1.690599746,1.241497005,1.068584343,0,3.11031428
9483,1.329193216,1.275939377,1.494404695,1,3.110408099
9484,0.613843937,0.6098380302,1.903469364,1,3.110501898
9485,0.6037175832,0.1671668902,1.906705294,1,3.110595677
9486,0.4593501888,0.8415836365,1.946534717,1,3.110689437
9487,1.041950822,1.027171188,1.70714337,1,3.110783177
9488,1.334139419,1.431318779,1.489990608,1,3.110876897
9489,1.719901458,0.397954814,1.020754121,1,3.110970598
9490,1.235192579,1.918920764,1.572990557,0,3.110642782
9491,1.362022425,0.9818633543,1.464545975,1,3.110736487
9492,1.46057639,0.972090419,1.366278379,1,3.110830173
9493,0.2997824338,0.1527031869,1.977404989,1,3.110923839
9494,0.6263838698,1.974381681,1.899379701,0,3.110596166
9495,0.2204572314,0.05034260884,1.987812519,1,3.110689837
9496,1.803982704,0.3896053133,0.8635081952,1,3.110783488
9497,1.596414911,1.326914787,1.204765302,0,3.110455933
9498,1.292424853,0.8492533374,1.52631517,1,3.110549589
9499,0.8696550371,0.2182691654,1.801027517,1,3.110643226
9500,0.06544907854,0.7772673157,1.998928818,1,3.110736842
9501,1.614782426,0.7299608956,1.18003293,1,3.110830439
9502,1.5461401,1.904275998,1.268641317,0,3.110503052
9503,0.4970875863,0.930915287,1.93724132,1,3.110596654
9504,0.6216110353,0.3195665201,1.900947059,1,3.110690236
9505,0.3943561405,1.512666635,1.960735381,1,3.110783798
9506,1.349377434,0.4958316625,1.476204776,1,3.110877341
9507,0.4896261137,0.04300123136,1.939140601,1,3.110970864
9508,0.4433992592,0.8717156445,1.950230011,1,3.111064367
9509,1.336962653,0.5093585594,1.487457853,1,3.11115785
9510,1.022145633,0.08406145872,1.71907484,1,3.111251314
9511,1.896227461,0.5261826857,0.6358627333,1,3.111344759
9512,0.5670347222,0.7682396049,1.917934207,1,3.111438183
9513,1.044018199,0.2217670616,1.705879832,1,3.111531588
9514,1.306733105,0.9202233359,1.514083417,1,3.111624974
9515,0.09876696665,0.571032606,1.997559783,1,3.111718339
9516,0.2351349415,1.889704448,1.986129794,1,3.111811686
9517,0.1401530864,1.580693171,1.995083234,1,3.111905012
9518,0.2983722014,1.083112564,1.977618272,1,3.111998319
9519,0.5551105537,1.352937449,1.921419338,1,3.112091606
9520,1.124212063,0.1244639566,1.654130357,1,3.112184874
9521,1.293033852,1.994784546,1.525799285,0,3.111857998
9522,1.406503321,1.756047465,1.421881995,0,3.111531191
9523,0.9583693434,0.5556377706,1.75542821,1,3.111624488
9524,1.953225594,1.682704359,0.4300113705,0,3.111297774
9525,0.04833864582,1.014251602,1.999415758,1,3.111391076
9526,0.1302509114,1.959087827,1.995754168,1,3.111484359
9527,0.3397762502,0.2112854447,1.970926711,1,3.111577621
9528,0.1678265246,0.8947255277,1.992946125,1,3.111670865
9529,0.8417166148,1.889021756,1.814252777,0,3.111344317
9530,0.6338154242,1.559584953,1.896912757,1,3.111437566
9531,0.5693929214,0.8968176221,1.917235432,1,3.111530794
9532,1.458282322,0.5342714703,1.36872666,1,3.111624003
9533,1.871255737,1.207996588,0.705975896,0,3.111297598
9534,1.331868899,1.830980317,1.492020521,0,3.110971261
9535,1.984664667,0.2960109064,0.2471966043,0,3.110644992
9536,1.102061044,0.2290913183,1.668970178,1,3.110738255
9537,1.453283323,1.569119257,1.374033327,0,3.110412079
9538,1.607378322,0.937275714,1.190098706,1,3.110505347
9539,1.178606658,1.383183379,1.615823736,1,3.110598595
9540,0.1929969113,1.072297786,1.990666268,1,3.110691824
9541,0.386640701,0.2856572106,1.96227138,1,3.110785033
9542,0.1598228401,1.945773344,1.993603938,1,3.110878223
9543,1.852847649,1.32298331,0.7529645352,0,3.110552237
9544,0.8877720605,0.7083956431,1.792166501,1,3.110645432
9545,1.063834383,1.005188157,1.693592751,1,3.110738607
9546,0.4795182923,0.5636856575,1.941664803,1,3.110831762
9547,1.661915881,0.7657299953,1.112670483,1,3.110924898
9548,1.024291605,0.2885487079,1.717797051,1,3.111018014
9549,0.9432644191,1.186158571,1.763590722,1,3.111111111
9550,0.8426589699,0.1728284643,1.813815277,1,3.111204188
9551,1.515092038,0.637359117,1.305563525,1,3.111297246
9552,0.7677629532,0.4093428324,1.846764752,1,3.111390285
9553,0.2276657607,0.8298108443,1.986999824,1,3.111483304
9554,1.558251637,1.07167242,1.253735154,1,3.111576303
9555,0.1417128107,0.8610790476,1.994973052,1,3.111669283
9556,0.3525347565,1.755537844,1.968684649,1,3.111762244
9557,1.583401129,0.2271696219,1.221818672,1,3.111855185
9558,1.591989414,1.833429135,1.210607164,0,3.111529609
9559,1.085412727,1.629266374,1.679844996,1,3.111622555
9560,1.198304111,1.666932692,1.601270513,0,3.111297071
9561,0.1264519853,1.636824721,1.995998471,1,3.111390022
9562,0.6340535264,1.674407462,1.896833183,1,3.111482953
9563,1.612844793,0.005775810448,1.18267987,1,3.111575865
9564,0.2178683336,1.541805424,1.988097933,1,3.111668758
9565,1.273099852,1.728349869,1.542470994,0,3.11134344
9566,1.76577243,0.3521036603,0.93917396,1,3.111436337
9567,1.431295118,0.8357281128,1.396923149,1,3.111529215
9568,1.401632104,0.274250141,1.426684074,1,3.111622074
9569,1.847722111,1.439177967,0.7654560747,0,3.111296896
9570,1.110685411,0.4045205317,1.663243192,1,3.11138976
9571,1.851779894,1.712168728,0.7555866743,0,3.111064675
9572,0.07707232437,1.009905745,1.998514412,1,3.111157543
9573,0.5572848459,0.5349412757,1.920789838,1,3.111250392
9574,0.06630296932,1.573357141,1.998900677,1,3.111343221
9575,0.568587828,0.25315036,1.91747435,1,3.111436031
9576,1.435800819,0.1845691204,1.392291639,1,3.111528822
9577,1.550750251,0.8580445763,1.263001844,1,3.111621593
9578,0.3698812247,1.360624036,1.965499397,1,3.111714345
9579,0.8176515412,1.561742526,1.825224906,1,3.111807078
9580,1.664769859,0.07549326897,1.10839583,1,3.111899791
9581,1.42676182,0.8574294124,1.401552964,1,3.111992485
9582,1.153395341,1.12646212,1.633915294,1,3.11208516
9583,1.527399669,0.9679494164,1.291143001,1,3.112177815
9584,0.9450413256,0.300906583,1.762639184,1,3.112270451
9585,1.259087732,0.4373564263,1.553929884,1,3.112363067
9586,1.480365077,1.861418932,1.344811972,0,3.112038389
9587,0.5066815396,0.5498435142,1.934754201,1,3.112131011
9588,1.548860186,1.802497714,1.265318981,0,3.111806425
9589,1.427123308,0.8954474452,1.401184878,1,3.111899051
9590,1.493180715,0.2320401878,1.330568056,1,3.111991658
9591,0.7551921873,0.05533286392,1.851940809,1,3.112084246
9592,1.389824785,1.517132289,1.438188815,0,3.1117598
9593,0.9186601997,1.612221857,1.776531294,1,3.111852392
9594,1.133291859,1.37190442,1.647922803,1,3.111944966
9595,0.9290459466,1.755419345,1.771122138,1,3.11203752
9596,0.4433782118,1.742909712,1.950234796,1,3.112130054
9597,1.896348641,0.6691378691,0.6355012439,0,3.111805773
9598,0.3926038473,1.03636547,1.961086999,1,3.111898312
9599,0.2015410389,1.459124828,1.989819391,1,3.111990832
9600,1.42098933,1.230134343,1.407405175,1,3.112083333
9601,1.157537743,0.5904057334,1.630983254,1,3.112175815
9602,1.301105723,1.260938738,1.518921952,1,3.112268277
9603,0.2240614009,0.7467096846,1.987409492,1,3.112360721
9604,1.617800507,0.8135504411,1.175891798,1,3.112453145
9605,1.809419581,1.660265389,0.8520567945,0,3.112129099
9606,1.497866939,0.505786187,1.325290396,1,3.112221528
9607,0.4160997504,0.1485306687,1.956236437,1,3.112313938
9608,1.64808037,0.1399666323,1.133062706,1,3.112406328
9609,0.1844630799,1.226511097,1.991475175,1,3.112498699
9610,0.5943024482,1.980428326,1.90966086,0,3.112174818
9611,1.324269026,0.9166145446,1.498770011,1,3.112267194
9612,0.2682513804,0.1219083311,1.981928656,1,3.112359551
9613,0.5656497029,1.472033968,1.918343143,1,3.112451888
9614,1.032808064,0.2308188862,1.712690137,1,3.112544206
9615,1.954263101,1.51412739,0.4252713613,0,3.112220489
9616,0.4744048253,0.6834376568,1.942920498,1,3.112312812
9617,0.9236573581,0.03907882777,1.773938298,1,3.112405116
9618,1.052026111,1.836661425,1.700952986,0,3.112081514
9619,1.436778122,1.166049159,1.391283087,1,3.112173823
9620,1.613176815,1.403422061,1.182226951,0,3.111850312
9621,0.2502540826,0.2140049172,1.984281455,1,3.111942626
9622,0.4510994563,0.8135424621,1.948463313,1,3.11203492
9623,0.8879071693,1.483468967,1.792099567,1,3.112127195
9624,0.9263831265,0.847077744,1.772516376,1,3.112219451
9625,1.729078177,0.2743861096,1.005131165,1,3.112311688
9626,0.6827102807,0.7126843503,1.879868791,1,3.112403906
9627,0.4050798198,0.1582415344,1.958548018,1,3.112496105
9628,1.550735168,1.760023277,1.263020364,0,3.112172829
9629,0.82753613,1.970265092,1.820764662,0,3.111849621
9630,1.992178467,1.044088329,0.1767058405,0,3.11152648
9631,1.017547814,0.6148538274,1.72180035,1,3.111618731
9632,0.3502463043,1.395199497,1.969093072,1,3.111710963
9633,0.2841518981,0.6435823143,1.979711519,1,3.111803177
9634,0.622157298,0.9488051737,1.900768344,1,3.111895371
9635,0.2810665882,1.825034654,1.980151907,1,3.111987545
9636,1.629123014,1.415740192,1.160154389,0,3.111664591
9637,0.1970085625,0.6430369744,1.990273254,1,3.111756771
9638,0.9150764125,1.985318468,1.778379925,0,3.111433907
9639,1.644048874,0.5124752048,1.138904429,1,3.111526092
9640,1.933264439,1.7698846,0.5123364233,0,3.11120332
9641,1.005735274,0.817253558,1.72872686,1,3.111295509
9642,1.561705795,0.2125386901,1.249429875,1,3.111387679
9643,1.780336658,1.467948539,0.9112636187,0,3.111065021
9644,1.011289356,1.931485113,1.725483654,0,3.110742431
9645,1.907710875,1.745486929,0.6005324434,0,3.110419907
9646,1.958472878,1.217495852,0.4054429504,0,3.11009745
9647,0.5249130394,0.03959210549,1.929887639,1,3.110189696
9648,0.5005318388,0.1644282685,1.936354275,1,3.110281924
9649,1.605999501,0.3631193255,1.191958726,1,3.110374132
9650,0.4310180648,1.451148775,1.953003694,1,3.110466321
9651,0.3603237026,0.7316516811,1.967273959,1,3.110558491
9652,0.5746073829,0.2244142571,1.915679085,1,3.110650642
9653,0.2233687337,1.202256284,1.987487461,1,3.110742774
9654,0.3006324601,1.679437101,1.977275935,1,3.110834887
9655,1.726747652,0.6869192642,1.009129598,1,3.110926981
9656,1.48269523,0.7858717145,1.342242472,1,3.111019056
9657,1.413671245,0.2787886152,1.414755672,1,3.111111111
9658,1.385777698,1.610449671,1.442088823,0,3.110788983
9659,1.923856349,1.414997545,0.5466047468,0,3.110466922
9660,0.7071343087,0.6248387036,1.870818289,1,3.110559006
9661,0.3137698676,1.536685196,1.975233776,1,3.110651071
9662,0.5444148042,0.6898888534,1.924477207,1,3.110743117
9663,1.840803903,0.7827068132,0.7819469221,0,3.110421194
9664,1.827221836,0.567766929,0.8131791706,1,3.110513245
9665,1.706187278,0.8981603878,1.043515678,1,3.110605277
9666,1.380926594,1.715573408,1.446734855,0,3.110283468
9667,0.8545945361,0.6523981624,1.808222381,1,3.110375504
9668,0.6180057437,0.4386965762,1.90212221,1,3.110467522
9669,0.7109869987,1.673335956,1.869357507,1,3.11055952
9670,0.4541696422,1.445496284,1.947749968,1,3.110651499
9671,1.125957549,1.606325754,1.652942709,1,3.11074346
9672,0.8865091946,0.844593934,1.792791524,1,3.110835401
9673,0.9883889823,1.201724874,1.73870274,1,3.110927323
9674,0.2257353851,1.116238028,1.987220052,1,3.111019227
9675,1.311446608,1.568833418,1.510002581,0,3.110697674
9676,0.8652618056,0.2850618211,1.803142259,1,3.110789582
9677,1.643001066,1.428346979,1.140415493,0,3.11046812
9678,1.976236458,1.383695917,0.3073913825,0,3.110146725
9679,0.2830212968,1.144485347,1.979873467,1,3.110238661
9680,1.549064949,0.3559267147,1.265068293,1,3.110330579
9681,1.33962097,1.789037229,1.485064192,0,3.110009297
9682,1.022095284,0.462329211,1.719104776,1,3.110101219
9683,0.975934711,0.2212063784,1.745723758,1,3.110193122
9684,1.398897327,1.93215477,1.429365687,0,3.109871954
9685,0.4725126571,0.4598972789,1.943381535,1,3.109963862
9686,1.437134415,1.807655656,1.390915049,0,3.109642783
9687,0.6163171072,0.8002206955,1.902670025,1,3.109734696
9688,0.299334927,0.2418994428,1.977472781,1,3.10982659
9689,1.369361165,1.93647276,1.457686523,0,3.109505625
9690,0.185698196,1.147210764,1.991360384,1,3.109597523
9691,1.591455284,0.4886016119,1.211309242,1,3.109689403
9692,1.014519431,1.528364544,1.723586471,1,3.109781263
9693,1.548506535,0.6160601669,1.265751757,1,3.109873104
9694,1.405281932,0.6159154252,1.423089137,1,3.109964927
9695,1.424363754,0.3201415941,1.403989992,1,3.11005673
9696,1.704251823,0.2030276326,1.046673648,1,3.110148515
9697,0.1702451282,1.589911123,1.992740976,1,3.11024028
9698,1.78959723,0.5159783749,0.8929399503,1,3.110332027
9699,1.706902885,1.130040393,1.042344733,0,3.110011341
9700,1.750521502,1.138572386,0.9673026774,0,3.109690722
9701,1.057335333,0.7595941047,1.697657797,1,3.109782497
9702,1.285136844,1.905762867,1.53245662,0,3.109461967
9703,0.640185966,1.795739638,1.894772263,1,3.109553746
9704,0.02300884793,1.10037938,1.999867644,1,3.109645507
9705,1.546087239,0.01698431155,1.268705737,1,3.109737249
9706,1.721759925,0.9934835563,1.017616216,1,3.109828972
9707,1.476534922,0.2209857223,1.349016169,1,3.109920676
9708,1.445737976,0.7664737991,1.381970225,1,3.110012361
9709,1.312156697,1.994270841,1.509385571,0,3.109692038
9710,1.448819832,0.1878385492,1.378738951,1,3.109783728
9711,1.081658493,1.424446607,1.682264814,1,3.109875399
9712,0.0005296891474,0.6125165769,1.99999993,1,3.109967051
9713,0.776008125,1.560060948,1.843315326,1,3.110058684
9714,0.7265026245,0.7028310006,1.863382391,1,3.110150299
9715,0.8721939326,1.078441227,1.799799362,1,3.110241894
9716,1.947174998,1.183773581,0.4566284335,0,3.109921779
9717,0.04601005298,1.469499108,1.999470699,1,3.110013379
9718,0.9990778656,0.4069608615,1.732582875,1,3.11010496
9719,0.5694389352,1.875208352,1.917221766,1,3.110196522
9720,1.217827055,1.493332522,1.586473216,1,3.110288066
9721,1.486239287,1.500099061,1.338317145,0,3.10996811
9722,0.1007005091,0.2136674504,1.997463243,1,3.110059659
9723,0.3654828938,0.3167124688,1.966322012,1,3.110151188
9724,0.7877921786,0.9700715762,1.838309953,1,3.110242698
9725,1.747009302,1.158247707,0.9736316033,0,3.109922879
9726,1.452975518,1.538806437,1.374358812,0,3.109603126
9727,0.7407035719,1.210055696,1.857783146,1,3.109694664
9728,0.3071563495,0.288489525,1.976273002,1,3.109786184
9729,0.4385787601,1.274915341,1.951319726,1,3.109877685
9730,0.8349441716,0.7935884664,1.817379495,1,3.109969168
9731,0.1002131588,0.3000184909,1.997487753,1,3.110060631
9732,1.395676671,1.610040367,1.432510604,0,3.10974106
9733,0.07399425376,1.793550324,1.998630744,1,3.109832529
9734,0.7782283856,1.708876832,1.842379054,1,3.109923978
9735,0.9091395061,1.019906118,1.781422285,1,3.110015408
9736,0.4560076189,1.434155783,1.94732048,1,3.11010682
9737,1.291015064,1.675273146,1.527507808,0,3.109787409
9738,1.800600819,0.6970352452,0.8705381607,1,3.109878825
9739,0.1325282232,1.767733509,1.995604237,1,3.109970223
9740,0.6320570957,1.933553525,1.897499362,0,3.109650924
9741,1.008523715,1.416506683,1.727101594,1,3.109742326
9742,0.3481818517,1.25376342,1.969459164,1,3.10983371
9743,0.6476208581,1.709029026,1.892243965,1,3.109925074
9744,0.6035364626,1.569273389,1.906762633,1,3.11001642
9745,0.9158182707,1.335919198,1.777998002,1,3.110107748
9746,0.368043107,0.04013597642,1.965844417,1,3.110199056
9747,0.9056838708,1.518378404,1.78318163,1,3.110290346
9748,1.100002464,0.5872229959,1.670327686,1,3.110381617
9749,1.684547887,1.338514126,1.078099447,0,3.110062571
9750,0.7273760932,1.718659117,1.863041604,1,3.110153846
9751,1.802431414,1.590395318,0.8667415988,0,3.109834889
9752,1.68223551,0.4671022145,1.081704066,1,3.109926169
9753,1.928195437,0.1001603142,0.531095431,1,3.110017431
9754,1.416501646,1.954171738,1.411921771,0,3.109698585
9755,1.293958768,1.646345896,1.525014986,0,3.109379805
9756,1.3473554,1.587582921,1.478050549,0,3.109061091
9757,0.159540371,1.028053285,1.993626562,1,3.109152403
9758,1.353324185,0.8439088819,1.4725874,1,3.109243697
9759,1.738390067,1.020601625,0.9889388132,0,3.108925095
9760,0.6903585369,1.464456789,1.877073544,1,3.109016393
9761,1.185546153,1.377733145,1.61073906,1,3.109107673
9762,0.06029739952,0.004627943567,1.999090849,1,3.109198935
9763,1.538068986,0.2042380657,1.278414562,1,3.109290177
9764,0.9670003966,0.1274402957,1.750688503,1,3.109381401
9765,0.5768564498,0.3760848469,1.915003038,1,3.109472606
9766,1.95188779,0.09410118178,0.4360436404,1,3.109563793
9767,0.348347741,1.45589333,1.969429829,1,3.109654961
9768,0.2803261008,0.3168083571,1.980256872,1,3.10974611
9769,1.994515533,1.027464564,0.1480127925,0,3.109427782
9770,1.386981953,1.372351885,1.440930623,1,3.109518936
9771,1.693593905,1.096977853,1.063832546,0,3.109200696
9772,1.541391158,1.492547745,1.274407038,0,3.108882521
9773,0.734600163,0.4891542814,1.860204989,1,3.108973703
9774,0.1561588103,0.8274057494,1.993894287,1,3.109064866
9775,1.41607183,1.179777068,1.41235285,1,3.10915601
9776,0.3791471502,0.878494815,1.963733036,1,3.109247136
9777,1.52350755,1.337079455,1.295733285,0,3.108929119
9778,1.895821825,1.940929017,0.6370711182,0,3.108611168
9779,1.651674267,1.147897197,1.127817413,0,3.108293282
9780,1.926428926,0.145126299,0.5374677589,1,3.108384458
9781,1.747624364,0.4898184724,0.9725271628,1,3.108475616
9782,1.4864292,1.379080735,1.338106211,0,3.108157841
9783,1.967010517,1.460177734,0.3617590707,0,3.107840131
9784,0.9115337311,0.9874848438,1.780198376,1,3.107931316
9785,1.265502315,1.006459249,1.548710396,1,3.108022483
9786,1.353604756,1.257471115,1.472329502,1,3.108113632
9787,1.804909193,0.7770937097,0.8615699658,1,3.108204761
9788,0.3704038204,1.329301517,1.965400979,1,3.108295872
9789,0.01083249566,1.093825078,1.999970664,1,3.108386965
9790,1.660994904,1.484676634,1.114044851,0,3.108069459
9791,1.466776309,1.363935259,1.359620263,0,3.107752017
9792,0.4178429304,0.5309232646,1.955864843,1,3.107843137
9793,0.6929738673,1.255978926,1.876109597,1,3.107934239
9794,1.181157443,1.967998526,1.613960066,0,3.107616908
9795,0.6191158404,1.498201629,1.901761177,1,3.107708014
9796,0.4080457289,1.270240245,1.957932247,1,3.107799102
9797,0.6855865605,0.6277034564,1.878821723,1,3.10789017
9798,1.200165837,1.748896118,1.599875609,0,3.107572974
9799,1.047128265,1.238931463,1.703972534,1,3.107664047
9800,0.1647475449,1.186400853,1.993203012,1,3.107755102
9801,0.6705293512,1.581446665,1.884247964,1,3.107846138
9802,1.761456877,1.689393086,0.9472431948,0,3.107529076
9803,0.166187276,0.7288030742,1.993083488,1,3.107620116
9804,1.716486207,0.7505788199,1.026486775,1,3.107711138
9805,1.055381069,0.7237972785,1.698873391,1,3.107802142
9806,1.899233067,0.9306077463,0.6268283324,0,3.107485213
9807,0.9017302554,0.7665334624,1.785184177,1,3.107576221
9808,0.3156641939,0.8546197497,1.974931927,1,3.10766721
9809,0.2642174489,1.292340134,1.982470464,1,3.107758181
9810,1.630560764,0.3061567163,1.158132805,1,3.107849134
9811,0.5114686339,1.156193845,1.933494204,1,3.107940067
9812,1.876751004,0.1263647021,0.6912348859,1,3.108030982
9813,0.05313462018,0.4388978433,1.999294053,1,3.108121879
9814,0.7910793956,0.6901953822,1.836897762,1,3.108212757
9815,1.373735973,0.195565627,1.453564404,1,3.108303617
9816,0.8781751957,1.916151491,1.796888512,0,3.10798696
9817,0.8587859,1.121715288,1.806235527,1,3.108077824
9818,1.763533677,0.7053317479,0.943371067,1,3.10816867
9819,0.5247277581,1.945165316,1.929938025,0,3.107852123
9820,0.7805218433,1.075612754,1.841408605,1,3.107942974
9821,1.329284833,1.62132544,1.494323202,0,3.107626515
9822,1.812951488,1.273701506,0.8445157793,0,3.10731012
9823,0.6994110379,1.143922122,1.873719349,1,3.107400998
9824,1.5372315,0.9637191129,1.279421476,1,3.107491857
9825,1.084013375,0.7065984076,1.680748346,1,3.107582697
9826,0.439120787,1.16582083,1.95119782,1,3.107673519
9827,0.1172945691,1.030747729,1.996557533,1,3.107764323
9828,0.9097507209,0.664755838,1.781110223,1,3.107855108
9829,1.636424109,1.957245672,1.14983309,0,3.107538915
9830,0.03563885994,1.667211179,1.999682443,1,3.107629705
9831,1.455195442,1.446341566,1.372008099,0,3.1073136
9832,1.469192104,0.2397653031,1.357009418,1,3.107404394
9833,0.705398368,1.679070774,1.871473522,1,3.107495169
9834,0.4694955489,0.2403873147,1.944112633,1,3.107585926
9835,0.4607637897,0.2786279455,1.946200588,1,3.107676665
9836,0.9890850272,0.708031624,1.73830688,1,3.107767385
9837,0.8500359339,1.350661153,1.810369827,1,3.107858087
9838,1.126997846,0.763254622,1.652233596,1,3.10794877
9839,1.681790351,1.879022741,1.082396052,0,3.10763289
9840,1.521767464,1.926803128,1.297776477,0,3.107317073
9841,0.9164853816,1.071446847,1.777654225,1,3.107407784
9842,0.3851003399,0.7812499642,1.962574261,1,3.107498476
9843,1.640086176,0.2463403464,1.144603571,1,3.10758915
9844,1.115302791,1.826595353,1.6601505,0,3.107273466
9845,0.3522784462,0.8604696377,1.968730529,1,3.107364144
9846,1.9795223,0.8439855905,0.2854671009,0,3.107048548
9847,0.7095218463,1.649934605,1.869914102,1,3.10713923
9848,0.4704095958,0.4277610982,1.943891667,1,3.107229894
9849,1.488028002,0.09950617671,1.336328053,1,3.10732054
9850,0.1300265162,1.941652811,1.995768801,1,3.107411168
9851,0.08916375448,1.195564308,1.998011468,1,3.107501776
9852,0.3679805871,0.2214889156,1.965856121,1,3.107592367
9853,1.143295992,0.2480068846,1.640997951,1,3.107682939
9854,0.6147497215,0.9819469072,1.903177023,1,3.107773493
9855,0.208969171,1.102651157,1.989053012,1,3.107864028
9856,1.109853073,1.96929647,1.663798712,0,3.107548701
9857,1.463882023,1.979399703,1.362736007,0,3.107233438
9858,1.362200953,0.9945125097,1.464379925,1,3.107324001
9859,0.597696378,0.8009457067,1.908601331,1,3.107414545
9860,0.02111630377,1.498448289,1.999888522,1,3.107505071
9861,1.360648975,1.808842367,1.465822079,0,3.10718994
9862,0.3598562106,1.503865096,1.967359527,1,3.10728047
9863,1.963747732,0.7131568863,0.3790710304,0,3.106965426
9864,1.946390035,0.9710768961,0.4599628572,0,3.106650446
9865,1.050653878,1.537830081,1.701800937,1,3.106741004
9866,1.378900032,0.7913133261,1.448666526,1,3.106831543
9867,1.660943497,1.958469354,1.114121492,0,3.106516672
9868,0.733029863,1.16423859,1.860824339,1,3.106607215
9869,0.7819955002,1.249838589,1.840783267,1,3.10669774
9870,0.1885261618,1.368958429,1.991094645,1,3.106788247
9871,0.03379160866,1.067953773,1.999714511,1,3.106878736
9872,0.1687059892,0.1648264755,1.99287187,1,3.106969206
9873,1.412368986,1.945951326,1.416055736,0,3.106654512
9874,0.1302042642,0.5901780501,1.995757212,1,3.106744987
9875,0.1510902072,0.626716882,1.994284771,1,3.106835443
9876,1.913794692,0.4057435004,0.580852715,1,3.106925881
9877,0.09405833723,1.677969954,1.997787033,1,3.1070163
9878,1.79578389,0.3167271201,0.880431837,1,3.107106702
9879,0.9943168794,1.756555602,1.735319551,0,3.106792185
9880,1.172090085,1.143409818,1.620556951,1,3.106882591
9881,0.9672443412,0.2479491961,1.750553737,1,3.106972978
9882,0.8781572536,0.4300532867,1.796897281,1,3.107063348
9883,0.1981363751,0.7154474402,1.990161294,1,3.107153698
9884,1.549539395,1.98759441,1.264487115,0,3.106839336
9885,0.4847129322,0.5419933764,1.940374545,1,3.106929691
9886,1.418706204,1.164948895,1.409706603,1,3.107020028
9887,0.3694477229,0.241748644,1.965580927,1,3.107110347
9888,1.343097922,1.499869888,1.481920366,0,3.106796117
9889,1.032741638,1.740265145,1.712730192,0,3.10648195
9890,1.631052321,0.05659815785,1.157440421,1,3.106572295
9891,0.9386689555,0.4267638557,1.766040937,1,3.106662623
9892,0.1643908009,1.914048278,1.993232466,1,3.106752932
9893,1.331390621,1.296721346,1.492447324,1,3.106843222
9894,0.6413075829,1.317301322,1.894392933,1,3.106933495
9895,0.54157025,0.6330103114,1.925279633,1,3.107023749
9896,0.507539293,1.820288078,1.934529366,1,3.107113985
9897,1.936654709,1.633602876,0.4993681395,0,3.10680004
9898,0.5619218062,0.5726448944,1.919438429,1,3.106890281
9899,0.8083821023,0.256577441,1.829349167,1,3.106980503
9900,1.45692696,0.3824785752,1.370169272,1,3.107070707
9901,1.722370646,0.6623471094,1.016582195,1,3.107160893
9902,0.4189035302,0.1885146181,1.95563796,1,3.10725106
9903,1.117451292,1.513047056,1.658705101,1,3.10734121
9904,0.5058451771,0.08812290552,1.934973038,1,3.107431341
9905,1.710470043,1.162825403,1.036480696,0,3.107117617
9906,1.070826643,1.331155436,1.689180364,1,3.107207753
9907,0.8477371615,1.125184673,1.811447406,1,3.10729787
9908,0.2994968748,1.070745085,1.97744826,1,3.107387969
9909,0.5036065756,0.8383982093,1.935556875,1,3.10747805
9910,1.385567353,0.9657456804,1.442290924,1,3.107568113
9911,0.5137692645,1.897215339,1.932884151,1,3.107658158
9912,0.6109280648,0.3917968682,1.904407231,1,3.107748184
9913,1.143557007,0.7262500351,1.640816069,1,3.107838192
9914,0.9626710752,1.798531667,1.753072845,0,3.107524713
9915,1.795732517,1.316846907,0.8805366129,0,3.107211296
9916,0.5438123008,0.03874535385,1.924647547,1,3.107301331
9917,0.5340276367,0.6851955281,1.927385401,1,3.107391348
9918,1.172574084,0.5042397554,1.620206782,1,3.107481347
9919,1.934113212,1.630432768,0.5091228559,0,3.107168061
9920,0.2171754773,1.524475171,1.988173738,1,3.107258065
9921,0.7789156362,0.6531342161,1.842088606,1,3.10734805
9922,1.620092895,0.1012228046,1.172731432,1,3.107438017
9923,1.813798727,0.9433155582,0.8426945939,0,3.107124861
9924,1.623479845,1.276939004,1.168038181,0,3.106811769
9925,1.106407205,0.2880641452,1.666092163,1,3.106901763
9926,1.807795234,0.992501259,0.8554977448,0,3.106588757
9927,0.1224556009,1.573614026,1.996247636,1,3.106678755
9928,0.799315714,1.872156696,1.833328773,0,3.106365834
9929,1.131655186,1.98714788,1.649047161,0,3.106052976
9930,0.526014587,1.041200493,1.92958769,1,3.106143001
9931,1.52183059,0.8196930704,1.297702452,1,3.106233008
9932,0.8182231214,0.4893288798,1.824968746,1,3.106322996
9933,1.216592566,1.733587708,1.587420086,0,3.106010269
9934,0.537593546,1.527770369,1.926393828,1,3.106100262
9935,0.6247322469,1.296925938,1.899923583,1,3.106190237
9936,1.584250029,0.762568364,1.220717759,1,3.106280193
9937,0.4364142205,1.644556628,1.951804967,1,3.106370132
9938,0.742088025,1.023722224,1.857230563,1,3.106460052
9939,1.45264212,1.336798098,1.374711196,1,3.106549955
9940,1.888903564,0.8080797092,0.6573000275,0,3.106237425
9941,0.01651924662,1.701934758,1.999931777,1,3.106327331
9942,0.7211456306,0.5544881747,1.865462136,1,3.10641722
9943,1.611447874,1.732668316,1.184582521,0,3.106104797
9944,1.159874157,1.459847519,1.62932254,1,3.10619469
9945,1.964007439,0.8432459731,0.37772315,0,3.105882353
9946,1.062434963,1.212643157,1.694470994,1,3.10597225
9947,1.631774758,1.733333447,1.156421696,0,3.105659998
9948,1.683977364,1.821915641,1.078990379,0,3.105347809
9949,0.942368939,0.2693190188,1.764069382,1,3.105437732
9950,1.159540039,0.4709285454,1.629560339,1,3.105527638
9951,1.558184792,1.554683997,1.25381823,0,3.105215556
9952,0.8851286178,0.1988523011,1.793473538,1,3.105305466
9953,0.9177557429,0.7420207716,1.776998705,1,3.105395358
9954,0.7697606575,0.6964535768,1.84593297,1,3.105485232
9955,1.665132221,0.6772088701,1.107851382,1,3.105575088
9956,1.216465029,0.2927282966,1.587517822,1,3.105664926
9957,0.4570696369,1.224326214,1.94707148,1,3.105754745
9958,0.9769503115,1.889003403,1.745155606,0,3.10544286
9959,1.578206778,1.743451529,1.228520804,0,3.105131037
9960,1.898947436,0.9171933902,0.6276931047,0,3.104819277
9961,0.5472218576,1.20906774,1.923680909,1,3.104909146
9962,0.6649221779,0.5891886569,1.886233946,1,3.104998996
9963,0.2135905804,1.558659679,1.988562059,1,3.105088829
9964,0.2247171977,0.2779589975,1.987335448,1,3.105178643
9965,1.986791621,1.184481737,0.2294756121,0,3.104867035
9966,0.1128118551,1.045693472,1.996815837,1,3.104956853
9967,1.033634274,0.1464596357,1.712191633,1,3.105046654
9968,1.014587999,1.5056673,1.72354611,1,3.105136437
9969,1.555717421,1.34932507,1.256878398,0,3.104824957
9970,0.9645481548,0.8610808363,1.752040769,1,3.104914744
9971,1.33130927,0.6430413773,1.492519892,1,3.105004513
9972,1.073584318,1.358002051,1.687429024,1,3.105094264
9973,1.404489685,1.399025179,1.423871035,1,3.105183997
9974,0.8837843314,0.8900542815,1.794136354,1,3.105273712
9975,0.3932181233,1.362133935,1.960963923,1,3.105363409
9976,1.822551223,1.346659746,0.8235939781,0,3.105052125
9977,0.6227355938,1.668124585,1.900578959,1,3.105141826
9978,0.8989749369,0.6829190221,1.786573274,1,3.105231509
9979,0.800493207,1.910856963,1.832814946,0,3.104920333
9980,1.347981759,1.130430706,1.477479332,1,3.10501002
9981,1.322674481,1.916718336,1.500177396,0,3.104698928
9982,0.7802327464,1.412006119,1.841531119,1,3.10478862
9983,0.04146737087,1.122774199,1.999570068,1,3.104878293
9984,0.9817069413,1.703845289,1.742484284,1,3.104967949
9985,0.803811735,1.143460509,1.831361978,1,3.105057586
9986,1.650147679,0.2276976765,1.130049838,1,3.105147206
9987,1.588693232,1.205110399,1.214929552,1,3.105236808
9988,1.843411484,1.888569168,0.7757796724,0,3.104925911
9989,0.5642047964,1.685729758,1.918768602,1,3.105015517
9990,1.784141509,0.2932620823,0.9037914996,1,3.105105105
9991,1.727277549,0.5182416826,1.00822233,1,3.105194675
9992,1.795231587,0.8444646028,0.8815574564,1,3.105284227
9993,1.852496497,0.9347814634,0.7538280488,0,3.104973481
9994,1.898550395,0.1672883421,0.6288929938,1,3.105063038
9995,0.7155104659,0.5015400054,1.867630791,1,3.105152576
9996,1.008375449,0.3114348011,1.727188164,1,3.105242097
9997,1.12236856,1.302828212,1.655381773,1,3.105331599
9998,1.712567426,1.502553685,1.033011525,0,3.105021004
9999,1.747377253,1.156267484,0.9729710863,0,3.104710471
10000,0.7239794708,1.886936408,1.864364161,0,3.1044
